ID,Pred,Team1ID,Team2ID,Team1Name,Team2Name,Team1ELO,Team2ELO,Team1Seed,Team2Seed
2023_3268_3376,0.6619445199331659,3376,3268,South Carolina,Maryland,2043.8496755017884,1859.4262219904858,1,2
2023_3323_3376,0.6950910930727983,3376,3323,South Carolina,Notre Dame,2043.8496755017884,1834.2364236562826,1,3
2023_3376_3417,0.7401221321796543,3376,3417,South Carolina,UCLA,2043.8496755017884,1759.3938164623714,1,4
2023_3328_3376,0.7716022268905596,3376,3328,South Carolina,Oklahoma,2043.8496755017884,1788.1489233205414,1,5
2023_3166_3376,0.7972417521740656,3376,3166,South Carolina,Creighton,2043.8496755017884,1778.7639577166096,1,6
2023_3112_3376,0.8351819852413841,3376,3112,South Carolina,Arizona,2043.8496755017884,1729.2507374325417,1,7
2023_3376_3378,0.8717853610929576,3376,3378,South Carolina,South Florida,2043.8496755017884,1783.1587423934077,1,8
2023_3266_3376,0.893168296557918,3376,3266,South Carolina,Marquette,2043.8496755017884,1719.3910434388056,1,9
2023_3376_3452,0.9244039400232433,3376,3452,South Carolina,West Virginia,2043.8496755017884,1665.0724564337702,1,10
2023_3228_3376,0.9437865225632894,3376,3228,South Carolina,Illinois,2043.8496755017884,1603.7412667052643,1,11
2023_3280_3376,0.944759210761379,3376,3280,South Carolina,Mississippi St,2043.8496755017884,1648.6825811607623,1,11
2023_3339_3376,0.9683606853323681,3376,3339,South Carolina,Portland,2043.8496755017884,1697.49527781994,1,12
2023_3170_3376,0.9752632629871368,3376,3170,South Carolina,CS Sacramento,2043.8496755017884,1613.0365458577303,1,13
2023_3376_3381,0.9765466701984405,3376,3381,South Carolina,Southern Utah,2043.8496755017884,1639.701958180419,1,14
2023_3221_3376,0.9762957346439362,3376,3221,South Carolina,Holy Cross,2043.8496755017884,1629.2629259481291,1,15
2023_3313_3376,0.9690569889545441,3376,3313,South Carolina,Norfolk St,2043.8496755017884,1602.2116912546117,1,16
2023_3376_3390,0.6059401392936707,3376,3390,South Carolina,Stanford,2043.8496755017884,1908.977300569646,1,1
2023_3234_3376,0.6569996589979548,3376,3234,South Carolina,Iowa,2043.8496755017884,1870.0390816644287,1,2
2023_3181_3376,0.6890152042006517,3376,3181,South Carolina,Duke,2043.8496755017884,1790.301488742785,1,3
2023_3376_3400,0.7242500411247379,3376,3400,South Carolina,Texas,2043.8496755017884,1815.9967388701339,1,4
2023_3257_3376,0.7695819572582201,3376,3257,South Carolina,Louisville,2043.8496755017884,1802.6606489162655,1,5
2023_3160_3376,0.8014195013310175,3376,3160,South Carolina,Colorado,2043.8496755017884,1747.8027385138969,1,6
2023_3199_3376,0.8360766807617851,3376,3199,South Carolina,Florida St,2043.8496755017884,1699.7348268401822,1,7
2023_3279_3376,0.8637140279230204,3376,3279,South Carolina,Mississippi,2043.8496755017884,1748.6337804634163,1,8
2023_3211_3376,0.8950223586383013,3376,3211,South Carolina,Gonzaga,2043.8496755017884,1827.899035685442,1,9
2023_3208_3376,0.923236791671574,3376,3208,South Carolina,Georgia,2043.8496755017884,1712.8913313664273,1,10
2023_3292_3376,0.9455932585557211,3376,3292,South Carolina,MTSU,2043.8496755017884,1777.2829997325239,1,11
2023_3179_3376,0.9675619830923778,3376,3179,South Carolina,Drake,2043.8496755017884,1697.4695442261514,1,12
2023_3187_3376,0.9757957112789154,3376,3187,South Carolina,East Carolina,2043.8496755017884,1632.975233621385,1,13
2023_3233_3376,0.9715797853469849,3376,3233,South Carolina,Iona,2043.8496755017884,1615.6976357645276,1,14
2023_3368_3376,0.9732062768936157,3376,3368,South Carolina,SE Louisiana,2043.8496755017884,1553.8846780379956,1,15
2023_3357_3376,0.9770451438426971,3376,3357,South Carolina,Sacred Heart,2043.8496755017884,1449.4167263331549,1,16
2023_3376_3380,0.9727935743331909,3376,3380,South Carolina,Southern Univ,2043.8496755017884,1517.4087938006023,1,16
2023_3231_3376,0.6084173679351808,3376,3231,South Carolina,Indiana,2043.8496755017884,1868.6504754692617,1,1
2023_3376_3428,0.6523407811483759,3376,3428,South Carolina,Utah,2043.8496755017884,1800.7318318752298,1,2
2023_3261_3376,0.6910690312479997,3376,3261,South Carolina,LSU,2043.8496755017884,1864.3183903367678,1,3
2023_3376_3437,0.726582221863187,3376,3437,South Carolina,Villanova,2043.8496755017884,1841.7034566384116,1,4
2023_3376_3450,0.7780203656330065,3376,3450,South Carolina,Washington St,2043.8496755017884,1765.8827084988868,1,5
2023_3276_3376,0.8011843908097009,3376,3276,South Carolina,Michigan,2043.8496755017884,1743.5697265353447,1,6
2023_3301_3376,0.8362983504357048,3376,3301,South Carolina,NC State,2043.8496755017884,1769.9034812206935,1,7
2023_3329_3376,0.854196119826707,3376,3329,South Carolina,Oklahoma St,2043.8496755017884,1661.836187921656,1,8
2023_3274_3376,0.8951249084296373,3376,3274,South Carolina,Miami FL,2043.8496755017884,1681.351650097899,1,9
2023_3343_3376,0.9258049471986889,3376,3343,South Carolina,Princeton,2043.8496755017884,1816.719582514641,1,10
2023_3376_3424,0.9477797059376943,3376,3424,South Carolina,UNLV,2043.8496755017884,1781.5098532864504,1,11
2023_3195_3376,0.9594970574217541,3376,3195,South Carolina,FL Gulf Coast,2043.8496755017884,1836.5510410618815,1,12
2023_3156_3376,0.9725747954845428,3376,3156,South Carolina,Cleveland St,2043.8496755017884,1736.7326765943915,1,13
2023_3218_3376,0.9767342162132263,3376,3218,South Carolina,Hawaii,2043.8496755017884,1578.9600184597623,1,14
2023_3205_3376,0.9696637046337128,3376,3205,South Carolina,Gardner Webb,2043.8496755017884,1677.3755202435086,1,15
2023_3284_3376,0.9763742339611053,3376,3284,South Carolina,Monmouth NJ,2043.8496755017884,1515.4270054614776,1,16
2023_3376_3399,0.976157511472702,3376,3399,South Carolina,Tennessee Tech,2043.8496755017884,1601.1950436554923,1,16
2023_3376_3439,0.6242976546287538,3376,3439,South Carolina,Virginia Tech,2043.8496755017884,1877.0771224285086,1,1
2023_3163_3376,0.6565335208734888,3376,3163,South Carolina,Connecticut,2043.8496755017884,1926.504762305338,1,2
2023_3326_3376,0.6969386284445787,3376,3326,South Carolina,Ohio St,2043.8496755017884,1808.8412260077441,1,3
2023_3376_3397,0.7305280791496402,3376,3397,South Carolina,Tennessee,2043.8496755017884,1787.1506340535723,1,4
2023_3235_3376,0.7769546643867449,3376,3235,South Carolina,Iowa St,2043.8496755017884,1792.7485871099263,1,5
2023_3314_3376,0.7989713001515131,3376,3314,South Carolina,North Carolina,2043.8496755017884,1745.964248895116,1,6
2023_3124_3376,0.8379349449696251,3376,3124,South Carolina,Baylor,2043.8496755017884,1709.7290295199857,1,7
2023_3376_3425,0.8659226780351725,3376,3425,South Carolina,USC,2043.8496755017884,1666.4430616873983,1,8
2023_3355_3376,0.8925814590277819,3376,3355,South Carolina,S Dakota St,2043.8496755017884,1782.9702056641402,1,9
2023_3104_3376,0.9199670596731304,3376,3104,South Carolina,Alabama,2043.8496755017884,1663.8092371165892,1,10
2023_3345_3376,0.9419369010289419,3376,3345,South Carolina,Purdue,2043.8496755017884,1629.805418842588,1,11
2023_3376_3385,0.9441600946744192,3376,3385,South Carolina,St John's,2043.8496755017884,1645.2328828958891,1,11
2023_3376_3405,0.9678944279986126,3376,3405,South Carolina,Toledo,2043.8496755017884,1813.7407826360668,1,12
2023_3376_3387,0.9743230891227722,3376,3387,South Carolina,St Louis,2043.8496755017884,1605.9385038294836,1,13
2023_3241_3376,0.9749172580242157,3376,3241,South Carolina,James Madison,2043.8496755017884,1678.2498124691901,1,14
2023_3376_3436,0.9744181883335113,3376,3436,South Carolina,Vermont,2043.8496755017884,1639.2393495950207,1,15
2023_3151_3376,0.9741634976863861,3376,3151,South Carolina,Chattanooga,2043.8496755017884,1510.9961838972956,1,16
2023_3268_3323,0.5233531261047739,3268,3323,Maryland,Notre Dame,1859.4262219904858,1834.2364236562826,2,3
2023_3268_3417,0.617164397725966,3268,3417,Maryland,UCLA,1859.4262219904858,1759.3938164623714,2,4
2023_3268_3328,0.6780612246965534,3268,3328,Maryland,Oklahoma,1859.4262219904858,1788.1489233205414,2,5
2023_3166_3268,0.6560280309095339,3268,3166,Maryland,Creighton,1859.4262219904858,1778.7639577166096,2,6
2023_3112_3268,0.7186918753649454,3268,3112,Maryland,Arizona,1859.4262219904858,1729.2507374325417,2,7
2023_3268_3378,0.8003576884092994,3268,3378,Maryland,South Florida,1859.4262219904858,1783.1587423934077,2,8
2023_3266_3268,0.8260099624809352,3268,3266,Maryland,Marquette,1859.4262219904858,1719.3910434388056,2,9
2023_3268_3452,0.8837689719023851,3268,3452,Maryland,West Virginia,1859.4262219904858,1665.0724564337702,2,10
2023_3228_3268,0.900852803767979,3268,3228,Maryland,Illinois,1859.4262219904858,1603.7412667052643,2,11
2023_3268_3280,0.8869450433862804,3268,3280,Maryland,Mississippi St,1859.4262219904858,1648.6825811607623,2,11
2023_3268_3339,0.9423139898141134,3268,3339,Maryland,Portland,1859.4262219904858,1697.49527781994,2,12
2023_3170_3268,0.9628473450976116,3268,3170,Maryland,CS Sacramento,1859.4262219904858,1613.0365458577303,2,13
2023_3268_3381,0.9708665263652801,3268,3381,Maryland,Southern Utah,1859.4262219904858,1639.701958180419,2,14
2023_3221_3268,0.9715585362911224,3268,3221,Maryland,Holy Cross,1859.4262219904858,1629.2629259481291,2,15
2023_3268_3313,0.9556351256370544,3268,3313,Maryland,Norfolk St,1859.4262219904858,1602.2116912546117,2,16
2023_3268_3390,0.37171182462960317,3268,3390,Maryland,Stanford,1859.4262219904858,1908.977300569646,2,1
2023_3234_3268,0.4680718541145325,3268,3234,Maryland,Iowa,1859.4262219904858,1870.0390816644287,2,2
2023_3181_3268,0.5033157805165667,3268,3181,Maryland,Duke,1859.4262219904858,1790.301488742785,2,3
2023_3268_3400,0.492803493628409,3268,3400,Maryland,Texas,1859.4262219904858,1815.9967388701339,2,4
2023_3257_3268,0.5978120045637256,3268,3257,Maryland,Louisville,1859.4262219904858,1802.6606489162655,2,5
2023_3160_3268,0.7108734683170275,3268,3160,Maryland,Colorado,1859.4262219904858,1747.8027385138969,2,6
2023_3199_3268,0.7334365594650964,3268,3199,Maryland,Florida St,1859.4262219904858,1699.7348268401822,2,7
2023_3268_3279,0.7351870575966545,3268,3279,Maryland,Mississippi,1859.4262219904858,1748.6337804634163,2,8
2023_3211_3268,0.7708428090032664,3268,3211,Maryland,Gonzaga,1859.4262219904858,1827.899035685442,2,9
2023_3208_3268,0.8602224699082521,3268,3208,Maryland,Georgia,1859.4262219904858,1712.8913313664273,2,10
2023_3268_3292,0.8833992375743984,3268,3292,Maryland,MTSU,1859.4262219904858,1777.2829997325239,2,11
2023_3179_3268,0.935969611819576,3268,3179,Maryland,Drake,1859.4262219904858,1697.4695442261514,2,12
2023_3187_3268,0.95184751652057,3268,3187,Maryland,East Carolina,1859.4262219904858,1632.975233621385,2,13
2023_3233_3268,0.9610199582576752,3268,3233,Maryland,Iona,1859.4262219904858,1615.6976357645276,2,14
2023_3268_3368,0.9664831709861755,3268,3368,Maryland,SE Louisiana,1859.4262219904858,1553.8846780379956,2,15
2023_3268_3357,0.9736499440670013,3268,3357,Maryland,Sacred Heart,1859.4262219904858,1449.4167263331549,2,16
2023_3268_3380,0.9688098680973053,3268,3380,Maryland,Southern Univ,1859.4262219904858,1517.4087938006023,2,16
2023_3231_3268,0.3940219810047729,3268,3231,Maryland,Indiana,1859.4262219904858,1868.6504754692617,2,1
2023_3268_3428,0.4766665011644364,3268,3428,Maryland,Utah,1859.4262219904858,1800.7318318752298,2,2
2023_3261_3268,0.47324104255050603,3268,3261,Maryland,LSU,1859.4262219904858,1864.3183903367678,2,3
2023_3268_3437,0.537791134903338,3268,3437,Maryland,Villanova,1859.4262219904858,1841.7034566384116,2,4
2023_3268_3450,0.6712949352239734,3268,3450,Maryland,Washington St,1859.4262219904858,1765.8827084988868,2,5
2023_3268_3276,0.7151695922985033,3268,3276,Maryland,Michigan,1859.4262219904858,1743.5697265353447,2,6
2023_3268_3301,0.7008831399943094,3268,3301,Maryland,NC State,1859.4262219904858,1769.9034812206935,2,7
2023_3268_3329,0.7823928037705131,3268,3329,Maryland,Oklahoma St,1859.4262219904858,1661.836187921656,2,8
2023_3268_3274,0.8447485750135508,3268,3274,Maryland,Miami FL,1859.4262219904858,1681.351650097899,2,9
2023_3268_3343,0.8146902135434297,3268,3343,Maryland,Princeton,1859.4262219904858,1816.719582514641,2,10
2023_3268_3424,0.9085068150175213,3268,3424,Maryland,UNLV,1859.4262219904858,1781.5098532864504,2,11
2023_3195_3268,0.8945296762545812,3268,3195,Maryland,FL Gulf Coast,1859.4262219904858,1836.5510410618815,2,12
2023_3156_3268,0.9343458642798168,3268,3156,Maryland,Cleveland St,1859.4262219904858,1736.7326765943915,2,13
2023_3218_3268,0.9730926704406738,3268,3218,Maryland,Hawaii,1859.4262219904858,1578.9600184597623,2,14
2023_3205_3268,0.9546139490604401,3268,3205,Maryland,Gardner Webb,1859.4262219904858,1677.3755202435086,2,15
2023_3268_3284,0.9721531522274017,3268,3284,Maryland,Monmouth NJ,1859.4262219904858,1515.4270054614776,2,16
2023_3268_3399,0.9708169054985046,3268,3399,Maryland,Tennessee Tech,1859.4262219904858,1601.1950436554923,2,16
2023_3268_3439,0.4503850495257957,3268,3439,Maryland,Virginia Tech,1859.4262219904858,1877.0771224285086,2,1
2023_3163_3268,0.45369892418384555,3268,3163,Maryland,Connecticut,1859.4262219904858,1926.504762305338,2,2
2023_3268_3326,0.5290182942709345,3268,3326,Maryland,Ohio St,1859.4262219904858,1808.8412260077441,2,3
2023_3268_3397,0.5972064082716966,3268,3397,Maryland,Tennessee,1859.4262219904858,1787.1506340535723,2,4
2023_3235_3268,0.6171578841184742,3268,3235,Maryland,Iowa St,1859.4262219904858,1792.7485871099263,2,5
2023_3268_3314,0.6641368404998735,3268,3314,Maryland,North Carolina,1859.4262219904858,1745.964248895116,2,6
2023_3124_3268,0.7481263476874094,3268,3124,Maryland,Baylor,1859.4262219904858,1709.7290295199857,2,7
2023_3268_3425,0.7903870085301109,3268,3425,Maryland,USC,1859.4262219904858,1666.4430616873983,2,8
2023_3268_3355,0.7957614397224513,3268,3355,Maryland,S Dakota St,1859.4262219904858,1782.9702056641402,2,9
2023_3104_3268,0.8405346087041048,3268,3104,Maryland,Alabama,1859.4262219904858,1663.8092371165892,2,10
2023_3268_3345,0.9030394299638866,3268,3345,Maryland,Purdue,1859.4262219904858,1629.805418842588,2,11
2023_3268_3385,0.9047763391149639,3268,3385,Maryland,St John's,1859.4262219904858,1645.2328828958891,2,11
2023_3268_3405,0.922017386372875,3268,3405,Maryland,Toledo,1859.4262219904858,1813.7407826360668,2,12
2023_3268_3387,0.9609613349276287,3268,3387,Maryland,St Louis,1859.4262219904858,1605.9385038294836,2,13
2023_3241_3268,0.9637220752239227,3268,3241,Maryland,James Madison,1859.4262219904858,1678.2498124691901,2,14
2023_3268_3436,0.9636425924301147,3268,3436,Maryland,Vermont,1859.4262219904858,1639.2393495950207,2,15
2023_3151_3268,0.9729528975486755,3268,3151,Maryland,Chattanooga,1859.4262219904858,1510.9961838972956,2,16
2023_3323_3417,0.6054377967676539,3323,3417,Notre Dame,UCLA,1834.2364236562826,1759.3938164623714,3,4
2023_3323_3328,0.6165028308724427,3323,3328,Notre Dame,Oklahoma,1834.2364236562826,1788.1489233205414,3,5
2023_3166_3323,0.6266343371843464,3323,3166,Notre Dame,Creighton,1834.2364236562826,1778.7639577166096,3,6
2023_3112_3323,0.726226388014789,3323,3112,Notre Dame,Arizona,1834.2364236562826,1729.2507374325417,3,7
2023_3323_3378,0.7561738539005975,3323,3378,Notre Dame,South Florida,1834.2364236562826,1783.1587423934077,3,8
2023_3266_3323,0.785914231282682,3323,3266,Notre Dame,Marquette,1834.2364236562826,1719.3910434388056,3,9
2023_3323_3452,0.8483949785646525,3323,3452,Notre Dame,West Virginia,1834.2364236562826,1665.0724564337702,3,10
2023_3228_3323,0.8803807160678057,3323,3228,Notre Dame,Illinois,1834.2364236562826,1603.7412667052643,3,11
2023_3280_3323,0.8560523352446703,3323,3280,Notre Dame,Mississippi St,1834.2364236562826,1648.6825811607623,3,11
2023_3323_3339,0.9218509240759014,3323,3339,Notre Dame,Portland,1834.2364236562826,1697.49527781994,3,12
2023_3170_3323,0.9466244785149801,3323,3170,Notre Dame,CS Sacramento,1834.2364236562826,1613.0365458577303,3,13
2023_3323_3381,0.9656687905626995,3323,3381,Notre Dame,Southern Utah,1834.2364236562826,1639.701958180419,3,14
2023_3221_3323,0.974877233505249,3323,3221,Notre Dame,Holy Cross,1834.2364236562826,1629.2629259481291,3,15
2023_3313_3323,0.9653900516033173,3323,3313,Notre Dame,Norfolk St,1834.2364236562826,1602.2116912546117,3,16
2023_3323_3390,0.31047683831105016,3323,3390,Notre Dame,Stanford,1834.2364236562826,1908.977300569646,3,1
2023_3234_3323,0.469954371992646,3323,3234,Notre Dame,Iowa,1834.2364236562826,1870.0390816644287,3,2
2023_3181_3323,0.43668558299541477,3323,3181,Notre Dame,Duke,1834.2364236562826,1790.301488742785,3,3
2023_3323_3400,0.463086452539863,3323,3400,Notre Dame,Texas,1834.2364236562826,1815.9967388701339,3,4
2023_3257_3323,0.5867009853219056,3323,3257,Notre Dame,Louisville,1834.2364236562826,1802.6606489162655,3,5
2023_3160_3323,0.6749256925558216,3323,3160,Notre Dame,Colorado,1834.2364236562826,1747.8027385138969,3,6
2023_3199_3323,0.699749349154468,3323,3199,Notre Dame,Florida St,1834.2364236562826,1699.7348268401822,3,7
2023_3279_3323,0.71763249221103,3323,3279,Notre Dame,Mississippi,1834.2364236562826,1748.6337804634163,3,8
2023_3211_3323,0.7613072136463829,3323,3211,Notre Dame,Gonzaga,1834.2364236562826,1827.899035685442,3,9
2023_3208_3323,0.8311674033817378,3323,3208,Notre Dame,Georgia,1834.2364236562826,1712.8913313664273,3,10
2023_3292_3323,0.833476912123218,3323,3292,Notre Dame,MTSU,1834.2364236562826,1777.2829997325239,3,11
2023_3179_3323,0.9102847023618816,3323,3179,Notre Dame,Drake,1834.2364236562826,1697.4695442261514,3,12
2023_3187_3323,0.9473791925271261,3323,3187,Notre Dame,East Carolina,1834.2364236562826,1632.975233621385,3,13
2023_3233_3323,0.959435247405122,3323,3233,Notre Dame,Iona,1834.2364236562826,1615.6976357645276,3,14
2023_3323_3368,0.968401129245758,3323,3368,Notre Dame,SE Louisiana,1834.2364236562826,1553.8846780379956,3,15
2023_3323_3357,0.9738907468318939,3323,3357,Notre Dame,Sacred Heart,1834.2364236562826,1449.4167263331549,3,16
2023_3323_3380,0.9693110835552216,3323,3380,Notre Dame,Southern Univ,1834.2364236562826,1517.4087938006023,3,16
2023_3231_3323,0.3707402373457887,3323,3231,Notre Dame,Indiana,1834.2364236562826,1868.6504754692617,3,1
2023_3323_3428,0.4618681823649986,3323,3428,Notre Dame,Utah,1834.2364236562826,1800.7318318752298,3,2
2023_3261_3323,0.4467085957527161,3323,3261,Notre Dame,LSU,1834.2364236562826,1864.3183903367678,3,3
2023_3323_3437,0.5156386310419458,3323,3437,Notre Dame,Villanova,1834.2364236562826,1841.7034566384116,3,4
2023_3323_3450,0.6398231481408143,3323,3450,Notre Dame,Washington St,1834.2364236562826,1765.8827084988868,3,5
2023_3276_3323,0.6948804484581119,3323,3276,Notre Dame,Michigan,1834.2364236562826,1743.5697265353447,3,6
2023_3301_3323,0.6595302210226015,3323,3301,Notre Dame,NC State,1834.2364236562826,1769.9034812206935,3,7
2023_3323_3329,0.7555206913019876,3323,3329,Notre Dame,Oklahoma St,1834.2364236562826,1661.836187921656,3,8
2023_3274_3323,0.8144939282955833,3323,3274,Notre Dame,Miami FL,1834.2364236562826,1681.351650097899,3,9
2023_3323_3343,0.8003294055875865,3323,3343,Notre Dame,Princeton,1834.2364236562826,1816.719582514641,3,10
2023_3323_3424,0.862669017058864,3323,3424,Notre Dame,UNLV,1834.2364236562826,1781.5098532864504,3,11
2023_3195_3323,0.8843905522239803,3323,3195,Notre Dame,FL Gulf Coast,1834.2364236562826,1836.5510410618815,3,12
2023_3156_3323,0.935101589377712,3323,3156,Notre Dame,Cleveland St,1834.2364236562826,1736.7326765943915,3,13
2023_3218_3323,0.9662122061091167,3323,3218,Notre Dame,Hawaii,1834.2364236562826,1578.9600184597623,3,14
2023_3205_3323,0.9656299304962158,3323,3205,Notre Dame,Gardner Webb,1834.2364236562826,1677.3755202435086,3,15
2023_3284_3323,0.9744631898403168,3323,3284,Notre Dame,Monmouth NJ,1834.2364236562826,1515.4270054614776,3,16
2023_3323_3399,0.9729858887195587,3323,3399,Notre Dame,Tennessee Tech,1834.2364236562826,1601.1950436554923,3,16
2023_3323_3439,0.42215469728956007,3323,3439,Notre Dame,Virginia Tech,1834.2364236562826,1877.0771224285086,3,1
2023_3163_3323,0.3888096144238098,3323,3163,Notre Dame,Connecticut,1834.2364236562826,1926.504762305338,3,2
2023_3323_3326,0.4928143680095673,3323,3326,Notre Dame,Ohio St,1834.2364236562826,1808.8412260077441,3,3
2023_3323_3397,0.5185111725887674,3323,3397,Notre Dame,Tennessee,1834.2364236562826,1787.1506340535723,3,4
2023_3235_3323,0.5878287499045396,3323,3235,Notre Dame,Iowa St,1834.2364236562826,1792.7485871099263,3,5
2023_3314_3323,0.6382346378540165,3323,3314,Notre Dame,North Carolina,1834.2364236562826,1745.964248895116,3,6
2023_3124_3323,0.7277491376771883,3323,3124,Notre Dame,Baylor,1834.2364236562826,1709.7290295199857,3,7
2023_3323_3425,0.7544001984860162,3323,3425,Notre Dame,USC,1834.2364236562826,1666.4430616873983,3,8
2023_3323_3355,0.785901237470121,3323,3355,Notre Dame,S Dakota St,1834.2364236562826,1782.9702056641402,3,9
2023_3104_3323,0.8244111423906413,3323,3104,Notre Dame,Alabama,1834.2364236562826,1663.8092371165892,3,10
2023_3323_3345,0.8718883058848528,3323,3345,Notre Dame,Purdue,1834.2364236562826,1629.805418842588,3,11
2023_3323_3385,0.8694286904158739,3323,3385,Notre Dame,St John's,1834.2364236562826,1645.2328828958891,3,11
2023_3323_3405,0.8989094241273998,3323,3405,Notre Dame,Toledo,1834.2364236562826,1813.7407826360668,3,12
2023_3323_3387,0.9409747032483328,3323,3387,Notre Dame,St Louis,1834.2364236562826,1605.9385038294836,3,13
2023_3241_3323,0.9638517727690441,3323,3241,Notre Dame,James Madison,1834.2364236562826,1678.2498124691901,3,14
2023_3323_3436,0.9715263497829437,3323,3436,Notre Dame,Vermont,1834.2364236562826,1639.2393495950207,3,15
2023_3151_3323,0.9723183166980743,3323,3151,Notre Dame,Chattanooga,1834.2364236562826,1510.9961838972956,3,16
2023_3328_3417,0.5276654774507898,3417,3328,UCLA,Oklahoma,1759.3938164623714,1788.1489233205414,4,5
2023_3166_3417,0.5693555121516252,3417,3166,UCLA,Creighton,1759.3938164623714,1778.7639577166096,4,6
2023_3112_3417,0.6128782557224399,3417,3112,UCLA,Arizona,1759.3938164623714,1729.2507374325417,4,7
2023_3378_3417,0.7034621522798494,3417,3378,UCLA,South Florida,1759.3938164623714,1783.1587423934077,4,8
2023_3266_3417,0.7152767527367334,3417,3266,UCLA,Marquette,1759.3938164623714,1719.3910434388056,4,9
2023_3417_3452,0.818195913177938,3417,3452,UCLA,West Virginia,1759.3938164623714,1665.0724564337702,4,10
2023_3228_3417,0.8396744614061442,3417,3228,UCLA,Illinois,1759.3938164623714,1603.7412667052643,4,11
2023_3280_3417,0.8332507943328944,3417,3280,UCLA,Mississippi St,1759.3938164623714,1648.6825811607623,4,11
2023_3339_3417,0.8884531817259935,3417,3339,UCLA,Portland,1759.3938164623714,1697.49527781994,4,12
2023_3170_3417,0.9258838339460491,3417,3170,UCLA,CS Sacramento,1759.3938164623714,1613.0365458577303,4,13
2023_3381_3417,0.9460897056420553,3417,3381,UCLA,Southern Utah,1759.3938164623714,1639.701958180419,4,14
2023_3221_3417,0.9634846677618725,3417,3221,UCLA,Holy Cross,1759.3938164623714,1629.2629259481291,4,15
2023_3313_3417,0.96670090675354,3417,3313,UCLA,Norfolk St,1759.3938164623714,1602.2116912546117,4,16
2023_3390_3417,0.27128200289853766,3417,3390,UCLA,Stanford,1759.3938164623714,1908.977300569646,4,1
2023_3234_3417,0.3493638361597993,3417,3234,UCLA,Iowa,1759.3938164623714,1870.0390816644287,4,2
2023_3181_3417,0.425125010851918,3417,3181,UCLA,Duke,1759.3938164623714,1790.301488742785,4,3
2023_3400_3417,0.41939060240983966,3417,3400,UCLA,Texas,1759.3938164623714,1815.9967388701339,4,4
2023_3257_3417,0.5179081374964136,3417,3257,UCLA,Louisville,1759.3938164623714,1802.6606489162655,4,5
2023_3160_3417,0.5857690219973588,3417,3160,UCLA,Colorado,1759.3938164623714,1747.8027385138969,4,6
2023_3199_3417,0.6011968480323917,3417,3199,UCLA,Florida St,1759.3938164623714,1699.7348268401822,4,7
2023_3279_3417,0.6402996913566545,3417,3279,UCLA,Mississippi,1759.3938164623714,1748.6337804634163,4,8
2023_3211_3417,0.725683217075036,3417,3211,UCLA,Gonzaga,1759.3938164623714,1827.899035685442,4,9
2023_3208_3417,0.7638927737297722,3417,3208,UCLA,Georgia,1759.3938164623714,1712.8913313664273,4,10
2023_3292_3417,0.8239968305048075,3417,3292,UCLA,MTSU,1759.3938164623714,1777.2829997325239,4,11
2023_3179_3417,0.8674488625350145,3417,3179,UCLA,Drake,1759.3938164623714,1697.4695442261514,4,12
2023_3187_3417,0.9206537945879101,3417,3187,UCLA,East Carolina,1759.3938164623714,1632.975233621385,4,13
2023_3233_3417,0.9438575414975393,3417,3233,UCLA,Iona,1759.3938164623714,1615.6976357645276,4,14
2023_3368_3417,0.9659623434382183,3417,3368,UCLA,SE Louisiana,1759.3938164623714,1553.8846780379956,4,15
2023_3357_3417,0.9745184135437012,3417,3357,UCLA,Sacred Heart,1759.3938164623714,1449.4167263331549,4,16
2023_3380_3417,0.9701279652118683,3417,3380,UCLA,Southern Univ,1759.3938164623714,1517.4087938006023,4,16
2023_3231_3417,0.29506367501863195,3417,3231,UCLA,Indiana,1759.3938164623714,1868.6504754692617,4,1
2023_3417_3428,0.3988801712895372,3417,3428,UCLA,Utah,1759.3938164623714,1800.7318318752298,4,2
2023_3261_3417,0.41504348123460844,3417,3261,UCLA,LSU,1759.3938164623714,1864.3183903367678,4,3
2023_3417_3437,0.3957025393843651,3417,3437,UCLA,Villanova,1759.3938164623714,1841.7034566384116,4,4
2023_3417_3450,0.593660634215774,3417,3450,UCLA,Washington St,1759.3938164623714,1765.8827084988868,4,5
2023_3276_3417,0.5655151401852632,3417,3276,UCLA,Michigan,1759.3938164623714,1743.5697265353447,4,6
2023_3301_3417,0.5914856122707493,3417,3301,UCLA,NC State,1759.3938164623714,1769.9034812206935,4,7
2023_3329_3417,0.6995527879371599,3417,3329,UCLA,Oklahoma St,1759.3938164623714,1661.836187921656,4,8
2023_3274_3417,0.752780904200242,3417,3274,UCLA,Miami FL,1759.3938164623714,1681.351650097899,4,9
2023_3343_3417,0.7947769204201408,3417,3343,UCLA,Princeton,1759.3938164623714,1816.719582514641,4,10
2023_3417_3424,0.8276726042446223,3417,3424,UCLA,UNLV,1759.3938164623714,1781.5098532864504,4,11
2023_3195_3417,0.8173003903451113,3417,3195,UCLA,FL Gulf Coast,1759.3938164623714,1836.5510410618815,4,12
2023_3156_3417,0.8944071574819683,3417,3156,UCLA,Cleveland St,1759.3938164623714,1736.7326765943915,4,13
2023_3218_3417,0.9504149464925039,3417,3218,UCLA,Hawaii,1759.3938164623714,1578.9600184597623,4,14
2023_3205_3417,0.9443180193739635,3417,3205,UCLA,Gardner Webb,1759.3938164623714,1677.3755202435086,4,15
2023_3284_3417,0.9744061183929443,3417,3284,UCLA,Monmouth NJ,1759.3938164623714,1515.4270054614776,4,16
2023_3399_3417,0.9721842956542969,3417,3399,UCLA,Tennessee Tech,1759.3938164623714,1601.1950436554923,4,16
2023_3417_3439,0.3177754251385565,3417,3439,UCLA,Virginia Tech,1759.3938164623714,1877.0771224285086,4,1
2023_3163_3417,0.345611954739187,3417,3163,UCLA,Connecticut,1759.3938164623714,1926.504762305338,4,2
2023_3326_3417,0.43616771006971433,3417,3326,UCLA,Ohio St,1759.3938164623714,1808.8412260077441,4,3
2023_3397_3417,0.48747826218605045,3417,3397,UCLA,Tennessee,1759.3938164623714,1787.1506340535723,4,4
2023_3235_3417,0.5366807991823572,3417,3235,UCLA,Iowa St,1759.3938164623714,1792.7485871099263,4,5
2023_3314_3417,0.5842283015345597,3417,3314,UCLA,North Carolina,1759.3938164623714,1745.964248895116,4,6
2023_3124_3417,0.6295815931533939,3417,3124,UCLA,Baylor,1759.3938164623714,1709.7290295199857,4,7
2023_3417_3425,0.7180569903030352,3417,3425,UCLA,USC,1759.3938164623714,1666.4430616873983,4,8
2023_3355_3417,0.71599714937465,3417,3355,UCLA,S Dakota St,1759.3938164623714,1782.9702056641402,4,9
2023_3104_3417,0.7573555598082252,3417,3104,UCLA,Alabama,1759.3938164623714,1663.8092371165892,4,10
2023_3345_3417,0.8136205261167613,3417,3345,UCLA,Purdue,1759.3938164623714,1629.805418842588,4,11
2023_3385_3417,0.8353835528310862,3417,3385,UCLA,St John's,1759.3938164623714,1645.2328828958891,4,11
2023_3405_3417,0.8626351616206316,3417,3405,UCLA,Toledo,1759.3938164623714,1813.7407826360668,4,12
2023_3387_3417,0.926087532819569,3417,3387,UCLA,St Louis,1759.3938164623714,1605.9385038294836,4,13
2023_3241_3417,0.9401659278233755,3417,3241,UCLA,James Madison,1759.3938164623714,1678.2498124691901,4,14
2023_3417_3436,0.957432620747636,3417,3436,UCLA,Vermont,1759.3938164623714,1639.2393495950207,4,15
2023_3151_3417,0.9732106876373291,3417,3151,UCLA,Chattanooga,1759.3938164623714,1510.9961838972956,4,16
2023_3166_3328,0.5111828113159556,3328,3166,Oklahoma,Creighton,1788.1489233205414,1778.7639577166096,5,6
2023_3112_3328,0.591780612358954,3328,3112,Oklahoma,Arizona,1788.1489233205414,1729.2507374325417,5,7
2023_3328_3378,0.6267314331506855,3328,3378,Oklahoma,South Florida,1788.1489233205414,1783.1587423934077,5,8
2023_3266_3328,0.6847419575824694,3328,3266,Oklahoma,Marquette,1788.1489233205414,1719.3910434388056,5,9
2023_3328_3452,0.7492512065436105,3328,3452,Oklahoma,West Virginia,1788.1489233205414,1665.0724564337702,5,10
2023_3228_3328,0.7928797641815849,3328,3228,Oklahoma,Illinois,1788.1489233205414,1603.7412667052643,5,11
2023_3280_3328,0.7770898977341362,3328,3280,Oklahoma,Mississippi St,1788.1489233205414,1648.6825811607623,5,11
2023_3328_3339,0.8516156857427684,3328,3339,Oklahoma,Portland,1788.1489233205414,1697.49527781994,5,12
2023_3170_3328,0.8926941118064073,3328,3170,Oklahoma,CS Sacramento,1788.1489233205414,1613.0365458577303,5,13
2023_3328_3381,0.9246165497911571,3328,3381,Oklahoma,Southern Utah,1788.1489233205414,1639.701958180419,5,14
2023_3221_3328,0.9465122727711904,3328,3221,Oklahoma,Holy Cross,1788.1489233205414,1629.2629259481291,5,15
2023_3313_3328,0.950656258090089,3328,3313,Oklahoma,Norfolk St,1788.1489233205414,1602.2116912546117,5,16
2023_3328_3390,0.24327007149911378,3328,3390,Oklahoma,Stanford,1788.1489233205414,1908.977300569646,5,1
2023_3234_3328,0.32003723514326765,3328,3234,Oklahoma,Iowa,1788.1489233205414,1870.0390816644287,5,2
2023_3181_3328,0.3489410678649881,3328,3181,Oklahoma,Duke,1788.1489233205414,1790.301488742785,5,3
2023_3328_3400,0.39146525466829374,3328,3400,Oklahoma,Texas,1788.1489233205414,1815.9967388701339,5,4
2023_3257_3328,0.4801389038562775,3328,3257,Oklahoma,Louisville,1788.1489233205414,1802.6606489162655,5,5
2023_3160_3328,0.5439586306175608,3328,3160,Oklahoma,Colorado,1788.1489233205414,1747.8027385138969,5,6
2023_3199_3328,0.5646553133820558,3328,3199,Oklahoma,Florida St,1788.1489233205414,1699.7348268401822,5,7
2023_3279_3328,0.5846865849470264,3328,3279,Oklahoma,Mississippi,1788.1489233205414,1748.6337804634163,5,8
2023_3211_3328,0.6640202538146929,3328,3211,Oklahoma,Gonzaga,1788.1489233205414,1827.899035685442,5,9
2023_3208_3328,0.73901601615207,3328,3208,Oklahoma,Georgia,1788.1489233205414,1712.8913313664273,5,10
2023_3292_3328,0.7792241463484474,3328,3292,Oklahoma,MTSU,1788.1489233205414,1777.2829997325239,5,11
2023_3179_3328,0.8365630095419017,3328,3179,Oklahoma,Drake,1788.1489233205414,1697.4695442261514,5,12
2023_3187_3328,0.8805720171752123,3328,3187,Oklahoma,East Carolina,1788.1489233205414,1632.975233621385,5,13
2023_3233_3328,0.9139393015516399,3328,3233,Oklahoma,Iona,1788.1489233205414,1615.6976357645276,5,14
2023_3328_3368,0.9450831322034109,3328,3368,Oklahoma,SE Louisiana,1788.1489233205414,1553.8846780379956,5,15
2023_3328_3357,0.9656069209414226,3328,3357,Oklahoma,Sacred Heart,1788.1489233205414,1449.4167263331549,5,16
2023_3328_3380,0.9629255165892345,3328,3380,Oklahoma,Southern Univ,1788.1489233205414,1517.4087938006023,5,16
2023_3231_3328,0.27031747838116144,3328,3231,Oklahoma,Indiana,1788.1489233205414,1868.6504754692617,5,1
2023_3328_3428,0.3611454708600874,3328,3428,Oklahoma,Utah,1788.1489233205414,1800.7318318752298,5,2
2023_3261_3328,0.3399145888889768,3328,3261,Oklahoma,LSU,1788.1489233205414,1864.3183903367678,5,3
2023_3328_3437,0.41834576481968,3328,3437,Oklahoma,Villanova,1788.1489233205414,1841.7034566384116,5,4
2023_3328_3450,0.5213458597660066,3328,3450,Oklahoma,Washington St,1788.1489233205414,1765.8827084988868,5,5
2023_3276_3328,0.5545986557564158,3328,3276,Oklahoma,Michigan,1788.1489233205414,1743.5697265353447,5,6
2023_3301_3328,0.5489947741126084,3328,3301,Oklahoma,NC State,1788.1489233205414,1769.9034812206935,5,7
2023_3328_3329,0.626166172501958,3328,3329,Oklahoma,Oklahoma St,1788.1489233205414,1661.836187921656,5,8
2023_3274_3328,0.7051300392522768,3328,3274,Oklahoma,Miami FL,1788.1489233205414,1681.351650097899,5,9
2023_3328_3343,0.7116421956087808,3328,3343,Oklahoma,Princeton,1788.1489233205414,1816.719582514641,5,10
2023_3328_3424,0.7983376273932167,3328,3424,Oklahoma,UNLV,1788.1489233205414,1781.5098532864504,5,11
2023_3195_3328,0.785346392315301,3328,3195,Oklahoma,FL Gulf Coast,1788.1489233205414,1836.5510410618815,5,12
2023_3156_3328,0.845718156439319,3328,3156,Oklahoma,Cleveland St,1788.1489233205414,1736.7326765943915,5,13
2023_3218_3328,0.9268302364957928,3328,3218,Oklahoma,Hawaii,1788.1489233205414,1578.9600184597623,5,14
2023_3205_3328,0.9262397198041189,3328,3205,Oklahoma,Gardner Webb,1788.1489233205414,1677.3755202435086,5,15
2023_3284_3328,0.9647335936861736,3328,3284,Oklahoma,Monmouth NJ,1788.1489233205414,1515.4270054614776,5,16
2023_3328_3399,0.9597449233370525,3328,3399,Oklahoma,Tennessee Tech,1788.1489233205414,1601.1950436554923,5,16
2023_3328_3439,0.2976715399847076,3328,3439,Oklahoma,Virginia Tech,1788.1489233205414,1877.0771224285086,5,1
2023_3163_3328,0.2863364635134573,3328,3163,Oklahoma,Connecticut,1788.1489233205414,1926.504762305338,5,2
2023_3326_3328,0.4041695619727113,3328,3326,Oklahoma,Ohio St,1788.1489233205414,1808.8412260077441,5,3
2023_3328_3397,0.4218315860071762,3328,3397,Oklahoma,Tennessee,1788.1489233205414,1787.1506340535723,5,4
2023_3235_3328,0.486372521519661,3328,3235,Oklahoma,Iowa St,1788.1489233205414,1792.7485871099263,5,5
2023_3314_3328,0.5159376377424616,3328,3314,Oklahoma,North Carolina,1788.1489233205414,1745.964248895116,5,6
2023_3124_3328,0.6104404722546601,3328,3124,Oklahoma,Baylor,1788.1489233205414,1709.7290295199857,5,7
2023_3328_3425,0.6443633364414341,3328,3425,Oklahoma,USC,1788.1489233205414,1666.4430616873983,5,8
2023_3328_3355,0.690477846659656,3328,3355,Oklahoma,S Dakota St,1788.1489233205414,1782.9702056641402,5,9
2023_3104_3328,0.729854126599,3328,3104,Oklahoma,Alabama,1788.1489233205414,1663.8092371165892,5,10
2023_3328_3345,0.7967873105826088,3328,3345,Oklahoma,Purdue,1788.1489233205414,1629.805418842588,5,11
2023_3328_3385,0.795585770350904,3328,3385,Oklahoma,St John's,1788.1489233205414,1645.2328828958891,5,11
2023_3328_3405,0.8352877383646098,3328,3405,Oklahoma,Toledo,1788.1489233205414,1813.7407826360668,5,12
2023_3328_3387,0.8795663080039171,3328,3387,Oklahoma,St Louis,1788.1489233205414,1605.9385038294836,5,13
2023_3241_3328,0.9120251877916454,3328,3241,Oklahoma,James Madison,1788.1489233205414,1678.2498124691901,5,14
2023_3328_3436,0.9438785223325002,3328,3436,Oklahoma,Vermont,1788.1489233205414,1639.2393495950207,5,15
2023_3151_3328,0.96539133094127,3328,3151,Oklahoma,Chattanooga,1788.1489233205414,1510.9961838972956,5,16
2023_3112_3166,0.5716292822918314,3166,3112,Creighton,Arizona,1778.7639577166096,1729.2507374325417,6,7
2023_3166_3378,0.6406859253739381,3166,3378,Creighton,South Florida,1778.7639577166096,1783.1587423934077,6,8
2023_3166_3266,0.6685959624027378,3166,3266,Creighton,Marquette,1778.7639577166096,1719.3910434388056,6,9
2023_3166_3452,0.7323945597782091,3166,3452,Creighton,West Virginia,1778.7639577166096,1665.0724564337702,6,10
2023_3166_3228,0.7811663198734979,3166,3228,Creighton,Illinois,1778.7639577166096,1603.7412667052643,6,11
2023_3166_3280,0.7607408213879328,3166,3280,Creighton,Mississippi St,1778.7639577166096,1648.6825811607623,6,11
2023_3166_3339,0.8295508066239067,3166,3339,Creighton,Portland,1778.7639577166096,1697.49527781994,6,12
2023_3166_3170,0.8676292484220591,3166,3170,Creighton,CS Sacramento,1778.7639577166096,1613.0365458577303,6,13
2023_3166_3381,0.8927892408194689,3166,3381,Creighton,Southern Utah,1778.7639577166096,1639.701958180419,6,14
2023_3166_3221,0.9268313093793987,3166,3221,Creighton,Holy Cross,1778.7639577166096,1629.2629259481291,6,15
2023_3166_3313,0.9341826943715322,3166,3313,Creighton,Norfolk St,1778.7639577166096,1602.2116912546117,6,16
2023_3166_3390,0.2319238741431973,3166,3390,Creighton,Stanford,1778.7639577166096,1908.977300569646,6,1
2023_3166_3234,0.30226307948685144,3166,3234,Creighton,Iowa,1778.7639577166096,1870.0390816644287,6,2
2023_3166_3181,0.3611704377556677,3166,3181,Creighton,Duke,1778.7639577166096,1790.301488742785,6,3
2023_3166_3400,0.40316388260373853,3166,3400,Creighton,Texas,1778.7639577166096,1815.9967388701339,6,4
2023_3166_3257,0.4488289510646446,3166,3257,Creighton,Louisville,1778.7639577166096,1802.6606489162655,6,5
2023_3160_3166,0.5259659200906754,3166,3160,Creighton,Colorado,1778.7639577166096,1747.8027385138969,6,6
2023_3166_3199,0.5713472778162378,3166,3199,Creighton,Florida St,1778.7639577166096,1699.7348268401822,6,7
2023_3166_3279,0.6080672686194444,3166,3279,Creighton,Mississippi,1778.7639577166096,1748.6337804634163,6,8
2023_3166_3211,0.6679743902658588,3166,3211,Creighton,Gonzaga,1778.7639577166096,1827.899035685442,6,9
2023_3166_3208,0.6959010497703508,3166,3208,Creighton,Georgia,1778.7639577166096,1712.8913313664273,6,10
2023_3166_3292,0.754192014362977,3166,3292,Creighton,MTSU,1778.7639577166096,1777.2829997325239,6,11
2023_3166_3179,0.8269687930168815,3166,3179,Creighton,Drake,1778.7639577166096,1697.4695442261514,6,12
2023_3166_3187,0.8563400690969554,3166,3187,Creighton,East Carolina,1778.7639577166096,1632.975233621385,6,13
2023_3166_3233,0.880920525533214,3166,3233,Creighton,Iona,1778.7639577166096,1615.6976357645276,6,14
2023_3166_3368,0.9204674704683422,3166,3368,Creighton,SE Louisiana,1778.7639577166096,1553.8846780379956,6,15
2023_3166_3357,0.9492889849503744,3166,3357,Creighton,Sacred Heart,1778.7639577166096,1449.4167263331549,6,16
2023_3166_3380,0.9446318952401388,3166,3380,Creighton,Southern Univ,1778.7639577166096,1517.4087938006023,6,16
2023_3166_3231,0.24599575963957523,3166,3231,Creighton,Indiana,1778.7639577166096,1868.6504754692617,6,1
2023_3166_3428,0.3501953764781997,3166,3428,Creighton,Utah,1778.7639577166096,1800.7318318752298,6,2
2023_3166_3261,0.3471289618039961,3166,3261,Creighton,LSU,1778.7639577166096,1864.3183903367678,6,3
2023_3166_3437,0.4200775350237825,3166,3437,Creighton,Villanova,1778.7639577166096,1841.7034566384116,6,4
2023_3166_3450,0.5209150468745811,3166,3450,Creighton,Washington St,1778.7639577166096,1765.8827084988868,6,5
2023_3166_3276,0.5357640743255616,3166,3276,Creighton,Michigan,1778.7639577166096,1743.5697265353447,6,6
2023_3166_3301,0.5278174990972895,3166,3301,Creighton,NC State,1778.7639577166096,1769.9034812206935,6,7
2023_3166_3329,0.604193816075232,3166,3329,Creighton,Oklahoma St,1778.7639577166096,1661.836187921656,6,8
2023_3166_3274,0.6902194695448047,3166,3274,Creighton,Miami FL,1778.7639577166096,1681.351650097899,6,9
2023_3166_3343,0.7116204039230303,3166,3343,Creighton,Princeton,1778.7639577166096,1816.719582514641,6,10
2023_3166_3424,0.7720010775591593,3166,3424,Creighton,UNLV,1778.7639577166096,1781.5098532864504,6,11
2023_3166_3195,0.7763891855301567,3166,3195,Creighton,FL Gulf Coast,1778.7639577166096,1836.5510410618815,6,12
2023_3156_3166,0.8144243096527186,3166,3156,Creighton,Cleveland St,1778.7639577166096,1736.7326765943915,6,13
2023_3166_3218,0.8980715832533983,3166,3218,Creighton,Hawaii,1778.7639577166096,1578.9600184597623,6,14
2023_3166_3205,0.908473197997868,3166,3205,Creighton,Gardner Webb,1778.7639577166096,1677.3755202435086,6,15
2023_3166_3284,0.9476508704980123,3166,3284,Creighton,Monmouth NJ,1778.7639577166096,1515.4270054614776,6,16
2023_3166_3399,0.9470030276139486,3166,3399,Creighton,Tennessee Tech,1778.7639577166096,1601.1950436554923,6,16
2023_3166_3439,0.28506906298144075,3166,3439,Creighton,Virginia Tech,1778.7639577166096,1877.0771224285086,6,1
2023_3163_3166,0.290854467354779,3166,3163,Creighton,Connecticut,1778.7639577166096,1926.504762305338,6,2
2023_3166_3326,0.3888780368591185,3166,3326,Creighton,Ohio St,1778.7639577166096,1808.8412260077441,6,3
2023_3166_3397,0.3838276813531854,3166,3397,Creighton,Tennessee,1778.7639577166096,1787.1506340535723,6,4
2023_3166_3235,0.4880132382550819,3166,3235,Creighton,Iowa St,1778.7639577166096,1792.7485871099263,6,5
2023_3166_3314,0.4892111629247666,3166,3314,Creighton,North Carolina,1778.7639577166096,1745.964248895116,6,6
2023_3124_3166,0.5746532345375437,3166,3124,Creighton,Baylor,1778.7639577166096,1709.7290295199857,6,7
2023_3166_3425,0.6215834711884523,3166,3425,Creighton,USC,1778.7639577166096,1666.4430616873983,6,8
2023_3166_3355,0.6468459742044574,3166,3355,Creighton,S Dakota St,1778.7639577166096,1782.9702056641402,6,9
2023_3104_3166,0.6971430913581804,3166,3104,Creighton,Alabama,1778.7639577166096,1663.8092371165892,6,10
2023_3166_3345,0.7749006200100641,3166,3345,Creighton,Purdue,1778.7639577166096,1629.805418842588,6,11
2023_3166_3385,0.7609322566057901,3166,3385,Creighton,St John's,1778.7639577166096,1645.2328828958891,6,11
2023_3166_3405,0.8111181298317619,3166,3405,Creighton,Toledo,1778.7639577166096,1813.7407826360668,6,12
2023_3166_3387,0.8654784446176615,3166,3387,Creighton,St Louis,1778.7639577166096,1605.9385038294836,6,13
2023_3166_3241,0.8830280563655046,3166,3241,Creighton,James Madison,1778.7639577166096,1678.2498124691901,6,14
2023_3166_3436,0.9180560751569866,3166,3436,Creighton,Vermont,1778.7639577166096,1639.2393495950207,6,15
2023_3151_3166,0.9475553242524374,3166,3151,Creighton,Chattanooga,1778.7639577166096,1510.9961838972956,6,16
2023_3112_3378,0.5839532876572031,3112,3378,Arizona,South Florida,1729.2507374325417,1783.1587423934077,7,8
2023_3112_3266,0.6275921409224534,3112,3266,Arizona,Marquette,1729.2507374325417,1719.3910434388056,7,9
2023_3112_3452,0.6795433239912159,3112,3452,Arizona,West Virginia,1729.2507374325417,1665.0724564337702,7,10
2023_3112_3228,0.7215371117963747,3112,3228,Arizona,Illinois,1729.2507374325417,1603.7412667052643,7,11
2023_3112_3280,0.6552422479762987,3112,3280,Arizona,Mississippi St,1729.2507374325417,1648.6825811607623,7,11
2023_3112_3339,0.7726144242550592,3112,3339,Arizona,Portland,1729.2507374325417,1697.49527781994,7,12
2023_3112_3170,0.8214442173065849,3112,3170,Arizona,CS Sacramento,1729.2507374325417,1613.0365458577303,7,13
2023_3112_3381,0.8420609717783061,3112,3381,Arizona,Southern Utah,1729.2507374325417,1639.701958180419,7,14
2023_3112_3221,0.8830530009093431,3112,3221,Arizona,Holy Cross,1729.2507374325417,1629.2629259481291,7,15
2023_3112_3313,0.8991087718618511,3112,3313,Arizona,Norfolk St,1729.2507374325417,1602.2116912546117,7,16
2023_3112_3390,0.16993535924234926,3112,3390,Arizona,Stanford,1729.2507374325417,1908.977300569646,7,1
2023_3112_3234,0.247719831440284,3112,3234,Arizona,Iowa,1729.2507374325417,1870.0390816644287,7,2
2023_3112_3181,0.2759715526328132,3112,3181,Arizona,Duke,1729.2507374325417,1790.301488742785,7,3
2023_3112_3400,0.2919250732386942,3112,3400,Arizona,Texas,1729.2507374325417,1815.9967388701339,7,4
2023_3112_3257,0.3880703697706201,3112,3257,Arizona,Louisville,1729.2507374325417,1802.6606489162655,7,5
2023_3112_3160,0.47356577271610334,3112,3160,Arizona,Colorado,1729.2507374325417,1747.8027385138969,7,6
2023_3112_3199,0.4347529545426369,3112,3199,Arizona,Florida St,1729.2507374325417,1699.7348268401822,7,7
2023_3112_3279,0.5019319916328806,3112,3279,Arizona,Mississippi,1729.2507374325417,1748.6337804634163,7,8
2023_3112_3211,0.5855927114581132,3112,3211,Arizona,Gonzaga,1729.2507374325417,1827.899035685442,7,9
2023_3112_3208,0.6594637559627659,3112,3208,Arizona,Georgia,1729.2507374325417,1712.8913313664273,7,10
2023_3112_3292,0.6611252264156298,3112,3292,Arizona,MTSU,1729.2507374325417,1777.2829997325239,7,11
2023_3112_3179,0.7380973744656305,3112,3179,Arizona,Drake,1729.2507374325417,1697.4695442261514,7,12
2023_3112_3187,0.8066396752419182,3112,3187,Arizona,East Carolina,1729.2507374325417,1632.975233621385,7,13
2023_3112_3233,0.8351174478944865,3112,3233,Arizona,Iona,1729.2507374325417,1615.6976357645276,7,14
2023_3112_3368,0.8809850475611833,3112,3368,Arizona,SE Louisiana,1729.2507374325417,1553.8846780379956,7,15
2023_3112_3357,0.9252371831548809,3112,3357,Arizona,Sacred Heart,1729.2507374325417,1449.4167263331549,7,16
2023_3112_3380,0.9174672110689281,3112,3380,Arizona,Southern Univ,1729.2507374325417,1517.4087938006023,7,16
2023_3112_3231,0.18749009873250067,3112,3231,Arizona,Indiana,1729.2507374325417,1868.6504754692617,7,1
2023_3112_3428,0.2801853787635109,3112,3428,Arizona,Utah,1729.2507374325417,1800.7318318752298,7,2
2023_3112_3261,0.2523282377944038,3112,3261,Arizona,LSU,1729.2507374325417,1864.3183903367678,7,3
2023_3112_3437,0.2913954151893492,3112,3437,Arizona,Villanova,1729.2507374325417,1841.7034566384116,7,4
2023_3112_3450,0.44477138172635816,3112,3450,Arizona,Washington St,1729.2507374325417,1765.8827084988868,7,5
2023_3112_3276,0.46226257139831617,3112,3276,Arizona,Michigan,1729.2507374325417,1743.5697265353447,7,6
2023_3112_3301,0.45586449503898624,3112,3301,Arizona,NC State,1729.2507374325417,1769.9034812206935,7,7
2023_3112_3329,0.519873436745109,3112,3329,Arizona,Oklahoma St,1729.2507374325417,1661.836187921656,7,8
2023_3112_3274,0.6143467818593049,3112,3274,Arizona,Miami FL,1729.2507374325417,1681.351650097899,7,9
2023_3112_3343,0.6104619430278904,3112,3343,Arizona,Princeton,1729.2507374325417,1816.719582514641,7,10
2023_3112_3424,0.7169281975402788,3112,3424,Arizona,UNLV,1729.2507374325417,1781.5098532864504,7,11
2023_3112_3195,0.7149440545107584,3112,3195,Arizona,FL Gulf Coast,1729.2507374325417,1836.5510410618815,7,12
2023_3112_3156,0.7568221876444526,3112,3156,Arizona,Cleveland St,1729.2507374325417,1736.7326765943915,7,13
2023_3112_3218,0.8646871035513011,3112,3218,Arizona,Hawaii,1729.2507374325417,1578.9600184597623,7,14
2023_3112_3205,0.8582348040166048,3112,3205,Arizona,Gardner Webb,1729.2507374325417,1677.3755202435086,7,15
2023_3112_3284,0.924304906905949,3112,3284,Arizona,Monmouth NJ,1729.2507374325417,1515.4270054614776,7,16
2023_3112_3399,0.9174422665250896,3112,3399,Arizona,Tennessee Tech,1729.2507374325417,1601.1950436554923,7,16
2023_3112_3439,0.20158685799220144,3112,3439,Arizona,Virginia Tech,1729.2507374325417,1877.0771224285086,7,1
2023_3112_3163,0.2111496065293095,3112,3163,Arizona,Connecticut,1729.2507374325417,1926.504762305338,7,2
2023_3112_3326,0.29300796826935266,3112,3326,Arizona,Ohio St,1729.2507374325417,1808.8412260077441,7,3
2023_3112_3397,0.35474666637428953,3112,3397,Arizona,Tennessee,1729.2507374325417,1787.1506340535723,7,4
2023_3112_3235,0.3825612391139009,3112,3235,Arizona,Iowa St,1729.2507374325417,1792.7485871099263,7,5
2023_3112_3314,0.4009383475223167,3112,3314,Arizona,North Carolina,1729.2507374325417,1745.964248895116,7,6
2023_3112_3124,0.4928618878126145,3112,3124,Arizona,Baylor,1729.2507374325417,1709.7290295199857,7,7
2023_3112_3425,0.5358040595611948,3112,3425,Arizona,USC,1729.2507374325417,1666.4430616873983,7,8
2023_3112_3355,0.5639907215928102,3112,3355,Arizona,S Dakota St,1729.2507374325417,1782.9702056641402,7,9
2023_3104_3112,0.5820341410016185,3112,3104,Arizona,Alabama,1729.2507374325417,1663.8092371165892,7,10
2023_3112_3345,0.7098127440586046,3112,3345,Arizona,Purdue,1729.2507374325417,1629.805418842588,7,11
2023_3112_3385,0.697524874009128,3112,3385,Arizona,St John's,1729.2507374325417,1645.2328828958891,7,11
2023_3112_3405,0.7527138638760309,3112,3405,Arizona,Toledo,1729.2507374325417,1813.7407826360668,7,12
2023_3112_3387,0.7920447329106041,3112,3387,Arizona,St Louis,1729.2507374325417,1605.9385038294836,7,13
2023_3112_3241,0.8385548775610057,3112,3241,Arizona,James Madison,1729.2507374325417,1678.2498124691901,7,14
2023_3112_3436,0.8740256688418535,3112,3436,Arizona,Vermont,1729.2507374325417,1639.2393495950207,7,15
2023_3112_3151,0.9226533814085125,3112,3151,Arizona,Chattanooga,1729.2507374325417,1510.9961838972956,7,16
2023_3266_3378,0.5314985478481669,3378,3266,South Florida,Marquette,1783.1587423934077,1719.3910434388056,8,9
2023_3378_3452,0.6241488252972627,3378,3452,South Florida,West Virginia,1783.1587423934077,1665.0724564337702,8,10
2023_3228_3378,0.6589601265167362,3378,3228,South Florida,Illinois,1783.1587423934077,1603.7412667052643,8,11
2023_3280_3378,0.6323944853519565,3378,3280,South Florida,Mississippi St,1783.1587423934077,1648.6825811607623,8,11
2023_3339_3378,0.7454196647777513,3378,3339,South Florida,Portland,1783.1587423934077,1697.49527781994,8,12
2023_3170_3378,0.79488739850776,3378,3170,South Florida,CS Sacramento,1783.1587423934077,1613.0365458577303,8,13
2023_3378_3381,0.8247126380028434,3378,3381,South Florida,Southern Utah,1783.1587423934077,1639.701958180419,8,14
2023_3221_3378,0.863721985143098,3378,3221,South Florida,Holy Cross,1783.1587423934077,1629.2629259481291,8,15
2023_3313_3378,0.8691651484789995,3378,3313,South Florida,Norfolk St,1783.1587423934077,1602.2116912546117,8,16
2023_3378_3390,0.13329966649743663,3378,3390,South Florida,Stanford,1783.1587423934077,1908.977300569646,8,1
2023_3234_3378,0.21863574590066015,3378,3234,South Florida,Iowa,1783.1587423934077,1870.0390816644287,8,2
2023_3181_3378,0.2311597165201447,3378,3181,South Florida,Duke,1783.1587423934077,1790.301488742785,8,3
2023_3378_3400,0.2741255073771522,3378,3400,South Florida,Texas,1783.1587423934077,1815.9967388701339,8,4
2023_3257_3378,0.32710302305468275,3378,3257,South Florida,Louisville,1783.1587423934077,1802.6606489162655,8,5
2023_3160_3378,0.39247926574001096,3378,3160,South Florida,Colorado,1783.1587423934077,1747.8027385138969,8,6
2023_3199_3378,0.42485147023588254,3378,3199,South Florida,Florida St,1783.1587423934077,1699.7348268401822,8,7
2023_3279_3378,0.46152642220258716,3378,3279,South Florida,Mississippi,1783.1587423934077,1748.6337804634163,8,8
2023_3211_3378,0.5384485239347834,3378,3211,South Florida,Gonzaga,1783.1587423934077,1827.899035685442,8,9
2023_3208_3378,0.5991093014573121,3378,3208,South Florida,Georgia,1783.1587423934077,1712.8913313664273,8,10
2023_3292_3378,0.5885615574096805,3378,3292,South Florida,MTSU,1783.1587423934077,1777.2829997325239,8,11
2023_3179_3378,0.7084675566329912,3378,3179,South Florida,Drake,1783.1587423934077,1697.4695442261514,8,12
2023_3187_3378,0.7716968554522257,3378,3187,South Florida,East Carolina,1783.1587423934077,1632.975233621385,8,13
2023_3233_3378,0.8276778200688072,3378,3233,South Florida,Iona,1783.1587423934077,1615.6976357645276,8,14
2023_3368_3378,0.8533082788404551,3378,3368,South Florida,SE Louisiana,1783.1587423934077,1553.8846780379956,8,15
2023_3357_3378,0.8913150987448839,3378,3357,South Florida,Sacred Heart,1783.1587423934077,1449.4167263331549,8,16
2023_3378_3380,0.8868662080588487,3378,3380,South Florida,Southern Univ,1783.1587423934077,1517.4087938006023,8,16
2023_3231_3378,0.15204145484003173,3378,3231,South Florida,Indiana,1783.1587423934077,1868.6504754692617,8,1
2023_3378_3428,0.23108277525284826,3378,3428,South Florida,Utah,1783.1587423934077,1800.7318318752298,8,2
2023_3261_3378,0.2288696501885197,3378,3261,South Florida,LSU,1783.1587423934077,1864.3183903367678,8,3
2023_3378_3437,0.2847961842045829,3378,3437,South Florida,Villanova,1783.1587423934077,1841.7034566384116,8,4
2023_3378_3450,0.38083529901751234,3378,3450,South Florida,Washington St,1783.1587423934077,1765.8827084988868,8,5
2023_3276_3378,0.39904609571943067,3378,3276,South Florida,Michigan,1783.1587423934077,1743.5697265353447,8,6
2023_3301_3378,0.3971907948890312,3378,3301,South Florida,NC State,1783.1587423934077,1769.9034812206935,8,7
2023_3329_3378,0.49053200185298923,3378,3329,South Florida,Oklahoma St,1783.1587423934077,1661.836187921656,8,8
2023_3274_3378,0.5790450835785288,3378,3274,South Florida,Miami FL,1783.1587423934077,1681.351650097899,8,9
2023_3343_3378,0.5832025503014588,3378,3343,South Florida,Princeton,1783.1587423934077,1816.719582514641,8,10
2023_3378_3424,0.6606254653905994,3378,3424,South Florida,UNLV,1783.1587423934077,1781.5098532864504,8,11
2023_3195_3378,0.6595250950231508,3378,3195,South Florida,FL Gulf Coast,1783.1587423934077,1836.5510410618815,8,12
2023_3156_3378,0.7345663804079752,3378,3156,South Florida,Cleveland St,1783.1587423934077,1736.7326765943915,8,13
2023_3218_3378,0.8297513762535759,3378,3218,South Florida,Hawaii,1783.1587423934077,1578.9600184597623,8,14
2023_3205_3378,0.8323909377273646,3378,3205,South Florida,Gardner Webb,1783.1587423934077,1677.3755202435086,8,15
2023_3284_3378,0.8957115671458391,3378,3284,South Florida,Monmouth NJ,1783.1587423934077,1515.4270054614776,8,16
2023_3378_3399,0.8873244783702043,3378,3399,South Florida,Tennessee Tech,1783.1587423934077,1601.1950436554923,8,16
2023_3378_3439,0.17632660366925346,3378,3439,South Florida,Virginia Tech,1783.1587423934077,1877.0771224285086,8,1
2023_3163_3378,0.17035733963826238,3378,3163,South Florida,Connecticut,1783.1587423934077,1926.504762305338,8,2
2023_3326_3378,0.2596277367804787,3378,3326,South Florida,Ohio St,1783.1587423934077,1808.8412260077441,8,3
2023_3378_3397,0.2968338935599372,3378,3397,South Florida,Tennessee,1783.1587423934077,1787.1506340535723,8,4
2023_3235_3378,0.33457909208782866,3378,3235,South Florida,Iowa St,1783.1587423934077,1792.7485871099263,8,5
2023_3314_3378,0.35420763741979383,3378,3314,South Florida,North Carolina,1783.1587423934077,1745.964248895116,8,6
2023_3124_3378,0.48214361125618055,3378,3124,South Florida,Baylor,1783.1587423934077,1709.7290295199857,8,7
2023_3378_3425,0.5171445220708848,3378,3425,South Florida,USC,1783.1587423934077,1666.4430616873983,8,8
2023_3355_3378,0.5346229786238093,3378,3355,South Florida,S Dakota St,1783.1587423934077,1782.9702056641402,8,9
2023_3104_3378,0.5618788992260957,3378,3104,South Florida,Alabama,1783.1587423934077,1663.8092371165892,8,10
2023_3345_3378,0.665271945474065,3378,3345,South Florida,Purdue,1783.1587423934077,1629.805418842588,8,11
2023_3378_3385,0.6482439713453418,3378,3385,South Florida,St John's,1783.1587423934077,1645.2328828958891,8,11
2023_3378_3405,0.6999891833438829,3378,3405,South Florida,Toledo,1783.1587423934077,1813.7407826360668,8,12
2023_3378_3387,0.7841685462261896,3378,3387,South Florida,St Louis,1783.1587423934077,1605.9385038294836,8,13
2023_3241_3378,0.8170335928024955,3378,3241,South Florida,James Madison,1783.1587423934077,1678.2498124691901,8,14
2023_3378_3436,0.8581232612547007,3378,3436,South Florida,Vermont,1783.1587423934077,1639.2393495950207,8,15
2023_3151_3378,0.8889412841620592,3378,3151,South Florida,Chattanooga,1783.1587423934077,1510.9961838972956,8,16
2023_3266_3452,0.5668223167023081,3266,3452,Marquette,West Virginia,1719.3910434388056,1665.0724564337702,9,10
2023_3228_3266,0.5964754169081712,3266,3228,Marquette,Illinois,1719.3910434388056,1603.7412667052643,9,11
2023_3266_3280,0.5552864765023255,3266,3280,Marquette,Mississippi St,1719.3910434388056,1648.6825811607623,9,11
2023_3266_3339,0.6899146662925846,3266,3339,Marquette,Portland,1719.3910434388056,1697.49527781994,9,12
2023_3170_3266,0.7522216276302294,3266,3170,Marquette,CS Sacramento,1719.3910434388056,1613.0365458577303,9,13
2023_3266_3381,0.7789166915680628,3266,3381,Marquette,Southern Utah,1719.3910434388056,1639.701958180419,9,14
2023_3221_3266,0.8172700444283195,3266,3221,Marquette,Holy Cross,1719.3910434388056,1629.2629259481291,9,15
2023_3266_3313,0.8278615658697215,3266,3313,Marquette,Norfolk St,1719.3910434388056,1602.2116912546117,9,16
2023_3266_3390,0.10859428803895456,3266,3390,Marquette,Stanford,1719.3910434388056,1908.977300569646,9,1
2023_3234_3266,0.16640702732237922,3266,3234,Marquette,Iowa,1719.3910434388056,1870.0390816644287,9,2
2023_3181_3266,0.19668852965810835,3266,3181,Marquette,Duke,1719.3910434388056,1790.301488742785,9,3
2023_3266_3400,0.2168552201722405,3266,3400,Marquette,Texas,1719.3910434388056,1815.9967388701339,9,4
2023_3257_3266,0.26144701083755945,3266,3257,Marquette,Louisville,1719.3910434388056,1802.6606489162655,9,5
2023_3160_3266,0.3493152825260992,3266,3160,Marquette,Colorado,1719.3910434388056,1747.8027385138969,9,6
2023_3199_3266,0.35008089493760847,3266,3199,Marquette,Florida St,1719.3910434388056,1699.7348268401822,9,7
2023_3266_3279,0.4052171563544853,3266,3279,Marquette,Mississippi,1719.3910434388056,1748.6337804634163,9,8
2023_3211_3266,0.48303406536579135,3266,3211,Marquette,Gonzaga,1719.3910434388056,1827.899035685442,9,9
2023_3208_3266,0.5341727549394983,3266,3208,Marquette,Georgia,1719.3910434388056,1712.8913313664273,9,10
2023_3266_3292,0.5956869368647599,3266,3292,Marquette,MTSU,1719.3910434388056,1777.2829997325239,9,11
2023_3179_3266,0.6692197548126346,3266,3179,Marquette,Drake,1719.3910434388056,1697.4695442261514,9,12
2023_3187_3266,0.7347042099609331,3266,3187,Marquette,East Carolina,1719.3910434388056,1632.975233621385,9,13
2023_3233_3266,0.7752467739845972,3266,3233,Marquette,Iona,1719.3910434388056,1615.6976357645276,9,14
2023_3266_3368,0.8224320152821251,3266,3368,Marquette,SE Louisiana,1719.3910434388056,1553.8846780379956,9,15
2023_3266_3357,0.8622963612493602,3266,3357,Marquette,Sacred Heart,1719.3910434388056,1449.4167263331549,9,16
2023_3266_3380,0.8516068344530192,3266,3380,Marquette,Southern Univ,1719.3910434388056,1517.4087938006023,9,16
2023_3231_3266,0.11205064963077051,3266,3231,Marquette,Indiana,1719.3910434388056,1868.6504754692617,9,1
2023_3266_3428,0.17877690591248618,3266,3428,Marquette,Utah,1719.3910434388056,1800.7318318752298,9,2
2023_3261_3266,0.188057717489987,3266,3261,Marquette,LSU,1719.3910434388056,1864.3183903367678,9,3
2023_3266_3437,0.21438008141858791,3266,3437,Marquette,Villanova,1719.3910434388056,1841.7034566384116,9,4
2023_3266_3450,0.31058268835401986,3266,3450,Marquette,Washington St,1719.3910434388056,1765.8827084988868,9,5
2023_3266_3276,0.34265000802525236,3266,3276,Marquette,Michigan,1719.3910434388056,1743.5697265353447,9,6
2023_3266_3301,0.3552194560671785,3266,3301,Marquette,NC State,1719.3910434388056,1769.9034812206935,9,7
2023_3266_3329,0.3954815720954521,3266,3329,Marquette,Oklahoma St,1719.3910434388056,1661.836187921656,9,8
2023_3266_3274,0.48031069934368137,3266,3274,Marquette,Miami FL,1719.3910434388056,1681.351650097899,9,9
2023_3266_3343,0.5170385951361078,3266,3343,Marquette,Princeton,1719.3910434388056,1816.719582514641,9,10
2023_3266_3424,0.6197701637839341,3266,3424,Marquette,UNLV,1719.3910434388056,1781.5098532864504,9,11
2023_3195_3266,0.6089445130800373,3266,3195,Marquette,FL Gulf Coast,1719.3910434388056,1836.5510410618815,9,12
2023_3156_3266,0.6757640824689821,3266,3156,Marquette,Cleveland St,1719.3910434388056,1736.7326765943915,9,13
2023_3218_3266,0.7940925109650354,3266,3218,Marquette,Hawaii,1719.3910434388056,1578.9600184597623,9,14
2023_3205_3266,0.7789170036139198,3266,3205,Marquette,Gardner Webb,1719.3910434388056,1677.3755202435086,9,15
2023_3266_3284,0.8625180905279246,3266,3284,Marquette,Monmouth NJ,1719.3910434388056,1515.4270054614776,9,16
2023_3266_3399,0.840303707641038,3266,3399,Marquette,Tennessee Tech,1719.3910434388056,1601.1950436554923,9,16
2023_3266_3439,0.12609994124148827,3266,3439,Marquette,Virginia Tech,1719.3910434388056,1877.0771224285086,9,1
2023_3163_3266,0.14490574509235965,3266,3163,Marquette,Connecticut,1719.3910434388056,1926.504762305338,9,2
2023_3266_3326,0.21347004230597555,3266,3326,Marquette,Ohio St,1719.3910434388056,1808.8412260077441,9,3
2023_3266_3397,0.22772195530278896,3266,3397,Marquette,Tennessee,1719.3910434388056,1787.1506340535723,9,4
2023_3235_3266,0.28067642291641687,3266,3235,Marquette,Iowa St,1719.3910434388056,1792.7485871099263,9,5
2023_3266_3314,0.30930042696245863,3266,3314,Marquette,North Carolina,1719.3910434388056,1745.964248895116,9,6
2023_3124_3266,0.3669339592362382,3266,3124,Marquette,Baylor,1719.3910434388056,1709.7290295199857,9,7
2023_3266_3425,0.41333077156931,3266,3425,Marquette,USC,1719.3910434388056,1666.4430616873983,9,8
2023_3266_3355,0.49392274618148807,3266,3355,Marquette,S Dakota St,1719.3910434388056,1782.9702056641402,9,9
2023_3104_3266,0.4598243350347895,3266,3104,Marquette,Alabama,1719.3910434388056,1663.8092371165892,9,10
2023_3266_3345,0.5558801685666108,3266,3345,Marquette,Purdue,1719.3910434388056,1629.805418842588,9,11
2023_3266_3385,0.5532428120469117,3266,3385,Marquette,St John's,1719.3910434388056,1645.2328828958891,9,11
2023_3266_3405,0.6534788237785465,3266,3405,Marquette,Toledo,1719.3910434388056,1813.7407826360668,9,12
2023_3266_3387,0.7331231967582659,3266,3387,Marquette,St Louis,1719.3910434388056,1605.9385038294836,9,13
2023_3241_3266,0.7615504312779169,3266,3241,Marquette,James Madison,1719.3910434388056,1678.2498124691901,9,14
2023_3266_3436,0.7912334689917274,3266,3436,Marquette,Vermont,1719.3910434388056,1639.2393495950207,9,15
2023_3151_3266,0.8563012068685618,3266,3151,Marquette,Chattanooga,1719.3910434388056,1510.9961838972956,9,16
2023_3228_3452,0.5073372909984011,3452,3228,West Virginia,Illinois,1665.0724564337702,1603.7412667052643,10,11
2023_3280_3452,0.46708932166904393,3452,3280,West Virginia,Mississippi St,1665.0724564337702,1648.6825811607623,10,11
2023_3339_3452,0.6218666975592637,3452,3339,West Virginia,Portland,1665.0724564337702,1697.49527781994,10,12
2023_3170_3452,0.6679508762334949,3452,3170,West Virginia,CS Sacramento,1665.0724564337702,1613.0365458577303,10,13
2023_3381_3452,0.7198482290878252,3452,3381,West Virginia,Southern Utah,1665.0724564337702,1639.701958180419,10,14
2023_3221_3452,0.7880817699696283,3452,3221,West Virginia,Holy Cross,1665.0724564337702,1629.2629259481291,10,15
2023_3313_3452,0.794567305785627,3452,3313,West Virginia,Norfolk St,1665.0724564337702,1602.2116912546117,10,16
2023_3390_3452,0.07494369347268388,3452,3390,West Virginia,Stanford,1665.0724564337702,1908.977300569646,10,1
2023_3234_3452,0.11963844011996728,3452,3234,West Virginia,Iowa,1665.0724564337702,1870.0390816644287,10,2
2023_3181_3452,0.1373561798069154,3452,3181,West Virginia,Duke,1665.0724564337702,1790.301488742785,10,3
2023_3400_3452,0.164945263969689,3452,3400,West Virginia,Texas,1665.0724564337702,1815.9967388701339,10,4
2023_3257_3452,0.2106116783355019,3452,3257,West Virginia,Louisville,1665.0724564337702,1802.6606489162655,10,5
2023_3160_3452,0.2776165588722274,3452,3160,West Virginia,Colorado,1665.0724564337702,1747.8027385138969,10,6
2023_3199_3452,0.31223056894787504,3452,3199,West Virginia,Florida St,1665.0724564337702,1699.7348268401822,10,7
2023_3279_3452,0.34058071177253507,3452,3279,West Virginia,Mississippi,1665.0724564337702,1748.6337804634163,10,8
2023_3211_3452,0.391871072892247,3452,3211,West Virginia,Gonzaga,1665.0724564337702,1827.899035685442,10,9
2023_3208_3452,0.4494649082422257,3452,3208,West Virginia,Georgia,1665.0724564337702,1712.8913313664273,10,10
2023_3292_3452,0.4628815615734476,3452,3292,West Virginia,MTSU,1665.0724564337702,1777.2829997325239,10,11
2023_3179_3452,0.5933492724989915,3452,3179,West Virginia,Drake,1665.0724564337702,1697.4695442261514,10,12
2023_3187_3452,0.6702576504921085,3452,3187,West Virginia,East Carolina,1665.0724564337702,1632.975233621385,10,13
2023_3233_3452,0.695492653645511,3452,3233,West Virginia,Iona,1665.0724564337702,1615.6976357645276,10,14
2023_3368_3452,0.7723343122269373,3452,3368,West Virginia,SE Louisiana,1665.0724564337702,1553.8846780379956,10,15
2023_3357_3452,0.830456439596624,3452,3357,West Virginia,Sacred Heart,1665.0724564337702,1449.4167263331549,10,16
2023_3380_3452,0.8255476692738243,3452,3380,West Virginia,Southern Univ,1665.0724564337702,1517.4087938006023,10,16
2023_3231_3452,0.0777451685878043,3452,3231,West Virginia,Indiana,1665.0724564337702,1868.6504754692617,10,1
2023_3428_3452,0.13369648988817673,3452,3428,West Virginia,Utah,1665.0724564337702,1800.7318318752298,10,2
2023_3261_3452,0.14006718531581508,3452,3261,West Virginia,LSU,1665.0724564337702,1864.3183903367678,10,3
2023_3437_3452,0.17067948970475733,3452,3437,West Virginia,Villanova,1665.0724564337702,1841.7034566384116,10,4
2023_3450_3452,0.22904486549241757,3452,3450,West Virginia,Washington St,1665.0724564337702,1765.8827084988868,10,5
2023_3276_3452,0.2770142837390945,3452,3276,West Virginia,Michigan,1665.0724564337702,1743.5697265353447,10,6
2023_3301_3452,0.2851303784275885,3452,3301,West Virginia,NC State,1665.0724564337702,1769.9034812206935,10,7
2023_3329_3452,0.3502173672224023,3452,3329,West Virginia,Oklahoma St,1665.0724564337702,1661.836187921656,10,8
2023_3274_3452,0.4324582671561821,3452,3274,West Virginia,Miami FL,1665.0724564337702,1681.351650097899,10,9
2023_3343_3452,0.4059359304606915,3452,3343,West Virginia,Princeton,1665.0724564337702,1816.719582514641,10,10
2023_3424_3452,0.5601203257402796,3452,3424,West Virginia,UNLV,1665.0724564337702,1781.5098532864504,10,11
2023_3195_3452,0.5540677105282807,3452,3195,West Virginia,FL Gulf Coast,1665.0724564337702,1836.5510410618815,10,12
2023_3156_3452,0.6024864541267521,3452,3156,West Virginia,Cleveland St,1665.0724564337702,1736.7326765943915,10,13
2023_3218_3452,0.7324745641126589,3452,3218,West Virginia,Hawaii,1665.0724564337702,1578.9600184597623,10,14
2023_3205_3452,0.7337462204958658,3452,3205,West Virginia,Gardner Webb,1665.0724564337702,1677.3755202435086,10,15
2023_3284_3452,0.8244909981312462,3452,3284,West Virginia,Monmouth NJ,1665.0724564337702,1515.4270054614776,10,16
2023_3399_3452,0.8086492458405204,3452,3399,West Virginia,Tennessee Tech,1665.0724564337702,1601.1950436554923,10,16
2023_3439_3452,0.08981299039596365,3452,3439,West Virginia,Virginia Tech,1665.0724564337702,1877.0771224285086,10,1
2023_3163_3452,0.1056917560425852,3452,3163,West Virginia,Connecticut,1665.0724564337702,1926.504762305338,10,2
2023_3326_3452,0.14230210990044223,3452,3326,West Virginia,Ohio St,1665.0724564337702,1808.8412260077441,10,3
2023_3397_3452,0.1748214462725216,3452,3397,West Virginia,Tennessee,1665.0724564337702,1787.1506340535723,10,4
2023_3235_3452,0.22534388271315312,3452,3235,West Virginia,Iowa St,1665.0724564337702,1792.7485871099263,10,5
2023_3314_3452,0.23692341176426862,3452,3314,West Virginia,North Carolina,1665.0724564337702,1745.964248895116,10,6
2023_3124_3452,0.307527628364646,3452,3124,West Virginia,Baylor,1665.0724564337702,1709.7290295199857,10,7
2023_3425_3452,0.36850916098603986,3452,3425,West Virginia,USC,1665.0724564337702,1666.4430616873983,10,8
2023_3355_3452,0.40281610989957883,3452,3355,West Virginia,S Dakota St,1665.0724564337702,1782.9702056641402,10,9
2023_3104_3452,0.40736619979143146,3452,3104,West Virginia,Alabama,1665.0724564337702,1663.8092371165892,10,10
2023_3345_3452,0.4836180249413866,3452,3345,West Virginia,Purdue,1665.0724564337702,1629.805418842588,10,11
2023_3385_3452,0.5122017080149073,3452,3385,West Virginia,St John's,1665.0724564337702,1645.2328828958891,10,11
2023_3405_3452,0.573170120010283,3452,3405,West Virginia,Toledo,1665.0724564337702,1813.7407826360668,10,12
2023_3387_3452,0.6417940186237461,3452,3387,West Virginia,St Louis,1665.0724564337702,1605.9385038294836,10,13
2023_3241_3452,0.7193578318729357,3452,3241,West Virginia,James Madison,1665.0724564337702,1678.2498124691901,10,14
2023_3436_3452,0.755890314605401,3452,3436,West Virginia,Vermont,1665.0724564337702,1639.2393495950207,10,15
2023_3151_3452,0.8241955677094169,3452,3151,West Virginia,Chattanooga,1665.0724564337702,1510.9961838972956,10,16
2023_3228_3280,0.4997987508773804,3228,3280,Illinois,Mississippi St,1603.7412667052643,1648.6825811607623,11,11
2023_3228_3339,0.5985318983158487,3228,3339,Illinois,Portland,1603.7412667052643,1697.49527781994,11,12
2023_3170_3228,0.6607632135247254,3228,3170,Illinois,CS Sacramento,1603.7412667052643,1613.0365458577303,11,13
2023_3228_3381,0.6967438833688862,3228,3381,Illinois,Southern Utah,1603.7412667052643,1639.701958180419,11,14
2023_3221_3228,0.7563501433505968,3228,3221,Illinois,Holy Cross,1603.7412667052643,1629.2629259481291,11,15
2023_3228_3313,0.7671396780277948,3228,3313,Illinois,Norfolk St,1603.7412667052643,1602.2116912546117,11,16
2023_3228_3390,0.05887409913938209,3228,3390,Illinois,Stanford,1603.7412667052643,1908.977300569646,11,1
2023_3228_3234,0.0947255810039644,3228,3234,Illinois,Iowa,1603.7412667052643,1870.0390816644287,11,2
2023_3181_3228,0.1201925547001217,3228,3181,Illinois,Duke,1603.7412667052643,1790.301488742785,11,3
2023_3228_3400,0.1404085094514762,3228,3400,Illinois,Texas,1603.7412667052643,1815.9967388701339,11,4
2023_3228_3257,0.1856315961060816,3228,3257,Illinois,Louisville,1603.7412667052643,1802.6606489162655,11,5
2023_3160_3228,0.2366121743355534,3228,3160,Illinois,Colorado,1603.7412667052643,1747.8027385138969,11,6
2023_3199_3228,0.26865379726148103,3228,3199,Illinois,Florida St,1603.7412667052643,1699.7348268401822,11,7
2023_3228_3279,0.31303589475401594,3228,3279,Illinois,Mississippi,1603.7412667052643,1748.6337804634163,11,8
2023_3211_3228,0.38523738335618757,3228,3211,Illinois,Gonzaga,1603.7412667052643,1827.899035685442,11,9
2023_3208_3228,0.43225584978252485,3228,3208,Illinois,Georgia,1603.7412667052643,1712.8913313664273,11,10
2023_3228_3292,0.4577239811420441,3228,3292,Illinois,MTSU,1603.7412667052643,1777.2829997325239,11,11
2023_3179_3228,0.566929694469871,3228,3179,Illinois,Drake,1603.7412667052643,1697.4695442261514,11,12
2023_3187_3228,0.6499777679537797,3228,3187,Illinois,East Carolina,1603.7412667052643,1632.975233621385,11,13
2023_3228_3233,0.6944202409958011,3228,3233,Illinois,Iona,1603.7412667052643,1615.6976357645276,11,14
2023_3228_3368,0.747646881736751,3228,3368,Illinois,SE Louisiana,1603.7412667052643,1553.8846780379956,11,15
2023_3228_3357,0.8063233840729456,3228,3357,Illinois,Sacred Heart,1603.7412667052643,1449.4167263331549,11,16
2023_3228_3380,0.7878921675945978,3228,3380,Illinois,Southern Univ,1603.7412667052643,1517.4087938006023,11,16
2023_3228_3231,0.06484897490244075,3228,3231,Illinois,Indiana,1603.7412667052643,1868.6504754692617,11,1
2023_3228_3428,0.08999118593210027,3228,3428,Illinois,Utah,1603.7412667052643,1800.7318318752298,11,2
2023_3228_3261,0.125355833130822,3228,3261,Illinois,LSU,1603.7412667052643,1864.3183903367678,11,3
2023_3228_3437,0.14299355358215915,3228,3437,Illinois,Villanova,1603.7412667052643,1841.7034566384116,11,4
2023_3228_3450,0.21011435295918524,3228,3450,Illinois,Washington St,1603.7412667052643,1765.8827084988868,11,5
2023_3228_3276,0.24562375215037083,3228,3276,Illinois,Michigan,1603.7412667052643,1743.5697265353447,11,6
2023_3228_3301,0.2724719180688903,3228,3301,Illinois,NC State,1603.7412667052643,1769.9034812206935,11,7
2023_3228_3329,0.3350231988454695,3228,3329,Illinois,Oklahoma St,1603.7412667052643,1661.836187921656,11,8
2023_3228_3274,0.38072879861840986,3228,3274,Illinois,Miami FL,1603.7412667052643,1681.351650097899,11,9
2023_3228_3343,0.416798130218087,3228,3343,Illinois,Princeton,1603.7412667052643,1816.719582514641,11,10
2023_3228_3424,0.49464288949966434,3228,3424,Illinois,UNLV,1603.7412667052643,1781.5098532864504,11,11
2023_3195_3228,0.48839810883611623,3228,3195,Illinois,FL Gulf Coast,1603.7412667052643,1836.5510410618815,11,12
2023_3156_3228,0.5590294842814469,3228,3156,Illinois,Cleveland St,1603.7412667052643,1736.7326765943915,11,13
2023_3218_3228,0.7062355058168537,3228,3218,Illinois,Hawaii,1603.7412667052643,1578.9600184597623,11,14
2023_3205_3228,0.7050893590822176,3228,3205,Illinois,Gardner Webb,1603.7412667052643,1677.3755202435086,11,15
2023_3228_3284,0.7864921140934686,3228,3284,Illinois,Monmouth NJ,1603.7412667052643,1515.4270054614776,11,16
2023_3228_3399,0.7725064206387262,3228,3399,Illinois,Tennessee Tech,1603.7412667052643,1601.1950436554923,11,16
2023_3228_3439,0.07306776810090705,3228,3439,Illinois,Virginia Tech,1603.7412667052643,1877.0771224285086,11,1
2023_3163_3228,0.08389207360023306,3228,3163,Illinois,Connecticut,1603.7412667052643,1926.504762305338,11,2
2023_3228_3326,0.12536012093995552,3228,3326,Illinois,Ohio St,1603.7412667052643,1808.8412260077441,11,3
2023_3228_3397,0.16183940418395149,3228,3397,Illinois,Tennessee,1603.7412667052643,1787.1506340535723,11,4
2023_3228_3235,0.19368078242519438,3228,3235,Illinois,Iowa St,1603.7412667052643,1792.7485871099263,11,5
2023_3228_3314,0.22133899447663044,3228,3314,Illinois,North Carolina,1603.7412667052643,1745.964248895116,11,6
2023_3124_3228,0.307644477389817,3228,3124,Illinois,Baylor,1603.7412667052643,1709.7290295199857,11,7
2023_3228_3425,0.37436147463568403,3228,3425,Illinois,USC,1603.7412667052643,1666.4430616873983,11,8
2023_3228_3355,0.3669415811801889,3228,3355,Illinois,S Dakota St,1603.7412667052643,1782.9702056641402,11,9
2023_3104_3228,0.42238023186117246,3228,3104,Illinois,Alabama,1603.7412667052643,1663.8092371165892,11,10
2023_3228_3345,0.4845405131578446,3228,3345,Illinois,Purdue,1603.7412667052643,1629.805418842588,11,11
2023_3228_3385,0.5036837220191956,3228,3385,Illinois,St John's,1603.7412667052643,1645.2328828958891,11,11
2023_3228_3405,0.5572030807098765,3228,3405,Illinois,Toledo,1603.7412667052643,1813.7407826360668,11,12
2023_3228_3387,0.6422655378674531,3228,3387,Illinois,St Louis,1603.7412667052643,1605.9385038294836,11,13
2023_3228_3241,0.6662011818861133,3228,3241,Illinois,James Madison,1603.7412667052643,1678.2498124691901,11,14
2023_3228_3436,0.7529502050056414,3228,3436,Illinois,Vermont,1603.7412667052643,1639.2393495950207,11,15
2023_3151_3228,0.7713616985346536,3228,3151,Illinois,Chattanooga,1603.7412667052643,1510.9961838972956,11,16
2023_3280_3339,0.6334403420051951,3280,3339,Mississippi St,Portland,1648.6825811607623,1697.49527781994,11,12
2023_3170_3280,0.6698405538891816,3280,3170,Mississippi St,CS Sacramento,1648.6825811607623,1613.0365458577303,11,13
2023_3280_3381,0.704352282164014,3280,3381,Mississippi St,Southern Utah,1648.6825811607623,1639.701958180419,11,14
2023_3221_3280,0.7460426525249437,3280,3221,Mississippi St,Holy Cross,1648.6825811607623,1629.2629259481291,11,15
2023_3280_3313,0.7789041149880152,3280,3313,Mississippi St,Norfolk St,1648.6825811607623,1602.2116912546117,11,16
2023_3280_3390,0.05082772168915435,3280,3390,Mississippi St,Stanford,1648.6825811607623,1908.977300569646,11,1
2023_3234_3280,0.10254599910849378,3280,3234,Mississippi St,Iowa,1648.6825811607623,1870.0390816644287,11,2
2023_3181_3280,0.11235004934941274,3280,3181,Mississippi St,Duke,1648.6825811607623,1790.301488742785,11,3
2023_3280_3400,0.1398754055086051,3280,3400,Mississippi St,Texas,1648.6825811607623,1815.9967388701339,11,4
2023_3257_3280,0.19235130454876959,3280,3257,Mississippi St,Louisville,1648.6825811607623,1802.6606489162655,11,5
2023_3160_3280,0.27416944471342775,3280,3160,Mississippi St,Colorado,1648.6825811607623,1747.8027385138969,11,6
2023_3199_3280,0.2797349302992866,3280,3199,Mississippi St,Florida St,1648.6825811607623,1699.7348268401822,11,7
2023_3279_3280,0.32942456436403944,3280,3279,Mississippi St,Mississippi,1648.6825811607623,1748.6337804634163,11,8
2023_3211_3280,0.3714188585782983,3280,3211,Mississippi St,Gonzaga,1648.6825811607623,1827.899035685442,11,9
2023_3208_3280,0.492353737894593,3280,3208,Mississippi St,Georgia,1648.6825811607623,1712.8913313664273,11,10
2023_3280_3292,0.44390933811664585,3280,3292,Mississippi St,MTSU,1648.6825811607623,1777.2829997325239,11,11
2023_3179_3280,0.6002888197264094,3280,3179,Mississippi St,Drake,1648.6825811607623,1697.4695442261514,11,12
2023_3187_3280,0.6649448369835878,3280,3187,Mississippi St,East Carolina,1648.6825811607623,1632.975233621385,11,13
2023_3233_3280,0.7124776767467624,3280,3233,Mississippi St,Iona,1648.6825811607623,1615.6976357645276,11,14
2023_3280_3368,0.748757197059627,3280,3368,Mississippi St,SE Louisiana,1648.6825811607623,1553.8846780379956,11,15
2023_3280_3357,0.8033077168728571,3280,3357,Mississippi St,Sacred Heart,1648.6825811607623,1449.4167263331549,11,16
2023_3280_3380,0.7920023250843744,3280,3380,Mississippi St,Southern Univ,1648.6825811607623,1517.4087938006023,11,16
2023_3231_3280,0.06177899855773612,3280,3231,Mississippi St,Indiana,1648.6825811607623,1868.6504754692617,11,1
2023_3280_3428,0.10243084293478773,3280,3428,Mississippi St,Utah,1648.6825811607623,1800.7318318752298,11,2
2023_3261_3280,0.11799611050163251,3280,3261,Mississippi St,LSU,1648.6825811607623,1864.3183903367678,11,3
2023_3280_3437,0.14320911377998935,3280,3437,Mississippi St,Villanova,1648.6825811607623,1841.7034566384116,11,4
2023_3280_3450,0.20566116701343595,3280,3450,Mississippi St,Washington St,1648.6825811607623,1765.8827084988868,11,5
2023_3276_3280,0.2850067463253281,3280,3276,Mississippi St,Michigan,1648.6825811607623,1743.5697265353447,11,6
2023_3280_3301,0.25351554741716836,3280,3301,Mississippi St,NC State,1648.6825811607623,1769.9034812206935,11,7
2023_3280_3329,0.3467330006981726,3280,3329,Mississippi St,Oklahoma St,1648.6825811607623,1661.836187921656,11,8
2023_3274_3280,0.4367666716481187,3280,3274,Mississippi St,Miami FL,1648.6825811607623,1681.351650097899,11,9
2023_3280_3343,0.4172308748403175,3280,3343,Mississippi St,Princeton,1648.6825811607623,1816.719582514641,11,10
2023_3280_3424,0.5163504838943482,3280,3424,Mississippi St,UNLV,1648.6825811607623,1781.5098532864504,11,11
2023_3195_3280,0.5089715311488527,3280,3195,Mississippi St,FL Gulf Coast,1648.6825811607623,1836.5510410618815,11,12
2023_3156_3280,0.6098996644114518,3280,3156,Mississippi St,Cleveland St,1648.6825811607623,1736.7326765943915,11,13
2023_3218_3280,0.7194757388805515,3280,3218,Mississippi St,Hawaii,1648.6825811607623,1578.9600184597623,11,14
2023_3205_3280,0.7364805177822069,3280,3205,Mississippi St,Gardner Webb,1648.6825811607623,1677.3755202435086,11,15
2023_3280_3284,0.8039681661392908,3280,3284,Mississippi St,Monmouth NJ,1648.6825811607623,1515.4270054614776,11,16
2023_3280_3399,0.7744249153401117,3280,3399,Mississippi St,Tennessee Tech,1648.6825811607623,1601.1950436554923,11,16
2023_3280_3439,0.07350064869623348,3280,3439,Mississippi St,Virginia Tech,1648.6825811607623,1877.0771224285086,11,1
2023_3163_3280,0.08484552626186655,3280,3163,Mississippi St,Connecticut,1648.6825811607623,1926.504762305338,11,2
2023_3280_3326,0.1250319750187252,3280,3326,Mississippi St,Ohio St,1648.6825811607623,1808.8412260077441,11,3
2023_3280_3397,0.16250096731218444,3280,3397,Mississippi St,Tennessee,1648.6825811607623,1787.1506340535723,11,4
2023_3235_3280,0.18656232263424932,3280,3235,Mississippi St,Iowa St,1648.6825811607623,1792.7485871099263,11,5
2023_3280_3314,0.22424833071572994,3280,3314,Mississippi St,North Carolina,1648.6825811607623,1745.964248895116,11,6
2023_3124_3280,0.32866484513140176,3280,3124,Mississippi St,Baylor,1648.6825811607623,1709.7290295199857,11,7
2023_3280_3425,0.38543083203085615,3280,3425,Mississippi St,USC,1648.6825811607623,1666.4430616873983,11,8
2023_3280_3355,0.3899260709787347,3280,3355,Mississippi St,S Dakota St,1648.6825811607623,1782.9702056641402,11,9
2023_3104_3280,0.4179222142139061,3280,3104,Mississippi St,Alabama,1648.6825811607623,1663.8092371165892,11,10
2023_3280_3345,0.5029231369495393,3280,3345,Mississippi St,Purdue,1648.6825811607623,1629.805418842588,11,11
2023_3280_3385,0.5160135984420777,3280,3385,Mississippi St,St John's,1648.6825811607623,1645.2328828958891,11,11
2023_3280_3405,0.5516424441894907,3280,3405,Mississippi St,Toledo,1648.6825811607623,1813.7407826360668,11,12
2023_3280_3387,0.6486956571434999,3280,3387,Mississippi St,St Louis,1648.6825811607623,1605.9385038294836,11,13
2023_3241_3280,0.7042228506778843,3280,3241,Mississippi St,James Madison,1648.6825811607623,1678.2498124691901,11,14
2023_3280_3436,0.7454867200031237,3280,3436,Mississippi St,Vermont,1648.6825811607623,1639.2393495950207,11,15
2023_3151_3280,0.7927406776215296,3280,3151,Mississippi St,Chattanooga,1648.6825811607623,1510.9961838972956,11,16
2023_3170_3339,0.587287154253425,3339,3170,Portland,CS Sacramento,1697.49527781994,1613.0365458577303,12,13
2023_3339_3381,0.607444817314055,3339,3381,Portland,Southern Utah,1697.49527781994,1639.701958180419,12,14
2023_3221_3339,0.6646188871835834,3339,3221,Portland,Holy Cross,1697.49527781994,1629.2629259481291,12,15
2023_3313_3339,0.7043986008539156,3339,3313,Portland,Norfolk St,1697.49527781994,1602.2116912546117,12,16
2023_3339_3390,0.03235063584645604,3339,3390,Portland,Stanford,1697.49527781994,1908.977300569646,12,1
2023_3234_3339,0.060710710097362244,3339,3234,Portland,Iowa,1697.49527781994,1870.0390816644287,12,2
2023_3181_3339,0.0795968530016546,3339,3181,Portland,Duke,1697.49527781994,1790.301488742785,12,3
2023_3339_3400,0.10277067116920692,3339,3400,Portland,Texas,1697.49527781994,1815.9967388701339,12,4
2023_3257_3339,0.14011647463175403,3339,3257,Portland,Louisville,1697.49527781994,1802.6606489162655,12,5
2023_3160_3339,0.19376394953110754,3339,3160,Portland,Colorado,1697.49527781994,1747.8027385138969,12,6
2023_3199_3339,0.22832289305670475,3339,3199,Portland,Florida St,1697.49527781994,1699.7348268401822,12,7
2023_3279_3339,0.26372245540476297,3339,3279,Portland,Mississippi,1697.49527781994,1748.6337804634163,12,8
2023_3211_3339,0.2961626505578394,3339,3211,Portland,Gonzaga,1697.49527781994,1827.899035685442,12,9
2023_3208_3339,0.33686317007789396,3339,3208,Portland,Georgia,1697.49527781994,1712.8913313664273,12,10
2023_3292_3339,0.36854818889885976,3339,3292,Portland,MTSU,1697.49527781994,1777.2829997325239,12,11
2023_3179_3339,0.45387764871120456,3339,3179,Portland,Drake,1697.49527781994,1697.4695442261514,12,12
2023_3187_3339,0.5539166743120569,3339,3187,Portland,East Carolina,1697.49527781994,1632.975233621385,12,13
2023_3233_3339,0.6011766885613465,3339,3233,Portland,Iona,1697.49527781994,1615.6976357645276,12,14
2023_3339_3368,0.6687604265188343,3339,3368,Portland,SE Louisiana,1697.49527781994,1553.8846780379956,12,15
2023_3339_3357,0.752426458992,3339,3357,Portland,Sacred Heart,1697.49527781994,1449.4167263331549,12,16
2023_3339_3380,0.7400764958038286,3339,3380,Portland,Southern Univ,1697.49527781994,1517.4087938006023,12,16
2023_3231_3339,0.035599674322952975,3339,3231,Portland,Indiana,1697.49527781994,1868.6504754692617,12,1
2023_3339_3428,0.07018782626490756,3339,3428,Portland,Utah,1697.49527781994,1800.7318318752298,12,2
2023_3261_3339,0.08024702232950971,3339,3261,Portland,LSU,1697.49527781994,1864.3183903367678,12,3
2023_3339_3437,0.10494460436974508,3339,3437,Portland,Villanova,1697.49527781994,1841.7034566384116,12,4
2023_3339_3450,0.15424979202779876,3339,3450,Portland,Washington St,1697.49527781994,1765.8827084988868,12,5
2023_3276_3339,0.20990995373108923,3339,3276,Portland,Michigan,1697.49527781994,1743.5697265353447,12,6
2023_3301_3339,0.20801037145002102,3339,3301,Portland,NC State,1697.49527781994,1769.9034812206935,12,7
2023_3329_3339,0.2529257035777614,3339,3329,Portland,Oklahoma St,1697.49527781994,1661.836187921656,12,8
2023_3274_3339,0.30649929178007795,3339,3274,Portland,Miami FL,1697.49527781994,1681.351650097899,12,9
2023_3339_3343,0.3217937188948133,3339,3343,Portland,Princeton,1697.49527781994,1816.719582514641,12,10
2023_3339_3424,0.4098849376478775,3339,3424,Portland,UNLV,1697.49527781994,1781.5098532864504,12,11
2023_3195_3339,0.4528745397925377,3339,3195,Portland,FL Gulf Coast,1697.49527781994,1836.5510410618815,12,12
2023_3156_3339,0.49269397949785176,3339,3156,Portland,Cleveland St,1697.49527781994,1736.7326765943915,12,13
2023_3218_3339,0.620735803732779,3339,3218,Portland,Hawaii,1697.49527781994,1578.9600184597623,12,14
2023_3205_3339,0.6008373575185901,3339,3205,Portland,Gardner Webb,1697.49527781994,1677.3755202435086,12,15
2023_3284_3339,0.7365422234907106,3339,3284,Portland,Monmouth NJ,1697.49527781994,1515.4270054614776,12,16
2023_3339_3399,0.717094867028232,3339,3399,Portland,Tennessee Tech,1697.49527781994,1601.1950436554923,12,16
2023_3339_3439,0.03934307512020086,3339,3439,Portland,Virginia Tech,1697.49527781994,1877.0771224285086,12,1
2023_3163_3339,0.05199913363557025,3339,3163,Portland,Connecticut,1697.49527781994,1926.504762305338,12,2
2023_3326_3339,0.08285477955514238,3339,3326,Portland,Ohio St,1697.49527781994,1808.8412260077441,12,3
2023_3339_3397,0.114768442618594,3339,3397,Portland,Tennessee,1697.49527781994,1787.1506340535723,12,4
2023_3235_3339,0.14039613403710471,3339,3235,Portland,Iowa St,1697.49527781994,1792.7485871099263,12,5
2023_3314_3339,0.17723324205258428,3339,3314,Portland,North Carolina,1697.49527781994,1745.964248895116,12,6
2023_3124_3339,0.22015893426878666,3339,3124,Portland,Baylor,1697.49527781994,1709.7290295199857,12,7
2023_3339_3425,0.27199278613186334,3339,3425,Portland,USC,1697.49527781994,1666.4430616873983,12,8
2023_3339_3355,0.2966999529028769,3339,3355,Portland,S Dakota St,1697.49527781994,1782.9702056641402,12,9
2023_3104_3339,0.328324227293823,3339,3104,Portland,Alabama,1697.49527781994,1663.8092371165892,12,10
2023_3339_3345,0.40147719586282804,3339,3345,Portland,Purdue,1697.49527781994,1629.805418842588,12,11
2023_3339_3385,0.38802228176981046,3339,3385,Portland,St John's,1697.49527781994,1645.2328828958891,12,11
2023_3339_3405,0.4455944955348969,3339,3405,Portland,Toledo,1697.49527781994,1813.7407826360668,12,12
2023_3339_3387,0.5435147697290796,3339,3387,Portland,St Louis,1697.49527781994,1605.9385038294836,12,13
2023_3241_3339,0.5572083090638185,3339,3241,Portland,James Madison,1697.49527781994,1678.2498124691901,12,14
2023_3339_3436,0.6266405211662418,3339,3436,Portland,Vermont,1697.49527781994,1639.2393495950207,12,15
2023_3151_3339,0.7326131300106005,3339,3151,Portland,Chattanooga,1697.49527781994,1510.9961838972956,12,16
2023_3170_3381,0.5135000908932108,3170,3381,CS Sacramento,Southern Utah,1613.0365458577303,1639.701958180419,13,14
2023_3170_3221,0.6071145479773545,3170,3221,CS Sacramento,Holy Cross,1613.0365458577303,1629.2629259481291,13,15
2023_3170_3313,0.6263085828994877,3170,3313,CS Sacramento,Norfolk St,1613.0365458577303,1602.2116912546117,13,16
2023_3170_3390,0.024735845085233448,3170,3390,CS Sacramento,Stanford,1613.0365458577303,1908.977300569646,13,1
2023_3170_3234,0.04121754340951656,3170,3234,CS Sacramento,Iowa,1613.0365458577303,1870.0390816644287,13,2
2023_3170_3181,0.05327247511248752,3170,3181,CS Sacramento,Duke,1613.0365458577303,1790.301488742785,13,3
2023_3170_3400,0.07204540551328704,3170,3400,CS Sacramento,Texas,1613.0365458577303,1815.9967388701339,13,4
2023_3170_3257,0.10447704690967542,3170,3257,CS Sacramento,Louisville,1613.0365458577303,1802.6606489162655,13,5
2023_3160_3170,0.14630272709163772,3170,3160,CS Sacramento,Colorado,1613.0365458577303,1747.8027385138969,13,6
2023_3170_3199,0.1714555831579262,3170,3199,CS Sacramento,Florida St,1613.0365458577303,1699.7348268401822,13,7
2023_3170_3279,0.20416139778835987,3170,3279,CS Sacramento,Mississippi,1613.0365458577303,1748.6337804634163,13,8
2023_3170_3211,0.24155895625806306,3170,3211,CS Sacramento,Gonzaga,1613.0365458577303,1827.899035685442,13,9
2023_3170_3208,0.27816806417950346,3170,3208,CS Sacramento,Georgia,1613.0365458577303,1712.8913313664273,13,10
2023_3170_3292,0.3206168512607553,3170,3292,CS Sacramento,MTSU,1613.0365458577303,1777.2829997325239,13,11
2023_3170_3179,0.3636146342197044,3170,3179,CS Sacramento,Drake,1613.0365458577303,1697.4695442261514,13,12
2023_3170_3187,0.46601299047470096,3170,3187,CS Sacramento,East Carolina,1613.0365458577303,1632.975233621385,13,13
2023_3170_3233,0.5305182600578684,3170,3233,CS Sacramento,Iona,1613.0365458577303,1615.6976357645276,13,14
2023_3170_3368,0.5534567331170106,3170,3368,CS Sacramento,SE Louisiana,1613.0365458577303,1553.8846780379956,13,15
2023_3170_3357,0.6811785625194675,3170,3357,CS Sacramento,Sacred Heart,1613.0365458577303,1449.4167263331549,13,16
2023_3170_3380,0.6624305175518161,3170,3380,CS Sacramento,Southern Univ,1613.0365458577303,1517.4087938006023,13,16
2023_3170_3231,0.026348999626934527,3170,3231,CS Sacramento,Indiana,1613.0365458577303,1868.6504754692617,13,1
2023_3170_3428,0.03662210352843021,3170,3428,CS Sacramento,Utah,1613.0365458577303,1800.7318318752298,13,2
2023_3170_3261,0.05238438266914054,3170,3261,CS Sacramento,LSU,1613.0365458577303,1864.3183903367678,13,3
2023_3170_3437,0.07362106174850509,3170,3437,CS Sacramento,Villanova,1613.0365458577303,1841.7034566384116,13,4
2023_3170_3450,0.10907041366671068,3170,3450,CS Sacramento,Washington St,1613.0365458577303,1765.8827084988868,13,5
2023_3170_3276,0.1422645273092662,3170,3276,CS Sacramento,Michigan,1613.0365458577303,1743.5697265353447,13,6
2023_3170_3301,0.1663199854967886,3170,3301,CS Sacramento,NC State,1613.0365458577303,1769.9034812206935,13,7
2023_3170_3329,0.2224670049284241,3170,3329,CS Sacramento,Oklahoma St,1613.0365458577303,1661.836187921656,13,8
2023_3170_3274,0.28114782860136484,3170,3274,CS Sacramento,Miami FL,1613.0365458577303,1681.351650097899,13,9
2023_3170_3343,0.2746570376778479,3170,3343,CS Sacramento,Princeton,1613.0365458577303,1816.719582514641,13,10
2023_3170_3424,0.3415814439559915,3170,3424,CS Sacramento,UNLV,1613.0365458577303,1781.5098532864504,13,11
2023_3170_3195,0.3719256488421543,3170,3195,CS Sacramento,FL Gulf Coast,1613.0365458577303,1836.5510410618815,13,12
2023_3156_3170,0.41562507152557376,3170,3156,CS Sacramento,Cleveland St,1613.0365458577303,1736.7326765943915,13,13
2023_3170_3218,0.5544896239599604,3170,3218,CS Sacramento,Hawaii,1613.0365458577303,1578.9600184597623,13,14
2023_3170_3205,0.5255825837348962,3170,3205,CS Sacramento,Gardner Webb,1613.0365458577303,1677.3755202435086,13,15
2023_3170_3284,0.6503685789083606,3170,3284,CS Sacramento,Monmouth NJ,1613.0365458577303,1515.4270054614776,13,16
2023_3170_3399,0.6218178646539814,3170,3399,CS Sacramento,Tennessee Tech,1613.0365458577303,1601.1950436554923,13,16
2023_3170_3439,0.029088428169488905,3170,3439,CS Sacramento,Virginia Tech,1613.0365458577303,1877.0771224285086,13,1
2023_3163_3170,0.03452428825323795,3170,3163,CS Sacramento,Connecticut,1613.0365458577303,1926.504762305338,13,2
2023_3170_3326,0.054310540292669976,3170,3326,CS Sacramento,Ohio St,1613.0365458577303,1808.8412260077441,13,3
2023_3170_3397,0.07669244439029739,3170,3397,CS Sacramento,Tennessee,1613.0365458577303,1787.1506340535723,13,4
2023_3170_3235,0.10294773607973796,3170,3235,CS Sacramento,Iowa St,1613.0365458577303,1792.7485871099263,13,5
2023_3170_3314,0.1354874456706916,3170,3314,CS Sacramento,North Carolina,1613.0365458577303,1745.964248895116,13,6
2023_3124_3170,0.17889605890491544,3170,3124,CS Sacramento,Baylor,1613.0365458577303,1709.7290295199857,13,7
2023_3170_3425,0.22456077826364254,3170,3425,CS Sacramento,USC,1613.0365458577303,1666.4430616873983,13,8
2023_3170_3355,0.24330242564535592,3170,3355,CS Sacramento,S Dakota St,1613.0365458577303,1782.9702056641402,13,9
2023_3104_3170,0.2860131083155508,3170,3104,CS Sacramento,Alabama,1613.0365458577303,1663.8092371165892,13,10
2023_3170_3345,0.33817937474498533,3170,3345,CS Sacramento,Purdue,1613.0365458577303,1629.805418842588,13,11
2023_3170_3385,0.34896992396363996,3170,3385,CS Sacramento,St John's,1613.0365458577303,1645.2328828958891,13,11
2023_3170_3405,0.3851302942076309,3170,3405,CS Sacramento,Toledo,1613.0365458577303,1813.7407826360668,13,12
2023_3170_3387,0.4451722711324692,3170,3387,CS Sacramento,St Louis,1613.0365458577303,1605.9385038294836,13,13
2023_3170_3241,0.5156661087831873,3170,3241,CS Sacramento,James Madison,1613.0365458577303,1678.2498124691901,13,14
2023_3170_3436,0.5853137021159196,3170,3436,CS Sacramento,Vermont,1613.0365458577303,1639.2393495950207,13,15
2023_3151_3170,0.617258958694852,3170,3151,CS Sacramento,Chattanooga,1613.0365458577303,1510.9961838972956,13,16
2023_3221_3381,0.5771882349810022,3381,3221,Southern Utah,Holy Cross,1639.701958180419,1629.2629259481291,14,15
2023_3313_3381,0.5894019697999024,3381,3313,Southern Utah,Norfolk St,1639.701958180419,1602.2116912546117,14,16
2023_3381_3390,0.022414601799100636,3381,3390,Southern Utah,Stanford,1639.701958180419,1908.977300569646,14,1
2023_3234_3381,0.028558000847697256,3381,3234,Southern Utah,Iowa,1639.701958180419,1870.0390816644287,14,2
2023_3181_3381,0.031322302987178315,3381,3181,Southern Utah,Duke,1639.701958180419,1790.301488742785,14,3
2023_3381_3400,0.04935793447892829,3381,3400,Southern Utah,Texas,1639.701958180419,1815.9967388701339,14,4
2023_3257_3381,0.07495530706518934,3381,3257,Southern Utah,Louisville,1639.701958180419,1802.6606489162655,14,5
2023_3160_3381,0.1168018457618807,3381,3160,Southern Utah,Colorado,1639.701958180419,1747.8027385138969,14,6
2023_3199_3381,0.14839326687487708,3381,3199,Southern Utah,Florida St,1639.701958180419,1699.7348268401822,14,7
2023_3279_3381,0.17334413025060236,3381,3279,Southern Utah,Mississippi,1639.701958180419,1748.6337804634163,14,8
2023_3211_3381,0.20842158016903614,3381,3211,Southern Utah,Gonzaga,1639.701958180419,1827.899035685442,14,9
2023_3208_3381,0.24379839589453195,3381,3208,Southern Utah,Georgia,1639.701958180419,1712.8913313664273,14,10
2023_3292_3381,0.28007038739570334,3381,3292,Southern Utah,MTSU,1639.701958180419,1777.2829997325239,14,11
2023_3179_3381,0.36598882328519605,3381,3179,Southern Utah,Drake,1639.701958180419,1697.4695442261514,14,12
2023_3187_3381,0.4419574593940361,3381,3187,Southern Utah,East Carolina,1639.701958180419,1632.975233621385,14,13
2023_3233_3381,0.5291713535785676,3381,3233,Southern Utah,Iona,1639.701958180419,1615.6976357645276,14,14
2023_3368_3381,0.579852622207107,3381,3368,Southern Utah,SE Louisiana,1639.701958180419,1553.8846780379956,14,15
2023_3357_3381,0.6700871383046174,3381,3357,Southern Utah,Sacred Heart,1639.701958180419,1449.4167263331549,14,16
2023_3380_3381,0.6492429320906663,3381,3380,Southern Utah,Southern Univ,1639.701958180419,1517.4087938006023,14,16
2023_3231_3381,0.025949748158454893,3381,3231,Southern Utah,Indiana,1639.701958180419,1868.6504754692617,14,1
2023_3381_3428,0.030239490717649458,3381,3428,Southern Utah,Utah,1639.701958180419,1800.7318318752298,14,2
2023_3261_3381,0.036022438892473925,3381,3261,Southern Utah,LSU,1639.701958180419,1864.3183903367678,14,3
2023_3381_3437,0.050927199047316754,3381,3437,Southern Utah,Villanova,1639.701958180419,1841.7034566384116,14,4
2023_3381_3450,0.07747356139743374,3381,3450,Southern Utah,Washington St,1639.701958180419,1765.8827084988868,14,5
2023_3276_3381,0.11666131291066152,3381,3276,Southern Utah,Michigan,1639.701958180419,1743.5697265353447,14,6
2023_3301_3381,0.1324862009319936,3381,3301,Southern Utah,NC State,1639.701958180419,1769.9034812206935,14,7
2023_3329_3381,0.18465135674455702,3381,3329,Southern Utah,Oklahoma St,1639.701958180419,1661.836187921656,14,8
2023_3274_3381,0.22585199368341183,3381,3274,Southern Utah,Miami FL,1639.701958180419,1681.351650097899,14,9
2023_3343_3381,0.2378787177578256,3381,3343,Southern Utah,Princeton,1639.701958180419,1816.719582514641,14,10
2023_3381_3424,0.2854086427117224,3381,3424,Southern Utah,UNLV,1639.701958180419,1781.5098532864504,14,11
2023_3195_3381,0.33242598052868627,3381,3195,Southern Utah,FL Gulf Coast,1639.701958180419,1836.5510410618815,14,12
2023_3156_3381,0.40265502089649274,3381,3156,Southern Utah,Cleveland St,1639.701958180419,1736.7326765943915,14,13
2023_3218_3381,0.515152058005333,3381,3218,Southern Utah,Hawaii,1639.701958180419,1578.9600184597623,14,14
2023_3205_3381,0.5156089330276865,3381,3205,Southern Utah,Gardner Webb,1639.701958180419,1677.3755202435086,14,15
2023_3284_3381,0.6550692861174607,3381,3284,Southern Utah,Monmouth NJ,1639.701958180419,1515.4270054614776,14,16
2023_3381_3399,0.594094956407454,3381,3399,Southern Utah,Tennessee Tech,1639.701958180419,1601.1950436554923,14,16
2023_3381_3439,0.028567562736570833,3381,3439,Southern Utah,Virginia Tech,1639.701958180419,1877.0771224285086,14,1
2023_3163_3381,0.024781640544533728,3381,3163,Southern Utah,Connecticut,1639.701958180419,1926.504762305338,14,2
2023_3326_3381,0.03459044847761606,3381,3326,Southern Utah,Ohio St,1639.701958180419,1808.8412260077441,14,3
2023_3381_3397,0.05275577641676828,3381,3397,Southern Utah,Tennessee,1639.701958180419,1787.1506340535723,14,4
2023_3235_3381,0.07305093959593818,3381,3235,Southern Utah,Iowa St,1639.701958180419,1792.7485871099263,14,5
2023_3314_3381,0.1063937739608143,3381,3314,Southern Utah,North Carolina,1639.701958180419,1745.964248895116,14,6
2023_3124_3381,0.14753104843529807,3381,3124,Southern Utah,Baylor,1639.701958180419,1709.7290295199857,14,7
2023_3381_3425,0.18451713826039373,3381,3425,Southern Utah,USC,1639.701958180419,1666.4430616873983,14,8
2023_3355_3381,0.207052506182029,3381,3355,Southern Utah,S Dakota St,1639.701958180419,1782.9702056641402,14,9
2023_3104_3381,0.24342764010286783,3381,3104,Southern Utah,Alabama,1639.701958180419,1663.8092371165892,14,10
2023_3345_3381,0.3000321654702063,3381,3345,Southern Utah,Purdue,1639.701958180419,1629.805418842588,14,11
2023_3381_3385,0.30666712355860426,3381,3385,Southern Utah,St John's,1639.701958180419,1645.2328828958891,14,11
2023_3381_3405,0.32964214186916135,3381,3405,Southern Utah,Toledo,1639.701958180419,1813.7407826360668,14,12
2023_3381_3387,0.4082297017613037,3381,3387,Southern Utah,St Louis,1639.701958180419,1605.9385038294836,14,13
2023_3241_3381,0.4549742177128792,3381,3241,Southern Utah,James Madison,1639.701958180419,1678.2498124691901,14,14
2023_3381_3436,0.5543809050878901,3381,3436,Southern Utah,Vermont,1639.701958180419,1639.2393495950207,14,15
2023_3151_3381,0.5941759591197038,3381,3151,Southern Utah,Chattanooga,1639.701958180419,1510.9961838972956,14,16
2023_3221_3313,0.5311470592579264,3221,3313,Holy Cross,Norfolk St,1629.2629259481291,1602.2116912546117,15,16
2023_3221_3390,0.022297352477908133,3221,3390,Holy Cross,Stanford,1629.2629259481291,1908.977300569646,15,1
2023_3221_3234,0.029241542257368563,3221,3234,Holy Cross,Iowa,1629.2629259481291,1870.0390816644287,15,2
2023_3181_3221,0.024929474499076603,3221,3181,Holy Cross,Duke,1629.2629259481291,1790.301488742785,15,3
2023_3221_3400,0.030982422401507843,3221,3400,Holy Cross,Texas,1629.2629259481291,1815.9967388701339,15,4
2023_3221_3257,0.052689972888936246,3221,3257,Holy Cross,Louisville,1629.2629259481291,1802.6606489162655,15,5
2023_3160_3221,0.07921408687406824,3221,3160,Holy Cross,Colorado,1629.2629259481291,1747.8027385138969,15,6
2023_3199_3221,0.10448743115638238,3221,3199,Holy Cross,Florida St,1629.2629259481291,1699.7348268401822,15,7
2023_3221_3279,0.13742950469586002,3221,3279,Holy Cross,Mississippi,1629.2629259481291,1748.6337804634163,15,8
2023_3211_3221,0.16224068458655416,3221,3211,Holy Cross,Gonzaga,1629.2629259481291,1827.899035685442,15,9
2023_3208_3221,0.20432819579882835,3221,3208,Holy Cross,Georgia,1629.2629259481291,1712.8913313664273,15,10
2023_3221_3292,0.22919869450486158,3221,3292,Holy Cross,MTSU,1629.2629259481291,1777.2829997325239,15,11
2023_3179_3221,0.28544384297975256,3221,3179,Holy Cross,Drake,1629.2629259481291,1697.4695442261514,15,12
2023_3187_3221,0.360833923032377,3221,3187,Holy Cross,East Carolina,1629.2629259481291,1632.975233621385,15,13
2023_3221_3233,0.4287796100416763,3221,3233,Holy Cross,Iona,1629.2629259481291,1615.6976357645276,15,14
2023_3221_3368,0.45666055232286457,3221,3368,Holy Cross,SE Louisiana,1629.2629259481291,1553.8846780379956,15,15
2023_3221_3357,0.592734810169639,3221,3357,Holy Cross,Sacred Heart,1629.2629259481291,1449.4167263331549,15,16
2023_3221_3380,0.5902567172607798,3221,3380,Holy Cross,Southern Univ,1629.2629259481291,1517.4087938006023,15,16
2023_3221_3231,0.024325001910328863,3221,3231,Holy Cross,Indiana,1629.2629259481291,1868.6504754692617,15,1
2023_3221_3428,0.027406752966344355,3221,3428,Holy Cross,Utah,1629.2629259481291,1800.7318318752298,15,2
2023_3221_3261,0.025033948402851818,3221,3261,Holy Cross,LSU,1629.2629259481291,1864.3183903367678,15,3
2023_3221_3437,0.03142517035951232,3221,3437,Holy Cross,Villanova,1629.2629259481291,1841.7034566384116,15,4
2023_3221_3450,0.057239700664092744,3221,3450,Holy Cross,Washington St,1629.2629259481291,1765.8827084988868,15,5
2023_3221_3276,0.08491197240227506,3221,3276,Holy Cross,Michigan,1629.2629259481291,1743.5697265353447,15,6
2023_3221_3301,0.10185609191183788,3221,3301,Holy Cross,NC State,1629.2629259481291,1769.9034812206935,15,7
2023_3221_3329,0.14891486712130653,3221,3329,Holy Cross,Oklahoma St,1629.2629259481291,1661.836187921656,15,8
2023_3221_3274,0.18885550703385412,3221,3274,Holy Cross,Miami FL,1629.2629259481291,1681.351650097899,15,9
2023_3221_3343,0.19578395192666267,3221,3343,Holy Cross,Princeton,1629.2629259481291,1816.719582514641,15,10
2023_3221_3424,0.24415195574617837,3221,3424,Holy Cross,UNLV,1629.2629259481291,1781.5098532864504,15,11
2023_3195_3221,0.27975481060394003,3221,3195,Holy Cross,FL Gulf Coast,1629.2629259481291,1836.5510410618815,15,12
2023_3156_3221,0.32688176508793615,3221,3156,Holy Cross,Cleveland St,1629.2629259481291,1736.7326765943915,15,13
2023_3218_3221,0.4239728605189903,3221,3218,Holy Cross,Hawaii,1629.2629259481291,1578.9600184597623,15,14
2023_3205_3221,0.4460822477936745,3221,3205,Holy Cross,Gardner Webb,1629.2629259481291,1677.3755202435086,15,15
2023_3221_3284,0.5489515775999445,3221,3284,Holy Cross,Monmouth NJ,1629.2629259481291,1515.4270054614776,15,16
2023_3221_3399,0.5206379706224817,3221,3399,Holy Cross,Tennessee Tech,1629.2629259481291,1601.1950436554923,15,16
2023_3221_3439,0.025887280628085135,3221,3439,Holy Cross,Virginia Tech,1629.2629259481291,1877.0771224285086,15,1
2023_3163_3221,0.024114510901272295,3221,3163,Holy Cross,Connecticut,1629.2629259481291,1926.504762305338,15,2
2023_3221_3326,0.026943486109375952,3221,3326,Holy Cross,Ohio St,1629.2629259481291,1808.8412260077441,15,3
2023_3221_3397,0.033153072224309195,3221,3397,Holy Cross,Tennessee,1629.2629259481291,1787.1506340535723,15,4
2023_3221_3235,0.051007775213827336,3221,3235,Holy Cross,Iowa St,1629.2629259481291,1792.7485871099263,15,5
2023_3221_3314,0.07322894327962444,3221,3314,Holy Cross,North Carolina,1629.2629259481291,1745.964248895116,15,6
2023_3124_3221,0.11725384082172853,3221,3124,Holy Cross,Baylor,1629.2629259481291,1709.7290295199857,15,7
2023_3221_3425,0.14084606714877235,3221,3425,Holy Cross,USC,1629.2629259481291,1666.4430616873983,15,8
2023_3221_3355,0.1630531666753584,3221,3355,Holy Cross,S Dakota St,1629.2629259481291,1782.9702056641402,15,9
2023_3104_3221,0.20633760248465752,3221,3104,Holy Cross,Alabama,1629.2629259481291,1663.8092371165892,15,10
2023_3221_3345,0.24265269403911088,3221,3345,Holy Cross,Purdue,1629.2629259481291,1629.805418842588,15,11
2023_3221_3385,0.24504383494711374,3221,3385,Holy Cross,St John's,1629.2629259481291,1645.2328828958891,15,11
2023_3221_3405,0.2899198761309023,3221,3405,Holy Cross,Toledo,1629.2629259481291,1813.7407826360668,15,12
2023_3221_3387,0.33691331621060155,3221,3387,Holy Cross,St Louis,1629.2629259481291,1605.9385038294836,15,13
2023_3221_3241,0.41419524008422925,3221,3241,Holy Cross,James Madison,1629.2629259481291,1678.2498124691901,15,14
2023_3221_3436,0.45370258241891864,3221,3436,Holy Cross,Vermont,1629.2629259481291,1639.2393495950207,15,15
2023_3151_3221,0.5045795032939333,3221,3151,Holy Cross,Chattanooga,1629.2629259481291,1510.9961838972956,15,16
2023_3313_3390,0.0251923337765038,3313,3390,Norfolk St,Stanford,1602.2116912546117,1908.977300569646,16,1
2023_3234_3313,0.038295758813619615,3313,3234,Norfolk St,Iowa,1602.2116912546117,1870.0390816644287,16,2
2023_3181_3313,0.027003309614956377,3313,3181,Norfolk St,Duke,1602.2116912546117,1790.301488742785,16,3
2023_3313_3400,0.025595632307231424,3313,3400,Norfolk St,Texas,1602.2116912546117,1815.9967388701339,16,4
2023_3257_3313,0.043007515595605124,3313,3257,Norfolk St,Louisville,1602.2116912546117,1802.6606489162655,16,5
2023_3160_3313,0.06346420067947074,3313,3160,Norfolk St,Colorado,1602.2116912546117,1747.8027385138969,16,6
2023_3199_3313,0.08231709536784933,3313,3199,Norfolk St,Florida St,1602.2116912546117,1699.7348268401822,16,7
2023_3279_3313,0.11048076200757963,3313,3279,Norfolk St,Mississippi,1602.2116912546117,1748.6337804634163,16,8
2023_3211_3313,0.1456522392514621,3313,3211,Norfolk St,Gonzaga,1602.2116912546117,1827.899035685442,16,9
2023_3208_3313,0.18513054828622877,3313,3208,Norfolk St,Georgia,1602.2116912546117,1712.8913313664273,16,10
2023_3292_3313,0.21266445857627606,3313,3292,Norfolk St,MTSU,1602.2116912546117,1777.2829997325239,16,11
2023_3179_3313,0.25637746816134904,3313,3179,Norfolk St,Drake,1602.2116912546117,1697.4695442261514,16,12
2023_3187_3313,0.340008978369319,3313,3187,Norfolk St,East Carolina,1602.2116912546117,1632.975233621385,16,13
2023_3233_3313,0.4106340284253099,3313,3233,Norfolk St,Iona,1602.2116912546117,1615.6976357645276,16,14
2023_3313_3368,0.4200293650665863,3313,3368,Norfolk St,SE Louisiana,1602.2116912546117,1553.8846780379956,16,15
2023_3313_3357,0.5605330377817155,3313,3357,Norfolk St,Sacred Heart,1602.2116912546117,1449.4167263331549,16,16
2023_3313_3380,0.535110554099083,3313,3380,Norfolk St,Southern Univ,1602.2116912546117,1517.4087938006023,16,16
2023_3231_3313,0.029948937632143496,3313,3231,Norfolk St,Indiana,1602.2116912546117,1868.6504754692617,16,1
2023_3313_3428,0.033771894797682764,3313,3428,Norfolk St,Utah,1602.2116912546117,1800.7318318752298,16,2
2023_3261_3313,0.027818930260837076,3313,3261,Norfolk St,LSU,1602.2116912546117,1864.3183903367678,16,3
2023_3313_3437,0.02834965746849775,3313,3437,Norfolk St,Villanova,1602.2116912546117,1841.7034566384116,16,4
2023_3313_3450,0.04525730036323284,3313,3450,Norfolk St,Washington St,1602.2116912546117,1765.8827084988868,16,5
2023_3276_3313,0.06551909315984412,3313,3276,Norfolk St,Michigan,1602.2116912546117,1743.5697265353447,16,6
2023_3301_3313,0.08530118328207777,3313,3301,Norfolk St,NC State,1602.2116912546117,1769.9034812206935,16,7
2023_3313_3329,0.1456911684152935,3313,3329,Norfolk St,Oklahoma St,1602.2116912546117,1661.836187921656,16,8
2023_3274_3313,0.16362672396334754,3313,3274,Norfolk St,Miami FL,1602.2116912546117,1681.351650097899,16,9
2023_3313_3343,0.16833551283457815,3313,3343,Norfolk St,Princeton,1602.2116912546117,1816.719582514641,16,10
2023_3313_3424,0.23512956467612003,3313,3424,Norfolk St,UNLV,1602.2116912546117,1781.5098532864504,16,11
2023_3195_3313,0.25939040472364877,3313,3195,Norfolk St,FL Gulf Coast,1602.2116912546117,1836.5510410618815,16,12
2023_3156_3313,0.2961753351713057,3313,3156,Norfolk St,Cleveland St,1602.2116912546117,1736.7326765943915,16,13
2023_3218_3313,0.4376478965188005,3313,3218,Norfolk St,Hawaii,1602.2116912546117,1578.9600184597623,16,14
2023_3205_3313,0.41574507260709836,3313,3205,Norfolk St,Gardner Webb,1602.2116912546117,1677.3755202435086,16,15
2023_3284_3313,0.5414720535278321,3313,3284,Norfolk St,Monmouth NJ,1602.2116912546117,1515.4270054614776,16,16
2023_3313_3399,0.49723977446556095,3313,3399,Norfolk St,Tennessee Tech,1602.2116912546117,1601.1950436554923,16,16
2023_3313_3439,0.034263418912887575,3313,3439,Norfolk St,Virginia Tech,1602.2116912546117,1877.0771224285086,16,1
2023_3163_3313,0.027868612594902514,3313,3163,Norfolk St,Connecticut,1602.2116912546117,1926.504762305338,16,2
2023_3313_3326,0.03386239513754845,3313,3326,Norfolk St,Ohio St,1602.2116912546117,1808.8412260077441,16,3
2023_3313_3397,0.034672574996948244,3313,3397,Norfolk St,Tennessee,1602.2116912546117,1787.1506340535723,16,4
2023_3235_3313,0.0420289582026503,3313,3235,Norfolk St,Iowa St,1602.2116912546117,1792.7485871099263,16,5
2023_3313_3314,0.055692422759045804,3313,3314,Norfolk St,North Carolina,1602.2116912546117,1745.964248895116,16,6
2023_3124_3313,0.10252068948620603,3313,3124,Norfolk St,Baylor,1602.2116912546117,1709.7290295199857,16,7
2023_3313_3425,0.11715883846853715,3313,3425,Norfolk St,USC,1602.2116912546117,1666.4430616873983,16,8
2023_3313_3355,0.1471896926346694,3313,3355,Norfolk St,S Dakota St,1602.2116912546117,1782.9702056641402,16,9
2023_3104_3313,0.1793437382159525,3313,3104,Norfolk St,Alabama,1602.2116912546117,1663.8092371165892,16,10
2023_3313_3345,0.23434521225435948,3313,3345,Norfolk St,Purdue,1602.2116912546117,1629.805418842588,16,11
2023_3313_3385,0.23738585752589916,3313,3385,Norfolk St,St John's,1602.2116912546117,1645.2328828958891,16,11
2023_3313_3405,0.27062723999476884,3313,3405,Norfolk St,Toledo,1602.2116912546117,1813.7407826360668,16,12
2023_3313_3387,0.31341153812655165,3313,3387,Norfolk St,St Louis,1602.2116912546117,1605.9385038294836,16,13
2023_3241_3313,0.38542299967059873,3313,3241,Norfolk St,James Madison,1602.2116912546117,1678.2498124691901,16,14
2023_3313_3436,0.46518161946922376,3313,3436,Norfolk St,Vermont,1602.2116912546117,1639.2393495950207,16,15
2023_3151_3313,0.49348831772804264,3313,3151,Norfolk St,Chattanooga,1602.2116912546117,1510.9961838972956,16,16
2023_3234_3390,0.6118113512358088,3390,3234,Stanford,Iowa,1908.977300569646,1870.0390816644287,1,2
2023_3181_3390,0.677038962135222,3390,3181,Stanford,Duke,1908.977300569646,1790.301488742785,1,3
2023_3390_3400,0.6759389417146808,3390,3400,Stanford,Texas,1908.977300569646,1815.9967388701339,1,4
2023_3257_3390,0.7517970637454943,3390,3257,Stanford,Louisville,1908.977300569646,1802.6606489162655,1,5
2023_3160_3390,0.7929608273770075,3390,3160,Stanford,Colorado,1908.977300569646,1747.8027385138969,1,6
2023_3199_3390,0.8309510985436149,3390,3199,Stanford,Florida St,1908.977300569646,1699.7348268401822,1,7
2023_3279_3390,0.8570456092771617,3390,3279,Stanford,Mississippi,1908.977300569646,1748.6337804634163,1,8
2023_3211_3390,0.8821977636637834,3390,3211,Stanford,Gonzaga,1908.977300569646,1827.899035685442,1,9
2023_3208_3390,0.9220085485590099,3390,3208,Stanford,Georgia,1908.977300569646,1712.8913313664273,1,10
2023_3292_3390,0.9418574778397787,3390,3292,Stanford,MTSU,1908.977300569646,1777.2829997325239,1,11
2023_3179_3390,0.967557155116151,3390,3179,Stanford,Drake,1908.977300569646,1697.4695442261514,1,12
2023_3187_3390,0.9736028265953064,3390,3187,Stanford,East Carolina,1908.977300569646,1632.975233621385,1,13
2023_3233_3390,0.9717419397830963,3390,3233,Stanford,Iona,1908.977300569646,1615.6976357645276,1,14
2023_3368_3390,0.9712775003910065,3390,3368,Stanford,SE Louisiana,1908.977300569646,1553.8846780379956,1,15
2023_3357_3390,0.976162279844284,3390,3357,Stanford,Sacred Heart,1908.977300569646,1449.4167263331549,1,16
2023_3380_3390,0.9718508672714233,3390,3380,Stanford,Southern Univ,1908.977300569646,1517.4087938006023,1,16
2023_3231_3390,0.519476479291916,3390,3231,Stanford,Indiana,1908.977300569646,1868.6504754692617,1,1
2023_3390_3428,0.6405539030393976,3390,3428,Stanford,Utah,1908.977300569646,1800.7318318752298,1,2
2023_3261_3390,0.6258584951256776,3390,3261,Stanford,LSU,1908.977300569646,1864.3183903367678,1,3
2023_3390_3437,0.6849801318620807,3390,3437,Stanford,Villanova,1908.977300569646,1841.7034566384116,1,4
2023_3390_3450,0.7731892899646715,3390,3450,Stanford,Washington St,1908.977300569646,1765.8827084988868,1,5
2023_3276_3390,0.8035302210118036,3390,3276,Stanford,Michigan,1908.977300569646,1743.5697265353447,1,6
2023_3301_3390,0.8288842776837059,3390,3301,Stanford,NC State,1908.977300569646,1769.9034812206935,1,7
2023_3329_3390,0.846288461011323,3390,3329,Stanford,Oklahoma St,1908.977300569646,1661.836187921656,1,8
2023_3274_3390,0.8907144329371599,3390,3274,Stanford,Miami FL,1908.977300569646,1681.351650097899,1,9
2023_3343_3390,0.9195298894060253,3390,3343,Stanford,Princeton,1908.977300569646,1816.719582514641,1,10
2023_3390_3424,0.9465875832398641,3390,3424,Stanford,UNLV,1908.977300569646,1781.5098532864504,1,11
2023_3195_3390,0.9442064096766216,3390,3195,Stanford,FL Gulf Coast,1908.977300569646,1836.5510410618815,1,12
2023_3156_3390,0.9722912859916687,3390,3156,Stanford,Cleveland St,1908.977300569646,1736.7326765943915,1,13
2023_3218_3390,0.9765503656864166,3390,3218,Stanford,Hawaii,1908.977300569646,1578.9600184597623,1,14
2023_3205_3390,0.9703532111644745,3390,3205,Stanford,Gardner Webb,1908.977300569646,1677.3755202435086,1,15
2023_3284_3390,0.9771760356426239,3390,3284,Stanford,Monmouth NJ,1908.977300569646,1515.4270054614776,1,16
2023_3390_3399,0.9763904166221619,3390,3399,Stanford,Tennessee Tech,1908.977300569646,1601.1950436554923,1,16
2023_3390_3439,0.5798574149608613,3390,3439,Stanford,Virginia Tech,1908.977300569646,1877.0771224285086,1,1
2023_3163_3390,0.6129961276611704,3390,3163,Stanford,Connecticut,1908.977300569646,1926.504762305338,1,2
2023_3326_3390,0.6780636553858781,3390,3326,Stanford,Ohio St,1908.977300569646,1808.8412260077441,1,3
2023_3390_3397,0.7176944242691166,3390,3397,Stanford,Tennessee,1908.977300569646,1787.1506340535723,1,4
2023_3235_3390,0.7665025130882219,3390,3235,Stanford,Iowa St,1908.977300569646,1792.7485871099263,1,5
2023_3314_3390,0.7929785299565058,3390,3314,Stanford,North Carolina,1908.977300569646,1745.964248895116,1,6
2023_3124_3390,0.8284721711697288,3390,3124,Stanford,Baylor,1908.977300569646,1709.7290295199857,1,7
2023_3390_3425,0.8663984125074473,3390,3425,Stanford,USC,1908.977300569646,1666.4430616873983,1,8
2023_3355_3390,0.8791464230837969,3390,3355,Stanford,S Dakota St,1908.977300569646,1782.9702056641402,1,9
2023_3104_3390,0.9134635074747204,3390,3104,Stanford,Alabama,1908.977300569646,1663.8092371165892,1,10
2023_3345_3390,0.9420586435158956,3390,3345,Stanford,Purdue,1908.977300569646,1629.805418842588,1,11
2023_3385_3390,0.9456525651772726,3390,3385,Stanford,St John's,1908.977300569646,1645.2328828958891,1,11
2023_3390_3405,0.9650554289656383,3390,3405,Stanford,Toledo,1908.977300569646,1813.7407826360668,1,12
2023_3387_3390,0.9760536503791809,3390,3387,Stanford,St Louis,1908.977300569646,1605.9385038294836,1,13
2023_3241_3390,0.9743984293937683,3390,3241,Stanford,James Madison,1908.977300569646,1678.2498124691901,1,14
2023_3390_3436,0.9749985587596893,3390,3436,Stanford,Vermont,1908.977300569646,1639.2393495950207,1,15
2023_3151_3390,0.9756866347789764,3390,3151,Stanford,Chattanooga,1908.977300569646,1510.9961838972956,1,16
2023_3181_3234,0.5566434676012415,3234,3181,Iowa,Duke,1870.0390816644287,1790.301488742785,2,3
2023_3234_3400,0.5574171786402726,3234,3400,Iowa,Texas,1870.0390816644287,1815.9967388701339,2,4
2023_3234_3257,0.627016358253873,3234,3257,Iowa,Louisville,1870.0390816644287,1802.6606489162655,2,5
2023_3160_3234,0.7060089991464571,3234,3160,Iowa,Colorado,1870.0390816644287,1747.8027385138969,2,6
2023_3199_3234,0.7503764081265192,3234,3199,Iowa,Florida St,1870.0390816644287,1699.7348268401822,2,7
2023_3234_3279,0.7633165309252449,3234,3279,Iowa,Mississippi,1870.0390816644287,1748.6337804634163,2,8
2023_3211_3234,0.780854467075738,3234,3211,Iowa,Gonzaga,1870.0390816644287,1827.899035685442,2,9
2023_3208_3234,0.8602384290518907,3234,3208,Iowa,Georgia,1870.0390816644287,1712.8913313664273,2,10
2023_3234_3292,0.8861844881189465,3234,3292,Iowa,MTSU,1870.0390816644287,1777.2829997325239,2,11
2023_3179_3234,0.9356319217046011,3234,3179,Iowa,Drake,1870.0390816644287,1697.4695442261514,2,12
2023_3187_3234,0.9560196926432354,3234,3187,Iowa,East Carolina,1870.0390816644287,1632.975233621385,2,13
2023_3233_3234,0.9663128209114075,3234,3233,Iowa,Iona,1870.0390816644287,1615.6976357645276,2,14
2023_3234_3368,0.9640940976142883,3234,3368,Iowa,SE Louisiana,1870.0390816644287,1553.8846780379956,2,15
2023_3234_3357,0.9716132533550262,3234,3357,Iowa,Sacred Heart,1870.0390816644287,1449.4167263331549,2,16
2023_3234_3380,0.9607924473285675,3234,3380,Iowa,Southern Univ,1870.0390816644287,1517.4087938006023,2,16
2023_3231_3234,0.41251092458158567,3234,3231,Iowa,Indiana,1870.0390816644287,1868.6504754692617,2,1
2023_3234_3428,0.5092343300580979,3234,3428,Iowa,Utah,1870.0390816644287,1800.7318318752298,2,2
2023_3234_3261,0.49294829761594716,3234,3261,Iowa,LSU,1870.0390816644287,1864.3183903367678,2,3
2023_3234_3437,0.5794911925887132,3234,3437,Iowa,Villanova,1870.0390816644287,1841.7034566384116,2,4
2023_3234_3450,0.6938168631767399,3234,3450,Iowa,Washington St,1870.0390816644287,1765.8827084988868,2,5
2023_3234_3276,0.7200322286262468,3234,3276,Iowa,Michigan,1870.0390816644287,1743.5697265353447,2,6
2023_3234_3301,0.7495309013392191,3234,3301,Iowa,NC State,1870.0390816644287,1769.9034812206935,2,7
2023_3234_3329,0.7750967184128471,3234,3329,Iowa,Oklahoma St,1870.0390816644287,1661.836187921656,2,8
2023_3234_3274,0.8356830661710826,3234,3274,Iowa,Miami FL,1870.0390816644287,1681.351650097899,2,9
2023_3234_3343,0.8245961925807146,3234,3343,Iowa,Princeton,1870.0390816644287,1816.719582514641,2,10
2023_3234_3424,0.894190285981953,3234,3424,Iowa,UNLV,1870.0390816644287,1781.5098532864504,2,11
2023_3195_3234,0.8820978460868109,3234,3195,Iowa,FL Gulf Coast,1870.0390816644287,1836.5510410618815,2,12
2023_3156_3234,0.9247463574248058,3234,3156,Iowa,Cleveland St,1870.0390816644287,1736.7326765943915,2,13
2023_3218_3234,0.9708381545543671,3234,3218,Iowa,Hawaii,1870.0390816644287,1578.9600184597623,2,14
2023_3205_3234,0.9531843018531799,3234,3205,Iowa,Gardner Webb,1870.0390816644287,1677.3755202435086,2,15
2023_3234_3284,0.9675136160850525,3234,3284,Iowa,Monmouth NJ,1870.0390816644287,1515.4270054614776,2,16
2023_3234_3399,0.9666327786445618,3234,3399,Iowa,Tennessee Tech,1870.0390816644287,1601.1950436554923,2,16
2023_3234_3439,0.44845368022113874,3234,3439,Iowa,Virginia Tech,1870.0390816644287,1877.0771224285086,2,1
2023_3163_3234,0.46690119653940204,3234,3163,Iowa,Connecticut,1870.0390816644287,1926.504762305338,2,2
2023_3234_3326,0.566384684499206,3234,3326,Iowa,Ohio St,1870.0390816644287,1808.8412260077441,2,3
2023_3234_3397,0.5768525098656678,3234,3397,Iowa,Tennessee,1870.0390816644287,1787.1506340535723,2,4
2023_3234_3235,0.650304265496648,3234,3235,Iowa,Iowa St,1870.0390816644287,1792.7485871099263,2,5
2023_3234_3314,0.6972784684076265,3234,3314,Iowa,North Carolina,1870.0390816644287,1745.964248895116,2,6
2023_3124_3234,0.7691120702292185,3234,3124,Iowa,Baylor,1870.0390816644287,1709.7290295199857,2,7
2023_3234_3425,0.7908129284205146,3234,3425,Iowa,USC,1870.0390816644287,1666.4430616873983,2,8
2023_3234_3355,0.7873218243536082,3234,3355,Iowa,S Dakota St,1870.0390816644287,1782.9702056641402,2,9
2023_3104_3234,0.8440932295146135,3234,3104,Iowa,Alabama,1870.0390816644287,1663.8092371165892,2,10
2023_3234_3345,0.9030804975641369,3234,3345,Iowa,Purdue,1870.0390816644287,1629.805418842588,2,11
2023_3234_3385,0.9041529937399029,3234,3385,Iowa,St John's,1870.0390816644287,1645.2328828958891,2,11
2023_3234_3405,0.9237644283135641,3234,3405,Iowa,Toledo,1870.0390816644287,1813.7407826360668,2,12
2023_3234_3387,0.9548613359766704,3234,3387,Iowa,St Louis,1870.0390816644287,1605.9385038294836,2,13
2023_3234_3241,0.9651111018657684,3234,3241,Iowa,James Madison,1870.0390816644287,1678.2498124691901,2,14
2023_3234_3436,0.9675120365619659,3234,3436,Iowa,Vermont,1870.0390816644287,1639.2393495950207,2,15
2023_3151_3234,0.9692641746997833,3234,3151,Iowa,Chattanooga,1870.0390816644287,1510.9961838972956,2,16
2023_3181_3400,0.5223523343166727,3181,3400,Duke,Texas,1790.301488742785,1815.9967388701339,3,4
2023_3181_3257,0.6337681506966615,3181,3257,Duke,Louisville,1790.301488742785,1802.6606489162655,3,5
2023_3160_3181,0.6567494200443393,3181,3160,Duke,Colorado,1790.301488742785,1747.8027385138969,3,6
2023_3181_3199,0.7212883220090822,3181,3199,Duke,Florida St,1790.301488742785,1699.7348268401822,3,7
2023_3181_3279,0.7227742272879343,3181,3279,Duke,Mississippi,1790.301488742785,1748.6337804634163,3,8
2023_3181_3211,0.7885365078272529,3181,3211,Duke,Gonzaga,1790.301488742785,1827.899035685442,3,9
2023_3181_3208,0.853631127398881,3181,3208,Duke,Georgia,1790.301488742785,1712.8913313664273,3,10
2023_3181_3292,0.8580376616540102,3181,3292,Duke,MTSU,1790.301488742785,1777.2829997325239,3,11
2023_3179_3181,0.914104346813023,3181,3179,Duke,Drake,1790.301488742785,1697.4695442261514,3,12
2023_3181_3187,0.9485481886227835,3181,3187,Duke,East Carolina,1790.301488742785,1632.975233621385,3,13
2023_3181_3233,0.9574650158720714,3181,3233,Duke,Iona,1790.301488742785,1615.6976357645276,3,14
2023_3181_3368,0.9725308966636658,3181,3368,Duke,SE Louisiana,1790.301488742785,1553.8846780379956,3,15
2023_3181_3357,0.9756377291679382,3181,3357,Duke,Sacred Heart,1790.301488742785,1449.4167263331549,3,16
2023_3181_3380,0.9698260974884033,3181,3380,Duke,Southern Univ,1790.301488742785,1517.4087938006023,3,16
2023_3181_3231,0.37481085460433744,3181,3231,Duke,Indiana,1790.301488742785,1868.6504754692617,3,1
2023_3181_3428,0.4911670541205986,3181,3428,Duke,Utah,1790.301488742785,1800.7318318752298,3,2
2023_3181_3261,0.4996367156505585,3181,3261,Duke,LSU,1790.301488742785,1864.3183903367678,3,3
2023_3181_3437,0.5455718750318903,3181,3437,Duke,Villanova,1790.301488742785,1841.7034566384116,3,4
2023_3181_3450,0.6688023303841615,3181,3450,Duke,Washington St,1790.301488742785,1765.8827084988868,3,5
2023_3181_3276,0.6649531351303226,3181,3276,Duke,Michigan,1790.301488742785,1743.5697265353447,3,6
2023_3181_3301,0.7035853103771166,3181,3301,Duke,NC State,1790.301488742785,1769.9034812206935,3,7
2023_3181_3329,0.7538459795977335,3181,3329,Duke,Oklahoma St,1790.301488742785,1661.836187921656,3,8
2023_3181_3274,0.822657320839376,3181,3274,Duke,Miami FL,1790.301488742785,1681.351650097899,3,9
2023_3181_3343,0.8382201974805918,3181,3343,Duke,Princeton,1790.301488742785,1816.719582514641,3,10
2023_3181_3424,0.8671458325209764,3181,3424,Duke,UNLV,1790.301488742785,1781.5098532864504,3,11
2023_3181_3195,0.870017056049168,3181,3195,Duke,FL Gulf Coast,1790.301488742785,1836.5510410618815,3,12
2023_3156_3181,0.9321553913911093,3181,3156,Duke,Cleveland St,1790.301488742785,1736.7326765943915,3,13
2023_3181_3218,0.9679413070517284,3181,3218,Duke,Hawaii,1790.301488742785,1578.9600184597623,3,14
2023_3181_3205,0.9557025384902954,3181,3205,Duke,Gardner Webb,1790.301488742785,1677.3755202435086,3,15
2023_3181_3284,0.9758991849422455,3181,3284,Duke,Monmouth NJ,1790.301488742785,1515.4270054614776,3,16
2023_3181_3399,0.9720721793174744,3181,3399,Duke,Tennessee Tech,1790.301488742785,1601.1950436554923,3,16
2023_3181_3439,0.42874633025178693,3181,3439,Duke,Virginia Tech,1790.301488742785,1877.0771224285086,3,1
2023_3163_3181,0.42875166291385725,3181,3163,Duke,Connecticut,1790.301488742785,1926.504762305338,3,2
2023_3181_3326,0.5382806569337846,3181,3326,Duke,Ohio St,1790.301488742785,1808.8412260077441,3,3
2023_3181_3397,0.5933343136867899,3181,3397,Duke,Tennessee,1790.301488742785,1787.1506340535723,3,4
2023_3181_3235,0.6247046535109544,3181,3235,Duke,Iowa St,1790.301488742785,1792.7485871099263,3,5
2023_3181_3314,0.6570862011884815,3181,3314,Duke,North Carolina,1790.301488742785,1745.964248895116,3,6
2023_3124_3181,0.7392709539308504,3181,3124,Duke,Baylor,1790.301488742785,1709.7290295199857,3,7
2023_3181_3425,0.780778055217431,3181,3425,Duke,USC,1790.301488742785,1666.4430616873983,3,8
2023_3181_3355,0.7940197477163978,3181,3355,Duke,S Dakota St,1790.301488742785,1782.9702056641402,3,9
2023_3104_3181,0.8247762804445353,3181,3104,Duke,Alabama,1790.301488742785,1663.8092371165892,3,10
2023_3181_3345,0.8826497456851152,3181,3345,Duke,Purdue,1790.301488742785,1629.805418842588,3,11
2023_3181_3385,0.8892036936106829,3181,3385,Duke,St John's,1790.301488742785,1645.2328828958891,3,11
2023_3181_3405,0.896970455230534,3181,3405,Duke,Toledo,1790.301488742785,1813.7407826360668,3,12
2023_3181_3387,0.9451487271149862,3181,3387,Duke,St Louis,1790.301488742785,1605.9385038294836,3,13
2023_3181_3241,0.9610862662630779,3181,3241,Duke,James Madison,1790.301488742785,1678.2498124691901,3,14
2023_3181_3436,0.9723032069206238,3181,3436,Duke,Vermont,1790.301488742785,1639.2393495950207,3,15
2023_3151_3181,0.9736060452461243,3181,3151,Duke,Chattanooga,1790.301488742785,1510.9961838972956,3,16
2023_3257_3400,0.6059636587461847,3400,3257,Texas,Louisville,1815.9967388701339,1802.6606489162655,4,5
2023_3160_3400,0.6506045554970765,3400,3160,Texas,Colorado,1815.9967388701339,1747.8027385138969,4,6
2023_3199_3400,0.6983455644821293,3400,3199,Texas,Florida St,1815.9967388701339,1699.7348268401822,4,7
2023_3279_3400,0.7258650646581606,3400,3279,Texas,Mississippi,1815.9967388701339,1748.6337804634163,4,8
2023_3211_3400,0.7527061152722101,3400,3211,Texas,Gonzaga,1815.9967388701339,1827.899035685442,4,9
2023_3208_3400,0.8330170551361747,3400,3208,Texas,Georgia,1815.9967388701339,1712.8913313664273,4,10
2023_3292_3400,0.8433183615621653,3400,3292,Texas,MTSU,1815.9967388701339,1777.2829997325239,4,11
2023_3179_3400,0.8934301397624163,3400,3179,Texas,Drake,1815.9967388701339,1697.4695442261514,4,12
2023_3187_3400,0.9297657652509808,3400,3187,Texas,East Carolina,1815.9967388701339,1632.975233621385,4,13
2023_3233_3400,0.9462926892598379,3400,3233,Texas,Iona,1815.9967388701339,1615.6976357645276,4,14
2023_3368_3400,0.9680805733042461,3400,3368,Texas,SE Louisiana,1815.9967388701339,1553.8846780379956,4,15
2023_3357_3400,0.9782562804222107,3400,3357,Texas,Sacred Heart,1815.9967388701339,1449.4167263331549,4,16
2023_3380_3400,0.9754365634918213,3400,3380,Texas,Southern Univ,1815.9967388701339,1517.4087938006023,4,16
2023_3231_3400,0.3619021965289946,3400,3231,Texas,Indiana,1815.9967388701339,1868.6504754692617,4,1
2023_3400_3428,0.4457364405299165,3400,3428,Texas,Utah,1815.9967388701339,1800.7318318752298,4,2
2023_3261_3400,0.47034974450260236,3400,3261,Texas,LSU,1815.9967388701339,1864.3183903367678,4,3
2023_3400_3437,0.5252818673849107,3400,3437,Texas,Villanova,1815.9967388701339,1841.7034566384116,4,4
2023_3400_3450,0.6481086427530665,3400,3450,Texas,Washington St,1815.9967388701339,1765.8827084988868,4,5
2023_3276_3400,0.6715412830208802,3400,3276,Texas,Michigan,1815.9967388701339,1743.5697265353447,4,6
2023_3301_3400,0.655804582116521,3400,3301,Texas,NC State,1815.9967388701339,1769.9034812206935,4,7
2023_3329_3400,0.7439983622207598,3400,3329,Texas,Oklahoma St,1815.9967388701339,1661.836187921656,4,8
2023_3274_3400,0.7934497046734552,3400,3274,Texas,Miami FL,1815.9967388701339,1681.351650097899,4,9
2023_3343_3400,0.8191834429325767,3400,3343,Texas,Princeton,1815.9967388701339,1816.719582514641,4,10
2023_3400_3424,0.8487262015756694,3400,3424,Texas,UNLV,1815.9967388701339,1781.5098532864504,4,11
2023_3195_3400,0.8573097995343355,3400,3195,Texas,FL Gulf Coast,1815.9967388701339,1836.5510410618815,4,12
2023_3156_3400,0.9243543489587902,3400,3156,Texas,Cleveland St,1815.9967388701339,1736.7326765943915,4,13
2023_3218_3400,0.9520864693482626,3400,3218,Texas,Hawaii,1815.9967388701339,1578.9600184597623,4,14
2023_3205_3400,0.9643292655783398,3400,3205,Texas,Gardner Webb,1815.9967388701339,1677.3755202435086,4,15
2023_3284_3400,0.9783793044090271,3400,3284,Texas,Monmouth NJ,1815.9967388701339,1515.4270054614776,4,16
2023_3399_3400,0.9759750020503998,3400,3399,Texas,Tennessee Tech,1815.9967388701339,1601.1950436554923,4,16
2023_3400_3439,0.40501200092085554,3400,3439,Texas,Virginia Tech,1815.9967388701339,1877.0771224285086,4,1
2023_3163_3400,0.38426137219915174,3400,3163,Texas,Connecticut,1815.9967388701339,1926.504762305338,4,2
2023_3326_3400,0.5010914062896354,3400,3326,Texas,Ohio St,1815.9967388701339,1808.8412260077441,4,3
2023_3397_3400,0.5506345540285111,3400,3397,Texas,Tennessee,1815.9967388701339,1787.1506340535723,4,4
2023_3235_3400,0.6239542180857081,3400,3235,Texas,Iowa St,1815.9967388701339,1792.7485871099263,4,5
2023_3314_3400,0.6721453313921952,3400,3314,Texas,North Carolina,1815.9967388701339,1745.964248895116,4,6
2023_3124_3400,0.7160454617714054,3400,3124,Texas,Baylor,1815.9967388701339,1709.7290295199857,4,7
2023_3400_3425,0.7615297869815782,3400,3425,Texas,USC,1815.9967388701339,1666.4430616873983,4,8
2023_3355_3400,0.7758738148476343,3400,3355,Texas,S Dakota St,1815.9967388701339,1782.9702056641402,4,9
2023_3104_3400,0.817772660595388,3400,3104,Texas,Alabama,1815.9967388701339,1663.8092371165892,4,10
2023_3345_3400,0.8630304222520915,3400,3345,Texas,Purdue,1815.9967388701339,1629.805418842588,4,11
2023_3385_3400,0.8663134162839976,3400,3385,Texas,St John's,1815.9967388701339,1645.2328828958891,4,11
2023_3400_3405,0.8785089812102465,3400,3405,Texas,Toledo,1815.9967388701339,1813.7407826360668,4,12
2023_3387_3400,0.9271175308836102,3400,3387,Texas,St Louis,1815.9967388701339,1605.9385038294836,4,13
2023_3241_3400,0.9504202215035665,3400,3241,Texas,James Madison,1815.9967388701339,1678.2498124691901,4,14
2023_3400_3436,0.9692284097510082,3400,3436,Texas,Vermont,1815.9967388701339,1639.2393495950207,4,15
2023_3151_3400,0.9774102520942688,3400,3151,Texas,Chattanooga,1815.9967388701339,1510.9961838972956,4,16
2023_3160_3257,0.5958819950184244,3257,3160,Louisville,Colorado,1802.6606489162655,1747.8027385138969,5,6
2023_3199_3257,0.5815136973952317,3257,3199,Louisville,Florida St,1802.6606489162655,1699.7348268401822,5,7
2023_3257_3279,0.6163082646106846,3257,3279,Louisville,Mississippi,1802.6606489162655,1748.6337804634163,5,8
2023_3211_3257,0.7039015428199724,3257,3211,Louisville,Gonzaga,1802.6606489162655,1827.899035685442,5,9
2023_3208_3257,0.7704651254679422,3257,3208,Louisville,Georgia,1802.6606489162655,1712.8913313664273,5,10
2023_3257_3292,0.7979291269602485,3257,3292,Louisville,MTSU,1802.6606489162655,1777.2829997325239,5,11
2023_3179_3257,0.8489946012910929,3257,3179,Louisville,Drake,1802.6606489162655,1697.4695442261514,5,12
2023_3187_3257,0.8952205440821794,3257,3187,Louisville,East Carolina,1802.6606489162655,1632.975233621385,5,13
2023_3233_3257,0.9214237673891186,3257,3233,Louisville,Iona,1802.6606489162655,1615.6976357645276,5,14
2023_3257_3368,0.9478015212376821,3257,3368,Louisville,SE Louisiana,1802.6606489162655,1553.8846780379956,5,15
2023_3257_3357,0.9683906068640453,3257,3357,Louisville,Sacred Heart,1802.6606489162655,1449.4167263331549,5,16
2023_3257_3380,0.964749686940263,3257,3380,Louisville,Southern Univ,1802.6606489162655,1517.4087938006023,5,16
2023_3231_3257,0.28445648988342737,3257,3231,Louisville,Indiana,1802.6606489162655,1868.6504754692617,5,1
2023_3257_3428,0.373733748319232,3257,3428,Louisville,Utah,1802.6606489162655,1800.7318318752298,5,2
2023_3257_3261,0.3685022766495683,3257,3261,Louisville,LSU,1802.6606489162655,1864.3183903367678,5,3
2023_3257_3437,0.4168181275764091,3257,3437,Louisville,Villanova,1802.6606489162655,1841.7034566384116,5,4
2023_3257_3450,0.556090345978737,3257,3450,Louisville,Washington St,1802.6606489162655,1765.8827084988868,5,5
2023_3257_3276,0.576975818928184,3257,3276,Louisville,Michigan,1802.6606489162655,1743.5697265353447,5,6
2023_3257_3301,0.5830027555321717,3257,3301,Louisville,NC State,1802.6606489162655,1769.9034812206935,5,7
2023_3257_3329,0.6824624465679294,3257,3329,Louisville,Oklahoma St,1802.6606489162655,1661.836187921656,5,8
2023_3257_3274,0.7458679513111071,3257,3274,Louisville,Miami FL,1802.6606489162655,1681.351650097899,5,9
2023_3257_3343,0.7528907555605631,3257,3343,Louisville,Princeton,1802.6606489162655,1816.719582514641,5,10
2023_3257_3424,0.8094028273644157,3257,3424,Louisville,UNLV,1802.6606489162655,1781.5098532864504,5,11
2023_3195_3257,0.7952326571163264,3257,3195,Louisville,FL Gulf Coast,1802.6606489162655,1836.5510410618815,5,12
2023_3156_3257,0.8511926195445207,3257,3156,Louisville,Cleveland St,1802.6606489162655,1736.7326765943915,5,13
2023_3218_3257,0.9300747557294964,3257,3218,Louisville,Hawaii,1802.6606489162655,1578.9600184597623,5,14
2023_3205_3257,0.9286794869263876,3257,3205,Louisville,Gardner Webb,1802.6606489162655,1677.3755202435086,5,15
2023_3257_3284,0.9686259856062633,3257,3284,Louisville,Monmouth NJ,1802.6606489162655,1515.4270054614776,5,16
2023_3257_3399,0.9665638437109692,3257,3399,Louisville,Tennessee Tech,1802.6606489162655,1601.1950436554923,5,16
2023_3257_3439,0.3137738167271659,3257,3439,Louisville,Virginia Tech,1802.6606489162655,1877.0771224285086,5,1
2023_3163_3257,0.30455612075575544,3257,3163,Louisville,Connecticut,1802.6606489162655,1926.504762305338,5,2
2023_3257_3326,0.4192884142304399,3257,3326,Louisville,Ohio St,1802.6606489162655,1808.8412260077441,5,3
2023_3257_3397,0.4623889630475624,3257,3397,Louisville,Tennessee,1802.6606489162655,1787.1506340535723,5,4
2023_3235_3257,0.5277631640434266,3257,3235,Louisville,Iowa St,1802.6606489162655,1792.7485871099263,5,5
2023_3257_3314,0.5635636115631479,3257,3314,Louisville,North Carolina,1802.6606489162655,1745.964248895116,5,6
2023_3124_3257,0.6477982943152452,3257,3124,Louisville,Baylor,1802.6606489162655,1709.7290295199857,5,7
2023_3257_3425,0.6754174457763797,3257,3425,Louisville,USC,1802.6606489162655,1666.4430616873983,5,8
2023_3257_3355,0.6927305148019747,3257,3355,Louisville,S Dakota St,1802.6606489162655,1782.9702056641402,5,9
2023_3104_3257,0.7591093528534631,3257,3104,Louisville,Alabama,1802.6606489162655,1663.8092371165892,5,10
2023_3257_3345,0.8148123363079735,3257,3345,Louisville,Purdue,1802.6606489162655,1629.805418842588,5,11
2023_3257_3385,0.8244279364170738,3257,3385,Louisville,St John's,1802.6606489162655,1645.2328828958891,5,11
2023_3257_3405,0.8411542659219828,3257,3405,Louisville,Toledo,1802.6606489162655,1813.7407826360668,5,12
2023_3257_3387,0.8951365909400133,3257,3387,Louisville,St Louis,1802.6606489162655,1605.9385038294836,5,13
2023_3241_3257,0.9188673539770245,3257,3241,Louisville,James Madison,1802.6606489162655,1678.2498124691901,5,14
2023_3257_3436,0.9468116967042196,3257,3436,Louisville,Vermont,1802.6606489162655,1639.2393495950207,5,15
2023_3151_3257,0.9670756687956554,3257,3151,Louisville,Chattanooga,1802.6606489162655,1510.9961838972956,5,16
2023_3160_3199,0.4713049123248476,3160,3199,Colorado,Florida St,1747.8027385138969,1699.7348268401822,6,7
2023_3160_3279,0.5568214451169038,3160,3279,Colorado,Mississippi,1747.8027385138969,1748.6337804634163,6,8
2023_3160_3211,0.608647160408414,3160,3211,Colorado,Gonzaga,1747.8027385138969,1827.899035685442,6,9
2023_3160_3208,0.6586404577865557,3160,3208,Colorado,Georgia,1747.8027385138969,1712.8913313664273,6,10
2023_3160_3292,0.7216885733868341,3160,3292,Colorado,MTSU,1747.8027385138969,1777.2829997325239,6,11
2023_3160_3179,0.7750203201594063,3160,3179,Colorado,Drake,1747.8027385138969,1697.4695442261514,6,12
2023_3160_3187,0.849931347888383,3160,3187,Colorado,East Carolina,1747.8027385138969,1632.975233621385,6,13
2023_3160_3233,0.8787026068987993,3160,3233,Colorado,Iona,1747.8027385138969,1615.6976357645276,6,14
2023_3160_3368,0.916378174604237,3160,3368,Colorado,SE Louisiana,1747.8027385138969,1553.8846780379956,6,15
2023_3160_3357,0.9475087432225454,3160,3357,Colorado,Sacred Heart,1747.8027385138969,1449.4167263331549,6,16
2023_3160_3380,0.941471537764858,3160,3380,Colorado,Southern Univ,1747.8027385138969,1517.4087938006023,6,16
2023_3160_3231,0.22616267171843266,3160,3231,Colorado,Indiana,1747.8027385138969,1868.6504754692617,6,1
2023_3160_3428,0.32398360808945154,3160,3428,Colorado,Utah,1747.8027385138969,1800.7318318752298,6,2
2023_3160_3261,0.29066648018606855,3160,3261,Colorado,LSU,1747.8027385138969,1864.3183903367678,6,3
2023_3160_3437,0.33792840193757795,3160,3437,Colorado,Villanova,1747.8027385138969,1841.7034566384116,6,4
2023_3160_3450,0.47909352237373426,3160,3450,Colorado,Washington St,1747.8027385138969,1765.8827084988868,6,5
2023_3160_3276,0.4836293071508408,3160,3276,Colorado,Michigan,1747.8027385138969,1743.5697265353447,6,6
2023_3160_3301,0.48204674964755956,3160,3301,Colorado,NC State,1747.8027385138969,1769.9034812206935,6,7
2023_3160_3329,0.5715169553851152,3160,3329,Colorado,Oklahoma St,1747.8027385138969,1661.836187921656,6,8
2023_3160_3274,0.653266318318761,3160,3274,Colorado,Miami FL,1747.8027385138969,1681.351650097899,6,9
2023_3160_3343,0.6530192629470781,3160,3343,Colorado,Princeton,1747.8027385138969,1816.719582514641,6,10
2023_3160_3424,0.7542763549353342,3160,3424,Colorado,UNLV,1747.8027385138969,1781.5098532864504,6,11
2023_3160_3195,0.7503872105898567,3160,3195,Colorado,FL Gulf Coast,1747.8027385138969,1836.5510410618815,6,12
2023_3156_3160,0.7948183601316539,3160,3156,Colorado,Cleveland St,1747.8027385138969,1736.7326765943915,6,13
2023_3160_3218,0.8944846949401049,3160,3218,Colorado,Hawaii,1747.8027385138969,1578.9600184597623,6,14
2023_3160_3205,0.9036458178175091,3160,3205,Colorado,Gardner Webb,1747.8027385138969,1677.3755202435086,6,15
2023_3160_3284,0.9482561556657064,3160,3284,Colorado,Monmouth NJ,1747.8027385138969,1515.4270054614776,6,16
2023_3160_3399,0.9447303323109854,3160,3399,Colorado,Tennessee Tech,1747.8027385138969,1601.1950436554923,6,16
2023_3160_3439,0.2463250007961533,3160,3439,Colorado,Virginia Tech,1747.8027385138969,1877.0771224285086,6,1
2023_3160_3163,0.24769487445807908,3160,3163,Colorado,Connecticut,1747.8027385138969,1926.504762305338,6,2
2023_3160_3326,0.34601403457173063,3160,3326,Colorado,Ohio St,1747.8027385138969,1808.8412260077441,6,3
2023_3160_3397,0.36711342137107633,3160,3397,Colorado,Tennessee,1747.8027385138969,1787.1506340535723,6,4
2023_3160_3235,0.4228615766206367,3160,3235,Colorado,Iowa St,1747.8027385138969,1792.7485871099263,6,5
2023_3160_3314,0.43833092451095584,3160,3314,Colorado,North Carolina,1747.8027385138969,1745.964248895116,6,6
2023_3124_3160,0.5186984503826517,3160,3124,Colorado,Baylor,1747.8027385138969,1709.7290295199857,6,7
2023_3160_3425,0.6058622394894624,3160,3425,Colorado,USC,1747.8027385138969,1666.4430616873983,6,8
2023_3160_3355,0.6155555324529773,3160,3355,Colorado,S Dakota St,1747.8027385138969,1782.9702056641402,6,9
2023_3104_3160,0.636293007530208,3160,3104,Colorado,Alabama,1747.8027385138969,1663.8092371165892,6,10
2023_3160_3345,0.7399202186133127,3160,3345,Colorado,Purdue,1747.8027385138969,1629.805418842588,6,11
2023_3160_3385,0.7427067655588846,3160,3385,Colorado,St John's,1747.8027385138969,1645.2328828958891,6,11
2023_3160_3405,0.7813961545052238,3160,3405,Colorado,Toledo,1747.8027385138969,1813.7407826360668,6,12
2023_3160_3387,0.8438427334245768,3160,3387,Colorado,St Louis,1747.8027385138969,1605.9385038294836,6,13
2023_3160_3241,0.883962061149135,3160,3241,Colorado,James Madison,1747.8027385138969,1678.2498124691901,6,14
2023_3160_3436,0.9125282509935497,3160,3436,Colorado,Vermont,1747.8027385138969,1639.2393495950207,6,15
2023_3151_3160,0.945835164006542,3160,3151,Colorado,Chattanooga,1747.8027385138969,1510.9961838972956,6,16
2023_3199_3279,0.5768895263037104,3199,3279,Florida St,Mississippi,1699.7348268401822,1748.6337804634163,7,8
2023_3199_3211,0.5775279944037461,3199,3211,Florida St,Gonzaga,1699.7348268401822,1827.899035685442,7,9
2023_3199_3208,0.6737338678812153,3199,3208,Florida St,Georgia,1699.7348268401822,1712.8913313664273,7,10
2023_3199_3292,0.6837183819189028,3199,3292,Florida St,MTSU,1699.7348268401822,1777.2829997325239,7,11
2023_3179_3199,0.7689384568001489,3199,3179,Florida St,Drake,1699.7348268401822,1697.4695442261514,7,12
2023_3187_3199,0.8187108377041526,3199,3187,Florida St,East Carolina,1699.7348268401822,1632.975233621385,7,13
2023_3199_3233,0.849954563897523,3199,3233,Florida St,Iona,1699.7348268401822,1615.6976357645276,7,14
2023_3199_3368,0.889827813846126,3199,3368,Florida St,SE Louisiana,1699.7348268401822,1553.8846780379956,7,15
2023_3199_3357,0.9278715892446636,3199,3357,Florida St,Sacred Heart,1699.7348268401822,1449.4167263331549,7,16
2023_3199_3380,0.9197014911783337,3199,3380,Florida St,Southern Univ,1699.7348268401822,1517.4087938006023,7,16
2023_3199_3231,0.19992054681757032,3199,3231,Florida St,Indiana,1699.7348268401822,1868.6504754692617,7,1
2023_3199_3428,0.30148557541115495,3199,3428,Florida St,Utah,1699.7348268401822,1800.7318318752298,7,2
2023_3199_3261,0.2672408691570804,3199,3261,Florida St,LSU,1699.7348268401822,1864.3183903367678,7,3
2023_3199_3437,0.30295906645306303,3199,3437,Florida St,Villanova,1699.7348268401822,1841.7034566384116,7,4
2023_3199_3450,0.4463706041480043,3199,3450,Florida St,Washington St,1699.7348268401822,1765.8827084988868,7,5
2023_3199_3276,0.5051913713851555,3199,3276,Florida St,Michigan,1699.7348268401822,1743.5697265353447,7,6
2023_3199_3301,0.45361755639314655,3199,3301,Florida St,NC State,1699.7348268401822,1769.9034812206935,7,7
2023_3199_3329,0.5258438850006479,3199,3329,Florida St,Oklahoma St,1699.7348268401822,1661.836187921656,7,8
2023_3199_3274,0.6303266381119752,3199,3274,Florida St,Miami FL,1699.7348268401822,1681.351650097899,7,9
2023_3199_3343,0.6184343622898227,3199,3343,Florida St,Princeton,1699.7348268401822,1816.719582514641,7,10
2023_3199_3424,0.7167487875595049,3199,3424,Florida St,UNLV,1699.7348268401822,1781.5098532864504,7,11
2023_3195_3199,0.7137989896799783,3199,3195,Florida St,FL Gulf Coast,1699.7348268401822,1836.5510410618815,7,12
2023_3156_3199,0.7969511041464515,3199,3156,Florida St,Cleveland St,1699.7348268401822,1736.7326765943915,7,13
2023_3199_3218,0.8634706025537577,3199,3218,Florida St,Hawaii,1699.7348268401822,1578.9600184597623,7,14
2023_3199_3205,0.862950440389171,3199,3205,Florida St,Gardner Webb,1699.7348268401822,1677.3755202435086,7,15
2023_3199_3284,0.9279923184526562,3199,3284,Florida St,Monmouth NJ,1699.7348268401822,1515.4270054614776,7,16
2023_3199_3399,0.9201533837926983,3199,3399,Florida St,Tennessee Tech,1699.7348268401822,1601.1950436554923,7,16
2023_3199_3439,0.2109515001950556,3199,3439,Florida St,Virginia Tech,1699.7348268401822,1877.0771224285086,7,1
2023_3163_3199,0.22968066078765606,3199,3163,Florida St,Connecticut,1699.7348268401822,1926.504762305338,7,2
2023_3199_3326,0.3108356504664466,3199,3326,Florida St,Ohio St,1699.7348268401822,1808.8412260077441,7,3
2023_3199_3397,0.3550972757960196,3199,3397,Florida St,Tennessee,1699.7348268401822,1787.1506340535723,7,4
2023_3199_3235,0.38872445624122404,3199,3235,Florida St,Iowa St,1699.7348268401822,1792.7485871099263,7,5
2023_3199_3314,0.46934776062160566,3199,3314,Florida St,North Carolina,1699.7348268401822,1745.964248895116,7,6
2023_3124_3199,0.5289477765560151,3199,3124,Florida St,Baylor,1699.7348268401822,1709.7290295199857,7,7
2023_3199_3425,0.5584843272528071,3199,3425,Florida St,USC,1699.7348268401822,1666.4430616873983,7,8
2023_3199_3355,0.5843729620074296,3199,3355,Florida St,S Dakota St,1699.7348268401822,1782.9702056641402,7,9
2023_3104_3199,0.611242227432645,3199,3104,Florida St,Alabama,1699.7348268401822,1663.8092371165892,7,10
2023_3199_3345,0.7269748584403948,3199,3345,Florida St,Purdue,1699.7348268401822,1629.805418842588,7,11
2023_3199_3385,0.7123725847377733,3199,3385,Florida St,St John's,1699.7348268401822,1645.2328828958891,7,11
2023_3199_3405,0.7559168833758096,3199,3405,Florida St,Toledo,1699.7348268401822,1813.7407826360668,7,12
2023_3199_3387,0.8198520580353447,3199,3387,Florida St,St Louis,1699.7348268401822,1605.9385038294836,7,13
2023_3199_3241,0.8447072987970439,3199,3241,Florida St,James Madison,1699.7348268401822,1678.2498124691901,7,14
2023_3199_3436,0.8777009508433489,3199,3436,Florida St,Vermont,1699.7348268401822,1639.2393495950207,7,15
2023_3151_3199,0.9253441436899303,3199,3151,Florida St,Chattanooga,1699.7348268401822,1510.9961838972956,7,16
2023_3211_3279,0.5733017141184229,3279,3211,Mississippi,Gonzaga,1748.6337804634163,1827.899035685442,8,9
2023_3208_3279,0.6514303629492784,3279,3208,Mississippi,Georgia,1748.6337804634163,1712.8913313664273,8,10
2023_3279_3292,0.6731576697801716,3279,3292,Mississippi,MTSU,1748.6337804634163,1777.2829997325239,8,11
2023_3179_3279,0.7413300112857775,3279,3179,Mississippi,Drake,1748.6337804634163,1697.4695442261514,8,12
2023_3187_3279,0.8028874743248682,3279,3187,Mississippi,East Carolina,1748.6337804634163,1632.975233621385,8,13
2023_3233_3279,0.8322590330662437,3279,3233,Mississippi,Iona,1748.6337804634163,1615.6976357645276,8,14
2023_3279_3368,0.8648902361806956,3279,3368,Mississippi,SE Louisiana,1748.6337804634163,1553.8846780379956,8,15
2023_3279_3357,0.9017880222621111,3279,3357,Mississippi,Sacred Heart,1748.6337804634163,1449.4167263331549,8,16
2023_3279_3380,0.8947846851172594,3279,3380,Mississippi,Southern Univ,1748.6337804634163,1517.4087938006023,8,16
2023_3231_3279,0.17035703085693465,3279,3231,Mississippi,Indiana,1748.6337804634163,1868.6504754692617,8,1
2023_3279_3428,0.27390303518155157,3279,3428,Mississippi,Utah,1748.6337804634163,1800.7318318752298,8,2
2023_3261_3279,0.2682406303022644,3279,3261,Mississippi,LSU,1748.6337804634163,1864.3183903367678,8,3
2023_3279_3437,0.2859096287713096,3279,3437,Mississippi,Villanova,1748.6337804634163,1841.7034566384116,8,4
2023_3279_3450,0.4610079569841261,3279,3450,Mississippi,Washington St,1748.6337804634163,1765.8827084988868,8,5
2023_3276_3279,0.45276285957345747,3279,3276,Mississippi,Michigan,1748.6337804634163,1743.5697265353447,8,6
2023_3279_3301,0.456608042661248,3279,3301,Mississippi,NC State,1748.6337804634163,1769.9034812206935,8,7
2023_3279_3329,0.5354320168495179,3279,3329,Mississippi,Oklahoma St,1748.6337804634163,1661.836187921656,8,8
2023_3274_3279,0.6152798498234171,3279,3274,Mississippi,Miami FL,1748.6337804634163,1681.351650097899,8,9
2023_3279_3343,0.6385550891255403,3279,3343,Mississippi,Princeton,1748.6337804634163,1816.719582514641,8,10
2023_3279_3424,0.7060737090086109,3279,3424,Mississippi,UNLV,1748.6337804634163,1781.5098532864504,8,11
2023_3195_3279,0.6957845226898149,3279,3195,Mississippi,FL Gulf Coast,1748.6337804634163,1836.5510410618815,8,12
2023_3156_3279,0.7684658962752084,3279,3156,Mississippi,Cleveland St,1748.6337804634163,1736.7326765943915,8,13
2023_3218_3279,0.8445072213234611,3279,3218,Mississippi,Hawaii,1748.6337804634163,1578.9600184597623,8,14
2023_3205_3279,0.8538152759489146,3279,3205,Mississippi,Gardner Webb,1748.6337804634163,1677.3755202435086,8,15
2023_3279_3284,0.9026333949389604,3279,3284,Mississippi,Monmouth NJ,1748.6337804634163,1515.4270054614776,8,16
2023_3279_3399,0.8981707355799822,3279,3399,Mississippi,Tennessee Tech,1748.6337804634163,1601.1950436554923,8,16
2023_3279_3439,0.20452929385336982,3279,3439,Mississippi,Virginia Tech,1748.6337804634163,1877.0771224285086,8,1
2023_3163_3279,0.2103903373656565,3279,3163,Mississippi,Connecticut,1748.6337804634163,1926.504762305338,8,2
2023_3279_3326,0.30478578028423997,3279,3326,Mississippi,Ohio St,1748.6337804634163,1808.8412260077441,8,3
2023_3279_3397,0.3552707566843078,3279,3397,Mississippi,Tennessee,1748.6337804634163,1787.1506340535723,8,4
2023_3235_3279,0.4207315338874693,3279,3235,Mississippi,Iowa St,1748.6337804634163,1792.7485871099263,8,5
2023_3279_3314,0.42843963455209516,3279,3314,Mississippi,North Carolina,1748.6337804634163,1745.964248895116,8,6
2023_3124_3279,0.48440219515949323,3279,3124,Mississippi,Baylor,1748.6337804634163,1709.7290295199857,8,7
2023_3279_3425,0.5686897546052934,3279,3425,Mississippi,USC,1748.6337804634163,1666.4430616873983,8,8
2023_3279_3355,0.593367379363479,3279,3355,Mississippi,S Dakota St,1748.6337804634163,1782.9702056641402,8,9
2023_3104_3279,0.6198492293452287,3279,3104,Mississippi,Alabama,1748.6337804634163,1663.8092371165892,8,10
2023_3279_3345,0.7005988137697345,3279,3345,Mississippi,Purdue,1748.6337804634163,1629.805418842588,8,11
2023_3279_3385,0.7061957644199497,3279,3385,Mississippi,St John's,1748.6337804634163,1645.2328828958891,8,11
2023_3279_3405,0.7390401945486025,3279,3405,Mississippi,Toledo,1748.6337804634163,1813.7407826360668,8,12
2023_3279_3387,0.8008515286709528,3279,3387,Mississippi,St Louis,1748.6337804634163,1605.9385038294836,8,13
2023_3241_3279,0.8391311207833,3279,3241,Mississippi,James Madison,1748.6337804634163,1678.2498124691901,8,14
2023_3279_3436,0.8669522588667002,3279,3436,Mississippi,Vermont,1748.6337804634163,1639.2393495950207,8,15
2023_3151_3279,0.8977692386927751,3279,3151,Mississippi,Chattanooga,1748.6337804634163,1510.9961838972956,8,16
2023_3208_3211,0.5601304585298914,3211,3208,Gonzaga,Georgia,1827.899035685442,1712.8913313664273,9,10
2023_3211_3292,0.5753492211197877,3211,3292,Gonzaga,MTSU,1827.899035685442,1777.2829997325239,9,11
2023_3179_3211,0.6612648593162662,3211,3179,Gonzaga,Drake,1827.899035685442,1697.4695442261514,9,12
2023_3187_3211,0.7306251064910845,3211,3187,Gonzaga,East Carolina,1827.899035685442,1632.975233621385,9,13
2023_3211_3233,0.7888244140412073,3211,3233,Gonzaga,Iona,1827.899035685442,1615.6976357645276,9,14
2023_3211_3368,0.8232038954319664,3211,3368,Gonzaga,SE Louisiana,1827.899035685442,1553.8846780379956,9,15
2023_3211_3357,0.8586872404035655,3211,3357,Gonzaga,Sacred Heart,1827.899035685442,1449.4167263331549,9,16
2023_3211_3380,0.8555554037508097,3211,3380,Gonzaga,Southern Univ,1827.899035685442,1517.4087938006023,9,16
2023_3211_3231,0.13753293167327385,3211,3231,Gonzaga,Indiana,1827.899035685442,1868.6504754692617,9,1
2023_3211_3428,0.19679271526965247,3211,3428,Gonzaga,Utah,1827.899035685442,1800.7318318752298,9,2
2023_3211_3261,0.24149046893694937,3211,3261,Gonzaga,LSU,1827.899035685442,1864.3183903367678,9,3
2023_3211_3437,0.250904693875148,3211,3437,Gonzaga,Villanova,1827.899035685442,1841.7034566384116,9,4
2023_3211_3450,0.3552998139486358,3211,3450,Gonzaga,Washington St,1827.899035685442,1765.8827084988868,9,5
2023_3211_3276,0.3713514400745268,3211,3276,Gonzaga,Michigan,1827.899035685442,1743.5697265353447,9,6
2023_3211_3301,0.39315499614724897,3211,3301,Gonzaga,NC State,1827.899035685442,1769.9034812206935,9,7
2023_3211_3329,0.4678157424369438,3211,3329,Gonzaga,Oklahoma St,1827.899035685442,1661.836187921656,9,8
2023_3211_3274,0.5529097676277162,3211,3274,Gonzaga,Miami FL,1827.899035685442,1681.351650097899,9,9
2023_3211_3343,0.5825393760761637,3211,3343,Gonzaga,Princeton,1827.899035685442,1816.719582514641,9,10
2023_3211_3424,0.6086078976487184,3211,3424,Gonzaga,UNLV,1827.899035685442,1781.5098532864504,9,11
2023_3195_3211,0.6058675425027973,3211,3195,Gonzaga,FL Gulf Coast,1827.899035685442,1836.5510410618815,9,12
2023_3156_3211,0.7158230827226595,3211,3156,Gonzaga,Cleveland St,1827.899035685442,1736.7326765943915,9,13
2023_3211_3218,0.7880781638886194,3211,3218,Gonzaga,Hawaii,1827.899035685442,1578.9600184597623,9,14
2023_3205_3211,0.8075674811424919,3211,3205,Gonzaga,Gardner Webb,1827.899035685442,1677.3755202435086,9,15
2023_3211_3284,0.8594923501428691,3211,3284,Gonzaga,Monmouth NJ,1827.899035685442,1515.4270054614776,9,16
2023_3211_3399,0.8579307680543986,3211,3399,Gonzaga,Tennessee Tech,1827.899035685442,1601.1950436554923,9,16
2023_3211_3439,0.18077901090954285,3211,3439,Gonzaga,Virginia Tech,1827.899035685442,1877.0771224285086,9,1
2023_3163_3211,0.1509532826426898,3211,3163,Gonzaga,Connecticut,1827.899035685442,1926.504762305338,9,2
2023_3211_3326,0.23288619573691427,3211,3326,Gonzaga,Ohio St,1827.899035685442,1808.8412260077441,9,3
2023_3211_3397,0.2715067711208603,3211,3397,Gonzaga,Tennessee,1827.899035685442,1787.1506340535723,9,4
2023_3211_3235,0.30113461454964136,3211,3235,Gonzaga,Iowa St,1827.899035685442,1792.7485871099263,9,5
2023_3211_3314,0.3366652546549673,3211,3314,Gonzaga,North Carolina,1827.899035685442,1745.964248895116,9,6
2023_3124_3211,0.4288152481223085,3211,3124,Gonzaga,Baylor,1827.899035685442,1709.7290295199857,9,7
2023_3211_3425,0.5022786563077553,3211,3425,Gonzaga,USC,1827.899035685442,1666.4430616873983,9,8
2023_3211_3355,0.5044953882694245,3211,3355,Gonzaga,S Dakota St,1827.899035685442,1782.9702056641402,9,9
2023_3104_3211,0.5374621862730402,3211,3104,Gonzaga,Alabama,1827.899035685442,1663.8092371165892,9,10
2023_3211_3345,0.619445065150168,3211,3345,Gonzaga,Purdue,1827.899035685442,1629.805418842588,9,11
2023_3211_3385,0.6175959651564622,3211,3385,Gonzaga,St John's,1827.899035685442,1645.2328828958891,9,11
2023_3211_3405,0.6624884383653766,3211,3405,Gonzaga,Toledo,1827.899035685442,1813.7407826360668,9,12
2023_3211_3387,0.7418843940868334,3211,3387,Gonzaga,St Louis,1827.899035685442,1605.9385038294836,9,13
2023_3211_3241,0.784255747821496,3211,3241,Gonzaga,James Madison,1827.899035685442,1678.2498124691901,9,14
2023_3211_3436,0.8250719348015495,3211,3436,Gonzaga,Vermont,1827.899035685442,1639.2393495950207,9,15
2023_3151_3211,0.8524397497591105,3211,3151,Gonzaga,Chattanooga,1827.899035685442,1510.9961838972956,9,16
2023_3208_3292,0.5689799005350489,3208,3292,Georgia,MTSU,1712.8913313664273,1777.2829997325239,10,11
2023_3179_3208,0.6168888007496858,3208,3179,Georgia,Drake,1712.8913313664273,1697.4695442261514,10,12
2023_3187_3208,0.7176813708519107,3208,3187,Georgia,East Carolina,1712.8913313664273,1632.975233621385,10,13
2023_3208_3233,0.7558903531207994,3208,3233,Georgia,Iona,1712.8913313664273,1615.6976357645276,10,14
2023_3208_3368,0.7943246114517908,3208,3368,Georgia,SE Louisiana,1712.8913313664273,1553.8846780379956,10,15
2023_3208_3357,0.8327667156281181,3208,3357,Georgia,Sacred Heart,1712.8913313664273,1449.4167263331549,10,16
2023_3208_3380,0.8206934073986717,3208,3380,Georgia,Southern Univ,1712.8913313664273,1517.4087938006023,10,16
2023_3208_3231,0.08446276758486078,3208,3231,Georgia,Indiana,1712.8913313664273,1868.6504754692617,10,1
2023_3208_3428,0.162280642348275,3208,3428,Georgia,Utah,1712.8913313664273,1800.7318318752298,10,2
2023_3208_3261,0.15640714116725074,3208,3261,Georgia,LSU,1712.8913313664273,1864.3183903367678,10,3
2023_3208_3437,0.17619459758976042,3208,3437,Georgia,Villanova,1712.8913313664273,1841.7034566384116,10,4
2023_3208_3450,0.3035053980086586,3208,3450,Georgia,Washington St,1712.8913313664273,1765.8827084988868,10,5
2023_3208_3276,0.3277371435389564,3208,3276,Georgia,Michigan,1712.8913313664273,1743.5697265353447,10,6
2023_3208_3301,0.33191123289116575,3208,3301,Georgia,NC State,1712.8913313664273,1769.9034812206935,10,7
2023_3208_3329,0.3757325212264993,3208,3329,Georgia,Oklahoma St,1712.8913313664273,1661.836187921656,10,8
2023_3208_3274,0.49106226915508344,3208,3274,Georgia,Miami FL,1712.8913313664273,1681.351650097899,10,9
2023_3208_3343,0.49580151438713077,3208,3343,Georgia,Princeton,1712.8913313664273,1816.719582514641,10,10
2023_3208_3424,0.5929027760586161,3208,3424,Georgia,UNLV,1712.8913313664273,1781.5098532864504,10,11
2023_3195_3208,0.5892701690291429,3208,3195,Georgia,FL Gulf Coast,1712.8913313664273,1836.5510410618815,10,12
2023_3156_3208,0.6647605674242145,3208,3156,Georgia,Cleveland St,1712.8913313664273,1736.7326765943915,10,13
2023_3208_3218,0.7697345749511675,3208,3218,Georgia,Hawaii,1712.8913313664273,1578.9600184597623,10,14
2023_3205_3208,0.7510429817702036,3208,3205,Georgia,Gardner Webb,1712.8913313664273,1677.3755202435086,10,15
2023_3208_3284,0.8350560406269737,3208,3284,Georgia,Monmouth NJ,1712.8913313664273,1515.4270054614776,10,16
2023_3208_3399,0.8154100218834587,3208,3399,Georgia,Tennessee Tech,1712.8913313664273,1601.1950436554923,10,16
2023_3208_3439,0.09910947096222684,3208,3439,Georgia,Virginia Tech,1712.8913313664273,1877.0771224285086,10,1
2023_3163_3208,0.12125156159971696,3208,3163,Georgia,Connecticut,1712.8913313664273,1926.504762305338,10,2
2023_3208_3326,0.18421726771029578,3208,3326,Georgia,Ohio St,1712.8913313664273,1808.8412260077441,10,3
2023_3208_3397,0.191699956166535,3208,3397,Georgia,Tennessee,1712.8913313664273,1787.1506340535723,10,4
2023_3208_3235,0.24724758383972859,3208,3235,Georgia,Iowa St,1712.8913313664273,1792.7485871099263,10,5
2023_3208_3314,0.30716471960401986,3208,3314,Georgia,North Carolina,1712.8913313664273,1745.964248895116,10,6
2023_3124_3208,0.3492472289229269,3208,3124,Georgia,Baylor,1712.8913313664273,1709.7290295199857,10,7
2023_3208_3425,0.3891454438472726,3208,3425,Georgia,USC,1712.8913313664273,1666.4430616873983,10,8
2023_3208_3355,0.4617998605409248,3208,3355,Georgia,S Dakota St,1712.8913313664273,1782.9702056641402,10,9
2023_3104_3208,0.4678314164280892,3208,3104,Georgia,Alabama,1712.8913313664273,1663.8092371165892,10,10
2023_3208_3345,0.5496348554453272,3208,3345,Georgia,Purdue,1712.8913313664273,1629.805418842588,10,11
2023_3208_3385,0.5658547992071528,3208,3385,Georgia,St John's,1712.8913313664273,1645.2328828958891,10,11
2023_3208_3405,0.6308968757485414,3208,3405,Georgia,Toledo,1712.8913313664273,1813.7407826360668,10,12
2023_3208_3387,0.6937498526548511,3208,3387,Georgia,St Louis,1712.8913313664273,1605.9385038294836,10,13
2023_3208_3241,0.7478165463581041,3208,3241,Georgia,James Madison,1712.8913313664273,1678.2498124691901,10,14
2023_3208_3436,0.7817378092076044,3208,3436,Georgia,Vermont,1712.8913313664273,1639.2393495950207,10,15
2023_3151_3208,0.8289131859364219,3208,3151,Georgia,Chattanooga,1712.8913313664273,1510.9961838972956,10,16
2023_3179_3292,0.5856581295093912,3292,3179,MTSU,Drake,1777.2829997325239,1697.4695442261514,11,12
2023_3187_3292,0.675889367351439,3292,3187,MTSU,East Carolina,1777.2829997325239,1632.975233621385,11,13
2023_3233_3292,0.7158274875854618,3292,3233,MTSU,Iona,1777.2829997325239,1615.6976357645276,11,14
2023_3292_3368,0.7615869180335955,3292,3368,MTSU,SE Louisiana,1777.2829997325239,1553.8846780379956,11,15
2023_3292_3357,0.8016466844345789,3292,3357,MTSU,Sacred Heart,1777.2829997325239,1449.4167263331549,11,16
2023_3292_3380,0.7938911664749841,3292,3380,MTSU,Southern Univ,1777.2829997325239,1517.4087938006023,11,16
2023_3231_3292,0.06617219987909957,3292,3231,MTSU,Indiana,1777.2829997325239,1868.6504754692617,11,1
2023_3292_3428,0.13188532006615444,3292,3428,MTSU,Utah,1777.2829997325239,1800.7318318752298,11,2
2023_3261_3292,0.1459346124110077,3292,3261,MTSU,LSU,1777.2829997325239,1864.3183903367678,11,3
2023_3292_3437,0.15999179803165542,3292,3437,MTSU,Villanova,1777.2829997325239,1841.7034566384116,11,4
2023_3292_3450,0.2364723985967928,3292,3450,MTSU,Washington St,1777.2829997325239,1765.8827084988868,11,5
2023_3276_3292,0.292379617366626,3292,3276,MTSU,Michigan,1777.2829997325239,1743.5697265353447,11,6
2023_3292_3301,0.3228533475623176,3292,3301,MTSU,NC State,1777.2829997325239,1769.9034812206935,11,7
2023_3292_3329,0.38256314826258375,3292,3329,MTSU,Oklahoma St,1777.2829997325239,1661.836187921656,11,8
2023_3274_3292,0.4729780728722551,3292,3274,MTSU,Miami FL,1777.2829997325239,1681.351650097899,11,9
2023_3292_3343,0.4833258842864616,3292,3343,MTSU,Princeton,1777.2829997325239,1816.719582514641,11,10
2023_3292_3424,0.5324069172143937,3292,3424,MTSU,UNLV,1777.2829997325239,1781.5098532864504,11,11
2023_3195_3292,0.5125786775907892,3292,3195,MTSU,FL Gulf Coast,1777.2829997325239,1836.5510410618815,11,12
2023_3156_3292,0.6191218887661958,3292,3156,MTSU,Cleveland St,1777.2829997325239,1736.7326765943915,11,13
2023_3218_3292,0.7305740641330845,3292,3218,MTSU,Hawaii,1777.2829997325239,1578.9600184597623,11,14
2023_3205_3292,0.7473417357578234,3292,3205,MTSU,Gardner Webb,1777.2829997325239,1677.3755202435086,11,15
2023_3284_3292,0.8003098714615564,3292,3284,MTSU,Monmouth NJ,1777.2829997325239,1515.4270054614776,11,16
2023_3292_3399,0.8044954586292963,3292,3399,MTSU,Tennessee Tech,1777.2829997325239,1601.1950436554923,11,16
2023_3292_3439,0.090840755585839,3292,3439,MTSU,Virginia Tech,1777.2829997325239,1877.0771224285086,11,1
2023_3163_3292,0.08118890982741163,3292,3163,MTSU,Connecticut,1777.2829997325239,1926.504762305338,11,2
2023_3292_3326,0.18395354683969956,3292,3326,MTSU,Ohio St,1777.2829997325239,1808.8412260077441,11,3
2023_3292_3397,0.20584949203166114,3292,3397,MTSU,Tennessee,1777.2829997325239,1787.1506340535723,11,4
2023_3235_3292,0.21371367629149496,3292,3235,MTSU,Iowa St,1777.2829997325239,1792.7485871099263,11,5
2023_3292_3314,0.2653231468532822,3292,3314,MTSU,North Carolina,1777.2829997325239,1745.964248895116,11,6
2023_3124_3292,0.35384183963394616,3292,3124,MTSU,Baylor,1777.2829997325239,1709.7290295199857,11,7
2023_3292_3425,0.4028808964515562,3292,3425,MTSU,USC,1777.2829997325239,1666.4430616873983,11,8
2023_3292_3355,0.41136653970727705,3292,3355,MTSU,S Dakota St,1777.2829997325239,1782.9702056641402,11,9
2023_3104_3292,0.47008581513553693,3292,3104,MTSU,Alabama,1777.2829997325239,1663.8092371165892,11,10
2023_3292_3345,0.5369048029184342,3292,3345,MTSU,Purdue,1777.2829997325239,1629.805418842588,11,11
2023_3292_3385,0.5430163651704789,3292,3385,MTSU,St John's,1777.2829997325239,1645.2328828958891,11,11
2023_3292_3405,0.5934432262739557,3292,3405,MTSU,Toledo,1777.2829997325239,1813.7407826360668,11,12
2023_3292_3387,0.6648745035027528,3292,3387,MTSU,St Louis,1777.2829997325239,1605.9385038294836,11,13
2023_3241_3292,0.7021561192249424,3292,3241,MTSU,James Madison,1777.2829997325239,1678.2498124691901,11,14
2023_3292_3436,0.7590423063411669,3292,3436,MTSU,Vermont,1777.2829997325239,1639.2393495950207,11,15
2023_3151_3292,0.7867606330181818,3292,3151,MTSU,Chattanooga,1777.2829997325239,1510.9961838972956,11,16
2023_3179_3187,0.602825518902244,3179,3187,Drake,East Carolina,1697.4695442261514,1632.975233621385,12,13
2023_3179_3233,0.6722116117571855,3179,3233,Drake,Iona,1697.4695442261514,1615.6976357645276,12,14
2023_3179_3368,0.7164666281913883,3179,3368,Drake,SE Louisiana,1697.4695442261514,1553.8846780379956,12,15
2023_3179_3357,0.7676026956214861,3179,3357,Drake,Sacred Heart,1697.4695442261514,1449.4167263331549,12,16
2023_3179_3380,0.7521160081996874,3179,3380,Drake,Southern Univ,1697.4695442261514,1517.4087938006023,12,16
2023_3179_3231,0.03733372990166162,3179,3231,Drake,Indiana,1697.4695442261514,1868.6504754692617,12,1
2023_3179_3428,0.07473793495099708,3179,3428,Drake,Utah,1697.4695442261514,1800.7318318752298,12,2
2023_3179_3261,0.08637878683084295,3179,3261,Drake,LSU,1697.4695442261514,1864.3183903367678,12,3
2023_3179_3437,0.10909362781320554,3179,3437,Drake,Villanova,1697.4695442261514,1841.7034566384116,12,4
2023_3179_3450,0.1782881031218444,3179,3450,Drake,Washington St,1697.4695442261514,1765.8827084988868,12,5
2023_3179_3276,0.2292954331217104,3179,3276,Drake,Michigan,1697.4695442261514,1743.5697265353447,12,6
2023_3179_3301,0.22982206908209538,3179,3301,Drake,NC State,1697.4695442261514,1769.9034812206935,12,7
2023_3179_3329,0.27220079889154886,3179,3329,Drake,Oklahoma St,1697.4695442261514,1661.836187921656,12,8
2023_3179_3274,0.3473459301615591,3179,3274,Drake,Miami FL,1697.4695442261514,1681.351650097899,12,9
2023_3179_3343,0.3611332650090196,3179,3343,Drake,Princeton,1697.4695442261514,1816.719582514641,12,10
2023_3179_3424,0.4235555684009178,3179,3424,Drake,UNLV,1697.4695442261514,1781.5098532864504,12,11
2023_3179_3195,0.4555564507842064,3179,3195,Drake,FL Gulf Coast,1697.4695442261514,1836.5510410618815,12,12
2023_3156_3179,0.5546977037748713,3179,3156,Drake,Cleveland St,1697.4695442261514,1736.7326765943915,12,13
2023_3179_3218,0.6704374497031236,3179,3218,Drake,Hawaii,1697.4695442261514,1578.9600184597623,12,14
2023_3179_3205,0.6584262030099994,3179,3205,Drake,Gardner Webb,1697.4695442261514,1677.3755202435086,12,15
2023_3179_3284,0.7663520411624865,3179,3284,Drake,Monmouth NJ,1697.4695442261514,1515.4270054614776,12,16
2023_3179_3399,0.742458893455501,3179,3399,Drake,Tennessee Tech,1697.4695442261514,1601.1950436554923,12,16
2023_3179_3439,0.04560594469433044,3179,3439,Drake,Virginia Tech,1697.4695442261514,1877.0771224285086,12,1
2023_3163_3179,0.058669519234706605,3179,3163,Drake,Connecticut,1697.4695442261514,1926.504762305338,12,2
2023_3179_3326,0.09290499065691278,3179,3326,Drake,Ohio St,1697.4695442261514,1808.8412260077441,12,3
2023_3179_3397,0.12295885096763116,3179,3397,Drake,Tennessee,1697.4695442261514,1787.1506340535723,12,4
2023_3179_3235,0.15551306777032958,3179,3235,Drake,Iowa St,1697.4695442261514,1792.7485871099263,12,5
2023_3179_3314,0.19366082604506552,3179,3314,Drake,North Carolina,1697.4695442261514,1745.964248895116,12,6
2023_3124_3179,0.237840611163213,3179,3124,Drake,Baylor,1697.4695442261514,1709.7290295199857,12,7
2023_3179_3425,0.2986220776066825,3179,3425,Drake,USC,1697.4695442261514,1666.4430616873983,12,8
2023_3179_3355,0.33110979628809645,3179,3355,Drake,S Dakota St,1697.4695442261514,1782.9702056641402,12,9
2023_3104_3179,0.35723372798213743,3179,3104,Drake,Alabama,1697.4695442261514,1663.8092371165892,12,10
2023_3179_3345,0.42588175142198637,3179,3345,Drake,Purdue,1697.4695442261514,1629.805418842588,12,11
2023_3179_3385,0.44054617041736677,3179,3385,Drake,St John's,1697.4695442261514,1645.2328828958891,12,11
2023_3179_3405,0.4672861307859421,3179,3405,Drake,Toledo,1697.4695442261514,1813.7407826360668,12,12
2023_3179_3387,0.5945200288853068,3179,3387,Drake,St Louis,1697.4695442261514,1605.9385038294836,12,13
2023_3179_3241,0.5990613197182679,3179,3241,Drake,James Madison,1697.4695442261514,1678.2498124691901,12,14
2023_3179_3436,0.6945569740509159,3179,3436,Drake,Vermont,1697.4695442261514,1639.2393495950207,12,15
2023_3151_3179,0.744820816911693,3179,3151,Drake,Chattanooga,1697.4695442261514,1510.9961838972956,12,16
2023_3187_3233,0.5901932085117716,3187,3233,East Carolina,Iona,1632.975233621385,1615.6976357645276,13,14
2023_3187_3368,0.6034464185332322,3187,3368,East Carolina,SE Louisiana,1632.975233621385,1553.8846780379956,13,15
2023_3187_3357,0.7170371936535007,3187,3357,East Carolina,Sacred Heart,1632.975233621385,1449.4167263331549,13,16
2023_3187_3380,0.6867930071329242,3187,3380,East Carolina,Southern Univ,1632.975233621385,1517.4087938006023,13,16
2023_3187_3231,0.028844499886035917,3187,3231,East Carolina,Indiana,1632.975233621385,1868.6504754692617,13,1
2023_3187_3428,0.04117509000127529,3187,3428,East Carolina,Utah,1632.975233621385,1800.7318318752298,13,2
2023_3187_3261,0.053532335531224454,3187,3261,East Carolina,LSU,1632.975233621385,1864.3183903367678,13,3
2023_3187_3437,0.07430810772502468,3187,3437,East Carolina,Villanova,1632.975233621385,1841.7034566384116,13,4
2023_3187_3450,0.12449766408179742,3187,3450,East Carolina,Washington St,1632.975233621385,1765.8827084988868,13,5
2023_3187_3276,0.16536820404562103,3187,3276,East Carolina,Michigan,1632.975233621385,1743.5697265353447,13,6
2023_3187_3301,0.17015025633850633,3187,3301,East Carolina,NC State,1632.975233621385,1769.9034812206935,13,7
2023_3187_3329,0.2320386540625832,3187,3329,East Carolina,Oklahoma St,1632.975233621385,1661.836187921656,13,8
2023_3187_3274,0.2907343341932342,3187,3274,East Carolina,Miami FL,1632.975233621385,1681.351650097899,13,9
2023_3187_3343,0.2745705215359564,3187,3343,East Carolina,Princeton,1632.975233621385,1816.719582514641,13,10
2023_3187_3424,0.3365213039124944,3187,3424,East Carolina,UNLV,1632.975233621385,1781.5098532864504,13,11
2023_3187_3195,0.37980479801088407,3187,3195,East Carolina,FL Gulf Coast,1632.975233621385,1836.5510410618815,13,12
2023_3156_3187,0.44688839316368106,3187,3156,East Carolina,Cleveland St,1632.975233621385,1736.7326765943915,13,13
2023_3187_3218,0.5975332820972818,3187,3218,East Carolina,Hawaii,1632.975233621385,1578.9600184597623,13,14
2023_3187_3205,0.5778457318638826,3187,3205,East Carolina,Gardner Webb,1632.975233621385,1677.3755202435086,13,15
2023_3187_3284,0.69546843337766,3187,3284,East Carolina,Monmouth NJ,1632.975233621385,1515.4270054614776,13,16
2023_3187_3399,0.6461614148592121,3187,3399,East Carolina,Tennessee Tech,1632.975233621385,1601.1950436554923,13,16
2023_3187_3439,0.031009673066437243,3187,3439,East Carolina,Virginia Tech,1632.975233621385,1877.0771224285086,13,1
2023_3163_3187,0.037566581034412135,3187,3163,East Carolina,Connecticut,1632.975233621385,1926.504762305338,13,2
2023_3187_3326,0.05981857198875114,3187,3326,East Carolina,Ohio St,1632.975233621385,1808.8412260077441,13,3
2023_3187_3397,0.08132317487770364,3187,3397,East Carolina,Tennessee,1632.975233621385,1787.1506340535723,13,4
2023_3187_3235,0.1092289880988453,3187,3235,East Carolina,Iowa St,1632.975233621385,1792.7485871099263,13,5
2023_3187_3314,0.13914198153051482,3187,3314,East Carolina,North Carolina,1632.975233621385,1745.964248895116,13,6
2023_3124_3187,0.19269685130098402,3187,3124,East Carolina,Baylor,1632.975233621385,1709.7290295199857,13,7
2023_3187_3425,0.21949385819180225,3187,3425,East Carolina,USC,1632.975233621385,1666.4430616873983,13,8
2023_3187_3355,0.2573804951236293,3187,3355,East Carolina,S Dakota St,1632.975233621385,1782.9702056641402,13,9
2023_3104_3187,0.2996807029569979,3187,3104,East Carolina,Alabama,1632.975233621385,1663.8092371165892,13,10
2023_3187_3345,0.3522702927494981,3187,3345,East Carolina,Purdue,1632.975233621385,1629.805418842588,13,11
2023_3187_3385,0.3550561914945581,3187,3385,East Carolina,St John's,1632.975233621385,1645.2328828958891,13,11
2023_3187_3405,0.3877551039496048,3187,3405,East Carolina,Toledo,1632.975233621385,1813.7407826360668,13,12
2023_3187_3387,0.4670189753174782,3187,3387,East Carolina,St Louis,1632.975233621385,1605.9385038294836,13,13
2023_3187_3241,0.5553975815138239,3187,3241,East Carolina,James Madison,1632.975233621385,1678.2498124691901,13,14
2023_3187_3436,0.6358863954638505,3187,3436,East Carolina,Vermont,1632.975233621385,1639.2393495950207,13,15
2023_3151_3187,0.6458804981683857,3187,3151,East Carolina,Chattanooga,1632.975233621385,1510.9961838972956,13,16
2023_3233_3368,0.5337732697090525,3233,3368,Iona,SE Louisiana,1615.6976357645276,1553.8846780379956,14,15
2023_3233_3357,0.637516314277556,3233,3357,Iona,Sacred Heart,1615.6976357645276,1449.4167263331549,14,16
2023_3233_3380,0.6533919518088365,3233,3380,Iona,Southern Univ,1615.6976357645276,1517.4087938006023,14,16
2023_3231_3233,0.028930397629737852,3233,3231,Iona,Indiana,1615.6976357645276,1868.6504754692617,14,1
2023_3233_3428,0.03501222461462021,3233,3428,Iona,Utah,1615.6976357645276,1800.7318318752298,14,2
2023_3233_3261,0.03595615573351597,3233,3261,Iona,LSU,1615.6976357645276,1864.3183903367678,14,3
2023_3233_3437,0.05688421204339429,3233,3437,Iona,Villanova,1615.6976357645276,1841.7034566384116,14,4
2023_3233_3450,0.07955123589062736,3233,3450,Iona,Washington St,1615.6976357645276,1765.8827084988868,14,5
2023_3233_3276,0.12320583398912889,3233,3276,Iona,Michigan,1615.6976357645276,1743.5697265353447,14,6
2023_3233_3301,0.1361672012540971,3233,3301,Iona,NC State,1615.6976357645276,1769.9034812206935,14,7
2023_3233_3329,0.1925031622824961,3233,3329,Iona,Oklahoma St,1615.6976357645276,1661.836187921656,14,8
2023_3233_3274,0.23413792220099186,3233,3274,Iona,Miami FL,1615.6976357645276,1681.351650097899,14,9
2023_3233_3343,0.23283139643824552,3233,3343,Iona,Princeton,1615.6976357645276,1816.719582514641,14,10
2023_3233_3424,0.3033059580350752,3233,3424,Iona,UNLV,1615.6976357645276,1781.5098532864504,14,11
2023_3195_3233,0.3344328577424028,3233,3195,Iona,FL Gulf Coast,1615.6976357645276,1836.5510410618815,14,12
2023_3156_3233,0.37634520659237936,3233,3156,Iona,Cleveland St,1615.6976357645276,1736.7326765943915,14,13
2023_3218_3233,0.4801362812519074,3233,3218,Iona,Hawaii,1615.6976357645276,1578.9600184597623,14,14
2023_3205_3233,0.5233066940864939,3233,3205,Iona,Gardner Webb,1615.6976357645276,1677.3755202435086,14,15
2023_3233_3284,0.6044179146384263,3233,3284,Iona,Monmouth NJ,1615.6976357645276,1515.4270054614776,14,16
2023_3233_3399,0.5937427823637986,3233,3399,Iona,Tennessee Tech,1615.6976357645276,1601.1950436554923,14,16
2023_3233_3439,0.030177383609116076,3233,3439,Iona,Virginia Tech,1615.6976357645276,1877.0771224285086,14,1
2023_3163_3233,0.026950078941881655,3233,3163,Iona,Connecticut,1615.6976357645276,1926.504762305338,14,2
2023_3233_3326,0.04090045228724693,3233,3326,Iona,Ohio St,1615.6976357645276,1808.8412260077441,14,3
2023_3233_3397,0.0554203769157426,3233,3397,Iona,Tennessee,1615.6976357645276,1787.1506340535723,14,4
2023_3233_3235,0.08015447680527017,3233,3235,Iona,Iowa St,1615.6976357645276,1792.7485871099263,14,5
2023_3233_3314,0.10414533309166175,3233,3314,Iona,North Carolina,1615.6976357645276,1745.964248895116,14,6
2023_3124_3233,0.1571759814802085,3233,3124,Iona,Baylor,1615.6976357645276,1709.7290295199857,14,7
2023_3233_3425,0.18030233736613333,3233,3425,Iona,USC,1615.6976357645276,1666.4430616873983,14,8
2023_3233_3355,0.2126120213900349,3233,3355,Iona,S Dakota St,1615.6976357645276,1782.9702056641402,14,9
2023_3104_3233,0.24670188715315317,3233,3104,Iona,Alabama,1615.6976357645276,1663.8092371165892,14,10
2023_3233_3345,0.2968482976878519,3233,3345,Iona,Purdue,1615.6976357645276,1629.805418842588,14,11
2023_3233_3385,0.29619231504448607,3233,3385,Iona,St John's,1615.6976357645276,1645.2328828958891,14,11
2023_3233_3405,0.35349429648170255,3233,3405,Iona,Toledo,1615.6976357645276,1813.7407826360668,14,12
2023_3233_3387,0.4033750152030571,3233,3387,Iona,St Louis,1615.6976357645276,1605.9385038294836,14,13
2023_3233_3241,0.4706827536225319,3233,3241,Iona,James Madison,1615.6976357645276,1678.2498124691901,14,14
2023_3233_3436,0.5138575995525736,3233,3436,Iona,Vermont,1615.6976357645276,1639.2393495950207,14,15
2023_3151_3233,0.5745979492758775,3233,3151,Iona,Chattanooga,1615.6976357645276,1510.9961838972956,14,16
2023_3357_3368,0.5744463170132059,3368,3357,SE Louisiana,Sacred Heart,1553.8846780379956,1449.4167263331549,15,16
2023_3368_3380,0.5867401624283213,3368,3380,SE Louisiana,Southern Univ,1553.8846780379956,1517.4087938006023,15,16
2023_3231_3368,0.02610150996595621,3368,3231,SE Louisiana,Indiana,1553.8846780379956,1868.6504754692617,15,1
2023_3368_3428,0.03260267145931721,3368,3428,SE Louisiana,Utah,1553.8846780379956,1800.7318318752298,15,2
2023_3261_3368,0.026645712479948996,3368,3261,SE Louisiana,LSU,1553.8846780379956,1864.3183903367678,15,3
2023_3368_3437,0.03261179266621684,3368,3437,SE Louisiana,Villanova,1553.8846780379956,1841.7034566384116,15,4
2023_3368_3450,0.05810751448970004,3368,3450,SE Louisiana,Washington St,1553.8846780379956,1765.8827084988868,15,5
2023_3276_3368,0.08613369253152654,3368,3276,SE Louisiana,Michigan,1553.8846780379956,1743.5697265353447,15,6
2023_3301_3368,0.1096184671995495,3368,3301,SE Louisiana,NC State,1553.8846780379956,1769.9034812206935,15,7
2023_3329_3368,0.16837612636717902,3368,3329,SE Louisiana,Oklahoma St,1553.8846780379956,1661.836187921656,15,8
2023_3274_3368,0.1929604044137293,3368,3274,SE Louisiana,Miami FL,1553.8846780379956,1681.351650097899,15,9
2023_3343_3368,0.19728687186880325,3368,3343,SE Louisiana,Princeton,1553.8846780379956,1816.719582514641,15,10
2023_3368_3424,0.2718281953558967,3368,3424,SE Louisiana,UNLV,1553.8846780379956,1781.5098532864504,15,11
2023_3195_3368,0.2919631233538027,3368,3195,SE Louisiana,FL Gulf Coast,1553.8846780379956,1836.5510410618815,15,12
2023_3156_3368,0.3259971129501798,3368,3156,SE Louisiana,Cleveland St,1553.8846780379956,1736.7326765943915,15,13
2023_3218_3368,0.45908759588390424,3368,3218,SE Louisiana,Hawaii,1553.8846780379956,1578.9600184597623,15,14
2023_3205_3368,0.42766206562519077,3368,3205,SE Louisiana,Gardner Webb,1553.8846780379956,1677.3755202435086,15,15
2023_3284_3368,0.5493665749391932,3368,3284,SE Louisiana,Monmouth NJ,1553.8846780379956,1515.4270054614776,15,16
2023_3368_3399,0.5558982158264536,3368,3399,SE Louisiana,Tennessee Tech,1553.8846780379956,1601.1950436554923,15,16
2023_3368_3439,0.03288878679275513,3368,3439,SE Louisiana,Virginia Tech,1553.8846780379956,1877.0771224285086,15,1
2023_3163_3368,0.025703301578760145,3368,3163,SE Louisiana,Connecticut,1553.8846780379956,1926.504762305338,15,2
2023_3326_3368,0.028811495676636694,3368,3326,SE Louisiana,Ohio St,1553.8846780379956,1808.8412260077441,15,3
2023_3368_3397,0.039463049956907977,3368,3397,SE Louisiana,Tennessee,1553.8846780379956,1787.1506340535723,15,4
2023_3235_3368,0.0573665933648841,3368,3235,SE Louisiana,Iowa St,1553.8846780379956,1792.7485871099263,15,5
2023_3314_3368,0.07394877553606079,3368,3314,SE Louisiana,North Carolina,1553.8846780379956,1745.964248895116,15,6
2023_3124_3368,0.12486517514561159,3368,3124,SE Louisiana,Baylor,1553.8846780379956,1709.7290295199857,15,7
2023_3368_3425,0.1364267291906749,3368,3425,SE Louisiana,USC,1553.8846780379956,1666.4430616873983,15,8
2023_3355_3368,0.17721827756145536,3368,3355,SE Louisiana,S Dakota St,1553.8846780379956,1782.9702056641402,15,9
2023_3104_3368,0.20230367561025833,3368,3104,SE Louisiana,Alabama,1553.8846780379956,1663.8092371165892,15,10
2023_3345_3368,0.254185905955796,3368,3345,SE Louisiana,Purdue,1553.8846780379956,1629.805418842588,15,11
2023_3368_3385,0.2520012057349727,3368,3385,SE Louisiana,St John's,1553.8846780379956,1645.2328828958891,15,11
2023_3368_3405,0.31555960011728956,3368,3405,SE Louisiana,Toledo,1553.8846780379956,1813.7407826360668,15,12
2023_3368_3387,0.3517928893471696,3368,3387,SE Louisiana,St Louis,1553.8846780379956,1605.9385038294836,15,13
2023_3241_3368,0.4385362496414764,3368,3241,SE Louisiana,James Madison,1553.8846780379956,1678.2498124691901,15,14
2023_3368_3436,0.45506983101367954,3368,3436,SE Louisiana,Vermont,1553.8846780379956,1639.2393495950207,15,15
2023_3151_3368,0.5228344613870997,3368,3151,SE Louisiana,Chattanooga,1553.8846780379956,1510.9961838972956,15,16
2023_3357_3380,0.5175334423780442,3357,3380,Sacred Heart,Southern Univ,1449.4167263331549,1517.4087938006023,16,16
2023_3231_3357,0.02356324104592204,3357,3231,Sacred Heart,Indiana,1449.4167263331549,1868.6504754692617,16,1
2023_3357_3428,0.028122662492096422,3357,3428,Sacred Heart,Utah,1449.4167263331549,1800.7318318752298,16,2
2023_3261_3357,0.02376397458836436,3357,3261,Sacred Heart,LSU,1449.4167263331549,1864.3183903367678,16,3
2023_3357_3437,0.022744706291705368,3357,3437,Sacred Heart,Villanova,1449.4167263331549,1841.7034566384116,16,4
2023_3357_3450,0.03614429034416889,3357,3450,Sacred Heart,Washington St,1449.4167263331549,1765.8827084988868,16,5
2023_3276_3357,0.05652061998497411,3357,3276,Sacred Heart,Michigan,1449.4167263331549,1743.5697265353447,16,6
2023_3301_3357,0.0742278174745445,3357,3301,Sacred Heart,NC State,1449.4167263331549,1769.9034812206935,16,7
2023_3329_3357,0.10969907689367277,3357,3329,Sacred Heart,Oklahoma St,1449.4167263331549,1661.836187921656,16,8
2023_3274_3357,0.14502888270053016,3357,3274,Sacred Heart,Miami FL,1449.4167263331549,1681.351650097899,16,9
2023_3343_3357,0.16010216399559318,3357,3343,Sacred Heart,Princeton,1449.4167263331549,1816.719582514641,16,10
2023_3357_3424,0.21748990533097004,3357,3424,Sacred Heart,UNLV,1449.4167263331549,1781.5098532864504,16,11
2023_3195_3357,0.24506962513185,3357,3195,Sacred Heart,FL Gulf Coast,1449.4167263331549,1836.5510410618815,16,12
2023_3156_3357,0.27414184679337694,3357,3156,Sacred Heart,Cleveland St,1449.4167263331549,1736.7326765943915,16,13
2023_3218_3357,0.3555294523740747,3357,3218,Sacred Heart,Hawaii,1449.4167263331549,1578.9600184597623,16,14
2023_3205_3357,0.36595349440365865,3357,3205,Sacred Heart,Gardner Webb,1449.4167263331549,1677.3755202435086,16,15
2023_3284_3357,0.46228597164154056,3357,3284,Sacred Heart,Monmouth NJ,1449.4167263331549,1515.4270054614776,16,16
2023_3357_3399,0.42951720058918,3357,3399,Sacred Heart,Tennessee Tech,1449.4167263331549,1601.1950436554923,16,16
2023_3357_3439,0.026899960748851297,3357,3439,Sacred Heart,Virginia Tech,1449.4167263331549,1877.0771224285086,16,1
2023_3163_3357,0.0240088695846498,3357,3163,Sacred Heart,Connecticut,1449.4167263331549,1926.504762305338,16,2
2023_3326_3357,0.025290076080709694,3357,3326,Sacred Heart,Ohio St,1449.4167263331549,1808.8412260077441,16,3
2023_3357_3397,0.027153068147599695,3357,3397,Sacred Heart,Tennessee,1449.4167263331549,1787.1506340535723,16,4
2023_3235_3357,0.03301915269469236,3357,3235,Sacred Heart,Iowa St,1449.4167263331549,1792.7485871099263,16,5
2023_3314_3357,0.05010959328736826,3357,3314,Sacred Heart,North Carolina,1449.4167263331549,1745.964248895116,16,6
2023_3124_3357,0.08118847210580156,3357,3124,Sacred Heart,Baylor,1449.4167263331549,1709.7290295199857,16,7
2023_3357_3425,0.10201969176058513,3357,3425,Sacred Heart,USC,1449.4167263331549,1666.4430616873983,16,8
2023_3355_3357,0.13191234976383792,3357,3355,Sacred Heart,S Dakota St,1449.4167263331549,1782.9702056641402,16,9
2023_3104_3357,0.15955417938062488,3357,3104,Sacred Heart,Alabama,1449.4167263331549,1663.8092371165892,16,10
2023_3345_3357,0.19828554210407948,3357,3345,Sacred Heart,Purdue,1449.4167263331549,1629.805418842588,16,11
2023_3357_3385,0.19787999210102772,3357,3385,Sacred Heart,St John's,1449.4167263331549,1645.2328828958891,16,11
2023_3357_3405,0.24672230919456933,3357,3405,Sacred Heart,Toledo,1449.4167263331549,1813.7407826360668,16,12
2023_3357_3387,0.266615663292491,3357,3387,Sacred Heart,St Louis,1449.4167263331549,1605.9385038294836,16,13
2023_3241_3357,0.3259789856875875,3357,3241,Sacred Heart,James Madison,1449.4167263331549,1678.2498124691901,16,14
2023_3357_3436,0.3706082893350704,3357,3436,Sacred Heart,Vermont,1449.4167263331549,1639.2393495950207,16,15
2023_3151_3357,0.4514872193336487,3357,3151,Sacred Heart,Chattanooga,1449.4167263331549,1510.9961838972956,16,16
2023_3231_3380,0.024817685987800358,3380,3231,Southern Univ,Indiana,1517.4087938006023,1868.6504754692617,16,1
2023_3380_3428,0.027528207674622534,3380,3428,Southern Univ,Utah,1517.4087938006023,1800.7318318752298,16,2
2023_3261_3380,0.026064044721424578,3380,3261,Southern Univ,LSU,1517.4087938006023,1864.3183903367678,16,3
2023_3380_3437,0.02464715803042054,3380,3437,Southern Univ,Villanova,1517.4087938006023,1841.7034566384116,16,4
2023_3380_3450,0.03673698123668646,3380,3450,Southern Univ,Washington St,1517.4087938006023,1765.8827084988868,16,5
2023_3276_3380,0.05617250650774404,3380,3276,Southern Univ,Michigan,1517.4087938006023,1743.5697265353447,16,6
2023_3301_3380,0.07658542518192575,3380,3301,Southern Univ,NC State,1517.4087938006023,1769.9034812206935,16,7
2023_3329_3380,0.11632358554278356,3380,3329,Southern Univ,Oklahoma St,1517.4087938006023,1661.836187921656,16,8
2023_3274_3380,0.13819754220875846,3380,3274,Southern Univ,Miami FL,1517.4087938006023,1681.351650097899,16,9
2023_3343_3380,0.16147047522941171,3380,3343,Southern Univ,Princeton,1517.4087938006023,1816.719582514641,16,10
2023_3380_3424,0.22334805098517155,3380,3424,Southern Univ,UNLV,1517.4087938006023,1781.5098532864504,16,11
2023_3195_3380,0.2527299507484481,3380,3195,Southern Univ,FL Gulf Coast,1517.4087938006023,1836.5510410618815,16,12
2023_3156_3380,0.2731901431555386,3380,3156,Southern Univ,Cleveland St,1517.4087938006023,1736.7326765943915,16,13
2023_3218_3380,0.3865508164072969,3380,3218,Southern Univ,Hawaii,1517.4087938006023,1578.9600184597623,16,14
2023_3205_3380,0.3517869716325386,3380,3205,Southern Univ,Gardner Webb,1517.4087938006023,1677.3755202435086,16,15
2023_3284_3380,0.45417463630437854,3380,3284,Southern Univ,Monmouth NJ,1517.4087938006023,1515.4270054614776,16,16
2023_3380_3399,0.4624254390597344,3380,3399,Southern Univ,Tennessee Tech,1517.4087938006023,1601.1950436554923,16,16
2023_3380_3439,0.02780327286571264,3380,3439,Southern Univ,Virginia Tech,1517.4087938006023,1877.0771224285086,16,1
2023_3163_3380,0.02457399472594261,3380,3163,Southern Univ,Connecticut,1517.4087938006023,1926.504762305338,16,2
2023_3326_3380,0.025275731850415466,3380,3326,Southern Univ,Ohio St,1517.4087938006023,1808.8412260077441,16,3
2023_3380_3397,0.02675502926111221,3380,3397,Southern Univ,Tennessee,1517.4087938006023,1787.1506340535723,16,4
2023_3235_3380,0.034467727170636404,3380,3235,Southern Univ,Iowa St,1517.4087938006023,1792.7485871099263,16,5
2023_3314_3380,0.05075674093913003,3380,3314,Southern Univ,North Carolina,1517.4087938006023,1745.964248895116,16,6
2023_3124_3380,0.08562147070342348,3380,3124,Southern Univ,Baylor,1517.4087938006023,1709.7290295199857,16,7
2023_3380_3425,0.10603763993357164,3380,3425,Southern Univ,USC,1517.4087938006023,1666.4430616873983,16,8
2023_3355_3380,0.13760898359450446,3380,3355,Southern Univ,S Dakota St,1517.4087938006023,1782.9702056641402,16,9
2023_3104_3380,0.16055454741695463,3380,3104,Southern Univ,Alabama,1517.4087938006023,1663.8092371165892,16,10
2023_3345_3380,0.20594284278495525,3380,3345,Southern Univ,Purdue,1517.4087938006023,1629.805418842588,16,11
2023_3380_3385,0.21157281068308567,3380,3385,Southern Univ,St John's,1517.4087938006023,1645.2328828958891,16,11
2023_3380_3405,0.25862216418242906,3380,3405,Southern Univ,Toledo,1517.4087938006023,1813.7407826360668,16,12
2023_3380_3387,0.2833552552486296,3380,3387,Southern Univ,St Louis,1517.4087938006023,1605.9385038294836,16,13
2023_3241_3380,0.3517839710021951,3380,3241,Southern Univ,James Madison,1517.4087938006023,1678.2498124691901,16,14
2023_3380_3436,0.37762406522422864,3380,3436,Southern Univ,Vermont,1517.4087938006023,1639.2393495950207,16,15
2023_3151_3380,0.45297790914773944,3380,3151,Southern Univ,Chattanooga,1517.4087938006023,1510.9961838972956,16,16
2023_3231_3428,0.5965102577766794,3231,3428,Indiana,Utah,1868.6504754692617,1800.7318318752298,1,2
2023_3231_3261,0.5831928943490052,3231,3261,Indiana,LSU,1868.6504754692617,1864.3183903367678,1,3
2023_3231_3437,0.6180149840091831,3231,3437,Indiana,Villanova,1868.6504754692617,1841.7034566384116,1,4
2023_3231_3450,0.7498853639736132,3231,3450,Indiana,Washington St,1868.6504754692617,1765.8827084988868,1,5
2023_3231_3276,0.7828579890991907,3231,3276,Indiana,Michigan,1868.6504754692617,1743.5697265353447,1,6
2023_3231_3301,0.7936111280741401,3231,3301,Indiana,NC State,1868.6504754692617,1769.9034812206935,1,7
2023_3231_3329,0.8260555004295436,3231,3329,Indiana,Oklahoma St,1868.6504754692617,1661.836187921656,1,8
2023_3231_3274,0.8833105525794176,3231,3274,Indiana,Miami FL,1868.6504754692617,1681.351650097899,1,9
2023_3231_3343,0.9002654595983623,3231,3343,Indiana,Princeton,1868.6504754692617,1816.719582514641,1,10
2023_3231_3424,0.9366422800381887,3231,3424,Indiana,UNLV,1868.6504754692617,1781.5098532864504,1,11
2023_3195_3231,0.9281016220885021,3231,3195,Indiana,FL Gulf Coast,1868.6504754692617,1836.5510410618815,1,12
2023_3156_3231,0.9573062908649445,3231,3156,Indiana,Cleveland St,1868.6504754692617,1736.7326765943915,1,13
2023_3218_3231,0.9761513423919678,3231,3218,Indiana,Hawaii,1868.6504754692617,1578.9600184597623,1,14
2023_3205_3231,0.9677508127689362,3231,3205,Indiana,Gardner Webb,1868.6504754692617,1677.3755202435086,1,15
2023_3231_3284,0.9757539582252502,3231,3284,Indiana,Monmouth NJ,1868.6504754692617,1515.4270054614776,1,16
2023_3231_3399,0.9744885218143463,3231,3399,Indiana,Tennessee Tech,1868.6504754692617,1601.1950436554923,1,16
2023_3231_3439,0.5497286528348924,3231,3439,Indiana,Virginia Tech,1868.6504754692617,1877.0771224285086,1,1
2023_3163_3231,0.5546456689199823,3231,3163,Indiana,Connecticut,1868.6504754692617,1926.504762305338,1,2
2023_3231_3326,0.6605312769507432,3231,3326,Indiana,Ohio St,1868.6504754692617,1808.8412260077441,1,3
2023_3231_3397,0.6860010849212772,3231,3397,Indiana,Tennessee,1868.6504754692617,1787.1506340535723,1,4
2023_3231_3235,0.7308594421520189,3231,3235,Indiana,Iowa St,1868.6504754692617,1792.7485871099263,1,5
2023_3231_3314,0.7681931156183939,3231,3314,Indiana,North Carolina,1868.6504754692617,1745.964248895116,1,6
2023_3124_3231,0.8185251394333549,3231,3124,Indiana,Baylor,1868.6504754692617,1709.7290295199857,1,7
2023_3231_3425,0.8480561857637492,3231,3425,Indiana,USC,1868.6504754692617,1666.4430616873983,1,8
2023_3231_3355,0.8486569485488085,3231,3355,Indiana,S Dakota St,1868.6504754692617,1782.9702056641402,1,9
2023_3104_3231,0.9111026867044567,3231,3104,Indiana,Alabama,1868.6504754692617,1663.8092371165892,1,10
2023_3231_3345,0.9372048584779012,3231,3345,Indiana,Purdue,1868.6504754692617,1629.805418842588,1,11
2023_3231_3385,0.9366758374531973,3231,3385,Indiana,St John's,1868.6504754692617,1645.2328828958891,1,11
2023_3231_3405,0.9548669686156017,3231,3405,Indiana,Toledo,1868.6504754692617,1813.7407826360668,1,12
2023_3231_3387,0.9726323735713959,3231,3387,Indiana,St Louis,1868.6504754692617,1605.9385038294836,1,13
2023_3231_3241,0.973371262550354,3231,3241,Indiana,James Madison,1868.6504754692617,1678.2498124691901,1,14
2023_3231_3436,0.9744827699661255,3231,3436,Indiana,Vermont,1868.6504754692617,1639.2393495950207,1,15
2023_3151_3231,0.9746368181705475,3231,3151,Indiana,Chattanooga,1868.6504754692617,1510.9961838972956,1,16
2023_3261_3428,0.4656560162267107,3428,3261,Utah,LSU,1800.7318318752298,1864.3183903367678,2,3
2023_3428_3437,0.5492401962374711,3428,3437,Utah,Villanova,1800.7318318752298,1841.7034566384116,2,4
2023_3428_3450,0.6435249673103458,3428,3450,Utah,Washington St,1800.7318318752298,1765.8827084988868,2,5
2023_3276_3428,0.7022775546684221,3428,3276,Utah,Michigan,1800.7318318752298,1743.5697265353447,2,6
2023_3301_3428,0.6966501671339731,3428,3301,Utah,NC State,1800.7318318752298,1769.9034812206935,2,7
2023_3329_3428,0.7706488559069343,3428,3329,Utah,Oklahoma St,1800.7318318752298,1661.836187921656,2,8
2023_3274_3428,0.8262862747129527,3428,3274,Utah,Miami FL,1800.7318318752298,1681.351650097899,2,9
2023_3343_3428,0.8166802487197069,3428,3343,Utah,Princeton,1800.7318318752298,1816.719582514641,2,10
2023_3424_3428,0.893003706516087,3428,3424,Utah,UNLV,1800.7318318752298,1781.5098532864504,2,11
2023_3195_3428,0.8959576396306265,3428,3195,Utah,FL Gulf Coast,1800.7318318752298,1836.5510410618815,2,12
2023_3156_3428,0.9173411657648785,3428,3156,Utah,Cleveland St,1800.7318318752298,1736.7326765943915,2,13
2023_3218_3428,0.9729859781265259,3428,3218,Utah,Hawaii,1800.7318318752298,1578.9600184597623,2,14
2023_3205_3428,0.9536823880672455,3428,3205,Utah,Gardner Webb,1800.7318318752298,1677.3755202435086,2,15
2023_3284_3428,0.9738436889648437,3428,3284,Utah,Monmouth NJ,1800.7318318752298,1515.4270054614776,2,16
2023_3399_3428,0.9726287972927093,3428,3399,Utah,Tennessee Tech,1800.7318318752298,1601.1950436554923,2,16
2023_3428_3439,0.41456076556831434,3428,3439,Utah,Virginia Tech,1800.7318318752298,1877.0771224285086,2,1
2023_3163_3428,0.4229768499732018,3428,3163,Utah,Connecticut,1800.7318318752298,1926.504762305338,2,2
2023_3326_3428,0.535780396517219,3428,3326,Utah,Ohio St,1800.7318318752298,1808.8412260077441,2,3
2023_3397_3428,0.5705001448487306,3428,3397,Utah,Tennessee,1800.7318318752298,1787.1506340535723,2,4
2023_3235_3428,0.6228047834610111,3428,3235,Utah,Iowa St,1800.7318318752298,1792.7485871099263,2,5
2023_3314_3428,0.6694517717733339,3428,3314,Utah,North Carolina,1800.7318318752298,1745.964248895116,2,6
2023_3124_3428,0.7403263795639734,3428,3124,Utah,Baylor,1800.7318318752298,1709.7290295199857,2,7
2023_3425_3428,0.7863644251646705,3428,3425,Utah,USC,1800.7318318752298,1666.4430616873983,2,8
2023_3355_3428,0.787220958393487,3428,3355,Utah,S Dakota St,1800.7318318752298,1782.9702056641402,2,9
2023_3104_3428,0.8473398647132067,3428,3104,Utah,Alabama,1800.7318318752298,1663.8092371165892,2,10
2023_3345_3428,0.9105755730283855,3428,3345,Utah,Purdue,1800.7318318752298,1629.805418842588,2,11
2023_3385_3428,0.903503988565266,3428,3385,Utah,St John's,1800.7318318752298,1645.2328828958891,2,11
2023_3405_3428,0.9278891889413107,3428,3405,Utah,Toledo,1800.7318318752298,1813.7407826360668,2,12
2023_3387_3428,0.9585750331717235,3428,3387,Utah,St Louis,1800.7318318752298,1605.9385038294836,2,13
2023_3241_3428,0.96040167927742,3428,3241,Utah,James Madison,1800.7318318752298,1678.2498124691901,2,14
2023_3428_3436,0.9711584103107452,3428,3436,Utah,Vermont,1800.7318318752298,1639.2393495950207,2,15
2023_3151_3428,0.9731357944011688,3428,3151,Utah,Chattanooga,1800.7318318752298,1510.9961838972956,2,16
2023_3261_3437,0.543746020849647,3261,3437,LSU,Villanova,1864.3183903367678,1841.7034566384116,3,4
2023_3261_3450,0.6593571995591188,3261,3450,LSU,Washington St,1864.3183903367678,1765.8827084988868,3,5
2023_3261_3276,0.7060311214899189,3261,3276,LSU,Michigan,1864.3183903367678,1743.5697265353447,3,6
2023_3261_3301,0.7084821895732836,3261,3301,LSU,NC State,1864.3183903367678,1769.9034812206935,3,7
2023_3261_3329,0.767797087457345,3261,3329,LSU,Oklahoma St,1864.3183903367678,1661.836187921656,3,8
2023_3261_3274,0.8252902964176841,3261,3274,LSU,Miami FL,1864.3183903367678,1681.351650097899,3,9
2023_3261_3343,0.831408176344308,3261,3343,LSU,Princeton,1864.3183903367678,1816.719582514641,3,10
2023_3261_3424,0.8841974696936754,3261,3424,LSU,UNLV,1864.3183903367678,1781.5098532864504,3,11
2023_3195_3261,0.8914338095796703,3261,3195,LSU,FL Gulf Coast,1864.3183903367678,1836.5510410618815,3,12
2023_3156_3261,0.9379830269177664,3261,3156,LSU,Cleveland St,1864.3183903367678,1736.7326765943915,3,13
2023_3218_3261,0.9660140802698833,3261,3218,LSU,Hawaii,1864.3183903367678,1578.9600184597623,3,14
2023_3205_3261,0.967370445728302,3261,3205,LSU,Gardner Webb,1864.3183903367678,1677.3755202435086,3,15
2023_3261_3284,0.9752683591842651,3261,3284,LSU,Monmouth NJ,1864.3183903367678,1515.4270054614776,3,16
2023_3261_3399,0.9753842306137085,3261,3399,LSU,Tennessee Tech,1864.3183903367678,1601.1950436554923,3,16
2023_3261_3439,0.48995895933160566,3261,3439,LSU,Virginia Tech,1864.3183903367678,1877.0771224285086,3,1
2023_3163_3261,0.45860587114482954,3261,3163,LSU,Connecticut,1864.3183903367678,1926.504762305338,3,2
2023_3261_3326,0.5552250802516938,3261,3326,LSU,Ohio St,1864.3183903367678,1808.8412260077441,3,3
2023_3261_3397,0.6030003840288538,3261,3397,LSU,Tennessee,1864.3183903367678,1787.1506340535723,3,4
2023_3235_3261,0.6705551390742326,3261,3235,LSU,Iowa St,1864.3183903367678,1792.7485871099263,3,5
2023_3261_3314,0.6601651387189991,3261,3314,LSU,North Carolina,1864.3183903367678,1745.964248895116,3,6
2023_3124_3261,0.7415933446063951,3261,3124,LSU,Baylor,1864.3183903367678,1709.7290295199857,3,7
2023_3261_3425,0.7764824676777582,3261,3425,LSU,USC,1864.3183903367678,1666.4430616873983,3,8
2023_3261_3355,0.813281659227819,3261,3355,LSU,S Dakota St,1864.3183903367678,1782.9702056641402,3,9
2023_3104_3261,0.8166428392347422,3261,3104,LSU,Alabama,1864.3183903367678,1663.8092371165892,3,10
2023_3261_3345,0.8755709490599779,3261,3345,LSU,Purdue,1864.3183903367678,1629.805418842588,3,11
2023_3261_3385,0.8749610445323137,3261,3385,LSU,St John's,1864.3183903367678,1645.2328828958891,3,11
2023_3261_3405,0.9071237786424755,3261,3405,LSU,Toledo,1864.3183903367678,1813.7407826360668,3,12
2023_3261_3387,0.9414210228284109,3261,3387,LSU,St Louis,1864.3183903367678,1605.9385038294836,3,13
2023_3241_3261,0.963385545237611,3261,3241,LSU,James Madison,1864.3183903367678,1678.2498124691901,3,14
2023_3261_3436,0.9738614511489868,3261,3436,LSU,Vermont,1864.3183903367678,1639.2393495950207,3,15
2023_3151_3261,0.9714790534973144,3261,3151,LSU,Chattanooga,1864.3183903367678,1510.9961838972956,3,16
2023_3437_3450,0.6410640293917078,3437,3450,Villanova,Washington St,1841.7034566384116,1765.8827084988868,4,5
2023_3276_3437,0.6732495074366593,3437,3276,Villanova,Michigan,1841.7034566384116,1743.5697265353447,4,6
2023_3301_3437,0.6696083025907642,3437,3301,Villanova,NC State,1841.7034566384116,1769.9034812206935,4,7
2023_3329_3437,0.7417189911975817,3437,3329,Villanova,Oklahoma St,1841.7034566384116,1661.836187921656,4,8
2023_3274_3437,0.7908467996384363,3437,3274,Villanova,Miami FL,1841.7034566384116,1681.351650097899,4,9
2023_3343_3437,0.801664296728582,3437,3343,Villanova,Princeton,1841.7034566384116,1816.719582514641,4,10
2023_3424_3437,0.8466365819391337,3437,3424,Villanova,UNLV,1841.7034566384116,1781.5098532864504,4,11
2023_3195_3437,0.8444559535803942,3437,3195,Villanova,FL Gulf Coast,1841.7034566384116,1836.5510410618815,4,12
2023_3156_3437,0.9151007874620556,3437,3156,Villanova,Cleveland St,1841.7034566384116,1736.7326765943915,4,13
2023_3218_3437,0.950818291123699,3437,3218,Villanova,Hawaii,1841.7034566384116,1578.9600184597623,4,14
2023_3205_3437,0.9611816336947185,3437,3205,Villanova,Gardner Webb,1841.7034566384116,1677.3755202435086,4,15
2023_3284_3437,0.9770542633533478,3437,3284,Villanova,Monmouth NJ,1841.7034566384116,1515.4270054614776,4,16
2023_3399_3437,0.9759903800487518,3437,3399,Villanova,Tennessee Tech,1841.7034566384116,1601.1950436554923,4,16
2023_3437_3439,0.4198266459728117,3437,3439,Villanova,Virginia Tech,1841.7034566384116,1877.0771224285086,4,1
2023_3163_3437,0.37989030282745145,3437,3163,Villanova,Connecticut,1841.7034566384116,1926.504762305338,4,2
2023_3326_3437,0.503293246571122,3437,3326,Villanova,Ohio St,1841.7034566384116,1808.8412260077441,4,3
2023_3397_3437,0.5426786601543427,3437,3397,Villanova,Tennessee,1841.7034566384116,1787.1506340535723,4,4
2023_3235_3437,0.5875329489073176,3437,3235,Villanova,Iowa St,1841.7034566384116,1792.7485871099263,4,5
2023_3314_3437,0.6496475731228852,3437,3314,Villanova,North Carolina,1841.7034566384116,1745.964248895116,4,6
2023_3124_3437,0.6964110063289768,3437,3124,Villanova,Baylor,1841.7034566384116,1709.7290295199857,4,7
2023_3425_3437,0.7425153688564257,3437,3425,Villanova,USC,1841.7034566384116,1666.4430616873983,4,8
2023_3355_3437,0.7544356036450128,3437,3355,Villanova,S Dakota St,1841.7034566384116,1782.9702056641402,4,9
2023_3104_3437,0.8130520025314995,3437,3104,Villanova,Alabama,1841.7034566384116,1663.8092371165892,4,10
2023_3345_3437,0.8577962701734629,3437,3345,Villanova,Purdue,1841.7034566384116,1629.805418842588,4,11
2023_3385_3437,0.8527068679746714,3437,3385,Villanova,St John's,1841.7034566384116,1645.2328828958891,4,11
2023_3405_3437,0.8712087831320909,3437,3405,Villanova,Toledo,1841.7034566384116,1813.7407826360668,4,12
2023_3387_3437,0.9241817637098431,3437,3387,Villanova,St Louis,1841.7034566384116,1605.9385038294836,4,13
2023_3241_3437,0.9491882232983816,3437,3241,Villanova,James Madison,1841.7034566384116,1678.2498124691901,4,14
2023_3436_3437,0.9658063878851635,3437,3436,Villanova,Vermont,1841.7034566384116,1639.2393495950207,4,15
2023_3151_3437,0.9752215099334717,3437,3151,Villanova,Chattanooga,1841.7034566384116,1510.9961838972956,4,16
2023_3276_3450,0.5486404860577005,3450,3276,Washington St,Michigan,1765.8827084988868,1743.5697265353447,5,6
2023_3301_3450,0.5314330031370187,3450,3301,Washington St,NC State,1765.8827084988868,1769.9034812206935,5,7
2023_3329_3450,0.6313365029071933,3450,3329,Washington St,Oklahoma St,1765.8827084988868,1661.836187921656,5,8
2023_3274_3450,0.7087531224861101,3450,3274,Washington St,Miami FL,1765.8827084988868,1681.351650097899,5,9
2023_3343_3450,0.7240924436117868,3450,3343,Washington St,Princeton,1765.8827084988868,1816.719582514641,5,10
2023_3424_3450,0.7766240874352165,3450,3424,Washington St,UNLV,1765.8827084988868,1781.5098532864504,5,11
2023_3195_3450,0.7713175749000636,3450,3195,Washington St,FL Gulf Coast,1765.8827084988868,1836.5510410618815,5,12
2023_3156_3450,0.8233733287873415,3450,3156,Washington St,Cleveland St,1765.8827084988868,1736.7326765943915,5,13
2023_3218_3450,0.9262983544481396,3450,3218,Washington St,Hawaii,1765.8827084988868,1578.9600184597623,5,14
2023_3205_3450,0.9245262352784384,3450,3205,Washington St,Gardner Webb,1765.8827084988868,1677.3755202435086,5,15
2023_3284_3450,0.9656587769823772,3450,3284,Washington St,Monmouth NJ,1765.8827084988868,1515.4270054614776,5,16
2023_3399_3450,0.9618559112387401,3450,3399,Washington St,Tennessee Tech,1765.8827084988868,1601.1950436554923,5,16
2023_3439_3450,0.27261544605350946,3450,3439,Washington St,Virginia Tech,1765.8827084988868,1877.0771224285086,5,1
2023_3163_3450,0.2869831552828188,3450,3163,Washington St,Connecticut,1765.8827084988868,1926.504762305338,5,2
2023_3326_3450,0.37898812692413114,3450,3326,Washington St,Ohio St,1765.8827084988868,1808.8412260077441,5,3
2023_3397_3450,0.4312944119611366,3450,3397,Washington St,Tennessee,1765.8827084988868,1787.1506340535723,5,4
2023_3235_3450,0.4679860979318619,3450,3235,Washington St,Iowa St,1765.8827084988868,1792.7485871099263,5,5
2023_3314_3450,0.4924468362888712,3450,3314,Washington St,North Carolina,1765.8827084988868,1745.964248895116,5,6
2023_3124_3450,0.5778073166703248,3450,3124,Washington St,Baylor,1765.8827084988868,1709.7290295199857,5,7
2023_3425_3450,0.6417744981025821,3450,3425,Washington St,USC,1765.8827084988868,1666.4430616873983,5,8
2023_3355_3450,0.6653934554233507,3450,3355,Washington St,S Dakota St,1765.8827084988868,1782.9702056641402,5,9
2023_3104_3450,0.7083603489662866,3450,3104,Washington St,Alabama,1765.8827084988868,1663.8092371165892,5,10
2023_3345_3450,0.7994849124970146,3450,3345,Washington St,Purdue,1765.8827084988868,1629.805418842588,5,11
2023_3385_3450,0.7999317536177345,3450,3385,Washington St,St John's,1765.8827084988868,1645.2328828958891,5,11
2023_3405_3450,0.814381826442155,3450,3405,Washington St,Toledo,1765.8827084988868,1813.7407826360668,5,12
2023_3387_3450,0.8918235561671404,3450,3387,Washington St,St Louis,1765.8827084988868,1605.9385038294836,5,13
2023_3241_3450,0.9091849668634533,3450,3241,Washington St,James Madison,1765.8827084988868,1678.2498124691901,5,14
2023_3436_3450,0.9339526204426992,3450,3436,Washington St,Vermont,1765.8827084988868,1639.2393495950207,5,15
2023_3151_3450,0.9640980293589336,3450,3151,Washington St,Chattanooga,1765.8827084988868,1510.9961838972956,5,16
2023_3276_3301,0.5015387797912974,3276,3301,Michigan,NC State,1743.5697265353447,1769.9034812206935,6,7
2023_3276_3329,0.5730272625779176,3276,3329,Michigan,Oklahoma St,1743.5697265353447,1661.836187921656,6,8
2023_3274_3276,0.6419428812240726,3276,3274,Michigan,Miami FL,1743.5697265353447,1681.351650097899,6,9
2023_3276_3343,0.6495321975126223,3276,3343,Michigan,Princeton,1743.5697265353447,1816.719582514641,6,10
2023_3276_3424,0.7215449857975702,3276,3424,Michigan,UNLV,1743.5697265353447,1781.5098532864504,6,11
2023_3195_3276,0.7363484988035865,3276,3195,Michigan,FL Gulf Coast,1743.5697265353447,1836.5510410618815,6,12
2023_3156_3276,0.7879217302021113,3276,3156,Michigan,Cleveland St,1743.5697265353447,1736.7326765943915,6,13
2023_3218_3276,0.8950360081019548,3276,3218,Michigan,Hawaii,1743.5697265353447,1578.9600184597623,6,14
2023_3205_3276,0.8888780518186687,3276,3205,Michigan,Gardner Webb,1743.5697265353447,1677.3755202435086,6,15
2023_3276_3284,0.9447923807461965,3276,3284,Michigan,Monmouth NJ,1743.5697265353447,1515.4270054614776,6,16
2023_3276_3399,0.9410791603883016,3276,3399,Michigan,Tennessee Tech,1743.5697265353447,1601.1950436554923,6,16
2023_3276_3439,0.22689004209978794,3276,3439,Michigan,Virginia Tech,1743.5697265353447,1877.0771224285086,6,1
2023_3163_3276,0.2421832776591823,3276,3163,Michigan,Connecticut,1743.5697265353447,1926.504762305338,6,2
2023_3276_3326,0.346681144657218,3276,3326,Michigan,Ohio St,1743.5697265353447,1808.8412260077441,6,3
2023_3276_3397,0.3794812957550027,3276,3397,Michigan,Tennessee,1743.5697265353447,1787.1506340535723,6,4
2023_3235_3276,0.40820969695240095,3276,3235,Michigan,Iowa St,1743.5697265353447,1792.7485871099263,6,5
2023_3276_3314,0.45295628756284717,3276,3314,Michigan,North Carolina,1743.5697265353447,1745.964248895116,6,6
2023_3124_3276,0.5269035959801096,3276,3124,Michigan,Baylor,1743.5697265353447,1709.7290295199857,6,7
2023_3276_3425,0.5988888387774491,3276,3425,Michigan,USC,1743.5697265353447,1666.4430616873983,6,8
2023_3276_3355,0.6075112150882847,3276,3355,Michigan,S Dakota St,1743.5697265353447,1782.9702056641402,6,9
2023_3104_3276,0.6757070855274157,3276,3104,Michigan,Alabama,1743.5697265353447,1663.8092371165892,6,10
2023_3276_3345,0.7466460961367349,3276,3345,Michigan,Purdue,1743.5697265353447,1629.805418842588,6,11
2023_3276_3385,0.7466360676552515,3276,3385,Michigan,St John's,1743.5697265353447,1645.2328828958891,6,11
2023_3276_3405,0.756445396882505,3276,3405,Michigan,Toledo,1743.5697265353447,1813.7407826360668,6,12
2023_3276_3387,0.8453046565469828,3276,3387,Michigan,St Louis,1743.5697265353447,1605.9385038294836,6,13
2023_3241_3276,0.8525592646422533,3276,3241,Michigan,James Madison,1743.5697265353447,1678.2498124691901,6,14
2023_3276_3436,0.906532530368626,3276,3436,Michigan,Vermont,1743.5697265353447,1639.2393495950207,6,15
2023_3151_3276,0.9440875558217275,3276,3151,Michigan,Chattanooga,1743.5697265353447,1510.9961838972956,6,16
2023_3301_3329,0.5964541698059458,3301,3329,NC State,Oklahoma St,1769.9034812206935,1661.836187921656,7,8
2023_3274_3301,0.6669087653254533,3301,3274,NC State,Miami FL,1769.9034812206935,1681.351650097899,7,9
2023_3301_3343,0.672811247584737,3301,3343,NC State,Princeton,1769.9034812206935,1816.719582514641,7,10
2023_3301_3424,0.7293253974094347,3301,3424,NC State,UNLV,1769.9034812206935,1781.5098532864504,7,11
2023_3195_3301,0.7198752361799936,3301,3195,NC State,FL Gulf Coast,1769.9034812206935,1836.5510410618815,7,12
2023_3156_3301,0.7954829523386665,3301,3156,NC State,Cleveland St,1769.9034812206935,1736.7326765943915,7,13
2023_3218_3301,0.8713266735490885,3301,3218,NC State,Hawaii,1769.9034812206935,1578.9600184597623,7,14
2023_3205_3301,0.8636749944510607,3301,3205,NC State,Gardner Webb,1769.9034812206935,1677.3755202435086,7,15
2023_3284_3301,0.9253340407026409,3301,3284,NC State,Monmouth NJ,1769.9034812206935,1515.4270054614776,7,16
2023_3301_3399,0.9245239241731762,3301,3399,NC State,Tennessee Tech,1769.9034812206935,1601.1950436554923,7,16
2023_3301_3439,0.24578570629933416,3301,3439,NC State,Virginia Tech,1769.9034812206935,1877.0771224285086,7,1
2023_3163_3301,0.24517393079741215,3301,3163,NC State,Connecticut,1769.9034812206935,1926.504762305338,7,2
2023_3301_3326,0.3442241682634399,3301,3326,NC State,Ohio St,1769.9034812206935,1808.8412260077441,7,3
2023_3301_3397,0.38145293724783613,3301,3397,NC State,Tennessee,1769.9034812206935,1787.1506340535723,7,4
2023_3235_3301,0.4456855828667619,3301,3235,NC State,Iowa St,1769.9034812206935,1792.7485871099263,7,5
2023_3301_3314,0.46023000830799177,3301,3314,NC State,North Carolina,1769.9034812206935,1745.964248895116,7,6
2023_3124_3301,0.517542114853859,3301,3124,NC State,Baylor,1769.9034812206935,1709.7290295199857,7,7
2023_3301_3425,0.596361559089126,3301,3425,NC State,USC,1769.9034812206935,1666.4430616873983,7,8
2023_3301_3355,0.6132054572199845,3301,3355,NC State,S Dakota St,1769.9034812206935,1782.9702056641402,7,9
2023_3104_3301,0.6490548776363498,3301,3104,NC State,Alabama,1769.9034812206935,1663.8092371165892,7,10
2023_3301_3345,0.7327246055974916,3301,3345,NC State,Purdue,1769.9034812206935,1629.805418842588,7,11
2023_3301_3385,0.7433107332363085,3301,3385,NC State,St John's,1769.9034812206935,1645.2328828958891,7,11
2023_3301_3405,0.7681721496845941,3301,3405,NC State,Toledo,1769.9034812206935,1813.7407826360668,7,12
2023_3301_3387,0.8364965954842277,3301,3387,NC State,St Louis,1769.9034812206935,1605.9385038294836,7,13
2023_3241_3301,0.8549883549627391,3301,3241,NC State,James Madison,1769.9034812206935,1678.2498124691901,7,14
2023_3301_3436,0.8819446823420671,3301,3436,NC State,Vermont,1769.9034812206935,1639.2393495950207,7,15
2023_3151_3301,0.921577696384251,3301,3151,NC State,Chattanooga,1769.9034812206935,1510.9961838972956,7,16
2023_3274_3329,0.5896372461876291,3329,3274,Oklahoma St,Miami FL,1661.836187921656,1681.351650097899,8,9
2023_3329_3343,0.5550165866707826,3329,3343,Oklahoma St,Princeton,1661.836187921656,1816.719582514641,8,10
2023_3329_3424,0.6738291161035663,3329,3424,Oklahoma St,UNLV,1661.836187921656,1781.5098532864504,8,11
2023_3195_3329,0.6755427555217699,3329,3195,Oklahoma St,FL Gulf Coast,1661.836187921656,1836.5510410618815,8,12
2023_3156_3329,0.7097694623734216,3329,3156,Oklahoma St,Cleveland St,1661.836187921656,1736.7326765943915,8,13
2023_3218_3329,0.8247612753929802,3329,3218,Oklahoma St,Hawaii,1661.836187921656,1578.9600184597623,8,14
2023_3205_3329,0.8247137104686824,3329,3205,Oklahoma St,Gardner Webb,1661.836187921656,1677.3755202435086,8,15
2023_3284_3329,0.886075075608745,3329,3284,Oklahoma St,Monmouth NJ,1661.836187921656,1515.4270054614776,8,16
2023_3329_3399,0.8672321102442888,3329,3399,Oklahoma St,Tennessee Tech,1661.836187921656,1601.1950436554923,8,16
2023_3329_3439,0.1750793802026187,3329,3439,Oklahoma St,Virginia Tech,1661.836187921656,1877.0771224285086,8,1
2023_3163_3329,0.19787515010216772,3329,3163,Oklahoma St,Connecticut,1661.836187921656,1926.504762305338,8,2
2023_3326_3329,0.24580685761912083,3329,3326,Oklahoma St,Ohio St,1661.836187921656,1808.8412260077441,8,3
2023_3329_3397,0.28519887318468545,3329,3397,Oklahoma St,Tennessee,1661.836187921656,1787.1506340535723,8,4
2023_3235_3329,0.32991882843025877,3329,3235,Oklahoma St,Iowa St,1661.836187921656,1792.7485871099263,8,5
2023_3314_3329,0.35221841435680173,3329,3314,Oklahoma St,North Carolina,1661.836187921656,1745.964248895116,8,6
2023_3124_3329,0.46606257611900404,3329,3124,Oklahoma St,Baylor,1661.836187921656,1709.7290295199857,8,7
2023_3329_3425,0.5111399203538896,3329,3425,Oklahoma St,USC,1661.836187921656,1666.4430616873983,8,8
2023_3329_3355,0.5174647534450907,3329,3355,Oklahoma St,S Dakota St,1661.836187921656,1782.9702056641402,8,9
2023_3104_3329,0.5656452124213243,3329,3104,Oklahoma St,Alabama,1661.836187921656,1663.8092371165892,8,10
2023_3329_3345,0.6556365119194156,3329,3345,Oklahoma St,Purdue,1661.836187921656,1629.805418842588,8,11
2023_3329_3385,0.6328218059515125,3329,3385,Oklahoma St,St John's,1661.836187921656,1645.2328828958891,8,11
2023_3329_3405,0.7027160213365511,3329,3405,Oklahoma St,Toledo,1661.836187921656,1813.7407826360668,8,12
2023_3329_3387,0.7621226507689218,3329,3387,Oklahoma St,St Louis,1661.836187921656,1605.9385038294836,8,13
2023_3241_3329,0.7989289054693886,3329,3241,Oklahoma St,James Madison,1661.836187921656,1678.2498124691901,8,14
2023_3329_3436,0.8347793107446757,3329,3436,Oklahoma St,Vermont,1661.836187921656,1639.2393495950207,8,15
2023_3151_3329,0.8878347537341265,3329,3151,Oklahoma St,Chattanooga,1661.836187921656,1510.9961838972956,8,16
2023_3274_3343,0.4861836994251627,3274,3343,Miami FL,Princeton,1681.351650097899,1816.719582514641,9,10
2023_3274_3424,0.606522062907126,3274,3424,Miami FL,UNLV,1681.351650097899,1781.5098532864504,9,11
2023_3195_3274,0.5964554326509601,3274,3195,Miami FL,FL Gulf Coast,1681.351650097899,1836.5510410618815,9,12
2023_3156_3274,0.6676255450620607,3274,3156,Miami FL,Cleveland St,1681.351650097899,1736.7326765943915,9,13
2023_3218_3274,0.7927424955631952,3274,3218,Miami FL,Hawaii,1681.351650097899,1578.9600184597623,9,14
2023_3205_3274,0.7836810389580436,3274,3205,Miami FL,Gardner Webb,1681.351650097899,1677.3755202435086,9,15
2023_3274_3284,0.8619191234525767,3274,3284,Miami FL,Monmouth NJ,1681.351650097899,1515.4270054614776,9,16
2023_3274_3399,0.8460184817728129,3274,3399,Miami FL,Tennessee Tech,1681.351650097899,1601.1950436554923,9,16
2023_3274_3439,0.12928548540447693,3274,3439,Miami FL,Virginia Tech,1681.351650097899,1877.0771224285086,9,1
2023_3163_3274,0.13618482001456367,3274,3163,Miami FL,Connecticut,1681.351650097899,1926.504762305338,9,2
2023_3274_3326,0.18047612960913717,3274,3326,Miami FL,Ohio St,1681.351650097899,1808.8412260077441,9,3
2023_3274_3397,0.22174232420666432,3274,3397,Miami FL,Tennessee,1681.351650097899,1787.1506340535723,9,4
2023_3235_3274,0.2667593418583915,3274,3235,Miami FL,Iowa St,1681.351650097899,1792.7485871099263,9,5
2023_3274_3314,0.31723463964709,3274,3314,Miami FL,North Carolina,1681.351650097899,1745.964248895116,9,6
2023_3124_3274,0.37695531051406644,3274,3124,Miami FL,Baylor,1681.351650097899,1709.7290295199857,9,7
2023_3274_3425,0.43263658935218885,3274,3425,Miami FL,USC,1681.351650097899,1666.4430616873983,9,8
2023_3274_3355,0.4489683419466019,3274,3355,Miami FL,S Dakota St,1681.351650097899,1782.9702056641402,9,9
2023_3104_3274,0.4714001456460375,3274,3104,Miami FL,Alabama,1681.351650097899,1663.8092371165892,9,10
2023_3274_3345,0.5789758508299852,3274,3345,Miami FL,Purdue,1681.351650097899,1629.805418842588,9,11
2023_3274_3385,0.5778889154290223,3274,3385,Miami FL,St John's,1681.351650097899,1645.2328828958891,9,11
2023_3274_3405,0.6300654040550357,3274,3405,Miami FL,Toledo,1681.351650097899,1813.7407826360668,9,12
2023_3274_3387,0.7190035418643907,3274,3387,Miami FL,St Louis,1681.351650097899,1605.9385038294836,9,13
2023_3241_3274,0.7658476579453211,3274,3241,Miami FL,James Madison,1681.351650097899,1678.2498124691901,9,14
2023_3274_3436,0.794974956852407,3274,3436,Miami FL,Vermont,1681.351650097899,1639.2393495950207,9,15
2023_3151_3274,0.8643114750799266,3274,3151,Miami FL,Chattanooga,1681.351650097899,1510.9961838972956,9,16
2023_3343_3424,0.5757718200048823,3343,3424,Princeton,UNLV,1816.719582514641,1781.5098532864504,10,11
2023_3195_3343,0.5563499127720857,3343,3195,Princeton,FL Gulf Coast,1816.719582514641,1836.5510410618815,10,12
2023_3156_3343,0.6516449080680973,3343,3156,Princeton,Cleveland St,1816.719582514641,1736.7326765943915,10,13
2023_3218_3343,0.7580593959464983,3343,3218,Princeton,Hawaii,1816.719582514641,1578.9600184597623,10,14
2023_3205_3343,0.7611703622605066,3343,3205,Princeton,Gardner Webb,1816.719582514641,1677.3755202435086,10,15
2023_3284_3343,0.8219897488178917,3343,3284,Princeton,Monmouth NJ,1816.719582514641,1515.4270054614776,10,16
2023_3343_3399,0.8337187806191154,3343,3399,Princeton,Tennessee Tech,1816.719582514641,1601.1950436554923,10,16
2023_3343_3439,0.12586100411289974,3343,3439,Princeton,Virginia Tech,1816.719582514641,1877.0771224285086,10,1
2023_3163_3343,0.12657053481315117,3343,3163,Princeton,Connecticut,1816.719582514641,1926.504762305338,10,2
2023_3326_3343,0.1956199342790519,3343,3326,Princeton,Ohio St,1816.719582514641,1808.8412260077441,10,3
2023_3343_3397,0.2081547683058077,3343,3397,Princeton,Tennessee,1816.719582514641,1787.1506340535723,10,4
2023_3235_3343,0.27606176552517625,3343,3235,Princeton,Iowa St,1816.719582514641,1792.7485871099263,10,5
2023_3314_3343,0.284077642761235,3343,3314,Princeton,North Carolina,1816.719582514641,1745.964248895116,10,6
2023_3124_3343,0.3715893073106642,3343,3124,Princeton,Baylor,1816.719582514641,1709.7290295199857,10,7
2023_3343_3425,0.4222577984238603,3343,3425,Princeton,USC,1816.719582514641,1666.4430616873983,10,8
2023_3343_3355,0.4415694331565483,3343,3355,Princeton,S Dakota St,1816.719582514641,1782.9702056641402,10,9
2023_3104_3343,0.48410893082618717,3343,3104,Princeton,Alabama,1816.719582514641,1663.8092371165892,10,10
2023_3343_3345,0.5803953075966257,3343,3345,Princeton,Purdue,1816.719582514641,1629.805418842588,10,11
2023_3343_3385,0.5852073395809549,3343,3385,Princeton,St John's,1816.719582514641,1645.2328828958891,10,11
2023_3343_3405,0.6142912601326966,3343,3405,Princeton,Toledo,1816.719582514641,1813.7407826360668,10,12
2023_3343_3387,0.67825052904836,3343,3387,Princeton,St Louis,1816.719582514641,1605.9385038294836,10,13
2023_3241_3343,0.7340984926595644,3343,3241,Princeton,James Madison,1816.719582514641,1678.2498124691901,10,14
2023_3343_3436,0.7823253917958002,3343,3436,Princeton,Vermont,1816.719582514641,1639.2393495950207,10,15
2023_3151_3343,0.8135736027779289,3343,3151,Princeton,Chattanooga,1816.719582514641,1510.9961838972956,10,16
2023_3195_3424,0.5096302444300074,3424,3195,UNLV,FL Gulf Coast,1781.5098532864504,1836.5510410618815,11,12
2023_3156_3424,0.5592319761609101,3424,3156,UNLV,Cleveland St,1781.5098532864504,1736.7326765943915,11,13
2023_3218_3424,0.7069262640451557,3424,3218,UNLV,Hawaii,1781.5098532864504,1578.9600184597623,11,14
2023_3205_3424,0.7256241277828173,3424,3205,UNLV,Gardner Webb,1781.5098532864504,1677.3755202435086,11,15
2023_3284_3424,0.781782363679574,3424,3284,UNLV,Monmouth NJ,1781.5098532864504,1515.4270054614776,11,16
2023_3399_3424,0.7912562537457208,3424,3399,UNLV,Tennessee Tech,1781.5098532864504,1601.1950436554923,11,16
2023_3424_3439,0.0716244844685094,3424,3439,UNLV,Virginia Tech,1781.5098532864504,1877.0771224285086,11,1
2023_3163_3424,0.07984711986655042,3424,3163,UNLV,Connecticut,1781.5098532864504,1926.504762305338,11,2
2023_3326_3424,0.14774588953231316,3424,3326,UNLV,Ohio St,1781.5098532864504,1808.8412260077441,11,3
2023_3397_3424,0.168461700010625,3424,3397,UNLV,Tennessee,1781.5098532864504,1787.1506340535723,11,4
2023_3235_3424,0.19629066120365202,3424,3235,UNLV,Iowa St,1781.5098532864504,1792.7485871099263,11,5
2023_3314_3424,0.22830005330188488,3424,3314,UNLV,North Carolina,1781.5098532864504,1745.964248895116,11,6
2023_3124_3424,0.2990630104169891,3424,3124,UNLV,Baylor,1781.5098532864504,1709.7290295199857,11,7
2023_3424_3425,0.35561806392916395,3424,3425,UNLV,USC,1781.5098532864504,1666.4430616873983,11,8
2023_3355_3424,0.3712961549664476,3424,3355,UNLV,S Dakota St,1781.5098532864504,1782.9702056641402,11,9
2023_3104_3424,0.398303404990731,3424,3104,UNLV,Alabama,1781.5098532864504,1663.8092371165892,11,10
2023_3345_3424,0.4865747451782227,3424,3345,UNLV,Purdue,1781.5098532864504,1629.805418842588,11,11
2023_3385_3424,0.48795098662376407,3424,3385,UNLV,St John's,1781.5098532864504,1645.2328828958891,11,11
2023_3405_3424,0.5639707708916086,3424,3405,UNLV,Toledo,1781.5098532864504,1813.7407826360668,11,12
2023_3387_3424,0.6360638235901857,3424,3387,UNLV,St Louis,1781.5098532864504,1605.9385038294836,11,13
2023_3241_3424,0.6600516216730243,3424,3241,UNLV,James Madison,1781.5098532864504,1678.2498124691901,11,14
2023_3424_3436,0.7522719339504198,3424,3436,UNLV,Vermont,1781.5098532864504,1639.2393495950207,11,15
2023_3151_3424,0.7713814425732355,3424,3151,UNLV,Chattanooga,1781.5098532864504,1510.9961838972956,11,16
2023_3156_3195,0.5510760361513514,3195,3156,FL Gulf Coast,Cleveland St,1836.5510410618815,1736.7326765943915,12,13
2023_3195_3218,0.6641635094975495,3195,3218,FL Gulf Coast,Hawaii,1836.5510410618815,1578.9600184597623,12,14
2023_3195_3205,0.6933358387922413,3195,3205,FL Gulf Coast,Gardner Webb,1836.5510410618815,1677.3755202435086,12,15
2023_3195_3284,0.7444651559963182,3195,3284,FL Gulf Coast,Monmouth NJ,1836.5510410618815,1515.4270054614776,12,16
2023_3195_3399,0.7512950138225511,3195,3399,FL Gulf Coast,Tennessee Tech,1836.5510410618815,1601.1950436554923,12,16
2023_3195_3439,0.09056694455569003,3195,3439,FL Gulf Coast,Virginia Tech,1836.5510410618815,1877.0771224285086,12,1
2023_3163_3195,0.07477377969424888,3195,3163,FL Gulf Coast,Connecticut,1836.5510410618815,1926.504762305338,12,2
2023_3195_3326,0.12470045697563932,3195,3326,FL Gulf Coast,Ohio St,1836.5510410618815,1808.8412260077441,12,3
2023_3195_3397,0.15486697192762833,3195,3397,FL Gulf Coast,Tennessee,1836.5510410618815,1787.1506340535723,12,4
2023_3195_3235,0.2136821905556594,3195,3235,FL Gulf Coast,Iowa St,1836.5510410618815,1792.7485871099263,12,5
2023_3195_3314,0.22030386384108602,3195,3314,FL Gulf Coast,North Carolina,1836.5510410618815,1745.964248895116,12,6
2023_3124_3195,0.28689208594305726,3195,3124,FL Gulf Coast,Baylor,1836.5510410618815,1709.7290295199857,12,7
2023_3195_3425,0.36173935075855707,3195,3425,FL Gulf Coast,USC,1836.5510410618815,1666.4430616873983,12,8
2023_3195_3355,0.35222626161822035,3195,3355,FL Gulf Coast,S Dakota St,1836.5510410618815,1782.9702056641402,12,9
2023_3104_3195,0.4093033398295381,3195,3104,FL Gulf Coast,Alabama,1836.5510410618815,1663.8092371165892,12,10
2023_3195_3345,0.49159610325485303,3195,3345,FL Gulf Coast,Purdue,1836.5510410618815,1629.805418842588,12,11
2023_3195_3385,0.4785031681695564,3195,3385,FL Gulf Coast,St John's,1836.5510410618815,1645.2328828958891,12,11
2023_3195_3405,0.539879059791565,3195,3405,FL Gulf Coast,Toledo,1836.5510410618815,1813.7407826360668,12,12
2023_3195_3387,0.5912951940855402,3195,3387,FL Gulf Coast,St Louis,1836.5510410618815,1605.9385038294836,12,13
2023_3195_3241,0.6435330902432466,3195,3241,FL Gulf Coast,James Madison,1836.5510410618815,1678.2498124691901,12,14
2023_3195_3436,0.6856595205043918,3195,3436,FL Gulf Coast,Vermont,1836.5510410618815,1639.2393495950207,12,15
2023_3151_3195,0.7357114241495089,3195,3151,FL Gulf Coast,Chattanooga,1836.5510410618815,1510.9961838972956,12,16
2023_3156_3218,0.6113248730263132,3156,3218,Cleveland St,Hawaii,1736.7326765943915,1578.9600184597623,13,14
2023_3156_3205,0.6200669204091096,3156,3205,Cleveland St,Gardner Webb,1736.7326765943915,1677.3755202435086,13,15
2023_3156_3284,0.704553909776128,3156,3284,Cleveland St,Monmouth NJ,1736.7326765943915,1515.4270054614776,13,16
2023_3156_3399,0.7003383563732273,3156,3399,Cleveland St,Tennessee Tech,1736.7326765943915,1601.1950436554923,13,16
2023_3156_3439,0.04481127664446831,3156,3439,Cleveland St,Virginia Tech,1736.7326765943915,1877.0771224285086,13,1
2023_3156_3163,0.03906415145968412,3156,3163,Cleveland St,Connecticut,1736.7326765943915,1926.504762305338,13,2
2023_3156_3326,0.07386898491184875,3156,3326,Cleveland St,Ohio St,1736.7326765943915,1808.8412260077441,13,3
2023_3156_3397,0.10466385644549177,3156,3397,Cleveland St,Tennessee,1736.7326765943915,1787.1506340535723,13,4
2023_3156_3235,0.14868305336211662,3156,3235,Cleveland St,Iowa St,1736.7326765943915,1792.7485871099263,13,5
2023_3156_3314,0.17662809886368858,3156,3314,Cleveland St,North Carolina,1736.7326765943915,1745.964248895116,13,6
2023_3124_3156,0.2148519163904482,3156,3124,Cleveland St,Baylor,1736.7326765943915,1709.7290295199857,13,7
2023_3156_3425,0.2444285598133347,3156,3425,Cleveland St,USC,1736.7326765943915,1666.4430616873983,13,8
2023_3156_3355,0.29102170308685754,3156,3355,Cleveland St,S Dakota St,1736.7326765943915,1782.9702056641402,13,9
2023_3104_3156,0.331369545879447,3156,3104,Cleveland St,Alabama,1736.7326765943915,1663.8092371165892,13,10
2023_3156_3345,0.40169974665889524,3156,3345,Cleveland St,Purdue,1736.7326765943915,1629.805418842588,13,11
2023_3156_3385,0.38954111438045286,3156,3385,Cleveland St,St John's,1736.7326765943915,1645.2328828958891,13,11
2023_3156_3405,0.4342688550987823,3156,3405,Cleveland St,Toledo,1736.7326765943915,1813.7407826360668,13,12
2023_3156_3387,0.5040433615446092,3156,3387,Cleveland St,St Louis,1736.7326765943915,1605.9385038294836,13,13
2023_3156_3241,0.5735909605583567,3156,3241,Cleveland St,James Madison,1736.7326765943915,1678.2498124691901,13,14
2023_3156_3436,0.6342463438605332,3156,3436,Cleveland St,Vermont,1736.7326765943915,1639.2393495950207,13,15
2023_3151_3156,0.6882869975542194,3156,3151,Cleveland St,Chattanooga,1736.7326765943915,1510.9961838972956,13,16
2023_3205_3218,0.49942871576160375,3218,3205,Hawaii,Gardner Webb,1578.9600184597623,1677.3755202435086,14,15
2023_3218_3284,0.6015032475089097,3218,3284,Hawaii,Monmouth NJ,1578.9600184597623,1515.4270054614776,14,16
2023_3218_3399,0.5857863222455049,3218,3399,Hawaii,Tennessee Tech,1578.9600184597623,1601.1950436554923,14,16
2023_3218_3439,0.027009012103080748,3218,3439,Hawaii,Virginia Tech,1578.9600184597623,1877.0771224285086,14,1
2023_3163_3218,0.02359815679490566,3218,3163,Hawaii,Connecticut,1578.9600184597623,1926.504762305338,14,2
2023_3218_3326,0.03312223054592823,3218,3326,Hawaii,Ohio St,1578.9600184597623,1808.8412260077441,14,3
2023_3218_3397,0.053554324057211125,3218,3397,Hawaii,Tennessee,1578.9600184597623,1787.1506340535723,14,4
2023_3218_3235,0.07184037438282416,3218,3235,Hawaii,Iowa St,1578.9600184597623,1792.7485871099263,14,5
2023_3218_3314,0.09860134396229726,3218,3314,Hawaii,North Carolina,1578.9600184597623,1745.964248895116,14,6
2023_3124_3218,0.14675878830584632,3218,3124,Hawaii,Baylor,1578.9600184597623,1709.7290295199857,14,7
2023_3218_3425,0.18158287982919752,3218,3425,Hawaii,USC,1578.9600184597623,1666.4430616873983,14,8
2023_3218_3355,0.20301003162904,3218,3355,Hawaii,S Dakota St,1578.9600184597623,1782.9702056641402,14,9
2023_3104_3218,0.237465618453984,3218,3104,Hawaii,Alabama,1578.9600184597623,1663.8092371165892,14,10
2023_3218_3345,0.29041027707108213,3218,3345,Hawaii,Purdue,1578.9600184597623,1629.805418842588,14,11
2023_3218_3385,0.29875025955089285,3218,3385,Hawaii,St John's,1578.9600184597623,1645.2328828958891,14,11
2023_3218_3405,0.32770358647951864,3218,3405,Hawaii,Toledo,1578.9600184597623,1813.7407826360668,14,12
2023_3218_3387,0.3808755433002098,3218,3387,Hawaii,St Louis,1578.9600184597623,1605.9385038294836,14,13
2023_3218_3241,0.4388640582561493,3218,3241,Hawaii,James Madison,1578.9600184597623,1678.2498124691901,14,14
2023_3218_3436,0.5268537664970774,3218,3436,Hawaii,Vermont,1578.9600184597623,1639.2393495950207,14,15
2023_3151_3218,0.5585679059123063,3218,3151,Hawaii,Chattanooga,1578.9600184597623,1510.9961838972956,14,16
2023_3205_3284,0.6293993557056803,3205,3284,Gardner Webb,Monmouth NJ,1677.3755202435086,1515.4270054614776,15,16
2023_3205_3399,0.6006434226593393,3205,3399,Gardner Webb,Tennessee Tech,1677.3755202435086,1601.1950436554923,15,16
2023_3205_3439,0.03574173890054226,3205,3439,Gardner Webb,Virginia Tech,1677.3755202435086,1877.0771224285086,15,1
2023_3163_3205,0.027303808294236658,3205,3163,Gardner Webb,Connecticut,1677.3755202435086,1926.504762305338,15,2
2023_3205_3326,0.0338237601518631,3205,3326,Gardner Webb,Ohio St,1677.3755202435086,1808.8412260077441,15,3
2023_3205_3397,0.047629621104647864,3205,3397,Gardner Webb,Tennessee,1677.3755202435086,1787.1506340535723,15,4
2023_3205_3235,0.0628510365227954,3205,3235,Gardner Webb,Iowa St,1677.3755202435086,1792.7485871099263,15,5
2023_3205_3314,0.08927980635935114,3205,3314,Gardner Webb,North Carolina,1677.3755202435086,1745.964248895116,15,6
2023_3124_3205,0.1410619327006195,3205,3124,Gardner Webb,Baylor,1677.3755202435086,1709.7290295199857,15,7
2023_3205_3425,0.15328133203419791,3205,3425,Gardner Webb,USC,1677.3755202435086,1666.4430616873983,15,8
2023_3205_3355,0.17458879816809236,3205,3355,Gardner Webb,S Dakota St,1677.3755202435086,1782.9702056641402,15,9
2023_3104_3205,0.22336057168586468,3205,3104,Gardner Webb,Alabama,1677.3755202435086,1663.8092371165892,15,10
2023_3205_3345,0.27400842150307153,3205,3345,Gardner Webb,Purdue,1677.3755202435086,1629.805418842588,15,11
2023_3205_3385,0.29584131976223443,3205,3385,Gardner Webb,St John's,1677.3755202435086,1645.2328828958891,15,11
2023_3205_3405,0.3274880020047064,3205,3405,Gardner Webb,Toledo,1677.3755202435086,1813.7407826360668,15,12
2023_3205_3387,0.3769518236423471,3205,3387,Gardner Webb,St Louis,1677.3755202435086,1605.9385038294836,15,13
2023_3205_3241,0.44846816414981916,3205,3241,Gardner Webb,James Madison,1677.3755202435086,1678.2498124691901,15,14
2023_3205_3436,0.5070591032505036,3205,3436,Gardner Webb,Vermont,1677.3755202435086,1639.2393495950207,15,15
2023_3151_3205,0.6116640681585688,3205,3151,Gardner Webb,Chattanooga,1677.3755202435086,1510.9961838972956,15,16
2023_3284_3399,0.4640609756112099,3284,3399,Monmouth NJ,Tennessee Tech,1515.4270054614776,1601.1950436554923,16,16
2023_3284_3439,0.027758263908326624,3284,3439,Monmouth NJ,Virginia Tech,1515.4270054614776,1877.0771224285086,16,1
2023_3163_3284,0.024252651650458572,3284,3163,Monmouth NJ,Connecticut,1515.4270054614776,1926.504762305338,16,2
2023_3284_3326,0.026727620437741278,3284,3326,Monmouth NJ,Ohio St,1515.4270054614776,1808.8412260077441,16,3
2023_3284_3397,0.026790072135627268,3284,3397,Monmouth NJ,Tennessee,1515.4270054614776,1787.1506340535723,16,4
2023_3235_3284,0.03381157595788454,3284,3235,Monmouth NJ,Iowa St,1515.4270054614776,1792.7485871099263,16,5
2023_3284_3314,0.051617934923876965,3284,3314,Monmouth NJ,North Carolina,1515.4270054614776,1745.964248895116,16,6
2023_3124_3284,0.08172708947831438,3284,3124,Monmouth NJ,Baylor,1515.4270054614776,1709.7290295199857,16,7
2023_3284_3425,0.10316435053472263,3284,3425,Monmouth NJ,USC,1515.4270054614776,1666.4430616873983,16,8
2023_3284_3355,0.13850978486570464,3284,3355,Monmouth NJ,S Dakota St,1515.4270054614776,1782.9702056641402,16,9
2023_3104_3284,0.16243894267359316,3284,3104,Monmouth NJ,Alabama,1515.4270054614776,1663.8092371165892,16,10
2023_3284_3345,0.2057746422026894,3284,3345,Monmouth NJ,Purdue,1515.4270054614776,1629.805418842588,16,11
2023_3284_3385,0.2015287332717917,3284,3385,Monmouth NJ,St John's,1515.4270054614776,1645.2328828958891,16,11
2023_3284_3405,0.2554443835244224,3284,3405,Monmouth NJ,Toledo,1515.4270054614776,1813.7407826360668,16,12
2023_3284_3387,0.28221823331960394,3284,3387,Monmouth NJ,St Louis,1515.4270054614776,1605.9385038294836,16,13
2023_3241_3284,0.34046962734112524,3284,3241,Monmouth NJ,James Madison,1515.4270054614776,1678.2498124691901,16,14
2023_3284_3436,0.38054719621330335,3284,3436,Monmouth NJ,Vermont,1515.4270054614776,1639.2393495950207,16,15
2023_3151_3284,0.4599363192915917,3284,3151,Monmouth NJ,Chattanooga,1515.4270054614776,1510.9961838972956,16,16
2023_3399_3439,0.03019151363521814,3399,3439,Tennessee Tech,Virginia Tech,1601.1950436554923,1877.0771224285086,16,1
2023_3163_3399,0.025518954657018183,3399,3163,Tennessee Tech,Connecticut,1601.1950436554923,1926.504762305338,16,2
2023_3326_3399,0.02858868047595024,3399,3326,Tennessee Tech,Ohio St,1601.1950436554923,1808.8412260077441,16,3
2023_3397_3399,0.031241564005613325,3399,3397,Tennessee Tech,Tennessee,1601.1950436554923,1787.1506340535723,16,4
2023_3235_3399,0.03566060796504234,3399,3235,Tennessee Tech,Iowa St,1601.1950436554923,1792.7485871099263,16,5
2023_3314_3399,0.05304864663283988,3399,3314,Tennessee Tech,North Carolina,1601.1950436554923,1745.964248895116,16,6
2023_3124_3399,0.09327657905095861,3399,3124,Tennessee Tech,Baylor,1601.1950436554923,1709.7290295199857,16,7
2023_3399_3425,0.12364359285210115,3399,3425,Tennessee Tech,USC,1601.1950436554923,1666.4430616873983,16,8
2023_3355_3399,0.13870783061119663,3399,3355,Tennessee Tech,S Dakota St,1601.1950436554923,1782.9702056641402,16,9
2023_3104_3399,0.17294734213033258,3399,3104,Tennessee Tech,Alabama,1601.1950436554923,1663.8092371165892,16,10
2023_3345_3399,0.2186787534986279,3399,3345,Tennessee Tech,Purdue,1601.1950436554923,1629.805418842588,16,11
2023_3385_3399,0.22698431057079052,3399,3385,Tennessee Tech,St John's,1601.1950436554923,1645.2328828958891,16,11
2023_3399_3405,0.263102555923228,3399,3405,Tennessee Tech,Toledo,1601.1950436554923,1813.7407826360668,16,12
2023_3387_3399,0.3280564589525099,3399,3387,Tennessee Tech,St Louis,1601.1950436554923,1605.9385038294836,16,13
2023_3241_3399,0.3771280447746255,3399,3241,Tennessee Tech,James Madison,1601.1950436554923,1678.2498124691901,16,14
2023_3399_3436,0.43421618694454267,3399,3436,Tennessee Tech,Vermont,1601.1950436554923,1639.2393495950207,16,15
2023_3151_3399,0.51161248087883,3399,3151,Tennessee Tech,Chattanooga,1601.1950436554923,1510.9961838972956,16,16
2023_3163_3439,0.5329582804998774,3439,3163,Virginia Tech,Connecticut,1877.0771224285086,1926.504762305338,1,2
2023_3326_3439,0.6085268800353074,3439,3326,Virginia Tech,Ohio St,1877.0771224285086,1808.8412260077441,1,3
2023_3397_3439,0.6226948724960453,3439,3397,Virginia Tech,Tennessee,1877.0771224285086,1787.1506340535723,1,4
2023_3235_3439,0.7201748178377108,3439,3235,Virginia Tech,Iowa St,1877.0771224285086,1792.7485871099263,1,5
2023_3314_3439,0.744022359278367,3439,3314,Virginia Tech,North Carolina,1877.0771224285086,1745.964248895116,1,6
2023_3124_3439,0.8171108106198021,3439,3124,Virginia Tech,Baylor,1877.0771224285086,1709.7290295199857,1,7
2023_3425_3439,0.838344353955659,3439,3425,Virginia Tech,USC,1877.0771224285086,1666.4430616873983,1,8
2023_3355_3439,0.8455290607037691,3439,3355,Virginia Tech,S Dakota St,1877.0771224285086,1782.9702056641402,1,9
2023_3104_3439,0.8980676873338818,3439,3104,Virginia Tech,Alabama,1877.0771224285086,1663.8092371165892,1,10
2023_3345_3439,0.9334660677273977,3439,3345,Virginia Tech,Purdue,1877.0771224285086,1629.805418842588,1,11
2023_3385_3439,0.9289658574422109,3439,3385,Virginia Tech,St John's,1877.0771224285086,1645.2328828958891,1,11
2023_3405_3439,0.9517851700621349,3439,3405,Virginia Tech,Toledo,1877.0771224285086,1813.7407826360668,1,12
2023_3387_3439,0.9630221378803253,3439,3387,Virginia Tech,St Louis,1877.0771224285086,1605.9385038294836,1,13
2023_3241_3439,0.9706437242031097,3439,3241,Virginia Tech,James Madison,1877.0771224285086,1678.2498124691901,1,14
2023_3436_3439,0.9728537750244141,3439,3436,Virginia Tech,Vermont,1877.0771224285086,1639.2393495950207,1,15
2023_3151_3439,0.9719378900527954,3439,3151,Virginia Tech,Chattanooga,1877.0771224285086,1510.9961838972956,1,16
2023_3163_3326,0.6044049823841471,3163,3326,Connecticut,Ohio St,1926.504762305338,1808.8412260077441,2,3
2023_3163_3397,0.661829376706984,3163,3397,Connecticut,Tennessee,1926.504762305338,1787.1506340535723,2,4
2023_3163_3235,0.6954226570104725,3163,3235,Connecticut,Iowa St,1926.504762305338,1792.7485871099263,2,5
2023_3163_3314,0.741753144659038,3163,3314,Connecticut,North Carolina,1926.504762305338,1745.964248895116,2,6
2023_3124_3163,0.79368529203193,3163,3124,Connecticut,Baylor,1926.504762305338,1709.7290295199857,2,7
2023_3163_3425,0.8284830192150779,3163,3425,Connecticut,USC,1926.504762305338,1666.4430616873983,2,8
2023_3163_3355,0.8341517036375132,3163,3355,Connecticut,S Dakota St,1926.504762305338,1782.9702056641402,2,9
2023_3104_3163,0.8696016630950121,3163,3104,Connecticut,Alabama,1926.504762305338,1663.8092371165892,2,10
2023_3163_3345,0.9125540300024151,3163,3345,Connecticut,Purdue,1926.504762305338,1629.805418842588,2,11
2023_3163_3385,0.9141424341810345,3163,3385,Connecticut,St John's,1926.504762305338,1645.2328828958891,2,11
2023_3163_3405,0.9389077631791342,3163,3405,Connecticut,Toledo,1926.504762305338,1813.7407826360668,2,12
2023_3163_3387,0.9619647195177776,3163,3387,Connecticut,St Louis,1926.504762305338,1605.9385038294836,2,13
2023_3163_3241,0.970157231092453,3163,3241,Connecticut,James Madison,1926.504762305338,1678.2498124691901,2,14
2023_3163_3436,0.9712002527713776,3163,3436,Connecticut,Vermont,1926.504762305338,1639.2393495950207,2,15
2023_3151_3163,0.9711999547481537,3163,3151,Connecticut,Chattanooga,1926.504762305338,1510.9961838972956,2,16
2023_3326_3397,0.5293150210937876,3326,3397,Ohio St,Tennessee,1808.8412260077441,1787.1506340535723,3,4
2023_3235_3326,0.5896910821293855,3326,3235,Ohio St,Iowa St,1808.8412260077441,1792.7485871099263,3,5
2023_3314_3326,0.6062055455421573,3326,3314,Ohio St,North Carolina,1808.8412260077441,1745.964248895116,3,6
2023_3124_3326,0.7051242277994112,3326,3124,Ohio St,Baylor,1808.8412260077441,1709.7290295199857,3,7
2023_3326_3425,0.7575735646750192,3326,3425,Ohio St,USC,1808.8412260077441,1666.4430616873983,3,8
2023_3326_3355,0.7632481643976875,3326,3355,Ohio St,S Dakota St,1808.8412260077441,1782.9702056641402,3,9
2023_3104_3326,0.8120878671821681,3326,3104,Ohio St,Alabama,1808.8412260077441,1663.8092371165892,3,10
2023_3326_3345,0.864053454143062,3326,3345,Ohio St,Purdue,1808.8412260077441,1629.805418842588,3,11
2023_3326_3385,0.866053011161342,3326,3385,Ohio St,St John's,1808.8412260077441,1645.2328828958891,3,11
2023_3326_3405,0.9031454964292644,3326,3405,Ohio St,Toledo,1808.8412260077441,1813.7407826360668,3,12
2023_3326_3387,0.9299643246491659,3326,3387,Ohio St,St Louis,1808.8412260077441,1605.9385038294836,3,13
2023_3241_3326,0.9568704893427593,3326,3241,Ohio St,James Madison,1808.8412260077441,1678.2498124691901,3,14
2023_3326_3436,0.970536584854126,3326,3436,Ohio St,Vermont,1808.8412260077441,1639.2393495950207,3,15
2023_3151_3326,0.9730295193195343,3326,3151,Ohio St,Chattanooga,1808.8412260077441,1510.9961838972956,3,16
2023_3235_3397,0.5680150950512308,3397,3235,Tennessee,Iowa St,1787.1506340535723,1792.7485871099263,4,5
2023_3314_3397,0.5636064653491044,3397,3314,Tennessee,North Carolina,1787.1506340535723,1745.964248895116,4,6
2023_3124_3397,0.6958791838859684,3397,3124,Tennessee,Baylor,1787.1506340535723,1709.7290295199857,4,7
2023_3397_3425,0.7213095114602999,3397,3425,Tennessee,USC,1787.1506340535723,1666.4430616873983,4,8
2023_3355_3397,0.7327617603804331,3397,3355,Tennessee,S Dakota St,1787.1506340535723,1782.9702056641402,4,9
2023_3104_3397,0.7936123946728416,3397,3104,Tennessee,Alabama,1787.1506340535723,1663.8092371165892,4,10
2023_3345_3397,0.858118671697053,3397,3345,Tennessee,Purdue,1787.1506340535723,1629.805418842588,4,11
2023_3385_3397,0.862577158730897,3397,3385,Tennessee,St John's,1787.1506340535723,1645.2328828958891,4,11
2023_3397_3405,0.8651777467551378,3397,3405,Tennessee,Toledo,1787.1506340535723,1813.7407826360668,4,12
2023_3387_3397,0.922630284608662,3397,3387,Tennessee,St Louis,1787.1506340535723,1605.9385038294836,4,13
2023_3241_3397,0.9421257881482351,3397,3241,Tennessee,James Madison,1787.1506340535723,1678.2498124691901,4,14
2023_3397_3436,0.9646145036059124,3397,3436,Tennessee,Vermont,1787.1506340535723,1639.2393495950207,4,15
2023_3151_3397,0.9732342910766602,3397,3151,Tennessee,Chattanooga,1787.1506340535723,1510.9961838972956,4,16
2023_3235_3314,0.5238710904678721,3235,3314,Iowa St,North Carolina,1792.7485871099263,1745.964248895116,5,6
2023_3124_3235,0.6255250220393205,3235,3124,Iowa St,Baylor,1792.7485871099263,1709.7290295199857,5,7
2023_3235_3425,0.6675643848156101,3235,3425,Iowa St,USC,1792.7485871099263,1666.4430616873983,5,8
2023_3235_3355,0.6634539202823595,3235,3355,Iowa St,S Dakota St,1792.7485871099263,1782.9702056641402,5,9
2023_3104_3235,0.7206622112061243,3235,3104,Iowa St,Alabama,1792.7485871099263,1663.8092371165892,5,10
2023_3235_3345,0.8026953229727455,3235,3345,Iowa St,Purdue,1792.7485871099263,1629.805418842588,5,11
2023_3235_3385,0.8116653004708,3235,3385,Iowa St,St John's,1792.7485871099263,1645.2328828958891,5,11
2023_3235_3405,0.821397263329896,3235,3405,Iowa St,Toledo,1792.7485871099263,1813.7407826360668,5,12
2023_3235_3387,0.8917248210730699,3235,3387,Iowa St,St Louis,1792.7485871099263,1605.9385038294836,5,13
2023_3235_3241,0.918253813566029,3235,3241,Iowa St,James Madison,1792.7485871099263,1678.2498124691901,5,14
2023_3235_3436,0.9435083178838003,3235,3436,Iowa St,Vermont,1792.7485871099263,1639.2393495950207,5,15
2023_3151_3235,0.9629045953589184,3235,3151,Iowa St,Chattanooga,1792.7485871099263,1510.9961838972956,5,16
2023_3124_3314,0.5598140621742624,3314,3124,North Carolina,Baylor,1745.964248895116,1709.7290295199857,6,7
2023_3314_3425,0.621947968492415,3314,3425,North Carolina,USC,1745.964248895116,1666.4430616873983,6,8
2023_3314_3355,0.6536178516124851,3314,3355,North Carolina,S Dakota St,1745.964248895116,1782.9702056641402,6,9
2023_3104_3314,0.7023148820772127,3314,3104,North Carolina,Alabama,1745.964248895116,1663.8092371165892,6,10
2023_3314_3345,0.7558217692639093,3314,3345,North Carolina,Purdue,1745.964248895116,1629.805418842588,6,11
2023_3314_3385,0.7637901652123193,3314,3385,North Carolina,St John's,1745.964248895116,1645.2328828958891,6,11
2023_3314_3405,0.7990395614924141,3314,3405,North Carolina,Toledo,1745.964248895116,1813.7407826360668,6,12
2023_3314_3387,0.8591534679349986,3314,3387,North Carolina,St Louis,1745.964248895116,1605.9385038294836,6,13
2023_3241_3314,0.8763344845595507,3314,3241,North Carolina,James Madison,1745.964248895116,1678.2498124691901,6,14
2023_3314_3436,0.9147838397634624,3314,3436,North Carolina,Vermont,1745.964248895116,1639.2393495950207,6,15
2023_3151_3314,0.9464945105870474,3314,3151,North Carolina,Chattanooga,1745.964248895116,1510.9961838972956,6,16
2023_3124_3425,0.5154297316631693,3124,3425,Baylor,USC,1709.7290295199857,1666.4430616873983,7,8
2023_3124_3355,0.5610533599947953,3124,3355,Baylor,S Dakota St,1709.7290295199857,1782.9702056641402,7,9
2023_3104_3124,0.5598964543913967,3124,3104,Baylor,Alabama,1709.7290295199857,1663.8092371165892,7,10
2023_3124_3345,0.6813489482774691,3124,3345,Baylor,Purdue,1709.7290295199857,1629.805418842588,7,11
2023_3124_3385,0.6888338015451387,3124,3385,Baylor,St John's,1709.7290295199857,1645.2328828958891,7,11
2023_3124_3405,0.7385516661669473,3124,3405,Baylor,Toledo,1709.7290295199857,1813.7407826360668,7,12
2023_3124_3387,0.8107738236012169,3124,3387,Baylor,St Louis,1709.7290295199857,1605.9385038294836,7,13
2023_3124_3241,0.8388994222101298,3124,3241,Baylor,James Madison,1709.7290295199857,1678.2498124691901,7,14
2023_3124_3436,0.8677315673651842,3124,3436,Baylor,Vermont,1709.7290295199857,1639.2393495950207,7,15
2023_3124_3151,0.9192523105753063,3124,3151,Baylor,Chattanooga,1709.7290295199857,1510.9961838972956,7,16
2023_3355_3425,0.5369343722423929,3425,3355,USC,S Dakota St,1666.4430616873983,1782.9702056641402,8,9
2023_3104_3425,0.5551016275977159,3425,3104,USC,Alabama,1666.4430616873983,1663.8092371165892,8,10
2023_3345_3425,0.6418292300676471,3425,3345,USC,Purdue,1666.4430616873983,1629.805418842588,8,11
2023_3385_3425,0.6650371329759723,3425,3385,USC,St John's,1666.4430616873983,1645.2328828958891,8,11
2023_3405_3425,0.6957753584756807,3425,3405,USC,Toledo,1666.4430616873983,1813.7407826360668,8,12
2023_3387_3425,0.7713873881365518,3425,3387,USC,St Louis,1666.4430616873983,1605.9385038294836,8,13
2023_3241_3425,0.8035759070934959,3425,3241,USC,James Madison,1666.4430616873983,1678.2498124691901,8,14
2023_3425_3436,0.8342921619829264,3425,3436,USC,Vermont,1666.4430616873983,1639.2393495950207,8,15
2023_3151_3425,0.8934740087809709,3425,3151,USC,Chattanooga,1666.4430616873983,1510.9961838972956,8,16
2023_3104_3355,0.5269595498403925,3355,3104,S Dakota St,Alabama,1782.9702056641402,1663.8092371165892,9,10
2023_3345_3355,0.6032752041911149,3355,3345,S Dakota St,Purdue,1782.9702056641402,1629.805418842588,9,11
2023_3355_3385,0.6157613788937593,3355,3385,S Dakota St,St John's,1782.9702056641402,1645.2328828958891,9,11
2023_3355_3405,0.6708083974098331,3355,3405,S Dakota St,Toledo,1782.9702056641402,1813.7407826360668,9,12
2023_3355_3387,0.7283279881849245,3355,3387,S Dakota St,St Louis,1782.9702056641402,1605.9385038294836,9,13
2023_3241_3355,0.7646653551127176,3355,3241,S Dakota St,James Madison,1782.9702056641402,1678.2498124691901,9,14
2023_3355_3436,0.8230848649563499,3355,3436,S Dakota St,Vermont,1782.9702056641402,1639.2393495950207,9,15
2023_3151_3355,0.8438932185587016,3355,3151,S Dakota St,Chattanooga,1782.9702056641402,1510.9961838972956,9,16
2023_3104_3345,0.5934336299261469,3104,3345,Alabama,Purdue,1663.8092371165892,1629.805418842588,10,11
2023_3104_3385,0.6084447765907663,3104,3385,Alabama,St John's,1663.8092371165892,1645.2328828958891,10,11
2023_3104_3405,0.6179716085289979,3104,3405,Alabama,Toledo,1663.8092371165892,1813.7407826360668,10,12
2023_3104_3387,0.7107138859008915,3104,3387,Alabama,St Louis,1663.8092371165892,1605.9385038294836,10,13
2023_3104_3241,0.7509390548839525,3104,3241,Alabama,James Madison,1663.8092371165892,1678.2498124691901,10,14
2023_3104_3436,0.7761869776512842,3104,3436,Alabama,Vermont,1663.8092371165892,1639.2393495950207,10,15
2023_3104_3151,0.8350572625221916,3104,3151,Alabama,Chattanooga,1663.8092371165892,1510.9961838972956,10,16
2023_3345_3385,0.5042326211929322,3345,3385,Purdue,St John's,1629.805418842588,1645.2328828958891,11,11
2023_3345_3405,0.5618679935297388,3345,3405,Purdue,Toledo,1629.805418842588,1813.7407826360668,11,12
2023_3345_3387,0.625541592130568,3345,3387,Purdue,St Louis,1629.805418842588,1605.9385038294836,11,13
2023_3241_3345,0.683041788813985,3345,3241,Purdue,James Madison,1629.805418842588,1678.2498124691901,11,14
2023_3345_3436,0.7389710680618242,3345,3436,Purdue,Vermont,1629.805418842588,1639.2393495950207,11,15
2023_3151_3345,0.7926932621266107,3345,3151,Purdue,Chattanooga,1629.805418842588,1510.9961838972956,11,16
2023_3385_3405,0.5449267739614863,3385,3405,St John's,Toledo,1645.2328828958891,1813.7407826360668,11,12
2023_3385_3387,0.6235656683539414,3385,3387,St John's,St Louis,1645.2328828958891,1605.9385038294836,11,13
2023_3241_3385,0.6874397473310596,3385,3241,St John's,James Madison,1645.2328828958891,1678.2498124691901,11,14
2023_3385_3436,0.7334343330039934,3385,3436,St John's,Vermont,1645.2328828958891,1639.2393495950207,11,15
2023_3151_3385,0.7860916304852228,3385,3151,St John's,Chattanooga,1645.2328828958891,1510.9961838972956,11,16
2023_3387_3405,0.5915951097568888,3405,3387,Toledo,St Louis,1813.7407826360668,1605.9385038294836,12,13
2023_3241_3405,0.6175021623467469,3405,3241,Toledo,James Madison,1813.7407826360668,1678.2498124691901,12,14
2023_3405_3436,0.6992472188448078,3405,3436,Toledo,Vermont,1813.7407826360668,1639.2393495950207,12,15
2023_3151_3405,0.7283629016056017,3405,3151,Toledo,Chattanooga,1813.7407826360668,1510.9961838972956,12,16
2023_3241_3387,0.5480906183084864,3387,3241,St Louis,James Madison,1605.9385038294836,1678.2498124691901,13,14
2023_3387_3436,0.6324561034535432,3387,3436,St Louis,Vermont,1605.9385038294836,1639.2393495950207,13,15
2023_3151_3387,0.689456008551038,3387,3151,St Louis,Chattanooga,1605.9385038294836,1510.9961838972956,13,16
2023_3241_3436,0.5470015818437952,3241,3436,James Madison,Vermont,1678.2498124691901,1639.2393495950207,14,15
2023_3151_3241,0.6400351469611192,3241,3151,James Madison,Chattanooga,1678.2498124691901,1510.9961838972956,14,16
2023_3151_3436,0.5473165476879496,3436,3151,Vermont,Chattanooga,1639.2393495950207,1510.9961838972956,15,16
