ID,Pred,Team1ID,Team2ID,Team1Name,Team2Name,Team1ELO,Team2ELO,Team1Seed,Team2Seed
2022_1124_1246,0.5608956896399744,1124,1246,Baylor,Kentucky,1842.6937910507952,1751.8933740848004,1,2
2022_1124_1345,0.6180008720189205,1124,1345,Baylor,Purdue,1842.6937910507952,1766.4472954915698,1,3
2022_1124_1417,0.6340005832555944,1124,1417,Baylor,UCLA,1842.6937910507952,1770.2333828900607,1,4
2022_1124_1388,0.6512644388411577,1124,1388,Baylor,St Mary's CA,1842.6937910507952,1746.780244099535,1,5
2022_1124_1400,0.655469379510722,1124,1400,Baylor,Texas,1842.6937910507952,1683.6799874435449,1,6
2022_1124_1293,0.7141951032864242,1124,1293,Baylor,Murray St,1842.6937910507952,1720.2753981211088,1,7
2022_1124_1314,0.7571683116026482,1124,1314,Baylor,North Carolina,1842.6937910507952,1720.9987545307467,1,8
2022_1124_1266,0.7562237201197375,1124,1266,Baylor,Marquette,1842.6937910507952,1636.9519450678188,1,9
2022_1124_1362,0.7692655091815683,1124,1362,Baylor,San Francisco,1842.6937910507952,1645.0757699911858,1,10
2022_1124_1439,0.8016645007965217,1124,1439,Baylor,Virginia Tech,1842.6937910507952,1709.0007522289675,1,11
2022_1124_1231,0.8411758112444481,1124,1231,Baylor,Indiana,1842.6937910507952,1615.9178655265448,1,12
2022_1124_1461,0.8485343324675163,1124,1461,Baylor,Wyoming,1842.6937910507952,1635.2660966528765,1,12
2022_1103_1124,0.8804989856067345,1124,1103,Baylor,Akron,1842.6937910507952,1664.6298900185711,1,13
2022_1124_1463,0.8970357686622621,1124,1463,Baylor,Yale,1842.6937910507952,1626.1665007751603,1,14
2022_1124_1389,0.9071020790313888,1124,1389,Baylor,St Peter's,1842.6937910507952,1581.4461687566236,1,15
2022_1124_1313,0.9628816497325897,1124,1313,Baylor,Norfolk St,1842.6937910507952,1579.87168309463,1,16
2022_1124_1211,0.4589676693081857,1124,1211,Baylor,Gonzaga,1842.6937910507952,1887.134407734365,1,1
2022_1124_1181,0.5656314127778299,1124,1181,Baylor,Duke,1842.6937910507952,1771.0503621480075,1,2
2022_1124_1403,0.6155003230601421,1124,1403,Baylor,Texas Tech,1842.6937910507952,1736.7496725293959,1,3
2022_1116_1124,0.6469903874042684,1124,1116,Baylor,Arkansas,1842.6937910507952,1757.6829916184988,1,4
2022_1124_1163,0.6596644171212251,1124,1163,Baylor,Connecticut,1842.6937910507952,1716.1528193787053,1,5
2022_1104_1124,0.6733138478659009,1124,1104,Baylor,Alabama,1842.6937910507952,1664.789146124711,1,6
2022_1124_1277,0.7051094629751831,1124,1277,Baylor,Michigan St,1842.6937910507952,1682.1039635977568,1,7
2022_1124_1129,0.7428983784981331,1124,1129,Baylor,Boise St,1842.6937910507952,1750.2612402141353,1,8
2022_1124_1272,0.7642164198620547,1124,1272,Baylor,Memphis,1842.6937910507952,1719.3329125920548,1,9
2022_1124_1172,0.7882970040374491,1124,1172,Baylor,Davidson,1842.6937910507952,1711.4948140059207,1,10
2022_1124_1323,0.8260449015733848,1124,1323,Baylor,Notre Dame,1842.6937910507952,1654.4294442487048,1,11
2022_1124_1353,0.8147908293840538,1124,1353,Baylor,Rutgers,1842.6937910507952,1637.632715657693,1,11
2022_1124_1308,0.8535823988451561,1124,1308,Baylor,New Mexico St,1842.6937910507952,1697.5374247173152,1,12
2022_1124_1436,0.864882866698806,1124,1436,Baylor,Vermont,1842.6937910507952,1712.3801095075978,1,13
2022_1124_1286,0.9002375811679841,1124,1286,Baylor,Montana St,1842.6937910507952,1648.907194296671,1,14
2022_1124_1168,0.9352856435751129,1124,1168,Baylor,CS Fullerton,1842.6937910507952,1551.74735381392,1,15
2022_1124_1209,0.9535712552070618,1124,1209,Baylor,Georgia St,1842.6937910507952,1619.491127745312,1,16
2022_1124_1242,0.4884958773851396,1124,1242,Baylor,Kansas,1842.6937910507952,1825.6355450626606,1,1
2022_1120_1124,0.5778194152449854,1124,1120,Baylor,Auburn,1842.6937910507952,1754.766605041748,1,2
2022_1124_1458,0.6302994411021343,1124,1458,Baylor,Wisconsin,1842.6937910507952,1739.2398150796869,1,3
2022_1124_1344,0.6676988440397436,1124,1344,Baylor,Providence,1842.6937910507952,1740.3699865463689,1,4
2022_1124_1234,0.6649621971581514,1124,1234,Baylor,Iowa,1842.6937910507952,1759.7067615492522,1,5
2022_1124_1261,0.6525486923120831,1124,1261,Baylor,LSU,1842.6937910507952,1670.076972932596,1,6
2022_1124_1425,0.7282032527910858,1124,1425,Baylor,USC,1842.6937910507952,1747.348483989828,1,7
2022_1124_1361,0.7309193797178826,1124,1361,Baylor,San Diego St,1842.6937910507952,1749.3509828117778,1,8
2022_1124_1166,0.7795386878712405,1124,1166,Baylor,Creighton,1842.6937910507952,1715.2241151553408,1,9
2022_1124_1274,0.7900996273093912,1124,1274,Baylor,Miami FL,1842.6937910507952,1659.1831151322328,1,10
2022_1124_1235,0.7968778007862221,1124,1235,Baylor,Iowa St,1842.6937910507952,1566.918414604053,1,11
2022_1124_1350,0.8466414677633842,1124,1350,Baylor,Richmond,1842.6937910507952,1677.745402069529,1,12
2022_1124_1355,0.8667444687667534,1124,1355,Baylor,S Dakota St,1842.6937910507952,1741.2571993589054,1,13
2022_1124_1159,0.8967723161323549,1124,1159,Baylor,Colgate,1842.6937910507952,1663.6000644018511,1,14
2022_1124_1240,0.9318671681856323,1124,1240,Baylor,Jacksonville St,1842.6937910507952,1569.9330015732564,1,15
2022_1124_1394,0.9565351855754852,1124,1394,Baylor,TAM C. Christi,1842.6937910507952,1446.871728434155,1,16
2022_1124_1411,0.9549770307540894,1124,1411,Baylor,TX Southern,1842.6937910507952,1565.9975930452333,1,16
2022_1112_1124,0.4974253982305528,1124,1112,Baylor,Arizona,1842.6937910507952,1834.2550485377794,1,1
2022_1124_1437,0.5001705520486124,1124,1437,Baylor,Villanova,1842.6937910507952,1825.6389527604601,1,2
2022_1124_1397,0.5566428821116558,1124,1397,Baylor,Tennessee,1842.6937910507952,1793.9138536658204,1,3
2022_1124_1228,0.6430794584396535,1124,1228,Baylor,Illinois,1842.6937910507952,1743.4717413030744,1,4
2022_1124_1222,0.5219583236311014,1124,1222,Baylor,Houston,1842.6937910507952,1827.554349059758,1,5
2022_1124_1161,0.6830159790180539,1124,1161,Baylor,Colorado St,1842.6937910507952,1736.7565025348324,1,6
2022_1124_1326,0.7111652799832016,1124,1326,Baylor,Ohio St,1842.6937910507952,1644.1052080865643,1,7
2022_1124_1371,0.7293583787746987,1124,1371,Baylor,Seton Hall,1842.6937910507952,1679.0038735560877,1,8
2022_1124_1395,0.7674632934792269,1124,1395,Baylor,TCU,1842.6937910507952,1631.9175900729285,1,9
2022_1124_1260,0.7667431151204798,1124,1260,Baylor,Loyola-Chicago,1842.6937910507952,1728.610266867969,1,10
2022_1124_1276,0.8067901724216591,1124,1276,Baylor,Michigan,1842.6937910507952,1672.715156428664,1,11
2022_1124_1412,0.8382584619059166,1124,1412,Baylor,UAB,1842.6937910507952,1691.8971925596084,1,12
2022_1124_1151,0.8660585087123558,1124,1151,Baylor,Chattanooga,1842.6937910507952,1692.3075267872991,1,13
2022_1124_1255,0.9049010783775331,1124,1255,Baylor,Longwood,1842.6937910507952,1608.804247555333,1,14
2022_1124_1174,0.925173804995935,1124,1174,Baylor,Delaware,1842.6937910507952,1572.5924542652383,1,15
2022_1124_1136,0.9585416865348816,1124,1136,Baylor,Bryant,1842.6937910507952,1600.501589692621,1,16
2022_1124_1460,0.9535669338703155,1124,1460,Baylor,Wright St,1842.6937910507952,1583.367797473222,1,16
2022_1246_1345,0.5584971093272455,1246,1345,Kentucky,Purdue,1751.8933740848004,1766.4472954915698,2,3
2022_1246_1417,0.5693839709788433,1246,1417,Kentucky,UCLA,1751.8933740848004,1770.2333828900607,2,4
2022_1246_1388,0.5614122587087804,1246,1388,Kentucky,St Mary's CA,1751.8933740848004,1746.780244099535,2,5
2022_1246_1400,0.6383777507279451,1246,1400,Kentucky,Texas,1751.8933740848004,1683.6799874435449,2,6
2022_1246_1293,0.6634286112449979,1246,1293,Kentucky,Murray St,1751.8933740848004,1720.2753981211088,2,7
2022_1246_1314,0.6800156095015197,1246,1314,Kentucky,North Carolina,1751.8933740848004,1720.9987545307467,2,8
2022_1246_1266,0.7317076809473595,1246,1266,Kentucky,Marquette,1751.8933740848004,1636.9519450678188,2,9
2022_1246_1362,0.749308955477022,1246,1362,Kentucky,San Francisco,1751.8933740848004,1645.0757699911858,2,10
2022_1246_1439,0.7217209851079676,1246,1439,Kentucky,Virginia Tech,1751.8933740848004,1709.0007522289675,2,11
2022_1231_1246,0.7970308655140053,1246,1231,Kentucky,Indiana,1751.8933740848004,1615.9178655265448,2,12
2022_1246_1461,0.8257125460741173,1246,1461,Kentucky,Wyoming,1751.8933740848004,1635.2660966528765,2,12
2022_1103_1246,0.8591986166967949,1246,1103,Kentucky,Akron,1751.8933740848004,1664.6298900185711,2,13
2022_1246_1463,0.8828487497153923,1246,1463,Kentucky,Yale,1751.8933740848004,1626.1665007751603,2,14
2022_1246_1389,0.8968290895565034,1246,1389,Kentucky,St Peter's,1751.8933740848004,1581.4461687566236,2,15
2022_1246_1313,0.9430538871263672,1246,1313,Kentucky,Norfolk St,1751.8933740848004,1579.87168309463,2,16
2022_1211_1246,0.40229376771695574,1246,1211,Kentucky,Gonzaga,1751.8933740848004,1887.134407734365,2,1
2022_1181_1246,0.4914563059806825,1246,1181,Kentucky,Duke,1751.8933740848004,1771.0503621480075,2,2
2022_1246_1403,0.5299174570178278,1246,1403,Kentucky,Texas Tech,1751.8933740848004,1736.7496725293959,2,3
2022_1116_1246,0.5958331744700542,1246,1116,Kentucky,Arkansas,1751.8933740848004,1757.6829916184988,2,4
2022_1163_1246,0.5879571574571782,1246,1163,Kentucky,Connecticut,1751.8933740848004,1716.1528193787053,2,5
2022_1104_1246,0.6638714321587618,1246,1104,Kentucky,Alabama,1751.8933740848004,1664.789146124711,2,6
2022_1246_1277,0.6660100288055752,1246,1277,Kentucky,Michigan St,1751.8933740848004,1682.1039635977568,2,7
2022_1129_1246,0.6758477696167617,1246,1129,Kentucky,Boise St,1751.8933740848004,1750.2612402141353,2,8
2022_1246_1272,0.7137050069637856,1246,1272,Kentucky,Memphis,1751.8933740848004,1719.3329125920548,2,9
2022_1172_1246,0.7237485764487017,1246,1172,Kentucky,Davidson,1751.8933740848004,1711.4948140059207,2,10
2022_1246_1323,0.7901769345336649,1246,1323,Kentucky,Notre Dame,1751.8933740848004,1654.4294442487048,2,11
2022_1246_1353,0.7730265473657343,1246,1353,Kentucky,Rutgers,1751.8933740848004,1637.632715657693,2,11
2022_1246_1308,0.8258842074510704,1246,1308,Kentucky,New Mexico St,1751.8933740848004,1697.5374247173152,2,12
2022_1246_1436,0.7958060669436058,1246,1436,Kentucky,Vermont,1751.8933740848004,1712.3801095075978,2,13
2022_1246_1286,0.8863163393321678,1246,1286,Kentucky,Montana St,1751.8933740848004,1648.907194296671,2,14
2022_1168_1246,0.9039330095394136,1246,1168,Kentucky,CS Fullerton,1751.8933740848004,1551.74735381392,2,15
2022_1209_1246,0.9350861766313721,1246,1209,Kentucky,Georgia St,1751.8933740848004,1619.491127745312,2,16
2022_1242_1246,0.4411660320425745,1246,1242,Kentucky,Kansas,1751.8933740848004,1825.6355450626606,2,1
2022_1120_1246,0.5276618659496308,1246,1120,Kentucky,Auburn,1751.8933740848004,1754.766605041748,2,2
2022_1246_1458,0.5532377146815546,1246,1458,Kentucky,Wisconsin,1751.8933740848004,1739.2398150796869,2,3
2022_1246_1344,0.6017874847680202,1246,1344,Kentucky,Providence,1751.8933740848004,1740.3699865463689,2,4
2022_1234_1246,0.5890759515407735,1246,1234,Kentucky,Iowa,1751.8933740848004,1759.7067615492522,2,5
2022_1246_1261,0.6295594521496828,1246,1261,Kentucky,LSU,1751.8933740848004,1670.076972932596,2,6
2022_1246_1425,0.6747243023775433,1246,1425,Kentucky,USC,1751.8933740848004,1747.348483989828,2,7
2022_1246_1361,0.6381156005846649,1246,1361,Kentucky,San Diego St,1751.8933740848004,1749.3509828117778,2,8
2022_1166_1246,0.7253705002136788,1246,1166,Kentucky,Creighton,1751.8933740848004,1715.2241151553408,2,9
2022_1246_1274,0.7554624197943438,1246,1274,Kentucky,Miami FL,1751.8933740848004,1659.1831151322328,2,10
2022_1235_1246,0.7722971355252954,1246,1235,Kentucky,Iowa St,1751.8933740848004,1566.918414604053,2,11
2022_1246_1350,0.7987681024906288,1246,1350,Kentucky,Richmond,1751.8933740848004,1677.745402069529,2,12
2022_1246_1355,0.8118072020544609,1246,1355,Kentucky,S Dakota St,1751.8933740848004,1741.2571993589054,2,13
2022_1159_1246,0.8797486823383018,1246,1159,Kentucky,Colgate,1751.8933740848004,1663.6000644018511,2,14
2022_1240_1246,0.9023764342411043,1246,1240,Kentucky,Jacksonville St,1751.8933740848004,1569.9330015732564,2,15
2022_1246_1394,0.9434745767091919,1246,1394,Kentucky,TAM C. Christi,1751.8933740848004,1446.871728434155,2,16
2022_1246_1411,0.9339789607500244,1246,1411,Kentucky,TX Southern,1751.8933740848004,1565.9975930452333,2,16
2022_1112_1246,0.46478070684916933,1246,1112,Kentucky,Arizona,1751.8933740848004,1834.2550485377794,2,1
2022_1246_1437,0.4802873790264131,1246,1437,Kentucky,Villanova,1751.8933740848004,1825.6389527604601,2,2
2022_1246_1397,0.49845207563393185,1246,1397,Kentucky,Tennessee,1751.8933740848004,1793.9138536658204,2,3
2022_1228_1246,0.5842034738093487,1246,1228,Kentucky,Illinois,1751.8933740848004,1743.4717413030744,2,4
2022_1222_1246,0.5138399961236173,1246,1222,Kentucky,Houston,1751.8933740848004,1827.554349059758,2,5
2022_1161_1246,0.6054190792773302,1246,1161,Kentucky,Colorado St,1751.8933740848004,1736.7565025348324,2,6
2022_1246_1326,0.6891759104393338,1246,1326,Kentucky,Ohio St,1751.8933740848004,1644.1052080865643,2,7
2022_1246_1371,0.6746426829086929,1246,1371,Kentucky,Seton Hall,1751.8933740848004,1679.0038735560877,2,8
2022_1246_1395,0.7356990910835823,1246,1395,Kentucky,TCU,1751.8933740848004,1631.9175900729285,2,9
2022_1246_1260,0.6845185277922381,1246,1260,Kentucky,Loyola-Chicago,1751.8933740848004,1728.610266867969,2,10
2022_1246_1276,0.7680895691447946,1246,1276,Kentucky,Michigan,1751.8933740848004,1672.715156428664,2,11
2022_1246_1412,0.8184096955892692,1246,1412,Kentucky,UAB,1751.8933740848004,1691.8971925596084,2,12
2022_1151_1246,0.83958704943796,1246,1151,Kentucky,Chattanooga,1751.8933740848004,1692.3075267872991,2,13
2022_1246_1255,0.8789353769603416,1246,1255,Kentucky,Longwood,1751.8933740848004,1608.804247555333,2,14
2022_1174_1246,0.9117962628944398,1246,1174,Kentucky,Delaware,1751.8933740848004,1572.5924542652383,2,15
2022_1136_1246,0.9408692576860596,1246,1136,Kentucky,Bryant,1751.8933740848004,1600.501589692621,2,16
2022_1246_1460,0.9368890383218933,1246,1460,Kentucky,Wright St,1751.8933740848004,1583.367797473222,2,16
2022_1345_1417,0.4685859166716821,1345,1417,Purdue,UCLA,1766.4472954915698,1770.2333828900607,3,4
2022_1345_1388,0.47764172363577995,1345,1388,Purdue,St Mary's CA,1766.4472954915698,1746.780244099535,3,5
2022_1345_1400,0.5195996227505857,1345,1400,Purdue,Texas,1766.4472954915698,1683.6799874435449,3,6
2022_1293_1345,0.5903170206282671,1345,1293,Purdue,Murray St,1766.4472954915698,1720.2753981211088,3,7
2022_1314_1345,0.6090205676220273,1345,1314,Purdue,North Carolina,1766.4472954915698,1720.9987545307467,3,8
2022_1266_1345,0.5972576000677734,1345,1266,Purdue,Marquette,1766.4472954915698,1636.9519450678188,3,9
2022_1345_1362,0.6165207437940201,1345,1362,Purdue,San Francisco,1766.4472954915698,1645.0757699911858,3,10
2022_1345_1439,0.6556037483675707,1345,1439,Purdue,Virginia Tech,1766.4472954915698,1709.0007522289675,3,11
2022_1231_1345,0.7007495080762598,1345,1231,Purdue,Indiana,1766.4472954915698,1615.9178655265448,3,12
2022_1345_1461,0.7402278696828577,1345,1461,Purdue,Wyoming,1766.4472954915698,1635.2660966528765,3,12
2022_1103_1345,0.7871991538641105,1345,1103,Purdue,Akron,1766.4472954915698,1664.6298900185711,3,13
2022_1345_1463,0.7720565068258842,1345,1463,Purdue,Yale,1766.4472954915698,1626.1665007751603,3,14
2022_1345_1389,0.7769680571141884,1345,1389,Purdue,St Peter's,1766.4472954915698,1581.4461687566236,3,15
2022_1313_1345,0.8862015515907289,1345,1313,Purdue,Norfolk St,1766.4472954915698,1579.87168309463,3,16
2022_1211_1345,0.3533928592175376,1345,1211,Purdue,Gonzaga,1766.4472954915698,1887.134407734365,3,1
2022_1181_1345,0.4108748845124956,1345,1181,Purdue,Duke,1766.4472954915698,1771.0503621480075,3,2
2022_1345_1403,0.47361019849777236,1345,1403,Purdue,Texas Tech,1766.4472954915698,1736.7496725293959,3,3
2022_1116_1345,0.49556041589729855,1345,1116,Purdue,Arkansas,1766.4472954915698,1757.6829916184988,3,4
2022_1163_1345,0.5136115323334804,1345,1163,Purdue,Connecticut,1766.4472954915698,1716.1528193787053,3,5
2022_1104_1345,0.5342653232458288,1345,1104,Purdue,Alabama,1766.4472954915698,1664.789146124711,3,6
2022_1277_1345,0.5409425892565782,1345,1277,Purdue,Michigan St,1766.4472954915698,1682.1039635977568,3,7
2022_1129_1345,0.5616359702609395,1345,1129,Purdue,Boise St,1766.4472954915698,1750.2612402141353,3,8
2022_1272_1345,0.6313683398949295,1345,1272,Purdue,Memphis,1766.4472954915698,1719.3329125920548,3,9
2022_1172_1345,0.6544789410896859,1345,1172,Purdue,Davidson,1766.4472954915698,1711.4948140059207,3,10
2022_1323_1345,0.6864811448319186,1345,1323,Purdue,Notre Dame,1766.4472954915698,1654.4294442487048,3,11
2022_1345_1353,0.6707684514982928,1345,1353,Purdue,Rutgers,1766.4472954915698,1637.632715657693,3,11
2022_1308_1345,0.757516137295315,1345,1308,Purdue,New Mexico St,1766.4472954915698,1697.5374247173152,3,12
2022_1345_1436,0.744935571515287,1345,1436,Purdue,Vermont,1766.4472954915698,1712.3801095075978,3,13
2022_1286_1345,0.806230561686953,1345,1286,Purdue,Montana St,1766.4472954915698,1648.907194296671,3,14
2022_1168_1345,0.8294828784051582,1345,1168,Purdue,CS Fullerton,1766.4472954915698,1551.74735381392,3,15
2022_1209_1345,0.8413671315057756,1345,1209,Purdue,Georgia St,1766.4472954915698,1619.491127745312,3,16
2022_1242_1345,0.38351652514637824,1345,1242,Purdue,Kansas,1766.4472954915698,1825.6355450626606,3,1
2022_1120_1345,0.43271592625625094,1345,1120,Purdue,Auburn,1766.4472954915698,1754.766605041748,3,2
2022_1345_1458,0.47148150056600585,1345,1458,Purdue,Wisconsin,1766.4472954915698,1739.2398150796869,3,3
2022_1344_1345,0.5223988377188928,1345,1344,Purdue,Providence,1766.4472954915698,1740.3699865463689,3,4
2022_1234_1345,0.5329018603592983,1345,1234,Purdue,Iowa,1766.4472954915698,1759.7067615492522,3,5
2022_1261_1345,0.5165038990619832,1345,1261,Purdue,LSU,1766.4472954915698,1670.076972932596,3,6
2022_1345_1425,0.5956837781403597,1345,1425,Purdue,USC,1766.4472954915698,1747.348483989828,3,7
2022_1345_1361,0.5294612861536359,1345,1361,Purdue,San Diego St,1766.4472954915698,1749.3509828117778,3,8
2022_1166_1345,0.6283372499930053,1345,1166,Purdue,Creighton,1766.4472954915698,1715.2241151553408,3,9
2022_1274_1345,0.6311215646334252,1345,1274,Purdue,Miami FL,1766.4472954915698,1659.1831151322328,3,10
2022_1235_1345,0.6575197694761981,1345,1235,Purdue,Iowa St,1766.4472954915698,1566.918414604053,3,11
2022_1345_1350,0.7040707682901117,1345,1350,Purdue,Richmond,1766.4472954915698,1677.745402069529,3,12
2022_1345_1355,0.7603626244899879,1345,1355,Purdue,S Dakota St,1766.4472954915698,1741.2571993589054,3,13
2022_1159_1345,0.7791156637205681,1345,1159,Purdue,Colgate,1766.4472954915698,1663.6000644018511,3,14
2022_1240_1345,0.8268240046086952,1345,1240,Purdue,Jacksonville St,1766.4472954915698,1569.9330015732564,3,15
2022_1345_1394,0.8815089822156907,1345,1394,Purdue,TAM C. Christi,1766.4472954915698,1446.871728434155,3,16
2022_1345_1411,0.8765467316253663,1345,1411,Purdue,TX Southern,1766.4472954915698,1565.9975930452333,3,16
2022_1112_1345,0.38553909700812217,1345,1112,Purdue,Arizona,1766.4472954915698,1834.2550485377794,3,1
2022_1345_1437,0.3988926372791048,1345,1437,Purdue,Villanova,1766.4472954915698,1825.6389527604601,3,2
2022_1345_1397,0.44794611483812347,1345,1397,Purdue,Tennessee,1766.4472954915698,1793.9138536658204,3,3
2022_1228_1345,0.5099541031455286,1345,1228,Purdue,Illinois,1766.4472954915698,1743.4717413030744,3,4
2022_1222_1345,0.4544995572000614,1345,1222,Purdue,Houston,1766.4472954915698,1827.554349059758,3,5
2022_1161_1345,0.49983537074357814,1345,1161,Purdue,Colorado St,1766.4472954915698,1736.7565025348324,3,6
2022_1326_1345,0.5669253566000994,1345,1326,Purdue,Ohio St,1766.4472954915698,1644.1052080865643,3,7
2022_1345_1371,0.5625179550908421,1345,1371,Purdue,Seton Hall,1766.4472954915698,1679.0038735560877,3,8
2022_1345_1395,0.6057862498747497,1345,1395,Purdue,TCU,1766.4472954915698,1631.9175900729285,3,9
2022_1260_1345,0.5850695110626778,1345,1260,Purdue,Loyola-Chicago,1766.4472954915698,1728.610266867969,3,10
2022_1276_1345,0.6711521116955508,1345,1276,Purdue,Michigan,1766.4472954915698,1672.715156428664,3,11
2022_1345_1412,0.6892112856441233,1345,1412,Purdue,UAB,1766.4472954915698,1691.8971925596084,3,12
2022_1151_1345,0.7434754663345466,1345,1151,Purdue,Chattanooga,1766.4472954915698,1692.3075267872991,3,13
2022_1255_1345,0.8022368418707451,1345,1255,Purdue,Longwood,1766.4472954915698,1608.804247555333,3,14
2022_1174_1345,0.8052045058789894,1345,1174,Purdue,Delaware,1766.4472954915698,1572.5924542652383,3,15
2022_1136_1345,0.8680768519981386,1345,1136,Purdue,Bryant,1766.4472954915698,1600.501589692621,3,16
2022_1345_1460,0.8547482848508836,1345,1460,Purdue,Wright St,1766.4472954915698,1583.367797473222,3,16
2022_1388_1417,0.49749244085304806,1417,1388,UCLA,St Mary's CA,1770.2333828900607,1746.780244099535,4,5
2022_1400_1417,0.5563670169144741,1417,1400,UCLA,Texas,1770.2333828900607,1683.6799874435449,4,6
2022_1293_1417,0.63643219944269,1417,1293,UCLA,Murray St,1770.2333828900607,1720.2753981211088,4,7
2022_1314_1417,0.6560214259360369,1417,1314,UCLA,North Carolina,1770.2333828900607,1720.9987545307467,4,8
2022_1266_1417,0.6703769780062054,1417,1266,UCLA,Marquette,1770.2333828900607,1636.9519450678188,4,9
2022_1362_1417,0.675342292426744,1417,1362,UCLA,San Francisco,1770.2333828900607,1645.0757699911858,4,10
2022_1417_1439,0.7213533110685906,1417,1439,UCLA,Virginia Tech,1770.2333828900607,1709.0007522289675,4,11
2022_1231_1417,0.7579393355114687,1417,1231,UCLA,Indiana,1770.2333828900607,1615.9178655265448,4,12
2022_1417_1461,0.7764547733528842,1417,1461,UCLA,Wyoming,1770.2333828900607,1635.2660966528765,4,12
2022_1103_1417,0.8130960529380533,1417,1103,UCLA,Akron,1770.2333828900607,1664.6298900185711,4,13
2022_1417_1463,0.8291134082910667,1417,1463,UCLA,Yale,1770.2333828900607,1626.1665007751603,4,14
2022_1389_1417,0.8241927790178856,1417,1389,UCLA,St Peter's,1770.2333828900607,1581.4461687566236,4,15
2022_1313_1417,0.893174509364669,1417,1313,UCLA,Norfolk St,1770.2333828900607,1579.87168309463,4,16
2022_1211_1417,0.34222430188029496,1417,1211,UCLA,Gonzaga,1770.2333828900607,1887.134407734365,4,1
2022_1181_1417,0.43626447510422584,1417,1181,UCLA,Duke,1770.2333828900607,1771.0503621480075,4,2
2022_1403_1417,0.46872762211806734,1417,1403,UCLA,Texas Tech,1770.2333828900607,1736.7496725293959,4,3
2022_1116_1417,0.5138874411582948,1417,1116,UCLA,Arkansas,1770.2333828900607,1757.6829916184988,4,4
2022_1163_1417,0.5634345047806986,1417,1163,UCLA,Connecticut,1770.2333828900607,1716.1528193787053,4,5
2022_1104_1417,0.5830377410679928,1417,1104,UCLA,Alabama,1770.2333828900607,1664.789146124711,4,6
2022_1277_1417,0.6260952937248403,1417,1277,UCLA,Michigan St,1770.2333828900607,1682.1039635977568,4,7
2022_1129_1417,0.5972369857762392,1417,1129,UCLA,Boise St,1770.2333828900607,1750.2612402141353,4,8
2022_1272_1417,0.667305967893443,1417,1272,UCLA,Memphis,1770.2333828900607,1719.3329125920548,4,9
2022_1172_1417,0.6876185097681671,1417,1172,UCLA,Davidson,1770.2333828900607,1711.4948140059207,4,10
2022_1323_1417,0.748272228962954,1417,1323,UCLA,Notre Dame,1770.2333828900607,1654.4294442487048,4,11
2022_1353_1417,0.7347483671970925,1417,1353,UCLA,Rutgers,1770.2333828900607,1637.632715657693,4,11
2022_1308_1417,0.7768911687596072,1417,1308,UCLA,New Mexico St,1770.2333828900607,1697.5374247173152,4,12
2022_1417_1436,0.7777696763807032,1417,1436,UCLA,Vermont,1770.2333828900607,1712.3801095075978,4,13
2022_1286_1417,0.8386300646898399,1417,1286,UCLA,Montana St,1770.2333828900607,1648.907194296671,4,14
2022_1168_1417,0.8611849414839348,1417,1168,UCLA,CS Fullerton,1770.2333828900607,1551.74735381392,4,15
2022_1209_1417,0.8771033387962028,1417,1209,UCLA,Georgia St,1770.2333828900607,1619.491127745312,4,16
2022_1242_1417,0.38800339970558373,1417,1242,UCLA,Kansas,1770.2333828900607,1825.6355450626606,4,1
2022_1120_1417,0.4399400104254615,1417,1120,UCLA,Auburn,1770.2333828900607,1754.766605041748,4,2
2022_1417_1458,0.511772517051768,1417,1458,UCLA,Wisconsin,1770.2333828900607,1739.2398150796869,4,3
2022_1344_1417,0.531057244539261,1417,1344,UCLA,Providence,1770.2333828900607,1740.3699865463689,4,4
2022_1234_1417,0.5323295526837595,1417,1234,UCLA,Iowa,1770.2333828900607,1759.7067615492522,4,5
2022_1261_1417,0.5747682522564999,1417,1261,UCLA,LSU,1770.2333828900607,1670.076972932596,4,6
2022_1417_1425,0.6132926928642446,1417,1425,UCLA,USC,1770.2333828900607,1747.348483989828,4,7
2022_1361_1417,0.5716511257622774,1417,1361,UCLA,San Diego St,1770.2333828900607,1749.3509828117778,4,8
2022_1166_1417,0.6956868834160184,1417,1166,UCLA,Creighton,1770.2333828900607,1715.2241151553408,4,9
2022_1274_1417,0.700331569551149,1417,1274,UCLA,Miami FL,1770.2333828900607,1659.1831151322328,4,10
2022_1235_1417,0.7225013412304482,1417,1235,UCLA,Iowa St,1770.2333828900607,1566.918414604053,4,11
2022_1350_1417,0.761749666736864,1417,1350,UCLA,Richmond,1770.2333828900607,1677.745402069529,4,12
2022_1355_1417,0.7642048215203974,1417,1355,UCLA,S Dakota St,1770.2333828900607,1741.2571993589054,4,13
2022_1159_1417,0.8330061280367027,1417,1159,UCLA,Colgate,1770.2333828900607,1663.6000644018511,4,14
2022_1240_1417,0.8557594584955772,1417,1240,UCLA,Jacksonville St,1770.2333828900607,1569.9330015732564,4,15
2022_1394_1417,0.8831757407966301,1417,1394,UCLA,TAM C. Christi,1770.2333828900607,1446.871728434155,4,16
2022_1411_1417,0.8794793587508842,1417,1411,UCLA,TX Southern,1770.2333828900607,1565.9975930452333,4,16
2022_1112_1417,0.378108767902548,1417,1112,UCLA,Arizona,1770.2333828900607,1834.2550485377794,4,1
2022_1417_1437,0.3900113378137481,1417,1437,UCLA,Villanova,1770.2333828900607,1825.6389527604601,4,2
2022_1397_1417,0.4464177227879282,1417,1397,UCLA,Tennessee,1770.2333828900607,1793.9138536658204,4,3
2022_1228_1417,0.5281281381845475,1417,1228,UCLA,Illinois,1770.2333828900607,1743.4717413030744,4,4
2022_1222_1417,0.441808693919111,1417,1222,UCLA,Houston,1770.2333828900607,1827.554349059758,4,5
2022_1161_1417,0.5379278730183712,1417,1161,UCLA,Colorado St,1770.2333828900607,1736.7565025348324,4,6
2022_1326_1417,0.6273799526336843,1417,1326,UCLA,Ohio St,1770.2333828900607,1644.1052080865643,4,7
2022_1371_1417,0.6494641997550066,1417,1371,UCLA,Seton Hall,1770.2333828900607,1679.0038735560877,4,8
2022_1395_1417,0.6633148259781216,1417,1395,UCLA,TCU,1770.2333828900607,1631.9175900729285,4,9
2022_1260_1417,0.6068620839106231,1417,1260,UCLA,Loyola-Chicago,1770.2333828900607,1728.610266867969,4,10
2022_1276_1417,0.7217903323240837,1417,1276,UCLA,Michigan,1770.2333828900607,1672.715156428664,4,11
2022_1412_1417,0.7508970765335787,1417,1412,UCLA,UAB,1770.2333828900607,1691.8971925596084,4,12
2022_1151_1417,0.7903374200397226,1417,1151,UCLA,Chattanooga,1770.2333828900607,1692.3075267872991,4,13
2022_1255_1417,0.8313566290971885,1417,1255,UCLA,Longwood,1770.2333828900607,1608.804247555333,4,14
2022_1174_1417,0.8576110767855247,1417,1174,UCLA,Delaware,1770.2333828900607,1572.5924542652383,4,15
2022_1136_1417,0.8878857296291038,1417,1136,UCLA,Bryant,1770.2333828900607,1600.501589692621,4,16
2022_1417_1460,0.8832762640300438,1417,1460,UCLA,Wright St,1770.2333828900607,1583.367797473222,4,16
2022_1388_1400,0.5510699086522348,1388,1400,St Mary's CA,Texas,1746.780244099535,1683.6799874435449,5,6
2022_1293_1388,0.5942801307469479,1388,1293,St Mary's CA,Murray St,1746.780244099535,1720.2753981211088,5,7
2022_1314_1388,0.6284329431894475,1388,1314,St Mary's CA,North Carolina,1746.780244099535,1720.9987545307467,5,8
2022_1266_1388,0.6569226183627184,1388,1266,St Mary's CA,Marquette,1746.780244099535,1636.9519450678188,5,9
2022_1362_1388,0.6628025389574383,1388,1362,St Mary's CA,San Francisco,1746.780244099535,1645.0757699911858,5,10
2022_1388_1439,0.6391974546896606,1388,1439,St Mary's CA,Virginia Tech,1746.780244099535,1709.0007522289675,5,11
2022_1231_1388,0.727641347772654,1388,1231,St Mary's CA,Indiana,1746.780244099535,1615.9178655265448,5,12
2022_1388_1461,0.7573858983584008,1388,1461,St Mary's CA,Wyoming,1746.780244099535,1635.2660966528765,5,12
2022_1103_1388,0.7860281435711611,1388,1103,St Mary's CA,Akron,1746.780244099535,1664.6298900185711,5,13
2022_1388_1463,0.8150166934066507,1388,1463,St Mary's CA,Yale,1746.780244099535,1626.1665007751603,5,14
2022_1388_1389,0.8265106522676597,1388,1389,St Mary's CA,St Peter's,1746.780244099535,1581.4461687566236,5,15
2022_1313_1388,0.8634001779093345,1388,1313,St Mary's CA,Norfolk St,1746.780244099535,1579.87168309463,5,16
2022_1211_1388,0.31628615998882714,1388,1211,St Mary's CA,Gonzaga,1746.780244099535,1887.134407734365,5,1
2022_1181_1388,0.42782689455717293,1388,1181,St Mary's CA,Duke,1746.780244099535,1771.0503621480075,5,2
2022_1388_1403,0.4610962171524894,1388,1403,St Mary's CA,Texas Tech,1746.780244099535,1736.7496725293959,5,3
2022_1116_1388,0.5029927677775141,1388,1116,St Mary's CA,Arkansas,1746.780244099535,1757.6829916184988,5,4
2022_1163_1388,0.5296128153800965,1388,1163,St Mary's CA,Connecticut,1746.780244099535,1716.1528193787053,5,5
2022_1104_1388,0.5852356784676798,1388,1104,St Mary's CA,Alabama,1746.780244099535,1664.789146124711,5,6
2022_1277_1388,0.6016791384249798,1388,1277,St Mary's CA,Michigan St,1746.780244099535,1682.1039635977568,5,7
2022_1129_1388,0.6095763730648214,1388,1129,St Mary's CA,Boise St,1746.780244099535,1750.2612402141353,5,8
2022_1272_1388,0.6301794596646364,1388,1272,St Mary's CA,Memphis,1746.780244099535,1719.3329125920548,5,9
2022_1172_1388,0.6724627978466367,1388,1172,St Mary's CA,Davidson,1746.780244099535,1711.4948140059207,5,10
2022_1323_1388,0.720756829618135,1388,1323,St Mary's CA,Notre Dame,1746.780244099535,1654.4294442487048,5,11
2022_1353_1388,0.6912148305164962,1388,1353,St Mary's CA,Rutgers,1746.780244099535,1637.632715657693,5,11
2022_1308_1388,0.7565814442701897,1388,1308,St Mary's CA,New Mexico St,1746.780244099535,1697.5374247173152,5,12
2022_1388_1436,0.7206609217388857,1388,1436,St Mary's CA,Vermont,1746.780244099535,1712.3801095075978,5,13
2022_1286_1388,0.8106210892730448,1388,1286,St Mary's CA,Montana St,1746.780244099535,1648.907194296671,5,14
2022_1168_1388,0.8311086439726005,1388,1168,St Mary's CA,CS Fullerton,1746.780244099535,1551.74735381392,5,15
2022_1209_1388,0.8398443626894554,1388,1209,St Mary's CA,Georgia St,1746.780244099535,1619.491127745312,5,16
2022_1242_1388,0.3804606519009537,1388,1242,St Mary's CA,Kansas,1746.780244099535,1825.6355450626606,5,1
2022_1120_1388,0.43152597371309487,1388,1120,St Mary's CA,Auburn,1746.780244099535,1754.766605041748,5,2
2022_1388_1458,0.4978171188801658,1388,1458,St Mary's CA,Wisconsin,1746.780244099535,1739.2398150796869,5,3
2022_1344_1388,0.5358773804569956,1388,1344,St Mary's CA,Providence,1746.780244099535,1740.3699865463689,5,4
2022_1234_1388,0.5367245286703111,1388,1234,St Mary's CA,Iowa,1746.780244099535,1759.7067615492522,5,5
2022_1261_1388,0.5793749623631723,1388,1261,St Mary's CA,LSU,1746.780244099535,1670.076972932596,5,6
2022_1388_1425,0.6199222724467388,1388,1425,St Mary's CA,USC,1746.780244099535,1747.348483989828,5,7
2022_1361_1388,0.5831949996593648,1388,1361,St Mary's CA,San Diego St,1746.780244099535,1749.3509828117778,5,8
2022_1166_1388,0.6572095998261507,1388,1166,St Mary's CA,Creighton,1746.780244099535,1715.2241151553408,5,9
2022_1274_1388,0.685069582547984,1388,1274,St Mary's CA,Miami FL,1746.780244099535,1659.1831151322328,5,10
2022_1235_1388,0.6944718220221191,1388,1235,St Mary's CA,Iowa St,1746.780244099535,1566.918414604053,5,11
2022_1350_1388,0.7287721670933327,1388,1350,St Mary's CA,Richmond,1746.780244099535,1677.745402069529,5,12
2022_1355_1388,0.7468117294771899,1388,1355,St Mary's CA,S Dakota St,1746.780244099535,1741.2571993589054,5,13
2022_1159_1388,0.801578677230427,1388,1159,St Mary's CA,Colgate,1746.780244099535,1663.6000644018511,5,14
2022_1240_1388,0.8249791407224785,1388,1240,St Mary's CA,Jacksonville St,1746.780244099535,1569.9330015732564,5,15
2022_1388_1394,0.8565709161295494,1388,1394,St Mary's CA,TAM C. Christi,1746.780244099535,1446.871728434155,5,16
2022_1388_1411,0.8485740887655815,1388,1411,St Mary's CA,TX Southern,1746.780244099535,1565.9975930452333,5,16
2022_1112_1388,0.35581369915265504,1388,1112,St Mary's CA,Arizona,1746.780244099535,1834.2550485377794,5,1
2022_1388_1437,0.3945259508845159,1388,1437,St Mary's CA,Villanova,1746.780244099535,1825.6389527604601,5,2
2022_1388_1397,0.4428002287119758,1388,1397,St Mary's CA,Tennessee,1746.780244099535,1793.9138536658204,5,3
2022_1228_1388,0.5256145931149241,1388,1228,St Mary's CA,Illinois,1746.780244099535,1743.4717413030744,5,4
2022_1222_1388,0.4462784215807916,1388,1222,St Mary's CA,Houston,1746.780244099535,1827.554349059758,5,5
2022_1161_1388,0.5403043561314829,1388,1161,St Mary's CA,Colorado St,1746.780244099535,1736.7565025348324,5,6
2022_1326_1388,0.6100604455500713,1388,1326,St Mary's CA,Ohio St,1746.780244099535,1644.1052080865643,5,7
2022_1371_1388,0.6164634066465551,1388,1371,St Mary's CA,Seton Hall,1746.780244099535,1679.0038735560877,5,8
2022_1388_1395,0.6563976206515367,1388,1395,St Mary's CA,TCU,1746.780244099535,1631.9175900729285,5,9
2022_1260_1388,0.6357906378172253,1388,1260,St Mary's CA,Loyola-Chicago,1746.780244099535,1728.610266867969,5,10
2022_1276_1388,0.6791197367893844,1388,1276,St Mary's CA,Michigan,1746.780244099535,1672.715156428664,5,11
2022_1388_1412,0.7446221001215538,1388,1412,St Mary's CA,UAB,1746.780244099535,1691.8971925596084,5,12
2022_1151_1388,0.7802922395928134,1388,1151,St Mary's CA,Chattanooga,1746.780244099535,1692.3075267872991,5,13
2022_1255_1388,0.7998476391368601,1388,1255,St Mary's CA,Longwood,1746.780244099535,1608.804247555333,5,14
2022_1174_1388,0.8354742073652397,1388,1174,St Mary's CA,Delaware,1746.780244099535,1572.5924542652383,5,15
2022_1136_1388,0.8564859497084221,1388,1136,St Mary's CA,Bryant,1746.780244099535,1600.501589692621,5,16
2022_1388_1460,0.8536166417135795,1388,1460,St Mary's CA,Wright St,1746.780244099535,1583.367797473222,5,16
2022_1293_1400,0.5348441981410272,1400,1293,Texas,Murray St,1683.6799874435449,1720.2753981211088,6,7
2022_1314_1400,0.6040403615265957,1400,1314,Texas,North Carolina,1683.6799874435449,1720.9987545307467,6,8
2022_1266_1400,0.6177283662203008,1400,1266,Texas,Marquette,1683.6799874435449,1636.9519450678188,6,9
2022_1362_1400,0.6042892732356127,1400,1362,Texas,San Francisco,1683.6799874435449,1645.0757699911858,6,10
2022_1400_1439,0.5950617558620785,1400,1439,Texas,Virginia Tech,1683.6799874435449,1709.0007522289675,6,11
2022_1231_1400,0.6846588262306839,1400,1231,Texas,Indiana,1683.6799874435449,1615.9178655265448,6,12
2022_1400_1461,0.7045851656185775,1400,1461,Texas,Wyoming,1683.6799874435449,1635.2660966528765,6,12
2022_1103_1400,0.7166512943573555,1400,1103,Texas,Akron,1683.6799874435449,1664.6298900185711,6,13
2022_1400_1463,0.7661331562264193,1400,1463,Texas,Yale,1683.6799874435449,1626.1665007751603,6,14
2022_1389_1400,0.7833041762643549,1400,1389,Texas,St Peter's,1683.6799874435449,1581.4461687566236,6,15
2022_1313_1400,0.8351650380727897,1400,1313,Texas,Norfolk St,1683.6799874435449,1579.87168309463,6,16
2022_1211_1400,0.31304529837147277,1400,1211,Texas,Gonzaga,1683.6799874435449,1887.134407734365,6,1
2022_1181_1400,0.3742743156220383,1400,1181,Texas,Duke,1683.6799874435449,1771.0503621480075,6,2
2022_1400_1403,0.42887823108404366,1400,1403,Texas,Texas Tech,1683.6799874435449,1736.7496725293959,6,3
2022_1116_1400,0.46227925014199134,1400,1116,Texas,Arkansas,1683.6799874435449,1757.6829916184988,6,4
2022_1163_1400,0.48270422586448153,1400,1163,Texas,Connecticut,1683.6799874435449,1716.1528193787053,6,5
2022_1104_1400,0.5011014699935914,1400,1104,Texas,Alabama,1683.6799874435449,1664.789146124711,6,6
2022_1277_1400,0.5437961899375208,1400,1277,Texas,Michigan St,1683.6799874435449,1682.1039635977568,6,7
2022_1129_1400,0.558845392945396,1400,1129,Texas,Boise St,1683.6799874435449,1750.2612402141353,6,8
2022_1272_1400,0.5942300843837911,1400,1272,Texas,Memphis,1683.6799874435449,1719.3329125920548,6,9
2022_1172_1400,0.6006283857558306,1400,1172,Texas,Davidson,1683.6799874435449,1711.4948140059207,6,10
2022_1323_1400,0.6481038696430539,1400,1323,Texas,Notre Dame,1683.6799874435449,1654.4294442487048,6,11
2022_1353_1400,0.6518262244127606,1400,1353,Texas,Rutgers,1683.6799874435449,1637.632715657693,6,11
2022_1308_1400,0.7131428428875595,1400,1308,Texas,New Mexico St,1683.6799874435449,1697.5374247173152,6,12
2022_1400_1436,0.6690916009016594,1400,1436,Texas,Vermont,1683.6799874435449,1712.3801095075978,6,13
2022_1286_1400,0.7501135138733614,1400,1286,Texas,Montana St,1683.6799874435449,1648.907194296671,6,14
2022_1168_1400,0.8000175123744699,1400,1168,Texas,CS Fullerton,1683.6799874435449,1551.74735381392,6,15
2022_1209_1400,0.8020353906986366,1400,1209,Texas,Georgia St,1683.6799874435449,1619.491127745312,6,16
2022_1242_1400,0.36174054971710723,1400,1242,Texas,Kansas,1683.6799874435449,1825.6355450626606,6,1
2022_1120_1400,0.37095769711989823,1400,1120,Texas,Auburn,1683.6799874435449,1754.766605041748,6,2
2022_1400_1458,0.4373681080695936,1400,1458,Texas,Wisconsin,1683.6799874435449,1739.2398150796869,6,3
2022_1344_1400,0.49243134748638984,1400,1344,Texas,Providence,1683.6799874435449,1740.3699865463689,6,4
2022_1234_1400,0.46553533145434817,1400,1234,Texas,Iowa,1683.6799874435449,1759.7067615492522,6,5
2022_1261_1400,0.5190700799226762,1400,1261,Texas,LSU,1683.6799874435449,1670.076972932596,6,6
2022_1400_1425,0.5576431833838709,1400,1425,Texas,USC,1683.6799874435449,1747.348483989828,6,7
2022_1361_1400,0.5317338924437633,1400,1361,Texas,San Diego St,1683.6799874435449,1749.3509828117778,6,8
2022_1166_1400,0.631970791781252,1400,1166,Texas,Creighton,1683.6799874435449,1715.2241151553408,6,9
2022_1274_1400,0.616557369444185,1400,1274,Texas,Miami FL,1683.6799874435449,1659.1831151322328,6,10
2022_1235_1400,0.679252407636485,1400,1235,Texas,Iowa St,1683.6799874435449,1566.918414604053,6,11
2022_1350_1400,0.6613945522295623,1400,1350,Texas,Richmond,1683.6799874435449,1677.745402069529,6,12
2022_1355_1400,0.6842406131096443,1400,1355,Texas,S Dakota St,1683.6799874435449,1741.2571993589054,6,13
2022_1159_1400,0.7470840332968463,1400,1159,Texas,Colgate,1683.6799874435449,1663.6000644018511,6,14
2022_1240_1400,0.7952864234977457,1400,1240,Texas,Jacksonville St,1683.6799874435449,1569.9330015732564,6,15
2022_1394_1400,0.8236439668771873,1400,1394,Texas,TAM C. Christi,1683.6799874435449,1446.871728434155,6,16
2022_1400_1411,0.8153816902277122,1400,1411,Texas,TX Southern,1683.6799874435449,1565.9975930452333,6,16
2022_1112_1400,0.3466125704981474,1400,1112,Texas,Arizona,1683.6799874435449,1834.2550485377794,6,1
2022_1400_1437,0.37613497891683045,1400,1437,Texas,Villanova,1683.6799874435449,1825.6389527604601,6,2
2022_1397_1400,0.3881693241354772,1400,1397,Texas,Tennessee,1683.6799874435449,1793.9138536658204,6,3
2022_1228_1400,0.48720041405857917,1400,1228,Texas,Illinois,1683.6799874435449,1743.4717413030744,6,4
2022_1222_1400,0.4034557751680132,1400,1222,Texas,Houston,1683.6799874435449,1827.554349059758,6,5
2022_1161_1400,0.47302066385746017,1400,1161,Texas,Colorado St,1683.6799874435449,1736.7565025348324,6,6
2022_1326_1400,0.5626096062993295,1400,1326,Texas,Ohio St,1683.6799874435449,1644.1052080865643,6,7
2022_1371_1400,0.5556423883467785,1400,1371,Texas,Seton Hall,1683.6799874435449,1679.0038735560877,6,8
2022_1395_1400,0.6140981453302556,1400,1395,Texas,TCU,1683.6799874435449,1631.9175900729285,6,9
2022_1260_1400,0.5727756865952547,1400,1260,Texas,Loyola-Chicago,1683.6799874435449,1728.610266867969,6,10
2022_1276_1400,0.6538872934244488,1400,1276,Texas,Michigan,1683.6799874435449,1672.715156428664,6,11
2022_1400_1412,0.6417268671976715,1400,1412,Texas,UAB,1683.6799874435449,1691.8971925596084,6,12
2022_1151_1400,0.68229230118471,1400,1151,Texas,Chattanooga,1683.6799874435449,1692.3075267872991,6,13
2022_1255_1400,0.7640142409069766,1400,1255,Texas,Longwood,1683.6799874435449,1608.804247555333,6,14
2022_1174_1400,0.7959044938617441,1400,1174,Texas,Delaware,1683.6799874435449,1572.5924542652383,6,15
2022_1136_1400,0.8236290657159935,1400,1136,Texas,Bryant,1683.6799874435449,1600.501589692621,6,16
2022_1400_1460,0.8190872513887535,1400,1460,Texas,Wright St,1683.6799874435449,1583.367797473222,6,16
2022_1293_1314,0.5303088509177454,1293,1314,Murray St,North Carolina,1720.2753981211088,1720.9987545307467,7,8
2022_1266_1293,0.5963317524224392,1293,1266,Murray St,Marquette,1720.2753981211088,1636.9519450678188,7,9
2022_1293_1362,0.5948755132797414,1293,1362,Murray St,San Francisco,1720.2753981211088,1645.0757699911858,7,10
2022_1293_1439,0.5506035261486109,1293,1439,Murray St,Virginia Tech,1720.2753981211088,1709.0007522289675,7,11
2022_1231_1293,0.6583183772228574,1293,1231,Murray St,Indiana,1720.2753981211088,1615.9178655265448,7,12
2022_1293_1461,0.6869813866279935,1293,1461,Murray St,Wyoming,1720.2753981211088,1635.2660966528765,7,12
2022_1103_1293,0.7190336593376785,1293,1103,Murray St,Akron,1720.2753981211088,1664.6298900185711,7,13
2022_1293_1463,0.7604174799986443,1293,1463,Murray St,Yale,1720.2753981211088,1626.1665007751603,7,14
2022_1293_1389,0.762453493283533,1293,1389,Murray St,St Peter's,1720.2753981211088,1581.4461687566236,7,15
2022_1293_1313,0.8200609748893473,1293,1313,Murray St,Norfolk St,1720.2753981211088,1579.87168309463,7,16
2022_1211_1293,0.2679594270003648,1293,1211,Murray St,Gonzaga,1720.2753981211088,1887.134407734365,7,1
2022_1181_1293,0.2969677724577574,1293,1181,Murray St,Duke,1720.2753981211088,1771.0503621480075,7,2
2022_1293_1403,0.36114822545308534,1293,1403,Murray St,Texas Tech,1720.2753981211088,1736.7496725293959,7,3
2022_1116_1293,0.44971374992101876,1293,1116,Murray St,Arkansas,1720.2753981211088,1757.6829916184988,7,4
2022_1163_1293,0.4434948016375434,1293,1163,Murray St,Connecticut,1720.2753981211088,1716.1528193787053,7,5
2022_1104_1293,0.5072126574183222,1293,1104,Murray St,Alabama,1720.2753981211088,1664.789146124711,7,6
2022_1277_1293,0.4861770927906038,1293,1277,Murray St,Michigan St,1720.2753981211088,1682.1039635977568,7,7
2022_1129_1293,0.5378933333491571,1293,1129,Murray St,Boise St,1720.2753981211088,1750.2612402141353,7,8
2022_1272_1293,0.5650913636714092,1293,1272,Murray St,Memphis,1720.2753981211088,1719.3329125920548,7,9
2022_1172_1293,0.5539150076749975,1293,1172,Murray St,Davidson,1720.2753981211088,1711.4948140059207,7,10
2022_1293_1323,0.6504808314774568,1293,1323,Murray St,Notre Dame,1720.2753981211088,1654.4294442487048,7,11
2022_1293_1353,0.6574703552458818,1293,1353,Murray St,Rutgers,1720.2753981211088,1637.632715657693,7,11
2022_1293_1308,0.6620253092907284,1293,1308,Murray St,New Mexico St,1720.2753981211088,1697.5374247173152,7,12
2022_1293_1436,0.5943484836208015,1293,1436,Murray St,Vermont,1720.2753981211088,1712.3801095075978,7,13
2022_1286_1293,0.742162410146769,1293,1286,Murray St,Montana St,1720.2753981211088,1648.907194296671,7,14
2022_1168_1293,0.7790600029690493,1293,1168,Murray St,CS Fullerton,1720.2753981211088,1551.74735381392,7,15
2022_1209_1293,0.7932512825065348,1293,1209,Murray St,Georgia St,1720.2753981211088,1619.491127745312,7,16
2022_1242_1293,0.27266846215852214,1293,1242,Murray St,Kansas,1720.2753981211088,1825.6355450626606,7,1
2022_1120_1293,0.36947278461233657,1293,1120,Murray St,Auburn,1720.2753981211088,1754.766605041748,7,2
2022_1293_1458,0.42645795860547486,1293,1458,Murray St,Wisconsin,1720.2753981211088,1739.2398150796869,7,3
2022_1293_1344,0.44441461387842385,1293,1344,Murray St,Providence,1720.2753981211088,1740.3699865463689,7,4
2022_1234_1293,0.4167046744793784,1293,1234,Murray St,Iowa,1720.2753981211088,1759.7067615492522,7,5
2022_1261_1293,0.5117760039234873,1293,1261,Murray St,LSU,1720.2753981211088,1670.076972932596,7,6
2022_1293_1425,0.5489324986934663,1293,1425,Murray St,USC,1720.2753981211088,1747.348483989828,7,7
2022_1293_1361,0.5103463613127954,1293,1361,Murray St,San Diego St,1720.2753981211088,1749.3509828117778,7,8
2022_1166_1293,0.5687952559023968,1293,1166,Murray St,Creighton,1720.2753981211088,1715.2241151553408,7,9
2022_1274_1293,0.6126114713791067,1293,1274,Murray St,Miami FL,1720.2753981211088,1659.1831151322328,7,10
2022_1235_1293,0.6462700613472994,1293,1235,Murray St,Iowa St,1720.2753981211088,1566.918414604053,7,11
2022_1293_1350,0.6289745188616132,1293,1350,Murray St,Richmond,1720.2753981211088,1677.745402069529,7,12
2022_1293_1355,0.6475616403805404,1293,1355,Murray St,S Dakota St,1720.2753981211088,1741.2571993589054,7,13
2022_1159_1293,0.7384370751448235,1293,1159,Murray St,Colgate,1720.2753981211088,1663.6000644018511,7,14
2022_1240_1293,0.7659145561917056,1293,1240,Murray St,Jacksonville St,1720.2753981211088,1569.9330015732564,7,15
2022_1293_1394,0.8093043034606668,1293,1394,Murray St,TAM C. Christi,1720.2753981211088,1446.871728434155,7,16
2022_1293_1411,0.8027318184905741,1293,1411,Murray St,TX Southern,1720.2753981211088,1565.9975930452333,7,16
2022_1112_1293,0.28224074459203197,1293,1112,Murray St,Arizona,1720.2753981211088,1834.2550485377794,7,1
2022_1293_1437,0.2989342414476065,1293,1437,Murray St,Villanova,1720.2753981211088,1825.6389527604601,7,2
2022_1293_1397,0.32288741910118524,1293,1397,Murray St,Tennessee,1720.2753981211088,1793.9138536658204,7,3
2022_1228_1293,0.4280476403590986,1293,1228,Murray St,Illinois,1720.2753981211088,1743.4717413030744,7,4
2022_1222_1293,0.3504414309233558,1293,1222,Murray St,Houston,1720.2753981211088,1827.554349059758,7,5
2022_1161_1293,0.43849965551145037,1293,1161,Murray St,Colorado St,1720.2753981211088,1736.7565025348324,7,6
2022_1293_1326,0.5384644627571107,1293,1326,Murray St,Ohio St,1720.2753981211088,1644.1052080865643,7,7
2022_1293_1371,0.5150334172581919,1293,1371,Murray St,Seton Hall,1720.2753981211088,1679.0038735560877,7,8
2022_1293_1395,0.5851174365311733,1293,1395,Murray St,TCU,1720.2753981211088,1631.9175900729285,7,9
2022_1260_1293,0.5416851627472097,1293,1260,Murray St,Loyola-Chicago,1720.2753981211088,1728.610266867969,7,10
2022_1276_1293,0.6001231767867143,1293,1276,Murray St,Michigan,1720.2753981211088,1672.715156428664,7,11
2022_1293_1412,0.6055968172214841,1293,1412,Murray St,UAB,1720.2753981211088,1691.8971925596084,7,12
2022_1151_1293,0.6498591461168914,1293,1151,Murray St,Chattanooga,1720.2753981211088,1692.3075267872991,7,13
2022_1255_1293,0.7566202766962609,1293,1255,Murray St,Longwood,1720.2753981211088,1608.804247555333,7,14
2022_1174_1293,0.7774936525089968,1293,1174,Murray St,Delaware,1720.2753981211088,1572.5924542652383,7,15
2022_1136_1293,0.8058614199691507,1293,1136,Murray St,Bryant,1720.2753981211088,1600.501589692621,7,16
2022_1293_1460,0.7969761555724832,1293,1460,Murray St,Wright St,1720.2753981211088,1583.367797473222,7,16
2022_1266_1314,0.5289838247632273,1314,1266,North Carolina,Marquette,1720.9987545307467,1636.9519450678188,8,9
2022_1314_1362,0.5111366357236973,1314,1362,North Carolina,San Francisco,1720.9987545307467,1645.0757699911858,8,10
2022_1314_1439,0.5105195033195669,1314,1439,North Carolina,Virginia Tech,1720.9987545307467,1709.0007522289675,8,11
2022_1231_1314,0.6036288686726625,1314,1231,North Carolina,Indiana,1720.9987545307467,1615.9178655265448,8,12
2022_1314_1461,0.6368135758374269,1314,1461,North Carolina,Wyoming,1720.9987545307467,1635.2660966528765,8,12
2022_1103_1314,0.6881021327637051,1314,1103,North Carolina,Akron,1720.9987545307467,1664.6298900185711,8,13
2022_1314_1463,0.6723389484869629,1314,1463,North Carolina,Yale,1720.9987545307467,1626.1665007751603,8,14
2022_1314_1389,0.706305716163691,1314,1389,North Carolina,St Peter's,1720.9987545307467,1581.4461687566236,8,15
2022_1313_1314,0.7838220564587344,1314,1313,North Carolina,Norfolk St,1720.9987545307467,1579.87168309463,8,16
2022_1211_1314,0.23836046161574523,1314,1211,North Carolina,Gonzaga,1720.9987545307467,1887.134407734365,8,1
2022_1181_1314,0.27285958445199443,1314,1181,North Carolina,Duke,1720.9987545307467,1771.0503621480075,8,2
2022_1314_1403,0.37319084039703887,1314,1403,North Carolina,Texas Tech,1720.9987545307467,1736.7496725293959,8,3
2022_1116_1314,0.39196779051083985,1314,1116,North Carolina,Arkansas,1720.9987545307467,1757.6829916184988,8,4
2022_1163_1314,0.39666811201542107,1314,1163,North Carolina,Connecticut,1720.9987545307467,1716.1528193787053,8,5
2022_1104_1314,0.45963171612919684,1314,1104,North Carolina,Alabama,1720.9987545307467,1664.789146124711,8,6
2022_1277_1314,0.42030638077504595,1314,1277,North Carolina,Michigan St,1720.9987545307467,1682.1039635977568,8,7
2022_1129_1314,0.47715367972850814,1314,1129,North Carolina,Boise St,1720.9987545307467,1750.2612402141353,8,8
2022_1272_1314,0.5143666051959284,1314,1272,North Carolina,Memphis,1720.9987545307467,1719.3329125920548,8,9
2022_1172_1314,0.5102448608308903,1314,1172,North Carolina,Davidson,1720.9987545307467,1711.4948140059207,8,10
2022_1314_1323,0.5938236552122289,1314,1323,North Carolina,Notre Dame,1720.9987545307467,1654.4294442487048,8,11
2022_1314_1353,0.5646193760278875,1314,1353,North Carolina,Rutgers,1720.9987545307467,1637.632715657693,8,11
2022_1308_1314,0.6355858244631822,1314,1308,North Carolina,New Mexico St,1720.9987545307467,1697.5374247173152,8,12
2022_1314_1436,0.6001676089428281,1314,1436,North Carolina,Vermont,1720.9987545307467,1712.3801095075978,8,13
2022_1286_1314,0.7097507872568756,1314,1286,North Carolina,Montana St,1720.9987545307467,1648.907194296671,8,14
2022_1168_1314,0.7226880378790459,1314,1168,North Carolina,CS Fullerton,1720.9987545307467,1551.74735381392,8,15
2022_1209_1314,0.7413172094090212,1314,1209,North Carolina,Georgia St,1720.9987545307467,1619.491127745312,8,16
2022_1242_1314,0.25607657509369053,1314,1242,North Carolina,Kansas,1720.9987545307467,1825.6355450626606,8,1
2022_1120_1314,0.3412505797160478,1314,1120,North Carolina,Auburn,1720.9987545307467,1754.766605041748,8,2
2022_1314_1458,0.37074512771145385,1314,1458,North Carolina,Wisconsin,1720.9987545307467,1739.2398150796869,8,3
2022_1314_1344,0.436956631329245,1314,1344,North Carolina,Providence,1720.9987545307467,1740.3699865463689,8,4
2022_1234_1314,0.4052619246002981,1314,1234,North Carolina,Iowa,1720.9987545307467,1759.7067615492522,8,5
2022_1261_1314,0.4547085065812003,1314,1261,North Carolina,LSU,1720.9987545307467,1670.076972932596,8,6
2022_1314_1425,0.48622654744632204,1314,1425,North Carolina,USC,1720.9987545307467,1747.348483989828,8,7
2022_1314_1361,0.4703393414616586,1314,1361,North Carolina,San Diego St,1720.9987545307467,1749.3509828117778,8,8
2022_1166_1314,0.5547382318114527,1314,1166,North Carolina,Creighton,1720.9987545307467,1715.2241151553408,8,9
2022_1274_1314,0.5391164790421596,1314,1274,North Carolina,Miami FL,1720.9987545307467,1659.1831151322328,8,10
2022_1235_1314,0.5562446254137212,1314,1235,North Carolina,Iowa St,1720.9987545307467,1566.918414604053,8,11
2022_1314_1350,0.5873321392272051,1314,1350,North Carolina,Richmond,1720.9987545307467,1677.745402069529,8,12
2022_1314_1355,0.6362927473448132,1314,1355,North Carolina,S Dakota St,1720.9987545307467,1741.2571993589054,8,13
2022_1159_1314,0.6819136449085861,1314,1159,North Carolina,Colgate,1720.9987545307467,1663.6000644018511,8,14
2022_1240_1314,0.7226175255842766,1314,1240,North Carolina,Jacksonville St,1720.9987545307467,1569.9330015732564,8,15
2022_1314_1394,0.7663240102989901,1314,1394,North Carolina,TAM C. Christi,1720.9987545307467,1446.871728434155,8,16
2022_1314_1411,0.7556104628308047,1314,1411,North Carolina,TX Southern,1720.9987545307467,1565.9975930452333,8,16
2022_1112_1314,0.24619013520402114,1314,1112,North Carolina,Arizona,1720.9987545307467,1834.2550485377794,8,1
2022_1314_1437,0.2893241121483655,1314,1437,North Carolina,Villanova,1720.9987545307467,1825.6389527604601,8,2
2022_1314_1397,0.3209761061407713,1314,1397,North Carolina,Tennessee,1720.9987545307467,1793.9138536658204,8,3
2022_1228_1314,0.40568080761689607,1314,1228,North Carolina,Illinois,1720.9987545307467,1743.4717413030744,8,4
2022_1222_1314,0.33561101753085343,1314,1222,North Carolina,Houston,1720.9987545307467,1827.554349059758,8,5
2022_1161_1314,0.39938300591410514,1314,1161,North Carolina,Colorado St,1720.9987545307467,1736.7565025348324,8,6
2022_1314_1326,0.5002253241205927,1314,1326,North Carolina,Ohio St,1720.9987545307467,1644.1052080865643,8,7
2022_1314_1371,0.4632552102208139,1314,1371,North Carolina,Seton Hall,1720.9987545307467,1679.0038735560877,8,8
2022_1314_1395,0.5198428564404733,1314,1395,North Carolina,TCU,1720.9987545307467,1631.9175900729285,8,9
2022_1260_1314,0.48946269560156974,1314,1260,North Carolina,Loyola-Chicago,1720.9987545307467,1728.610266867969,8,10
2022_1276_1314,0.5623596298340017,1314,1276,North Carolina,Michigan,1720.9987545307467,1672.715156428664,8,11
2022_1314_1412,0.5381384216878946,1314,1412,North Carolina,UAB,1720.9987545307467,1691.8971925596084,8,12
2022_1151_1314,0.5672872505448674,1314,1151,North Carolina,Chattanooga,1720.9987545307467,1692.3075267872991,8,13
2022_1255_1314,0.6983781465279251,1314,1255,North Carolina,Longwood,1720.9987545307467,1608.804247555333,8,14
2022_1174_1314,0.7411396093435845,1314,1174,North Carolina,Delaware,1720.9987545307467,1572.5924542652383,8,15
2022_1136_1314,0.7641918180449236,1314,1136,North Carolina,Bryant,1720.9987545307467,1600.501589692621,8,16
2022_1314_1460,0.7544298140270937,1314,1460,North Carolina,Wright St,1720.9987545307467,1583.367797473222,8,16
2022_1266_1362,0.47989492944233486,1266,1362,Marquette,San Francisco,1636.9519450678188,1645.0757699911858,9,10
2022_1266_1439,0.49291574913560066,1266,1439,Marquette,Virginia Tech,1636.9519450678188,1709.0007522289675,9,11
2022_1231_1266,0.5573089259508306,1266,1231,Marquette,Indiana,1636.9519450678188,1615.9178655265448,9,12
2022_1266_1461,0.5826403337362462,1266,1461,Marquette,Wyoming,1636.9519450678188,1635.2660966528765,9,12
2022_1103_1266,0.6103793182108934,1266,1103,Marquette,Akron,1636.9519450678188,1664.6298900185711,9,13
2022_1266_1463,0.6224105871580456,1266,1463,Marquette,Yale,1636.9519450678188,1626.1665007751603,9,14
2022_1266_1389,0.676962644694963,1266,1389,Marquette,St Peter's,1636.9519450678188,1581.4461687566236,9,15
2022_1266_1313,0.7423234022923073,1266,1313,Marquette,Norfolk St,1636.9519450678188,1579.87168309463,9,16
2022_1211_1266,0.22299086321756956,1266,1211,Marquette,Gonzaga,1636.9519450678188,1887.134407734365,9,1
2022_1181_1266,0.2617824010781685,1266,1181,Marquette,Duke,1636.9519450678188,1771.0503621480075,9,2
2022_1266_1403,0.32166323429473354,1266,1403,Marquette,Texas Tech,1636.9519450678188,1736.7496725293959,9,3
2022_1116_1266,0.3507204034067778,1266,1116,Marquette,Arkansas,1636.9519450678188,1757.6829916184988,9,4
2022_1163_1266,0.36145166524905625,1266,1163,Marquette,Connecticut,1636.9519450678188,1716.1528193787053,9,5
2022_1104_1266,0.41250070009201256,1266,1104,Marquette,Alabama,1636.9519450678188,1664.789146124711,9,6
2022_1266_1277,0.4187080387443435,1266,1277,Marquette,Michigan St,1636.9519450678188,1682.1039635977568,9,7
2022_1129_1266,0.4687214679384943,1266,1129,Marquette,Boise St,1636.9519450678188,1750.2612402141353,9,8
2022_1266_1272,0.4745425269007684,1266,1272,Marquette,Memphis,1636.9519450678188,1719.3329125920548,9,9
2022_1172_1266,0.48065840533726284,1266,1172,Marquette,Davidson,1636.9519450678188,1711.4948140059207,9,10
2022_1266_1323,0.5282743494540325,1266,1323,Marquette,Notre Dame,1636.9519450678188,1654.4294442487048,9,11
2022_1266_1353,0.5289793084889522,1266,1353,Marquette,Rutgers,1636.9519450678188,1637.632715657693,9,11
2022_1266_1308,0.6187218415382558,1266,1308,Marquette,New Mexico St,1636.9519450678188,1697.5374247173152,9,12
2022_1266_1436,0.5216600992415483,1266,1436,Marquette,Vermont,1636.9519450678188,1712.3801095075978,9,13
2022_1266_1286,0.6253202623985623,1266,1286,Marquette,Montana St,1636.9519450678188,1648.907194296671,9,14
2022_1168_1266,0.7033475645767837,1266,1168,Marquette,CS Fullerton,1636.9519450678188,1551.74735381392,9,15
2022_1209_1266,0.6615099794931969,1266,1209,Marquette,Georgia St,1636.9519450678188,1619.491127745312,9,16
2022_1242_1266,0.25231854636833784,1266,1242,Marquette,Kansas,1636.9519450678188,1825.6355450626606,9,1
2022_1120_1266,0.2555231757692734,1266,1120,Marquette,Auburn,1636.9519450678188,1754.766605041748,9,2
2022_1266_1458,0.3375275841964097,1266,1458,Marquette,Wisconsin,1636.9519450678188,1739.2398150796869,9,3
2022_1266_1344,0.41704801252857726,1266,1344,Marquette,Providence,1636.9519450678188,1740.3699865463689,9,4
2022_1234_1266,0.3607416845228142,1266,1234,Marquette,Iowa,1636.9519450678188,1759.7067615492522,9,5
2022_1261_1266,0.3917331529018232,1266,1261,Marquette,LSU,1636.9519450678188,1670.076972932596,9,6
2022_1266_1425,0.44484347593487616,1266,1425,Marquette,USC,1636.9519450678188,1747.348483989828,9,7
2022_1266_1361,0.411249812629294,1266,1361,Marquette,San Diego St,1636.9519450678188,1749.3509828117778,9,8
2022_1166_1266,0.5029632210731507,1266,1166,Marquette,Creighton,1636.9519450678188,1715.2241151553408,9,9
2022_1266_1274,0.5010686301326044,1266,1274,Marquette,Miami FL,1636.9519450678188,1659.1831151322328,9,10
2022_1235_1266,0.5564992200165859,1266,1235,Marquette,Iowa St,1636.9519450678188,1566.918414604053,9,11
2022_1266_1350,0.5566871750000173,1266,1350,Marquette,Richmond,1636.9519450678188,1677.745402069529,9,12
2022_1266_1355,0.5464304559562738,1266,1355,Marquette,S Dakota St,1636.9519450678188,1741.2571993589054,9,13
2022_1159_1266,0.6000986761711453,1266,1159,Marquette,Colgate,1636.9519450678188,1663.6000644018511,9,14
2022_1240_1266,0.7072078444945007,1266,1240,Marquette,Jacksonville St,1636.9519450678188,1569.9330015732564,9,15
2022_1266_1394,0.7428955323763451,1266,1394,Marquette,TAM C. Christi,1636.9519450678188,1446.871728434155,9,16
2022_1266_1411,0.7257420457668862,1266,1411,Marquette,TX Southern,1636.9519450678188,1565.9975930452333,9,16
2022_1112_1266,0.230749223573662,1266,1112,Marquette,Arizona,1636.9519450678188,1834.2550485377794,9,1
2022_1266_1437,0.27511631029171146,1266,1437,Marquette,Villanova,1636.9519450678188,1825.6389527604601,9,2
2022_1266_1397,0.29799072808154536,1266,1397,Marquette,Tennessee,1636.9519450678188,1793.9138536658204,9,3
2022_1228_1266,0.37394587478415053,1266,1228,Marquette,Illinois,1636.9519450678188,1743.4717413030744,9,4
2022_1222_1266,0.3171121835078663,1266,1222,Marquette,Houston,1636.9519450678188,1827.554349059758,9,5
2022_1161_1266,0.38452387425869194,1266,1161,Marquette,Colorado St,1636.9519450678188,1736.7565025348324,9,6
2022_1266_1326,0.4390365530222785,1266,1326,Marquette,Ohio St,1636.9519450678188,1644.1052080865643,9,7
2022_1266_1371,0.4474075920248743,1266,1371,Marquette,Seton Hall,1636.9519450678188,1679.0038735560877,9,8
2022_1266_1395,0.5072528630495072,1266,1395,Marquette,TCU,1636.9519450678188,1631.9175900729285,9,9
2022_1260_1266,0.4681946941351182,1266,1260,Marquette,Loyola-Chicago,1636.9519450678188,1728.610266867969,9,10
2022_1266_1276,0.5368199865847698,1266,1276,Marquette,Michigan,1636.9519450678188,1672.715156428664,9,11
2022_1266_1412,0.5016794937494451,1266,1412,Marquette,UAB,1636.9519450678188,1691.8971925596084,9,12
2022_1151_1266,0.5432946332428987,1266,1151,Marquette,Chattanooga,1636.9519450678188,1692.3075267872991,9,13
2022_1255_1266,0.6148462212942456,1266,1255,Marquette,Longwood,1636.9519450678188,1608.804247555333,9,14
2022_1174_1266,0.7030372925984054,1266,1174,Marquette,Delaware,1636.9519450678188,1572.5924542652383,9,15
2022_1136_1266,0.7113749570913872,1266,1136,Marquette,Bryant,1636.9519450678188,1600.501589692621,9,16
2022_1266_1460,0.7341935075588784,1266,1460,Marquette,Wright St,1636.9519450678188,1583.367797473222,9,16
2022_1362_1439,0.4916668542360551,1362,1439,San Francisco,Virginia Tech,1645.0757699911858,1709.0007522289675,10,11
2022_1231_1362,0.5496031265288464,1362,1231,San Francisco,Indiana,1645.0757699911858,1615.9178655265448,10,12
2022_1362_1461,0.5968584935694805,1362,1461,San Francisco,Wyoming,1645.0757699911858,1635.2660966528765,10,12
2022_1103_1362,0.6085417854431325,1362,1103,San Francisco,Akron,1645.0757699911858,1664.6298900185711,10,13
2022_1362_1463,0.6493634828064974,1362,1463,San Francisco,Yale,1645.0757699911858,1626.1665007751603,10,14
2022_1362_1389,0.6858419246338223,1362,1389,San Francisco,St Peter's,1645.0757699911858,1581.4461687566236,10,15
2022_1313_1362,0.7395995714651733,1362,1313,San Francisco,Norfolk St,1645.0757699911858,1579.87168309463,10,16
2022_1211_1362,0.2066266404754429,1362,1211,San Francisco,Gonzaga,1645.0757699911858,1887.134407734365,10,1
2022_1181_1362,0.2608042361275923,1362,1181,San Francisco,Duke,1645.0757699911858,1771.0503621480075,10,2
2022_1362_1403,0.29339440243763126,1362,1403,San Francisco,Texas Tech,1645.0757699911858,1736.7496725293959,10,3
2022_1116_1362,0.3304276949776025,1362,1116,San Francisco,Arkansas,1645.0757699911858,1757.6829916184988,10,4
2022_1163_1362,0.3543030001856474,1362,1163,San Francisco,Connecticut,1645.0757699911858,1716.1528193787053,10,5
2022_1104_1362,0.4280104211832947,1362,1104,San Francisco,Alabama,1645.0757699911858,1664.789146124711,10,6
2022_1277_1362,0.43892769340246407,1362,1277,San Francisco,Michigan St,1645.0757699911858,1682.1039635977568,10,7
2022_1129_1362,0.4531211752861869,1362,1129,San Francisco,Boise St,1645.0757699911858,1750.2612402141353,10,8
2022_1272_1362,0.47309257456309756,1362,1272,San Francisco,Memphis,1645.0757699911858,1719.3329125920548,10,9
2022_1172_1362,0.5116794914007188,1362,1172,San Francisco,Davidson,1645.0757699911858,1711.4948140059207,10,10
2022_1323_1362,0.5405437283849008,1362,1323,San Francisco,Notre Dame,1645.0757699911858,1654.4294442487048,10,11
2022_1353_1362,0.5234339468812235,1362,1353,San Francisco,Rutgers,1645.0757699911858,1637.632715657693,10,11
2022_1308_1362,0.5945411394864193,1362,1308,San Francisco,New Mexico St,1645.0757699911858,1697.5374247173152,10,12
2022_1362_1436,0.554307548964327,1362,1436,San Francisco,Vermont,1645.0757699911858,1712.3801095075978,10,13
2022_1286_1362,0.6435231812928255,1362,1286,San Francisco,Montana St,1645.0757699911858,1648.907194296671,10,14
2022_1168_1362,0.7145517683885907,1362,1168,San Francisco,CS Fullerton,1645.0757699911858,1551.74735381392,10,15
2022_1209_1362,0.6544109740244537,1362,1209,San Francisco,Georgia St,1645.0757699911858,1619.491127745312,10,16
2022_1242_1362,0.23687337881987383,1362,1242,San Francisco,Kansas,1645.0757699911858,1825.6355450626606,10,1
2022_1120_1362,0.24474644307658788,1362,1120,San Francisco,Auburn,1645.0757699911858,1754.766605041748,10,2
2022_1362_1458,0.34001880215925373,1362,1458,San Francisco,Wisconsin,1645.0757699911858,1739.2398150796869,10,3
2022_1344_1362,0.3947749844802232,1362,1344,San Francisco,Providence,1645.0757699911858,1740.3699865463689,10,4
2022_1234_1362,0.37144456586615127,1362,1234,San Francisco,Iowa,1645.0757699911858,1759.7067615492522,10,5
2022_1261_1362,0.38434887149590913,1362,1261,San Francisco,LSU,1645.0757699911858,1670.076972932596,10,6
2022_1362_1425,0.44740874890058724,1362,1425,San Francisco,USC,1645.0757699911858,1747.348483989828,10,7
2022_1361_1362,0.41186663251818534,1362,1361,San Francisco,San Diego St,1645.0757699911858,1749.3509828117778,10,8
2022_1166_1362,0.49018143483645876,1362,1166,San Francisco,Creighton,1645.0757699911858,1715.2241151553408,10,9
2022_1274_1362,0.5043436497449876,1362,1274,San Francisco,Miami FL,1645.0757699911858,1659.1831151322328,10,10
2022_1235_1362,0.5398793452119119,1362,1235,San Francisco,Iowa St,1645.0757699911858,1566.918414604053,10,11
2022_1350_1362,0.5716523598462215,1362,1350,San Francisco,Richmond,1645.0757699911858,1677.745402069529,10,12
2022_1355_1362,0.5755784201267415,1362,1355,San Francisco,S Dakota St,1645.0757699911858,1741.2571993589054,10,13
2022_1159_1362,0.6290432014201219,1362,1159,San Francisco,Colgate,1645.0757699911858,1663.6000644018511,10,14
2022_1240_1362,0.699330127920947,1362,1240,San Francisco,Jacksonville St,1645.0757699911858,1569.9330015732564,10,15
2022_1362_1394,0.724665687321344,1362,1394,San Francisco,TAM C. Christi,1645.0757699911858,1446.871728434155,10,16
2022_1362_1411,0.7220902898298889,1362,1411,San Francisco,TX Southern,1645.0757699911858,1565.9975930452333,10,16
2022_1112_1362,0.23206021434729387,1362,1112,San Francisco,Arizona,1645.0757699911858,1834.2550485377794,10,1
2022_1362_1437,0.2656449453966391,1362,1437,San Francisco,Villanova,1645.0757699911858,1825.6389527604601,10,2
2022_1362_1397,0.2765543841056267,1362,1397,San Francisco,Tennessee,1645.0757699911858,1793.9138536658204,10,3
2022_1228_1362,0.3945685437930436,1362,1228,San Francisco,Illinois,1645.0757699911858,1743.4717413030744,10,4
2022_1222_1362,0.3115814008452086,1362,1222,San Francisco,Houston,1645.0757699911858,1827.554349059758,10,5
2022_1161_1362,0.3764278984929985,1362,1161,San Francisco,Colorado St,1645.0757699911858,1736.7565025348324,10,6
2022_1326_1362,0.44228157225816933,1362,1326,San Francisco,Ohio St,1645.0757699911858,1644.1052080865643,10,7
2022_1362_1371,0.45208445679844733,1362,1371,San Francisco,Seton Hall,1645.0757699911858,1679.0038735560877,10,8
2022_1362_1395,0.48186977573878725,1362,1395,San Francisco,TCU,1645.0757699911858,1631.9175900729285,10,9
2022_1260_1362,0.4627356365323068,1362,1260,San Francisco,Loyola-Chicago,1645.0757699911858,1728.610266867969,10,10
2022_1276_1362,0.5327223025893457,1362,1276,San Francisco,Michigan,1645.0757699911858,1672.715156428664,10,11
2022_1362_1412,0.5596231888562313,1362,1412,San Francisco,UAB,1645.0757699911858,1691.8971925596084,10,12
2022_1151_1362,0.5716716336849386,1362,1151,San Francisco,Chattanooga,1645.0757699911858,1692.3075267872991,10,13
2022_1255_1362,0.627362663361841,1362,1255,San Francisco,Longwood,1645.0757699911858,1608.804247555333,10,14
2022_1174_1362,0.7105383194349622,1362,1174,San Francisco,Delaware,1645.0757699911858,1572.5924542652383,10,15
2022_1136_1362,0.712203220366159,1362,1136,San Francisco,Bryant,1645.0757699911858,1600.501589692621,10,16
2022_1362_1460,0.7246326961504608,1362,1460,San Francisco,Wright St,1645.0757699911858,1583.367797473222,10,16
2022_1231_1439,0.5656863235568292,1439,1231,Virginia Tech,Indiana,1709.0007522289675,1615.9178655265448,11,12
2022_1439_1461,0.5896867745255716,1439,1461,Virginia Tech,Wyoming,1709.0007522289675,1635.2660966528765,11,12
2022_1103_1439,0.6222452293664089,1439,1103,Virginia Tech,Akron,1709.0007522289675,1664.6298900185711,11,13
2022_1439_1463,0.65805324789316,1439,1463,Virginia Tech,Yale,1709.0007522289675,1626.1665007751603,11,14
2022_1389_1439,0.6570271202061708,1439,1389,Virginia Tech,St Peter's,1709.0007522289675,1581.4461687566236,11,15
2022_1313_1439,0.7214027858637189,1439,1313,Virginia Tech,Norfolk St,1709.0007522289675,1579.87168309463,11,16
2022_1211_1439,0.1759337163331858,1439,1211,Virginia Tech,Gonzaga,1709.0007522289675,1887.134407734365,11,1
2022_1181_1439,0.2286388034290581,1439,1181,Virginia Tech,Duke,1709.0007522289675,1771.0503621480075,11,2
2022_1403_1439,0.3494624348418486,1439,1403,Virginia Tech,Texas Tech,1709.0007522289675,1736.7496725293959,11,3
2022_1116_1439,0.33486615943235554,1439,1116,Virginia Tech,Arkansas,1709.0007522289675,1757.6829916184988,11,4
2022_1163_1439,0.38443693137296153,1439,1163,Virginia Tech,Connecticut,1709.0007522289675,1716.1528193787053,11,5
2022_1104_1439,0.40645744434372466,1439,1104,Virginia Tech,Alabama,1709.0007522289675,1664.789146124711,11,6
2022_1277_1439,0.42148487487096253,1439,1277,Virginia Tech,Michigan St,1709.0007522289675,1682.1039635977568,11,7
2022_1129_1439,0.4628618193027326,1439,1129,Virginia Tech,Boise St,1709.0007522289675,1750.2612402141353,11,8
2022_1272_1439,0.4835682560175788,1439,1272,Virginia Tech,Memphis,1709.0007522289675,1719.3329125920548,11,9
2022_1172_1439,0.4989769048357721,1439,1172,Virginia Tech,Davidson,1709.0007522289675,1711.4948140059207,11,10
2022_1323_1439,0.5663067311048509,1439,1323,Virginia Tech,Notre Dame,1709.0007522289675,1654.4294442487048,11,11
2022_1353_1439,0.5416727274656297,1439,1353,Virginia Tech,Rutgers,1709.0007522289675,1637.632715657693,11,11
2022_1308_1439,0.6134752117728479,1439,1308,Virginia Tech,New Mexico St,1709.0007522289675,1697.5374247173152,11,12
2022_1436_1439,0.5745920162230602,1439,1436,Virginia Tech,Vermont,1709.0007522289675,1712.3801095075978,11,13
2022_1286_1439,0.6713462012651616,1439,1286,Virginia Tech,Montana St,1709.0007522289675,1648.907194296671,11,14
2022_1168_1439,0.6811774172518785,1439,1168,Virginia Tech,CS Fullerton,1709.0007522289675,1551.74735381392,11,15
2022_1209_1439,0.690944097127757,1439,1209,Virginia Tech,Georgia St,1709.0007522289675,1619.491127745312,11,16
2022_1242_1439,0.1982391453149668,1439,1242,Virginia Tech,Kansas,1709.0007522289675,1825.6355450626606,11,1
2022_1120_1439,0.2670005986756592,1439,1120,Virginia Tech,Auburn,1709.0007522289675,1754.766605041748,11,2
2022_1439_1458,0.37057288010285017,1439,1458,Virginia Tech,Wisconsin,1709.0007522289675,1739.2398150796869,11,3
2022_1344_1439,0.40999849962515034,1439,1344,Virginia Tech,Providence,1709.0007522289675,1740.3699865463689,11,4
2022_1234_1439,0.3404570109260888,1439,1234,Virginia Tech,Iowa,1709.0007522289675,1759.7067615492522,11,5
2022_1261_1439,0.41077469817177337,1439,1261,Virginia Tech,LSU,1709.0007522289675,1670.076972932596,11,6
2022_1425_1439,0.4710451982285446,1439,1425,Virginia Tech,USC,1709.0007522289675,1747.348483989828,11,7
2022_1361_1439,0.44739971879690377,1439,1361,Virginia Tech,San Diego St,1709.0007522289675,1749.3509828117778,11,8
2022_1166_1439,0.5250213940113914,1439,1166,Virginia Tech,Creighton,1709.0007522289675,1715.2241151553408,11,9
2022_1274_1439,0.50825846561439,1439,1274,Virginia Tech,Miami FL,1709.0007522289675,1659.1831151322328,11,10
2022_1235_1439,0.5601793587207795,1439,1235,Virginia Tech,Iowa St,1709.0007522289675,1566.918414604053,11,11
2022_1350_1439,0.562377878341604,1439,1350,Virginia Tech,Richmond,1709.0007522289675,1677.745402069529,11,12
2022_1355_1439,0.5871652584105602,1439,1355,Virginia Tech,S Dakota St,1709.0007522289675,1741.2571993589054,11,13
2022_1159_1439,0.6612734931352788,1439,1159,Virginia Tech,Colgate,1709.0007522289675,1663.6000644018511,11,14
2022_1240_1439,0.6818166174624498,1439,1240,Virginia Tech,Jacksonville St,1709.0007522289675,1569.9330015732564,11,15
2022_1394_1439,0.7170052743814801,1439,1394,Virginia Tech,TAM C. Christi,1709.0007522289675,1446.871728434155,11,16
2022_1411_1439,0.7111472404859875,1439,1411,Virginia Tech,TX Southern,1709.0007522289675,1565.9975930452333,11,16
2022_1112_1439,0.1987676224472872,1439,1112,Virginia Tech,Arizona,1709.0007522289675,1834.2550485377794,11,1
2022_1437_1439,0.23435159570639422,1439,1437,Virginia Tech,Villanova,1709.0007522289675,1825.6389527604601,11,2
2022_1397_1439,0.28320979346201536,1439,1397,Virginia Tech,Tennessee,1709.0007522289675,1793.9138536658204,11,3
2022_1228_1439,0.38563580142778553,1439,1228,Virginia Tech,Illinois,1709.0007522289675,1743.4717413030744,11,4
2022_1222_1439,0.28452381855376674,1439,1222,Virginia Tech,Houston,1709.0007522289675,1827.554349059758,11,5
2022_1161_1439,0.3974059276916174,1439,1161,Virginia Tech,Colorado St,1709.0007522289675,1736.7565025348324,11,6
2022_1326_1439,0.4438359014059967,1439,1326,Virginia Tech,Ohio St,1709.0007522289675,1644.1052080865643,11,7
2022_1371_1439,0.43639018956392495,1439,1371,Virginia Tech,Seton Hall,1709.0007522289675,1679.0038735560877,11,8
2022_1395_1439,0.5168594766825568,1439,1395,Virginia Tech,TCU,1709.0007522289675,1631.9175900729285,11,9
2022_1260_1439,0.46998975047118624,1439,1260,Virginia Tech,Loyola-Chicago,1709.0007522289675,1728.610266867969,11,10
2022_1276_1439,0.530546447634697,1439,1276,Virginia Tech,Michigan,1709.0007522289675,1672.715156428664,11,11
2022_1412_1439,0.5348638229703195,1439,1412,Virginia Tech,UAB,1709.0007522289675,1691.8971925596084,11,12
2022_1151_1439,0.5735944132834545,1439,1151,Virginia Tech,Chattanooga,1709.0007522289675,1692.3075267872991,11,13
2022_1255_1439,0.6714730697515661,1439,1255,Virginia Tech,Longwood,1709.0007522289675,1608.804247555333,11,14
2022_1174_1439,0.6605623163912828,1439,1174,Virginia Tech,Delaware,1709.0007522289675,1572.5924542652383,11,15
2022_1136_1439,0.7207963086031293,1439,1136,Virginia Tech,Bryant,1709.0007522289675,1600.501589692621,11,16
2022_1439_1460,0.7102005101106976,1439,1460,Virginia Tech,Wright St,1709.0007522289675,1583.367797473222,11,16
2022_1231_1461,0.5460466951131822,1231,1461,Indiana,Wyoming,1615.9178655265448,1635.2660966528765,12,12
2022_1103_1231,0.5515491597985513,1231,1103,Indiana,Akron,1615.9178655265448,1664.6298900185711,12,13
2022_1231_1463,0.586615927103149,1231,1463,Indiana,Yale,1615.9178655265448,1626.1665007751603,12,14
2022_1231_1389,0.5647475111129934,1231,1389,Indiana,St Peter's,1615.9178655265448,1581.4461687566236,12,15
2022_1231_1313,0.673749233100229,1231,1313,Indiana,Norfolk St,1615.9178655265448,1579.87168309463,12,16
2022_1211_1231,0.14548837293843433,1231,1211,Indiana,Gonzaga,1615.9178655265448,1887.134407734365,12,1
2022_1181_1231,0.19040577623871482,1231,1181,Indiana,Duke,1615.9178655265448,1771.0503621480075,12,2
2022_1231_1403,0.24441268093054583,1231,1403,Indiana,Texas Tech,1615.9178655265448,1736.7496725293959,12,3
2022_1116_1231,0.29525922258064863,1231,1116,Indiana,Arkansas,1615.9178655265448,1757.6829916184988,12,4
2022_1163_1231,0.29168887513202824,1231,1163,Indiana,Connecticut,1615.9178655265448,1716.1528193787053,12,5
2022_1104_1231,0.3398771992934556,1231,1104,Indiana,Alabama,1615.9178655265448,1664.789146124711,12,6
2022_1231_1277,0.35537734410540145,1231,1277,Indiana,Michigan St,1615.9178655265448,1682.1039635977568,12,7
2022_1129_1231,0.4058023414875931,1231,1129,Indiana,Boise St,1615.9178655265448,1750.2612402141353,12,8
2022_1231_1272,0.4194271397945234,1231,1272,Indiana,Memphis,1615.9178655265448,1719.3329125920548,12,9
2022_1172_1231,0.4320337597698104,1231,1172,Indiana,Davidson,1615.9178655265448,1711.4948140059207,12,10
2022_1231_1323,0.500143174018931,1231,1323,Indiana,Notre Dame,1615.9178655265448,1654.4294442487048,12,11
2022_1231_1353,0.470502380218577,1231,1353,Indiana,Rutgers,1615.9178655265448,1637.632715657693,12,11
2022_1231_1308,0.557683026790619,1231,1308,Indiana,New Mexico St,1615.9178655265448,1697.5374247173152,12,12
2022_1231_1436,0.48932126245253155,1231,1436,Indiana,Vermont,1615.9178655265448,1712.3801095075978,12,13
2022_1231_1286,0.6230400275021664,1231,1286,Indiana,Montana St,1615.9178655265448,1648.907194296671,12,14
2022_1168_1231,0.6422100650909597,1231,1168,Indiana,CS Fullerton,1615.9178655265448,1551.74735381392,12,15
2022_1209_1231,0.6413953997824724,1231,1209,Indiana,Georgia St,1615.9178655265448,1619.491127745312,12,16
2022_1231_1242,0.18280948226312801,1231,1242,Indiana,Kansas,1615.9178655265448,1825.6355450626606,12,1
2022_1120_1231,0.20135917652276672,1231,1120,Indiana,Auburn,1615.9178655265448,1754.766605041748,12,2
2022_1231_1458,0.2673749754494934,1231,1458,Indiana,Wisconsin,1615.9178655265448,1739.2398150796869,12,3
2022_1231_1344,0.3605465294854414,1231,1344,Indiana,Providence,1615.9178655265448,1740.3699865463689,12,4
2022_1231_1234,0.2960085951022545,1231,1234,Indiana,Iowa,1615.9178655265448,1759.7067615492522,12,5
2022_1231_1261,0.3094354531777711,1231,1261,Indiana,LSU,1615.9178655265448,1670.076972932596,12,6
2022_1231_1425,0.41918668678776305,1231,1425,Indiana,USC,1615.9178655265448,1747.348483989828,12,7
2022_1231_1361,0.35844733783263627,1231,1361,Indiana,San Diego St,1615.9178655265448,1749.3509828117778,12,8
2022_1166_1231,0.45113941851824013,1231,1166,Indiana,Creighton,1615.9178655265448,1715.2241151553408,12,9
2022_1231_1274,0.45217423629464026,1231,1274,Indiana,Miami FL,1615.9178655265448,1659.1831151322328,12,10
2022_1231_1235,0.4698568917179819,1231,1235,Indiana,Iowa St,1615.9178655265448,1566.918414604053,12,11
2022_1231_1350,0.4988707065582277,1231,1350,Indiana,Richmond,1615.9178655265448,1677.745402069529,12,12
2022_1231_1355,0.49860083392613,1231,1355,Indiana,S Dakota St,1615.9178655265448,1741.2571993589054,12,13
2022_1159_1231,0.5523802261382214,1231,1159,Indiana,Colgate,1615.9178655265448,1663.6000644018511,12,14
2022_1231_1240,0.6334006625059301,1231,1240,Indiana,Jacksonville St,1615.9178655265448,1569.9330015732564,12,15
2022_1231_1394,0.6847854652140672,1231,1394,Indiana,TAM C. Christi,1615.9178655265448,1446.871728434155,12,16
2022_1231_1411,0.6590912290547426,1231,1411,Indiana,TX Southern,1615.9178655265448,1565.9975930452333,12,16
2022_1112_1231,0.16732588683227703,1231,1112,Indiana,Arizona,1615.9178655265448,1834.2550485377794,12,1
2022_1231_1437,0.1973391114535681,1231,1437,Indiana,Villanova,1615.9178655265448,1825.6389527604601,12,2
2022_1231_1397,0.22421652621691515,1231,1397,Indiana,Tennessee,1615.9178655265448,1793.9138536658204,12,3
2022_1228_1231,0.3261799069182646,1231,1228,Indiana,Illinois,1615.9178655265448,1743.4717413030744,12,4
2022_1222_1231,0.2498573929302136,1231,1222,Indiana,Houston,1615.9178655265448,1827.554349059758,12,5
2022_1161_1231,0.3047042599929185,1231,1161,Indiana,Colorado St,1615.9178655265448,1736.7565025348324,12,6
2022_1231_1326,0.40307975343243163,1231,1326,Indiana,Ohio St,1615.9178655265448,1644.1052080865643,12,7
2022_1231_1371,0.3542898989583916,1231,1371,Indiana,Seton Hall,1615.9178655265448,1679.0038735560877,12,8
2022_1231_1395,0.45051546219557015,1231,1395,Indiana,TCU,1615.9178655265448,1631.9175900729285,12,9
2022_1231_1260,0.38130828481615897,1231,1260,Indiana,Loyola-Chicago,1615.9178655265448,1728.610266867969,12,10
2022_1231_1276,0.47696029016025027,1231,1276,Indiana,Michigan,1615.9178655265448,1672.715156428664,12,11
2022_1231_1412,0.45430759936571136,1231,1412,Indiana,UAB,1615.9178655265448,1691.8971925596084,12,12
2022_1151_1231,0.48173545381777355,1231,1151,Indiana,Chattanooga,1615.9178655265448,1692.3075267872991,12,13
2022_1231_1255,0.5998258959084621,1231,1255,Indiana,Longwood,1615.9178655265448,1608.804247555333,12,14
2022_1174_1231,0.6192463177087957,1231,1174,Indiana,Delaware,1615.9178655265448,1572.5924542652383,12,15
2022_1136_1231,0.6615676679347093,1231,1136,Indiana,Bryant,1615.9178655265448,1600.501589692621,12,16
2022_1231_1460,0.6589766689274843,1231,1460,Indiana,Wright St,1615.9178655265448,1583.367797473222,12,16
2022_1103_1461,0.47594555548183987,1461,1103,Wyoming,Akron,1635.2660966528765,1664.6298900185711,12,13
2022_1461_1463,0.5168919186621777,1461,1463,Wyoming,Yale,1635.2660966528765,1626.1665007751603,12,14
2022_1389_1461,0.5508472013118917,1461,1389,Wyoming,St Peter's,1635.2660966528765,1581.4461687566236,12,15
2022_1313_1461,0.6417894907925661,1461,1313,Wyoming,Norfolk St,1635.2660966528765,1579.87168309463,12,16
2022_1211_1461,0.15175316755632565,1461,1211,Wyoming,Gonzaga,1635.2660966528765,1887.134407734365,12,1
2022_1181_1461,0.1829711696865908,1461,1181,Wyoming,Duke,1635.2660966528765,1771.0503621480075,12,2
2022_1403_1461,0.22188750824992945,1461,1403,Wyoming,Texas Tech,1635.2660966528765,1736.7496725293959,12,3
2022_1116_1461,0.2547304706709158,1461,1116,Wyoming,Arkansas,1635.2660966528765,1757.6829916184988,12,4
2022_1163_1461,0.27258770989698566,1461,1163,Wyoming,Connecticut,1635.2660966528765,1716.1528193787053,12,5
2022_1104_1461,0.32054250306018306,1461,1104,Wyoming,Alabama,1635.2660966528765,1664.789146124711,12,6
2022_1277_1461,0.3206569679714827,1461,1277,Wyoming,Michigan St,1635.2660966528765,1682.1039635977568,12,7
2022_1129_1461,0.3491040415431923,1461,1129,Wyoming,Boise St,1635.2660966528765,1750.2612402141353,12,8
2022_1272_1461,0.41000705037086693,1461,1272,Wyoming,Memphis,1635.2660966528765,1719.3329125920548,12,9
2022_1172_1461,0.41070785861910697,1461,1172,Wyoming,Davidson,1635.2660966528765,1711.4948140059207,12,10
2022_1323_1461,0.43521451571233233,1461,1323,Wyoming,Notre Dame,1635.2660966528765,1654.4294442487048,12,11
2022_1353_1461,0.40860261389262637,1461,1353,Wyoming,Rutgers,1635.2660966528765,1637.632715657693,12,11
2022_1308_1461,0.5200194627046586,1461,1308,Wyoming,New Mexico St,1635.2660966528765,1697.5374247173152,12,12
2022_1436_1461,0.4567486800884492,1461,1436,Wyoming,Vermont,1635.2660966528765,1712.3801095075978,12,13
2022_1286_1461,0.5517625283032528,1461,1286,Wyoming,Montana St,1635.2660966528765,1648.907194296671,12,14
2022_1168_1461,0.529930158222025,1461,1168,Wyoming,CS Fullerton,1635.2660966528765,1551.74735381392,12,15
2022_1209_1461,0.5564685263369615,1461,1209,Wyoming,Georgia St,1635.2660966528765,1619.491127745312,12,16
2022_1242_1461,0.15453002502183125,1461,1242,Wyoming,Kansas,1635.2660966528765,1825.6355450626606,12,1
2022_1120_1461,0.1938485181691996,1461,1120,Wyoming,Auburn,1635.2660966528765,1754.766605041748,12,2
2022_1458_1461,0.22981703824465563,1461,1458,Wyoming,Wisconsin,1635.2660966528765,1739.2398150796869,12,3
2022_1344_1461,0.29924219865963575,1461,1344,Wyoming,Providence,1635.2660966528765,1740.3699865463689,12,4
2022_1234_1461,0.27559343802255787,1461,1234,Wyoming,Iowa,1635.2660966528765,1759.7067615492522,12,5
2022_1261_1461,0.3247703424704881,1461,1261,Wyoming,LSU,1635.2660966528765,1670.076972932596,12,6
2022_1425_1461,0.35898008725420516,1461,1425,Wyoming,USC,1635.2660966528765,1747.348483989828,12,7
2022_1361_1461,0.32489380830187264,1461,1361,Wyoming,San Diego St,1635.2660966528765,1749.3509828117778,12,8
2022_1166_1461,0.4051988777872869,1461,1166,Wyoming,Creighton,1635.2660966528765,1715.2241151553408,12,9
2022_1274_1461,0.4296466533512008,1461,1274,Wyoming,Miami FL,1635.2660966528765,1659.1831151322328,12,10
2022_1235_1461,0.42905816056973894,1461,1235,Wyoming,Iowa St,1635.2660966528765,1566.918414604053,12,11
2022_1350_1461,0.46501202732324615,1461,1350,Wyoming,Richmond,1635.2660966528765,1677.745402069529,12,12
2022_1355_1461,0.48465056053154537,1461,1355,Wyoming,S Dakota St,1635.2660966528765,1741.2571993589054,12,13
2022_1159_1461,0.5504787634640804,1461,1159,Wyoming,Colgate,1635.2660966528765,1663.6000644018511,12,14
2022_1240_1461,0.5665411936882192,1461,1240,Wyoming,Jacksonville St,1635.2660966528765,1569.9330015732564,12,15
2022_1394_1461,0.6312597938511904,1461,1394,Wyoming,TAM C. Christi,1635.2660966528765,1446.871728434155,12,16
2022_1411_1461,0.6221551247571047,1461,1411,Wyoming,TX Southern,1635.2660966528765,1565.9975930452333,12,16
2022_1112_1461,0.15775592897991345,1461,1112,Wyoming,Arizona,1635.2660966528765,1834.2550485377794,12,1
2022_1437_1461,0.18052256990102447,1461,1437,Wyoming,Villanova,1635.2660966528765,1825.6389527604601,12,2
2022_1397_1461,0.20883561841314127,1461,1397,Wyoming,Tennessee,1635.2660966528765,1793.9138536658204,12,3
2022_1228_1461,0.28541415203974363,1461,1228,Wyoming,Illinois,1635.2660966528765,1743.4717413030744,12,4
2022_1222_1461,0.25160685630959667,1461,1222,Wyoming,Houston,1635.2660966528765,1827.554349059758,12,5
2022_1161_1461,0.2936915717137666,1461,1161,Wyoming,Colorado St,1635.2660966528765,1736.7565025348324,12,6
2022_1326_1461,0.35331986627356093,1461,1326,Wyoming,Ohio St,1635.2660966528765,1644.1052080865643,12,7
2022_1371_1461,0.33518940427560273,1461,1371,Wyoming,Seton Hall,1635.2660966528765,1679.0038735560877,12,8
2022_1395_1461,0.39525320205658165,1461,1395,Wyoming,TCU,1635.2660966528765,1631.9175900729285,12,9
2022_1260_1461,0.3829486567944419,1461,1260,Wyoming,Loyola-Chicago,1635.2660966528765,1728.610266867969,12,10
2022_1276_1461,0.40246451267249544,1461,1276,Wyoming,Michigan,1635.2660966528765,1672.715156428664,12,11
2022_1412_1461,0.44464203566312804,1461,1412,Wyoming,UAB,1635.2660966528765,1691.8971925596084,12,12
2022_1151_1461,0.4457734756802804,1461,1151,Wyoming,Chattanooga,1635.2660966528765,1692.3075267872991,12,13
2022_1255_1461,0.5527101527482143,1461,1255,Wyoming,Longwood,1635.2660966528765,1608.804247555333,12,14
2022_1174_1461,0.5479248898866826,1461,1174,Wyoming,Delaware,1635.2660966528765,1572.5924542652383,12,15
2022_1136_1461,0.5933359660838182,1461,1136,Wyoming,Bryant,1635.2660966528765,1600.501589692621,12,16
2022_1460_1461,0.5804433026049669,1461,1460,Wyoming,Wright St,1635.2660966528765,1583.367797473222,12,16
2022_1103_1463,0.5473527692889459,1103,1463,Akron,Yale,1664.6298900185711,1626.1665007751603,13,14
2022_1103_1389,0.5757980417042843,1103,1389,Akron,St Peter's,1664.6298900185711,1581.4461687566236,13,15
2022_1103_1313,0.6565770196560079,1103,1313,Akron,Norfolk St,1664.6298900185711,1579.87168309463,13,16
2022_1103_1211,0.1081584356394367,1103,1211,Akron,Gonzaga,1664.6298900185711,1887.134407734365,13,1
2022_1103_1181,0.13904593226472542,1103,1181,Akron,Duke,1664.6298900185711,1771.0503621480075,13,2
2022_1103_1403,0.17671875048307098,1103,1403,Akron,Texas Tech,1664.6298900185711,1736.7496725293959,13,3
2022_1103_1116,0.20577850363319208,1103,1116,Akron,Arkansas,1664.6298900185711,1757.6829916184988,13,4
2022_1103_1163,0.21780943517253515,1103,1163,Akron,Connecticut,1664.6298900185711,1716.1528193787053,13,5
2022_1103_1104,0.2790592693023125,1103,1104,Akron,Alabama,1664.6298900185711,1664.789146124711,13,6
2022_1103_1277,0.3105975574863763,1103,1277,Akron,Michigan St,1664.6298900185711,1682.1039635977568,13,7
2022_1103_1129,0.3173210226632742,1103,1129,Akron,Boise St,1664.6298900185711,1750.2612402141353,13,8
2022_1103_1272,0.3472022584940857,1103,1272,Akron,Memphis,1664.6298900185711,1719.3329125920548,13,9
2022_1103_1172,0.387836536502535,1103,1172,Akron,Davidson,1664.6298900185711,1711.4948140059207,13,10
2022_1103_1323,0.42433402430714484,1103,1323,Akron,Notre Dame,1664.6298900185711,1654.4294442487048,13,11
2022_1103_1353,0.42339164507092353,1103,1353,Akron,Rutgers,1664.6298900185711,1637.632715657693,13,11
2022_1103_1308,0.5136672742033717,1103,1308,Akron,New Mexico St,1664.6298900185711,1697.5374247173152,13,12
2022_1103_1436,0.4368460834026338,1103,1436,Akron,Vermont,1664.6298900185711,1712.3801095075978,13,13
2022_1103_1286,0.5514765762423761,1103,1286,Akron,Montana St,1664.6298900185711,1648.907194296671,13,14
2022_1103_1168,0.5819303314715496,1103,1168,Akron,CS Fullerton,1664.6298900185711,1551.74735381392,13,15
2022_1103_1209,0.575635491574114,1103,1209,Akron,Georgia St,1664.6298900185711,1619.491127745312,13,16
2022_1103_1242,0.11239862811237142,1103,1242,Akron,Kansas,1664.6298900185711,1825.6355450626606,13,1
2022_1103_1120,0.14707176473895714,1103,1120,Akron,Auburn,1664.6298900185711,1754.766605041748,13,2
2022_1103_1458,0.21202474597719825,1103,1458,Akron,Wisconsin,1664.6298900185711,1739.2398150796869,13,3
2022_1103_1344,0.24988118357127,1103,1344,Akron,Providence,1664.6298900185711,1740.3699865463689,13,4
2022_1103_1234,0.2147845348404419,1103,1234,Akron,Iowa,1664.6298900185711,1759.7067615492522,13,5
2022_1103_1261,0.2973231308392922,1103,1261,Akron,LSU,1664.6298900185711,1670.076972932596,13,6
2022_1103_1425,0.3345592058313699,1103,1425,Akron,USC,1664.6298900185711,1747.348483989828,13,7
2022_1103_1361,0.31619394353405517,1103,1361,Akron,San Diego St,1664.6298900185711,1749.3509828117778,13,8
2022_1103_1166,0.36522231468219224,1103,1166,Akron,Creighton,1664.6298900185711,1715.2241151553408,13,9
2022_1103_1274,0.4008232784625837,1103,1274,Akron,Miami FL,1664.6298900185711,1659.1831151322328,13,10
2022_1103_1235,0.4653403658837211,1103,1235,Akron,Iowa St,1664.6298900185711,1566.918414604053,13,11
2022_1103_1350,0.45081691065080126,1103,1350,Akron,Richmond,1664.6298900185711,1677.745402069529,13,12
2022_1103_1355,0.45776676237583175,1103,1355,Akron,S Dakota St,1664.6298900185711,1741.2571993589054,13,13
2022_1103_1159,0.5465602957343347,1103,1159,Akron,Colgate,1664.6298900185711,1663.6000644018511,13,14
2022_1103_1240,0.5662309448748699,1103,1240,Akron,Jacksonville St,1664.6298900185711,1569.9330015732564,13,15
2022_1103_1394,0.6504525828006917,1103,1394,Akron,TAM C. Christi,1664.6298900185711,1446.871728434155,13,16
2022_1103_1411,0.6173821377399618,1103,1411,Akron,TX Southern,1664.6298900185711,1565.9975930452333,13,16
2022_1103_1112,0.11680780161588952,1103,1112,Akron,Arizona,1664.6298900185711,1834.2550485377794,13,1
2022_1103_1437,0.1359211718008916,1103,1437,Akron,Villanova,1664.6298900185711,1825.6389527604601,13,2
2022_1103_1397,0.1781060634913794,1103,1397,Akron,Tennessee,1664.6298900185711,1793.9138536658204,13,3
2022_1103_1228,0.2282697016662865,1103,1228,Akron,Illinois,1664.6298900185711,1743.4717413030744,13,4
2022_1103_1222,0.2118936127112877,1103,1222,Akron,Houston,1664.6298900185711,1827.554349059758,13,5
2022_1103_1161,0.24963983597678344,1103,1161,Akron,Colorado St,1664.6298900185711,1736.7565025348324,13,6
2022_1103_1326,0.3212236574900956,1103,1326,Akron,Ohio St,1664.6298900185711,1644.1052080865643,13,7
2022_1103_1371,0.33246060988680404,1103,1371,Akron,Seton Hall,1664.6298900185711,1679.0038735560877,13,8
2022_1103_1395,0.36287337758798066,1103,1395,Akron,TCU,1664.6298900185711,1631.9175900729285,13,9
2022_1103_1260,0.3375930507835695,1103,1260,Akron,Loyola-Chicago,1664.6298900185711,1728.610266867969,13,10
2022_1103_1276,0.4052192617625129,1103,1276,Akron,Michigan,1664.6298900185711,1672.715156428664,13,11
2022_1103_1412,0.4412473104263063,1103,1412,Akron,UAB,1664.6298900185711,1691.8971925596084,13,12
2022_1103_1151,0.48725274801254287,1103,1151,Akron,Chattanooga,1664.6298900185711,1692.3075267872991,13,13
2022_1103_1255,0.5629566245412119,1103,1255,Akron,Longwood,1664.6298900185711,1608.804247555333,13,14
2022_1103_1174,0.5689944099217525,1103,1174,Akron,Delaware,1664.6298900185711,1572.5924542652383,13,15
2022_1103_1136,0.6246054160240346,1103,1136,Akron,Bryant,1664.6298900185711,1600.501589692621,13,16
2022_1103_1460,0.5995525705459768,1103,1460,Akron,Wright St,1664.6298900185711,1583.367797473222,13,16
2022_1389_1463,0.5277971856927164,1463,1389,Yale,St Peter's,1626.1665007751603,1581.4461687566236,14,15
2022_1313_1463,0.6242260854273907,1463,1313,Yale,Norfolk St,1626.1665007751603,1579.87168309463,14,16
2022_1211_1463,0.08800509419603345,1463,1211,Yale,Gonzaga,1626.1665007751603,1887.134407734365,14,1
2022_1181_1463,0.1203980277892904,1463,1181,Yale,Duke,1626.1665007751603,1771.0503621480075,14,2
2022_1403_1463,0.16804923390010998,1463,1403,Yale,Texas Tech,1626.1665007751603,1736.7496725293959,14,3
2022_1116_1463,0.1871433495345465,1463,1116,Yale,Arkansas,1626.1665007751603,1757.6829916184988,14,4
2022_1163_1463,0.205689808196476,1463,1163,Yale,Connecticut,1626.1665007751603,1716.1528193787053,14,5
2022_1104_1463,0.2546794490949881,1463,1104,Yale,Alabama,1626.1665007751603,1664.789146124711,14,6
2022_1277_1463,0.25046662690562405,1463,1277,Yale,Michigan St,1626.1665007751603,1682.1039635977568,14,7
2022_1129_1463,0.3044366798413606,1463,1129,Yale,Boise St,1626.1665007751603,1750.2612402141353,14,8
2022_1272_1463,0.31994668922201674,1463,1272,Yale,Memphis,1626.1665007751603,1719.3329125920548,14,9
2022_1172_1463,0.35323035189170304,1463,1172,Yale,Davidson,1626.1665007751603,1711.4948140059207,14,10
2022_1323_1463,0.39307967398136345,1463,1323,Yale,Notre Dame,1626.1665007751603,1654.4294442487048,14,11
2022_1353_1463,0.3686289918777296,1463,1353,Yale,Rutgers,1626.1665007751603,1637.632715657693,14,11
2022_1308_1463,0.45226483535469886,1463,1308,Yale,New Mexico St,1626.1665007751603,1697.5374247173152,14,12
2022_1436_1463,0.3872232995296236,1463,1436,Yale,Vermont,1626.1665007751603,1712.3801095075978,14,13
2022_1286_1463,0.5024329781532288,1463,1286,Yale,Montana St,1626.1665007751603,1648.907194296671,14,14
2022_1168_1463,0.5533473574256189,1463,1168,Yale,CS Fullerton,1626.1665007751603,1551.74735381392,14,15
2022_1209_1463,0.49720417666731986,1463,1209,Yale,Georgia St,1626.1665007751603,1619.491127745312,14,16
2022_1242_1463,0.08629561063213345,1463,1242,Yale,Kansas,1626.1665007751603,1825.6355450626606,14,1
2022_1120_1463,0.12341835905283258,1463,1120,Yale,Auburn,1626.1665007751603,1754.766605041748,14,2
2022_1458_1463,0.18391403828720257,1463,1458,Yale,Wisconsin,1626.1665007751603,1739.2398150796869,14,3
2022_1344_1463,0.24933202329901374,1463,1344,Yale,Providence,1626.1665007751603,1740.3699865463689,14,4
2022_1234_1463,0.21360545775955012,1463,1234,Yale,Iowa,1626.1665007751603,1759.7067615492522,14,5
2022_1261_1463,0.24254385773704168,1463,1261,Yale,LSU,1626.1665007751603,1670.076972932596,14,6
2022_1425_1463,0.31526173728031315,1463,1425,Yale,USC,1626.1665007751603,1747.348483989828,14,7
2022_1361_1463,0.28336092075832797,1463,1361,Yale,San Diego St,1626.1665007751603,1749.3509828117778,14,8
2022_1166_1463,0.358363343093553,1463,1166,Yale,Creighton,1626.1665007751603,1715.2241151553408,14,9
2022_1274_1463,0.38144093224067155,1463,1274,Yale,Miami FL,1626.1665007751603,1659.1831151322328,14,10
2022_1235_1463,0.4098365661856481,1463,1235,Yale,Iowa St,1626.1665007751603,1566.918414604053,14,11
2022_1350_1463,0.39507537823618766,1463,1350,Yale,Richmond,1626.1665007751603,1677.745402069529,14,12
2022_1355_1463,0.4286974407101389,1463,1355,Yale,S Dakota St,1626.1665007751603,1741.2571993589054,14,13
2022_1159_1463,0.46383321136236205,1463,1159,Yale,Colgate,1626.1665007751603,1663.6000644018511,14,14
2022_1240_1463,0.5333453350400217,1463,1240,Yale,Jacksonville St,1626.1665007751603,1569.9330015732564,14,15
2022_1394_1463,0.631101406696426,1463,1394,Yale,TAM C. Christi,1626.1665007751603,1446.871728434155,14,16
2022_1411_1463,0.6231618891984096,1463,1411,Yale,TX Southern,1626.1665007751603,1565.9975930452333,14,16
2022_1112_1463,0.09283153187794682,1463,1112,Yale,Arizona,1626.1665007751603,1834.2550485377794,14,1
2022_1437_1463,0.11753601950078771,1463,1437,Yale,Villanova,1626.1665007751603,1825.6389527604601,14,2
2022_1397_1463,0.146798190595309,1463,1397,Yale,Tennessee,1626.1665007751603,1793.9138536658204,14,3
2022_1228_1463,0.21389509502676643,1463,1228,Yale,Illinois,1626.1665007751603,1743.4717413030744,14,4
2022_1222_1463,0.190200820407918,1463,1222,Yale,Houston,1626.1665007751603,1827.554349059758,14,5
2022_1161_1463,0.22603712250158903,1463,1161,Yale,Colorado St,1626.1665007751603,1736.7565025348324,14,6
2022_1326_1463,0.3411323361329476,1463,1326,Yale,Ohio St,1626.1665007751603,1644.1052080865643,14,7
2022_1371_1463,0.2828784472359033,1463,1371,Yale,Seton Hall,1626.1665007751603,1679.0038735560877,14,8
2022_1395_1463,0.33975668034330886,1463,1395,Yale,TCU,1626.1665007751603,1631.9175900729285,14,9
2022_1260_1463,0.3122693769003815,1463,1260,Yale,Loyola-Chicago,1626.1665007751603,1728.610266867969,14,10
2022_1276_1463,0.35132196370332924,1463,1276,Yale,Michigan,1626.1665007751603,1672.715156428664,14,11
2022_1412_1463,0.36145718511642333,1463,1412,Yale,UAB,1626.1665007751603,1691.8971925596084,14,12
2022_1151_1463,0.3894725702071901,1463,1151,Yale,Chattanooga,1626.1665007751603,1692.3075267872991,14,13
2022_1255_1463,0.5069384634494782,1463,1255,Yale,Longwood,1626.1665007751603,1608.804247555333,14,14
2022_1174_1463,0.5545744680499323,1463,1174,Yale,Delaware,1626.1665007751603,1572.5924542652383,14,15
2022_1136_1463,0.5581858228474728,1463,1136,Yale,Bryant,1626.1665007751603,1600.501589692621,14,16
2022_1460_1463,0.53722926187812,1463,1460,Yale,Wright St,1626.1665007751603,1583.367797473222,14,16
2022_1313_1389,0.5904321604108103,1389,1313,St Peter's,Norfolk St,1581.4461687566236,1579.87168309463,15,16
2022_1211_1389,0.06641169256218185,1389,1211,St Peter's,Gonzaga,1581.4461687566236,1887.134407734365,15,1
2022_1181_1389,0.0998680650846481,1389,1181,St Peter's,Duke,1581.4461687566236,1771.0503621480075,15,2
2022_1389_1403,0.13742891136973664,1389,1403,St Peter's,Texas Tech,1581.4461687566236,1736.7496725293959,15,3
2022_1116_1389,0.17889377002576992,1389,1116,St Peter's,Arkansas,1581.4461687566236,1757.6829916184988,15,4
2022_1163_1389,0.1829946762683741,1389,1163,St Peter's,Connecticut,1581.4461687566236,1716.1528193787053,15,5
2022_1104_1389,0.21105310863917162,1389,1104,St Peter's,Alabama,1581.4461687566236,1664.789146124711,15,6
2022_1277_1389,0.2381448933915865,1389,1277,St Peter's,Michigan St,1581.4461687566236,1682.1039635977568,15,7
2022_1129_1389,0.2870760046176354,1389,1129,St Peter's,Boise St,1581.4461687566236,1750.2612402141353,15,8
2022_1272_1389,0.3042619860781045,1389,1272,St Peter's,Memphis,1581.4461687566236,1719.3329125920548,15,9
2022_1172_1389,0.3136364497877745,1389,1172,St Peter's,Davidson,1581.4461687566236,1711.4948140059207,15,10
2022_1323_1389,0.35673570850152436,1389,1323,St Peter's,Notre Dame,1581.4461687566236,1654.4294442487048,15,11
2022_1353_1389,0.3480136267210907,1389,1353,St Peter's,Rutgers,1581.4461687566236,1637.632715657693,15,11
2022_1308_1389,0.4347816390153715,1389,1308,St Peter's,New Mexico St,1581.4461687566236,1697.5374247173152,15,12
2022_1389_1436,0.3588726792901885,1389,1436,St Peter's,Vermont,1581.4461687566236,1712.3801095075978,15,13
2022_1286_1389,0.46086153754241427,1389,1286,St Peter's,Montana St,1581.4461687566236,1648.907194296671,15,14
2022_1168_1389,0.49491684734821334,1389,1168,St Peter's,CS Fullerton,1581.4461687566236,1551.74735381392,15,15
2022_1209_1389,0.5229675703381784,1389,1209,St Peter's,Georgia St,1581.4461687566236,1619.491127745312,15,16
2022_1242_1389,0.06242002910621871,1389,1242,St Peter's,Kansas,1581.4461687566236,1825.6355450626606,15,1
2022_1120_1389,0.09504814293546673,1389,1120,St Peter's,Auburn,1581.4461687566236,1754.766605041748,15,2
2022_1389_1458,0.15120752338736818,1389,1458,St Peter's,Wisconsin,1581.4461687566236,1739.2398150796869,15,3
2022_1344_1389,0.22270936791757748,1389,1344,St Peter's,Providence,1581.4461687566236,1740.3699865463689,15,4
2022_1234_1389,0.19203447688249267,1389,1234,St Peter's,Iowa,1581.4461687566236,1759.7067615492522,15,5
2022_1261_1389,0.22907916999523928,1389,1261,St Peter's,LSU,1581.4461687566236,1670.076972932596,15,6
2022_1389_1425,0.2929409669773352,1389,1425,St Peter's,USC,1581.4461687566236,1747.348483989828,15,7
2022_1361_1389,0.25874555560273327,1389,1361,St Peter's,San Diego St,1581.4461687566236,1749.3509828117778,15,8
2022_1166_1389,0.3561466745150895,1389,1166,St Peter's,Creighton,1581.4461687566236,1715.2241151553408,15,9
2022_1274_1389,0.32058540514484923,1389,1274,St Peter's,Miami FL,1581.4461687566236,1659.1831151322328,15,10
2022_1235_1389,0.38600787737626496,1389,1235,St Peter's,Iowa St,1581.4461687566236,1566.918414604053,15,11
2022_1350_1389,0.37071007314890114,1389,1350,St Peter's,Richmond,1581.4461687566236,1677.745402069529,15,12
2022_1355_1389,0.41594031941594,1389,1355,St Peter's,S Dakota St,1581.4461687566236,1741.2571993589054,15,13
2022_1159_1389,0.4308464191222902,1389,1159,St Peter's,Colgate,1581.4461687566236,1663.6000644018511,15,14
2022_1240_1389,0.47993757426738753,1389,1240,St Peter's,Jacksonville St,1581.4461687566236,1569.9330015732564,15,15
2022_1389_1394,0.6057721160983331,1389,1394,St Peter's,TAM C. Christi,1581.4461687566236,1446.871728434155,15,16
2022_1389_1411,0.5758054637049921,1389,1411,St Peter's,TX Southern,1581.4461687566236,1565.9975930452333,15,16
2022_1112_1389,0.06740951715656032,1389,1112,St Peter's,Arizona,1581.4461687566236,1834.2550485377794,15,1
2022_1389_1437,0.09761609543426034,1389,1437,St Peter's,Villanova,1581.4461687566236,1825.6389527604601,15,2
2022_1389_1397,0.12053855132728383,1389,1397,St Peter's,Tennessee,1581.4461687566236,1793.9138536658204,15,3
2022_1228_1389,0.18494031106094524,1389,1228,St Peter's,Illinois,1581.4461687566236,1743.4717413030744,15,4
2022_1222_1389,0.16298357162502922,1389,1222,St Peter's,Houston,1581.4461687566236,1827.554349059758,15,5
2022_1161_1389,0.2130936922795086,1389,1161,St Peter's,Colorado St,1581.4461687566236,1736.7565025348324,15,6
2022_1326_1389,0.296908274485327,1389,1326,St Peter's,Ohio St,1581.4461687566236,1644.1052080865643,15,7
2022_1371_1389,0.2594945661954323,1389,1371,St Peter's,Seton Hall,1581.4461687566236,1679.0038735560877,15,8
2022_1389_1395,0.3116137943280549,1389,1395,St Peter's,TCU,1581.4461687566236,1631.9175900729285,15,9
2022_1260_1389,0.2968944587446837,1389,1260,St Peter's,Loyola-Chicago,1581.4461687566236,1728.610266867969,15,10
2022_1276_1389,0.326505502995438,1389,1276,St Peter's,Michigan,1581.4461687566236,1672.715156428664,15,11
2022_1389_1412,0.3420763892289945,1389,1412,St Peter's,UAB,1581.4461687566236,1691.8971925596084,15,12
2022_1151_1389,0.3752943773239982,1389,1151,St Peter's,Chattanooga,1581.4461687566236,1692.3075267872991,15,13
2022_1255_1389,0.4976007825995203,1389,1255,St Peter's,Longwood,1581.4461687566236,1608.804247555333,15,14
2022_1174_1389,0.5009804725646974,1389,1174,St Peter's,Delaware,1581.4461687566236,1572.5924542652383,15,15
2022_1136_1389,0.5551697843407877,1389,1136,St Peter's,Bryant,1581.4461687566236,1600.501589692621,15,16
2022_1389_1460,0.5312114440535791,1389,1460,St Peter's,Wright St,1581.4461687566236,1583.367797473222,15,16
2022_1211_1313,0.029862518347799776,1313,1211,Norfolk St,Gonzaga,1579.87168309463,1887.134407734365,16,1
2022_1181_1313,0.05816468401499499,1313,1181,Norfolk St,Duke,1579.87168309463,1771.0503621480075,16,2
2022_1313_1403,0.09727771614058014,1313,1403,Norfolk St,Texas Tech,1579.87168309463,1736.7496725293959,16,3
2022_1116_1313,0.12211135399013326,1313,1116,Norfolk St,Arkansas,1579.87168309463,1757.6829916184988,16,4
2022_1163_1313,0.13880183075527355,1313,1163,Norfolk St,Connecticut,1579.87168309463,1716.1528193787053,16,5
2022_1104_1313,0.17180890355137504,1313,1104,Norfolk St,Alabama,1579.87168309463,1664.789146124711,16,6
2022_1277_1313,0.19724556601708224,1313,1277,Norfolk St,Michigan St,1579.87168309463,1682.1039635977568,16,7
2022_1129_1313,0.22552435119316694,1313,1129,Norfolk St,Boise St,1579.87168309463,1750.2612402141353,16,8
2022_1272_1313,0.2575811900429169,1313,1272,Norfolk St,Memphis,1579.87168309463,1719.3329125920548,16,9
2022_1172_1313,0.26628788551815463,1313,1172,Norfolk St,Davidson,1579.87168309463,1711.4948140059207,16,10
2022_1313_1323,0.29630088588968795,1313,1323,Norfolk St,Notre Dame,1579.87168309463,1654.4294442487048,16,11
2022_1313_1353,0.28344084850327056,1313,1353,Norfolk St,Rutgers,1579.87168309463,1637.632715657693,16,11
2022_1308_1313,0.3517906091477341,1313,1308,Norfolk St,New Mexico St,1579.87168309463,1697.5374247173152,16,12
2022_1313_1436,0.321894353365595,1313,1436,Norfolk St,Vermont,1579.87168309463,1712.3801095075978,16,13
2022_1286_1313,0.40158872794808265,1313,1286,Norfolk St,Montana St,1579.87168309463,1648.907194296671,16,14
2022_1168_1313,0.42246105143077334,1313,1168,Norfolk St,CS Fullerton,1579.87168309463,1551.74735381392,16,15
2022_1209_1313,0.4580555841326715,1313,1209,Norfolk St,Georgia St,1579.87168309463,1619.491127745312,16,16
2022_1242_1313,0.038845634013414385,1313,1242,Norfolk St,Kansas,1579.87168309463,1825.6355450626606,16,1
2022_1120_1313,0.06405366762228717,1313,1120,Norfolk St,Auburn,1579.87168309463,1754.766605041748,16,2
2022_1313_1458,0.11617762442989346,1313,1458,Norfolk St,Wisconsin,1579.87168309463,1739.2398150796869,16,3
2022_1313_1344,0.15441390309899614,1313,1344,Norfolk St,Providence,1579.87168309463,1740.3699865463689,16,4
2022_1234_1313,0.14544314232627556,1313,1234,Norfolk St,Iowa,1579.87168309463,1759.7067615492522,16,5
2022_1261_1313,0.17873927716044105,1313,1261,Norfolk St,LSU,1579.87168309463,1670.076972932596,16,6
2022_1313_1425,0.21518790892427256,1313,1425,Norfolk St,USC,1579.87168309463,1747.348483989828,16,7
2022_1313_1361,0.2180399039821398,1313,1361,Norfolk St,San Diego St,1579.87168309463,1749.3509828117778,16,8
2022_1166_1313,0.2661043115190903,1313,1166,Norfolk St,Creighton,1579.87168309463,1715.2241151553408,16,9
2022_1274_1313,0.2873874976349683,1313,1274,Norfolk St,Miami FL,1579.87168309463,1659.1831151322328,16,10
2022_1235_1313,0.3239077456928877,1313,1235,Norfolk St,Iowa St,1579.87168309463,1566.918414604053,16,11
2022_1313_1350,0.3351451627280182,1313,1350,Norfolk St,Richmond,1579.87168309463,1677.745402069529,16,12
2022_1313_1355,0.3424235639330694,1313,1355,Norfolk St,S Dakota St,1579.87168309463,1741.2571993589054,16,13
2022_1159_1313,0.3709445421069991,1313,1159,Norfolk St,Colgate,1579.87168309463,1663.6000644018511,16,14
2022_1240_1313,0.41512057551391085,1313,1240,Norfolk St,Jacksonville St,1579.87168309463,1569.9330015732564,16,15
2022_1313_1394,0.552135667204857,1313,1394,Norfolk St,TAM C. Christi,1579.87168309463,1446.871728434155,16,16
2022_1313_1411,0.48152125477790847,1313,1411,Norfolk St,TX Southern,1579.87168309463,1565.9975930452333,16,16
2022_1112_1313,0.03613640919327736,1313,1112,Norfolk St,Arizona,1579.87168309463,1834.2550485377794,16,1
2022_1313_1437,0.059152506204922094,1313,1437,Norfolk St,Villanova,1579.87168309463,1825.6389527604601,16,2
2022_1313_1397,0.09471318159563538,1313,1397,Norfolk St,Tennessee,1579.87168309463,1793.9138536658204,16,3
2022_1228_1313,0.14075563658445642,1313,1228,Norfolk St,Illinois,1579.87168309463,1743.4717413030744,16,4
2022_1222_1313,0.13438429956297085,1313,1222,Norfolk St,Houston,1579.87168309463,1827.554349059758,16,5
2022_1161_1313,0.16064391236630596,1313,1161,Norfolk St,Colorado St,1579.87168309463,1736.7565025348324,16,6
2022_1313_1326,0.2170905562407284,1313,1326,Norfolk St,Ohio St,1579.87168309463,1644.1052080865643,16,7
2022_1313_1371,0.21447339486942407,1313,1371,Norfolk St,Seton Hall,1579.87168309463,1679.0038735560877,16,8
2022_1313_1395,0.2605547651879231,1313,1395,Norfolk St,TCU,1579.87168309463,1631.9175900729285,16,9
2022_1260_1313,0.25266716434188796,1313,1260,Norfolk St,Loyola-Chicago,1579.87168309463,1728.610266867969,16,10
2022_1276_1313,0.3058083743490366,1313,1276,Norfolk St,Michigan,1579.87168309463,1672.715156428664,16,11
2022_1313_1412,0.30579703518409196,1313,1412,Norfolk St,UAB,1579.87168309463,1691.8971925596084,16,12
2022_1151_1313,0.3297134322282621,1313,1151,Norfolk St,Chattanooga,1579.87168309463,1692.3075267872991,16,13
2022_1255_1313,0.4194599736899268,1313,1255,Norfolk St,Longwood,1579.87168309463,1608.804247555333,16,14
2022_1174_1313,0.4110006279612299,1313,1174,Norfolk St,Delaware,1579.87168309463,1572.5924542652383,16,15
2022_1136_1313,0.47393087148666396,1313,1136,Norfolk St,Bryant,1579.87168309463,1600.501589692621,16,16
2022_1313_1460,0.43575291931629195,1313,1460,Norfolk St,Wright St,1579.87168309463,1583.367797473222,16,16
2022_1181_1211,0.5715906404589899,1211,1181,Gonzaga,Duke,1887.134407734365,1771.0503621480075,1,2
2022_1211_1403,0.6117660622626415,1211,1403,Gonzaga,Texas Tech,1887.134407734365,1736.7496725293959,1,3
2022_1116_1211,0.6676118510606939,1211,1116,Gonzaga,Arkansas,1887.134407734365,1757.6829916184988,1,4
2022_1163_1211,0.6604542680714662,1211,1163,Gonzaga,Connecticut,1887.134407734365,1716.1528193787053,1,5
2022_1104_1211,0.673250592436633,1211,1104,Gonzaga,Alabama,1887.134407734365,1664.789146124711,1,6
2022_1211_1277,0.7088673421131759,1211,1277,Gonzaga,Michigan St,1887.134407734365,1682.1039635977568,1,7
2022_1129_1211,0.7406670041151604,1211,1129,Gonzaga,Boise St,1887.134407734365,1750.2612402141353,1,8
2022_1211_1272,0.7712084023220767,1211,1272,Gonzaga,Memphis,1887.134407734365,1719.3329125920548,1,9
2022_1172_1211,0.7828285610013697,1211,1172,Gonzaga,Davidson,1887.134407734365,1711.4948140059207,1,10
2022_1211_1323,0.8138080083963524,1211,1323,Gonzaga,Notre Dame,1887.134407734365,1654.4294442487048,1,11
2022_1211_1353,0.8005459153291832,1211,1353,Gonzaga,Rutgers,1887.134407734365,1637.632715657693,1,11
2022_1211_1308,0.8475191461577019,1211,1308,Gonzaga,New Mexico St,1887.134407734365,1697.5374247173152,1,12
2022_1211_1436,0.863348762351577,1211,1436,Gonzaga,Vermont,1887.134407734365,1712.3801095075978,1,13
2022_1211_1286,0.9147670477970125,1211,1286,Gonzaga,Montana St,1887.134407734365,1648.907194296671,1,14
2022_1168_1211,0.9169207670664001,1211,1168,Gonzaga,CS Fullerton,1887.134407734365,1551.74735381392,1,15
2022_1209_1211,0.9407873404026031,1211,1209,Gonzaga,Georgia St,1887.134407734365,1619.491127745312,1,16
2022_1211_1242,0.5565581977367402,1211,1242,Gonzaga,Kansas,1887.134407734365,1825.6355450626606,1,1
2022_1120_1211,0.5911970519160517,1211,1120,Gonzaga,Auburn,1887.134407734365,1754.766605041748,1,2
2022_1211_1458,0.6269017081290356,1211,1458,Gonzaga,Wisconsin,1887.134407734365,1739.2398150796869,1,3
2022_1211_1344,0.6675229805353338,1211,1344,Gonzaga,Providence,1887.134407734365,1740.3699865463689,1,4
2022_1211_1234,0.6575282909606035,1211,1234,Gonzaga,Iowa,1887.134407734365,1759.7067615492522,1,5
2022_1211_1261,0.6728493339680051,1211,1261,Gonzaga,LSU,1887.134407734365,1670.076972932596,1,6
2022_1211_1425,0.7289084651457458,1211,1425,Gonzaga,USC,1887.134407734365,1747.348483989828,1,7
2022_1211_1361,0.7356415129967293,1211,1361,Gonzaga,San Diego St,1887.134407734365,1749.3509828117778,1,8
2022_1166_1211,0.7749146489365328,1211,1166,Gonzaga,Creighton,1887.134407734365,1715.2241151553408,1,9
2022_1211_1274,0.7815603976779673,1211,1274,Gonzaga,Miami FL,1887.134407734365,1659.1831151322328,1,10
2022_1211_1235,0.7905163311597954,1211,1235,Gonzaga,Iowa St,1887.134407734365,1566.918414604053,1,11
2022_1211_1350,0.8328038471474251,1211,1350,Gonzaga,Richmond,1887.134407734365,1677.745402069529,1,12
2022_1211_1355,0.860364655810897,1211,1355,Gonzaga,S Dakota St,1887.134407734365,1741.2571993589054,1,13
2022_1159_1211,0.9082150370224,1211,1159,Gonzaga,Colgate,1887.134407734365,1663.6000644018511,1,14
2022_1211_1240,0.9354737856363464,1211,1240,Gonzaga,Jacksonville St,1887.134407734365,1569.9330015732564,1,15
2022_1211_1394,0.9638276648521423,1211,1394,Gonzaga,TAM C. Christi,1887.134407734365,1446.871728434155,1,16
2022_1211_1411,0.9563615274429321,1211,1411,Gonzaga,TX Southern,1887.134407734365,1565.9975930452333,1,16
2022_1112_1211,0.5585322588682176,1211,1112,Gonzaga,Arizona,1887.134407734365,1834.2550485377794,1,1
2022_1211_1437,0.5828788065051325,1211,1437,Gonzaga,Villanova,1887.134407734365,1825.6389527604601,1,2
2022_1211_1397,0.5888969670563808,1211,1397,Gonzaga,Tennessee,1887.134407734365,1793.9138536658204,1,3
2022_1211_1228,0.6514215159061605,1211,1228,Gonzaga,Illinois,1887.134407734365,1743.4717413030744,1,4
2022_1211_1222,0.6039997734759386,1211,1222,Gonzaga,Houston,1887.134407734365,1827.554349059758,1,5
2022_1161_1211,0.6934296108148907,1211,1161,Gonzaga,Colorado St,1887.134407734365,1736.7565025348324,1,6
2022_1211_1326,0.7188139566170364,1211,1326,Gonzaga,Ohio St,1887.134407734365,1644.1052080865643,1,7
2022_1211_1371,0.7225721813507637,1211,1371,Gonzaga,Seton Hall,1887.134407734365,1679.0038735560877,1,8
2022_1211_1395,0.7667589453919161,1211,1395,Gonzaga,TCU,1887.134407734365,1631.9175900729285,1,9
2022_1211_1260,0.7743655955129358,1211,1260,Gonzaga,Loyola-Chicago,1887.134407734365,1728.610266867969,1,10
2022_1211_1276,0.7925163501140724,1211,1276,Gonzaga,Michigan,1887.134407734365,1672.715156428664,1,11
2022_1211_1412,0.8351665901674827,1211,1412,Gonzaga,UAB,1887.134407734365,1691.8971925596084,1,12
2022_1151_1211,0.8610514801326439,1211,1151,Gonzaga,Chattanooga,1887.134407734365,1692.3075267872991,1,13
2022_1211_1255,0.9082487136466981,1211,1255,Gonzaga,Longwood,1887.134407734365,1608.804247555333,1,14
2022_1174_1211,0.9225425579523254,1211,1174,Gonzaga,Delaware,1887.134407734365,1572.5924542652383,1,15
2022_1136_1211,0.9633406054973602,1211,1136,Gonzaga,Bryant,1887.134407734365,1600.501589692621,1,16
2022_1211_1460,0.9496325206756592,1211,1460,Gonzaga,Wright St,1887.134407734365,1583.367797473222,1,16
2022_1181_1403,0.5449092619752176,1181,1403,Duke,Texas Tech,1771.0503621480075,1736.7496725293959,2,3
2022_1116_1181,0.6102635036736599,1181,1116,Duke,Arkansas,1771.0503621480075,1757.6829916184988,2,4
2022_1163_1181,0.6471236335876638,1181,1163,Duke,Connecticut,1771.0503621480075,1716.1528193787053,2,5
2022_1104_1181,0.6440225341055925,1181,1104,Duke,Alabama,1771.0503621480075,1664.789146124711,2,6
2022_1181_1277,0.6888392634056424,1181,1277,Duke,Michigan St,1771.0503621480075,1682.1039635977568,2,7
2022_1129_1181,0.6880820252882629,1181,1129,Duke,Boise St,1771.0503621480075,1750.2612402141353,2,8
2022_1181_1272,0.7365700192518791,1181,1272,Duke,Memphis,1771.0503621480075,1719.3329125920548,2,9
2022_1172_1181,0.7613325981362093,1181,1172,Duke,Davidson,1771.0503621480075,1711.4948140059207,2,10
2022_1181_1323,0.8038844233089182,1181,1323,Duke,Notre Dame,1771.0503621480075,1654.4294442487048,2,11
2022_1181_1353,0.777434891992161,1181,1353,Duke,Rutgers,1771.0503621480075,1637.632715657693,2,11
2022_1181_1308,0.8318669044611107,1181,1308,Duke,New Mexico St,1771.0503621480075,1697.5374247173152,2,12
2022_1181_1436,0.8409308063520988,1181,1436,Duke,Vermont,1771.0503621480075,1712.3801095075978,2,13
2022_1181_1286,0.8919459682288811,1181,1286,Duke,Montana St,1771.0503621480075,1648.907194296671,2,14
2022_1168_1181,0.9110918254001619,1181,1168,Duke,CS Fullerton,1771.0503621480075,1551.74735381392,2,15
2022_1181_1209,0.9310851850485016,1181,1209,Duke,Georgia St,1771.0503621480075,1619.491127745312,2,16
2022_1181_1242,0.45086031773335894,1181,1242,Duke,Kansas,1771.0503621480075,1825.6355450626606,2,1
2022_1120_1181,0.5389711171388627,1181,1120,Duke,Auburn,1771.0503621480075,1754.766605041748,2,2
2022_1181_1458,0.5679707311724909,1181,1458,Duke,Wisconsin,1771.0503621480075,1739.2398150796869,2,3
2022_1181_1344,0.6198819499045483,1181,1344,Duke,Providence,1771.0503621480075,1740.3699865463689,2,4
2022_1181_1234,0.6166155773046667,1181,1234,Duke,Iowa,1771.0503621480075,1759.7067615492522,2,5
2022_1181_1261,0.6307331570122774,1181,1261,Duke,LSU,1771.0503621480075,1670.076972932596,2,6
2022_1181_1425,0.6802344686649655,1181,1425,Duke,USC,1771.0503621480075,1747.348483989828,2,7
2022_1181_1361,0.6457450547205597,1181,1361,Duke,San Diego St,1771.0503621480075,1749.3509828117778,2,8
2022_1166_1181,0.7488356716700157,1181,1166,Duke,Creighton,1771.0503621480075,1715.2241151553408,2,9
2022_1181_1274,0.7565888879759539,1181,1274,Duke,Miami FL,1771.0503621480075,1659.1831151322328,2,10
2022_1181_1235,0.7738820677333567,1181,1235,Duke,Iowa St,1771.0503621480075,1566.918414604053,2,11
2022_1181_1350,0.8192614161607872,1181,1350,Duke,Richmond,1771.0503621480075,1677.745402069529,2,12
2022_1181_1355,0.8243658560051521,1181,1355,Duke,S Dakota St,1771.0503621480075,1741.2571993589054,2,13
2022_1159_1181,0.8805233043018028,1181,1159,Duke,Colgate,1771.0503621480075,1663.6000644018511,2,14
2022_1181_1240,0.9104317933662416,1181,1240,Duke,Jacksonville St,1771.0503621480075,1569.9330015732564,2,15
2022_1181_1394,0.9427300848936249,1181,1394,Duke,TAM C. Christi,1771.0503621480075,1446.871728434155,2,16
2022_1181_1411,0.9384273149942566,1181,1411,Duke,TX Southern,1771.0503621480075,1565.9975930452333,2,16
2022_1112_1181,0.45528751977927645,1181,1112,Duke,Arizona,1771.0503621480075,1834.2550485377794,2,1
2022_1181_1437,0.4721560984849931,1181,1437,Duke,Villanova,1771.0503621480075,1825.6389527604601,2,2
2022_1181_1397,0.5163041286801584,1181,1397,Duke,Tennessee,1771.0503621480075,1793.9138536658204,2,3
2022_1181_1228,0.5964475493460766,1181,1228,Duke,Illinois,1771.0503621480075,1743.4717413030744,2,4
2022_1181_1222,0.5137437048199827,1181,1222,Duke,Houston,1771.0503621480075,1827.554349059758,2,5
2022_1161_1181,0.6201937445138033,1181,1161,Duke,Colorado St,1771.0503621480075,1736.7565025348324,2,6
2022_1181_1326,0.6868717438839291,1181,1326,Duke,Ohio St,1771.0503621480075,1644.1052080865643,2,7
2022_1181_1371,0.6909264334427505,1181,1371,Duke,Seton Hall,1771.0503621480075,1679.0038735560877,2,8
2022_1181_1395,0.7406784333057961,1181,1395,Duke,TCU,1771.0503621480075,1631.9175900729285,2,9
2022_1181_1260,0.6921394733650912,1181,1260,Duke,Loyola-Chicago,1771.0503621480075,1728.610266867969,2,10
2022_1181_1276,0.777457646065304,1181,1276,Duke,Michigan,1771.0503621480075,1672.715156428664,2,11
2022_1181_1412,0.7960320853826652,1181,1412,Duke,UAB,1771.0503621480075,1691.8971925596084,2,12
2022_1151_1181,0.8405452537073692,1181,1151,Duke,Chattanooga,1771.0503621480075,1692.3075267872991,2,13
2022_1181_1255,0.8866698544803306,1181,1255,Duke,Longwood,1771.0503621480075,1608.804247555333,2,14
2022_1174_1181,0.9126926571472169,1181,1174,Duke,Delaware,1771.0503621480075,1572.5924542652383,2,15
2022_1136_1181,0.9454918065046478,1181,1136,Duke,Bryant,1771.0503621480075,1600.501589692621,2,16
2022_1181_1460,0.9416096367811371,1181,1460,Duke,Wright St,1771.0503621480075,1583.367797473222,2,16
2022_1116_1403,0.5465435468291528,1403,1116,Texas Tech,Arkansas,1736.7496725293959,1757.6829916184988,3,4
2022_1163_1403,0.5400308589964977,1403,1163,Texas Tech,Connecticut,1736.7496725293959,1716.1528193787053,3,5
2022_1104_1403,0.591801969969576,1403,1104,Texas Tech,Alabama,1736.7496725293959,1664.789146124711,3,6
2022_1277_1403,0.6352810659144457,1403,1277,Texas Tech,Michigan St,1736.7496725293959,1682.1039635977568,3,7
2022_1129_1403,0.6213672078512524,1403,1129,Texas Tech,Boise St,1736.7496725293959,1750.2612402141353,3,8
2022_1272_1403,0.6651366212355285,1403,1272,Texas Tech,Memphis,1736.7496725293959,1719.3329125920548,3,9
2022_1172_1403,0.6524248458214363,1403,1172,Texas Tech,Davidson,1736.7496725293959,1711.4948140059207,3,10
2022_1323_1403,0.7557697711451281,1403,1323,Texas Tech,Notre Dame,1736.7496725293959,1654.4294442487048,3,11
2022_1353_1403,0.7442927626831759,1403,1353,Texas Tech,Rutgers,1736.7496725293959,1637.632715657693,3,11
2022_1308_1403,0.7581139420800898,1403,1308,Texas Tech,New Mexico St,1736.7496725293959,1697.5374247173152,3,12
2022_1403_1436,0.7324227386352669,1403,1436,Texas Tech,Vermont,1736.7496725293959,1712.3801095075978,3,13
2022_1286_1403,0.8533373939528068,1403,1286,Texas Tech,Montana St,1736.7496725293959,1648.907194296671,3,14
2022_1168_1403,0.8746888142409965,1403,1168,Texas Tech,CS Fullerton,1736.7496725293959,1551.74735381392,3,15
2022_1209_1403,0.9002037555320741,1403,1209,Texas Tech,Georgia St,1736.7496725293959,1619.491127745312,3,16
2022_1242_1403,0.39825574052037116,1403,1242,Texas Tech,Kansas,1736.7496725293959,1825.6355450626606,3,1
2022_1120_1403,0.47788338729388674,1403,1120,Texas Tech,Auburn,1736.7496725293959,1754.766605041748,3,2
2022_1403_1458,0.5191493391990663,1403,1458,Texas Tech,Wisconsin,1736.7496725293959,1739.2398150796869,3,3
2022_1344_1403,0.5576686047648676,1403,1344,Texas Tech,Providence,1736.7496725293959,1740.3699865463689,3,4
2022_1234_1403,0.5552748810082546,1403,1234,Texas Tech,Iowa,1736.7496725293959,1759.7067615492522,3,5
2022_1261_1403,0.5949726241472417,1403,1261,Texas Tech,LSU,1736.7496725293959,1670.076972932596,3,6
2022_1403_1425,0.6281301327679689,1403,1425,Texas Tech,USC,1736.7496725293959,1747.348483989828,3,7
2022_1361_1403,0.5922241873405789,1403,1361,Texas Tech,San Diego St,1736.7496725293959,1749.3509828117778,3,8
2022_1166_1403,0.6853084423529296,1403,1166,Texas Tech,Creighton,1736.7496725293959,1715.2241151553408,3,9
2022_1274_1403,0.7095596529312691,1403,1274,Texas Tech,Miami FL,1736.7496725293959,1659.1831151322328,3,10
2022_1235_1403,0.7542007831795443,1403,1235,Texas Tech,Iowa St,1736.7496725293959,1566.918414604053,3,11
2022_1350_1403,0.7753255879216883,1403,1350,Texas Tech,Richmond,1736.7496725293959,1677.745402069529,3,12
2022_1355_1403,0.7707107209798942,1403,1355,Texas Tech,S Dakota St,1736.7496725293959,1741.2571993589054,3,13
2022_1159_1403,0.8379387723936638,1403,1159,Texas Tech,Colgate,1736.7496725293959,1663.6000644018511,3,14
2022_1240_1403,0.8750504654231712,1403,1240,Texas Tech,Jacksonville St,1736.7496725293959,1569.9330015732564,3,15
2022_1394_1403,0.9082530945880891,1403,1394,Texas Tech,TAM C. Christi,1736.7496725293959,1446.871728434155,3,16
2022_1403_1411,0.9042193800552369,1403,1411,Texas Tech,TX Southern,1736.7496725293959,1565.9975930452333,3,16
2022_1112_1403,0.41979703050555106,1403,1112,Texas Tech,Arizona,1736.7496725293959,1834.2550485377794,3,1
2022_1403_1437,0.43385447927958926,1403,1437,Texas Tech,Villanova,1736.7496725293959,1825.6389527604601,3,2
2022_1397_1403,0.45027377307415023,1403,1397,Texas Tech,Tennessee,1736.7496725293959,1793.9138536658204,3,3
2022_1228_1403,0.5317854218816049,1403,1228,Texas Tech,Illinois,1736.7496725293959,1743.4717413030744,3,4
2022_1222_1403,0.46192537206708106,1403,1222,Texas Tech,Houston,1736.7496725293959,1827.554349059758,3,5
2022_1161_1403,0.5416733312252218,1403,1161,Texas Tech,Colorado St,1736.7496725293959,1736.7565025348324,3,6
2022_1326_1403,0.648930753085428,1403,1326,Texas Tech,Ohio St,1736.7496725293959,1644.1052080865643,3,7
2022_1371_1403,0.647064901079974,1403,1371,Texas Tech,Seton Hall,1736.7496725293959,1679.0038735560877,3,8
2022_1395_1403,0.6930879213797241,1403,1395,Texas Tech,TCU,1736.7496725293959,1631.9175900729285,3,9
2022_1260_1403,0.6322441436119637,1403,1260,Texas Tech,Loyola-Chicago,1736.7496725293959,1728.610266867969,3,10
2022_1276_1403,0.7436092762215365,1403,1276,Texas Tech,Michigan,1736.7496725293959,1672.715156428664,3,11
2022_1403_1412,0.748942933016369,1403,1412,Texas Tech,UAB,1736.7496725293959,1691.8971925596084,3,12
2022_1151_1403,0.7885529392597328,1403,1151,Texas Tech,Chattanooga,1736.7496725293959,1692.3075267872991,3,13
2022_1255_1403,0.8470611440672478,1403,1255,Texas Tech,Longwood,1736.7496725293959,1608.804247555333,3,14
2022_1174_1403,0.8740566771808311,1403,1174,Texas Tech,Delaware,1736.7496725293959,1572.5924542652383,3,15
2022_1136_1403,0.9078580052001954,1403,1136,Texas Tech,Bryant,1736.7496725293959,1600.501589692621,3,16
2022_1403_1460,0.9029764742000581,1403,1460,Texas Tech,Wright St,1736.7496725293959,1583.367797473222,3,16
2022_1116_1163,0.47861366054766247,1116,1163,Arkansas,Connecticut,1757.6829916184988,1716.1528193787053,4,5
2022_1104_1116,0.5502000372439495,1116,1104,Arkansas,Alabama,1757.6829916184988,1664.789146124711,4,6
2022_1116_1277,0.5897926973941976,1116,1277,Arkansas,Michigan St,1757.6829916184988,1682.1039635977568,4,7
2022_1116_1129,0.5858195819590624,1116,1129,Arkansas,Boise St,1757.6829916184988,1750.2612402141353,4,8
2022_1116_1272,0.5816632724665021,1116,1272,Arkansas,Memphis,1757.6829916184988,1719.3329125920548,4,9
2022_1116_1172,0.6531642087685257,1116,1172,Arkansas,Davidson,1757.6829916184988,1711.4948140059207,4,10
2022_1116_1323,0.7225839681692681,1116,1323,Arkansas,Notre Dame,1757.6829916184988,1654.4294442487048,4,11
2022_1116_1353,0.6911946423121056,1116,1353,Arkansas,Rutgers,1757.6829916184988,1637.632715657693,4,11
2022_1116_1308,0.7633112339241732,1116,1308,Arkansas,New Mexico St,1757.6829916184988,1697.5374247173152,4,12
2022_1116_1436,0.7448095595174524,1116,1436,Arkansas,Vermont,1757.6829916184988,1712.3801095075978,4,13
2022_1116_1286,0.8267621242639671,1116,1286,Arkansas,Montana St,1757.6829916184988,1648.907194296671,4,14
2022_1116_1168,0.8463863598837456,1116,1168,Arkansas,CS Fullerton,1757.6829916184988,1551.74735381392,4,15
2022_1116_1209,0.856077204305236,1116,1209,Arkansas,Georgia St,1757.6829916184988,1619.491127745312,4,16
2022_1116_1242,0.3575811368581602,1116,1242,Arkansas,Kansas,1757.6829916184988,1825.6355450626606,4,1
2022_1116_1120,0.39823448401392814,1116,1120,Arkansas,Auburn,1757.6829916184988,1754.766605041748,4,2
2022_1116_1458,0.46284187206275423,1116,1458,Arkansas,Wisconsin,1757.6829916184988,1739.2398150796869,4,3
2022_1116_1344,0.5156271517276765,1116,1344,Arkansas,Providence,1757.6829916184988,1740.3699865463689,4,4
2022_1116_1234,0.5122737073039301,1116,1234,Arkansas,Iowa,1757.6829916184988,1759.7067615492522,4,5
2022_1116_1261,0.5590165923863522,1116,1261,Arkansas,LSU,1757.6829916184988,1670.076972932596,4,6
2022_1116_1425,0.580884902441805,1116,1425,Arkansas,USC,1757.6829916184988,1747.348483989828,4,7
2022_1116_1361,0.5493226819370325,1116,1361,Arkansas,San Diego St,1757.6829916184988,1749.3509828117778,4,8
2022_1116_1166,0.629680640187106,1116,1166,Arkansas,Creighton,1757.6829916184988,1715.2241151553408,4,9
2022_1116_1274,0.6813904055344253,1116,1274,Arkansas,Miami FL,1757.6829916184988,1659.1831151322328,4,10
2022_1116_1235,0.7002164460487923,1116,1235,Arkansas,Iowa St,1757.6829916184988,1566.918414604053,4,11
2022_1116_1350,0.7147029010517825,1116,1350,Arkansas,Richmond,1757.6829916184988,1677.745402069529,4,12
2022_1116_1355,0.7292699729734156,1116,1355,Arkansas,S Dakota St,1757.6829916184988,1741.2571993589054,4,13
2022_1116_1159,0.815186961853231,1116,1159,Arkansas,Colgate,1757.6829916184988,1663.6000644018511,4,14
2022_1116_1240,0.8421429562105736,1116,1240,Arkansas,Jacksonville St,1757.6829916184988,1569.9330015732564,4,15
2022_1116_1394,0.881476054746215,1116,1394,Arkansas,TAM C. Christi,1757.6829916184988,1446.871728434155,4,16
2022_1116_1411,0.8666069906535789,1116,1411,Arkansas,TX Southern,1757.6829916184988,1565.9975930452333,4,16
2022_1112_1116,0.34241225022643296,1116,1112,Arkansas,Arizona,1757.6829916184988,1834.2550485377794,4,1
2022_1116_1437,0.39845577370823737,1116,1437,Arkansas,Villanova,1757.6829916184988,1825.6389527604601,4,2
2022_1116_1397,0.43380866565949877,1116,1397,Arkansas,Tennessee,1757.6829916184988,1793.9138536658204,4,3
2022_1116_1228,0.5167453795671464,1116,1228,Arkansas,Illinois,1757.6829916184988,1743.4717413030744,4,4
2022_1116_1222,0.4166163288687951,1116,1222,Arkansas,Houston,1757.6829916184988,1827.554349059758,4,5
2022_1116_1161,0.509604274812328,1116,1161,Arkansas,Colorado St,1757.6829916184988,1736.7565025348324,4,6
2022_1116_1326,0.618209748232668,1116,1326,Arkansas,Ohio St,1757.6829916184988,1644.1052080865643,4,7
2022_1116_1371,0.6041876622174318,1116,1371,Arkansas,Seton Hall,1757.6829916184988,1679.0038735560877,4,8
2022_1116_1395,0.6296965397260998,1116,1395,Arkansas,TCU,1757.6829916184988,1631.9175900729285,4,9
2022_1116_1260,0.5824851923572212,1116,1260,Arkansas,Loyola-Chicago,1757.6829916184988,1728.610266867969,4,10
2022_1116_1276,0.6887367255755028,1116,1276,Arkansas,Michigan,1757.6829916184988,1672.715156428664,4,11
2022_1116_1412,0.6988888053162325,1116,1412,Arkansas,UAB,1757.6829916184988,1691.8971925596084,4,12
2022_1116_1151,0.7641722177797052,1116,1151,Arkansas,Chattanooga,1757.6829916184988,1692.3075267872991,4,13
2022_1116_1255,0.8137222075101982,1116,1255,Arkansas,Longwood,1757.6829916184988,1608.804247555333,4,14
2022_1116_1174,0.8300941454901298,1116,1174,Arkansas,Delaware,1757.6829916184988,1572.5924542652383,4,15
2022_1116_1136,0.8798520367923424,1116,1136,Arkansas,Bryant,1757.6829916184988,1600.501589692621,4,16
2022_1116_1460,0.8785643380466148,1116,1460,Arkansas,Wright St,1757.6829916184988,1583.367797473222,4,16
2022_1104_1163,0.5711245768403299,1163,1104,Connecticut,Alabama,1716.1528193787053,1664.789146124711,5,6
2022_1163_1277,0.5860861908227077,1163,1277,Connecticut,Michigan St,1716.1528193787053,1682.1039635977568,5,7
2022_1129_1163,0.6042174088600332,1163,1129,Connecticut,Boise St,1716.1528193787053,1750.2612402141353,5,8
2022_1163_1272,0.6285552628968294,1163,1272,Connecticut,Memphis,1716.1528193787053,1719.3329125920548,5,9
2022_1163_1172,0.6271237946413373,1163,1172,Connecticut,Davidson,1716.1528193787053,1711.4948140059207,5,10
2022_1163_1323,0.6998874255406051,1163,1323,Connecticut,Notre Dame,1716.1528193787053,1654.4294442487048,5,11
2022_1163_1353,0.686934129236856,1163,1353,Connecticut,Rutgers,1716.1528193787053,1637.632715657693,5,11
2022_1163_1308,0.7381584383316597,1163,1308,Connecticut,New Mexico St,1716.1528193787053,1697.5374247173152,5,12
2022_1163_1436,0.701582458422922,1163,1436,Connecticut,Vermont,1716.1528193787053,1712.3801095075978,5,13
2022_1163_1286,0.8038928275638315,1163,1286,Connecticut,Montana St,1716.1528193787053,1648.907194296671,5,14
2022_1163_1168,0.8195718967554222,1163,1168,Connecticut,CS Fullerton,1716.1528193787053,1551.74735381392,5,15
2022_1163_1209,0.8368804621233543,1163,1209,Connecticut,Georgia St,1716.1528193787053,1619.491127745312,5,16
2022_1163_1242,0.3546506709720558,1163,1242,Connecticut,Kansas,1716.1528193787053,1825.6355450626606,5,1
2022_1120_1163,0.4537698459979841,1163,1120,Connecticut,Auburn,1716.1528193787053,1754.766605041748,5,2
2022_1163_1458,0.49347612750233527,1163,1458,Connecticut,Wisconsin,1716.1528193787053,1739.2398150796869,5,3
2022_1163_1344,0.5431667006874796,1163,1344,Connecticut,Providence,1716.1528193787053,1740.3699865463689,5,4
2022_1163_1234,0.4898577839136125,1163,1234,Connecticut,Iowa,1716.1528193787053,1759.7067615492522,5,5
2022_1163_1261,0.5315984868144281,1163,1261,Connecticut,LSU,1716.1528193787053,1670.076972932596,5,6
2022_1163_1425,0.6110737394124142,1163,1425,Connecticut,USC,1716.1528193787053,1747.348483989828,5,7
2022_1163_1361,0.5714767115953618,1163,1361,Connecticut,San Diego St,1716.1528193787053,1749.3509828117778,5,8
2022_1163_1166,0.6584462769959505,1163,1166,Connecticut,Creighton,1716.1528193787053,1715.2241151553408,5,9
2022_1163_1274,0.6677286691330289,1163,1274,Connecticut,Miami FL,1716.1528193787053,1659.1831151322328,5,10
2022_1163_1235,0.6662338086353927,1163,1235,Connecticut,Iowa St,1716.1528193787053,1566.918414604053,5,11
2022_1163_1350,0.6786543614931664,1163,1350,Connecticut,Richmond,1716.1528193787053,1677.745402069529,5,12
2022_1163_1355,0.7324916688664187,1163,1355,Connecticut,S Dakota St,1716.1528193787053,1741.2571993589054,5,13
2022_1159_1163,0.7902793055110666,1163,1159,Connecticut,Colgate,1716.1528193787053,1663.6000644018511,5,14
2022_1163_1240,0.8226916634676109,1163,1240,Connecticut,Jacksonville St,1716.1528193787053,1569.9330015732564,5,15
2022_1163_1394,0.8606718348993858,1163,1394,Connecticut,TAM C. Christi,1716.1528193787053,1446.871728434155,5,16
2022_1163_1411,0.855522530032595,1163,1411,Connecticut,TX Southern,1716.1528193787053,1565.9975930452333,5,16
2022_1112_1163,0.36064977416057054,1163,1112,Connecticut,Arizona,1716.1528193787053,1834.2550485377794,5,1
2022_1163_1437,0.38879606697529046,1163,1437,Connecticut,Villanova,1716.1528193787053,1825.6389527604601,5,2
2022_1163_1397,0.4243511457413566,1163,1397,Connecticut,Tennessee,1716.1528193787053,1793.9138536658204,5,3
2022_1163_1228,0.5314444340134379,1163,1228,Connecticut,Illinois,1716.1528193787053,1743.4717413030744,5,4
2022_1163_1222,0.4168578371405603,1163,1222,Connecticut,Houston,1716.1528193787053,1827.554349059758,5,5
2022_1161_1163,0.5171159588431604,1163,1161,Connecticut,Colorado St,1716.1528193787053,1736.7565025348324,5,6
2022_1163_1326,0.593321106913673,1163,1326,Connecticut,Ohio St,1716.1528193787053,1644.1052080865643,5,7
2022_1163_1371,0.5851839768531972,1163,1371,Connecticut,Seton Hall,1716.1528193787053,1679.0038735560877,5,8
2022_1163_1395,0.6346111842129762,1163,1395,Connecticut,TCU,1716.1528193787053,1631.9175900729285,5,9
2022_1163_1260,0.5942746616266583,1163,1260,Connecticut,Loyola-Chicago,1716.1528193787053,1728.610266867969,5,10
2022_1163_1276,0.6723603167521148,1163,1276,Connecticut,Michigan,1716.1528193787053,1672.715156428664,5,11
2022_1163_1412,0.6678213067122063,1163,1412,Connecticut,UAB,1716.1528193787053,1691.8971925596084,5,12
2022_1151_1163,0.6948856083615054,1163,1151,Connecticut,Chattanooga,1716.1528193787053,1692.3075267872991,5,13
2022_1163_1255,0.8017392521434519,1163,1255,Connecticut,Longwood,1716.1528193787053,1608.804247555333,5,14
2022_1163_1174,0.8108191334840904,1163,1174,Connecticut,Delaware,1716.1528193787053,1572.5924542652383,5,15
2022_1136_1163,0.8619021343721947,1163,1136,Connecticut,Bryant,1716.1528193787053,1600.501589692621,5,16
2022_1163_1460,0.8556233512892326,1163,1460,Connecticut,Wright St,1716.1528193787053,1583.367797473222,5,16
2022_1104_1277,0.5029144667720087,1104,1277,Alabama,Michigan St,1664.789146124711,1682.1039635977568,6,7
2022_1104_1129,0.5586868892937771,1104,1129,Alabama,Boise St,1664.789146124711,1750.2612402141353,6,8
2022_1104_1272,0.5359894472006017,1104,1272,Alabama,Memphis,1664.789146124711,1719.3329125920548,6,9
2022_1104_1172,0.5646657743189867,1104,1172,Alabama,Davidson,1664.789146124711,1711.4948140059207,6,10
2022_1104_1323,0.6155068940780972,1104,1323,Alabama,Notre Dame,1664.789146124711,1654.4294442487048,6,11
2022_1104_1353,0.5956284619234418,1104,1353,Alabama,Rutgers,1664.789146124711,1637.632715657693,6,11
2022_1104_1308,0.6903112241017013,1104,1308,Alabama,New Mexico St,1664.789146124711,1697.5374247173152,6,12
2022_1104_1436,0.6176127455897888,1104,1436,Alabama,Vermont,1664.789146124711,1712.3801095075978,6,13
2022_1104_1286,0.7008817462189425,1104,1286,Alabama,Montana St,1664.789146124711,1648.907194296671,6,14
2022_1104_1168,0.7829800015025827,1104,1168,Alabama,CS Fullerton,1664.789146124711,1551.74735381392,6,15
2022_1104_1209,0.7728584700462471,1104,1209,Alabama,Georgia St,1664.789146124711,1619.491127745312,6,16
2022_1104_1242,0.3232429303862242,1104,1242,Alabama,Kansas,1664.789146124711,1825.6355450626606,6,1
2022_1104_1120,0.3525903246666855,1104,1120,Alabama,Auburn,1664.789146124711,1754.766605041748,6,2
2022_1104_1458,0.4158119839784452,1104,1458,Alabama,Wisconsin,1664.789146124711,1739.2398150796869,6,3
2022_1104_1344,0.4827372331589591,1104,1344,Alabama,Providence,1664.789146124711,1740.3699865463689,6,4
2022_1104_1234,0.43852105357892474,1104,1234,Alabama,Iowa,1664.789146124711,1759.7067615492522,6,5
2022_1104_1261,0.4483264967799188,1104,1261,Alabama,LSU,1664.789146124711,1670.076972932596,6,6
2022_1104_1425,0.5481209986542948,1104,1425,Alabama,USC,1664.789146124711,1747.348483989828,6,7
2022_1104_1361,0.5248639355927578,1104,1361,Alabama,San Diego St,1664.789146124711,1749.3509828117778,6,8
2022_1104_1166,0.5949870633724386,1104,1166,Alabama,Creighton,1664.789146124711,1715.2241151553408,6,9
2022_1104_1274,0.5822574295733507,1104,1274,Alabama,Miami FL,1664.789146124711,1659.1831151322328,6,10
2022_1104_1235,0.6368850088976239,1104,1235,Alabama,Iowa St,1664.789146124711,1566.918414604053,6,11
2022_1104_1350,0.6195229896294265,1104,1350,Alabama,Richmond,1664.789146124711,1677.745402069529,6,12
2022_1104_1355,0.6295200921364388,1104,1355,Alabama,S Dakota St,1664.789146124711,1741.2571993589054,6,13
2022_1104_1159,0.6550321994288195,1104,1159,Alabama,Colgate,1664.789146124711,1663.6000644018511,6,14
2022_1104_1240,0.7789041315847132,1104,1240,Alabama,Jacksonville St,1664.789146124711,1569.9330015732564,6,15
2022_1104_1394,0.8027443581459175,1104,1394,Alabama,TAM C. Christi,1664.789146124711,1446.871728434155,6,16
2022_1104_1411,0.8034595542785774,1104,1411,Alabama,TX Southern,1664.789146124711,1565.9975930452333,6,16
2022_1104_1112,0.34640253863112014,1104,1112,Alabama,Arizona,1664.789146124711,1834.2550485377794,6,1
2022_1104_1437,0.3598426602150864,1104,1437,Alabama,Villanova,1664.789146124711,1825.6389527604601,6,2
2022_1104_1397,0.3757356834766218,1104,1397,Alabama,Tennessee,1664.789146124711,1793.9138536658204,6,3
2022_1104_1228,0.4428553928107154,1104,1228,Alabama,Illinois,1664.789146124711,1743.4717413030744,6,4
2022_1104_1222,0.40810201683289965,1104,1222,Alabama,Houston,1664.789146124711,1827.554349059758,6,5
2022_1104_1161,0.44389024972915664,1104,1161,Alabama,Colorado St,1664.789146124711,1736.7565025348324,6,6
2022_1104_1326,0.5488524966573007,1104,1326,Alabama,Ohio St,1664.789146124711,1644.1052080865643,6,7
2022_1104_1371,0.5340775023728481,1104,1371,Alabama,Seton Hall,1664.789146124711,1679.0038735560877,6,8
2022_1104_1395,0.5443597870710546,1104,1395,Alabama,TCU,1664.789146124711,1631.9175900729285,6,9
2022_1104_1260,0.5380570315454538,1104,1260,Alabama,Loyola-Chicago,1664.789146124711,1728.610266867969,6,10
2022_1104_1276,0.6029393590353345,1104,1276,Alabama,Michigan,1664.789146124711,1672.715156428664,6,11
2022_1104_1412,0.6074028023468643,1104,1412,Alabama,UAB,1664.789146124711,1691.8971925596084,6,12
2022_1104_1151,0.6426253802843651,1104,1151,Alabama,Chattanooga,1664.789146124711,1692.3075267872991,6,13
2022_1104_1255,0.7453282294733752,1104,1255,Alabama,Longwood,1664.789146124711,1608.804247555333,6,14
2022_1104_1174,0.7882388299041483,1104,1174,Alabama,Delaware,1664.789146124711,1572.5924542652383,6,15
2022_1104_1136,0.8005825870868812,1104,1136,Alabama,Bryant,1664.789146124711,1600.501589692621,6,16
2022_1104_1460,0.8035513007280479,1104,1460,Alabama,Wright St,1664.789146124711,1583.367797473222,6,16
2022_1129_1277,0.5141149543856867,1277,1129,Michigan St,Boise St,1682.1039635977568,1750.2612402141353,7,8
2022_1272_1277,0.5580897252589336,1277,1272,Michigan St,Memphis,1682.1039635977568,1719.3329125920548,7,9
2022_1172_1277,0.5625681119802648,1277,1172,Michigan St,Davidson,1682.1039635977568,1711.4948140059207,7,10
2022_1277_1323,0.5940903224680956,1277,1323,Michigan St,Notre Dame,1682.1039635977568,1654.4294442487048,7,11
2022_1277_1353,0.5936749078963335,1277,1353,Michigan St,Rutgers,1682.1039635977568,1637.632715657693,7,11
2022_1277_1308,0.6569817430637692,1277,1308,Michigan St,New Mexico St,1682.1039635977568,1697.5374247173152,7,12
2022_1277_1436,0.6376164414869934,1277,1436,Michigan St,Vermont,1682.1039635977568,1712.3801095075978,7,13
2022_1277_1286,0.7199346609182915,1277,1286,Michigan St,Montana St,1682.1039635977568,1648.907194296671,7,14
2022_1168_1277,0.7561566946966876,1277,1168,Michigan St,CS Fullerton,1682.1039635977568,1551.74735381392,7,15
2022_1209_1277,0.7454941784673426,1277,1209,Michigan St,Georgia St,1682.1039635977568,1619.491127745312,7,16
2022_1242_1277,0.29731280720361186,1277,1242,Michigan St,Kansas,1682.1039635977568,1825.6355450626606,7,1
2022_1120_1277,0.30733462950960677,1277,1120,Michigan St,Auburn,1682.1039635977568,1754.766605041748,7,2
2022_1277_1458,0.3867271862294144,1277,1458,Michigan St,Wisconsin,1682.1039635977568,1739.2398150796869,7,3
2022_1277_1344,0.45947497907846657,1277,1344,Michigan St,Providence,1682.1039635977568,1740.3699865463689,7,4
2022_1234_1277,0.4132428888648879,1277,1234,Michigan St,Iowa,1682.1039635977568,1759.7067615492522,7,5
2022_1261_1277,0.4420531875754114,1277,1261,Michigan St,LSU,1682.1039635977568,1670.076972932596,7,6
2022_1277_1425,0.5155252277851106,1277,1425,Michigan St,USC,1682.1039635977568,1747.348483989828,7,7
2022_1277_1361,0.4603975423311479,1277,1361,Michigan St,San Diego St,1682.1039635977568,1749.3509828117778,7,8
2022_1166_1277,0.5828343849211803,1277,1166,Michigan St,Creighton,1682.1039635977568,1715.2241151553408,7,9
2022_1274_1277,0.5702249544504339,1277,1274,Michigan St,Miami FL,1682.1039635977568,1659.1831151322328,7,10
2022_1235_1277,0.588910589430147,1277,1235,Michigan St,Iowa St,1682.1039635977568,1566.918414604053,7,11
2022_1277_1350,0.6175827152393674,1277,1350,Michigan St,Richmond,1682.1039635977568,1677.745402069529,7,12
2022_1277_1355,0.626886905072847,1277,1355,Michigan St,S Dakota St,1682.1039635977568,1741.2571993589054,7,13
2022_1159_1277,0.6742407567568383,1277,1159,Michigan St,Colgate,1682.1039635977568,1663.6000644018511,7,14
2022_1240_1277,0.7592215059263934,1277,1240,Michigan St,Jacksonville St,1682.1039635977568,1569.9330015732564,7,15
2022_1277_1394,0.7925748293929789,1277,1394,Michigan St,TAM C. Christi,1682.1039635977568,1446.871728434155,7,16
2022_1277_1411,0.784990034037182,1277,1411,Michigan St,TX Southern,1682.1039635977568,1565.9975930452333,7,16
2022_1112_1277,0.29504752522834254,1277,1112,Michigan St,Arizona,1682.1039635977568,1834.2550485377794,7,1
2022_1277_1437,0.3225073941685347,1277,1437,Michigan St,Villanova,1682.1039635977568,1825.6389527604601,7,2
2022_1277_1397,0.3418374157812065,1277,1397,Michigan St,Tennessee,1682.1039635977568,1793.9138536658204,7,3
2022_1228_1277,0.4322960806247541,1277,1228,Michigan St,Illinois,1682.1039635977568,1743.4717413030744,7,4
2022_1222_1277,0.37094545107783194,1277,1222,Michigan St,Houston,1682.1039635977568,1827.554349059758,7,5
2022_1161_1277,0.41550355025775393,1277,1161,Michigan St,Colorado St,1682.1039635977568,1736.7565025348324,7,6
2022_1277_1326,0.49899693429470077,1277,1326,Michigan St,Ohio St,1682.1039635977568,1644.1052080865643,7,7
2022_1277_1371,0.5023522757624872,1277,1371,Michigan St,Seton Hall,1682.1039635977568,1679.0038735560877,7,8
2022_1277_1395,0.5514522563248745,1277,1395,Michigan St,TCU,1682.1039635977568,1631.9175900729285,7,9
2022_1260_1277,0.5158661144617254,1277,1260,Michigan St,Loyola-Chicago,1682.1039635977568,1728.610266867969,7,10
2022_1276_1277,0.5916904457543428,1277,1276,Michigan St,Michigan,1682.1039635977568,1672.715156428664,7,11
2022_1277_1412,0.6179876244924878,1277,1412,Michigan St,UAB,1682.1039635977568,1691.8971925596084,7,12
2022_1151_1277,0.6036488273131042,1277,1151,Michigan St,Chattanooga,1682.1039635977568,1692.3075267872991,7,13
2022_1255_1277,0.7165500260658821,1277,1255,Michigan St,Longwood,1682.1039635977568,1608.804247555333,7,14
2022_1174_1277,0.771957304881357,1277,1174,Michigan St,Delaware,1682.1039635977568,1572.5924542652383,7,15
2022_1136_1277,0.7927287881904337,1277,1136,Michigan St,Bryant,1682.1039635977568,1600.501589692621,7,16
2022_1277_1460,0.7863960182004663,1277,1460,Michigan St,Wright St,1682.1039635977568,1583.367797473222,7,16
2022_1129_1272,0.5089407943820246,1129,1272,Boise St,Memphis,1750.2612402141353,1719.3329125920548,8,9
2022_1129_1172,0.5560131590396038,1129,1172,Boise St,Davidson,1750.2612402141353,1711.4948140059207,8,10
2022_1129_1323,0.6165642726066762,1129,1323,Boise St,Notre Dame,1750.2612402141353,1654.4294442487048,8,11
2022_1129_1353,0.6019001292827779,1129,1353,Boise St,Rutgers,1750.2612402141353,1637.632715657693,8,11
2022_1129_1308,0.6696401782963808,1129,1308,Boise St,New Mexico St,1750.2612402141353,1697.5374247173152,8,12
2022_1129_1436,0.6203580714128827,1129,1436,Boise St,Vermont,1750.2612402141353,1712.3801095075978,8,13
2022_1129_1286,0.7370994844423919,1129,1286,Boise St,Montana St,1750.2612402141353,1648.907194296671,8,14
2022_1129_1168,0.7499470002718529,1129,1168,Boise St,CS Fullerton,1750.2612402141353,1551.74735381392,8,15
2022_1129_1209,0.7590228287441958,1129,1209,Boise St,Georgia St,1750.2612402141353,1619.491127745312,8,16
2022_1129_1242,0.27166733967584766,1129,1242,Boise St,Kansas,1750.2612402141353,1825.6355450626606,8,1
2022_1120_1129,0.3335845283282609,1129,1120,Boise St,Auburn,1750.2612402141353,1754.766605041748,8,2
2022_1129_1458,0.4250170939304022,1129,1458,Boise St,Wisconsin,1750.2612402141353,1739.2398150796869,8,3
2022_1129_1344,0.4385486415888733,1129,1344,Boise St,Providence,1750.2612402141353,1740.3699865463689,8,4
2022_1129_1234,0.4344560188409635,1129,1234,Boise St,Iowa,1750.2612402141353,1759.7067615492522,8,5
2022_1129_1261,0.4717097033232581,1129,1261,Boise St,LSU,1750.2612402141353,1670.076972932596,8,6
2022_1129_1425,0.5084151960278269,1129,1425,Boise St,USC,1750.2612402141353,1747.348483989828,8,7
2022_1129_1361,0.48391838967800155,1129,1361,Boise St,San Diego St,1750.2612402141353,1749.3509828117778,8,8
2022_1129_1166,0.5450967930888422,1129,1166,Boise St,Creighton,1750.2612402141353,1715.2241151553408,8,9
2022_1129_1274,0.5748179327279201,1129,1274,Boise St,Miami FL,1750.2612402141353,1659.1831151322328,8,10
2022_1129_1235,0.6087367969396764,1129,1235,Boise St,Iowa St,1750.2612402141353,1566.918414604053,8,11
2022_1129_1350,0.6370124318335588,1129,1350,Boise St,Richmond,1750.2612402141353,1677.745402069529,8,12
2022_1129_1355,0.6534409887455319,1129,1355,Boise St,S Dakota St,1750.2612402141353,1741.2571993589054,8,13
2022_1129_1159,0.7215287097679763,1129,1159,Boise St,Colgate,1750.2612402141353,1663.6000644018511,8,14
2022_1129_1240,0.7429602928228936,1129,1240,Boise St,Jacksonville St,1750.2612402141353,1569.9330015732564,8,15
2022_1129_1394,0.775799748109125,1129,1394,Boise St,TAM C. Christi,1750.2612402141353,1446.871728434155,8,16
2022_1129_1411,0.7830580739243258,1129,1411,Boise St,TX Southern,1750.2612402141353,1565.9975930452333,8,16
2022_1112_1129,0.2740280114344994,1129,1112,Boise St,Arizona,1750.2612402141353,1834.2550485377794,8,1
2022_1129_1437,0.30645235991605235,1129,1437,Boise St,Villanova,1750.2612402141353,1825.6389527604601,8,2
2022_1129_1397,0.34719040772692245,1129,1397,Boise St,Tennessee,1750.2612402141353,1793.9138536658204,8,3
2022_1129_1228,0.440260755207724,1129,1228,Boise St,Illinois,1750.2612402141353,1743.4717413030744,8,4
2022_1129_1222,0.35024652827351777,1129,1222,Boise St,Houston,1750.2612402141353,1827.554349059758,8,5
2022_1129_1161,0.4263959352344405,1129,1161,Boise St,Colorado St,1750.2612402141353,1736.7565025348324,8,6
2022_1129_1326,0.5267595983410593,1129,1326,Boise St,Ohio St,1750.2612402141353,1644.1052080865643,8,7
2022_1129_1371,0.5295161068439485,1129,1371,Boise St,Seton Hall,1750.2612402141353,1679.0038735560877,8,8
2022_1129_1395,0.5479776196812876,1129,1395,Boise St,TCU,1750.2612402141353,1631.9175900729285,8,9
2022_1129_1260,0.5276271473199001,1129,1260,Boise St,Loyola-Chicago,1750.2612402141353,1728.610266867969,8,10
2022_1129_1276,0.5672038930299932,1129,1276,Boise St,Michigan,1750.2612402141353,1672.715156428664,8,11
2022_1129_1412,0.6245204158757265,1129,1412,Boise St,UAB,1750.2612402141353,1691.8971925596084,8,12
2022_1129_1151,0.6716797120235776,1129,1151,Boise St,Chattanooga,1750.2612402141353,1692.3075267872991,8,13
2022_1129_1255,0.7285496749865203,1129,1255,Boise St,Longwood,1750.2612402141353,1608.804247555333,8,14
2022_1129_1174,0.7305810488529763,1129,1174,Boise St,Delaware,1750.2612402141353,1572.5924542652383,8,15
2022_1129_1136,0.7832683591110934,1129,1136,Boise St,Bryant,1750.2612402141353,1600.501589692621,8,16
2022_1129_1460,0.7705688146813143,1129,1460,Boise St,Wright St,1750.2612402141353,1583.367797473222,8,16
2022_1172_1272,0.5343964629506357,1272,1172,Memphis,Davidson,1719.3329125920548,1711.4948140059207,9,10
2022_1272_1323,0.6092507313519588,1272,1323,Memphis,Notre Dame,1719.3329125920548,1654.4294442487048,9,11
2022_1272_1353,0.5893784086733929,1272,1353,Memphis,Rutgers,1719.3329125920548,1637.632715657693,9,11
2022_1272_1308,0.6284906553867513,1272,1308,Memphis,New Mexico St,1719.3329125920548,1697.5374247173152,9,12
2022_1272_1436,0.586487407300287,1272,1436,Memphis,Vermont,1719.3329125920548,1712.3801095075978,9,13
2022_1272_1286,0.6976656086109494,1272,1286,Memphis,Montana St,1719.3329125920548,1648.907194296671,9,14
2022_1168_1272,0.7275180973993927,1272,1168,Memphis,CS Fullerton,1719.3329125920548,1551.74735381392,9,15
2022_1209_1272,0.7465219981737694,1272,1209,Memphis,Georgia St,1719.3329125920548,1619.491127745312,9,16
2022_1242_1272,0.2602940725223791,1272,1242,Memphis,Kansas,1719.3329125920548,1825.6355450626606,9,1
2022_1120_1272,0.32135066466850437,1272,1120,Memphis,Auburn,1719.3329125920548,1754.766605041748,9,2
2022_1272_1458,0.3775157741320939,1272,1458,Memphis,Wisconsin,1719.3329125920548,1739.2398150796869,9,3
2022_1272_1344,0.4388466381169943,1272,1344,Memphis,Providence,1719.3329125920548,1740.3699865463689,9,4
2022_1234_1272,0.4260045013691849,1272,1234,Memphis,Iowa,1719.3329125920548,1759.7067615492522,9,5
2022_1261_1272,0.42502018634050576,1272,1261,Memphis,LSU,1719.3329125920548,1670.076972932596,9,6
2022_1272_1425,0.4985179353922736,1272,1425,Memphis,USC,1719.3329125920548,1747.348483989828,9,7
2022_1272_1361,0.4494946859145876,1272,1361,Memphis,San Diego St,1719.3329125920548,1749.3509828117778,9,8
2022_1166_1272,0.5214622229337693,1272,1166,Memphis,Creighton,1719.3329125920548,1715.2241151553408,9,9
2022_1272_1274,0.5547317796086557,1272,1274,Memphis,Miami FL,1719.3329125920548,1659.1831151322328,9,10
2022_1235_1272,0.6016101609498135,1272,1235,Memphis,Iowa St,1719.3329125920548,1566.918414604053,9,11
2022_1272_1350,0.5837935793045217,1272,1350,Memphis,Richmond,1719.3329125920548,1677.745402069529,9,12
2022_1272_1355,0.6181190111373003,1272,1355,Memphis,S Dakota St,1719.3329125920548,1741.2571993589054,9,13
2022_1159_1272,0.6765987194441174,1272,1159,Memphis,Colgate,1719.3329125920548,1663.6000644018511,9,14
2022_1240_1272,0.7213455446945816,1272,1240,Memphis,Jacksonville St,1719.3329125920548,1569.9330015732564,9,15
2022_1272_1394,0.7553422935076317,1272,1394,Memphis,TAM C. Christi,1719.3329125920548,1446.871728434155,9,16
2022_1272_1411,0.7547919042177758,1272,1411,Memphis,TX Southern,1719.3329125920548,1565.9975930452333,9,16
2022_1112_1272,0.24166985992953893,1272,1112,Memphis,Arizona,1719.3329125920548,1834.2550485377794,9,1
2022_1272_1437,0.2883172117404381,1272,1437,Memphis,Villanova,1719.3329125920548,1825.6389527604601,9,2
2022_1272_1397,0.3060569427026124,1272,1397,Memphis,Tennessee,1719.3329125920548,1793.9138536658204,9,3
2022_1228_1272,0.4115719102956442,1272,1228,Memphis,Illinois,1719.3329125920548,1743.4717413030744,9,4
2022_1222_1272,0.328713665094561,1272,1222,Memphis,Houston,1719.3329125920548,1827.554349059758,9,5
2022_1161_1272,0.4113382158037969,1272,1161,Memphis,Colorado St,1719.3329125920548,1736.7565025348324,9,6
2022_1272_1326,0.49960704636277076,1272,1326,Memphis,Ohio St,1719.3329125920548,1644.1052080865643,9,7
2022_1272_1371,0.45880525180346926,1272,1371,Memphis,Seton Hall,1719.3329125920548,1679.0038735560877,9,8
2022_1272_1395,0.5584170877933503,1272,1395,Memphis,TCU,1719.3329125920548,1631.9175900729285,9,9
2022_1260_1272,0.49443003616087505,1272,1260,Memphis,Loyola-Chicago,1719.3329125920548,1728.610266867969,9,10
2022_1272_1276,0.5818900983363262,1272,1276,Memphis,Michigan,1719.3329125920548,1672.715156428664,9,11
2022_1272_1412,0.5631919937971288,1272,1412,Memphis,UAB,1719.3329125920548,1691.8971925596084,9,12
2022_1151_1272,0.6060887821648653,1272,1151,Memphis,Chattanooga,1719.3329125920548,1692.3075267872991,9,13
2022_1255_1272,0.7025731123350476,1272,1255,Memphis,Longwood,1719.3329125920548,1608.804247555333,9,14
2022_1174_1272,0.733942345617929,1272,1174,Memphis,Delaware,1719.3329125920548,1572.5924542652383,9,15
2022_1136_1272,0.7578303999968132,1272,1136,Memphis,Bryant,1719.3329125920548,1600.501589692621,9,16
2022_1272_1460,0.7578172869749626,1272,1460,Memphis,Wright St,1719.3329125920548,1583.367797473222,9,16
2022_1172_1323,0.5623462431763895,1172,1323,Davidson,Notre Dame,1711.4948140059207,1654.4294442487048,10,11
2022_1172_1353,0.5218165450429209,1172,1353,Davidson,Rutgers,1711.4948140059207,1637.632715657693,10,11
2022_1172_1308,0.6201739977627865,1172,1308,Davidson,New Mexico St,1711.4948140059207,1697.5374247173152,10,12
2022_1172_1436,0.5502978849056417,1172,1436,Davidson,Vermont,1711.4948140059207,1712.3801095075978,10,13
2022_1172_1286,0.6367203094695146,1172,1286,Davidson,Montana St,1711.4948140059207,1648.907194296671,10,14
2022_1168_1172,0.666960052337489,1172,1168,Davidson,CS Fullerton,1711.4948140059207,1551.74735381392,10,15
2022_1172_1209,0.6761529752003341,1172,1209,Davidson,Georgia St,1711.4948140059207,1619.491127745312,10,16
2022_1172_1242,0.21654934234087755,1172,1242,Davidson,Kansas,1711.4948140059207,1825.6355450626606,10,1
2022_1120_1172,0.3025605605976355,1172,1120,Davidson,Auburn,1711.4948140059207,1754.766605041748,10,2
2022_1172_1458,0.3538820974759499,1172,1458,Davidson,Wisconsin,1711.4948140059207,1739.2398150796869,10,3
2022_1172_1344,0.41931892550118877,1172,1344,Davidson,Providence,1711.4948140059207,1740.3699865463689,10,4
2022_1172_1234,0.3889531545974402,1172,1234,Davidson,Iowa,1711.4948140059207,1759.7067615492522,10,5
2022_1172_1261,0.40631789186257783,1172,1261,Davidson,LSU,1711.4948140059207,1670.076972932596,10,6
2022_1172_1425,0.48298613551824776,1172,1425,Davidson,USC,1711.4948140059207,1747.348483989828,10,7
2022_1172_1361,0.4599290240973365,1172,1361,Davidson,San Diego St,1711.4948140059207,1749.3509828117778,10,8
2022_1166_1172,0.527692545142245,1172,1166,Davidson,Creighton,1711.4948140059207,1715.2241151553408,10,9
2022_1172_1274,0.5175262153148652,1172,1274,Davidson,Miami FL,1711.4948140059207,1659.1831151322328,10,10
2022_1172_1235,0.5260734640692957,1172,1235,Davidson,Iowa St,1711.4948140059207,1566.918414604053,10,11
2022_1172_1350,0.5867555658846966,1172,1350,Davidson,Richmond,1711.4948140059207,1677.745402069529,10,12
2022_1172_1355,0.577577321493929,1172,1355,Davidson,S Dakota St,1711.4948140059207,1741.2571993589054,10,13
2022_1159_1172,0.6335518308613832,1172,1159,Davidson,Colgate,1711.4948140059207,1663.6000644018511,10,14
2022_1172_1240,0.6539162463806485,1172,1240,Davidson,Jacksonville St,1711.4948140059207,1569.9330015732564,10,15
2022_1172_1394,0.7361757316576629,1172,1394,Davidson,TAM C. Christi,1711.4948140059207,1446.871728434155,10,16
2022_1172_1411,0.720185906528154,1172,1411,Davidson,TX Southern,1711.4948140059207,1565.9975930452333,10,16
2022_1112_1172,0.22973626650040438,1172,1112,Davidson,Arizona,1711.4948140059207,1834.2550485377794,10,1
2022_1172_1437,0.2508426310555708,1172,1437,Davidson,Villanova,1711.4948140059207,1825.6389527604601,10,2
2022_1172_1397,0.321165569894735,1172,1397,Davidson,Tennessee,1711.4948140059207,1793.9138536658204,10,3
2022_1172_1228,0.38588545835145427,1172,1228,Davidson,Illinois,1711.4948140059207,1743.4717413030744,10,4
2022_1172_1222,0.3116295762993483,1172,1222,Davidson,Houston,1711.4948140059207,1827.554349059758,10,5
2022_1161_1172,0.39747791209477845,1172,1161,Davidson,Colorado St,1711.4948140059207,1736.7565025348324,10,6
2022_1172_1326,0.43215596500604836,1172,1326,Davidson,Ohio St,1711.4948140059207,1644.1052080865643,10,7
2022_1172_1371,0.44599208724202033,1172,1371,Davidson,Seton Hall,1711.4948140059207,1679.0038735560877,10,8
2022_1172_1395,0.496503818717074,1172,1395,Davidson,TCU,1711.4948140059207,1631.9175900729285,10,9
2022_1172_1260,0.4839851021766664,1172,1260,Davidson,Loyola-Chicago,1711.4948140059207,1728.610266867969,10,10
2022_1172_1276,0.5022709601258524,1172,1276,Davidson,Michigan,1711.4948140059207,1672.715156428664,10,11
2022_1172_1412,0.5576628367930523,1172,1412,Davidson,UAB,1711.4948140059207,1691.8971925596084,10,12
2022_1151_1172,0.5790695833805257,1172,1151,Davidson,Chattanooga,1711.4948140059207,1692.3075267872991,10,13
2022_1172_1255,0.6807071664069231,1172,1255,Davidson,Longwood,1711.4948140059207,1608.804247555333,10,14
2022_1172_1174,0.6637984133623456,1172,1174,Davidson,Delaware,1711.4948140059207,1572.5924542652383,10,15
2022_1136_1172,0.6933876582371383,1172,1136,Davidson,Bryant,1711.4948140059207,1600.501589692621,10,16
2022_1172_1460,0.6946044274555832,1172,1460,Davidson,Wright St,1711.4948140059207,1583.367797473222,10,16
2022_1323_1353,0.468352420628071,1323,1353,Notre Dame,Rutgers,1654.4294442487048,1637.632715657693,11,11
2022_1308_1323,0.5776857965325601,1323,1308,Notre Dame,New Mexico St,1654.4294442487048,1697.5374247173152,11,12
2022_1323_1436,0.4969662423759571,1323,1436,Notre Dame,Vermont,1654.4294442487048,1712.3801095075978,11,13
2022_1286_1323,0.624191878998583,1323,1286,Notre Dame,Montana St,1654.4294442487048,1648.907194296671,11,14
2022_1168_1323,0.6305050947402056,1323,1168,Notre Dame,CS Fullerton,1654.4294442487048,1551.74735381392,11,15
2022_1209_1323,0.6194813019893979,1323,1209,Notre Dame,Georgia St,1654.4294442487048,1619.491127745312,11,16
2022_1242_1323,0.1902314810815207,1323,1242,Notre Dame,Kansas,1654.4294442487048,1825.6355450626606,11,1
2022_1120_1323,0.2357886338896065,1323,1120,Notre Dame,Auburn,1654.4294442487048,1754.766605041748,11,2
2022_1323_1458,0.27819863726065275,1323,1458,Notre Dame,Wisconsin,1654.4294442487048,1739.2398150796869,11,3
2022_1323_1344,0.3623476110629479,1323,1344,Notre Dame,Providence,1654.4294442487048,1740.3699865463689,11,4
2022_1234_1323,0.3046698755634637,1323,1234,Notre Dame,Iowa,1654.4294442487048,1759.7067615492522,11,5
2022_1261_1323,0.39291219941155,1323,1261,Notre Dame,LSU,1654.4294442487048,1670.076972932596,11,6
2022_1323_1425,0.41088408448953095,1323,1425,Notre Dame,USC,1654.4294442487048,1747.348483989828,11,7
2022_1323_1361,0.395888408755953,1323,1361,Notre Dame,San Diego St,1654.4294442487048,1749.3509828117778,11,8
2022_1166_1323,0.44997650873364325,1323,1166,Notre Dame,Creighton,1654.4294442487048,1715.2241151553408,11,9
2022_1274_1323,0.47807594009883364,1323,1274,Notre Dame,Miami FL,1654.4294442487048,1659.1831151322328,11,10
2022_1235_1323,0.49980910718441024,1323,1235,Notre Dame,Iowa St,1654.4294442487048,1566.918414604053,11,11
2022_1323_1350,0.5359693699216135,1323,1350,Notre Dame,Richmond,1654.4294442487048,1677.745402069529,11,12
2022_1323_1355,0.4888988952666393,1323,1355,Notre Dame,S Dakota St,1654.4294442487048,1741.2571993589054,11,13
2022_1159_1323,0.6011822211387807,1323,1159,Notre Dame,Colgate,1654.4294442487048,1663.6000644018511,11,14
2022_1240_1323,0.6479805209372576,1323,1240,Notre Dame,Jacksonville St,1654.4294442487048,1569.9330015732564,11,15
2022_1323_1394,0.6950192517898892,1323,1394,Notre Dame,TAM C. Christi,1654.4294442487048,1446.871728434155,11,16
2022_1323_1411,0.6772961831949567,1323,1411,Notre Dame,TX Southern,1654.4294442487048,1565.9975930452333,11,16
2022_1112_1323,0.19415332887200035,1323,1112,Notre Dame,Arizona,1654.4294442487048,1834.2550485377794,11,1
2022_1323_1437,0.2155392671293526,1323,1437,Notre Dame,Villanova,1654.4294442487048,1825.6389527604601,11,2
2022_1323_1397,0.2615935804383528,1323,1397,Notre Dame,Tennessee,1654.4294442487048,1793.9138536658204,11,3
2022_1228_1323,0.3236544735960404,1323,1228,Notre Dame,Illinois,1654.4294442487048,1743.4717413030744,11,4
2022_1222_1323,0.28261886900790645,1323,1222,Notre Dame,Houston,1654.4294442487048,1827.554349059758,11,5
2022_1161_1323,0.32004134884850066,1323,1161,Notre Dame,Colorado St,1654.4294442487048,1736.7565025348324,11,6
2022_1323_1326,0.40067956068772737,1323,1326,Notre Dame,Ohio St,1654.4294442487048,1644.1052080865643,11,7
2022_1323_1371,0.4141694513317892,1323,1371,Notre Dame,Seton Hall,1654.4294442487048,1679.0038735560877,11,8
2022_1323_1395,0.43823570501507636,1323,1395,Notre Dame,TCU,1654.4294442487048,1631.9175900729285,11,9
2022_1260_1323,0.40314970531709154,1323,1260,Notre Dame,Loyola-Chicago,1654.4294442487048,1728.610266867969,11,10
2022_1276_1323,0.47958703935146346,1323,1276,Notre Dame,Michigan,1654.4294442487048,1672.715156428664,11,11
2022_1323_1412,0.4847766839598901,1323,1412,Notre Dame,UAB,1654.4294442487048,1691.8971925596084,11,12
2022_1151_1323,0.5036829109817615,1323,1151,Notre Dame,Chattanooga,1654.4294442487048,1692.3075267872991,11,13
2022_1255_1323,0.6214312153700048,1323,1255,Notre Dame,Longwood,1654.4294442487048,1608.804247555333,11,14
2022_1174_1323,0.6098303147290285,1323,1174,Notre Dame,Delaware,1654.4294442487048,1572.5924542652383,11,15
2022_1136_1323,0.6882052935026501,1323,1136,Notre Dame,Bryant,1654.4294442487048,1600.501589692621,11,16
2022_1323_1460,0.6695814199112271,1323,1460,Notre Dame,Wright St,1654.4294442487048,1583.367797473222,11,16
2022_1308_1353,0.5972745650147684,1353,1308,Rutgers,New Mexico St,1637.632715657693,1697.5374247173152,11,12
2022_1353_1436,0.507595769646751,1353,1436,Rutgers,Vermont,1637.632715657693,1712.3801095075978,11,13
2022_1286_1353,0.628305374348467,1353,1286,Rutgers,Montana St,1637.632715657693,1648.907194296671,11,14
2022_1168_1353,0.6616378077004488,1353,1168,Rutgers,CS Fullerton,1637.632715657693,1551.74735381392,11,15
2022_1209_1353,0.6402897454164838,1353,1209,Rutgers,Georgia St,1637.632715657693,1619.491127745312,11,16
2022_1242_1353,0.18874535847333587,1353,1242,Rutgers,Kansas,1637.632715657693,1825.6355450626606,11,1
2022_1120_1353,0.22759566999142458,1353,1120,Rutgers,Auburn,1637.632715657693,1754.766605041748,11,2
2022_1353_1458,0.29505524058506605,1353,1458,Rutgers,Wisconsin,1637.632715657693,1739.2398150796869,11,3
2022_1344_1353,0.3714606397084633,1353,1344,Rutgers,Providence,1637.632715657693,1740.3699865463689,11,4
2022_1234_1353,0.3259188271177621,1353,1234,Rutgers,Iowa,1637.632715657693,1759.7067615492522,11,5
2022_1261_1353,0.3743618332482962,1353,1261,Rutgers,LSU,1637.632715657693,1670.076972932596,11,6
2022_1353_1425,0.42671303668279115,1353,1425,Rutgers,USC,1637.632715657693,1747.348483989828,11,7
2022_1353_1361,0.38875035021274773,1353,1361,Rutgers,San Diego St,1637.632715657693,1749.3509828117778,11,8
2022_1166_1353,0.4819730867117774,1353,1166,Rutgers,Creighton,1637.632715657693,1715.2241151553408,11,9
2022_1274_1353,0.4914800859356638,1353,1274,Rutgers,Miami FL,1637.632715657693,1659.1831151322328,11,10
2022_1235_1353,0.5333971440792085,1353,1235,Rutgers,Iowa St,1637.632715657693,1566.918414604053,11,11
2022_1350_1353,0.547125392470289,1353,1350,Rutgers,Richmond,1637.632715657693,1677.745402069529,11,12
2022_1353_1355,0.5134435142904392,1353,1355,Rutgers,S Dakota St,1637.632715657693,1741.2571993589054,11,13
2022_1159_1353,0.5972688483837301,1353,1159,Rutgers,Colgate,1637.632715657693,1663.6000644018511,11,14
2022_1240_1353,0.6732779242728288,1353,1240,Rutgers,Jacksonville St,1637.632715657693,1569.9330015732564,11,15
2022_1353_1394,0.7075045324228619,1353,1394,Rutgers,TAM C. Christi,1637.632715657693,1446.871728434155,11,16
2022_1353_1411,0.6829875028990124,1353,1411,Rutgers,TX Southern,1637.632715657693,1565.9975930452333,11,16
2022_1112_1353,0.19228940222290672,1353,1112,Rutgers,Arizona,1637.632715657693,1834.2550485377794,11,1
2022_1353_1437,0.22545395589535525,1353,1437,Rutgers,Villanova,1637.632715657693,1825.6389527604601,11,2
2022_1353_1397,0.2605872528688681,1353,1397,Rutgers,Tennessee,1637.632715657693,1793.9138536658204,11,3
2022_1228_1353,0.3383999996117989,1353,1228,Rutgers,Illinois,1637.632715657693,1743.4717413030744,11,4
2022_1222_1353,0.27509653186925365,1353,1222,Rutgers,Houston,1637.632715657693,1827.554349059758,11,5
2022_1161_1353,0.34709231338278335,1353,1161,Rutgers,Colorado St,1637.632715657693,1736.7565025348324,11,6
2022_1326_1353,0.43034902432221833,1353,1326,Rutgers,Ohio St,1637.632715657693,1644.1052080865643,11,7
2022_1353_1371,0.4397874158975431,1353,1371,Rutgers,Seton Hall,1637.632715657693,1679.0038735560877,11,8
2022_1353_1395,0.48492062580288764,1353,1395,Rutgers,TCU,1637.632715657693,1631.9175900729285,11,9
2022_1260_1353,0.44009601691014727,1353,1260,Rutgers,Loyola-Chicago,1637.632715657693,1728.610266867969,11,10
2022_1276_1353,0.5022123217582704,1353,1276,Rutgers,Michigan,1637.632715657693,1672.715156428664,11,11
2022_1353_1412,0.48176067403309414,1353,1412,Rutgers,UAB,1637.632715657693,1691.8971925596084,11,12
2022_1151_1353,0.5308810989886394,1353,1151,Rutgers,Chattanooga,1637.632715657693,1692.3075267872991,11,13
2022_1255_1353,0.6205785411241704,1353,1255,Rutgers,Longwood,1637.632715657693,1608.804247555333,11,14
2022_1174_1353,0.6581435450051363,1353,1174,Rutgers,Delaware,1637.632715657693,1572.5924542652383,11,15
2022_1136_1353,0.6806466347835873,1353,1136,Rutgers,Bryant,1637.632715657693,1600.501589692621,11,16
2022_1353_1460,0.6935074395798062,1353,1460,Rutgers,Wright St,1637.632715657693,1583.367797473222,11,16
2022_1308_1436,0.4505461238955743,1308,1436,New Mexico St,Vermont,1697.5374247173152,1712.3801095075978,12,13
2022_1286_1308,0.551263577821838,1308,1286,New Mexico St,Montana St,1697.5374247173152,1648.907194296671,12,14
2022_1168_1308,0.5406810330990011,1308,1168,New Mexico St,CS Fullerton,1697.5374247173152,1551.74735381392,12,15
2022_1209_1308,0.5533171915147836,1308,1209,New Mexico St,Georgia St,1697.5374247173152,1619.491127745312,12,16
2022_1242_1308,0.14015551556805775,1308,1242,New Mexico St,Kansas,1697.5374247173152,1825.6355450626606,12,1
2022_1120_1308,0.17341417584446586,1308,1120,New Mexico St,Auburn,1697.5374247173152,1754.766605041748,12,2
2022_1308_1458,0.24366815931265642,1308,1458,New Mexico St,Wisconsin,1697.5374247173152,1739.2398150796869,12,3
2022_1308_1344,0.2978373171822798,1308,1344,New Mexico St,Providence,1697.5374247173152,1740.3699865463689,12,4
2022_1234_1308,0.2570866018764416,1308,1234,New Mexico St,Iowa,1697.5374247173152,1759.7067615492522,12,5
2022_1261_1308,0.3009098953617425,1308,1261,New Mexico St,LSU,1697.5374247173152,1670.076972932596,12,6
2022_1308_1425,0.33862299999968093,1308,1425,New Mexico St,USC,1697.5374247173152,1747.348483989828,12,7
2022_1308_1361,0.31651700877804223,1308,1361,New Mexico St,San Diego St,1697.5374247173152,1749.3509828117778,12,8
2022_1166_1308,0.41408837411373345,1308,1166,New Mexico St,Creighton,1697.5374247173152,1715.2241151553408,12,9
2022_1274_1308,0.41107704978884574,1308,1274,New Mexico St,Miami FL,1697.5374247173152,1659.1831151322328,12,10
2022_1235_1308,0.41902120777614077,1308,1235,New Mexico St,Iowa St,1697.5374247173152,1566.918414604053,12,11
2022_1308_1350,0.44772627800703063,1308,1350,New Mexico St,Richmond,1697.5374247173152,1677.745402069529,12,12
2022_1308_1355,0.468902387533117,1308,1355,New Mexico St,S Dakota St,1697.5374247173152,1741.2571993589054,12,13
2022_1159_1308,0.5430454682141415,1308,1159,New Mexico St,Colgate,1697.5374247173152,1663.6000644018511,12,14
2022_1240_1308,0.5625292944553548,1308,1240,New Mexico St,Jacksonville St,1697.5374247173152,1569.9330015732564,12,15
2022_1308_1394,0.6439712145064409,1308,1394,New Mexico St,TAM C. Christi,1697.5374247173152,1446.871728434155,12,16
2022_1308_1411,0.6250741579268511,1308,1411,New Mexico St,TX Southern,1697.5374247173152,1565.9975930452333,12,16
2022_1112_1308,0.14805184950093433,1308,1112,New Mexico St,Arizona,1697.5374247173152,1834.2550485377794,12,1
2022_1308_1437,0.17616193879274047,1308,1437,New Mexico St,Villanova,1697.5374247173152,1825.6389527604601,12,2
2022_1308_1397,0.19521615452235033,1308,1397,New Mexico St,Tennessee,1697.5374247173152,1793.9138536658204,12,3
2022_1228_1308,0.2666050346629393,1308,1228,New Mexico St,Illinois,1697.5374247173152,1743.4717413030744,12,4
2022_1222_1308,0.23146298977059523,1308,1222,New Mexico St,Houston,1697.5374247173152,1827.554349059758,12,5
2022_1161_1308,0.29190608477719737,1308,1161,New Mexico St,Colorado St,1697.5374247173152,1736.7565025348324,12,6
2022_1308_1326,0.3345084913708357,1308,1326,New Mexico St,Ohio St,1697.5374247173152,1644.1052080865643,12,7
2022_1308_1371,0.3422503791119522,1308,1371,New Mexico St,Seton Hall,1697.5374247173152,1679.0038735560877,12,8
2022_1308_1395,0.37310635868280617,1308,1395,New Mexico St,TCU,1697.5374247173152,1631.9175900729285,12,9
2022_1260_1308,0.3721265394657981,1308,1260,New Mexico St,Loyola-Chicago,1697.5374247173152,1728.610266867969,12,10
2022_1276_1308,0.39752474048383196,1308,1276,New Mexico St,Michigan,1697.5374247173152,1672.715156428664,12,11
2022_1308_1412,0.4365921005606653,1308,1412,New Mexico St,UAB,1697.5374247173152,1691.8971925596084,12,12
2022_1151_1308,0.4511574589347131,1308,1151,New Mexico St,Chattanooga,1697.5374247173152,1692.3075267872991,12,13
2022_1255_1308,0.584114946010696,1308,1255,New Mexico St,Longwood,1697.5374247173152,1608.804247555333,12,14
2022_1174_1308,0.5633991497400457,1308,1174,New Mexico St,Delaware,1697.5374247173152,1572.5924542652383,12,15
2022_1136_1308,0.6144204833243425,1308,1136,New Mexico St,Bryant,1697.5374247173152,1600.501589692621,12,16
2022_1308_1460,0.5876161851618822,1308,1460,New Mexico St,Wright St,1697.5374247173152,1583.367797473222,12,16
2022_1286_1436,0.6019524567460306,1436,1286,Vermont,Montana St,1712.3801095075978,1648.907194296671,13,14
2022_1168_1436,0.6197214196950069,1436,1168,Vermont,CS Fullerton,1712.3801095075978,1551.74735381392,13,15
2022_1209_1436,0.6434989857319051,1436,1209,Vermont,Georgia St,1712.3801095075978,1619.491127745312,13,16
2022_1242_1436,0.1388006116864042,1436,1242,Vermont,Kansas,1712.3801095075978,1825.6355450626606,13,1
2022_1120_1436,0.26017118518213433,1436,1120,Vermont,Auburn,1712.3801095075978,1754.766605041748,13,2
2022_1436_1458,0.29303362730768834,1436,1458,Vermont,Wisconsin,1712.3801095075978,1739.2398150796869,13,3
2022_1344_1436,0.33958593553965377,1436,1344,Vermont,Providence,1712.3801095075978,1740.3699865463689,13,4
2022_1234_1436,0.2671263964907896,1436,1234,Vermont,Iowa,1712.3801095075978,1759.7067615492522,13,5
2022_1261_1436,0.3708411835364739,1436,1261,Vermont,LSU,1712.3801095075978,1670.076972932596,13,6
2022_1425_1436,0.4329418054831834,1436,1425,Vermont,USC,1712.3801095075978,1747.348483989828,13,7
2022_1361_1436,0.40968262187019866,1436,1361,Vermont,San Diego St,1712.3801095075978,1749.3509828117778,13,8
2022_1166_1436,0.46034385481137696,1436,1166,Vermont,Creighton,1712.3801095075978,1715.2241151553408,13,9
2022_1274_1436,0.4648202938196012,1436,1274,Vermont,Miami FL,1712.3801095075978,1659.1831151322328,13,10
2022_1235_1436,0.5032870520323646,1436,1235,Vermont,Iowa St,1712.3801095075978,1566.918414604053,13,11
2022_1350_1436,0.511524382915568,1436,1350,Vermont,Richmond,1712.3801095075978,1677.745402069529,13,12
2022_1355_1436,0.5327691644430161,1436,1355,Vermont,S Dakota St,1712.3801095075978,1741.2571993589054,13,13
2022_1159_1436,0.6073052965735681,1436,1159,Vermont,Colgate,1712.3801095075978,1663.6000644018511,13,14
2022_1240_1436,0.6140655349522701,1436,1240,Vermont,Jacksonville St,1712.3801095075978,1569.9330015732564,13,15
2022_1394_1436,0.6832323211076909,1436,1394,Vermont,TAM C. Christi,1712.3801095075978,1446.871728434155,13,16
2022_1411_1436,0.6408304708841497,1436,1411,Vermont,TX Southern,1712.3801095075978,1565.9975930452333,13,16
2022_1112_1436,0.1521665919241266,1436,1112,Vermont,Arizona,1712.3801095075978,1834.2550485377794,13,1
2022_1436_1437,0.17403649811605618,1436,1437,Vermont,Villanova,1712.3801095075978,1825.6389527604601,13,2
2022_1397_1436,0.25706568125513707,1436,1397,Vermont,Tennessee,1712.3801095075978,1793.9138536658204,13,3
2022_1228_1436,0.3317392820781975,1436,1228,Vermont,Illinois,1712.3801095075978,1743.4717413030744,13,4
2022_1222_1436,0.24649446104333517,1436,1222,Vermont,Houston,1712.3801095075978,1827.554349059758,13,5
2022_1161_1436,0.2979481600455681,1436,1161,Vermont,Colorado St,1712.3801095075978,1736.7565025348324,13,6
2022_1326_1436,0.3999090007556291,1436,1326,Vermont,Ohio St,1712.3801095075978,1644.1052080865643,13,7
2022_1371_1436,0.3889942221976904,1436,1371,Vermont,Seton Hall,1712.3801095075978,1679.0038735560877,13,8
2022_1395_1436,0.4507360331084198,1436,1395,Vermont,TCU,1712.3801095075978,1631.9175900729285,13,9
2022_1260_1436,0.4055762198921987,1436,1260,Vermont,Loyola-Chicago,1712.3801095075978,1728.610266867969,13,10
2022_1276_1436,0.4511273552149665,1436,1276,Vermont,Michigan,1712.3801095075978,1672.715156428664,13,11
2022_1412_1436,0.5054934210444209,1436,1412,Vermont,UAB,1712.3801095075978,1691.8971925596084,13,12
2022_1151_1436,0.5111538231372834,1436,1151,Vermont,Chattanooga,1712.3801095075978,1692.3075267872991,13,13
2022_1255_1436,0.6096334539984949,1436,1255,Vermont,Longwood,1712.3801095075978,1608.804247555333,13,14
2022_1174_1436,0.6183197121649853,1436,1174,Vermont,Delaware,1712.3801095075978,1572.5924542652383,13,15
2022_1136_1436,0.6634220617654973,1436,1136,Vermont,Bryant,1712.3801095075978,1600.501589692621,13,16
2022_1436_1460,0.6434615242126638,1436,1460,Vermont,Wright St,1712.3801095075978,1583.367797473222,13,16
2022_1168_1286,0.5283351772164591,1286,1168,Montana St,CS Fullerton,1648.907194296671,1551.74735381392,14,15
2022_1209_1286,0.5037787105470768,1286,1209,Montana St,Georgia St,1648.907194296671,1619.491127745312,14,16
2022_1242_1286,0.08989344012303349,1286,1242,Montana St,Kansas,1648.907194296671,1825.6355450626606,14,1
2022_1120_1286,0.11953726780086324,1286,1120,Montana St,Auburn,1648.907194296671,1754.766605041748,14,2
2022_1286_1458,0.171349226431648,1286,1458,Montana St,Wisconsin,1648.907194296671,1739.2398150796869,14,3
2022_1286_1344,0.21118884298828758,1286,1344,Montana St,Providence,1648.907194296671,1740.3699865463689,14,4
2022_1234_1286,0.20172720573013117,1286,1234,Montana St,Iowa,1648.907194296671,1759.7067615492522,14,5
2022_1261_1286,0.25505415369436857,1286,1261,Montana St,LSU,1648.907194296671,1670.076972932596,14,6
2022_1286_1425,0.285595678561155,1286,1425,Montana St,USC,1648.907194296671,1747.348483989828,14,7
2022_1286_1361,0.28750702729948474,1286,1361,Montana St,San Diego St,1648.907194296671,1749.3509828117778,14,8
2022_1166_1286,0.3338580333329825,1286,1166,Montana St,Creighton,1648.907194296671,1715.2241151553408,14,9
2022_1274_1286,0.36422413059729997,1286,1274,Montana St,Miami FL,1648.907194296671,1659.1831151322328,14,10
2022_1235_1286,0.4187746626493284,1286,1235,Montana St,Iowa St,1648.907194296671,1566.918414604053,14,11
2022_1286_1350,0.41507987421454307,1286,1350,Montana St,Richmond,1648.907194296671,1677.745402069529,14,12
2022_1286_1355,0.42940544703252276,1286,1355,Montana St,S Dakota St,1648.907194296671,1741.2571993589054,14,13
2022_1159_1286,0.4921483159065248,1286,1159,Montana St,Colgate,1648.907194296671,1663.6000644018511,14,14
2022_1240_1286,0.5153015636538751,1286,1240,Montana St,Jacksonville St,1648.907194296671,1569.9330015732564,14,15
2022_1286_1394,0.6074407618075481,1286,1394,Montana St,TAM C. Christi,1648.907194296671,1446.871728434155,14,16
2022_1286_1411,0.5652364860802761,1286,1411,Montana St,TX Southern,1648.907194296671,1565.9975930452333,14,16
2022_1112_1286,0.08961691182417866,1286,1112,Montana St,Arizona,1648.907194296671,1834.2550485377794,14,1
2022_1286_1437,0.12035481628447339,1286,1437,Montana St,Villanova,1648.907194296671,1825.6389527604601,14,2
2022_1286_1397,0.15815272827605412,1286,1397,Montana St,Tennessee,1648.907194296671,1793.9138536658204,14,3
2022_1228_1286,0.19241099569824852,1286,1228,Montana St,Illinois,1648.907194296671,1743.4717413030744,14,4
2022_1222_1286,0.18500268629854014,1286,1222,Montana St,Houston,1648.907194296671,1827.554349059758,14,5
2022_1161_1286,0.21111256834731218,1286,1161,Montana St,Colorado St,1648.907194296671,1736.7565025348324,14,6
2022_1286_1326,0.2778065882853905,1286,1326,Montana St,Ohio St,1648.907194296671,1644.1052080865643,14,7
2022_1286_1371,0.2885909936440797,1286,1371,Montana St,Seton Hall,1648.907194296671,1679.0038735560877,14,8
2022_1286_1395,0.33477560213581603,1286,1395,Montana St,TCU,1648.907194296671,1631.9175900729285,14,9
2022_1260_1286,0.30687432953376237,1286,1260,Montana St,Loyola-Chicago,1648.907194296671,1728.610266867969,14,10
2022_1276_1286,0.3753291648980924,1286,1276,Montana St,Michigan,1648.907194296671,1672.715156428664,14,11
2022_1286_1412,0.4001236904829871,1286,1412,Montana St,UAB,1648.907194296671,1691.8971925596084,14,12
2022_1151_1286,0.40325112262017687,1286,1151,Montana St,Chattanooga,1648.907194296671,1692.3075267872991,14,13
2022_1255_1286,0.46689322441816344,1286,1255,Montana St,Longwood,1648.907194296671,1608.804247555333,14,14
2022_1174_1286,0.5386094086503275,1286,1174,Montana St,Delaware,1648.907194296671,1572.5924542652383,14,15
2022_1136_1286,0.5618592273026577,1286,1136,Montana St,Bryant,1648.907194296671,1600.501589692621,14,16
2022_1286_1460,0.5634280364543072,1286,1460,Montana St,Wright St,1648.907194296671,1583.367797473222,14,16
2022_1168_1209,0.46884054771416256,1168,1209,CS Fullerton,Georgia St,1551.74735381392,1619.491127745312,15,16
2022_1168_1242,0.06936608991273155,1168,1242,CS Fullerton,Kansas,1551.74735381392,1825.6355450626606,15,1
2022_1120_1168,0.09686724689168927,1168,1120,CS Fullerton,Auburn,1551.74735381392,1754.766605041748,15,2
2022_1168_1458,0.13774692822664544,1168,1458,CS Fullerton,Wisconsin,1551.74735381392,1739.2398150796869,15,3
2022_1168_1344,0.19464057211736843,1168,1344,CS Fullerton,Providence,1551.74735381392,1740.3699865463689,15,4
2022_1168_1234,0.1764423786464087,1168,1234,CS Fullerton,Iowa,1551.74735381392,1759.7067615492522,15,5
2022_1168_1261,0.21589547938769152,1168,1261,CS Fullerton,LSU,1551.74735381392,1670.076972932596,15,6
2022_1168_1425,0.29578787852690336,1168,1425,CS Fullerton,USC,1551.74735381392,1747.348483989828,15,7
2022_1168_1361,0.25323185401481785,1168,1361,CS Fullerton,San Diego St,1551.74735381392,1749.3509828117778,15,8
2022_1166_1168,0.31176121896632625,1168,1166,CS Fullerton,Creighton,1551.74735381392,1715.2241151553408,15,9
2022_1168_1274,0.30784400335327666,1168,1274,CS Fullerton,Miami FL,1551.74735381392,1659.1831151322328,15,10
2022_1168_1235,0.3794874794151253,1168,1235,CS Fullerton,Iowa St,1551.74735381392,1566.918414604053,15,11
2022_1168_1350,0.37554592463939873,1168,1350,CS Fullerton,Richmond,1551.74735381392,1677.745402069529,15,12
2022_1168_1355,0.3960108954876792,1168,1355,CS Fullerton,S Dakota St,1551.74735381392,1741.2571993589054,15,13
2022_1159_1168,0.44189779826648196,1168,1159,CS Fullerton,Colgate,1551.74735381392,1663.6000644018511,15,14
2022_1168_1240,0.5003633558750153,1168,1240,CS Fullerton,Jacksonville St,1551.74735381392,1569.9330015732564,15,15
2022_1168_1394,0.6157396816348322,1168,1394,CS Fullerton,TAM C. Christi,1551.74735381392,1446.871728434155,15,16
2022_1168_1411,0.565626957330633,1168,1411,CS Fullerton,TX Southern,1551.74735381392,1565.9975930452333,15,16
2022_1112_1168,0.06841816371925583,1168,1112,CS Fullerton,Arizona,1551.74735381392,1834.2550485377794,15,1
2022_1168_1437,0.09043900888724324,1168,1437,CS Fullerton,Villanova,1551.74735381392,1825.6389527604601,15,2
2022_1168_1397,0.13056431521147058,1168,1397,CS Fullerton,Tennessee,1551.74735381392,1793.9138536658204,15,3
2022_1168_1228,0.16758242149810001,1168,1228,CS Fullerton,Illinois,1551.74735381392,1743.4717413030744,15,4
2022_1168_1222,0.16651455823210395,1168,1222,CS Fullerton,Houston,1551.74735381392,1827.554349059758,15,5
2022_1161_1168,0.1987058872646599,1168,1161,CS Fullerton,Colorado St,1551.74735381392,1736.7565025348324,15,6
2022_1168_1326,0.2632894666926634,1168,1326,CS Fullerton,Ohio St,1551.74735381392,1644.1052080865643,15,7
2022_1168_1371,0.25038980024379887,1168,1371,CS Fullerton,Seton Hall,1551.74735381392,1679.0038735560877,15,8
2022_1168_1395,0.2815133704853864,1168,1395,CS Fullerton,TCU,1551.74735381392,1631.9175900729285,15,9
2022_1168_1260,0.3083214849867014,1168,1260,CS Fullerton,Loyola-Chicago,1551.74735381392,1728.610266867969,15,10
2022_1168_1276,0.32370041900534097,1168,1276,CS Fullerton,Michigan,1551.74735381392,1672.715156428664,15,11
2022_1168_1412,0.35153649944632737,1168,1412,CS Fullerton,UAB,1551.74735381392,1691.8971925596084,15,12
2022_1151_1168,0.38896174472273704,1168,1151,CS Fullerton,Chattanooga,1551.74735381392,1692.3075267872991,15,13
2022_1168_1255,0.4424940607810732,1168,1255,CS Fullerton,Longwood,1551.74735381392,1608.804247555333,15,14
2022_1168_1174,0.5027574062347413,1168,1174,CS Fullerton,Delaware,1551.74735381392,1572.5924542652383,15,15
2022_1136_1168,0.5197236471509226,1168,1136,CS Fullerton,Bryant,1551.74735381392,1600.501589692621,15,16
2022_1168_1460,0.5260907494162805,1168,1460,CS Fullerton,Wright St,1551.74735381392,1583.367797473222,15,16
2022_1209_1242,0.03502164587378502,1209,1242,Georgia St,Kansas,1619.491127745312,1825.6355450626606,16,1
2022_1120_1209,0.06915655909724941,1209,1120,Georgia St,Auburn,1619.491127745312,1754.766605041748,16,2
2022_1209_1458,0.11446622606678006,1209,1458,Georgia St,Wisconsin,1619.491127745312,1739.2398150796869,16,3
2022_1209_1344,0.16344530318349168,1209,1344,Georgia St,Providence,1619.491127745312,1740.3699865463689,16,4
2022_1209_1234,0.14784889941076443,1209,1234,Georgia St,Iowa,1619.491127745312,1759.7067615492522,16,5
2022_1209_1261,0.19791807744530357,1209,1261,Georgia St,LSU,1619.491127745312,1670.076972932596,16,6
2022_1209_1425,0.2819039726919441,1209,1425,Georgia St,USC,1619.491127745312,1747.348483989828,16,7
2022_1209_1361,0.2364357190267813,1209,1361,Georgia St,San Diego St,1619.491127745312,1749.3509828117778,16,8
2022_1166_1209,0.294308178894941,1209,1166,Georgia St,Creighton,1619.491127745312,1715.2241151553408,16,9
2022_1209_1274,0.3259391895545335,1209,1274,Georgia St,Miami FL,1619.491127745312,1659.1831151322328,16,10
2022_1209_1235,0.3987095706798224,1209,1235,Georgia St,Iowa St,1619.491127745312,1566.918414604053,16,11
2022_1209_1350,0.3497715092565483,1209,1350,Georgia St,Richmond,1619.491127745312,1677.745402069529,16,12
2022_1209_1355,0.3858607170340368,1209,1355,Georgia St,S Dakota St,1619.491127745312,1741.2571993589054,16,13
2022_1159_1209,0.43489937227667685,1209,1159,Georgia St,Colgate,1619.491127745312,1663.6000644018511,16,14
2022_1209_1240,0.4791484958792444,1209,1240,Georgia St,Jacksonville St,1619.491127745312,1569.9330015732564,16,15
2022_1209_1394,0.5900816082954408,1209,1394,Georgia St,TAM C. Christi,1619.491127745312,1446.871728434155,16,16
2022_1209_1411,0.5449394196271897,1209,1411,Georgia St,TX Southern,1619.491127745312,1565.9975930452333,16,16
2022_1112_1209,0.045161291882395746,1209,1112,Georgia St,Arizona,1619.491127745312,1834.2550485377794,16,1
2022_1209_1437,0.05945769316204299,1209,1437,Georgia St,Villanova,1619.491127745312,1825.6389527604601,16,2
2022_1209_1397,0.09359992701871392,1209,1397,Georgia St,Tennessee,1619.491127745312,1793.9138536658204,16,3
2022_1209_1228,0.13908975754349992,1209,1228,Georgia St,Illinois,1619.491127745312,1743.4717413030744,16,4
2022_1209_1222,0.1377430548236768,1209,1222,Georgia St,Houston,1619.491127745312,1827.554349059758,16,5
2022_1161_1209,0.18259560827044166,1209,1161,Georgia St,Colorado St,1619.491127745312,1736.7565025348324,16,6
2022_1209_1326,0.2462864423460274,1209,1326,Georgia St,Ohio St,1619.491127745312,1644.1052080865643,16,7
2022_1209_1371,0.2261158863143694,1209,1371,Georgia St,Seton Hall,1619.491127745312,1679.0038735560877,16,8
2022_1209_1395,0.2812507458261887,1209,1395,Georgia St,TCU,1619.491127745312,1631.9175900729285,16,9
2022_1209_1260,0.2761686815930219,1209,1260,Georgia St,Loyola-Chicago,1619.491127745312,1728.610266867969,16,10
2022_1209_1276,0.32318664870039504,1209,1276,Georgia St,Michigan,1619.491127745312,1672.715156428664,16,11
2022_1209_1412,0.31687231579083863,1209,1412,Georgia St,UAB,1619.491127745312,1691.8971925596084,16,12
2022_1151_1209,0.35560626361339776,1209,1151,Georgia St,Chattanooga,1619.491127745312,1692.3075267872991,16,13
2022_1209_1255,0.4208307091564071,1209,1255,Georgia St,Longwood,1619.491127745312,1608.804247555333,16,14
2022_1174_1209,0.4942310042048212,1209,1174,Georgia St,Delaware,1619.491127745312,1572.5924542652383,16,15
2022_1136_1209,0.5322015345096589,1209,1136,Georgia St,Bryant,1619.491127745312,1600.501589692621,16,16
2022_1209_1460,0.49973329007625594,1209,1460,Georgia St,Wright St,1619.491127745312,1583.367797473222,16,16
2022_1120_1242,0.5336852603291757,1242,1120,Kansas,Auburn,1825.6355450626606,1754.766605041748,1,2
2022_1242_1458,0.6037141155034176,1242,1458,Kansas,Wisconsin,1825.6355450626606,1739.2398150796869,1,3
2022_1242_1344,0.645081891382044,1242,1344,Kansas,Providence,1825.6355450626606,1740.3699865463689,1,4
2022_1234_1242,0.6596766956780489,1242,1234,Kansas,Iowa,1825.6355450626606,1759.7067615492522,1,5
2022_1242_1261,0.6221291489265774,1242,1261,Kansas,LSU,1825.6355450626606,1670.076972932596,1,6
2022_1242_1425,0.7254535415159851,1242,1425,Kansas,USC,1825.6355450626606,1747.348483989828,1,7
2022_1242_1361,0.7172289229698738,1242,1361,Kansas,San Diego St,1825.6355450626606,1749.3509828117778,1,8
2022_1166_1242,0.7652077941162814,1242,1166,Kansas,Creighton,1825.6355450626606,1715.2241151553408,1,9
2022_1242_1274,0.7599897449546549,1242,1274,Kansas,Miami FL,1825.6355450626606,1659.1831151322328,1,10
2022_1235_1242,0.763257800900663,1242,1235,Kansas,Iowa St,1825.6355450626606,1566.918414604053,1,11
2022_1242_1350,0.819674672438105,1242,1350,Kansas,Richmond,1825.6355450626606,1677.745402069529,1,12
2022_1242_1355,0.8593225282016441,1242,1355,Kansas,S Dakota St,1825.6355450626606,1741.2571993589054,1,13
2022_1159_1242,0.9003785759552003,1242,1159,Kansas,Colgate,1825.6355450626606,1663.6000644018511,1,14
2022_1240_1242,0.9198898532365967,1242,1240,Kansas,Jacksonville St,1825.6355450626606,1569.9330015732564,1,15
2022_1242_1394,0.949957902431488,1242,1394,Kansas,TAM C. Christi,1825.6355450626606,1446.871728434155,1,16
2022_1242_1411,0.9521895897388458,1242,1411,Kansas,TX Southern,1825.6355450626606,1565.9975930452333,1,16
2022_1112_1242,0.5144614338874818,1242,1112,Kansas,Arizona,1825.6355450626606,1834.2550485377794,1,1
2022_1242_1437,0.5159854524468668,1242,1437,Kansas,Villanova,1825.6355450626606,1825.6389527604601,1,2
2022_1242_1397,0.516243464830505,1242,1397,Kansas,Tennessee,1825.6355450626606,1793.9138536658204,1,3
2022_1228_1242,0.5993155526760274,1242,1228,Kansas,Illinois,1825.6355450626606,1743.4717413030744,1,4
2022_1222_1242,0.5430619069073732,1242,1222,Kansas,Houston,1825.6355450626606,1827.554349059758,1,5
2022_1161_1242,0.679001039948306,1242,1161,Kansas,Colorado St,1825.6355450626606,1736.7565025348324,1,6
2022_1242_1326,0.6882113226639419,1242,1326,Kansas,Ohio St,1825.6355450626606,1644.1052080865643,1,7
2022_1242_1371,0.6934340335198006,1242,1371,Kansas,Seton Hall,1825.6355450626606,1679.0038735560877,1,8
2022_1242_1395,0.73417146186664,1242,1395,Kansas,TCU,1825.6355450626606,1631.9175900729285,1,9
2022_1242_1260,0.79057828240926,1242,1260,Kansas,Loyola-Chicago,1825.6355450626606,1728.610266867969,1,10
2022_1242_1276,0.774658768737043,1242,1276,Kansas,Michigan,1825.6355450626606,1672.715156428664,1,11
2022_1242_1412,0.8400039541258415,1242,1412,Kansas,UAB,1825.6355450626606,1691.8971925596084,1,12
2022_1151_1242,0.8757550519290611,1242,1151,Kansas,Chattanooga,1825.6355450626606,1692.3075267872991,1,13
2022_1242_1255,0.899498155747223,1242,1255,Kansas,Longwood,1825.6355450626606,1608.804247555333,1,14
2022_1174_1242,0.9308673896764923,1242,1174,Kansas,Delaware,1825.6355450626606,1572.5924542652383,1,15
2022_1136_1242,0.9592191231250763,1242,1136,Kansas,Bryant,1825.6355450626606,1600.501589692621,1,16
2022_1242_1460,0.9570639085769653,1242,1460,Kansas,Wright St,1825.6355450626606,1583.367797473222,1,16
2022_1120_1458,0.5423317187165506,1120,1458,Auburn,Wisconsin,1754.766605041748,1739.2398150796869,2,3
2022_1120_1344,0.5834112982779613,1120,1344,Auburn,Providence,1754.766605041748,1740.3699865463689,2,4
2022_1120_1234,0.5804489093664342,1120,1234,Auburn,Iowa,1754.766605041748,1759.7067615492522,2,5
2022_1120_1261,0.6263736434910829,1120,1261,Auburn,LSU,1754.766605041748,1670.076972932596,2,6
2022_1120_1425,0.6665100223682736,1120,1425,Auburn,USC,1754.766605041748,1747.348483989828,2,7
2022_1120_1361,0.6364757724987655,1120,1361,Auburn,San Diego St,1754.766605041748,1749.3509828117778,2,8
2022_1120_1166,0.7103204764195046,1120,1166,Auburn,Creighton,1754.766605041748,1715.2241151553408,2,9
2022_1120_1274,0.7530143527252902,1120,1274,Auburn,Miami FL,1754.766605041748,1659.1831151322328,2,10
2022_1120_1235,0.770974240236828,1120,1235,Auburn,Iowa St,1754.766605041748,1566.918414604053,2,11
2022_1120_1350,0.7950199538108955,1120,1350,Auburn,Richmond,1754.766605041748,1677.745402069529,2,12
2022_1120_1355,0.7839049416317543,1120,1355,Auburn,S Dakota St,1754.766605041748,1741.2571993589054,2,13
2022_1120_1159,0.8672922354522392,1120,1159,Auburn,Colgate,1754.766605041748,1663.6000644018511,2,14
2022_1120_1240,0.8960867435081483,1120,1240,Auburn,Jacksonville St,1754.766605041748,1569.9330015732564,2,15
2022_1120_1394,0.9316121795152832,1120,1394,Auburn,TAM C. Christi,1754.766605041748,1446.871728434155,2,16
2022_1120_1411,0.9267212607835937,1120,1411,Auburn,TX Southern,1754.766605041748,1565.9975930452333,2,16
2022_1112_1120,0.4324064887428995,1120,1112,Auburn,Arizona,1754.766605041748,1834.2550485377794,2,1
2022_1120_1437,0.4659478202462198,1120,1437,Auburn,Villanova,1754.766605041748,1825.6389527604601,2,2
2022_1120_1397,0.49510673514359066,1120,1397,Auburn,Tennessee,1754.766605041748,1793.9138536658204,2,3
2022_1120_1228,0.562747485521423,1120,1228,Auburn,Illinois,1754.766605041748,1743.4717413030744,2,4
2022_1120_1222,0.5017655256035978,1120,1222,Auburn,Houston,1754.766605041748,1827.554349059758,2,5
2022_1120_1161,0.5801836498711641,1120,1161,Auburn,Colorado St,1754.766605041748,1736.7565025348324,2,6
2022_1120_1326,0.68557815917953,1120,1326,Auburn,Ohio St,1754.766605041748,1644.1052080865643,2,7
2022_1120_1371,0.6937747158991485,1120,1371,Auburn,Seton Hall,1754.766605041748,1679.0038735560877,2,8
2022_1120_1395,0.7233580536909661,1120,1395,Auburn,TCU,1754.766605041748,1631.9175900729285,2,9
2022_1120_1260,0.6565993694527377,1120,1260,Auburn,Loyola-Chicago,1754.766605041748,1728.610266867969,2,10
2022_1120_1276,0.7671106224590036,1120,1276,Auburn,Michigan,1754.766605041748,1672.715156428664,2,11
2022_1120_1412,0.7860645347473274,1120,1412,Auburn,UAB,1754.766605041748,1691.8971925596084,2,12
2022_1120_1151,0.8198739903702339,1120,1151,Auburn,Chattanooga,1754.766605041748,1692.3075267872991,2,13
2022_1120_1255,0.8691859644237205,1120,1255,Auburn,Longwood,1754.766605041748,1608.804247555333,2,14
2022_1120_1174,0.9018841892822267,1120,1174,Auburn,Delaware,1754.766605041748,1572.5924542652383,2,15
2022_1120_1136,0.9364234962438751,1120,1136,Auburn,Bryant,1754.766605041748,1600.501589692621,2,16
2022_1120_1460,0.9294560112928558,1120,1460,Auburn,Wright St,1754.766605041748,1583.367797473222,2,16
2022_1344_1458,0.5338000290726908,1458,1344,Wisconsin,Providence,1739.2398150796869,1740.3699865463689,3,4
2022_1234_1458,0.5301537435084454,1458,1234,Wisconsin,Iowa,1739.2398150796869,1759.7067615492522,3,5
2022_1261_1458,0.5424989449623281,1458,1261,Wisconsin,LSU,1739.2398150796869,1670.076972932596,3,6
2022_1425_1458,0.6181625076268251,1458,1425,Wisconsin,USC,1739.2398150796869,1747.348483989828,3,7
2022_1361_1458,0.5714417687915181,1458,1361,Wisconsin,San Diego St,1739.2398150796869,1749.3509828117778,3,8
2022_1166_1458,0.6470853843676239,1458,1166,Wisconsin,Creighton,1739.2398150796869,1715.2241151553408,3,9
2022_1274_1458,0.6587922461100182,1458,1274,Wisconsin,Miami FL,1739.2398150796869,1659.1831151322328,3,10
2022_1235_1458,0.6726881084902514,1458,1235,Wisconsin,Iowa St,1739.2398150796869,1566.918414604053,3,11
2022_1350_1458,0.7116204863124582,1458,1350,Wisconsin,Richmond,1739.2398150796869,1677.745402069529,3,12
2022_1355_1458,0.7397131317493568,1458,1355,Wisconsin,S Dakota St,1739.2398150796869,1741.2571993589054,3,13
2022_1159_1458,0.7888377475275596,1458,1159,Wisconsin,Colgate,1739.2398150796869,1663.6000644018511,3,14
2022_1240_1458,0.8224964689794227,1458,1240,Wisconsin,Jacksonville St,1739.2398150796869,1569.9330015732564,3,15
2022_1394_1458,0.8721748054368974,1458,1394,Wisconsin,TAM C. Christi,1739.2398150796869,1446.871728434155,3,16
2022_1411_1458,0.8659217864616395,1458,1411,Wisconsin,TX Southern,1739.2398150796869,1565.9975930452333,3,16
2022_1112_1458,0.38335834186972495,1458,1112,Wisconsin,Arizona,1739.2398150796869,1834.2550485377794,3,1
2022_1437_1458,0.39216261350758036,1458,1437,Wisconsin,Villanova,1739.2398150796869,1825.6389527604601,3,2
2022_1397_1458,0.4179995864629747,1458,1397,Wisconsin,Tennessee,1739.2398150796869,1793.9138536658204,3,3
2022_1228_1458,0.5315389119719751,1458,1228,Wisconsin,Illinois,1739.2398150796869,1743.4717413030744,3,4
2022_1222_1458,0.45669381279050025,1458,1222,Wisconsin,Houston,1739.2398150796869,1827.554349059758,3,5
2022_1161_1458,0.5085177930834943,1458,1161,Wisconsin,Colorado St,1739.2398150796869,1736.7565025348324,3,6
2022_1326_1458,0.596402386638933,1458,1326,Wisconsin,Ohio St,1739.2398150796869,1644.1052080865643,3,7
2022_1371_1458,0.5915948367975568,1458,1371,Wisconsin,Seton Hall,1739.2398150796869,1679.0038735560877,3,8
2022_1395_1458,0.5967136480795532,1458,1395,Wisconsin,TCU,1739.2398150796869,1631.9175900729285,3,9
2022_1260_1458,0.5948515869446358,1458,1260,Wisconsin,Loyola-Chicago,1739.2398150796869,1728.610266867969,3,10
2022_1276_1458,0.6634185878498782,1458,1276,Wisconsin,Michigan,1739.2398150796869,1672.715156428664,3,11
2022_1412_1458,0.7270073508554193,1458,1412,Wisconsin,UAB,1739.2398150796869,1691.8971925596084,3,12
2022_1151_1458,0.7187392258283745,1458,1151,Wisconsin,Chattanooga,1739.2398150796869,1692.3075267872991,3,13
2022_1255_1458,0.8063617217077812,1458,1255,Wisconsin,Longwood,1739.2398150796869,1608.804247555333,3,14
2022_1174_1458,0.8312342267814323,1458,1174,Wisconsin,Delaware,1739.2398150796869,1572.5924542652383,3,15
2022_1136_1458,0.8569690645082475,1458,1136,Wisconsin,Bryant,1739.2398150796869,1600.501589692621,3,16
2022_1458_1460,0.8520496845586778,1458,1460,Wisconsin,Wright St,1739.2398150796869,1583.367797473222,3,16
2022_1234_1344,0.5008922897910364,1344,1234,Providence,Iowa,1740.3699865463689,1759.7067615492522,4,5
2022_1261_1344,0.4955170895486942,1344,1261,Providence,LSU,1740.3699865463689,1670.076972932596,4,6
2022_1344_1425,0.5732815700414831,1344,1425,Providence,USC,1740.3699865463689,1747.348483989828,4,7
2022_1344_1361,0.5251270779107149,1344,1361,Providence,San Diego St,1740.3699865463689,1749.3509828117778,4,8
2022_1166_1344,0.6157713598869656,1344,1166,Providence,Creighton,1740.3699865463689,1715.2241151553408,4,9
2022_1274_1344,0.615987599729219,1344,1274,Providence,Miami FL,1740.3699865463689,1659.1831151322328,4,10
2022_1235_1344,0.6182824708290657,1344,1235,Providence,Iowa St,1740.3699865463689,1566.918414604053,4,11
2022_1344_1350,0.6840539393885363,1344,1350,Providence,Richmond,1740.3699865463689,1677.745402069529,4,12
2022_1344_1355,0.7384073948198053,1344,1355,Providence,S Dakota St,1740.3699865463689,1741.2571993589054,4,13
2022_1159_1344,0.7554741495487343,1344,1159,Providence,Colgate,1740.3699865463689,1663.6000644018511,4,14
2022_1240_1344,0.7917358743681511,1344,1240,Providence,Jacksonville St,1740.3699865463689,1569.9330015732564,4,15
2022_1344_1394,0.8566002052608177,1344,1394,Providence,TAM C. Christi,1740.3699865463689,1446.871728434155,4,16
2022_1344_1411,0.8426157486024544,1344,1411,Providence,TX Southern,1740.3699865463689,1565.9975930452333,4,16
2022_1112_1344,0.34778380591242997,1344,1112,Providence,Arizona,1740.3699865463689,1834.2550485377794,4,1
2022_1344_1437,0.3756199006408584,1344,1437,Providence,Villanova,1740.3699865463689,1825.6389527604601,4,2
2022_1344_1397,0.39219388359434565,1344,1397,Providence,Tennessee,1740.3699865463689,1793.9138536658204,4,3
2022_1228_1344,0.4779811561107637,1344,1228,Providence,Illinois,1740.3699865463689,1743.4717413030744,4,4
2022_1222_1344,0.42734058282129833,1344,1222,Providence,Houston,1740.3699865463689,1827.554349059758,4,5
2022_1161_1344,0.48420782345830116,1344,1161,Providence,Colorado St,1740.3699865463689,1736.7565025348324,4,6
2022_1326_1344,0.555016605818575,1344,1326,Providence,Ohio St,1740.3699865463689,1644.1052080865643,4,7
2022_1344_1371,0.5273099490140016,1344,1371,Providence,Seton Hall,1740.3699865463689,1679.0038735560877,4,8
2022_1344_1395,0.5726715541742657,1344,1395,Providence,TCU,1740.3699865463689,1631.9175900729285,4,9
2022_1260_1344,0.5569577895986229,1344,1260,Providence,Loyola-Chicago,1740.3699865463689,1728.610266867969,4,10
2022_1276_1344,0.6392987109489998,1344,1276,Providence,Michigan,1740.3699865463689,1672.715156428664,4,11
2022_1344_1412,0.6546834079487551,1344,1412,Providence,UAB,1740.3699865463689,1691.8971925596084,4,12
2022_1151_1344,0.6913007115655634,1344,1151,Providence,Chattanooga,1740.3699865463689,1692.3075267872991,4,13
2022_1255_1344,0.7675209039089332,1344,1255,Providence,Longwood,1740.3699865463689,1608.804247555333,4,14
2022_1174_1344,0.809059010697802,1344,1174,Providence,Delaware,1740.3699865463689,1572.5924542652383,4,15
2022_1136_1344,0.8405220609489128,1344,1136,Providence,Bryant,1740.3699865463689,1600.501589692621,4,16
2022_1344_1460,0.8347464751783058,1344,1460,Providence,Wright St,1740.3699865463689,1583.367797473222,4,16
2022_1234_1261,0.5540582173203714,1234,1261,Iowa,LSU,1759.7067615492522,1670.076972932596,5,6
2022_1234_1425,0.5820590924054256,1234,1425,Iowa,USC,1759.7067615492522,1747.348483989828,5,7
2022_1234_1361,0.5505330252292806,1234,1361,Iowa,San Diego St,1759.7067615492522,1749.3509828117778,5,8
2022_1166_1234,0.6525611229870851,1234,1166,Iowa,Creighton,1759.7067615492522,1715.2241151553408,5,9
2022_1234_1274,0.6612534440420483,1234,1274,Iowa,Miami FL,1759.7067615492522,1659.1831151322328,5,10
2022_1234_1235,0.6864895232903152,1234,1235,Iowa,Iowa St,1759.7067615492522,1566.918414604053,5,11
2022_1234_1350,0.7175913192101082,1234,1350,Iowa,Richmond,1759.7067615492522,1677.745402069529,5,12
2022_1234_1355,0.7275217441780795,1234,1355,Iowa,S Dakota St,1759.7067615492522,1741.2571993589054,5,13
2022_1159_1234,0.8073961799674723,1234,1159,Iowa,Colgate,1759.7067615492522,1663.6000644018511,5,14
2022_1234_1240,0.8306864344713341,1234,1240,Iowa,Jacksonville St,1759.7067615492522,1569.9330015732564,5,15
2022_1234_1394,0.854000108195742,1234,1394,Iowa,TAM C. Christi,1759.7067615492522,1446.871728434155,5,16
2022_1234_1411,0.8562011289133629,1234,1411,Iowa,TX Southern,1759.7067615492522,1565.9975930452333,5,16
2022_1112_1234,0.3465102634694046,1234,1112,Iowa,Arizona,1759.7067615492522,1834.2550485377794,5,1
2022_1234_1437,0.384584834909136,1234,1437,Iowa,Villanova,1759.7067615492522,1825.6389527604601,5,2
2022_1234_1397,0.4378815193146598,1234,1397,Iowa,Tennessee,1759.7067615492522,1793.9138536658204,5,3
2022_1228_1234,0.48519625135905703,1234,1228,Iowa,Illinois,1759.7067615492522,1743.4717413030744,5,4
2022_1222_1234,0.40313425138592734,1234,1222,Iowa,Houston,1759.7067615492522,1827.554349059758,5,5
2022_1161_1234,0.48707842162602016,1234,1161,Iowa,Colorado St,1759.7067615492522,1736.7565025348324,5,6
2022_1234_1326,0.6140293102294079,1234,1326,Iowa,Ohio St,1759.7067615492522,1644.1052080865643,5,7
2022_1234_1371,0.6174232947471792,1234,1371,Iowa,Seton Hall,1759.7067615492522,1679.0038735560877,5,8
2022_1234_1395,0.6389994867775972,1234,1395,Iowa,TCU,1759.7067615492522,1631.9175900729285,5,9
2022_1234_1260,0.5854829765222882,1234,1260,Iowa,Loyola-Chicago,1759.7067615492522,1728.610266867969,5,10
2022_1234_1276,0.7031539686905532,1234,1276,Iowa,Michigan,1759.7067615492522,1672.715156428664,5,11
2022_1234_1412,0.706899929768618,1234,1412,Iowa,UAB,1759.7067615492522,1691.8971925596084,5,12
2022_1151_1234,0.7544173417551745,1234,1151,Iowa,Chattanooga,1759.7067615492522,1692.3075267872991,5,13
2022_1234_1255,0.8056919043594095,1234,1255,Iowa,Longwood,1759.7067615492522,1608.804247555333,5,14
2022_1174_1234,0.8183256530401359,1234,1174,Iowa,Delaware,1759.7067615492522,1572.5924542652383,5,15
2022_1136_1234,0.8632176684870323,1234,1136,Iowa,Bryant,1759.7067615492522,1600.501589692621,5,16
2022_1234_1460,0.8628253805174431,1234,1460,Iowa,Wright St,1759.7067615492522,1583.367797473222,5,16
2022_1261_1425,0.5300392740105875,1261,1425,LSU,USC,1670.076972932596,1747.348483989828,6,7
2022_1261_1361,0.5082302089363209,1261,1361,LSU,San Diego St,1670.076972932596,1749.3509828117778,6,8
2022_1166_1261,0.5919436949136907,1261,1166,LSU,Creighton,1670.076972932596,1715.2241151553408,6,9
2022_1261_1274,0.5859404303763445,1261,1274,LSU,Miami FL,1670.076972932596,1659.1831151322328,6,10
2022_1235_1261,0.6516581542156552,1261,1235,LSU,Iowa St,1670.076972932596,1566.918414604053,6,11
2022_1261_1350,0.636359886168161,1261,1350,LSU,Richmond,1670.076972932596,1677.745402069529,6,12
2022_1261_1355,0.6694428212709984,1261,1355,LSU,S Dakota St,1670.076972932596,1741.2571993589054,6,13
2022_1159_1261,0.7236496327383746,1261,1159,LSU,Colgate,1670.076972932596,1663.6000644018511,6,14
2022_1240_1261,0.7883769040637705,1261,1240,LSU,Jacksonville St,1670.076972932596,1569.9330015732564,6,15
2022_1261_1394,0.8242073201772819,1261,1394,LSU,TAM C. Christi,1670.076972932596,1446.871728434155,6,16
2022_1261_1411,0.8201778971788536,1261,1411,LSU,TX Southern,1670.076972932596,1565.9975930452333,6,16
2022_1112_1261,0.3481677897907881,1261,1112,LSU,Arizona,1670.076972932596,1834.2550485377794,6,1
2022_1261_1437,0.3514224014546341,1261,1437,LSU,Villanova,1670.076972932596,1825.6389527604601,6,2
2022_1261_1397,0.3741709497925588,1261,1397,LSU,Tennessee,1670.076972932596,1793.9138536658204,6,3
2022_1228_1261,0.46698035788239356,1261,1228,LSU,Illinois,1670.076972932596,1743.4717413030744,6,4
2022_1222_1261,0.39638396718747576,1261,1222,LSU,Houston,1670.076972932596,1827.554349059758,6,5
2022_1161_1261,0.4557966202497484,1261,1161,LSU,Colorado St,1670.076972932596,1736.7565025348324,6,6
2022_1261_1326,0.5142456673716791,1261,1326,LSU,Ohio St,1670.076972932596,1644.1052080865643,6,7
2022_1261_1371,0.5229123752146831,1261,1371,LSU,Seton Hall,1670.076972932596,1679.0038735560877,6,8
2022_1261_1395,0.572030960285967,1261,1395,LSU,TCU,1670.076972932596,1631.9175900729285,6,9
2022_1260_1261,0.5390109740827616,1261,1260,LSU,Loyola-Chicago,1670.076972932596,1728.610266867969,6,10
2022_1261_1276,0.6200337476394986,1261,1276,LSU,Michigan,1670.076972932596,1672.715156428664,6,11
2022_1261_1412,0.6552169927345901,1261,1412,LSU,UAB,1670.076972932596,1691.8971925596084,6,12
2022_1151_1261,0.6907976306744179,1261,1151,LSU,Chattanooga,1670.076972932596,1692.3075267872991,6,13
2022_1255_1261,0.7604855267269839,1261,1255,LSU,Longwood,1670.076972932596,1608.804247555333,6,14
2022_1174_1261,0.8035448556476328,1261,1174,LSU,Delaware,1670.076972932596,1572.5924542652383,6,15
2022_1136_1261,0.8206749999162803,1261,1136,LSU,Bryant,1670.076972932596,1600.501589692621,6,16
2022_1261_1460,0.8142816865083824,1261,1460,LSU,Wright St,1670.076972932596,1583.367797473222,6,16
2022_1361_1425,0.4590208464001901,1425,1361,USC,San Diego St,1747.348483989828,1749.3509828117778,7,8
2022_1166_1425,0.558688960555183,1425,1166,USC,Creighton,1747.348483989828,1715.2241151553408,7,9
2022_1274_1425,0.5706590848806554,1425,1274,USC,Miami FL,1747.348483989828,1659.1831151322328,7,10
2022_1235_1425,0.5841141142581041,1425,1235,USC,Iowa St,1747.348483989828,1566.918414604053,7,11
2022_1350_1425,0.6174019194506024,1425,1350,USC,Richmond,1747.348483989828,1677.745402069529,7,12
2022_1355_1425,0.6296212532507568,1425,1355,USC,S Dakota St,1747.348483989828,1741.2571993589054,7,13
2022_1159_1425,0.7063115723200402,1425,1159,USC,Colgate,1747.348483989828,1663.6000644018511,7,14
2022_1240_1425,0.7231461821062792,1425,1240,USC,Jacksonville St,1747.348483989828,1569.9330015732564,7,15
2022_1394_1425,0.7876370912128183,1425,1394,USC,TAM C. Christi,1747.348483989828,1446.871728434155,7,16
2022_1411_1425,0.7807356035047266,1425,1411,USC,TX Southern,1747.348483989828,1565.9975930452333,7,16
2022_1112_1425,0.28817594042547656,1425,1112,USC,Arizona,1747.348483989828,1834.2550485377794,7,1
2022_1425_1437,0.3173387848474173,1425,1437,USC,Villanova,1747.348483989828,1825.6389527604601,7,2
2022_1397_1425,0.34932433285970155,1425,1397,USC,Tennessee,1747.348483989828,1793.9138536658204,7,3
2022_1228_1425,0.44373689416616646,1425,1228,USC,Illinois,1747.348483989828,1743.4717413030744,7,4
2022_1222_1425,0.35765699413122054,1425,1222,USC,Houston,1747.348483989828,1827.554349059758,7,5
2022_1161_1425,0.42119213559873064,1425,1161,USC,Colorado St,1747.348483989828,1736.7565025348324,7,6
2022_1326_1425,0.49804558455944076,1425,1326,USC,Ohio St,1747.348483989828,1644.1052080865643,7,7
2022_1371_1425,0.48725645324938366,1425,1371,USC,Seton Hall,1747.348483989828,1679.0038735560877,7,8
2022_1395_1425,0.5363533269196621,1425,1395,USC,TCU,1747.348483989828,1631.9175900729285,7,9
2022_1260_1425,0.49745981272489376,1425,1260,USC,Loyola-Chicago,1747.348483989828,1728.610266867969,7,10
2022_1276_1425,0.5485008754466112,1425,1276,USC,Michigan,1747.348483989828,1672.715156428664,7,11
2022_1412_1425,0.5848556376360272,1425,1412,USC,UAB,1747.348483989828,1691.8971925596084,7,12
2022_1151_1425,0.6377425053106933,1425,1151,USC,Chattanooga,1747.348483989828,1692.3075267872991,7,13
2022_1255_1425,0.7213929779596886,1425,1255,USC,Longwood,1747.348483989828,1608.804247555333,7,14
2022_1174_1425,0.7187846718294848,1425,1174,USC,Delaware,1747.348483989828,1572.5924542652383,7,15
2022_1136_1425,0.7700139498048517,1425,1136,USC,Bryant,1747.348483989828,1600.501589692621,7,16
2022_1425_1460,0.731427452498028,1425,1460,USC,Wright St,1747.348483989828,1583.367797473222,7,16
2022_1166_1361,0.5561453633641489,1361,1166,San Diego St,Creighton,1749.3509828117778,1715.2241151553408,8,9
2022_1274_1361,0.5986050437718502,1361,1274,San Diego St,Miami FL,1749.3509828117778,1659.1831151322328,8,10
2022_1235_1361,0.6099328833463842,1361,1235,San Diego St,Iowa St,1749.3509828117778,1566.918414604053,8,11
2022_1350_1361,0.6420691259835298,1361,1350,San Diego St,Richmond,1749.3509828117778,1677.745402069529,8,12
2022_1355_1361,0.6604669458530759,1361,1355,San Diego St,S Dakota St,1749.3509828117778,1741.2571993589054,8,13
2022_1159_1361,0.7033689179407745,1361,1159,San Diego St,Colgate,1749.3509828117778,1663.6000644018511,8,14
2022_1240_1361,0.7396596707172951,1361,1240,San Diego St,Jacksonville St,1749.3509828117778,1569.9330015732564,8,15
2022_1361_1394,0.7729871837361086,1361,1394,San Diego St,TAM C. Christi,1749.3509828117778,1446.871728434155,8,16
2022_1361_1411,0.7620846597416628,1361,1411,San Diego St,TX Southern,1749.3509828117778,1565.9975930452333,8,16
2022_1112_1361,0.2754036866359154,1361,1112,San Diego St,Arizona,1749.3509828117778,1834.2550485377794,8,1
2022_1361_1437,0.3131469822538705,1361,1437,San Diego St,Villanova,1749.3509828117778,1825.6389527604601,8,2
2022_1361_1397,0.3442199581004767,1361,1397,San Diego St,Tennessee,1749.3509828117778,1793.9138536658204,8,3
2022_1228_1361,0.46403746524114076,1361,1228,San Diego St,Illinois,1749.3509828117778,1743.4717413030744,8,4
2022_1222_1361,0.3455002253112146,1361,1222,San Diego St,Houston,1749.3509828117778,1827.554349059758,8,5
2022_1161_1361,0.4331592891782653,1361,1161,San Diego St,Colorado St,1749.3509828117778,1736.7565025348324,8,6
2022_1326_1361,0.543362591352534,1361,1326,San Diego St,Ohio St,1749.3509828117778,1644.1052080865643,8,7
2022_1361_1371,0.5175719767808915,1361,1371,San Diego St,Seton Hall,1749.3509828117778,1679.0038735560877,8,8
2022_1361_1395,0.5540471308564432,1361,1395,San Diego St,TCU,1749.3509828117778,1631.9175900729285,8,9
2022_1260_1361,0.542101926687347,1361,1260,San Diego St,Loyola-Chicago,1749.3509828117778,1728.610266867969,8,10
2022_1276_1361,0.6070023464801961,1361,1276,San Diego St,Michigan,1749.3509828117778,1672.715156428664,8,11
2022_1361_1412,0.6276374854777391,1361,1412,San Diego St,UAB,1749.3509828117778,1691.8971925596084,8,12
2022_1151_1361,0.6659634477756833,1361,1151,San Diego St,Chattanooga,1749.3509828117778,1692.3075267872991,8,13
2022_1255_1361,0.7243935921179443,1361,1255,San Diego St,Longwood,1749.3509828117778,1608.804247555333,8,14
2022_1174_1361,0.749966073758181,1361,1174,San Diego St,Delaware,1749.3509828117778,1572.5924542652383,8,15
2022_1136_1361,0.7788808910114993,1361,1136,San Diego St,Bryant,1749.3509828117778,1600.501589692621,8,16
2022_1361_1460,0.7705419329865206,1361,1460,San Diego St,Wright St,1749.3509828117778,1583.367797473222,8,16
2022_1166_1274,0.5204366081094034,1166,1274,Creighton,Miami FL,1715.2241151553408,1659.1831151322328,9,10
2022_1166_1235,0.5379645447760693,1166,1235,Creighton,Iowa St,1715.2241151553408,1566.918414604053,9,11
2022_1166_1350,0.5634934442880803,1166,1350,Creighton,Richmond,1715.2241151553408,1677.745402069529,9,12
2022_1166_1355,0.6152349211905535,1166,1355,Creighton,S Dakota St,1715.2241151553408,1741.2571993589054,9,13
2022_1159_1166,0.6481394238136624,1166,1159,Creighton,Colgate,1715.2241151553408,1663.6000644018511,9,14
2022_1166_1240,0.687225849269548,1166,1240,Creighton,Jacksonville St,1715.2241151553408,1569.9330015732564,9,15
2022_1166_1394,0.7320716120071968,1166,1394,Creighton,TAM C. Christi,1715.2241151553408,1446.871728434155,9,16
2022_1166_1411,0.717801082856234,1166,1411,Creighton,TX Southern,1715.2241151553408,1565.9975930452333,9,16
2022_1112_1166,0.23692221213743803,1166,1112,Creighton,Arizona,1715.2241151553408,1834.2550485377794,9,1
2022_1166_1437,0.26852575393838085,1166,1437,Creighton,Villanova,1715.2241151553408,1825.6389527604601,9,2
2022_1166_1397,0.29926495617755366,1166,1397,Creighton,Tennessee,1715.2241151553408,1793.9138536658204,9,3
2022_1166_1228,0.3631896652914671,1166,1228,Creighton,Illinois,1715.2241151553408,1743.4717413030744,9,4
2022_1166_1222,0.3284482865895695,1166,1222,Creighton,Houston,1715.2241151553408,1827.554349059758,9,5
2022_1161_1166,0.3794261423107931,1166,1161,Creighton,Colorado St,1715.2241151553408,1736.7565025348324,9,6
2022_1166_1326,0.44886717688740607,1166,1326,Creighton,Ohio St,1715.2241151553408,1644.1052080865643,9,7
2022_1166_1371,0.41867487498767336,1166,1371,Creighton,Seton Hall,1715.2241151553408,1679.0038735560877,9,8
2022_1166_1395,0.4953805118799211,1166,1395,Creighton,TCU,1715.2241151553408,1631.9175900729285,9,9
2022_1166_1260,0.4527465858196504,1166,1260,Creighton,Loyola-Chicago,1715.2241151553408,1728.610266867969,9,10
2022_1166_1276,0.515621505263435,1166,1276,Creighton,Michigan,1715.2241151553408,1672.715156428664,9,11
2022_1166_1412,0.5343070762994939,1166,1412,Creighton,UAB,1715.2241151553408,1691.8971925596084,9,12
2022_1151_1166,0.5567906149361666,1166,1151,Creighton,Chattanooga,1715.2241151553408,1692.3075267872991,9,13
2022_1166_1255,0.6628869093321179,1166,1255,Creighton,Longwood,1715.2241151553408,1608.804247555333,9,14
2022_1166_1174,0.6795777835833221,1166,1174,Creighton,Delaware,1715.2241151553408,1572.5924542652383,9,15
2022_1136_1166,0.7274408079453072,1166,1136,Creighton,Bryant,1715.2241151553408,1600.501589692621,9,16
2022_1166_1460,0.7231241948671898,1166,1460,Creighton,Wright St,1715.2241151553408,1583.367797473222,9,16
2022_1235_1274,0.5549977653359659,1274,1235,Miami FL,Iowa St,1659.1831151322328,1566.918414604053,10,11
2022_1274_1350,0.5456736903220287,1274,1350,Miami FL,Richmond,1659.1831151322328,1677.745402069529,10,12
2022_1274_1355,0.5623126017692739,1274,1355,Miami FL,S Dakota St,1659.1831151322328,1741.2571993589054,10,13
2022_1159_1274,0.59463183066588,1274,1159,Miami FL,Colgate,1659.1831151322328,1663.6000644018511,10,14
2022_1240_1274,0.685647881712756,1274,1240,Miami FL,Jacksonville St,1659.1831151322328,1569.9330015732564,10,15
2022_1274_1394,0.7288528540121704,1274,1394,Miami FL,TAM C. Christi,1659.1831151322328,1446.871728434155,10,16
2022_1274_1411,0.7093380548941284,1274,1411,Miami FL,TX Southern,1659.1831151322328,1565.9975930452333,10,16
2022_1112_1274,0.2240551131135731,1274,1112,Miami FL,Arizona,1659.1831151322328,1834.2550485377794,10,1
2022_1274_1437,0.26815956850216505,1274,1437,Miami FL,Villanova,1659.1831151322328,1825.6389527604601,10,2
2022_1274_1397,0.29241354095262684,1274,1397,Miami FL,Tennessee,1659.1831151322328,1793.9138536658204,10,3
2022_1228_1274,0.36140624797471477,1274,1228,Miami FL,Illinois,1659.1831151322328,1743.4717413030744,10,4
2022_1222_1274,0.3142664336301474,1274,1222,Miami FL,Houston,1659.1831151322328,1827.554349059758,10,5
2022_1161_1274,0.35177585699815217,1274,1161,Miami FL,Colorado St,1659.1831151322328,1736.7565025348324,10,6
2022_1274_1326,0.4389445913192579,1274,1326,Miami FL,Ohio St,1659.1831151322328,1644.1052080865643,10,7
2022_1274_1371,0.43992528807820197,1274,1371,Miami FL,Seton Hall,1659.1831151322328,1679.0038735560877,10,8
2022_1274_1395,0.479307819094729,1274,1395,Miami FL,TCU,1659.1831151322328,1631.9175900729285,10,9
2022_1260_1274,0.44087214618921294,1274,1260,Miami FL,Loyola-Chicago,1659.1831151322328,1728.610266867969,10,10
2022_1274_1276,0.524336912546087,1274,1276,Miami FL,Michigan,1659.1831151322328,1672.715156428664,10,11
2022_1274_1412,0.5285055558711163,1274,1412,Miami FL,UAB,1659.1831151322328,1691.8971925596084,10,12
2022_1151_1274,0.5418004232290441,1274,1151,Miami FL,Chattanooga,1659.1831151322328,1692.3075267872991,10,13
2022_1255_1274,0.6491563268635805,1274,1255,Miami FL,Longwood,1659.1831151322328,1608.804247555333,10,14
2022_1174_1274,0.6802616632841443,1274,1174,Miami FL,Delaware,1659.1831151322328,1572.5924542652383,10,15
2022_1136_1274,0.7257080235468536,1274,1136,Miami FL,Bryant,1659.1831151322328,1600.501589692621,10,16
2022_1274_1460,0.7138614215838104,1274,1460,Miami FL,Wright St,1659.1831151322328,1583.367797473222,10,16
2022_1235_1350,0.5404592686032541,1235,1350,Iowa St,Richmond,1566.918414604053,1677.745402069529,11,12
2022_1235_1355,0.5549908052712551,1235,1355,Iowa St,S Dakota St,1566.918414604053,1741.2571993589054,11,13
2022_1159_1235,0.5755299168470556,1235,1159,Iowa St,Colgate,1566.918414604053,1663.6000644018511,11,14
2022_1235_1240,0.6315309055779512,1235,1240,Iowa St,Jacksonville St,1566.918414604053,1569.9330015732564,11,15
2022_1235_1394,0.7007440991066312,1235,1394,Iowa St,TAM C. Christi,1566.918414604053,1446.871728434155,11,16
2022_1235_1411,0.6695083446167325,1235,1411,Iowa St,TX Southern,1566.918414604053,1565.9975930452333,11,16
2022_1112_1235,0.21873457495001472,1235,1112,Iowa St,Arizona,1566.918414604053,1834.2550485377794,11,1
2022_1235_1437,0.2325714359349518,1235,1437,Iowa St,Villanova,1566.918414604053,1825.6389527604601,11,2
2022_1235_1397,0.2541358770863783,1235,1397,Iowa St,Tennessee,1566.918414604053,1793.9138536658204,11,3
2022_1228_1235,0.3482370756797234,1235,1228,Iowa St,Illinois,1566.918414604053,1743.4717413030744,11,4
2022_1222_1235,0.2779241128874631,1235,1222,Iowa St,Houston,1566.918414604053,1827.554349059758,11,5
2022_1161_1235,0.35615260681883376,1235,1161,Iowa St,Colorado St,1566.918414604053,1736.7565025348324,11,6
2022_1235_1326,0.427082928207106,1235,1326,Iowa St,Ohio St,1566.918414604053,1644.1052080865643,11,7
2022_1235_1371,0.4017622304317304,1235,1371,Iowa St,Seton Hall,1566.918414604053,1679.0038735560877,11,8
2022_1235_1395,0.4576920468777549,1235,1395,Iowa St,TCU,1566.918414604053,1631.9175900729285,11,9
2022_1235_1260,0.4316711611414667,1235,1260,Iowa St,Loyola-Chicago,1566.918414604053,1728.610266867969,11,10
2022_1235_1276,0.5117052853107453,1235,1276,Iowa St,Michigan,1566.918414604053,1672.715156428664,11,11
2022_1235_1412,0.4854507454370744,1235,1412,Iowa St,UAB,1566.918414604053,1691.8971925596084,11,12
2022_1151_1235,0.5223534475594631,1235,1151,Iowa St,Chattanooga,1566.918414604053,1692.3075267872991,11,13
2022_1235_1255,0.5990538435819799,1235,1255,Iowa St,Longwood,1566.918414604053,1608.804247555333,11,14
2022_1174_1235,0.6246449001763399,1235,1174,Iowa St,Delaware,1566.918414604053,1572.5924542652383,11,15
2022_1136_1235,0.6748578614853238,1235,1136,Iowa St,Bryant,1566.918414604053,1600.501589692621,11,16
2022_1235_1460,0.6552555031441067,1235,1460,Iowa St,Wright St,1566.918414604053,1583.367797473222,11,16
2022_1350_1355,0.48587039193861553,1350,1355,Richmond,S Dakota St,1677.745402069529,1741.2571993589054,12,13
2022_1159_1350,0.5543397586375347,1350,1159,Richmond,Colgate,1677.745402069529,1663.6000644018511,12,14
2022_1240_1350,0.6371522533538991,1350,1240,Richmond,Jacksonville St,1677.745402069529,1569.9330015732564,12,15
2022_1350_1394,0.6727008917067583,1350,1394,Richmond,TAM C. Christi,1677.745402069529,1446.871728434155,12,16
2022_1350_1411,0.6614583977196749,1350,1411,Richmond,TX Southern,1677.745402069529,1565.9975930452333,12,16
2022_1112_1350,0.15968875114778683,1350,1112,Richmond,Arizona,1677.745402069529,1834.2550485377794,12,1
2022_1350_1437,0.1942905573907248,1350,1437,Richmond,Villanova,1677.745402069529,1825.6389527604601,12,2
2022_1350_1397,0.2194483781523018,1350,1397,Richmond,Tennessee,1677.745402069529,1793.9138536658204,12,3
2022_1228_1350,0.30339361001417753,1350,1228,Richmond,Illinois,1677.745402069529,1743.4717413030744,12,4
2022_1222_1350,0.24831948506158988,1350,1222,Richmond,Houston,1677.745402069529,1827.554349059758,12,5
2022_1161_1350,0.3067806697500558,1350,1161,Richmond,Colorado St,1677.745402069529,1736.7565025348324,12,6
2022_1326_1350,0.3839734249450354,1350,1326,Richmond,Ohio St,1677.745402069529,1644.1052080865643,12,7
2022_1350_1371,0.3916879765059418,1350,1371,Richmond,Seton Hall,1677.745402069529,1679.0038735560877,12,8
2022_1350_1395,0.4582842570897886,1350,1395,Richmond,TCU,1677.745402069529,1631.9175900729285,12,9
2022_1260_1350,0.37756897997559424,1350,1260,Richmond,Loyola-Chicago,1677.745402069529,1728.610266867969,12,10
2022_1276_1350,0.4753720796967264,1350,1276,Richmond,Michigan,1677.745402069529,1672.715156428664,12,11
2022_1350_1412,0.47006366252899184,1350,1412,Richmond,UAB,1677.745402069529,1691.8971925596084,12,12
2022_1151_1350,0.4985052727793939,1350,1151,Richmond,Chattanooga,1677.745402069529,1692.3075267872991,12,13
2022_1255_1350,0.6169876377612225,1350,1255,Richmond,Longwood,1677.745402069529,1608.804247555333,12,14
2022_1174_1350,0.6273420887830907,1350,1174,Richmond,Delaware,1677.745402069529,1572.5924542652383,12,15
2022_1136_1350,0.6766105987761553,1350,1136,Richmond,Bryant,1677.745402069529,1600.501589692621,12,16
2022_1350_1460,0.6715629496310289,1350,1460,Richmond,Wright St,1677.745402069529,1583.367797473222,12,16
2022_1159_1355,0.5571919464205988,1355,1159,S Dakota St,Colgate,1741.2571993589054,1663.6000644018511,13,14
2022_1240_1355,0.5714297215968243,1355,1240,S Dakota St,Jacksonville St,1741.2571993589054,1569.9330015732564,13,15
2022_1355_1394,0.6600812363269979,1355,1394,S Dakota St,TAM C. Christi,1741.2571993589054,1446.871728434155,13,16
2022_1355_1411,0.6444617348554784,1355,1411,S Dakota St,TX Southern,1741.2571993589054,1565.9975930452333,13,16
2022_1112_1355,0.1359411943373041,1355,1112,S Dakota St,Arizona,1741.2571993589054,1834.2550485377794,13,1
2022_1355_1437,0.16085106407264874,1355,1437,S Dakota St,Villanova,1741.2571993589054,1825.6389527604601,13,2
2022_1355_1397,0.19817901540425933,1355,1397,S Dakota St,Tennessee,1741.2571993589054,1793.9138536658204,13,3
2022_1228_1355,0.2847626785105972,1355,1228,S Dakota St,Illinois,1741.2571993589054,1743.4717413030744,13,4
2022_1222_1355,0.2335672715739977,1355,1222,S Dakota St,Houston,1741.2571993589054,1827.554349059758,13,5
2022_1161_1355,0.2903651155762116,1355,1161,S Dakota St,Colorado St,1741.2571993589054,1736.7565025348324,13,6
2022_1326_1355,0.3789229652894349,1355,1326,S Dakota St,Ohio St,1741.2571993589054,1644.1052080865643,13,7
2022_1355_1371,0.3931874983646063,1355,1371,S Dakota St,Seton Hall,1741.2571993589054,1679.0038735560877,13,8
2022_1355_1395,0.41232201674241487,1355,1395,S Dakota St,TCU,1741.2571993589054,1631.9175900729285,13,9
2022_1260_1355,0.3925879133102247,1355,1260,S Dakota St,Loyola-Chicago,1741.2571993589054,1728.610266867969,13,10
2022_1276_1355,0.4458182651966941,1355,1276,S Dakota St,Michigan,1741.2571993589054,1672.715156428664,13,11
2022_1355_1412,0.46236037084109743,1355,1412,S Dakota St,UAB,1741.2571993589054,1691.8971925596084,13,12
2022_1151_1355,0.5023775756359101,1355,1151,S Dakota St,Chattanooga,1741.2571993589054,1692.3075267872991,13,13
2022_1255_1355,0.54808411828034,1355,1255,S Dakota St,Longwood,1741.2571993589054,1608.804247555333,13,14
2022_1174_1355,0.5843966226607433,1355,1174,S Dakota St,Delaware,1741.2571993589054,1572.5924542652383,13,15
2022_1136_1355,0.6211883115413839,1355,1136,S Dakota St,Bryant,1741.2571993589054,1600.501589692621,13,16
2022_1355_1460,0.6123695361259633,1355,1460,S Dakota St,Wright St,1741.2571993589054,1583.367797473222,13,16
2022_1159_1240,0.555000387940336,1159,1240,Colgate,Jacksonville St,1663.6000644018511,1569.9330015732564,14,15
2022_1159_1394,0.6196645717650524,1159,1394,Colgate,TAM C. Christi,1663.6000644018511,1446.871728434155,14,16
2022_1159_1411,0.5926360409289471,1159,1411,Colgate,TX Southern,1663.6000644018511,1565.9975930452333,14,16
2022_1112_1159,0.08798116293115613,1159,1112,Colgate,Arizona,1663.6000644018511,1834.2550485377794,14,1
2022_1159_1437,0.12693377767175004,1159,1437,Colgate,Villanova,1663.6000644018511,1825.6389527604601,14,2
2022_1159_1397,0.16775841911296055,1159,1397,Colgate,Tennessee,1663.6000644018511,1793.9138536658204,14,3
2022_1159_1228,0.21328390154865898,1159,1228,Colgate,Illinois,1663.6000644018511,1743.4717413030744,14,4
2022_1159_1222,0.18905411272411635,1159,1222,Colgate,Houston,1663.6000644018511,1827.554349059758,14,5
2022_1159_1161,0.21953339893982526,1159,1161,Colgate,Colorado St,1663.6000644018511,1736.7565025348324,14,6
2022_1159_1326,0.2935222171477715,1159,1326,Colgate,Ohio St,1663.6000644018511,1644.1052080865643,14,7
2022_1159_1371,0.32591311997302486,1159,1371,Colgate,Seton Hall,1663.6000644018511,1679.0038735560877,14,8
2022_1159_1395,0.3689432122446684,1159,1395,Colgate,TCU,1663.6000644018511,1631.9175900729285,14,9
2022_1159_1260,0.31531173953074876,1159,1260,Colgate,Loyola-Chicago,1663.6000644018511,1728.610266867969,14,10
2022_1159_1276,0.39308593246906487,1159,1276,Colgate,Michigan,1663.6000644018511,1672.715156428664,14,11
2022_1159_1412,0.40911464136542197,1159,1412,Colgate,UAB,1663.6000644018511,1691.8971925596084,14,12
2022_1151_1159,0.4194435364866968,1159,1151,Colgate,Chattanooga,1663.6000644018511,1692.3075267872991,14,13
2022_1159_1255,0.5471678137779237,1159,1255,Colgate,Longwood,1663.6000644018511,1608.804247555333,14,14
2022_1159_1174,0.5692081534003504,1159,1174,Colgate,Delaware,1663.6000644018511,1572.5924542652383,14,15
2022_1136_1159,0.607107750657188,1159,1136,Colgate,Bryant,1663.6000644018511,1600.501589692621,14,16
2022_1159_1460,0.5818524878054729,1159,1460,Colgate,Wright St,1663.6000644018511,1583.367797473222,14,16
2022_1240_1394,0.6122533165549524,1240,1394,Jacksonville St,TAM C. Christi,1569.9330015732564,1446.871728434155,15,16
2022_1240_1411,0.5607661985491998,1240,1411,Jacksonville St,TX Southern,1569.9330015732564,1565.9975930452333,15,16
2022_1112_1240,0.07017306229718437,1240,1112,Jacksonville St,Arizona,1569.9330015732564,1834.2550485377794,15,1
2022_1240_1437,0.09744877029521462,1240,1437,Jacksonville St,Villanova,1569.9330015732564,1825.6389527604601,15,2
2022_1240_1397,0.14614624713033006,1240,1397,Jacksonville St,Tennessee,1569.9330015732564,1793.9138536658204,15,3
2022_1228_1240,0.18642436240772411,1240,1228,Jacksonville St,Illinois,1569.9330015732564,1743.4717413030744,15,4
2022_1222_1240,0.1667570206138245,1240,1222,Jacksonville St,Houston,1569.9330015732564,1827.554349059758,15,5
2022_1161_1240,0.20285450092618754,1240,1161,Jacksonville St,Colorado St,1569.9330015732564,1736.7565025348324,15,6
2022_1240_1326,0.27254953999683973,1240,1326,Jacksonville St,Ohio St,1569.9330015732564,1644.1052080865643,15,7
2022_1240_1371,0.260898695164148,1240,1371,Jacksonville St,Seton Hall,1569.9330015732564,1679.0038735560877,15,8
2022_1240_1395,0.3088915309918733,1240,1395,Jacksonville St,TCU,1569.9330015732564,1631.9175900729285,15,9
2022_1240_1260,0.29433617896215003,1240,1260,Jacksonville St,Loyola-Chicago,1569.9330015732564,1728.610266867969,15,10
2022_1240_1276,0.35516073026914063,1240,1276,Jacksonville St,Michigan,1569.9330015732564,1672.715156428664,15,11
2022_1240_1412,0.36232159856527535,1240,1412,Jacksonville St,UAB,1569.9330015732564,1691.8971925596084,15,12
2022_1151_1240,0.37562969070376273,1240,1151,Jacksonville St,Chattanooga,1569.9330015732564,1692.3075267872991,15,13
2022_1240_1255,0.4975692815447565,1240,1255,Jacksonville St,Longwood,1569.9330015732564,1608.804247555333,15,14
2022_1174_1240,0.5232893437147141,1240,1174,Jacksonville St,Delaware,1569.9330015732564,1572.5924542652383,15,15
2022_1136_1240,0.5609817140435465,1240,1136,Jacksonville St,Bryant,1569.9330015732564,1600.501589692621,15,16
2022_1240_1460,0.5494609408711679,1240,1460,Jacksonville St,Wright St,1569.9330015732564,1583.367797473222,15,16
2022_1394_1411,0.46061337590217605,1394,1411,TAM C. Christi,TX Southern,1446.871728434155,1565.9975930452333,16,16
2022_1112_1394,0.03500821061432362,1394,1112,TAM C. Christi,Arizona,1446.871728434155,1834.2550485377794,16,1
2022_1394_1437,0.06833203128226509,1394,1437,TAM C. Christi,Villanova,1446.871728434155,1825.6389527604601,16,2
2022_1394_1397,0.09725526567859646,1394,1397,TAM C. Christi,Tennessee,1446.871728434155,1793.9138536658204,16,3
2022_1228_1394,0.13923284594386384,1394,1228,TAM C. Christi,Illinois,1446.871728434155,1743.4717413030744,16,4
2022_1222_1394,0.1373249915705125,1394,1222,TAM C. Christi,Houston,1446.871728434155,1827.554349059758,16,5
2022_1161_1394,0.16679376687732853,1394,1161,TAM C. Christi,Colorado St,1446.871728434155,1736.7565025348324,16,6
2022_1326_1394,0.23959930784170916,1394,1326,TAM C. Christi,Ohio St,1446.871728434155,1644.1052080865643,16,7
2022_1371_1394,0.21619980801508543,1394,1371,TAM C. Christi,Seton Hall,1446.871728434155,1679.0038735560877,16,8
2022_1394_1395,0.25100233110112347,1394,1395,TAM C. Christi,TCU,1446.871728434155,1631.9175900729285,16,9
2022_1260_1394,0.2590217049283595,1394,1260,TAM C. Christi,Loyola-Chicago,1446.871728434155,1728.610266867969,16,10
2022_1276_1394,0.3120676480867056,1394,1276,TAM C. Christi,Michigan,1446.871728434155,1672.715156428664,16,11
2022_1394_1412,0.30340064906734887,1394,1412,TAM C. Christi,UAB,1446.871728434155,1691.8971925596084,16,12
2022_1151_1394,0.3293694799002954,1394,1151,TAM C. Christi,Chattanooga,1446.871728434155,1692.3075267872991,16,13
2022_1255_1394,0.3915597398251426,1394,1255,TAM C. Christi,Longwood,1446.871728434155,1608.804247555333,16,14
2022_1174_1394,0.3882993682587858,1394,1174,TAM C. Christi,Delaware,1446.871728434155,1572.5924542652383,16,15
2022_1136_1394,0.439338392019272,1394,1136,TAM C. Christi,Bryant,1446.871728434155,1600.501589692621,16,16
2022_1394_1460,0.407635970413685,1394,1460,TAM C. Christi,Wright St,1446.871728434155,1583.367797473222,16,16
2022_1112_1411,0.03756969973444939,1411,1112,TX Southern,Arizona,1565.9975930452333,1834.2550485377794,16,1
2022_1411_1437,0.06471102862306347,1411,1437,TX Southern,Villanova,1565.9975930452333,1825.6389527604601,16,2
2022_1397_1411,0.09860557910366055,1411,1397,TX Southern,Tennessee,1565.9975930452333,1793.9138536658204,16,3
2022_1228_1411,0.13574779589145944,1411,1228,TX Southern,Illinois,1565.9975930452333,1743.4717413030744,16,4
2022_1222_1411,0.14003603619496033,1411,1222,TX Southern,Houston,1565.9975930452333,1827.554349059758,16,5
2022_1161_1411,0.1711240834358088,1411,1161,TX Southern,Colorado St,1565.9975930452333,1736.7565025348324,16,6
2022_1326_1411,0.2177129963702469,1411,1326,TX Southern,Ohio St,1565.9975930452333,1644.1052080865643,16,7
2022_1371_1411,0.22112902645633337,1411,1371,TX Southern,Seton Hall,1565.9975930452333,1679.0038735560877,16,8
2022_1395_1411,0.25634991826934017,1411,1395,TX Southern,TCU,1565.9975930452333,1631.9175900729285,16,9
2022_1260_1411,0.2617231569302888,1411,1260,TX Southern,Loyola-Chicago,1565.9975930452333,1728.610266867969,16,10
2022_1276_1411,0.3102063067890791,1411,1276,TX Southern,Michigan,1565.9975930452333,1672.715156428664,16,11
2022_1411_1412,0.31375559636611405,1411,1412,TX Southern,UAB,1565.9975930452333,1691.8971925596084,16,12
2022_1151_1411,0.33190213713615624,1411,1151,TX Southern,Chattanooga,1565.9975930452333,1692.3075267872991,16,13
2022_1255_1411,0.4357629467219245,1411,1255,TX Southern,Longwood,1565.9975930452333,1608.804247555333,16,14
2022_1174_1411,0.3995588532949205,1411,1174,TX Southern,Delaware,1565.9975930452333,1572.5924542652383,16,15
2022_1136_1411,0.49213049411773696,1411,1136,TX Southern,Bryant,1565.9975930452333,1600.501589692621,16,16
2022_1411_1460,0.473126119375229,1411,1460,TX Southern,Wright St,1565.9975930452333,1583.367797473222,16,16
2022_1112_1437,0.5290396594142206,1112,1437,Arizona,Villanova,1834.2550485377794,1825.6389527604601,1,2
2022_1112_1397,0.5340199391871563,1112,1397,Arizona,Tennessee,1834.2550485377794,1793.9138536658204,1,3
2022_1112_1228,0.6090323763731176,1112,1228,Arizona,Illinois,1834.2550485377794,1743.4717413030744,1,4
2022_1112_1222,0.5622153826687868,1112,1222,Arizona,Houston,1834.2550485377794,1827.554349059758,1,5
2022_1112_1161,0.6519693500660275,1112,1161,Arizona,Colorado St,1834.2550485377794,1736.7565025348324,1,6
2022_1112_1326,0.6813643434034973,1112,1326,Arizona,Ohio St,1834.2550485377794,1644.1052080865643,1,7
2022_1112_1371,0.7075205482311806,1112,1371,Arizona,Seton Hall,1834.2550485377794,1679.0038735560877,1,8
2022_1112_1395,0.7542206315262545,1112,1395,Arizona,TCU,1834.2550485377794,1631.9175900729285,1,9
2022_1112_1260,0.7367038940721247,1112,1260,Arizona,Loyola-Chicago,1834.2550485377794,1728.610266867969,1,10
2022_1112_1276,0.7552396350738655,1112,1276,Arizona,Michigan,1834.2550485377794,1672.715156428664,1,11
2022_1112_1412,0.836929099513491,1112,1412,Arizona,UAB,1834.2550485377794,1691.8971925596084,1,12
2022_1112_1151,0.8503670644345924,1112,1151,Arizona,Chattanooga,1834.2550485377794,1692.3075267872991,1,13
2022_1112_1255,0.8985253483398439,1112,1255,Arizona,Longwood,1834.2550485377794,1608.804247555333,1,14
2022_1112_1174,0.9124677040552307,1112,1174,Arizona,Delaware,1834.2550485377794,1572.5924542652383,1,15
2022_1112_1136,0.9599538695812225,1112,1136,Arizona,Bryant,1834.2550485377794,1600.501589692621,1,16
2022_1112_1460,0.9454797756671905,1112,1460,Arizona,Wright St,1834.2550485377794,1583.367797473222,1,16
2022_1397_1437,0.5214069568251856,1437,1397,Villanova,Tennessee,1825.6389527604601,1793.9138536658204,2,3
2022_1228_1437,0.6083587329417339,1437,1228,Villanova,Illinois,1825.6389527604601,1743.4717413030744,2,4
2022_1222_1437,0.5337868991139585,1437,1222,Villanova,Houston,1825.6389527604601,1827.554349059758,2,5
2022_1161_1437,0.6547960587475832,1437,1161,Villanova,Colorado St,1825.6389527604601,1736.7565025348324,2,6
2022_1326_1437,0.6875340110920285,1437,1326,Villanova,Ohio St,1825.6389527604601,1644.1052080865643,2,7
2022_1371_1437,0.6852713831650405,1437,1371,Villanova,Seton Hall,1825.6389527604601,1679.0038735560877,2,8
2022_1395_1437,0.7168514616556725,1437,1395,Villanova,TCU,1825.6389527604601,1631.9175900729285,2,9
2022_1260_1437,0.7641372201903094,1437,1260,Villanova,Loyola-Chicago,1825.6389527604601,1728.610266867969,2,10
2022_1276_1437,0.7601252412133905,1437,1276,Villanova,Michigan,1825.6389527604601,1672.715156428664,2,11
2022_1412_1437,0.8154644810793052,1437,1412,Villanova,UAB,1825.6389527604601,1691.8971925596084,2,12
2022_1151_1437,0.8345368968977531,1437,1151,Villanova,Chattanooga,1825.6389527604601,1692.3075267872991,2,13
2022_1255_1437,0.8745220106425926,1437,1255,Villanova,Longwood,1825.6389527604601,1608.804247555333,2,14
2022_1174_1437,0.9028152734382631,1437,1174,Villanova,Delaware,1825.6389527604601,1572.5924542652383,2,15
2022_1136_1437,0.9338775732492615,1437,1136,Villanova,Bryant,1825.6389527604601,1600.501589692621,2,16
2022_1437_1460,0.9288632431005646,1437,1460,Villanova,Wright St,1825.6389527604601,1583.367797473222,2,16
2022_1228_1397,0.5612770699595697,1397,1228,Tennessee,Illinois,1793.9138536658204,1743.4717413030744,3,4
2022_1222_1397,0.4913805346518627,1397,1222,Tennessee,Houston,1793.9138536658204,1827.554349059758,3,5
2022_1161_1397,0.6049635249021703,1397,1161,Tennessee,Colorado St,1793.9138536658204,1736.7565025348324,3,6
2022_1326_1397,0.6433471389744814,1397,1326,Tennessee,Ohio St,1793.9138536658204,1644.1052080865643,3,7
2022_1371_1397,0.6648252523802136,1397,1371,Tennessee,Seton Hall,1793.9138536658204,1679.0038735560877,3,8
2022_1395_1397,0.6817275145041137,1397,1395,Tennessee,TCU,1793.9138536658204,1631.9175900729285,3,9
2022_1260_1397,0.7161150909729561,1397,1260,Tennessee,Loyola-Chicago,1793.9138536658204,1728.610266867969,3,10
2022_1276_1397,0.722307351039194,1397,1276,Tennessee,Michigan,1793.9138536658204,1672.715156428664,3,11
2022_1397_1412,0.783464766078541,1397,1412,Tennessee,UAB,1793.9138536658204,1691.8971925596084,3,12
2022_1151_1397,0.8107555651304374,1397,1151,Tennessee,Chattanooga,1793.9138536658204,1692.3075267872991,3,13
2022_1255_1397,0.8378629552855095,1397,1255,Tennessee,Longwood,1793.9138536658204,1608.804247555333,3,14
2022_1174_1397,0.867882887679641,1397,1174,Tennessee,Delaware,1793.9138536658204,1572.5924542652383,3,15
2022_1136_1397,0.9046739548786165,1397,1136,Tennessee,Bryant,1793.9138536658204,1600.501589692621,3,16
2022_1397_1460,0.8884437889202119,1397,1460,Tennessee,Wright St,1793.9138536658204,1583.367797473222,3,16
2022_1222_1228,0.44366698792927334,1228,1222,Illinois,Houston,1743.4717413030744,1827.554349059758,4,5
2022_1161_1228,0.5049287523656956,1228,1161,Illinois,Colorado St,1743.4717413030744,1736.7565025348324,4,6
2022_1228_1326,0.5769032078626806,1228,1326,Illinois,Ohio St,1743.4717413030744,1644.1052080865643,4,7
2022_1228_1371,0.5569690861437853,1228,1371,Illinois,Seton Hall,1743.4717413030744,1679.0038735560877,4,8
2022_1228_1395,0.6064225948713635,1228,1395,Illinois,TCU,1743.4717413030744,1631.9175900729285,4,9
2022_1228_1260,0.5756279685484558,1228,1260,Illinois,Loyola-Chicago,1743.4717413030744,1728.610266867969,4,10
2022_1228_1276,0.6706006414957604,1228,1276,Illinois,Michigan,1743.4717413030744,1672.715156428664,4,11
2022_1228_1412,0.7134510246975649,1228,1412,Illinois,UAB,1743.4717413030744,1691.8971925596084,4,12
2022_1151_1228,0.7200280641847345,1228,1151,Illinois,Chattanooga,1743.4717413030744,1692.3075267872991,4,13
2022_1228_1255,0.7964345210430275,1228,1255,Illinois,Longwood,1743.4717413030744,1608.804247555333,4,14
2022_1174_1228,0.8330592679514488,1228,1174,Illinois,Delaware,1743.4717413030744,1572.5924542652383,4,15
2022_1136_1228,0.8596869509998009,1228,1136,Illinois,Bryant,1743.4717413030744,1600.501589692621,4,16
2022_1228_1460,0.8620616596522972,1228,1460,Illinois,Wright St,1743.4717413030744,1583.367797473222,4,16
2022_1161_1222,0.6277455621098764,1222,1161,Houston,Colorado St,1827.554349059758,1736.7565025348324,5,6
2022_1222_1326,0.6426869105130306,1222,1326,Houston,Ohio St,1827.554349059758,1644.1052080865643,5,7
2022_1222_1371,0.661911531055277,1222,1371,Houston,Seton Hall,1827.554349059758,1679.0038735560877,5,8
2022_1222_1395,0.6920122005675371,1222,1395,Houston,TCU,1827.554349059758,1631.9175900729285,5,9
2022_1222_1260,0.7114947057627057,1222,1260,Houston,Loyola-Chicago,1827.554349059758,1728.610266867969,5,10
2022_1222_1276,0.711633683084169,1222,1276,Houston,Michigan,1827.554349059758,1672.715156428664,5,11
2022_1222_1412,0.7554967589445671,1222,1412,Houston,UAB,1827.554349059758,1691.8971925596084,5,12
2022_1151_1222,0.7922792104943026,1222,1151,Houston,Chattanooga,1827.554349059758,1692.3075267872991,5,13
2022_1222_1255,0.8195837503009531,1222,1255,Houston,Longwood,1827.554349059758,1608.804247555333,5,14
2022_1174_1222,0.8405447446939598,1222,1174,Houston,Delaware,1827.554349059758,1572.5924542652383,5,15
2022_1136_1222,0.8709620105757316,1222,1136,Houston,Bryant,1827.554349059758,1600.501589692621,5,16
2022_1222_1460,0.8643619584574302,1222,1460,Houston,Wright St,1827.554349059758,1583.367797473222,5,16
2022_1161_1326,0.5883210980033167,1161,1326,Colorado St,Ohio St,1736.7565025348324,1644.1052080865643,6,7
2022_1161_1371,0.5814800481825939,1161,1371,Colorado St,Seton Hall,1736.7565025348324,1679.0038735560877,6,8
2022_1161_1395,0.6202850031498128,1161,1395,Colorado St,TCU,1736.7565025348324,1631.9175900729285,6,9
2022_1161_1260,0.5747694321606691,1161,1260,Colorado St,Loyola-Chicago,1736.7565025348324,1728.610266867969,6,10
2022_1161_1276,0.6557737953327512,1161,1276,Colorado St,Michigan,1736.7565025348324,1672.715156428664,6,11
2022_1161_1412,0.6688787200438171,1161,1412,Colorado St,UAB,1736.7565025348324,1691.8971925596084,6,12
2022_1151_1161,0.721224818355616,1161,1151,Colorado St,Chattanooga,1736.7565025348324,1692.3075267872991,6,13
2022_1161_1255,0.7885364858372439,1161,1255,Colorado St,Longwood,1736.7565025348324,1608.804247555333,6,14
2022_1161_1174,0.7966779833369944,1161,1174,Colorado St,Delaware,1736.7565025348324,1572.5924542652383,6,15
2022_1136_1161,0.8401452743646751,1161,1136,Colorado St,Bryant,1736.7565025348324,1600.501589692621,6,16
2022_1161_1460,0.8283187889692436,1161,1460,Colorado St,Wright St,1736.7565025348324,1583.367797473222,6,16
2022_1326_1371,0.4960391157006509,1326,1371,Ohio St,Seton Hall,1644.1052080865643,1679.0038735560877,7,8
2022_1326_1395,0.5398714463740459,1326,1395,Ohio St,TCU,1644.1052080865643,1631.9175900729285,7,9
2022_1260_1326,0.5503135013225728,1326,1260,Ohio St,Loyola-Chicago,1644.1052080865643,1728.610266867969,7,10
2022_1276_1326,0.5986282624934252,1326,1276,Ohio St,Michigan,1644.1052080865643,1672.715156428664,7,11
2022_1326_1412,0.5661881110928868,1326,1412,Ohio St,UAB,1644.1052080865643,1691.8971925596084,7,12
2022_1151_1326,0.6009203650938659,1326,1151,Ohio St,Chattanooga,1644.1052080865643,1692.3075267872991,7,13
2022_1255_1326,0.6891192234821877,1326,1255,Ohio St,Longwood,1644.1052080865643,1608.804247555333,7,14
2022_1174_1326,0.742386770056032,1326,1174,Ohio St,Delaware,1644.1052080865643,1572.5924542652383,7,15
2022_1136_1326,0.7778074359231684,1326,1136,Ohio St,Bryant,1644.1052080865643,1600.501589692621,7,16
2022_1326_1460,0.7674985145860407,1326,1460,Ohio St,Wright St,1644.1052080865643,1583.367797473222,7,16
2022_1371_1395,0.5386019282674082,1371,1395,Seton Hall,TCU,1679.0038735560877,1631.9175900729285,8,9
2022_1260_1371,0.5111411656767002,1371,1260,Seton Hall,Loyola-Chicago,1679.0038735560877,1728.610266867969,8,10
2022_1276_1371,0.5869356232526952,1371,1276,Seton Hall,Michigan,1679.0038735560877,1672.715156428664,8,11
2022_1371_1412,0.5667809345458086,1371,1412,Seton Hall,UAB,1679.0038735560877,1691.8971925596084,8,12
2022_1151_1371,0.6030012733600949,1371,1151,Seton Hall,Chattanooga,1679.0038735560877,1692.3075267872991,8,13
2022_1255_1371,0.7229005553709655,1371,1255,Seton Hall,Longwood,1679.0038735560877,1608.804247555333,8,14
2022_1174_1371,0.7471194751329979,1371,1174,Seton Hall,Delaware,1679.0038735560877,1572.5924542652383,8,15
2022_1136_1371,0.7775059310658206,1371,1136,Seton Hall,Bryant,1679.0038735560877,1600.501589692621,8,16
2022_1371_1460,0.7759162155850161,1371,1460,Seton Hall,Wright St,1679.0038735560877,1583.367797473222,8,16
2022_1260_1395,0.449381359729696,1395,1260,TCU,Loyola-Chicago,1631.9175900729285,1728.610266867969,9,10
2022_1276_1395,0.5424354742795101,1395,1276,TCU,Michigan,1631.9175900729285,1672.715156428664,9,11
2022_1395_1412,0.5372800069692785,1395,1412,TCU,UAB,1631.9175900729285,1691.8971925596084,9,12
2022_1151_1395,0.5523992054794367,1395,1151,TCU,Chattanooga,1631.9175900729285,1692.3075267872991,9,13
2022_1255_1395,0.6484091795347546,1395,1255,TCU,Longwood,1631.9175900729285,1608.804247555333,9,14
2022_1174_1395,0.7053710528599411,1395,1174,TCU,Delaware,1631.9175900729285,1572.5924542652383,9,15
2022_1136_1395,0.7121696509190163,1395,1136,TCU,Bryant,1631.9175900729285,1600.501589692621,9,16
2022_1395_1460,0.732129890448626,1395,1460,TCU,Wright St,1631.9175900729285,1583.367797473222,9,16
2022_1260_1276,0.5412874304389246,1260,1276,Loyola-Chicago,Michigan,1728.610266867969,1672.715156428664,10,11
2022_1260_1412,0.5512188296347729,1260,1412,Loyola-Chicago,UAB,1728.610266867969,1691.8971925596084,10,12
2022_1151_1260,0.5786172139290029,1260,1151,Loyola-Chicago,Chattanooga,1728.610266867969,1692.3075267872991,10,13
2022_1255_1260,0.7000618078444536,1260,1255,Loyola-Chicago,Longwood,1728.610266867969,1608.804247555333,10,14
2022_1174_1260,0.7059583581350659,1260,1174,Loyola-Chicago,Delaware,1728.610266867969,1572.5924542652383,10,15
2022_1136_1260,0.7434029736506134,1260,1136,Loyola-Chicago,Bryant,1728.610266867969,1600.501589692621,10,16
2022_1260_1460,0.7247449018942504,1260,1460,Loyola-Chicago,Wright St,1728.610266867969,1583.367797473222,10,16
2022_1276_1412,0.5316497766112573,1276,1412,Michigan,UAB,1672.715156428664,1691.8971925596084,11,12
2022_1151_1276,0.5612923722296825,1276,1151,Michigan,Chattanooga,1672.715156428664,1692.3075267872991,11,13
2022_1255_1276,0.6132003503683263,1276,1255,Michigan,Longwood,1672.715156428664,1608.804247555333,11,14
2022_1174_1276,0.6609979220364626,1276,1174,Michigan,Delaware,1672.715156428664,1572.5924542652383,11,15
2022_1136_1276,0.6875974304340695,1276,1136,Michigan,Bryant,1672.715156428664,1600.501589692621,11,16
2022_1276_1460,0.683046586003146,1276,1460,Michigan,Wright St,1672.715156428664,1583.367797473222,11,16
2022_1151_1412,0.5033068590497263,1412,1151,UAB,Chattanooga,1691.8971925596084,1692.3075267872991,12,13
2022_1255_1412,0.6412600647240749,1412,1255,UAB,Longwood,1691.8971925596084,1608.804247555333,12,14
2022_1174_1412,0.6542506354692632,1412,1174,UAB,Delaware,1691.8971925596084,1572.5924542652383,12,15
2022_1136_1412,0.6911716260645921,1412,1136,UAB,Bryant,1691.8971925596084,1600.501589692621,12,16
2022_1412_1460,0.6787844993804033,1412,1460,UAB,Wright St,1691.8971925596084,1583.367797473222,12,16
2022_1151_1255,0.6250899963711984,1151,1255,Chattanooga,Longwood,1692.3075267872991,1608.804247555333,13,14
2022_1151_1174,0.6220460157424084,1151,1174,Chattanooga,Delaware,1692.3075267872991,1572.5924542652383,13,15
2022_1136_1151,0.6525736438873464,1151,1136,Chattanooga,Bryant,1692.3075267872991,1600.501589692621,13,16
2022_1151_1460,0.6482787716034109,1151,1460,Chattanooga,Wright St,1692.3075267872991,1583.367797473222,13,16
2022_1174_1255,0.4808786519502885,1255,1174,Longwood,Delaware,1608.804247555333,1572.5924542652383,14,15
2022_1136_1255,0.5523305158644787,1255,1136,Longwood,Bryant,1608.804247555333,1600.501589692621,14,16
2022_1255_1460,0.5305621694356075,1255,1460,Longwood,Wright St,1608.804247555333,1583.367797473222,14,16
2022_1136_1174,0.561888211283613,1174,1136,Delaware,Bryant,1572.5924542652383,1600.501589692621,15,16
2022_1174_1460,0.5289600574111231,1174,1460,Delaware,Wright St,1572.5924542652383,1583.367797473222,15,16
2022_1136_1460,0.4710417523980142,1136,1460,Bryant,Wright St,1600.501589692621,1583.367797473222,16,16
