ID,Pred,Team1ID,Team2ID,Team1Name,Team2Name,Team1ELO,Team2ELO,Team1Seed,Team2Seed
2025_3181_3376,0.5832230322583745,3376,3181,South Carolina,Duke,2029.9502031752472,1877.6323496468428,1,2
2025_3314_3376,0.6877660187378994,3376,3314,South Carolina,North Carolina,2029.9502031752472,1809.6668329023476,1,3
2025_3268_3376,0.7395724191328623,3376,3268,South Carolina,Maryland,2029.9502031752472,1785.478366188461,1,4
2025_3104_3376,0.7605785205530171,3376,3104,South Carolina,Alabama,2029.9502031752472,1752.8218398927406,1,5
2025_3376_3452,0.8080605467221538,3376,3452,South Carolina,West Virginia,2029.9502031752472,1778.6338908344471,1,6
2025_3376_3435,0.8461447315206944,3376,3435,South Carolina,Vanderbilt,2029.9502031752472,1716.3531609099473,1,7
2025_3376_3428,0.8720050445201312,3376,3428,South Carolina,Utah,2029.9502031752472,1741.6985419928524,1,8
2025_3231_3376,0.9019728947622477,3376,3231,South Carolina,Indiana,2029.9502031752472,1739.282653639833,1,9
2025_3332_3376,0.9342963275173889,3376,3332,South Carolina,Oregon,2029.9502031752472,1643.8102383927396,1,10
2025_3162_3376,0.9507303060093908,3376,3162,South Carolina,Columbia,2029.9502031752472,1783.4269080012543,1,11
2025_3376_3449,0.9487115264931707,3376,3449,South Carolina,Washington,2029.9502031752472,1645.3536274676324,1,11
2025_3376_3453,0.9737364900112152,3376,3453,South Carolina,WI Green Bay,2029.9502031752472,1773.4277794623615,1,12
2025_3313_3376,0.9667670083045959,3376,3313,South Carolina,Norfolk St,2029.9502031752472,1756.2144264957496,1,13
2025_3333_3376,0.971913571357727,3376,3333,South Carolina,Oregon St,2029.9502031752472,1667.1550896856745,1,14
2025_3250_3376,0.9717228364944458,3376,3250,South Carolina,Lehigh,2029.9502031752472,1649.77114346928,1,15
2025_3376_3399,0.97520800948143,3376,3399,South Carolina,Tennessee Tech,2029.9502031752472,1660.0604484176497,1,16
2025_3376_3400,0.5388136416673659,3376,3400,South Carolina,Texas,2029.9502031752472,1971.253830593616,1,1
2025_3376_3395,0.6275860839112828,3376,3395,South Carolina,TCU,2029.9502031752472,1843.5690826914229,1,2
2025_3323_3376,0.6538579943076245,3376,3323,South Carolina,Notre Dame,2029.9502031752472,1880.3257336324496,1,3
2025_3326_3376,0.7349069847723582,3376,3326,South Carolina,Ohio St,2029.9502031752472,1838.9421792110422,1,4
2025_3376_3397,0.7725341096090321,3376,3397,South Carolina,Tennessee,2029.9502031752472,1751.8425070034982,1,5
2025_3276_3376,0.815420140828828,3376,3276,South Carolina,Michigan,2029.9502031752472,1754.103120625063,1,6
2025_3257_3376,0.8483446495523869,3376,3257,South Carolina,Louisville,2029.9502031752472,1770.291352149283,1,7
2025_3228_3376,0.8837024560573016,3376,3228,South Carolina,Illinois,2029.9502031752472,1702.7194358808865,1,8
2025_3166_3376,0.9054549087030589,3376,3166,South Carolina,Creighton,2029.9502031752472,1859.0974014739336,1,9
2025_3304_3376,0.9313213106850372,3376,3304,South Carolina,Nebraska,2029.9502031752472,1702.8172097273407,1,10
2025_3235_3376,0.9546100915471105,3376,3235,South Carolina,Iowa St,2029.9502031752472,1739.2557567978145,1,11
2025_3343_3376,0.956431341270545,3376,3343,South Carolina,Princeton,2029.9502031752472,1775.506646128416,1,11
2025_3376_3378,0.9721008789539337,3376,3378,South Carolina,South Florida,2029.9502031752472,1683.410611086055,1,12
2025_3286_3376,0.9683999669551849,3376,3286,South Carolina,Montana St,2029.9502031752472,1720.0676852052384,1,13
2025_3372_3376,0.9739493381977081,3376,3372,South Carolina,SF Austin,2029.9502031752472,1710.1301229301325,1,14
2025_3192_3376,0.9725452315807342,3376,3192,South Carolina,F Dickinson,2029.9502031752472,1616.5400097680608,1,15
2025_3219_3376,0.9751769852638245,3376,3219,South Carolina,High Point,2029.9502031752472,1542.3452372503477,1,16
2025_3376_3456,0.9757103872299194,3376,3456,South Carolina,William & Mary,2029.9502031752472,1486.8572709106484,1,16
2025_3376_3417,0.5425323754549025,3376,3417,South Carolina,UCLA,2029.9502031752472,1958.278979203148,1,1
2025_3301_3376,0.6092035942300389,3376,3301,South Carolina,NC State,2029.9502031752472,1883.6190284342556,1,2
2025_3261_3376,0.6707726004019848,3376,3261,South Carolina,LSU,2029.9502031752472,1875.8199352842041,1,3
2025_3124_3376,0.731128020491276,3376,3124,South Carolina,Baylor,2029.9502031752472,1823.9933602644464,1,4
2025_3279_3376,0.773626811759377,3376,3279,South Carolina,Mississippi,2029.9502031752472,1764.6037249112856,1,5
2025_3199_3376,0.8174824913403789,3376,3199,South Carolina,Florida St,2029.9502031752472,1761.9644695309794,1,6
2025_3277_3376,0.8435628073206364,3376,3277,South Carolina,Michigan St,2029.9502031752472,1715.8991388129386,1,7
2025_3350_3376,0.8690156629683886,3376,3350,South Carolina,Richmond,2029.9502031752472,1797.7185869664368,1,8
2025_3210_3376,0.902877991293162,3376,3210,South Carolina,Georgia Tech,2029.9502031752472,1656.4881012812837,1,9
2025_3217_3376,0.9290393766621338,3376,3217,South Carolina,Harvard,2029.9502031752472,1773.429450810923,1,10
2025_3206_3376,0.9564709485569982,3376,3206,South Carolina,George Mason,2029.9502031752472,1753.7950358153073,1,11
2025_3123_3376,0.970426584482193,3376,3123,South Carolina,Ball St,2029.9502031752472,1769.2197745940423,1,12
2025_3213_3376,0.9620117497444153,3376,3213,South Carolina,Grand Canyon,2029.9502031752472,1761.903095765611,1,13
2025_3361_3376,0.9721869480609894,3376,3361,South Carolina,San Diego St,2029.9502031752472,1671.1713611028213,1,14
2025_3376_3436,0.9730488610267639,3376,3436,South Carolina,Vermont,2029.9502031752472,1622.6020859062485,1,15
2025_3376_3380,0.9704541218280792,3376,3380,South Carolina,Southern Univ,2029.9502031752472,1553.512381915605,1,16
2025_3376_3471,0.9731859517097473,3376,3471,South Carolina,UC San Diego,2029.9502031752472,1524.6527067841912,1,16
2025_3376_3425,0.5497039318084715,3376,3425,South Carolina,USC,2029.9502031752472,1933.8727523760726,1,1
2025_3163_3376,0.5171761684640477,3376,3163,South Carolina,Connecticut,2029.9502031752472,1974.97509244384,1,2
2025_3328_3376,0.7039034994736783,3376,3328,South Carolina,Oklahoma,2029.9502031752472,1825.81495927408,1,3
2025_3246_3376,0.7405769660135844,3376,3246,South Carolina,Kentucky,2029.9502031752472,1712.3650858848432,1,4
2025_3243_3376,0.7614950015710835,3376,3243,South Carolina,Kansas St,2029.9502031752472,1761.130509058621,1,5
2025_3234_3376,0.8137906988522807,3376,3234,South Carolina,Iowa,2029.9502031752472,1820.9586709265081,1,6
2025_3329_3376,0.8413177089682041,3376,3329,South Carolina,Oklahoma St,2029.9502031752472,1735.6533768195266,1,7
2025_3143_3376,0.884235202372304,3376,3143,South Carolina,California,2029.9502031752472,1732.981985453007,1,8
2025_3280_3376,0.9051032711012065,3376,3280,South Carolina,Mississippi St,2029.9502031752472,1672.2828961738294,1,9
2025_3355_3376,0.935268211052774,3376,3355,South Carolina,S Dakota St,2029.9502031752472,1835.2775090793496,1,10
2025_3293_3376,0.9574763597050695,3376,3293,South Carolina,Murray St,2029.9502031752472,1695.9339089127072,1,11
2025_3193_3376,0.9677969169616699,3376,3193,South Carolina,Fairfield,2029.9502031752472,1777.546952772885,1,12
2025_3251_3376,0.9748838198184967,3376,3251,South Carolina,Liberty,2029.9502031752472,1734.815164305803,1,13
2025_3195_3376,0.9658585441112518,3376,3195,South Carolina,FGCU,2029.9502031752472,1808.5724936397603,1,14
2025_3117_3376,0.9695347797870636,3376,3117,South Carolina,Arkansas St,2029.9502031752472,1586.1666111780894,1,15
2025_3376_3422,0.9742123734951019,3376,3422,South Carolina,UNC Greensboro,2029.9502031752472,1648.591563566133,1,16
2025_3181_3314,0.5844852351172993,3181,3314,Duke,North Carolina,1877.6323496468428,1809.6668329023476,2,3
2025_3181_3268,0.6692335190669171,3181,3268,Duke,Maryland,1877.6323496468428,1785.478366188461,2,4
2025_3104_3181,0.6830625965258219,3181,3104,Duke,Alabama,1877.6323496468428,1752.8218398927406,2,5
2025_3181_3452,0.730143032925034,3181,3452,Duke,West Virginia,1877.6323496468428,1778.6338908344471,2,6
2025_3181_3435,0.8025993903538982,3181,3435,Duke,Vanderbilt,1877.6323496468428,1716.3531609099473,2,7
2025_3181_3428,0.8158403145065724,3181,3428,Duke,Utah,1877.6323496468428,1741.6985419928524,2,8
2025_3181_3231,0.8392693689467822,3181,3231,Duke,Indiana,1877.6323496468428,1739.282653639833,2,9
2025_3181_3332,0.8969425011617839,3181,3332,Duke,Oregon,1877.6323496468428,1643.8102383927396,2,10
2025_3162_3181,0.9073622104386078,3181,3162,Duke,Columbia,1877.6323496468428,1783.4269080012543,2,11
2025_3181_3449,0.9226246651867615,3181,3449,Duke,Washington,1877.6323496468428,1645.3536274676324,2,11
2025_3181_3453,0.9508343161145238,3181,3453,Duke,WI Green Bay,1877.6323496468428,1773.4277794623615,2,12
2025_3181_3313,0.9444704902172089,3181,3313,Duke,Norfolk St,1877.6323496468428,1756.2144264957496,2,13
2025_3181_3333,0.9725572717189789,3181,3333,Duke,Oregon St,1877.6323496468428,1667.1550896856745,2,14
2025_3181_3250,0.9722534966468811,3181,3250,Duke,Lehigh,1877.6323496468428,1649.77114346928,2,15
2025_3181_3399,0.9748951745033264,3181,3399,Duke,Tennessee Tech,1877.6323496468428,1660.0604484176497,2,16
2025_3181_3400,0.40608661840118654,3181,3400,Duke,Texas,1877.6323496468428,1971.253830593616,2,1
2025_3181_3395,0.5242774248123168,3181,3395,Duke,TCU,1877.6323496468428,1843.5690826914229,2,2
2025_3181_3323,0.5115409814342091,3181,3323,Duke,Notre Dame,1877.6323496468428,1880.3257336324496,2,3
2025_3181_3326,0.6585916908875576,3181,3326,Duke,Ohio St,1877.6323496468428,1838.9421792110422,2,4
2025_3181_3397,0.7051408871075251,3181,3397,Duke,Tennessee,1877.6323496468428,1751.8425070034982,2,5
2025_3181_3276,0.7458679303096776,3181,3276,Duke,Michigan,1877.6323496468428,1754.103120625063,2,6
2025_3181_3257,0.7907391389272014,3181,3257,Duke,Louisville,1877.6323496468428,1770.291352149283,2,7
2025_3181_3228,0.848275627373737,3181,3228,Duke,Illinois,1877.6323496468428,1702.7194358808865,2,8
2025_3166_3181,0.8348696222903643,3181,3166,Duke,Creighton,1877.6323496468428,1859.0974014739336,2,9
2025_3181_3304,0.8957439113599955,3181,3304,Duke,Nebraska,1877.6323496468428,1702.8172097273407,2,10
2025_3181_3235,0.919295984194635,3181,3235,Duke,Iowa St,1877.6323496468428,1739.2557567978145,2,11
2025_3181_3343,0.9259461340168701,3181,3343,Duke,Princeton,1877.6323496468428,1775.506646128416,2,11
2025_3181_3378,0.9576602996388464,3181,3378,Duke,South Florida,1877.6323496468428,1683.410611086055,2,12
2025_3181_3286,0.9665021848678589,3181,3286,Duke,Montana St,1877.6323496468428,1720.0676852052384,2,13
2025_3181_3372,0.9731157076358795,3181,3372,Duke,SF Austin,1877.6323496468428,1710.1301229301325,2,14
2025_3181_3192,0.9702048850059509,3181,3192,Duke,F Dickinson,1877.6323496468428,1616.5400097680608,2,15
2025_3181_3219,0.9762109768390655,3181,3219,Duke,High Point,1877.6323496468428,1542.3452372503477,2,16
2025_3181_3456,0.9760151159763336,3181,3456,Duke,William & Mary,1877.6323496468428,1486.8572709106484,2,16
2025_3181_3417,0.37406369517006166,3181,3417,Duke,UCLA,1877.6323496468428,1958.278979203148,2,1
2025_3181_3301,0.5359471648931502,3181,3301,Duke,NC State,1877.6323496468428,1883.6190284342556,2,2
2025_3181_3261,0.5735695682986806,3181,3261,Duke,LSU,1877.6323496468428,1875.8199352842041,2,3
2025_3124_3181,0.6450182827607266,3181,3124,Duke,Baylor,1877.6323496468428,1823.9933602644464,2,4
2025_3181_3279,0.677303700055752,3181,3279,Duke,Mississippi,1877.6323496468428,1764.6037249112856,2,5
2025_3181_3199,0.7505433186458592,3181,3199,Duke,Florida St,1877.6323496468428,1761.9644695309794,2,6
2025_3181_3277,0.8070307870766917,3181,3277,Duke,Michigan St,1877.6323496468428,1715.8991388129386,2,7
2025_3181_3350,0.7990669267168461,3181,3350,Duke,Richmond,1877.6323496468428,1797.7185869664368,2,8
2025_3181_3210,0.8645869186522875,3181,3210,Duke,Georgia Tech,1877.6323496468428,1656.4881012812837,2,9
2025_3181_3217,0.8779481399995982,3181,3217,Duke,Harvard,1877.6323496468428,1773.429450810923,2,10
2025_3181_3206,0.9239348646858917,3181,3206,Duke,George Mason,1877.6323496468428,1753.7950358153073,2,11
2025_3123_3181,0.9464575470486669,3181,3123,Duke,Ball St,1877.6323496468428,1769.2197745940423,2,12
2025_3181_3213,0.946244056224823,3181,3213,Duke,Grand Canyon,1877.6323496468428,1761.903095765611,2,13
2025_3181_3361,0.9715526950359344,3181,3361,Duke,San Diego St,1877.6323496468428,1671.1713611028213,2,14
2025_3181_3436,0.9717560064792633,3181,3436,Duke,Vermont,1877.6323496468428,1622.6020859062485,2,15
2025_3181_3380,0.9750290465354919,3181,3380,Duke,Southern Univ,1877.6323496468428,1553.512381915605,2,16
2025_3181_3471,0.9747610640525818,3181,3471,Duke,UC San Diego,1877.6323496468428,1524.6527067841912,2,16
2025_3181_3425,0.38668947140135057,3181,3425,Duke,USC,1877.6323496468428,1933.8727523760726,2,1
2025_3163_3181,0.42745265215635286,3181,3163,Duke,Connecticut,1877.6323496468428,1974.97509244384,2,2
2025_3181_3328,0.626057150266988,3181,3328,Duke,Oklahoma,1877.6323496468428,1825.81495927408,2,3
2025_3181_3246,0.6885583134785763,3181,3246,Duke,Kentucky,1877.6323496468428,1712.3650858848432,2,4
2025_3181_3243,0.6545569135805704,3181,3243,Duke,Kansas St,1877.6323496468428,1761.130509058621,2,5
2025_3181_3234,0.7467920705245976,3181,3234,Duke,Iowa,1877.6323496468428,1820.9586709265081,2,6
2025_3181_3329,0.7909240027329723,3181,3329,Duke,Oklahoma St,1877.6323496468428,1735.6533768195266,2,7
2025_3143_3181,0.8448975341310917,3181,3143,Duke,California,1877.6323496468428,1732.981985453007,2,8
2025_3181_3280,0.8745946279170428,3181,3280,Duke,Mississippi St,1877.6323496468428,1672.2828961738294,2,9
2025_3181_3355,0.8788391698343455,3181,3355,Duke,S Dakota St,1877.6323496468428,1835.2775090793496,2,10
2025_3181_3293,0.9361136135319458,3181,3293,Duke,Murray St,1877.6323496468428,1695.9339089127072,2,11
2025_3181_3193,0.9359691263237981,3181,3193,Duke,Fairfield,1877.6323496468428,1777.546952772885,2,12
2025_3181_3251,0.9708812487125397,3181,3251,Duke,Liberty,1877.6323496468428,1734.815164305803,2,13
2025_3181_3195,0.9495853435993195,3181,3195,Duke,FGCU,1877.6323496468428,1808.5724936397603,2,14
2025_3117_3181,0.9715895009040832,3181,3117,Duke,Arkansas St,1877.6323496468428,1586.1666111780894,2,15
2025_3181_3422,0.97597825050354,3181,3422,Duke,UNC Greensboro,1877.6323496468428,1648.591563566133,2,16
2025_3268_3314,0.557679864071233,3314,3268,North Carolina,Maryland,1809.6668329023476,1785.478366188461,3,4
2025_3104_3314,0.6130333723918072,3314,3104,North Carolina,Alabama,1809.6668329023476,1752.8218398927406,3,5
2025_3314_3452,0.6683401449581721,3314,3452,North Carolina,West Virginia,1809.6668329023476,1778.6338908344471,3,6
2025_3314_3435,0.7195569797920232,3314,3435,North Carolina,Vanderbilt,1809.6668329023476,1716.3531609099473,3,7
2025_3314_3428,0.7523769189975062,3314,3428,North Carolina,Utah,1809.6668329023476,1741.6985419928524,3,8
2025_3231_3314,0.7793290870180546,3314,3231,North Carolina,Indiana,1809.6668329023476,1739.282653639833,3,9
2025_3314_3332,0.8583734920623217,3314,3332,North Carolina,Oregon,1809.6668329023476,1643.8102383927396,3,10
2025_3162_3314,0.86283116528818,3314,3162,North Carolina,Columbia,1809.6668329023476,1783.4269080012543,3,11
2025_3314_3449,0.8768132377607524,3314,3449,North Carolina,Washington,1809.6668329023476,1645.3536274676324,3,11
2025_3314_3453,0.9225049790600525,3314,3453,North Carolina,WI Green Bay,1809.6668329023476,1773.4277794623615,3,12
2025_3313_3314,0.9311978937188177,3314,3313,North Carolina,Norfolk St,1809.6668329023476,1756.2144264957496,3,13
2025_3314_3333,0.9658592593669891,3314,3333,North Carolina,Oregon St,1809.6668329023476,1667.1550896856745,3,14
2025_3250_3314,0.9679050099849701,3314,3250,North Carolina,Lehigh,1809.6668329023476,1649.77114346928,3,15
2025_3314_3399,0.9657571864128113,3314,3399,North Carolina,Tennessee Tech,1809.6668329023476,1660.0604484176497,3,16
2025_3314_3400,0.3124109519227869,3314,3400,North Carolina,Texas,1809.6668329023476,1971.253830593616,3,1
2025_3314_3395,0.45595037410415895,3314,3395,North Carolina,TCU,1809.6668329023476,1843.5690826914229,3,2
2025_3314_3323,0.4438608050346373,3314,3323,North Carolina,Notre Dame,1809.6668329023476,1880.3257336324496,3,3
2025_3314_3326,0.5382768087609837,3314,3326,North Carolina,Ohio St,1809.6668329023476,1838.9421792110422,3,4
2025_3314_3397,0.6231184037819973,3314,3397,North Carolina,Tennessee,1809.6668329023476,1751.8425070034982,3,5
2025_3276_3314,0.6768122746607401,3314,3276,North Carolina,Michigan,1809.6668329023476,1754.103120625063,3,6
2025_3257_3314,0.719646446363831,3314,3257,North Carolina,Louisville,1809.6668329023476,1770.291352149283,3,7
2025_3228_3314,0.7883675893208781,3314,3228,North Carolina,Illinois,1809.6668329023476,1702.7194358808865,3,8
2025_3166_3314,0.7596265183678089,3314,3166,North Carolina,Creighton,1809.6668329023476,1859.0974014739336,3,9
2025_3304_3314,0.8276543310286913,3314,3304,North Carolina,Nebraska,1809.6668329023476,1702.8172097273407,3,10
2025_3235_3314,0.8493567306739985,3314,3235,North Carolina,Iowa St,1809.6668329023476,1739.2557567978145,3,11
2025_3314_3343,0.8718259234172999,3314,3343,North Carolina,Princeton,1809.6668329023476,1775.506646128416,3,11
2025_3314_3378,0.9305227574566589,3314,3378,North Carolina,South Florida,1809.6668329023476,1683.410611086055,3,12
2025_3286_3314,0.940594029525855,3314,3286,North Carolina,Montana St,1809.6668329023476,1720.0676852052384,3,13
2025_3314_3372,0.9670587730407715,3314,3372,North Carolina,SF Austin,1809.6668329023476,1710.1301229301325,3,14
2025_3192_3314,0.9667804491519928,3314,3192,North Carolina,F Dickinson,1809.6668329023476,1616.5400097680608,3,15
2025_3219_3314,0.9770738434791565,3314,3219,North Carolina,High Point,1809.6668329023476,1542.3452372503477,3,16
2025_3314_3456,0.9734171879291534,3314,3456,North Carolina,William & Mary,1809.6668329023476,1486.8572709106484,3,16
2025_3314_3417,0.31296516708577937,3314,3417,North Carolina,UCLA,1809.6668329023476,1958.278979203148,3,1
2025_3301_3314,0.43215727279342897,3314,3301,North Carolina,NC State,1809.6668329023476,1883.6190284342556,3,2
2025_3261_3314,0.4539616987109183,3314,3261,North Carolina,LSU,1809.6668329023476,1875.8199352842041,3,3
2025_3124_3314,0.560183378361089,3314,3124,North Carolina,Baylor,1809.6668329023476,1823.9933602644464,3,4
2025_3279_3314,0.6065396698609463,3314,3279,North Carolina,Mississippi,1809.6668329023476,1764.6037249112856,3,5
2025_3199_3314,0.7066942288538554,3314,3199,North Carolina,Florida St,1809.6668329023476,1761.9644695309794,3,6
2025_3277_3314,0.7419278248714452,3314,3277,North Carolina,Michigan St,1809.6668329023476,1715.8991388129386,3,7
2025_3314_3350,0.7429128487965861,3314,3350,North Carolina,Richmond,1809.6668329023476,1797.7185869664368,3,8
2025_3210_3314,0.7880112187853275,3314,3210,North Carolina,Georgia Tech,1809.6668329023476,1656.4881012812837,3,9
2025_3217_3314,0.8382022222878848,3314,3217,North Carolina,Harvard,1809.6668329023476,1773.429450810923,3,10
2025_3206_3314,0.8816915501100718,3314,3206,North Carolina,George Mason,1809.6668329023476,1753.7950358153073,3,11
2025_3123_3314,0.9231256422260986,3314,3123,North Carolina,Ball St,1809.6668329023476,1769.2197745940423,3,12
2025_3213_3314,0.9304493487874059,3314,3213,North Carolina,Grand Canyon,1809.6668329023476,1761.903095765611,3,13
2025_3314_3361,0.9647291553020477,3314,3361,North Carolina,San Diego St,1809.6668329023476,1671.1713611028213,3,14
2025_3314_3436,0.971743757724762,3314,3436,North Carolina,Vermont,1809.6668329023476,1622.6020859062485,3,15
2025_3314_3380,0.9745454144477844,3314,3380,North Carolina,Southern Univ,1809.6668329023476,1553.512381915605,3,16
2025_3314_3471,0.976488436460495,3314,3471,North Carolina,UC San Diego,1809.6668329023476,1524.6527067841912,3,16
2025_3314_3425,0.3376015064820177,3314,3425,North Carolina,USC,1809.6668329023476,1933.8727523760726,3,1
2025_3163_3314,0.3761205993071962,3314,3163,North Carolina,Connecticut,1809.6668329023476,1974.97509244384,3,2
2025_3314_3328,0.5506803452968596,3314,3328,North Carolina,Oklahoma,1809.6668329023476,1825.81495927408,3,3
2025_3246_3314,0.5775606506093571,3314,3246,North Carolina,Kentucky,1809.6668329023476,1712.3650858848432,3,4
2025_3243_3314,0.606439101924049,3314,3243,North Carolina,Kansas St,1809.6668329023476,1761.130509058621,3,5
2025_3234_3314,0.6437949671408274,3314,3234,North Carolina,Iowa,1809.6668329023476,1820.9586709265081,3,6
2025_3314_3329,0.7462557926343922,3314,3329,North Carolina,Oklahoma St,1809.6668329023476,1735.6533768195266,3,7
2025_3143_3314,0.7942805190942088,3314,3143,North Carolina,California,1809.6668329023476,1732.981985453007,3,8
2025_3280_3314,0.8179122017612873,3314,3280,North Carolina,Mississippi St,1809.6668329023476,1672.2828961738294,3,9
2025_3314_3355,0.8185834279658709,3314,3355,North Carolina,S Dakota St,1809.6668329023476,1835.2775090793496,3,10
2025_3293_3314,0.8934914220316111,3314,3293,North Carolina,Murray St,1809.6668329023476,1695.9339089127072,3,11
2025_3193_3314,0.9053156849602447,3314,3193,North Carolina,Fairfield,1809.6668329023476,1777.546952772885,3,12
2025_3251_3314,0.9548816503087072,3314,3251,North Carolina,Liberty,1809.6668329023476,1734.815164305803,3,13
2025_3195_3314,0.9383574676513672,3314,3195,North Carolina,FGCU,1809.6668329023476,1808.5724936397603,3,14
2025_3117_3314,0.970281685590744,3314,3117,North Carolina,Arkansas St,1809.6668329023476,1586.1666111780894,3,15
2025_3314_3422,0.9753517758846283,3314,3422,North Carolina,UNC Greensboro,1809.6668329023476,1648.591563566133,3,16
2025_3104_3268,0.5303784035667012,3268,3104,Maryland,Alabama,1785.478366188461,1752.8218398927406,4,5
2025_3268_3452,0.6268029692069165,3268,3452,Maryland,West Virginia,1785.478366188461,1778.6338908344471,4,6
2025_3268_3435,0.6737590714356043,3268,3435,Maryland,Vanderbilt,1785.478366188461,1716.3531609099473,4,7
2025_3268_3428,0.7210021540092473,3268,3428,Maryland,Utah,1785.478366188461,1741.6985419928524,4,8
2025_3231_3268,0.7426677693984309,3268,3231,Maryland,Indiana,1785.478366188461,1739.282653639833,4,9
2025_3268_3332,0.797294746517223,3268,3332,Maryland,Oregon,1785.478366188461,1643.8102383927396,4,10
2025_3162_3268,0.8360492429139529,3268,3162,Maryland,Columbia,1785.478366188461,1783.4269080012543,4,11
2025_3268_3449,0.8248724481465731,3268,3449,Maryland,Washington,1785.478366188461,1645.3536274676324,4,11
2025_3268_3453,0.8847346056444346,3268,3453,Maryland,WI Green Bay,1785.478366188461,1773.4277794623615,4,12
2025_3268_3313,0.9047493514279114,3268,3313,Maryland,Norfolk St,1785.478366188461,1756.2144264957496,4,13
2025_3268_3333,0.9499639690915136,3268,3333,Maryland,Oregon St,1785.478366188461,1667.1550896856745,4,14
2025_3250_3268,0.9604682278633118,3268,3250,Maryland,Lehigh,1785.478366188461,1649.77114346928,4,15
2025_3268_3399,0.9685288619995117,3268,3399,Maryland,Tennessee Tech,1785.478366188461,1660.0604484176497,4,16
2025_3268_3400,0.27801737049611996,3268,3400,Maryland,Texas,1785.478366188461,1971.253830593616,4,1
2025_3268_3395,0.35703133917893237,3268,3395,Maryland,TCU,1785.478366188461,1843.5690826914229,4,2
2025_3268_3323,0.3897026575581003,3268,3323,Maryland,Notre Dame,1785.478366188461,1880.3257336324496,4,3
2025_3268_3326,0.46094503849744783,3268,3326,Maryland,Ohio St,1785.478366188461,1838.9421792110422,4,4
2025_3268_3397,0.5239681773408482,3268,3397,Maryland,Tennessee,1785.478366188461,1751.8425070034982,4,5
2025_3268_3276,0.6159549089566342,3268,3276,Maryland,Michigan,1785.478366188461,1754.103120625063,4,6
2025_3257_3268,0.665931714977894,3268,3257,Maryland,Louisville,1785.478366188461,1770.291352149283,4,7
2025_3228_3268,0.7522714808153157,3268,3228,Maryland,Illinois,1785.478366188461,1702.7194358808865,4,8
2025_3166_3268,0.7341786821744243,3268,3166,Maryland,Creighton,1785.478366188461,1859.0974014739336,4,9
2025_3268_3304,0.7977283256044804,3268,3304,Maryland,Nebraska,1785.478366188461,1702.8172097273407,4,10
2025_3235_3268,0.824539124071828,3268,3235,Maryland,Iowa St,1785.478366188461,1739.2557567978145,4,11
2025_3268_3343,0.8662637761237536,3268,3343,Maryland,Princeton,1785.478366188461,1775.506646128416,4,11
2025_3268_3378,0.8886561740381419,3268,3378,Maryland,South Florida,1785.478366188461,1683.410611086055,4,12
2025_3268_3286,0.9218883988121734,3268,3286,Maryland,Montana St,1785.478366188461,1720.0676852052384,4,13
2025_3268_3372,0.9529514730969457,3268,3372,Maryland,SF Austin,1785.478366188461,1710.1301229301325,4,14
2025_3192_3268,0.9670629751682281,3268,3192,Maryland,F Dickinson,1785.478366188461,1616.5400097680608,4,15
2025_3219_3268,0.9764291000366211,3268,3219,Maryland,High Point,1785.478366188461,1542.3452372503477,4,16
2025_3268_3456,0.9757915389537811,3268,3456,Maryland,William & Mary,1785.478366188461,1486.8572709106484,4,16
2025_3268_3417,0.2647240073421855,3268,3417,Maryland,UCLA,1785.478366188461,1958.278979203148,4,1
2025_3268_3301,0.36037325985277957,3268,3301,Maryland,NC State,1785.478366188461,1883.6190284342556,4,2
2025_3261_3268,0.4170725516454149,3268,3261,Maryland,LSU,1785.478366188461,1875.8199352842041,4,3
2025_3124_3268,0.47679477035999285,3268,3124,Maryland,Baylor,1785.478366188461,1823.9933602644464,4,4
2025_3268_3279,0.5206043296083043,3268,3279,Maryland,Mississippi,1785.478366188461,1764.6037249112856,4,5
2025_3199_3268,0.6557043971911541,3268,3199,Maryland,Florida St,1785.478366188461,1761.9644695309794,4,6
2025_3268_3277,0.6807595773598292,3268,3277,Maryland,Michigan St,1785.478366188461,1715.8991388129386,4,7
2025_3268_3350,0.7130510732101445,3268,3350,Maryland,Richmond,1785.478366188461,1797.7185869664368,4,8
2025_3210_3268,0.7315340389869014,3268,3210,Maryland,Georgia Tech,1785.478366188461,1656.4881012812837,4,9
2025_3217_3268,0.8165591316214024,3268,3217,Maryland,Harvard,1785.478366188461,1773.429450810923,4,10
2025_3206_3268,0.8564306786658679,3268,3206,Maryland,George Mason,1785.478366188461,1753.7950358153073,4,11
2025_3123_3268,0.8762266982538401,3268,3123,Maryland,Ball St,1785.478366188461,1769.2197745940423,4,12
2025_3213_3268,0.9114632782200561,3268,3213,Maryland,Grand Canyon,1785.478366188461,1761.903095765611,4,13
2025_3268_3361,0.9491489649811773,3268,3361,Maryland,San Diego St,1785.478366188461,1671.1713611028213,4,14
2025_3268_3436,0.967912609577179,3268,3436,Maryland,Vermont,1785.478366188461,1622.6020859062485,4,15
2025_3268_3380,0.9728425395488739,3268,3380,Maryland,Southern Univ,1785.478366188461,1553.512381915605,4,16
2025_3268_3471,0.9750803661346436,3268,3471,Maryland,UC San Diego,1785.478366188461,1524.6527067841912,4,16
2025_3268_3425,0.29534220928343724,3268,3425,Maryland,USC,1785.478366188461,1933.8727523760726,4,1
2025_3163_3268,0.30870513371671504,3268,3163,Maryland,Connecticut,1785.478366188461,1974.97509244384,4,2
2025_3268_3328,0.48789981970943697,3268,3328,Maryland,Oklahoma,1785.478366188461,1825.81495927408,4,3
2025_3246_3268,0.5175828099250792,3268,3246,Maryland,Kentucky,1785.478366188461,1712.3650858848432,4,4
2025_3243_3268,0.520765887997968,3268,3243,Maryland,Kansas St,1785.478366188461,1761.130509058621,4,5
2025_3234_3268,0.6026825042859189,3268,3234,Maryland,Iowa,1785.478366188461,1820.9586709265081,4,6
2025_3268_3329,0.7036839409729578,3268,3329,Maryland,Oklahoma St,1785.478366188461,1735.6533768195266,4,7
2025_3143_3268,0.7546367719339375,3268,3143,Maryland,California,1785.478366188461,1732.981985453007,4,8
2025_3268_3280,0.7824579825064937,3268,3280,Maryland,Mississippi St,1785.478366188461,1672.2828961738294,4,9
2025_3268_3355,0.784300635932964,3268,3355,Maryland,S Dakota St,1785.478366188461,1835.2775090793496,4,10
2025_3268_3293,0.8468980929257784,3268,3293,Maryland,Murray St,1785.478366188461,1695.9339089127072,4,11
2025_3193_3268,0.8790881980402171,3268,3193,Maryland,Fairfield,1785.478366188461,1777.546952772885,4,12
2025_3251_3268,0.9307640966633545,3268,3251,Maryland,Liberty,1785.478366188461,1734.815164305803,4,13
2025_3195_3268,0.925014537672141,3268,3195,Maryland,FGCU,1785.478366188461,1808.5724936397603,4,14
2025_3117_3268,0.9699889075756073,3268,3117,Maryland,Arkansas St,1785.478366188461,1586.1666111780894,4,15
2025_3268_3422,0.9678405475616455,3268,3422,Maryland,UNC Greensboro,1785.478366188461,1648.591563566133,4,16
2025_3104_3452,0.5766328000052998,3104,3452,Alabama,West Virginia,1752.8218398927406,1778.6338908344471,5,6
2025_3104_3435,0.6591988685027234,3104,3435,Alabama,Vanderbilt,1752.8218398927406,1716.3531609099473,5,7
2025_3104_3428,0.6919863208195307,3104,3428,Alabama,Utah,1752.8218398927406,1741.6985419928524,5,8
2025_3104_3231,0.7301836832927708,3104,3231,Alabama,Indiana,1752.8218398927406,1739.282653639833,5,9
2025_3104_3332,0.7733221401831905,3104,3332,Alabama,Oregon,1752.8218398927406,1643.8102383927396,5,10
2025_3104_3162,0.8090122746220051,3104,3162,Alabama,Columbia,1752.8218398927406,1783.4269080012543,5,11
2025_3104_3449,0.8190269129267155,3104,3449,Alabama,Washington,1752.8218398927406,1645.3536274676324,5,11
2025_3104_3453,0.8602113118770037,3104,3453,Alabama,WI Green Bay,1752.8218398927406,1773.4277794623615,5,12
2025_3104_3313,0.8673736352665126,3104,3313,Alabama,Norfolk St,1752.8218398927406,1756.2144264957496,5,13
2025_3104_3333,0.934197175190805,3104,3333,Alabama,Oregon St,1752.8218398927406,1667.1550896856745,5,14
2025_3104_3250,0.949859690765479,3104,3250,Alabama,Lehigh,1752.8218398927406,1649.77114346928,5,15
2025_3104_3399,0.9692968082427978,3104,3399,Alabama,Tennessee Tech,1752.8218398927406,1660.0604484176497,5,16
2025_3104_3400,0.24935461659560132,3104,3400,Alabama,Texas,1752.8218398927406,1971.253830593616,5,1
2025_3104_3395,0.3189626322129626,3104,3395,Alabama,TCU,1752.8218398927406,1843.5690826914229,5,2
2025_3104_3323,0.359263935457123,3104,3323,Alabama,Notre Dame,1752.8218398927406,1880.3257336324496,5,3
2025_3104_3326,0.4645559586063791,3104,3326,Alabama,Ohio St,1752.8218398927406,1838.9421792110422,5,4
2025_3104_3397,0.5516987800598143,3104,3397,Alabama,Tennessee,1752.8218398927406,1751.8425070034982,5,5
2025_3104_3276,0.5986652695163319,3104,3276,Alabama,Michigan,1752.8218398927406,1754.103120625063,5,6
2025_3104_3257,0.663388434280502,3104,3257,Alabama,Louisville,1752.8218398927406,1770.291352149283,5,7
2025_3104_3228,0.7217800154348948,3104,3228,Alabama,Illinois,1752.8218398927406,1702.7194358808865,5,8
2025_3104_3166,0.71068549896946,3104,3166,Alabama,Creighton,1752.8218398927406,1859.0974014739336,5,9
2025_3104_3304,0.785836850609521,3104,3304,Alabama,Nebraska,1752.8218398927406,1702.8172097273407,5,10
2025_3104_3235,0.7994689898481785,3104,3235,Alabama,Iowa St,1752.8218398927406,1739.2557567978145,5,11
2025_3104_3343,0.8320831017485081,3104,3343,Alabama,Princeton,1752.8218398927406,1775.506646128416,5,11
2025_3104_3378,0.8661645939948474,3104,3378,Alabama,South Florida,1752.8218398927406,1683.410611086055,5,12
2025_3104_3286,0.8858100224477946,3104,3286,Alabama,Montana St,1752.8218398927406,1720.0676852052384,5,13
2025_3104_3372,0.9331332322815643,3104,3372,Alabama,SF Austin,1752.8218398927406,1710.1301229301325,5,14
2025_3104_3192,0.9511955500641851,3104,3192,Alabama,F Dickinson,1752.8218398927406,1616.5400097680608,5,15
2025_3104_3219,0.9772465777397156,3104,3219,Alabama,High Point,1752.8218398927406,1542.3452372503477,5,16
2025_3104_3456,0.9764193546772003,3104,3456,Alabama,William & Mary,1752.8218398927406,1486.8572709106484,5,16
2025_3104_3417,0.23602837775478291,3104,3417,Alabama,UCLA,1752.8218398927406,1958.278979203148,5,1
2025_3104_3301,0.3170219496825595,3104,3301,Alabama,NC State,1752.8218398927406,1883.6190284342556,5,2
2025_3104_3261,0.37566792346085376,3104,3261,Alabama,LSU,1752.8218398927406,1875.8199352842041,5,3
2025_3104_3124,0.43113713929809816,3104,3124,Alabama,Baylor,1752.8218398927406,1823.9933602644464,5,4
2025_3104_3279,0.5367993474006651,3104,3279,Alabama,Mississippi,1752.8218398927406,1764.6037249112856,5,5
2025_3104_3199,0.6258689336999486,3104,3199,Alabama,Florida St,1752.8218398927406,1761.9644695309794,5,6
2025_3104_3277,0.6548292668954007,3104,3277,Alabama,Michigan St,1752.8218398927406,1715.8991388129386,5,7
2025_3104_3350,0.6562985613009074,3104,3350,Alabama,Richmond,1752.8218398927406,1797.7185869664368,5,8
2025_3104_3210,0.7345699592994694,3104,3210,Alabama,Georgia Tech,1752.8218398927406,1656.4881012812837,5,9
2025_3104_3217,0.7798487295768062,3104,3217,Alabama,Harvard,1752.8218398927406,1773.429450810923,5,10
2025_3104_3206,0.8262726025572239,3104,3206,Alabama,George Mason,1752.8218398927406,1753.7950358153073,5,11
2025_3104_3123,0.8576069763305102,3104,3123,Alabama,Ball St,1752.8218398927406,1769.2197745940423,5,12
2025_3104_3213,0.8678385216934382,3104,3213,Alabama,Grand Canyon,1752.8218398927406,1761.903095765611,5,13
2025_3104_3361,0.933799910233377,3104,3361,Alabama,San Diego St,1752.8218398927406,1671.1713611028213,5,14
2025_3104_3436,0.9525915504494695,3104,3436,Alabama,Vermont,1752.8218398927406,1622.6020859062485,5,15
2025_3104_3380,0.9741642725467682,3104,3380,Alabama,Southern Univ,1752.8218398927406,1553.512381915605,5,16
2025_3104_3471,0.9747011017799377,3104,3471,Alabama,UC San Diego,1752.8218398927406,1524.6527067841912,5,16
2025_3104_3425,0.24251684625277448,3104,3425,Alabama,USC,1752.8218398927406,1933.8727523760726,5,1
2025_3104_3163,0.27632441977056454,3104,3163,Alabama,Connecticut,1752.8218398927406,1974.97509244384,5,2
2025_3104_3328,0.4357474831446535,3104,3328,Alabama,Oklahoma,1752.8218398927406,1825.81495927408,5,3
2025_3104_3246,0.5256780035273004,3104,3246,Alabama,Kentucky,1752.8218398927406,1712.3650858848432,5,4
2025_3104_3243,0.5009530842304228,3104,3243,Alabama,Kansas St,1752.8218398927406,1761.130509058621,5,5
2025_3104_3234,0.5524484091027806,3104,3234,Alabama,Iowa,1752.8218398927406,1820.9586709265081,5,6
2025_3104_3329,0.6733028473750226,3104,3329,Alabama,Oklahoma St,1752.8218398927406,1735.6533768195266,5,7
2025_3104_3143,0.729111327137623,3104,3143,Alabama,California,1752.8218398927406,1732.981985453007,5,8
2025_3104_3280,0.7523505165742879,3104,3280,Alabama,Mississippi St,1752.8218398927406,1672.2828961738294,5,9
2025_3104_3355,0.742122535910348,3104,3355,Alabama,S Dakota St,1752.8218398927406,1835.2775090793496,5,10
2025_3104_3293,0.8338422136297642,3104,3293,Alabama,Murray St,1752.8218398927406,1695.9339089127072,5,11
2025_3104_3193,0.8330136975648318,3104,3193,Alabama,Fairfield,1752.8218398927406,1777.546952772885,5,12
2025_3104_3251,0.9048349309904277,3104,3251,Alabama,Liberty,1752.8218398927406,1734.815164305803,5,13
2025_3104_3195,0.8824704763153778,3104,3195,Alabama,FGCU,1752.8218398927406,1808.5724936397603,5,14
2025_3104_3117,0.9568430305520086,3104,3117,Alabama,Arkansas St,1752.8218398927406,1586.1666111780894,5,15
2025_3104_3422,0.9725354862213135,3104,3422,Alabama,UNC Greensboro,1752.8218398927406,1648.591563566133,5,16
2025_3435_3452,0.5704845659955571,3452,3435,West Virginia,Vanderbilt,1778.6338908344471,1716.3531609099473,6,7
2025_3428_3452,0.6225889506236187,3452,3428,West Virginia,Utah,1778.6338908344471,1741.6985419928524,6,8
2025_3231_3452,0.669137059058819,3452,3231,West Virginia,Indiana,1778.6338908344471,1739.282653639833,6,9
2025_3332_3452,0.7136821671890263,3452,3332,West Virginia,Oregon,1778.6338908344471,1643.8102383927396,6,10
2025_3162_3452,0.7839366247317592,3452,3162,West Virginia,Columbia,1778.6338908344471,1783.4269080012543,6,11
2025_3449_3452,0.7593423028847972,3452,3449,West Virginia,Washington,1778.6338908344471,1645.3536274676324,6,11
2025_3452_3453,0.8370058195581852,3452,3453,West Virginia,WI Green Bay,1778.6338908344471,1773.4277794623615,6,12
2025_3313_3452,0.8532505026461993,3452,3313,West Virginia,Norfolk St,1778.6338908344471,1756.2144264957496,6,13
2025_3333_3452,0.8954926181776225,3452,3333,West Virginia,Oregon St,1778.6338908344471,1667.1550896856745,6,14
2025_3250_3452,0.9332601901749359,3452,3250,West Virginia,Lehigh,1778.6338908344471,1649.77114346928,6,15
2025_3399_3452,0.9554795743027715,3452,3399,West Virginia,Tennessee Tech,1778.6338908344471,1660.0604484176497,6,16
2025_3400_3452,0.20727062547590297,3452,3400,West Virginia,Texas,1778.6338908344471,1971.253830593616,6,1
2025_3395_3452,0.286871437771415,3452,3395,West Virginia,TCU,1778.6338908344471,1843.5690826914229,6,2
2025_3323_3452,0.2942815073767562,3452,3323,West Virginia,Notre Dame,1778.6338908344471,1880.3257336324496,6,3
2025_3326_3452,0.3711505023344881,3452,3326,West Virginia,Ohio St,1778.6338908344471,1838.9421792110422,6,4
2025_3397_3452,0.4427804298178125,3452,3397,West Virginia,Tennessee,1778.6338908344471,1751.8425070034982,6,5
2025_3276_3452,0.5220785498619078,3452,3276,West Virginia,Michigan,1778.6338908344471,1754.103120625063,6,6
2025_3257_3452,0.5520580582841466,3452,3257,West Virginia,Louisville,1778.6338908344471,1770.291352149283,6,7
2025_3228_3452,0.6600204589263073,3452,3228,West Virginia,Illinois,1778.6338908344471,1702.7194358808865,6,8
2025_3166_3452,0.6531396343371012,3452,3166,West Virginia,Creighton,1778.6338908344471,1859.0974014739336,6,9
2025_3304_3452,0.715933136598969,3452,3304,West Virginia,Nebraska,1778.6338908344471,1702.8172097273407,6,10
2025_3235_3452,0.7415249695441524,3452,3235,West Virginia,Iowa St,1778.6338908344471,1739.2557567978145,6,11
2025_3343_3452,0.7871197660825053,3452,3343,West Virginia,Princeton,1778.6338908344471,1775.506646128416,6,11
2025_3378_3452,0.8346644895067631,3452,3378,West Virginia,South Florida,1778.6338908344471,1683.410611086055,6,12
2025_3286_3452,0.8637595465781603,3452,3286,West Virginia,Montana St,1778.6338908344471,1720.0676852052384,6,13
2025_3372_3452,0.9027058530790507,3452,3372,West Virginia,SF Austin,1778.6338908344471,1710.1301229301325,6,14
2025_3192_3452,0.9348710355023132,3452,3192,West Virginia,F Dickinson,1778.6338908344471,1616.5400097680608,6,15
2025_3219_3452,0.9606945932904272,3452,3219,West Virginia,High Point,1778.6338908344471,1542.3452372503477,6,16
2025_3452_3456,0.9602839768925695,3452,3456,West Virginia,William & Mary,1778.6338908344471,1486.8572709106484,6,16
2025_3417_3452,0.19474984468903106,3452,3417,West Virginia,UCLA,1778.6338908344471,1958.278979203148,6,1
2025_3301_3452,0.27713154707679677,3452,3301,West Virginia,NC State,1778.6338908344471,1883.6190284342556,6,2
2025_3261_3452,0.3165796906689067,3452,3261,West Virginia,LSU,1778.6338908344471,1875.8199352842041,6,3
2025_3124_3452,0.4021060106858141,3452,3124,West Virginia,Baylor,1778.6338908344471,1823.9933602644464,6,4
2025_3279_3452,0.43565470198549516,3452,3279,West Virginia,Mississippi,1778.6338908344471,1764.6037249112856,6,5
2025_3199_3452,0.5430419951677321,3452,3199,West Virginia,Florida St,1778.6338908344471,1761.9644695309794,6,6
2025_3277_3452,0.588739069603307,3452,3277,West Virginia,Michigan St,1778.6338908344471,1715.8991388129386,6,7
2025_3350_3452,0.6169473113909832,3452,3350,West Virginia,Richmond,1778.6338908344471,1797.7185869664368,6,8
2025_3210_3452,0.6697319730183222,3452,3210,West Virginia,Georgia Tech,1778.6338908344471,1656.4881012812837,6,9
2025_3217_3452,0.7585569992231374,3452,3217,West Virginia,Harvard,1778.6338908344471,1773.429450810923,6,10
2025_3206_3452,0.8018948932549754,3452,3206,West Virginia,George Mason,1778.6338908344471,1753.7950358153073,6,11
2025_3123_3452,0.8257895367136417,3452,3123,West Virginia,Ball St,1778.6338908344471,1769.2197745940423,6,12
2025_3213_3452,0.8583288779857073,3452,3213,West Virginia,Grand Canyon,1778.6338908344471,1761.903095765611,6,13
2025_3361_3452,0.8974272955400645,3452,3361,West Virginia,San Diego St,1778.6338908344471,1671.1713611028213,6,14
2025_3436_3452,0.9339142617443786,3452,3436,West Virginia,Vermont,1778.6338908344471,1622.6020859062485,6,15
2025_3380_3452,0.9576693595448522,3452,3380,West Virginia,Southern Univ,1778.6338908344471,1553.512381915605,6,16
2025_3452_3471,0.9602294982472448,3452,3471,West Virginia,UC San Diego,1778.6338908344471,1524.6527067841912,6,16
2025_3425_3452,0.21291877279068988,3452,3425,West Virginia,USC,1778.6338908344471,1933.8727523760726,6,1
2025_3163_3452,0.23072364632615971,3452,3163,West Virginia,Connecticut,1778.6338908344471,1974.97509244384,6,2
2025_3328_3452,0.38725997367891263,3452,3328,West Virginia,Oklahoma,1778.6338908344471,1825.81495927408,6,3
2025_3246_3452,0.45161941028679675,3452,3246,West Virginia,Kentucky,1778.6338908344471,1712.3650858848432,6,4
2025_3243_3452,0.43878226945556886,3452,3243,West Virginia,Kansas St,1778.6338908344471,1761.130509058621,6,5
2025_3234_3452,0.48742212951183306,3452,3234,West Virginia,Iowa,1778.6338908344471,1820.9586709265081,6,6
2025_3329_3452,0.6056533478721211,3452,3329,West Virginia,Oklahoma St,1778.6338908344471,1735.6533768195266,6,7
2025_3143_3452,0.6699256929055325,3452,3143,West Virginia,California,1778.6338908344471,1732.981985453007,6,8
2025_3280_3452,0.7023263110777476,3452,3280,West Virginia,Mississippi St,1778.6338908344471,1672.2828961738294,6,9
2025_3355_3452,0.7228507622646336,3452,3355,West Virginia,S Dakota St,1778.6338908344471,1835.2775090793496,6,10
2025_3293_3452,0.8016294141671458,3452,3293,West Virginia,Murray St,1778.6338908344471,1695.9339089127072,6,11
2025_3193_3452,0.8219330267897068,3452,3193,West Virginia,Fairfield,1778.6338908344471,1777.546952772885,6,12
2025_3251_3452,0.8771720221640978,3452,3251,West Virginia,Liberty,1778.6338908344471,1734.815164305803,6,13
2025_3195_3452,0.8774113703710734,3452,3195,West Virginia,FGCU,1778.6338908344471,1808.5724936397603,6,14
2025_3117_3452,0.9351950165489898,3452,3117,West Virginia,Arkansas St,1778.6338908344471,1586.1666111780894,6,15
2025_3422_3452,0.9530904711285619,3452,3422,West Virginia,UNC Greensboro,1778.6338908344471,1648.591563566133,6,16
2025_3428_3435,0.568439575336797,3435,3428,Vanderbilt,Utah,1716.3531609099473,1741.6985419928524,7,8
2025_3231_3435,0.5861142905846707,3435,3231,Vanderbilt,Indiana,1716.3531609099473,1739.282653639833,7,9
2025_3332_3435,0.6670467092653849,3435,3332,Vanderbilt,Oregon,1716.3531609099473,1643.8102383927396,7,10
2025_3162_3435,0.7024036570953374,3435,3162,Vanderbilt,Columbia,1716.3531609099473,1783.4269080012543,7,11
2025_3435_3449,0.714754484550858,3435,3449,Vanderbilt,Washington,1716.3531609099473,1645.3536274676324,7,11
2025_3435_3453,0.7648994972369472,3435,3453,Vanderbilt,WI Green Bay,1716.3531609099473,1773.4277794623615,7,12
2025_3313_3435,0.7603522496214329,3435,3313,Vanderbilt,Norfolk St,1716.3531609099473,1756.2144264957496,7,13
2025_3333_3435,0.8634793749453936,3435,3333,Vanderbilt,Oregon St,1716.3531609099473,1667.1550896856745,7,14
2025_3250_3435,0.8870599914533793,3435,3250,Vanderbilt,Lehigh,1716.3531609099473,1649.77114346928,7,15
2025_3399_3435,0.9278998848656402,3435,3399,Vanderbilt,Tennessee Tech,1716.3531609099473,1660.0604484176497,7,16
2025_3400_3435,0.18268911299200613,3435,3400,Vanderbilt,Texas,1716.3531609099473,1971.253830593616,7,1
2025_3395_3435,0.2215692693927483,3435,3395,Vanderbilt,TCU,1716.3531609099473,1843.5690826914229,7,2
2025_3323_3435,0.2456884131265633,3435,3323,Vanderbilt,Notre Dame,1716.3531609099473,1880.3257336324496,7,3
2025_3326_3435,0.33229262987169217,3435,3326,Vanderbilt,Ohio St,1716.3531609099473,1838.9421792110422,7,4
2025_3397_3435,0.3559760463937647,3435,3397,Vanderbilt,Tennessee,1716.3531609099473,1751.8425070034982,7,5
2025_3276_3435,0.4522242046371866,3435,3276,Vanderbilt,Michigan,1716.3531609099473,1754.103120625063,7,6
2025_3257_3435,0.4851457387208937,3435,3257,Vanderbilt,Louisville,1716.3531609099473,1770.291352149283,7,7
2025_3228_3435,0.6017199479564259,3435,3228,Vanderbilt,Illinois,1716.3531609099473,1702.7194358808865,7,8
2025_3166_3435,0.6095583023921124,3435,3166,Vanderbilt,Creighton,1716.3531609099473,1859.0974014739336,7,9
2025_3304_3435,0.66037659188715,3435,3304,Vanderbilt,Nebraska,1716.3531609099473,1702.8172097273407,7,10
2025_3235_3435,0.7177357747720723,3435,3235,Vanderbilt,Iowa St,1716.3531609099473,1739.2557567978145,7,11
2025_3343_3435,0.7347158863710408,3435,3343,Vanderbilt,Princeton,1716.3531609099473,1775.506646128416,7,11
2025_3378_3435,0.7874359389207164,3435,3378,Vanderbilt,South Florida,1716.3531609099473,1683.410611086055,7,12
2025_3286_3435,0.8065124558201252,3435,3286,Vanderbilt,Montana St,1716.3531609099473,1720.0676852052384,7,13
2025_3372_3435,0.8565894058349047,3435,3372,Vanderbilt,SF Austin,1716.3531609099473,1710.1301229301325,7,14
2025_3192_3435,0.883457278106898,3435,3192,Vanderbilt,F Dickinson,1716.3531609099473,1616.5400097680608,7,15
2025_3219_3435,0.936403351710199,3435,3219,Vanderbilt,High Point,1716.3531609099473,1542.3452372503477,7,16
2025_3435_3456,0.9385965344170318,3435,3456,Vanderbilt,William & Mary,1716.3531609099473,1486.8572709106484,7,16
2025_3417_3435,0.1556953223505791,3435,3417,Vanderbilt,UCLA,1716.3531609099473,1958.278979203148,7,1
2025_3301_3435,0.20254480788495105,3435,3301,Vanderbilt,NC State,1716.3531609099473,1883.6190284342556,7,2
2025_3261_3435,0.2451148711575024,3435,3261,Vanderbilt,LSU,1716.3531609099473,1875.8199352842041,7,3
2025_3124_3435,0.3032606677153964,3435,3124,Vanderbilt,Baylor,1716.3531609099473,1823.9933602644464,7,4
2025_3279_3435,0.3575579983695871,3435,3279,Vanderbilt,Mississippi,1716.3531609099473,1764.6037249112856,7,5
2025_3199_3435,0.4762988782898355,3435,3199,Vanderbilt,Florida St,1716.3531609099473,1761.9644695309794,7,6
2025_3277_3435,0.4924141377210616,3435,3277,Vanderbilt,Michigan St,1716.3531609099473,1715.8991388129386,7,7
2025_3350_3435,0.5137032516821454,3435,3350,Vanderbilt,Richmond,1716.3531609099473,1797.7185869664368,7,8
2025_3210_3435,0.6168769630089871,3435,3210,Vanderbilt,Georgia Tech,1716.3531609099473,1656.4881012812837,7,9
2025_3217_3435,0.6353571101090052,3435,3217,Vanderbilt,Harvard,1716.3531609099473,1773.429450810923,7,10
2025_3206_3435,0.7237327917980199,3435,3206,Vanderbilt,George Mason,1716.3531609099473,1753.7950358153073,7,11
2025_3123_3435,0.7550693204066554,3435,3123,Vanderbilt,Ball St,1716.3531609099473,1769.2197745940423,7,12
2025_3213_3435,0.7818616883745609,3435,3213,Vanderbilt,Grand Canyon,1716.3531609099473,1761.903095765611,7,13
2025_3361_3435,0.8515708735587512,3435,3361,Vanderbilt,San Diego St,1716.3531609099473,1671.1713611028213,7,14
2025_3435_3436,0.8857307482702433,3435,3436,Vanderbilt,Vermont,1716.3531609099473,1622.6020859062485,7,15
2025_3380_3435,0.9327878233650909,3435,3380,Vanderbilt,Southern Univ,1716.3531609099473,1553.512381915605,7,16
2025_3435_3471,0.9356424388149963,3435,3471,Vanderbilt,UC San Diego,1716.3531609099473,1524.6527067841912,7,16
2025_3425_3435,0.16148684305043776,3435,3425,Vanderbilt,USC,1716.3531609099473,1933.8727523760726,7,1
2025_3163_3435,0.19100814634944957,3435,3163,Vanderbilt,Connecticut,1716.3531609099473,1974.97509244384,7,2
2025_3328_3435,0.33092387471923757,3435,3328,Vanderbilt,Oklahoma,1716.3531609099473,1825.81495927408,7,3
2025_3246_3435,0.3728717849591632,3435,3246,Vanderbilt,Kentucky,1716.3531609099473,1712.3650858848432,7,4
2025_3243_3435,0.3511336383923418,3435,3243,Vanderbilt,Kansas St,1716.3531609099473,1761.130509058621,7,5
2025_3234_3435,0.42671209046997316,3435,3234,Vanderbilt,Iowa,1716.3531609099473,1820.9586709265081,7,6
2025_3329_3435,0.5210308343172072,3435,3329,Vanderbilt,Oklahoma St,1716.3531609099473,1735.6533768195266,7,7
2025_3143_3435,0.5808029942735264,3435,3143,Vanderbilt,California,1716.3531609099473,1732.981985453007,7,8
2025_3280_3435,0.6312819006339184,3435,3280,Vanderbilt,Mississippi St,1716.3531609099473,1672.2828961738294,7,9
2025_3355_3435,0.6487745924851038,3435,3355,Vanderbilt,S Dakota St,1716.3531609099473,1835.2775090793496,7,10
2025_3293_3435,0.7518756165670399,3435,3293,Vanderbilt,Murray St,1716.3531609099473,1695.9339089127072,7,11
2025_3193_3435,0.7313866665026942,3435,3193,Vanderbilt,Fairfield,1716.3531609099473,1777.546952772885,7,12
2025_3251_3435,0.8264481382360874,3435,3251,Vanderbilt,Liberty,1716.3531609099473,1734.815164305803,7,13
2025_3195_3435,0.7850315412881289,3435,3195,Vanderbilt,FGCU,1716.3531609099473,1808.5724936397603,7,14
2025_3117_3435,0.8848568845731913,3435,3117,Vanderbilt,Arkansas St,1716.3531609099473,1586.1666111780894,7,15
2025_3422_3435,0.9241952177742706,3435,3422,Vanderbilt,UNC Greensboro,1716.3531609099473,1648.591563566133,7,16
2025_3231_3428,0.5213811718448231,3428,3231,Utah,Indiana,1741.6985419928524,1739.282653639833,8,9
2025_3332_3428,0.5883192601100079,3428,3332,Utah,Oregon,1741.6985419928524,1643.8102383927396,8,10
2025_3162_3428,0.671067578997288,3428,3162,Utah,Columbia,1741.6985419928524,1783.4269080012543,8,11
2025_3428_3449,0.6799240692516901,3428,3449,Utah,Washington,1741.6985419928524,1645.3536274676324,8,11
2025_3428_3453,0.7569891586469655,3428,3453,Utah,WI Green Bay,1741.6985419928524,1773.4277794623615,8,12
2025_3313_3428,0.7561227430960933,3428,3313,Utah,Norfolk St,1741.6985419928524,1756.2144264957496,8,13
2025_3333_3428,0.8374260025015293,3428,3333,Utah,Oregon St,1741.6985419928524,1667.1550896856745,8,14
2025_3250_3428,0.8614858677985583,3428,3250,Utah,Lehigh,1741.6985419928524,1649.77114346928,8,15
2025_3399_3428,0.8929517317754924,3428,3399,Utah,Tennessee Tech,1741.6985419928524,1660.0604484176497,8,16
2025_3400_3428,0.14065249800659013,3428,3400,Utah,Texas,1741.6985419928524,1971.253830593616,8,1
2025_3395_3428,0.1933393044480856,3428,3395,Utah,TCU,1741.6985419928524,1843.5690826914229,8,2
2025_3323_3428,0.21887372383858722,3428,3323,Utah,Notre Dame,1741.6985419928524,1880.3257336324496,8,3
2025_3326_3428,0.27059741769561696,3428,3326,Utah,Ohio St,1741.6985419928524,1838.9421792110422,8,4
2025_3397_3428,0.31287259468826245,3428,3397,Utah,Tennessee,1741.6985419928524,1751.8425070034982,8,5
2025_3276_3428,0.4332079825505144,3428,3276,Utah,Michigan,1741.6985419928524,1754.103120625063,8,6
2025_3257_3428,0.4510811961666513,3428,3257,Utah,Louisville,1741.6985419928524,1770.291352149283,8,7
2025_3228_3428,0.5345416873693465,3428,3228,Utah,Illinois,1741.6985419928524,1702.7194358808865,8,8
2025_3166_3428,0.5462219141944478,3428,3166,Utah,Creighton,1741.6985419928524,1859.0974014739336,8,9
2025_3304_3428,0.5983716281548611,3428,3304,Utah,Nebraska,1741.6985419928524,1702.8172097273407,8,10
2025_3235_3428,0.6542429610153773,3428,3235,Utah,Iowa St,1741.6985419928524,1739.2557567978145,8,11
2025_3343_3428,0.7069896443745234,3428,3343,Utah,Princeton,1741.6985419928524,1775.506646128416,8,11
2025_3378_3428,0.7534652426408772,3428,3378,Utah,South Florida,1741.6985419928524,1683.410611086055,8,12
2025_3286_3428,0.7818210025689403,3428,3286,Utah,Montana St,1741.6985419928524,1720.0676852052384,8,13
2025_3372_3428,0.8335527436724125,3428,3372,Utah,SF Austin,1741.6985419928524,1710.1301229301325,8,14
2025_3192_3428,0.8531005671622668,3428,3192,Utah,F Dickinson,1741.6985419928524,1616.5400097680608,8,15
2025_3219_3428,0.9145053971750438,3428,3219,Utah,High Point,1741.6985419928524,1542.3452372503477,8,16
2025_3428_3456,0.9115192342741191,3428,3456,Utah,William & Mary,1741.6985419928524,1486.8572709106484,8,16
2025_3417_3428,0.12601963780797315,3428,3417,Utah,UCLA,1741.6985419928524,1958.278979203148,8,1
2025_3301_3428,0.20257533472867567,3428,3301,Utah,NC State,1741.6985419928524,1883.6190284342556,8,2
2025_3261_3428,0.22209890136506122,3428,3261,Utah,LSU,1741.6985419928524,1875.8199352842041,8,3
2025_3124_3428,0.26755008552799153,3428,3124,Utah,Baylor,1741.6985419928524,1823.9933602644464,8,4
2025_3279_3428,0.3128892243841548,3428,3279,Utah,Mississippi,1741.6985419928524,1764.6037249112856,8,5
2025_3199_3428,0.4223379728897936,3428,3199,Utah,Florida St,1741.6985419928524,1761.9644695309794,8,6
2025_3277_3428,0.4233129567877222,3428,3277,Utah,Michigan St,1741.6985419928524,1715.8991388129386,8,7
2025_3350_3428,0.48753210008144365,3428,3350,Utah,Richmond,1741.6985419928524,1797.7185869664368,8,8
2025_3210_3428,0.5350603037103245,3428,3210,Utah,Georgia Tech,1741.6985419928524,1656.4881012812837,8,9
2025_3217_3428,0.6300741317168347,3428,3217,Utah,Harvard,1741.6985419928524,1773.429450810923,8,10
2025_3206_3428,0.6936711355110743,3428,3206,Utah,George Mason,1741.6985419928524,1753.7950358153073,8,11
2025_3123_3428,0.7403813078569417,3428,3123,Utah,Ball St,1741.6985419928524,1769.2197745940423,8,12
2025_3213_3428,0.7579537977835933,3428,3213,Utah,Grand Canyon,1741.6985419928524,1761.903095765611,8,13
2025_3361_3428,0.8404332952490269,3428,3361,Utah,San Diego St,1741.6985419928524,1671.1713611028213,8,14
2025_3428_3436,0.8653477719428454,3428,3436,Utah,Vermont,1741.6985419928524,1622.6020859062485,8,15
2025_3380_3428,0.9077651251299083,3428,3380,Utah,Southern Univ,1741.6985419928524,1553.512381915605,8,16
2025_3428_3471,0.9107886005384623,3428,3471,Utah,UC San Diego,1741.6985419928524,1524.6527067841912,8,16
2025_3425_3428,0.13017737098015142,3428,3425,Utah,USC,1741.6985419928524,1933.8727523760726,8,1
2025_3163_3428,0.1625405712136801,3428,3163,Utah,Connecticut,1741.6985419928524,1974.97509244384,8,2
2025_3328_3428,0.28034328619029086,3428,3328,Utah,Oklahoma,1741.6985419928524,1825.81495927408,8,3
2025_3246_3428,0.30897858445177007,3428,3246,Utah,Kentucky,1741.6985419928524,1712.3650858848432,8,4
2025_3243_3428,0.32991643855365704,3428,3243,Utah,Kansas St,1741.6985419928524,1761.130509058621,8,5
2025_3234_3428,0.3641648603185541,3428,3234,Utah,Iowa,1741.6985419928524,1820.9586709265081,8,6
2025_3329_3428,0.47720176944889314,3428,3329,Utah,Oklahoma St,1741.6985419928524,1735.6533768195266,8,7
2025_3143_3428,0.5398462325334548,3428,3143,Utah,California,1741.6985419928524,1732.981985453007,8,8
2025_3280_3428,0.5772960655911992,3428,3280,Utah,Mississippi St,1741.6985419928524,1672.2828961738294,8,9
2025_3355_3428,0.6090475352898709,3428,3355,Utah,S Dakota St,1741.6985419928524,1835.2775090793496,8,10
2025_3293_3428,0.7115161105057337,3428,3293,Utah,Murray St,1741.6985419928524,1695.9339089127072,8,11
2025_3193_3428,0.7277456298040395,3428,3193,Utah,Fairfield,1741.6985419928524,1777.546952772885,8,12
2025_3251_3428,0.8046341141125957,3428,3251,Utah,Liberty,1741.6985419928524,1734.815164305803,8,13
2025_3195_3428,0.7720694946041523,3428,3195,Utah,FGCU,1741.6985419928524,1808.5724936397603,8,14
2025_3117_3428,0.858859031498662,3428,3117,Utah,Arkansas St,1741.6985419928524,1586.1666111780894,8,15
2025_3422_3428,0.9033961940748393,3428,3422,Utah,UNC Greensboro,1741.6985419928524,1648.591563566133,8,16
2025_3231_3332,0.5523585103972981,3231,3332,Indiana,Oregon,1739.282653639833,1643.8102383927396,9,10
2025_3162_3231,0.6142082693472973,3231,3162,Indiana,Columbia,1739.282653639833,1783.4269080012543,9,11
2025_3231_3449,0.6240649255410305,3231,3449,Indiana,Washington,1739.282653639833,1645.3536274676324,9,11
2025_3231_3453,0.6956779046913721,3231,3453,Indiana,WI Green Bay,1739.282653639833,1773.4277794623615,9,12
2025_3231_3313,0.701096288816834,3231,3313,Indiana,Norfolk St,1739.282653639833,1756.2144264957496,9,13
2025_3231_3333,0.8015431960484782,3231,3333,Indiana,Oregon St,1739.282653639833,1667.1550896856745,9,14
2025_3231_3250,0.8122953729620396,3231,3250,Indiana,Lehigh,1739.282653639833,1649.77114346928,9,15
2025_3231_3399,0.8602474918963824,3231,3399,Indiana,Tennessee Tech,1739.282653639833,1660.0604484176497,9,16
2025_3231_3400,0.11889958342483577,3231,3400,Indiana,Texas,1739.282653639833,1971.253830593616,9,1
2025_3231_3395,0.16513164132810426,3231,3395,Indiana,TCU,1739.282653639833,1843.5690826914229,9,2
2025_3231_3323,0.20350472015233595,3231,3323,Indiana,Notre Dame,1739.282653639833,1880.3257336324496,9,3
2025_3231_3326,0.2621704930999474,3231,3326,Indiana,Ohio St,1739.282653639833,1838.9421792110422,9,4
2025_3231_3397,0.28533527706394124,3231,3397,Indiana,Tennessee,1739.282653639833,1751.8425070034982,9,5
2025_3231_3276,0.34321846673282574,3231,3276,Indiana,Michigan,1739.282653639833,1754.103120625063,9,6
2025_3231_3257,0.4339246687992937,3231,3257,Indiana,Louisville,1739.282653639833,1770.291352149283,9,7
2025_3228_3231,0.47726638088382967,3231,3228,Indiana,Illinois,1739.282653639833,1702.7194358808865,9,8
2025_3166_3231,0.5221758544445037,3231,3166,Indiana,Creighton,1739.282653639833,1859.0974014739336,9,9
2025_3231_3304,0.5517147802337239,3231,3304,Indiana,Nebraska,1739.282653639833,1702.8172097273407,9,10
2025_3231_3235,0.6074628116980664,3231,3235,Indiana,Iowa St,1739.282653639833,1739.2557567978145,9,11
2025_3231_3343,0.6627164962187878,3231,3343,Indiana,Princeton,1739.282653639833,1775.506646128416,9,11
2025_3231_3378,0.711022315826092,3231,3378,Indiana,South Florida,1739.282653639833,1683.410611086055,9,12
2025_3231_3286,0.7491865828203206,3231,3286,Indiana,Montana St,1739.282653639833,1720.0676852052384,9,13
2025_3231_3372,0.7911915083787242,3231,3372,Indiana,SF Austin,1739.282653639833,1710.1301229301325,9,14
2025_3192_3231,0.8230685846796452,3231,3192,Indiana,F Dickinson,1739.282653639833,1616.5400097680608,9,15
2025_3219_3231,0.8815883687140856,3231,3219,Indiana,High Point,1739.282653639833,1542.3452372503477,9,16
2025_3231_3456,0.8830541065337573,3231,3456,Indiana,William & Mary,1739.282653639833,1486.8572709106484,9,16
2025_3231_3417,0.09838613828590449,3231,3417,Indiana,UCLA,1739.282653639833,1958.278979203148,9,1
2025_3231_3301,0.18216827303148103,3231,3301,Indiana,NC State,1739.282653639833,1883.6190284342556,9,2
2025_3231_3261,0.2069417102345999,3231,3261,Indiana,LSU,1739.282653639833,1875.8199352842041,9,3
2025_3124_3231,0.23207303831364673,3231,3124,Indiana,Baylor,1739.282653639833,1823.9933602644464,9,4
2025_3231_3279,0.2741068348718636,3231,3279,Indiana,Mississippi,1739.282653639833,1764.6037249112856,9,5
2025_3199_3231,0.3873257176020999,3231,3199,Indiana,Florida St,1739.282653639833,1761.9644695309794,9,6
2025_3231_3277,0.40190502382363147,3231,3277,Indiana,Michigan St,1739.282653639833,1715.8991388129386,9,7
2025_3231_3350,0.45206734011329897,3231,3350,Indiana,Richmond,1739.282653639833,1797.7185869664368,9,8
2025_3210_3231,0.4853202462196349,3231,3210,Indiana,Georgia Tech,1739.282653639833,1656.4881012812837,9,9
2025_3217_3231,0.5628784470780919,3231,3217,Indiana,Harvard,1739.282653639833,1773.429450810923,9,10
2025_3206_3231,0.648933637370216,3231,3206,Indiana,George Mason,1739.282653639833,1753.7950358153073,9,11
2025_3123_3231,0.6848152860066035,3231,3123,Indiana,Ball St,1739.282653639833,1769.2197745940423,9,12
2025_3213_3231,0.7249377890991215,3231,3213,Indiana,Grand Canyon,1739.282653639833,1761.903095765611,9,13
2025_3231_3361,0.7969679137131969,3231,3361,Indiana,San Diego St,1739.282653639833,1671.1713611028213,9,14
2025_3231_3436,0.8226381199350773,3231,3436,Indiana,Vermont,1739.282653639833,1622.6020859062485,9,15
2025_3231_3380,0.8762355139853869,3231,3380,Indiana,Southern Univ,1739.282653639833,1553.512381915605,9,16
2025_3231_3471,0.8803196838500414,3231,3471,Indiana,UC San Diego,1739.282653639833,1524.6527067841912,9,16
2025_3231_3425,0.10714824831059512,3231,3425,Indiana,USC,1739.282653639833,1933.8727523760726,9,1
2025_3163_3231,0.13218531362689329,3231,3163,Indiana,Connecticut,1739.282653639833,1974.97509244384,9,2
2025_3231_3328,0.25926134121509153,3231,3328,Indiana,Oklahoma,1739.282653639833,1825.81495927408,9,3
2025_3231_3246,0.2641309196689324,3231,3246,Indiana,Kentucky,1739.282653639833,1712.3650858848432,9,4
2025_3231_3243,0.2730309561325066,3231,3243,Indiana,Kansas St,1739.282653639833,1761.130509058621,9,5
2025_3231_3234,0.31742668757232617,3231,3234,Indiana,Iowa,1739.282653639833,1820.9586709265081,9,6
2025_3231_3329,0.4286722329958803,3231,3329,Indiana,Oklahoma St,1739.282653639833,1735.6533768195266,9,7
2025_3143_3231,0.47187914917625673,3231,3143,Indiana,California,1739.282653639833,1732.981985453007,9,8
2025_3231_3280,0.527176609635353,3231,3280,Indiana,Mississippi St,1739.282653639833,1672.2828961738294,9,9
2025_3231_3355,0.5313228689654896,3231,3355,Indiana,S Dakota St,1739.282653639833,1835.2775090793496,9,10
2025_3231_3293,0.6630803825751416,3231,3293,Indiana,Murray St,1739.282653639833,1695.9339089127072,9,11
2025_3193_3231,0.6685328914782145,3231,3193,Indiana,Fairfield,1739.282653639833,1777.546952772885,9,12
2025_3231_3251,0.7505744024681096,3231,3251,Indiana,Liberty,1739.282653639833,1734.815164305803,9,13
2025_3195_3231,0.7301828165910045,3231,3195,Indiana,FGCU,1739.282653639833,1808.5724936397603,9,14
2025_3117_3231,0.8271595792761265,3231,3117,Indiana,Arkansas St,1739.282653639833,1586.1666111780894,9,15
2025_3231_3422,0.8688030233981524,3231,3422,Indiana,UNC Greensboro,1739.282653639833,1648.591563566133,9,16
2025_3162_3332,0.5330701940282414,3332,3162,Oregon,Columbia,1643.8102383927396,1783.4269080012543,10,11
2025_3332_3449,0.5281220250352452,3332,3449,Oregon,Washington,1643.8102383927396,1645.3536274676324,10,11
2025_3332_3453,0.6314710559741131,3332,3453,Oregon,WI Green Bay,1643.8102383927396,1773.4277794623615,10,12
2025_3313_3332,0.6093667133709528,3332,3313,Oregon,Norfolk St,1643.8102383927396,1756.2144264957496,10,13
2025_3332_3333,0.7489870860742573,3332,3333,Oregon,Oregon St,1643.8102383927396,1667.1550896856745,10,14
2025_3250_3332,0.7452900459430019,3332,3250,Oregon,Lehigh,1643.8102383927396,1649.77114346928,10,15
2025_3332_3399,0.7893517868509708,3332,3399,Oregon,Tennessee Tech,1643.8102383927396,1660.0604484176497,10,16
2025_3332_3400,0.08486529619896477,3332,3400,Oregon,Texas,1643.8102383927396,1971.253830593616,10,1
2025_3332_3395,0.11558138167431888,3332,3395,Oregon,TCU,1643.8102383927396,1843.5690826914229,10,2
2025_3323_3332,0.15971317306137872,3332,3323,Oregon,Notre Dame,1643.8102383927396,1880.3257336324496,10,3
2025_3326_3332,0.19002715629430372,3332,3326,Oregon,Ohio St,1643.8102383927396,1838.9421792110422,10,4
2025_3332_3397,0.22407466122891467,3332,3397,Oregon,Tennessee,1643.8102383927396,1751.8425070034982,10,5
2025_3276_3332,0.2892552361322396,3332,3276,Oregon,Michigan,1643.8102383927396,1754.103120625063,10,6
2025_3257_3332,0.3502986044624705,3332,3257,Oregon,Louisville,1643.8102383927396,1770.291352149283,10,7
2025_3228_3332,0.3921417010530359,3332,3228,Oregon,Illinois,1643.8102383927396,1702.7194358808865,10,8
2025_3166_3332,0.4284393511191774,3332,3166,Oregon,Creighton,1643.8102383927396,1859.0974014739336,10,9
2025_3304_3332,0.5010216295719145,3332,3304,Oregon,Nebraska,1643.8102383927396,1702.8172097273407,10,10
2025_3235_3332,0.521724852226598,3332,3235,Oregon,Iowa St,1643.8102383927396,1739.2557567978145,10,11
2025_3332_3343,0.5610512219890187,3332,3343,Oregon,Princeton,1643.8102383927396,1775.506646128416,10,11
2025_3332_3378,0.645023080934631,3332,3378,Oregon,South Florida,1643.8102383927396,1683.410611086055,10,12
2025_3286_3332,0.6264053269287684,3332,3286,Oregon,Montana St,1643.8102383927396,1720.0676852052384,10,13
2025_3332_3372,0.7296668514179234,3332,3372,Oregon,SF Austin,1643.8102383927396,1710.1301229301325,10,14
2025_3192_3332,0.7740970005652705,3332,3192,Oregon,F Dickinson,1643.8102383927396,1616.5400097680608,10,15
2025_3219_3332,0.8312467293730198,3332,3219,Oregon,High Point,1643.8102383927396,1542.3452372503477,10,16
2025_3332_3456,0.8484027640810429,3332,3456,Oregon,William & Mary,1643.8102383927396,1486.8572709106484,10,16
2025_3332_3417,0.06937925884032314,3332,3417,Oregon,UCLA,1643.8102383927396,1958.278979203148,10,1
2025_3301_3332,0.1141542602138811,3332,3301,Oregon,NC State,1643.8102383927396,1883.6190284342556,10,2
2025_3261_3332,0.143020348399647,3332,3261,Oregon,LSU,1643.8102383927396,1875.8199352842041,10,3
2025_3124_3332,0.17530338597388823,3332,3124,Oregon,Baylor,1643.8102383927396,1823.9933602644464,10,4
2025_3279_3332,0.22852711329247516,3332,3279,Oregon,Mississippi,1643.8102383927396,1764.6037249112856,10,5
2025_3199_3332,0.3461098865104668,3332,3199,Oregon,Florida St,1643.8102383927396,1761.9644695309794,10,6
2025_3277_3332,0.333004130516376,3332,3277,Oregon,Michigan St,1643.8102383927396,1715.8991388129386,10,7
2025_3332_3350,0.38839933402384585,3332,3350,Oregon,Richmond,1643.8102383927396,1797.7185869664368,10,8
2025_3210_3332,0.476398000814097,3332,3210,Oregon,Georgia Tech,1643.8102383927396,1656.4881012812837,10,9
2025_3217_3332,0.4646084368228911,3332,3217,Oregon,Harvard,1643.8102383927396,1773.429450810923,10,10
2025_3206_3332,0.5184590690358708,3332,3206,Oregon,George Mason,1643.8102383927396,1753.7950358153073,10,11
2025_3123_3332,0.5812820526257626,3332,3123,Oregon,Ball St,1643.8102383927396,1769.2197745940423,10,12
2025_3213_3332,0.6401085986754038,3332,3213,Oregon,Grand Canyon,1643.8102383927396,1761.903095765611,10,13
2025_3332_3361,0.7159270867275243,3332,3361,Oregon,San Diego St,1643.8102383927396,1671.1713611028213,10,14
2025_3332_3436,0.7574109335801402,3332,3436,Oregon,Vermont,1643.8102383927396,1622.6020859062485,10,15
2025_3332_3380,0.836122329711002,3332,3380,Oregon,Southern Univ,1643.8102383927396,1553.512381915605,10,16
2025_3332_3471,0.8377169625750004,3332,3471,Oregon,UC San Diego,1643.8102383927396,1524.6527067841912,10,16
2025_3332_3425,0.07206423202061718,3332,3425,Oregon,USC,1643.8102383927396,1933.8727523760726,10,1
2025_3163_3332,0.1114144507603937,3332,3163,Oregon,Connecticut,1643.8102383927396,1974.97509244384,10,2
2025_3328_3332,0.16944382876134706,3332,3328,Oregon,Oklahoma,1643.8102383927396,1825.81495927408,10,3
2025_3246_3332,0.21028027814717848,3332,3246,Oregon,Kentucky,1643.8102383927396,1712.3650858848432,10,4
2025_3243_3332,0.2363906050660805,3332,3243,Oregon,Kansas St,1643.8102383927396,1761.130509058621,10,5
2025_3234_3332,0.24725367952713895,3332,3234,Oregon,Iowa,1643.8102383927396,1820.9586709265081,10,6
2025_3329_3332,0.331595479045238,3332,3329,Oregon,Oklahoma St,1643.8102383927396,1735.6533768195266,10,7
2025_3143_3332,0.4138021854266054,3332,3143,Oregon,California,1643.8102383927396,1732.981985453007,10,8
2025_3280_3332,0.46415769527115114,3332,3280,Oregon,Mississippi St,1643.8102383927396,1672.2828961738294,10,9
2025_3332_3355,0.46743845045566546,3332,3355,Oregon,S Dakota St,1643.8102383927396,1835.2775090793496,10,10
2025_3293_3332,0.5653686099275181,3332,3293,Oregon,Murray St,1643.8102383927396,1695.9339089127072,10,11
2025_3193_3332,0.5643236222163311,3332,3193,Oregon,Fairfield,1643.8102383927396,1777.546952772885,10,12
2025_3251_3332,0.6500848366877177,3332,3251,Oregon,Liberty,1643.8102383927396,1734.815164305803,10,13
2025_3195_3332,0.6666635646986012,3332,3195,Oregon,FGCU,1643.8102383927396,1808.5724936397603,10,14
2025_3117_3332,0.7962669332883159,3332,3117,Oregon,Arkansas St,1643.8102383927396,1586.1666111780894,10,15
2025_3332_3422,0.8141376780262409,3332,3422,Oregon,UNC Greensboro,1643.8102383927396,1648.591563566133,10,16
2025_3162_3449,0.4924249708652495,3162,3449,Columbia,Washington,1783.4269080012543,1645.3536274676324,11,11
2025_3162_3453,0.5999590926393101,3162,3453,Columbia,WI Green Bay,1783.4269080012543,1773.4277794623615,11,12
2025_3162_3313,0.6289813550606839,3162,3313,Columbia,Norfolk St,1783.4269080012543,1756.2144264957496,11,13
2025_3162_3333,0.7004120632073023,3162,3333,Columbia,Oregon St,1783.4269080012543,1667.1550896856745,11,14
2025_3162_3250,0.7591945007013325,3162,3250,Columbia,Lehigh,1783.4269080012543,1649.77114346928,11,15
2025_3162_3399,0.7919182976147929,3162,3399,Columbia,Tennessee Tech,1783.4269080012543,1660.0604484176497,11,16
2025_3162_3400,0.05787474279608377,3162,3400,Columbia,Texas,1783.4269080012543,1971.253830593616,11,1
2025_3162_3395,0.09049237699711388,3162,3395,Columbia,TCU,1783.4269080012543,1843.5690826914229,11,2
2025_3162_3323,0.10998253112605151,3162,3323,Columbia,Notre Dame,1783.4269080012543,1880.3257336324496,11,3
2025_3162_3326,0.15026526316977334,3162,3326,Columbia,Ohio St,1783.4269080012543,1838.9421792110422,11,4
2025_3162_3397,0.18686777857037146,3162,3397,Columbia,Tennessee,1783.4269080012543,1751.8425070034982,11,5
2025_3162_3276,0.24374744990851444,3162,3276,Columbia,Michigan,1783.4269080012543,1754.103120625063,11,6
2025_3162_3257,0.2691689849329941,3162,3257,Columbia,Louisville,1783.4269080012543,1770.291352149283,11,7
2025_3162_3228,0.36340220132860135,3162,3228,Columbia,Illinois,1783.4269080012543,1702.7194358808865,11,8
2025_3162_3166,0.36806006110752887,3162,3166,Columbia,Creighton,1783.4269080012543,1859.0974014739336,11,9
2025_3162_3304,0.464588160015719,3162,3304,Columbia,Nebraska,1783.4269080012543,1702.8172097273407,11,10
2025_3162_3235,0.4689969405531882,3162,3235,Columbia,Iowa St,1783.4269080012543,1739.2557567978145,11,11
2025_3162_3343,0.47337364256381975,3162,3343,Columbia,Princeton,1783.4269080012543,1775.506646128416,11,11
2025_3162_3378,0.5747547470553944,3162,3378,Columbia,South Florida,1783.4269080012543,1683.410611086055,11,12
2025_3162_3286,0.647571104992973,3162,3286,Columbia,Montana St,1783.4269080012543,1720.0676852052384,11,13
2025_3162_3372,0.7227295770308115,3162,3372,Columbia,SF Austin,1783.4269080012543,1710.1301229301325,11,14
2025_3162_3192,0.771542854564095,3162,3192,Columbia,F Dickinson,1783.4269080012543,1616.5400097680608,11,15
2025_3162_3219,0.8187385698220531,3162,3219,Columbia,High Point,1783.4269080012543,1542.3452372503477,11,16
2025_3162_3456,0.8101352055928508,3162,3456,Columbia,William & Mary,1783.4269080012543,1486.8572709106484,11,16
2025_3162_3417,0.046681887370904764,3162,3417,Columbia,UCLA,1783.4269080012543,1958.278979203148,11,1
2025_3162_3301,0.09312983782494133,3162,3301,Columbia,NC State,1783.4269080012543,1883.6190284342556,11,2
2025_3162_3261,0.11974710186889705,3162,3261,Columbia,LSU,1783.4269080012543,1875.8199352842041,11,3
2025_3124_3162,0.15670103743649316,3162,3124,Columbia,Baylor,1783.4269080012543,1823.9933602644464,11,4
2025_3162_3279,0.18200456109734137,3162,3279,Columbia,Mississippi,1783.4269080012543,1764.6037249112856,11,5
2025_3162_3199,0.2562933559158043,3162,3199,Columbia,Florida St,1783.4269080012543,1761.9644695309794,11,6
2025_3162_3277,0.29371039275655675,3162,3277,Columbia,Michigan St,1783.4269080012543,1715.8991388129386,11,7
2025_3162_3350,0.31198250362667035,3162,3350,Columbia,Richmond,1783.4269080012543,1797.7185869664368,11,8
2025_3162_3210,0.37983016795958346,3162,3210,Columbia,Georgia Tech,1783.4269080012543,1656.4881012812837,11,9
2025_3162_3217,0.46560729513324983,3162,3217,Columbia,Harvard,1783.4269080012543,1773.429450810923,11,10
2025_3162_3206,0.5095660746097563,3162,3206,Columbia,George Mason,1783.4269080012543,1753.7950358153073,11,11
2025_3123_3162,0.570897581480367,3162,3123,Columbia,Ball St,1783.4269080012543,1769.2197745940423,11,12
2025_3162_3213,0.6306874635115735,3162,3213,Columbia,Grand Canyon,1783.4269080012543,1761.903095765611,11,13
2025_3162_3361,0.7029553039929011,3162,3361,Columbia,San Diego St,1783.4269080012543,1671.1713611028213,11,14
2025_3162_3436,0.767450965897942,3162,3436,Columbia,Vermont,1783.4269080012543,1622.6020859062485,11,15
2025_3162_3380,0.8132479985616008,3162,3380,Columbia,Southern Univ,1783.4269080012543,1553.512381915605,11,16
2025_3162_3471,0.8098817368409434,3162,3471,Columbia,UC San Diego,1783.4269080012543,1524.6527067841912,11,16
2025_3162_3425,0.05654271123315938,3162,3425,Columbia,USC,1783.4269080012543,1933.8727523760726,11,1
2025_3162_3163,0.06532115762585466,3162,3163,Columbia,Connecticut,1783.4269080012543,1974.97509244384,11,2
2025_3162_3328,0.171404249574452,3162,3328,Columbia,Oklahoma,1783.4269080012543,1825.81495927408,11,3
2025_3162_3246,0.2013341018555243,3162,3246,Columbia,Kentucky,1783.4269080012543,1712.3650858848432,11,4
2025_3162_3243,0.17917765435667593,3162,3243,Columbia,Kansas St,1783.4269080012543,1761.130509058621,11,5
2025_3162_3234,0.23798461208130878,3162,3234,Columbia,Iowa,1783.4269080012543,1820.9586709265081,11,6
2025_3162_3329,0.31209534112939763,3162,3329,Columbia,Oklahoma St,1783.4269080012543,1735.6533768195266,11,7
2025_3143_3162,0.37861209968122433,3162,3143,Columbia,California,1783.4269080012543,1732.981985453007,11,8
2025_3162_3280,0.39607913918341464,3162,3280,Columbia,Mississippi St,1783.4269080012543,1672.2828961738294,11,9
2025_3162_3355,0.4690110630766321,3162,3355,Columbia,S Dakota St,1783.4269080012543,1835.2775090793496,11,10
2025_3162_3293,0.5554338455200194,3162,3293,Columbia,Murray St,1783.4269080012543,1695.9339089127072,11,11
2025_3162_3193,0.5510380141957829,3162,3193,Columbia,Fairfield,1783.4269080012543,1777.546952772885,11,12
2025_3162_3251,0.6768206092015377,3162,3251,Columbia,Liberty,1783.4269080012543,1734.815164305803,11,13
2025_3162_3195,0.6802113636395075,3162,3195,Columbia,FGCU,1783.4269080012543,1808.5724936397603,11,14
2025_3117_3162,0.7626003101037984,3162,3117,Columbia,Arkansas St,1783.4269080012543,1586.1666111780894,11,15
2025_3162_3422,0.7991740604302684,3162,3422,Columbia,UNC Greensboro,1783.4269080012543,1648.591563566133,11,16
2025_3449_3453,0.5867378585561345,3449,3453,Washington,WI Green Bay,1645.3536274676324,1773.4277794623615,11,12
2025_3313_3449,0.565662774671661,3449,3313,Washington,Norfolk St,1645.3536274676324,1756.2144264957496,11,13
2025_3333_3449,0.708481667842541,3449,3333,Washington,Oregon St,1645.3536274676324,1667.1550896856745,11,14
2025_3250_3449,0.7551255002187733,3449,3250,Washington,Lehigh,1645.3536274676324,1649.77114346928,11,15
2025_3399_3449,0.8040836056134502,3449,3399,Washington,Tennessee Tech,1645.3536274676324,1660.0604484176497,11,16
2025_3400_3449,0.06346863125767357,3449,3400,Washington,Texas,1645.3536274676324,1971.253830593616,11,1
2025_3395_3449,0.07722288736605709,3449,3395,Washington,TCU,1645.3536274676324,1843.5690826914229,11,2
2025_3323_3449,0.10789287423661288,3449,3323,Washington,Notre Dame,1645.3536274676324,1880.3257336324496,11,3
2025_3326_3449,0.14292895957804513,3449,3326,Washington,Ohio St,1645.3536274676324,1838.9421792110422,11,4
2025_3397_3449,0.1751273809084471,3449,3397,Washington,Tennessee,1645.3536274676324,1751.8425070034982,11,5
2025_3276_3449,0.23879247108485263,3449,3276,Washington,Michigan,1645.3536274676324,1754.103120625063,11,6
2025_3257_3449,0.2804596171213143,3449,3257,Washington,Louisville,1645.3536274676324,1770.291352149283,11,7
2025_3228_3449,0.34028879413398694,3449,3228,Washington,Illinois,1645.3536274676324,1702.7194358808865,11,8
2025_3166_3449,0.37467510379399127,3449,3166,Washington,Creighton,1645.3536274676324,1859.0974014739336,11,9
2025_3304_3449,0.43943193028129823,3449,3304,Washington,Nebraska,1645.3536274676324,1702.8172097273407,11,10
2025_3235_3449,0.45413930565118776,3449,3235,Washington,Iowa St,1645.3536274676324,1739.2557567978145,11,11
2025_3343_3449,0.5247567206621169,3449,3343,Washington,Princeton,1645.3536274676324,1775.506646128416,11,11
2025_3378_3449,0.5871534072383473,3449,3378,Washington,South Florida,1645.3536274676324,1683.410611086055,11,12
2025_3286_3449,0.6132282348767392,3449,3286,Washington,Montana St,1645.3536274676324,1720.0676852052384,11,13
2025_3372_3449,0.7059410794636347,3449,3372,Washington,SF Austin,1645.3536274676324,1710.1301229301325,11,14
2025_3192_3449,0.7537685408758168,3449,3192,Washington,F Dickinson,1645.3536274676324,1616.5400097680608,11,15
2025_3219_3449,0.819475134219865,3449,3219,Washington,High Point,1645.3536274676324,1542.3452372503477,11,16
2025_3449_3456,0.8223648866078654,3449,3456,Washington,William & Mary,1645.3536274676324,1486.8572709106484,11,16
2025_3417_3449,0.05045884465183862,3449,3417,Washington,UCLA,1645.3536274676324,1958.278979203148,11,1
2025_3301_3449,0.07831263908648556,3449,3301,Washington,NC State,1645.3536274676324,1883.6190284342556,11,2
2025_3261_3449,0.11515743618777331,3449,3261,Washington,LSU,1645.3536274676324,1875.8199352842041,11,3
2025_3124_3449,0.14365332737541986,3449,3124,Washington,Baylor,1645.3536274676324,1823.9933602644464,11,4
2025_3279_3449,0.17830706518979628,3449,3279,Washington,Mississippi,1645.3536274676324,1764.6037249112856,11,5
2025_3199_3449,0.24810593524958652,3449,3199,Washington,Florida St,1645.3536274676324,1761.9644695309794,11,6
2025_3277_3449,0.26538935755023885,3449,3277,Washington,Michigan St,1645.3536274676324,1715.8991388129386,11,7
2025_3350_3449,0.3337913067081828,3449,3350,Washington,Richmond,1645.3536274676324,1797.7185869664368,11,8
2025_3210_3449,0.37395773209179706,3449,3210,Washington,Georgia Tech,1645.3536274676324,1656.4881012812837,11,9
2025_3217_3449,0.4521220273748804,3449,3217,Washington,Harvard,1645.3536274676324,1773.429450810923,11,10
2025_3206_3449,0.48511247932910906,3449,3206,Washington,George Mason,1645.3536274676324,1753.7950358153073,11,11
2025_3123_3449,0.5338504039271901,3449,3123,Washington,Ball St,1645.3536274676324,1769.2197745940423,11,12
2025_3213_3449,0.6084151747122876,3449,3213,Washington,Grand Canyon,1645.3536274676324,1761.903095765611,11,13
2025_3361_3449,0.7113607509991267,3449,3361,Washington,San Diego St,1645.3536274676324,1671.1713611028213,11,14
2025_3436_3449,0.7585220112966542,3449,3436,Washington,Vermont,1645.3536274676324,1622.6020859062485,11,15
2025_3380_3449,0.8108281095883647,3449,3380,Washington,Southern Univ,1645.3536274676324,1553.512381915605,11,16
2025_3449_3471,0.8115534981152812,3449,3471,Washington,UC San Diego,1645.3536274676324,1524.6527067841912,11,16
2025_3425_3449,0.05374851812924989,3449,3425,Washington,USC,1645.3536274676324,1933.8727523760726,11,1
2025_3163_3449,0.07479391054713791,3449,3163,Washington,Connecticut,1645.3536274676324,1974.97509244384,11,2
2025_3328_3449,0.1513752262847715,3449,3328,Washington,Oklahoma,1645.3536274676324,1825.81495927408,11,3
2025_3246_3449,0.16222652956820321,3449,3246,Washington,Kentucky,1645.3536274676324,1712.3650858848432,11,4
2025_3243_3449,0.18563008067102987,3449,3243,Washington,Kansas St,1645.3536274676324,1761.130509058621,11,5
2025_3234_3449,0.22481628829624217,3449,3234,Washington,Iowa,1645.3536274676324,1820.9586709265081,11,6
2025_3329_3449,0.2942649394703858,3449,3329,Washington,Oklahoma St,1645.3536274676324,1735.6533768195266,11,7
2025_3143_3449,0.3825542614797015,3449,3143,Washington,California,1645.3536274676324,1732.981985453007,11,8
2025_3280_3449,0.392045156429661,3449,3280,Washington,Mississippi St,1645.3536274676324,1672.2828961738294,11,9
2025_3355_3449,0.4061976618544031,3449,3355,Washington,S Dakota St,1645.3536274676324,1835.2775090793496,11,10
2025_3293_3449,0.5435730725526808,3449,3293,Washington,Murray St,1645.3536274676324,1695.9339089127072,11,11
2025_3193_3449,0.53588515748821,3449,3193,Washington,Fairfield,1645.3536274676324,1777.546952772885,11,12
2025_3251_3449,0.6667309584513775,3449,3251,Washington,Liberty,1645.3536274676324,1734.815164305803,11,13
2025_3195_3449,0.652616588678036,3449,3195,Washington,FGCU,1645.3536274676324,1808.5724936397603,11,14
2025_3117_3449,0.7533418908285145,3449,3117,Washington,Arkansas St,1645.3536274676324,1586.1666111780894,11,15
2025_3422_3449,0.8086272080800334,3449,3422,Washington,UNC Greensboro,1645.3536274676324,1648.591563566133,11,16
2025_3313_3453,0.5018624909742901,3453,3313,WI Green Bay,Norfolk St,1773.4277794623615,1756.2144264957496,12,13
2025_3333_3453,0.6247881235972516,3453,3333,WI Green Bay,Oregon St,1773.4277794623615,1667.1550896856745,12,14
2025_3250_3453,0.6485293491741755,3453,3250,WI Green Bay,Lehigh,1773.4277794623615,1649.77114346928,12,15
2025_3399_3453,0.7462135776447301,3453,3399,WI Green Bay,Tennessee Tech,1773.4277794623615,1660.0604484176497,12,16
2025_3400_3453,0.03564781129360199,3453,3400,WI Green Bay,Texas,1773.4277794623615,1971.253830593616,12,1
2025_3395_3453,0.056034391646643956,3453,3395,WI Green Bay,TCU,1773.4277794623615,1843.5690826914229,12,2
2025_3323_3453,0.07494940043890541,3453,3323,WI Green Bay,Notre Dame,1773.4277794623615,1880.3257336324496,12,3
2025_3326_3453,0.10405297538211879,3453,3326,WI Green Bay,Ohio St,1773.4277794623615,1838.9421792110422,12,4
2025_3397_3453,0.1394819894430716,3453,3397,WI Green Bay,Tennessee,1773.4277794623615,1751.8425070034982,12,5
2025_3276_3453,0.1927159329959925,3453,3276,WI Green Bay,Michigan,1773.4277794623615,1754.103120625063,12,6
2025_3257_3453,0.22281315499927562,3453,3257,WI Green Bay,Louisville,1773.4277794623615,1770.291352149283,12,7
2025_3228_3453,0.30442470763454366,3453,3228,WI Green Bay,Illinois,1773.4277794623615,1702.7194358808865,12,8
2025_3166_3453,0.29043655702861737,3453,3166,WI Green Bay,Creighton,1773.4277794623615,1859.0974014739336,12,9
2025_3304_3453,0.3663069543942339,3453,3304,WI Green Bay,Nebraska,1773.4277794623615,1702.8172097273407,12,10
2025_3235_3453,0.3925677038208414,3453,3235,WI Green Bay,Iowa St,1773.4277794623615,1739.2557567978145,12,11
2025_3343_3453,0.40170707771934755,3453,3343,WI Green Bay,Princeton,1773.4277794623615,1775.506646128416,12,11
2025_3378_3453,0.4798565864562987,3453,3378,WI Green Bay,South Florida,1773.4277794623615,1683.410611086055,12,12
2025_3286_3453,0.48884833832822533,3453,3286,WI Green Bay,Montana St,1773.4277794623615,1720.0676852052384,12,13
2025_3372_3453,0.6276635410681836,3453,3372,WI Green Bay,SF Austin,1773.4277794623615,1710.1301229301325,12,14
2025_3192_3453,0.7198900117537119,3453,3192,WI Green Bay,F Dickinson,1773.4277794623615,1616.5400097680608,12,15
2025_3219_3453,0.7743313088582997,3453,3219,WI Green Bay,High Point,1773.4277794623615,1542.3452372503477,12,16
2025_3453_3456,0.7646928801702504,3453,3456,WI Green Bay,William & Mary,1773.4277794623615,1486.8572709106484,12,16
2025_3417_3453,0.026996804326772688,3453,3417,WI Green Bay,UCLA,1773.4277794623615,1958.278979203148,12,1
2025_3301_3453,0.06200517517830976,3453,3301,WI Green Bay,NC State,1773.4277794623615,1883.6190284342556,12,2
2025_3261_3453,0.07015566149258678,3453,3261,WI Green Bay,LSU,1773.4277794623615,1875.8199352842041,12,3
2025_3124_3453,0.10197160353830394,3453,3124,WI Green Bay,Baylor,1773.4277794623615,1823.9933602644464,12,4
2025_3279_3453,0.12742236793018175,3453,3279,WI Green Bay,Mississippi,1773.4277794623615,1764.6037249112856,12,5
2025_3199_3453,0.19121654835434515,3453,3199,WI Green Bay,Florida St,1773.4277794623615,1761.9644695309794,12,6
2025_3277_3453,0.22683265009905856,3453,3277,WI Green Bay,Michigan St,1773.4277794623615,1715.8991388129386,12,7
2025_3350_3453,0.2320928655994885,3453,3350,WI Green Bay,Richmond,1773.4277794623615,1797.7185869664368,12,8
2025_3210_3453,0.3078969405034442,3453,3210,WI Green Bay,Georgia Tech,1773.4277794623615,1656.4881012812837,12,9
2025_3217_3453,0.35005159057225055,3453,3217,WI Green Bay,Harvard,1773.4277794623615,1773.429450810923,12,10
2025_3206_3453,0.3737697995678354,3453,3206,WI Green Bay,George Mason,1773.4277794623615,1753.7950358153073,12,11
2025_3123_3453,0.47897606194019304,3453,3123,WI Green Bay,Ball St,1773.4277794623615,1769.2197745940423,12,12
2025_3213_3453,0.5179027043803761,3453,3213,WI Green Bay,Grand Canyon,1773.4277794623615,1761.903095765611,12,13
2025_3361_3453,0.6294413241044156,3453,3361,WI Green Bay,San Diego St,1773.4277794623615,1671.1713611028213,12,14
2025_3436_3453,0.6805614366194346,3453,3436,WI Green Bay,Vermont,1773.4277794623615,1622.6020859062485,12,15
2025_3380_3453,0.7530072703527455,3453,3380,WI Green Bay,Southern Univ,1773.4277794623615,1553.512381915605,12,16
2025_3453_3471,0.7535866573022847,3453,3471,WI Green Bay,UC San Diego,1773.4277794623615,1524.6527067841912,12,16
2025_3425_3453,0.026808514185249804,3453,3425,WI Green Bay,USC,1773.4277794623615,1933.8727523760726,12,1
2025_3163_3453,0.04132943217959054,3453,3163,WI Green Bay,Connecticut,1773.4277794623615,1974.97509244384,12,2
2025_3328_3453,0.09742380858862465,3453,3328,WI Green Bay,Oklahoma,1773.4277794623615,1825.81495927408,12,3
2025_3246_3453,0.15599233617952402,3453,3246,WI Green Bay,Kentucky,1773.4277794623615,1712.3650858848432,12,4
2025_3243_3453,0.12773133419431043,3453,3243,WI Green Bay,Kansas St,1773.4277794623615,1761.130509058621,12,5
2025_3234_3453,0.18269080054851133,3453,3234,WI Green Bay,Iowa,1773.4277794623615,1820.9586709265081,12,6
2025_3329_3453,0.21763477796699565,3453,3329,WI Green Bay,Oklahoma St,1773.4277794623615,1735.6533768195266,12,7
2025_3143_3453,0.2929405615163796,3453,3143,WI Green Bay,California,1773.4277794623615,1732.981985453007,12,8
2025_3280_3453,0.32708389172347974,3453,3280,WI Green Bay,Mississippi St,1773.4277794623615,1672.2828961738294,12,9
2025_3355_3453,0.3614136812790758,3453,3355,WI Green Bay,S Dakota St,1773.4277794623615,1835.2775090793496,12,10
2025_3293_3453,0.47248368928589113,3453,3293,WI Green Bay,Murray St,1773.4277794623615,1695.9339089127072,12,11
2025_3193_3453,0.450133143365383,3453,3193,WI Green Bay,Fairfield,1773.4277794623615,1777.546952772885,12,12
2025_3251_3453,0.581365572713239,3453,3251,WI Green Bay,Liberty,1773.4277794623615,1734.815164305803,12,13
2025_3195_3453,0.5806477697983853,3453,3195,WI Green Bay,FGCU,1773.4277794623615,1808.5724936397603,12,14
2025_3117_3453,0.707457600440655,3453,3117,WI Green Bay,Arkansas St,1773.4277794623615,1586.1666111780894,12,15
2025_3422_3453,0.7341302558349614,3453,3422,WI Green Bay,UNC Greensboro,1773.4277794623615,1648.591563566133,12,16
2025_3313_3333,0.5949965291246007,3313,3333,Norfolk St,Oregon St,1756.2144264957496,1667.1550896856745,13,14
2025_3250_3313,0.6283591421738736,3313,3250,Norfolk St,Lehigh,1756.2144264957496,1649.77114346928,13,15
2025_3313_3399,0.7058141513725855,3313,3399,Norfolk St,Tennessee Tech,1756.2144264957496,1660.0604484176497,13,16
2025_3313_3400,0.03484927482903004,3313,3400,Norfolk St,Texas,1756.2144264957496,1971.253830593616,13,1
2025_3313_3395,0.04050367318093777,3313,3395,Norfolk St,TCU,1756.2144264957496,1843.5690826914229,13,2
2025_3313_3323,0.050985671480556806,3313,3323,Norfolk St,Notre Dame,1756.2144264957496,1880.3257336324496,13,3
2025_3313_3326,0.08195805916094845,3313,3326,Norfolk St,Ohio St,1756.2144264957496,1838.9421792110422,13,4
2025_3313_3397,0.14480081161430414,3313,3397,Norfolk St,Tennessee,1756.2144264957496,1751.8425070034982,13,5
2025_3276_3313,0.17305360525823427,3313,3276,Norfolk St,Michigan,1756.2144264957496,1754.103120625063,13,6
2025_3257_3313,0.21521068495603163,3313,3257,Norfolk St,Louisville,1756.2144264957496,1770.291352149283,13,7
2025_3228_3313,0.28070806661631625,3313,3228,Norfolk St,Illinois,1756.2144264957496,1702.7194358808865,13,8
2025_3166_3313,0.26382329021224904,3313,3166,Norfolk St,Creighton,1756.2144264957496,1859.0974014739336,13,9
2025_3304_3313,0.36364462832006406,3313,3304,Norfolk St,Nebraska,1756.2144264957496,1702.8172097273407,13,10
2025_3235_3313,0.3770398957237131,3313,3235,Norfolk St,Iowa St,1756.2144264957496,1739.2557567978145,13,11
2025_3313_3343,0.3658183527692682,3313,3343,Norfolk St,Princeton,1756.2144264957496,1775.506646128416,13,11
2025_3313_3378,0.4901200331226755,3313,3378,Norfolk St,South Florida,1756.2144264957496,1683.410611086055,13,12
2025_3286_3313,0.49061997830867754,3313,3286,Norfolk St,Montana St,1756.2144264957496,1720.0676852052384,13,13
2025_3313_3372,0.6109631084426472,3313,3372,Norfolk St,SF Austin,1756.2144264957496,1710.1301229301325,13,14
2025_3192_3313,0.6742463292971722,3313,3192,Norfolk St,F Dickinson,1756.2144264957496,1616.5400097680608,13,15
2025_3219_3313,0.7407266630789378,3313,3219,Norfolk St,High Point,1756.2144264957496,1542.3452372503477,13,16
2025_3313_3456,0.7339650525709727,3313,3456,Norfolk St,William & Mary,1756.2144264957496,1486.8572709106484,13,16
2025_3313_3417,0.029119666591286657,3313,3417,Norfolk St,UCLA,1756.2144264957496,1958.278979203148,13,1
2025_3301_3313,0.054677089601755144,3313,3301,Norfolk St,NC State,1756.2144264957496,1883.6190284342556,13,2
2025_3261_3313,0.0598443801453317,3313,3261,Norfolk St,LSU,1756.2144264957496,1875.8199352842041,13,3
2025_3124_3313,0.07176336453759735,3313,3124,Norfolk St,Baylor,1756.2144264957496,1823.9933602644464,13,4
2025_3279_3313,0.12825706189444597,3313,3279,Norfolk St,Mississippi,1756.2144264957496,1764.6037249112856,13,5
2025_3199_3313,0.17884526938176942,3313,3199,Norfolk St,Florida St,1756.2144264957496,1761.9644695309794,13,6
2025_3277_3313,0.22258643937202055,3313,3277,Norfolk St,Michigan St,1756.2144264957496,1715.8991388129386,13,7
2025_3313_3350,0.20538847098137897,3313,3350,Norfolk St,Richmond,1756.2144264957496,1797.7185869664368,13,8
2025_3210_3313,0.32035685781965184,3313,3210,Norfolk St,Georgia Tech,1756.2144264957496,1656.4881012812837,13,9
2025_3217_3313,0.32119998196157407,3313,3217,Norfolk St,Harvard,1756.2144264957496,1773.429450810923,13,10
2025_3206_3313,0.3529940334662325,3313,3206,Norfolk St,George Mason,1756.2144264957496,1753.7950358153073,13,11
2025_3123_3313,0.4731253630892206,3313,3123,Norfolk St,Ball St,1756.2144264957496,1769.2197745940423,13,12
2025_3213_3313,0.48918295502662645,3313,3213,Norfolk St,Grand Canyon,1756.2144264957496,1761.903095765611,13,13
2025_3313_3361,0.5990253113730977,3313,3361,Norfolk St,San Diego St,1756.2144264957496,1671.1713611028213,13,14
2025_3313_3436,0.6346725257531277,3313,3436,Norfolk St,Vermont,1756.2144264957496,1622.6020859062485,13,15
2025_3313_3380,0.7248421742579081,3313,3380,Norfolk St,Southern Univ,1756.2144264957496,1553.512381915605,13,16
2025_3313_3471,0.7287827863356211,3313,3471,Norfolk St,UC San Diego,1756.2144264957496,1524.6527067841912,13,16
2025_3313_3425,0.029934811331331728,3313,3425,Norfolk St,USC,1756.2144264957496,1933.8727523760726,13,1
2025_3163_3313,0.029976583942770956,3313,3163,Norfolk St,Connecticut,1756.2144264957496,1974.97509244384,13,2
2025_3313_3328,0.08313398053254731,3313,3328,Norfolk St,Oklahoma,1756.2144264957496,1825.81495927408,13,3
2025_3246_3313,0.11630732746326988,3313,3246,Norfolk St,Kentucky,1756.2144264957496,1712.3650858848432,13,4
2025_3243_3313,0.10632380431464251,3313,3243,Norfolk St,Kansas St,1756.2144264957496,1761.130509058621,13,5
2025_3234_3313,0.16381672933674646,3313,3234,Norfolk St,Iowa,1756.2144264957496,1820.9586709265081,13,6
2025_3313_3329,0.20170059186311323,3313,3329,Norfolk St,Oklahoma St,1756.2144264957496,1735.6533768195266,13,7
2025_3143_3313,0.2691735620238976,3313,3143,Norfolk St,California,1756.2144264957496,1732.981985453007,13,8
2025_3280_3313,0.3347442344261162,3313,3280,Norfolk St,Mississippi St,1756.2144264957496,1672.2828961738294,13,9
2025_3313_3355,0.32747813174518536,3313,3355,Norfolk St,S Dakota St,1756.2144264957496,1835.2775090793496,13,10
2025_3293_3313,0.4453954038723833,3313,3293,Norfolk St,Murray St,1756.2144264957496,1695.9339089127072,13,11
2025_3193_3313,0.40826910952486284,3313,3193,Norfolk St,Fairfield,1756.2144264957496,1777.546952772885,13,12
2025_3251_3313,0.5623603671789168,3313,3251,Norfolk St,Liberty,1756.2144264957496,1734.815164305803,13,13
2025_3195_3313,0.48715719809375496,3313,3195,Norfolk St,FGCU,1756.2144264957496,1808.5724936397603,13,14
2025_3117_3313,0.6709754946128003,3313,3117,Norfolk St,Arkansas St,1756.2144264957496,1586.1666111780894,13,15
2025_3313_3422,0.7085279657503702,3313,3422,Norfolk St,UNC Greensboro,1756.2144264957496,1648.591563566133,13,16
2025_3250_3333,0.5448324107154439,3333,3250,Oregon St,Lehigh,1667.1550896856745,1649.77114346928,14,15
2025_3333_3399,0.5847734691992871,3333,3399,Oregon St,Tennessee Tech,1667.1550896856745,1660.0604484176497,14,16
2025_3333_3400,0.02811983127146959,3333,3400,Oregon St,Texas,1667.1550896856745,1971.253830593616,14,1
2025_3333_3395,0.027675021365284918,3333,3395,Oregon St,TCU,1667.1550896856745,1843.5690826914229,14,2
2025_3323_3333,0.024414854049682615,3333,3323,Oregon St,Notre Dame,1667.1550896856745,1880.3257336324496,14,3
2025_3326_3333,0.03908545793350585,3333,3326,Oregon St,Ohio St,1667.1550896856745,1838.9421792110422,14,4
2025_3333_3397,0.06294954375827377,3333,3397,Oregon St,Tennessee,1667.1550896856745,1751.8425070034982,14,5
2025_3276_3333,0.0938254441874319,3333,3276,Oregon St,Michigan,1667.1550896856745,1754.103120625063,14,6
2025_3257_3333,0.1239566651729424,3333,3257,Oregon St,Louisville,1667.1550896856745,1770.291352149283,14,7
2025_3228_3333,0.16614494231434423,3333,3228,Oregon St,Illinois,1667.1550896856745,1702.7194358808865,14,8
2025_3166_3333,0.18270917559053462,3333,3166,Oregon St,Creighton,1667.1550896856745,1859.0974014739336,14,9
2025_3304_3333,0.2326283537281506,3333,3304,Oregon St,Nebraska,1667.1550896856745,1702.8172097273407,14,10
2025_3235_3333,0.2530325134286542,3333,3235,Oregon St,Iowa St,1667.1550896856745,1739.2557567978145,14,11
2025_3333_3343,0.2782461144963164,3333,3343,Oregon St,Princeton,1667.1550896856745,1775.506646128416,14,11
2025_3333_3378,0.332543642590893,3333,3378,Oregon St,South Florida,1667.1550896856745,1683.410611086055,14,12
2025_3286_3333,0.38584013501562364,3333,3286,Oregon St,Montana St,1667.1550896856745,1720.0676852052384,14,13
2025_3333_3372,0.4889924287796019,3333,3372,Oregon St,SF Austin,1667.1550896856745,1710.1301229301325,14,14
2025_3192_3333,0.5664924853070805,3333,3192,Oregon St,F Dickinson,1667.1550896856745,1616.5400097680608,14,15
2025_3219_3333,0.6544323595658413,3333,3219,Oregon St,High Point,1667.1550896856745,1542.3452372503477,14,16
2025_3333_3456,0.6863806577817074,3333,3456,Oregon St,William & Mary,1667.1550896856745,1486.8572709106484,14,16
2025_3333_3417,0.023089440930634735,3333,3417,Oregon St,UCLA,1667.1550896856745,1958.278979203148,14,1
2025_3301_3333,0.026019790135324,3333,3301,Oregon St,NC State,1667.1550896856745,1883.6190284342556,14,2
2025_3261_3333,0.024354886189103125,3333,3261,Oregon St,LSU,1667.1550896856745,1875.8199352842041,14,3
2025_3124_3333,0.03922347248848327,3333,3124,Oregon St,Baylor,1667.1550896856745,1823.9933602644464,14,4
2025_3279_3333,0.05863680544772809,3333,3279,Oregon St,Mississippi,1667.1550896856745,1764.6037249112856,14,5
2025_3199_3333,0.10145095137825545,3333,3199,Oregon St,Florida St,1667.1550896856745,1761.9644695309794,14,6
2025_3277_3333,0.12447592966235471,3333,3277,Oregon St,Michigan St,1667.1550896856745,1715.8991388129386,14,7
2025_3333_3350,0.15862541031928618,3333,3350,Oregon St,Richmond,1667.1550896856745,1797.7185869664368,14,8
2025_3210_3333,0.19180414961661857,3333,3210,Oregon St,Georgia Tech,1667.1550896856745,1656.4881012812837,14,9
2025_3217_3333,0.24839733992347646,3333,3217,Oregon St,Harvard,1667.1550896856745,1773.429450810923,14,10
2025_3206_3333,0.2768654138782878,3333,3206,Oregon St,George Mason,1667.1550896856745,1753.7950358153073,14,11
2025_3123_3333,0.323459552000416,3333,3123,Oregon St,Ball St,1667.1550896856745,1769.2197745940423,14,12
2025_3213_3333,0.38408099333204515,3333,3213,Oregon St,Grand Canyon,1667.1550896856745,1761.903095765611,14,13
2025_3333_3361,0.4638160005211829,3333,3361,Oregon St,San Diego St,1667.1550896856745,1671.1713611028213,14,14
2025_3333_3436,0.5192493223174641,3333,3436,Oregon St,Vermont,1667.1550896856745,1622.6020859062485,14,15
2025_3333_3380,0.676272618998634,3333,3380,Oregon St,Southern Univ,1667.1550896856745,1553.512381915605,14,16
2025_3333_3471,0.6527766319409481,3333,3471,Oregon St,UC San Diego,1667.1550896856745,1524.6527067841912,14,16
2025_3333_3425,0.022280285991728304,3333,3425,Oregon St,USC,1667.1550896856745,1933.8727523760726,14,1
2025_3163_3333,0.02560335762798786,3333,3163,Oregon St,Connecticut,1667.1550896856745,1974.97509244384,14,2
2025_3328_3333,0.026214283816516398,3333,3328,Oregon St,Oklahoma,1667.1550896856745,1825.81495927408,14,3
2025_3246_3333,0.05251165469493516,3333,3246,Oregon St,Kentucky,1667.1550896856745,1712.3650858848432,14,4
2025_3243_3333,0.06248683569485014,3333,3243,Oregon St,Kansas St,1667.1550896856745,1761.130509058621,14,5
2025_3234_3333,0.08747907595655259,3333,3234,Oregon St,Iowa,1667.1550896856745,1820.9586709265081,14,6
2025_3329_3333,0.12494538329518629,3333,3329,Oregon St,Oklahoma St,1667.1550896856745,1735.6533768195266,14,7
2025_3143_3333,0.15495653022916872,3333,3143,Oregon St,California,1667.1550896856745,1732.981985453007,14,8
2025_3280_3333,0.18517298573638957,3333,3280,Oregon St,Mississippi St,1667.1550896856745,1672.2828961738294,14,9
2025_3333_3355,0.23172149513492513,3333,3355,Oregon St,S Dakota St,1667.1550896856745,1835.2775090793496,14,10
2025_3293_3333,0.34271803358587216,3333,3293,Oregon St,Murray St,1667.1550896856745,1695.9339089127072,14,11
2025_3193_3333,0.3316636358901388,3333,3193,Oregon St,Fairfield,1667.1550896856745,1777.546952772885,14,12
2025_3251_3333,0.41782377878584154,3333,3251,Oregon St,Liberty,1667.1550896856745,1734.815164305803,14,13
2025_3195_3333,0.45188971459865557,3333,3195,Oregon St,FGCU,1667.1550896856745,1808.5724936397603,14,14
2025_3117_3333,0.5157082401736806,3333,3117,Oregon St,Arkansas St,1667.1550896856745,1586.1666111780894,14,15
2025_3333_3422,0.6176176848307721,3333,3422,Oregon St,UNC Greensboro,1667.1550896856745,1648.591563566133,14,16
2025_3250_3399,0.5564817660077641,3250,3399,Lehigh,Tennessee Tech,1649.77114346928,1660.0604484176497,15,16
2025_3250_3400,0.031256238855421545,3250,3400,Lehigh,Texas,1649.77114346928,1971.253830593616,15,1
2025_3250_3395,0.026061999537050722,3250,3395,Lehigh,TCU,1649.77114346928,1843.5690826914229,15,2
2025_3250_3323,0.02622072950005531,3250,3323,Lehigh,Notre Dame,1649.77114346928,1880.3257336324496,15,3
2025_3250_3326,0.02824507366865873,3250,3326,Lehigh,Ohio St,1649.77114346928,1838.9421792110422,15,4
2025_3250_3397,0.04451649253573068,3250,3397,Lehigh,Tennessee,1649.77114346928,1751.8425070034982,15,5
2025_3250_3276,0.06998829165005749,3250,3276,Lehigh,Michigan,1649.77114346928,1754.103120625063,15,6
2025_3250_3257,0.10766785180142459,3250,3257,Lehigh,Louisville,1649.77114346928,1770.291352149283,15,7
2025_3228_3250,0.13990139752603364,3250,3228,Lehigh,Illinois,1649.77114346928,1702.7194358808865,15,8
2025_3166_3250,0.15345981848331053,3250,3166,Lehigh,Creighton,1649.77114346928,1859.0974014739336,15,9
2025_3250_3304,0.20035022819425624,3250,3304,Lehigh,Nebraska,1649.77114346928,1702.8172097273407,15,10
2025_3235_3250,0.23058234606513905,3250,3235,Lehigh,Iowa St,1649.77114346928,1739.2557567978145,15,11
2025_3250_3343,0.2434313640428536,3250,3343,Lehigh,Princeton,1649.77114346928,1775.506646128416,15,11
2025_3250_3378,0.30960551509651135,3250,3378,Lehigh,South Florida,1649.77114346928,1683.410611086055,15,12
2025_3250_3286,0.33652867503012485,3250,3286,Lehigh,Montana St,1649.77114346928,1720.0676852052384,15,13
2025_3250_3372,0.44659508237995393,3250,3372,Lehigh,SF Austin,1649.77114346928,1710.1301229301325,15,14
2025_3192_3250,0.5370255023241042,3250,3192,Lehigh,F Dickinson,1649.77114346928,1616.5400097680608,15,15
2025_3219_3250,0.5991754703744481,3250,3219,Lehigh,High Point,1649.77114346928,1542.3452372503477,15,16
2025_3250_3456,0.61194257666908,3250,3456,Lehigh,William & Mary,1649.77114346928,1486.8572709106484,15,16
2025_3250_3417,0.0245517691783607,3250,3417,Lehigh,UCLA,1649.77114346928,1958.278979203148,15,1
2025_3250_3301,0.032029703184962274,3250,3301,Lehigh,NC State,1649.77114346928,1883.6190284342556,15,2
2025_3250_3261,0.02667405541986227,3250,3261,Lehigh,LSU,1649.77114346928,1875.8199352842041,15,3
2025_3124_3250,0.025023228414356707,3250,3124,Lehigh,Baylor,1649.77114346928,1823.9933602644464,15,4
2025_3250_3279,0.0407107611125315,3250,3279,Lehigh,Mississippi,1649.77114346928,1764.6037249112856,15,5
2025_3199_3250,0.0774937699874646,3250,3199,Lehigh,Florida St,1649.77114346928,1761.9644695309794,15,6
2025_3250_3277,0.09936263373067912,3250,3277,Lehigh,Michigan St,1649.77114346928,1715.8991388129386,15,7
2025_3250_3350,0.12346351310587717,3250,3350,Lehigh,Richmond,1649.77114346928,1797.7185869664368,15,8
2025_3210_3250,0.15472174380810816,3250,3210,Lehigh,Georgia Tech,1649.77114346928,1656.4881012812837,15,9
2025_3217_3250,0.20115971514966052,3250,3217,Lehigh,Harvard,1649.77114346928,1773.429450810923,15,10
2025_3206_3250,0.23671025489101338,3250,3206,Lehigh,George Mason,1649.77114346928,1753.7950358153073,15,11
2025_3123_3250,0.29935985663923215,3250,3123,Lehigh,Ball St,1649.77114346928,1769.2197745940423,15,12
2025_3213_3250,0.3519832728012926,3250,3213,Lehigh,Grand Canyon,1649.77114346928,1761.903095765611,15,13
2025_3250_3361,0.4096788413301874,3250,3361,Lehigh,San Diego St,1649.77114346928,1671.1713611028213,15,14
2025_3250_3436,0.4705850467085837,3250,3436,Lehigh,Vermont,1649.77114346928,1622.6020859062485,15,15
2025_3250_3380,0.571727784775121,3250,3380,Lehigh,Southern Univ,1649.77114346928,1553.512381915605,15,16
2025_3250_3471,0.5653405510409901,3250,3471,Lehigh,UC San Diego,1649.77114346928,1524.6527067841912,15,16
2025_3250_3425,0.024200521800667046,3250,3425,Lehigh,USC,1649.77114346928,1933.8727523760726,15,1
2025_3163_3250,0.02602819439023733,3250,3163,Lehigh,Connecticut,1649.77114346928,1974.97509244384,15,2
2025_3250_3328,0.03481271483004093,3250,3328,Lehigh,Oklahoma,1649.77114346928,1825.81495927408,15,3
2025_3246_3250,0.03365891791880131,3250,3246,Lehigh,Kentucky,1649.77114346928,1712.3650858848432,15,4
2025_3243_3250,0.04403107324000247,3250,3243,Lehigh,Kansas St,1649.77114346928,1761.130509058621,15,5
2025_3234_3250,0.06783976213538712,3250,3234,Lehigh,Iowa,1649.77114346928,1820.9586709265081,15,6
2025_3250_3329,0.0992012560175949,3250,3329,Lehigh,Oklahoma St,1649.77114346928,1735.6533768195266,15,7
2025_3143_3250,0.15021391376829935,3250,3143,Lehigh,California,1649.77114346928,1732.981985453007,15,8
2025_3250_3280,0.1676096407780226,3250,3280,Lehigh,Mississippi St,1649.77114346928,1672.2828961738294,15,9
2025_3250_3355,0.19024222852673095,3250,3355,Lehigh,S Dakota St,1649.77114346928,1835.2775090793496,15,10
2025_3250_3293,0.273630690617656,3250,3293,Lehigh,Murray St,1649.77114346928,1695.9339089127072,15,11
2025_3193_3250,0.287557652685966,3250,3193,Lehigh,Fairfield,1649.77114346928,1777.546952772885,15,12
2025_3250_3251,0.3915730652912981,3250,3251,Lehigh,Liberty,1649.77114346928,1734.815164305803,15,13
2025_3195_3250,0.36258552069224603,3250,3195,Lehigh,FGCU,1649.77114346928,1808.5724936397603,15,14
2025_3117_3250,0.5018718153238295,3250,3117,Lehigh,Arkansas St,1649.77114346928,1586.1666111780894,15,15
2025_3250_3422,0.5523280524238179,3250,3422,Lehigh,UNC Greensboro,1649.77114346928,1648.591563566133,15,16
2025_3399_3400,0.031076052151620386,3399,3400,Tennessee Tech,Texas,1660.0604484176497,1971.253830593616,16,1
2025_3395_3399,0.032583959326148035,3399,3395,Tennessee Tech,TCU,1660.0604484176497,1843.5690826914229,16,2
2025_3323_3399,0.028477352038025854,3399,3323,Tennessee Tech,Notre Dame,1660.0604484176497,1880.3257336324496,16,3
2025_3326_3399,0.03144686847925186,3399,3326,Tennessee Tech,Ohio St,1660.0604484176497,1838.9421792110422,16,4
2025_3397_3399,0.036918619573116304,3399,3397,Tennessee Tech,Tennessee,1660.0604484176497,1751.8425070034982,16,5
2025_3276_3399,0.047908699040671666,3399,3276,Tennessee Tech,Michigan,1660.0604484176497,1754.103120625063,16,6
2025_3257_3399,0.08715419278943604,3399,3257,Tennessee Tech,Louisville,1660.0604484176497,1770.291352149283,16,7
2025_3228_3399,0.11299540063312587,3399,3228,Tennessee Tech,Illinois,1660.0604484176497,1702.7194358808865,16,8
2025_3166_3399,0.13673719182587457,3399,3166,Tennessee Tech,Creighton,1660.0604484176497,1859.0974014739336,16,9
2025_3304_3399,0.16367013511152823,3399,3304,Tennessee Tech,Nebraska,1660.0604484176497,1702.8172097273407,16,10
2025_3235_3399,0.1909942733683781,3399,3235,Tennessee Tech,Iowa St,1660.0604484176497,1739.2557567978145,16,11
2025_3343_3399,0.2087484704890446,3399,3343,Tennessee Tech,Princeton,1660.0604484176497,1775.506646128416,16,11
2025_3378_3399,0.2752992555929177,3399,3378,Tennessee Tech,South Florida,1660.0604484176497,1683.410611086055,16,12
2025_3286_3399,0.3018401698211093,3399,3286,Tennessee Tech,Montana St,1660.0604484176497,1720.0676852052384,16,13
2025_3372_3399,0.39434542633141345,3399,3372,Tennessee Tech,SF Austin,1660.0604484176497,1710.1301229301325,16,14
2025_3192_3399,0.49198489854492433,3399,3192,Tennessee Tech,F Dickinson,1660.0604484176497,1616.5400097680608,16,15
2025_3219_3399,0.5573595672845839,3399,3219,Tennessee Tech,High Point,1660.0604484176497,1542.3452372503477,16,16
2025_3399_3456,0.5807104021310805,3399,3456,Tennessee Tech,William & Mary,1660.0604484176497,1486.8572709106484,16,16
2025_3399_3417,0.026379778906702993,3399,3417,Tennessee Tech,UCLA,1660.0604484176497,1958.278979203148,16,1
2025_3301_3399,0.032919811941683294,3399,3301,Tennessee Tech,NC State,1660.0604484176497,1883.6190284342556,16,2
2025_3261_3399,0.03043453574180603,3399,3261,Tennessee Tech,LSU,1660.0604484176497,1875.8199352842041,16,3
2025_3124_3399,0.027264271788299082,3399,3124,Tennessee Tech,Baylor,1660.0604484176497,1823.9933602644464,16,4
2025_3279_3399,0.0292454444989562,3399,3279,Tennessee Tech,Mississippi,1660.0604484176497,1764.6037249112856,16,5
2025_3199_3399,0.058775210653802236,3399,3199,Tennessee Tech,Florida St,1660.0604484176497,1761.9644695309794,16,6
2025_3277_3399,0.07781646767163342,3399,3277,Tennessee Tech,Michigan St,1660.0604484176497,1715.8991388129386,16,7
2025_3350_3399,0.11120951881578502,3399,3350,Tennessee Tech,Richmond,1660.0604484176497,1797.7185869664368,16,8
2025_3210_3399,0.13177977293706727,3399,3210,Tennessee Tech,Georgia Tech,1660.0604484176497,1656.4881012812837,16,9
2025_3217_3399,0.1821752129206236,3399,3217,Tennessee Tech,Harvard,1660.0604484176497,1773.429450810923,16,10
2025_3206_3399,0.19904418611909908,3399,3206,Tennessee Tech,George Mason,1660.0604484176497,1753.7950358153073,16,11
2025_3123_3399,0.24481125254759717,3399,3123,Tennessee Tech,Ball St,1660.0604484176497,1769.2197745940423,16,12
2025_3213_3399,0.29827482113632153,3399,3213,Tennessee Tech,Grand Canyon,1660.0604484176497,1761.903095765611,16,13
2025_3361_3399,0.3895889384254343,3399,3361,Tennessee Tech,San Diego St,1660.0604484176497,1671.1713611028213,16,14
2025_3399_3436,0.39416415462650545,3399,3436,Tennessee Tech,Vermont,1660.0604484176497,1622.6020859062485,16,15
2025_3380_3399,0.5255976080894469,3399,3380,Tennessee Tech,Southern Univ,1660.0604484176497,1553.512381915605,16,16
2025_3399_3471,0.5161468148231505,3399,3471,Tennessee Tech,UC San Diego,1660.0604484176497,1524.6527067841912,16,16
2025_3399_3425,0.026297121234238146,3399,3425,Tennessee Tech,USC,1660.0604484176497,1933.8727523760726,16,1
2025_3163_3399,0.027171405889093874,3399,3163,Tennessee Tech,Connecticut,1660.0604484176497,1974.97509244384,16,2
2025_3328_3399,0.03484554208815098,3399,3328,Tennessee Tech,Oklahoma,1660.0604484176497,1825.81495927408,16,3
2025_3246_3399,0.03818663761019707,3399,3246,Tennessee Tech,Kentucky,1660.0604484176497,1712.3650858848432,16,4
2025_3243_3399,0.034429786652326586,3399,3243,Tennessee Tech,Kansas St,1660.0604484176497,1761.130509058621,16,5
2025_3234_3399,0.04537836172934421,3399,3234,Tennessee Tech,Iowa,1660.0604484176497,1820.9586709265081,16,6
2025_3329_3399,0.07777797052168911,3399,3329,Tennessee Tech,Oklahoma St,1660.0604484176497,1735.6533768195266,16,7
2025_3143_3399,0.11745094841292437,3399,3143,Tennessee Tech,California,1660.0604484176497,1732.981985453007,16,8
2025_3280_3399,0.13518008008576227,3399,3280,Tennessee Tech,Mississippi St,1660.0604484176497,1672.2828961738294,16,9
2025_3355_3399,0.15840512272806723,3399,3355,Tennessee Tech,S Dakota St,1660.0604484176497,1835.2775090793496,16,10
2025_3293_3399,0.2250923397579388,3399,3293,Tennessee Tech,Murray St,1660.0604484176497,1695.9339089127072,16,11
2025_3193_3399,0.26206974391469884,3399,3193,Tennessee Tech,Fairfield,1660.0604484176497,1777.546952772885,16,12
2025_3251_3399,0.3407398895362277,3399,3251,Tennessee Tech,Liberty,1660.0604484176497,1734.815164305803,16,13
2025_3195_3399,0.34853831804837054,3399,3195,Tennessee Tech,FGCU,1660.0604484176497,1808.5724936397603,16,14
2025_3117_3399,0.44099145600952394,3399,3117,Tennessee Tech,Arkansas St,1660.0604484176497,1586.1666111780894,16,15
2025_3399_3422,0.500905355811119,3399,3422,Tennessee Tech,UNC Greensboro,1660.0604484176497,1648.591563566133,16,16
2025_3395_3400,0.6101098381503651,3400,3395,Texas,TCU,1971.253830593616,1843.5690826914229,1,2
2025_3323_3400,0.6319647314444653,3400,3323,Texas,Notre Dame,1971.253830593616,1880.3257336324496,1,3
2025_3326_3400,0.7042987032791712,3400,3326,Texas,Ohio St,1971.253830593616,1838.9421792110422,1,4
2025_3397_3400,0.7659129872488026,3400,3397,Texas,Tennessee,1971.253830593616,1751.8425070034982,1,5
2025_3276_3400,0.8009578188321391,3400,3276,Texas,Michigan,1971.253830593616,1754.103120625063,1,6
2025_3257_3400,0.8419196860781132,3400,3257,Texas,Louisville,1971.253830593616,1770.291352149283,1,7
2025_3228_3400,0.8780021956565295,3400,3228,Texas,Illinois,1971.253830593616,1702.7194358808865,1,8
2025_3166_3400,0.8689207930309474,3400,3166,Texas,Creighton,1971.253830593616,1859.0974014739336,1,9
2025_3304_3400,0.9214243170479522,3400,3304,Texas,Nebraska,1971.253830593616,1702.8172097273407,1,10
2025_3235_3400,0.9470436097184209,3400,3235,Texas,Iowa St,1971.253830593616,1739.2557567978145,1,11
2025_3343_3400,0.9505015433827428,3400,3343,Texas,Princeton,1971.253830593616,1775.506646128416,1,11
2025_3378_3400,0.9660805714130402,3400,3378,Texas,South Florida,1971.253830593616,1683.410611086055,1,12
2025_3286_3400,0.9689664494991302,3400,3286,Texas,Montana St,1971.253830593616,1720.0676852052384,1,13
2025_3372_3400,0.9739943099021912,3400,3372,Texas,SF Austin,1971.253830593616,1710.1301229301325,1,14
2025_3192_3400,0.9695096564292908,3400,3192,Texas,F Dickinson,1971.253830593616,1616.5400097680608,1,15
2025_3219_3400,0.9732273769378662,3400,3219,Texas,High Point,1971.253830593616,1542.3452372503477,1,16
2025_3400_3456,0.9716560792922974,3400,3456,Texas,William & Mary,1971.253830593616,1486.8572709106484,1,16
2025_3400_3417,0.5022077918052672,3400,3417,Texas,UCLA,1971.253830593616,1958.278979203148,1,1
2025_3301_3400,0.5893514328225682,3400,3301,Texas,NC State,1971.253830593616,1883.6190284342556,1,2
2025_3261_3400,0.6555710765019528,3400,3261,Texas,LSU,1971.253830593616,1875.8199352842041,1,3
2025_3124_3400,0.7051963194271662,3400,3124,Texas,Baylor,1971.253830593616,1823.9933602644464,1,4
2025_3279_3400,0.7637887373136525,3400,3279,Texas,Mississippi,1971.253830593616,1764.6037249112856,1,5
2025_3199_3400,0.8151968022248546,3400,3199,Texas,Florida St,1971.253830593616,1761.9644695309794,1,6
2025_3277_3400,0.8348892586222111,3400,3277,Texas,Michigan St,1971.253830593616,1715.8991388129386,1,7
2025_3350_3400,0.8661999991538439,3400,3350,Texas,Richmond,1971.253830593616,1797.7185869664368,1,8
2025_3210_3400,0.8873305965406596,3400,3210,Texas,Georgia Tech,1971.253830593616,1656.4881012812837,1,9
2025_3217_3400,0.9278820034722076,3400,3217,Texas,Harvard,1971.253830593616,1773.429450810923,1,10
2025_3206_3400,0.954472762445548,3400,3206,Texas,George Mason,1971.253830593616,1753.7950358153073,1,11
2025_3123_3400,0.9662320566177368,3400,3123,Texas,Ball St,1971.253830593616,1769.2197745940423,1,12
2025_3213_3400,0.9628141176700592,3400,3213,Texas,Grand Canyon,1971.253830593616,1761.903095765611,1,13
2025_3361_3400,0.9688498628139496,3400,3361,Texas,San Diego St,1971.253830593616,1671.1713611028213,1,14
2025_3400_3436,0.968800003528595,3400,3436,Texas,Vermont,1971.253830593616,1622.6020859062485,1,15
2025_3380_3400,0.9695974540710449,3400,3380,Texas,Southern Univ,1971.253830593616,1553.512381915605,1,16
2025_3400_3471,0.971401686668396,3400,3471,Texas,UC San Diego,1971.253830593616,1524.6527067841912,1,16
2025_3400_3425,0.524337401986122,3400,3425,Texas,USC,1971.253830593616,1933.8727523760726,1,1
2025_3163_3400,0.5247679077609608,3400,3163,Texas,Connecticut,1971.253830593616,1974.97509244384,1,2
2025_3328_3400,0.6827557119027249,3400,3328,Texas,Oklahoma,1971.253830593616,1825.81495927408,1,3
2025_3246_3400,0.7325572802683451,3400,3246,Texas,Kentucky,1971.253830593616,1712.3650858848432,1,4
2025_3243_3400,0.7521964087652211,3400,3243,Texas,Kansas St,1971.253830593616,1761.130509058621,1,5
2025_3234_3400,0.7717987944743434,3400,3234,Texas,Iowa,1971.253830593616,1820.9586709265081,1,6
2025_3329_3400,0.841247822522205,3400,3329,Texas,Oklahoma St,1971.253830593616,1735.6533768195266,1,7
2025_3143_3400,0.877147435248128,3400,3143,Texas,California,1971.253830593616,1732.981985453007,1,8
2025_3280_3400,0.8987197328550517,3400,3280,Texas,Mississippi St,1971.253830593616,1672.2828961738294,1,9
2025_3355_3400,0.9242980059841858,3400,3355,Texas,S Dakota St,1971.253830593616,1835.2775090793496,1,10
2025_3293_3400,0.9509726882973699,3400,3293,Texas,Murray St,1971.253830593616,1695.9339089127072,1,11
2025_3193_3400,0.9664629352092743,3400,3193,Texas,Fairfield,1971.253830593616,1777.546952772885,1,12
2025_3251_3400,0.971789116859436,3400,3251,Texas,Liberty,1971.253830593616,1734.815164305803,1,13
2025_3195_3400,0.9634826731681824,3400,3195,Texas,FGCU,1971.253830593616,1808.5724936397603,1,14
2025_3117_3400,0.9668623459339142,3400,3117,Texas,Arkansas St,1971.253830593616,1586.1666111780894,1,15
2025_3400_3422,0.9712904942035675,3400,3422,Texas,UNC Greensboro,1971.253830593616,1648.591563566133,1,16
2025_3323_3395,0.48993645837150307,3395,3323,TCU,Notre Dame,1843.5690826914229,1880.3257336324496,2,3
2025_3326_3395,0.60882684909259,3395,3326,TCU,Ohio St,1843.5690826914229,1838.9421792110422,2,4
2025_3395_3397,0.6742602570911982,3395,3397,TCU,Tennessee,1843.5690826914229,1751.8425070034982,2,5
2025_3276_3395,0.7467148974107747,3395,3276,TCU,Michigan,1843.5690826914229,1754.103120625063,2,6
2025_3257_3395,0.7694788177869121,3395,3257,TCU,Louisville,1843.5690826914229,1770.291352149283,2,7
2025_3228_3395,0.8238757805815159,3395,3228,TCU,Illinois,1843.5690826914229,1702.7194358808865,2,8
2025_3166_3395,0.8082927307488833,3395,3166,TCU,Creighton,1843.5690826914229,1859.0974014739336,2,9
2025_3304_3395,0.8609021205646693,3395,3304,TCU,Nebraska,1843.5690826914229,1702.8172097273407,2,10
2025_3235_3395,0.9006096002320038,3395,3235,TCU,Iowa St,1843.5690826914229,1739.2557567978145,2,11
2025_3343_3395,0.9219652291992889,3395,3343,TCU,Princeton,1843.5690826914229,1775.506646128416,2,11
2025_3378_3395,0.9495071888962774,3395,3378,TCU,South Florida,1843.5690826914229,1683.410611086055,2,12
2025_3286_3395,0.9598340940475464,3395,3286,TCU,Montana St,1843.5690826914229,1720.0676852052384,2,13
2025_3372_3395,0.9652417552471161,3395,3372,TCU,SF Austin,1843.5690826914229,1710.1301229301325,2,14
2025_3192_3395,0.9683103513717651,3395,3192,TCU,F Dickinson,1843.5690826914229,1616.5400097680608,2,15
2025_3219_3395,0.9762799096107483,3395,3219,TCU,High Point,1843.5690826914229,1542.3452372503477,2,16
2025_3395_3456,0.9740930449962616,3395,3456,TCU,William & Mary,1843.5690826914229,1486.8572709106484,2,16
2025_3395_3417,0.3701147570685316,3395,3417,TCU,UCLA,1843.5690826914229,1958.278979203148,2,1
2025_3301_3395,0.4675867617130278,3395,3301,TCU,NC State,1843.5690826914229,1883.6190284342556,2,2
2025_3261_3395,0.5181972556336949,3395,3261,TCU,LSU,1843.5690826914229,1875.8199352842041,2,3
2025_3124_3395,0.6146641852751843,3395,3124,TCU,Baylor,1843.5690826914229,1823.9933602644464,2,4
2025_3279_3395,0.6720646603962519,3395,3279,TCU,Mississippi,1843.5690826914229,1764.6037249112856,2,5
2025_3199_3395,0.7526037469076161,3395,3199,TCU,Florida St,1843.5690826914229,1761.9644695309794,2,6
2025_3277_3395,0.7658221175334254,3395,3277,TCU,Michigan St,1843.5690826914229,1715.8991388129386,2,7
2025_3350_3395,0.7937818722715794,3395,3350,TCU,Richmond,1843.5690826914229,1797.7185869664368,2,8
2025_3210_3395,0.8649802497031603,3395,3210,TCU,Georgia Tech,1843.5690826914229,1656.4881012812837,2,9
2025_3217_3395,0.8857595671159922,3395,3217,TCU,Harvard,1843.5690826914229,1773.429450810923,2,10
2025_3206_3395,0.9233538386086212,3395,3206,TCU,George Mason,1843.5690826914229,1753.7950358153073,2,11
2025_3123_3395,0.9423955203095464,3395,3123,TCU,Ball St,1843.5690826914229,1769.2197745940423,2,12
2025_3213_3395,0.9517481279373169,3395,3213,TCU,Grand Canyon,1843.5690826914229,1761.903095765611,2,13
2025_3361_3395,0.9713795137405395,3395,3361,TCU,San Diego St,1843.5690826914229,1671.1713611028213,2,14
2025_3395_3436,0.9728293371200561,3395,3436,TCU,Vermont,1843.5690826914229,1622.6020859062485,2,15
2025_3380_3395,0.9738952767848968,3395,3380,TCU,Southern Univ,1843.5690826914229,1553.512381915605,2,16
2025_3395_3471,0.9739051115512848,3395,3471,TCU,UC San Diego,1843.5690826914229,1524.6527067841912,2,16
2025_3395_3425,0.37371087292589433,3395,3425,TCU,USC,1843.5690826914229,1933.8727523760726,2,1
2025_3163_3395,0.4076766990125178,3395,3163,TCU,Connecticut,1843.5690826914229,1974.97509244384,2,2
2025_3328_3395,0.5915669970735142,3395,3328,TCU,Oklahoma,1843.5690826914229,1825.81495927408,2,3
2025_3246_3395,0.6643112780943982,3395,3246,TCU,Kentucky,1843.5690826914229,1712.3650858848432,2,4
2025_3243_3395,0.6471539570948222,3395,3243,TCU,Kansas St,1843.5690826914229,1761.130509058621,2,5
2025_3234_3395,0.7165185734199528,3395,3234,TCU,Iowa,1843.5690826914229,1820.9586709265081,2,6
2025_3329_3395,0.7795724322459499,3395,3329,TCU,Oklahoma St,1843.5690826914229,1735.6533768195266,2,7
2025_3143_3395,0.8271539168348728,3395,3143,TCU,California,1843.5690826914229,1732.981985453007,2,8
2025_3280_3395,0.8645263901355181,3395,3280,TCU,Mississippi St,1843.5690826914229,1672.2828961738294,2,9
2025_3355_3395,0.8665198732359111,3395,3355,TCU,S Dakota St,1843.5690826914229,1835.2775090793496,2,10
2025_3293_3395,0.9302378174523102,3395,3293,TCU,Murray St,1843.5690826914229,1695.9339089127072,2,11
2025_3193_3395,0.9410849631825475,3395,3193,TCU,Fairfield,1843.5690826914229,1777.546952772885,2,12
2025_3251_3395,0.9680044305324554,3395,3251,TCU,Liberty,1843.5690826914229,1734.815164305803,2,13
2025_3195_3395,0.9605207693576813,3395,3195,TCU,FGCU,1843.5690826914229,1808.5724936397603,2,14
2025_3117_3395,0.9626112830638885,3395,3117,TCU,Arkansas St,1843.5690826914229,1586.1666111780894,2,15
2025_3395_3422,0.9741147410869598,3395,3422,TCU,UNC Greensboro,1843.5690826914229,1648.591563566133,2,16
2025_3323_3326,0.5753126465304921,3323,3326,Notre Dame,Ohio St,1880.3257336324496,1838.9421792110422,3,4
2025_3323_3397,0.6574577125207058,3323,3397,Notre Dame,Tennessee,1880.3257336324496,1751.8425070034982,3,5
2025_3276_3323,0.7002718432804682,3323,3276,Notre Dame,Michigan,1880.3257336324496,1754.103120625063,3,6
2025_3257_3323,0.7479862197803502,3323,3257,Notre Dame,Louisville,1880.3257336324496,1770.291352149283,3,7
2025_3228_3323,0.8115610083005229,3323,3228,Notre Dame,Illinois,1880.3257336324496,1702.7194358808865,3,8
2025_3166_3323,0.8195199923506199,3323,3166,Notre Dame,Creighton,1880.3257336324496,1859.0974014739336,3,9
2025_3304_3323,0.8662352254989062,3323,3304,Notre Dame,Nebraska,1880.3257336324496,1702.8172097273407,3,10
2025_3235_3323,0.8766199398977458,3323,3235,Notre Dame,Iowa St,1880.3257336324496,1739.2557567978145,3,11
2025_3323_3343,0.8916504729730784,3323,3343,Notre Dame,Princeton,1880.3257336324496,1775.506646128416,3,11
2025_3323_3378,0.9367360648373352,3323,3378,Notre Dame,South Florida,1880.3257336324496,1683.410611086055,3,12
2025_3286_3323,0.9585535646477727,3323,3286,Notre Dame,Montana St,1880.3257336324496,1720.0676852052384,3,13
2025_3323_3372,0.975042815208435,3323,3372,Notre Dame,SF Austin,1880.3257336324496,1710.1301229301325,3,14
2025_3192_3323,0.9703555357456207,3323,3192,Notre Dame,F Dickinson,1880.3257336324496,1616.5400097680608,3,15
2025_3219_3323,0.9769737672805786,3323,3219,Notre Dame,High Point,1880.3257336324496,1542.3452372503477,3,16
2025_3323_3456,0.973416383266449,3323,3456,Notre Dame,William & Mary,1880.3257336324496,1486.8572709106484,3,16
2025_3323_3417,0.35361435390557117,3323,3417,Notre Dame,UCLA,1880.3257336324496,1958.278979203148,3,1
2025_3301_3323,0.5005920178667475,3323,3301,Notre Dame,NC State,1880.3257336324496,1883.6190284342556,3,2
2025_3261_3323,0.5134705662727355,3323,3261,Notre Dame,LSU,1880.3257336324496,1875.8199352842041,3,3
2025_3124_3323,0.5747430943473408,3323,3124,Notre Dame,Baylor,1880.3257336324496,1823.9933602644464,3,4
2025_3279_3323,0.6508864345446698,3323,3279,Notre Dame,Mississippi,1880.3257336324496,1764.6037249112856,3,5
2025_3199_3323,0.730294360127125,3323,3199,Notre Dame,Florida St,1880.3257336324496,1761.9644695309794,3,6
2025_3277_3323,0.7744391336606984,3323,3277,Notre Dame,Michigan St,1880.3257336324496,1715.8991388129386,3,7
2025_3323_3350,0.8000138302705089,3323,3350,Notre Dame,Richmond,1880.3257336324496,1797.7185869664368,3,8
2025_3210_3323,0.8399899559011875,3323,3210,Notre Dame,Georgia Tech,1880.3257336324496,1656.4881012812837,3,9
2025_3217_3323,0.8626822224261675,3323,3217,Notre Dame,Harvard,1880.3257336324496,1773.429450810923,3,10
2025_3206_3323,0.9039013136369883,3323,3206,Notre Dame,George Mason,1880.3257336324496,1753.7950358153073,3,11
2025_3123_3323,0.9317154762009369,3323,3123,Notre Dame,Ball St,1880.3257336324496,1769.2197745940423,3,12
2025_3213_3323,0.9462235392132787,3323,3213,Notre Dame,Grand Canyon,1880.3257336324496,1761.903095765611,3,13
2025_3323_3361,0.9696202826499939,3323,3361,Notre Dame,San Diego St,1880.3257336324496,1671.1713611028213,3,14
2025_3323_3436,0.9731745076179504,3323,3436,Notre Dame,Vermont,1880.3257336324496,1622.6020859062485,3,15
2025_3323_3380,0.9712939810752869,3323,3380,Notre Dame,Southern Univ,1880.3257336324496,1553.512381915605,3,16
2025_3323_3471,0.97337033867836,3323,3471,Notre Dame,UC San Diego,1880.3257336324496,1524.6527067841912,3,16
2025_3323_3425,0.37823169804657764,3323,3425,Notre Dame,USC,1880.3257336324496,1933.8727523760726,3,1
2025_3163_3323,0.398195015586989,3323,3163,Notre Dame,Connecticut,1880.3257336324496,1974.97509244384,3,2
2025_3323_3328,0.5815271943807601,3323,3328,Notre Dame,Oklahoma,1880.3257336324496,1825.81495927408,3,3
2025_3246_3323,0.6082269870265553,3323,3246,Notre Dame,Kentucky,1880.3257336324496,1712.3650858848432,3,4
2025_3243_3323,0.6416896762744061,3323,3243,Notre Dame,Kansas St,1880.3257336324496,1761.130509058621,3,5
2025_3234_3323,0.7031142397781946,3323,3234,Notre Dame,Iowa,1880.3257336324496,1820.9586709265081,3,6
2025_3323_3329,0.7665818407701497,3323,3329,Notre Dame,Oklahoma St,1880.3257336324496,1735.6533768195266,3,7
2025_3143_3323,0.8029518922230998,3323,3143,Notre Dame,California,1880.3257336324496,1732.981985453007,3,8
2025_3280_3323,0.8486634747972904,3323,3280,Notre Dame,Mississippi St,1880.3257336324496,1672.2828961738294,3,9
2025_3323_3355,0.8566548517348681,3323,3355,Notre Dame,S Dakota St,1880.3257336324496,1835.2775090793496,3,10
2025_3293_3323,0.9086606849176585,3323,3293,Notre Dame,Murray St,1880.3257336324496,1695.9339089127072,3,11
2025_3193_3323,0.9317202147701965,3323,3193,Notre Dame,Fairfield,1880.3257336324496,1777.546952772885,3,12
2025_3251_3323,0.9577310503521947,3323,3251,Notre Dame,Liberty,1880.3257336324496,1734.815164305803,3,13
2025_3195_3323,0.9652901840209961,3323,3195,Notre Dame,FGCU,1880.3257336324496,1808.5724936397603,3,14
2025_3117_3323,0.9689766418933868,3323,3117,Notre Dame,Arkansas St,1880.3257336324496,1586.1666111780894,3,15
2025_3323_3422,0.9751196157932281,3323,3422,Notre Dame,UNC Greensboro,1880.3257336324496,1648.591563566133,3,16
2025_3326_3397,0.5629877321942875,3326,3397,Ohio St,Tennessee,1838.9421792110422,1751.8425070034982,4,5
2025_3276_3326,0.6459171506062619,3326,3276,Ohio St,Michigan,1838.9421792110422,1754.103120625063,4,6
2025_3257_3326,0.6808565243145563,3326,3257,Ohio St,Louisville,1838.9421792110422,1770.291352149283,4,7
2025_3228_3326,0.7576679959463124,3326,3228,Ohio St,Illinois,1838.9421792110422,1702.7194358808865,4,8
2025_3166_3326,0.7475923498532573,3326,3166,Ohio St,Creighton,1838.9421792110422,1859.0974014739336,4,9
2025_3304_3326,0.7966544585218845,3326,3304,Ohio St,Nebraska,1838.9421792110422,1702.8172097273407,4,10
2025_3235_3326,0.8400773993136798,3326,3235,Ohio St,Iowa St,1838.9421792110422,1739.2557567978145,4,11
2025_3326_3343,0.8669314375522051,3326,3343,Ohio St,Princeton,1838.9421792110422,1775.506646128416,4,11
2025_3326_3378,0.9002832818967997,3326,3378,Ohio St,South Florida,1838.9421792110422,1683.410611086055,4,12
2025_3286_3326,0.9298013922432647,3326,3286,Ohio St,Montana St,1838.9421792110422,1720.0676852052384,4,13
2025_3326_3372,0.954653483728507,3326,3372,Ohio St,SF Austin,1838.9421792110422,1710.1301229301325,4,14
2025_3192_3326,0.9682778966426849,3326,3192,Ohio St,F Dickinson,1838.9421792110422,1616.5400097680608,4,15
2025_3219_3326,0.9772241365909576,3326,3219,Ohio St,High Point,1838.9421792110422,1542.3452372503477,4,16
2025_3326_3456,0.9733346056938171,3326,3456,Ohio St,William & Mary,1838.9421792110422,1486.8572709106484,4,16
2025_3326_3417,0.2743873619476218,3326,3417,Ohio St,UCLA,1838.9421792110422,1958.278979203148,4,1
2025_3301_3326,0.3877696780070192,3326,3301,Ohio St,NC State,1838.9421792110422,1883.6190284342556,4,2
2025_3261_3326,0.431467863120215,3326,3261,Ohio St,LSU,1838.9421792110422,1875.8199352842041,4,3
2025_3124_3326,0.52630498111248,3326,3124,Ohio St,Baylor,1838.9421792110422,1823.9933602644464,4,4
2025_3279_3326,0.5508634172900746,3326,3279,Ohio St,Mississippi,1838.9421792110422,1764.6037249112856,4,5
2025_3199_3326,0.6613547088996045,3326,3199,Ohio St,Florida St,1838.9421792110422,1761.9644695309794,4,6
2025_3277_3326,0.6921980663200953,3326,3277,Ohio St,Michigan St,1838.9421792110422,1715.8991388129386,4,7
2025_3326_3350,0.7244317158626561,3326,3350,Ohio St,Richmond,1838.9421792110422,1797.7185869664368,4,8
2025_3210_3326,0.7856726398131648,3326,3210,Ohio St,Georgia Tech,1838.9421792110422,1656.4881012812837,4,9
2025_3217_3326,0.8210218803873478,3326,3217,Ohio St,Harvard,1838.9421792110422,1773.429450810923,4,10
2025_3206_3326,0.8667726805808459,3326,3206,Ohio St,George Mason,1838.9421792110422,1753.7950358153073,4,11
2025_3123_3326,0.8966130364877879,3326,3123,Ohio St,Ball St,1838.9421792110422,1769.2197745940423,4,12
2025_3213_3326,0.9172992583969818,3326,3213,Ohio St,Grand Canyon,1838.9421792110422,1761.903095765611,4,13
2025_3326_3361,0.9569262684384374,3326,3361,Ohio St,San Diego St,1838.9421792110422,1671.1713611028213,4,14
2025_3326_3436,0.9740201485157013,3326,3436,Ohio St,Vermont,1838.9421792110422,1622.6020859062485,4,15
2025_3326_3380,0.9764115166664123,3326,3380,Ohio St,Southern Univ,1838.9421792110422,1553.512381915605,4,16
2025_3326_3471,0.9753500771522522,3326,3471,Ohio St,UC San Diego,1838.9421792110422,1524.6527067841912,4,16
2025_3326_3425,0.29167210916074704,3326,3425,Ohio St,USC,1838.9421792110422,1933.8727523760726,4,1
2025_3163_3326,0.3276026522323019,3326,3163,Ohio St,Connecticut,1838.9421792110422,1974.97509244384,4,2
2025_3326_3328,0.5118384308592249,3326,3328,Ohio St,Oklahoma,1838.9421792110422,1825.81495927408,4,3
2025_3246_3326,0.5458525329828261,3326,3246,Ohio St,Kentucky,1838.9421792110422,1712.3650858848432,4,4
2025_3243_3326,0.5538263939841817,3326,3243,Ohio St,Kansas St,1838.9421792110422,1761.130509058621,4,5
2025_3234_3326,0.6346867563620678,3326,3234,Ohio St,Iowa,1838.9421792110422,1820.9586709265081,4,6
2025_3326_3329,0.7213048770090678,3326,3329,Ohio St,Oklahoma St,1838.9421792110422,1735.6533768195266,4,7
2025_3143_3326,0.7631908729242329,3326,3143,Ohio St,California,1838.9421792110422,1732.981985453007,4,8
2025_3280_3326,0.7977961202523509,3326,3280,Ohio St,Mississippi St,1838.9421792110422,1672.2828961738294,4,9
2025_3326_3355,0.8167589114895283,3326,3355,Ohio St,S Dakota St,1838.9421792110422,1835.2775090793496,4,10
2025_3293_3326,0.8639335921409045,3326,3293,Ohio St,Murray St,1838.9421792110422,1695.9339089127072,4,11
2025_3193_3326,0.885269348715037,3326,3193,Ohio St,Fairfield,1838.9421792110422,1777.546952772885,4,12
2025_3251_3326,0.9366186436871277,3326,3251,Ohio St,Liberty,1838.9421792110422,1734.815164305803,4,13
2025_3195_3326,0.9421384752789526,3326,3195,Ohio St,FGCU,1838.9421792110422,1808.5724936397603,4,14
2025_3117_3326,0.9697835695743561,3326,3117,Ohio St,Arkansas St,1838.9421792110422,1586.1666111780894,4,15
2025_3326_3422,0.9765911650657654,3326,3422,Ohio St,UNC Greensboro,1838.9421792110422,1648.591563566133,4,16
2025_3276_3397,0.5863229208215306,3397,3276,Tennessee,Michigan,1751.8425070034982,1754.103120625063,5,6
2025_3257_3397,0.6365888895884625,3397,3257,Tennessee,Louisville,1751.8425070034982,1770.291352149283,5,7
2025_3228_3397,0.7291304006239512,3397,3228,Tennessee,Illinois,1751.8425070034982,1702.7194358808865,5,8
2025_3166_3397,0.7070404812263493,3397,3166,Tennessee,Creighton,1751.8425070034982,1859.0974014739336,5,9
2025_3304_3397,0.7755706956050197,3397,3304,Tennessee,Nebraska,1751.8425070034982,1702.8172097273407,5,10
2025_3235_3397,0.7877398388376652,3397,3235,Tennessee,Iowa St,1751.8425070034982,1739.2557567978145,5,11
2025_3343_3397,0.8186306016436039,3397,3343,Tennessee,Princeton,1751.8425070034982,1775.506646128416,5,11
2025_3378_3397,0.8623994579913531,3397,3378,Tennessee,South Florida,1751.8425070034982,1683.410611086055,5,12
2025_3286_3397,0.8757307876093089,3397,3286,Tennessee,Montana St,1751.8425070034982,1720.0676852052384,5,13
2025_3372_3397,0.9242066916683899,3397,3372,Tennessee,SF Austin,1751.8425070034982,1710.1301229301325,5,14
2025_3192_3397,0.9363775373497991,3397,3192,Tennessee,F Dickinson,1751.8425070034982,1616.5400097680608,5,15
2025_3219_3397,0.9721220684051514,3397,3219,Tennessee,High Point,1751.8425070034982,1542.3452372503477,5,16
2025_3397_3456,0.9708577048778534,3397,3456,Tennessee,William & Mary,1751.8425070034982,1486.8572709106484,5,16
2025_3397_3417,0.2287488867027514,3397,3417,Tennessee,UCLA,1751.8425070034982,1958.278979203148,5,1
2025_3301_3397,0.3231094838121791,3397,3301,Tennessee,NC State,1751.8425070034982,1883.6190284342556,5,2
2025_3261_3397,0.370415919791115,3397,3261,Tennessee,LSU,1751.8425070034982,1875.8199352842041,5,3
2025_3124_3397,0.41015439698852785,3397,3124,Tennessee,Baylor,1751.8425070034982,1823.9933602644464,5,4
2025_3279_3397,0.5058305919170378,3397,3279,Tennessee,Mississippi,1751.8425070034982,1764.6037249112856,5,5
2025_3199_3397,0.5916521721108983,3397,3199,Tennessee,Florida St,1751.8425070034982,1761.9644695309794,5,6
2025_3277_3397,0.6416608574286572,3397,3277,Tennessee,Michigan St,1751.8425070034982,1715.8991388129386,5,7
2025_3350_3397,0.6480322613379099,3397,3350,Tennessee,Richmond,1751.8425070034982,1797.7185869664368,5,8
2025_3210_3397,0.7394852712320332,3397,3210,Tennessee,Georgia Tech,1751.8425070034982,1656.4881012812837,5,9
2025_3217_3397,0.7539393504521648,3397,3217,Tennessee,Harvard,1751.8425070034982,1773.429450810923,5,10
2025_3206_3397,0.8074079262009083,3397,3206,Tennessee,George Mason,1751.8425070034982,1753.7950358153073,5,11
2025_3123_3397,0.8430913826825533,3397,3123,Tennessee,Ball St,1751.8425070034982,1769.2197745940423,5,12
2025_3213_3397,0.8575342942220866,3397,3213,Tennessee,Grand Canyon,1751.8425070034982,1761.903095765611,5,13
2025_3361_3397,0.9229811307648407,3397,3361,Tennessee,San Diego St,1751.8425070034982,1671.1713611028213,5,14
2025_3397_3436,0.9426917851964025,3397,3436,Tennessee,Vermont,1751.8425070034982,1622.6020859062485,5,15
2025_3380_3397,0.9720396053791046,3397,3380,Tennessee,Southern Univ,1751.8425070034982,1553.512381915605,5,16
2025_3397_3471,0.971684182882309,3397,3471,Tennessee,UC San Diego,1751.8425070034982,1524.6527067841912,5,16
2025_3397_3425,0.24345595468411374,3397,3425,Tennessee,USC,1751.8425070034982,1933.8727523760726,5,1
2025_3163_3397,0.2695936509409804,3397,3163,Tennessee,Connecticut,1751.8425070034982,1974.97509244384,5,2
2025_3328_3397,0.4203863082035906,3397,3328,Tennessee,Oklahoma,1751.8425070034982,1825.81495927408,5,3
2025_3246_3397,0.5071073568836618,3397,3246,Tennessee,Kentucky,1751.8425070034982,1712.3650858848432,5,4
2025_3243_3397,0.5007715582847594,3397,3243,Tennessee,Kansas St,1751.8425070034982,1761.130509058621,5,5
2025_3234_3397,0.5382392131312916,3397,3234,Tennessee,Iowa,1751.8425070034982,1820.9586709265081,5,6
2025_3329_3397,0.6557696642771832,3397,3329,Tennessee,Oklahoma St,1751.8425070034982,1735.6533768195266,5,7
2025_3143_3397,0.7267315222879984,3397,3143,Tennessee,California,1751.8425070034982,1732.981985453007,5,8
2025_3280_3397,0.7414421513246541,3397,3280,Tennessee,Mississippi St,1751.8425070034982,1672.2828961738294,5,9
2025_3355_3397,0.7275825043580333,3397,3355,Tennessee,S Dakota St,1751.8425070034982,1835.2775090793496,5,10
2025_3293_3397,0.8262929575434147,3397,3293,Tennessee,Murray St,1751.8425070034982,1695.9339089127072,5,11
2025_3193_3397,0.8197146198155795,3397,3193,Tennessee,Fairfield,1751.8425070034982,1777.546952772885,5,12
2025_3251_3397,0.8940886307699382,3397,3251,Tennessee,Liberty,1751.8425070034982,1734.815164305803,5,13
2025_3195_3397,0.8731930878618942,3397,3195,Tennessee,FGCU,1751.8425070034982,1808.5724936397603,5,14
2025_3117_3397,0.9446117998162298,3397,3117,Tennessee,Arkansas St,1751.8425070034982,1586.1666111780894,5,15
2025_3397_3422,0.963386709690094,3397,3422,Tennessee,UNC Greensboro,1751.8425070034982,1648.591563566133,5,16
2025_3257_3276,0.5570982270463536,3276,3257,Michigan,Louisville,1754.103120625063,1770.291352149283,6,7
2025_3228_3276,0.6563167902127377,3276,3228,Michigan,Illinois,1754.103120625063,1702.7194358808865,6,8
2025_3166_3276,0.6478494985958674,3276,3166,Michigan,Creighton,1754.103120625063,1859.0974014739336,6,9
2025_3276_3304,0.7150407805608754,3276,3304,Michigan,Nebraska,1754.103120625063,1702.8172097273407,6,10
2025_3235_3276,0.7290205558202068,3276,3235,Michigan,Iowa St,1754.103120625063,1739.2557567978145,6,11
2025_3276_3343,0.7766636212727824,3276,3343,Michigan,Princeton,1754.103120625063,1775.506646128416,6,11
2025_3276_3378,0.8287334399214207,3276,3378,Michigan,South Florida,1754.103120625063,1683.410611086055,6,12
2025_3276_3286,0.8431236585976992,3276,3286,Michigan,Montana St,1754.103120625063,1720.0676852052384,6,13
2025_3276_3372,0.8960375834448039,3276,3372,Michigan,SF Austin,1754.103120625063,1710.1301229301325,6,14
2025_3192_3276,0.9230968531826721,3276,3192,Michigan,F Dickinson,1754.103120625063,1616.5400097680608,6,15
2025_3219_3276,0.9591997386017828,3276,3219,Michigan,High Point,1754.103120625063,1542.3452372503477,6,16
2025_3276_3456,0.9589192689457922,3276,3456,Michigan,William & Mary,1754.103120625063,1486.8572709106484,6,16
2025_3276_3417,0.1871690428444342,3276,3417,Michigan,UCLA,1754.103120625063,1958.278979203148,6,1
2025_3276_3301,0.26929904226789403,3276,3301,Michigan,NC State,1754.103120625063,1883.6190284342556,6,2
2025_3261_3276,0.29894014308246564,3276,3261,Michigan,LSU,1754.103120625063,1875.8199352842041,6,3
2025_3124_3276,0.3497232732876665,3276,3124,Michigan,Baylor,1754.103120625063,1823.9933602644464,6,4
2025_3276_3279,0.41333063910164125,3276,3279,Michigan,Mississippi,1754.103120625063,1764.6037249112856,6,5
2025_3199_3276,0.5293913990259169,3276,3199,Michigan,Florida St,1754.103120625063,1761.9644695309794,6,6
2025_3276_3277,0.5482395314200947,3276,3277,Michigan,Michigan St,1754.103120625063,1715.8991388129386,6,7
2025_3276_3350,0.5880045326844326,3276,3350,Michigan,Richmond,1754.103120625063,1797.7185869664368,6,8
2025_3210_3276,0.6428320243021586,3276,3210,Michigan,Georgia Tech,1754.103120625063,1656.4881012812837,6,9
2025_3217_3276,0.7199880256818776,3276,3217,Michigan,Harvard,1754.103120625063,1773.429450810923,6,10
2025_3206_3276,0.7692035337350169,3276,3206,Michigan,George Mason,1754.103120625063,1753.7950358153073,6,11
2025_3123_3276,0.8070128368130146,3276,3123,Michigan,Ball St,1754.103120625063,1769.2197745940423,6,12
2025_3213_3276,0.8207746437194262,3276,3213,Michigan,Grand Canyon,1754.103120625063,1761.903095765611,6,13
2025_3276_3361,0.8904299784643351,3276,3361,Michigan,San Diego St,1754.103120625063,1671.1713611028213,6,14
2025_3276_3436,0.9215131875733124,3276,3436,Michigan,Vermont,1754.103120625063,1622.6020859062485,6,15
2025_3276_3380,0.9555173040429144,3276,3380,Michigan,Southern Univ,1754.103120625063,1553.512381915605,6,16
2025_3276_3471,0.9576391101876287,3276,3471,Michigan,UC San Diego,1754.103120625063,1524.6527067841912,6,16
2025_3276_3425,0.1998317981698708,3276,3425,Michigan,USC,1754.103120625063,1933.8727523760726,6,1
2025_3163_3276,0.2268476941121571,3276,3163,Michigan,Connecticut,1754.103120625063,1974.97509244384,6,2
2025_3276_3328,0.3686787770131488,3276,3328,Michigan,Oklahoma,1754.103120625063,1825.81495927408,6,3
2025_3246_3276,0.42845756686772174,3276,3246,Michigan,Kentucky,1754.103120625063,1712.3650858848432,6,4
2025_3243_3276,0.3967749125734735,3276,3243,Michigan,Kansas St,1754.103120625063,1761.130509058621,6,5
2025_3234_3276,0.45945210605859743,3276,3234,Michigan,Iowa,1754.103120625063,1820.9586709265081,6,6
2025_3276_3329,0.5494113736375401,3276,3329,Michigan,Oklahoma St,1754.103120625063,1735.6533768195266,6,7
2025_3143_3276,0.6674407901660077,3276,3143,Michigan,California,1754.103120625063,1732.981985453007,6,8
2025_3276_3280,0.6985235794445612,3276,3280,Michigan,Mississippi St,1754.103120625063,1672.2828961738294,6,9
2025_3276_3355,0.6793040409254079,3276,3355,Michigan,S Dakota St,1754.103120625063,1835.2775090793496,6,10
2025_3276_3293,0.7797659685275355,3276,3293,Michigan,Murray St,1754.103120625063,1695.9339089127072,6,11
2025_3193_3276,0.786358843921703,3276,3193,Michigan,Fairfield,1754.103120625063,1777.546952772885,6,12
2025_3251_3276,0.8710032990577136,3276,3251,Michigan,Liberty,1754.103120625063,1734.815164305803,6,13
2025_3195_3276,0.8255800206405818,3276,3195,Michigan,FGCU,1754.103120625063,1808.5724936397603,6,14
2025_3117_3276,0.932946639941095,3276,3117,Michigan,Arkansas St,1754.103120625063,1586.1666111780894,6,15
2025_3276_3422,0.9487022579709081,3276,3422,Michigan,UNC Greensboro,1754.103120625063,1648.591563566133,6,16
2025_3228_3257,0.6096718036159108,3257,3228,Louisville,Illinois,1770.291352149283,1702.7194358808865,7,8
2025_3166_3257,0.5891443672076336,3257,3166,Louisville,Creighton,1770.291352149283,1859.0974014739336,7,9
2025_3257_3304,0.676236583199177,3257,3304,Louisville,Nebraska,1770.291352149283,1702.8172097273407,7,10
2025_3235_3257,0.6972597166465764,3257,3235,Louisville,Iowa St,1770.291352149283,1739.2557567978145,7,11
2025_3257_3343,0.7358490302728657,3257,3343,Louisville,Princeton,1770.291352149283,1775.506646128416,7,11
2025_3257_3378,0.7958230276963512,3257,3378,Louisville,South Florida,1770.291352149283,1683.410611086055,7,12
2025_3257_3286,0.8127760993233143,3257,3286,Louisville,Montana St,1770.291352149283,1720.0676852052384,7,13
2025_3257_3372,0.8561343839766894,3257,3372,Louisville,SF Austin,1770.291352149283,1710.1301229301325,7,14
2025_3192_3257,0.8804992784006297,3257,3192,Louisville,F Dickinson,1770.291352149283,1616.5400097680608,7,15
2025_3219_3257,0.9340080794552551,3257,3219,Louisville,High Point,1770.291352149283,1542.3452372503477,7,16
2025_3257_3456,0.9330589648941742,3257,3456,Louisville,William & Mary,1770.291352149283,1486.8572709106484,7,16
2025_3257_3417,0.15659114663394053,3257,3417,Louisville,UCLA,1770.291352149283,1958.278979203148,7,1
2025_3257_3301,0.22578546727087062,3257,3301,Louisville,NC State,1770.291352149283,1883.6190284342556,7,2
2025_3257_3261,0.28002085988054204,3257,3261,Louisville,LSU,1770.291352149283,1875.8199352842041,7,3
2025_3124_3257,0.32213561842235516,3257,3124,Louisville,Baylor,1770.291352149283,1823.9933602644464,7,4
2025_3257_3279,0.3948197898968584,3257,3279,Louisville,Mississippi,1770.291352149283,1764.6037249112856,7,5
2025_3199_3257,0.5153126067892481,3257,3199,Louisville,Florida St,1770.291352149283,1761.9644695309794,7,6
2025_3257_3277,0.5390452355146407,3257,3277,Louisville,Michigan St,1770.291352149283,1715.8991388129386,7,7
2025_3257_3350,0.5715425633414815,3257,3350,Louisville,Richmond,1770.291352149283,1797.7185869664368,7,8
2025_3210_3257,0.6230159284964673,3257,3210,Louisville,Georgia Tech,1770.291352149283,1656.4881012812837,7,9
2025_3217_3257,0.6729763581415751,3257,3217,Louisville,Harvard,1770.291352149283,1773.429450810923,7,10
2025_3206_3257,0.7279827221797948,3257,3206,Louisville,George Mason,1770.291352149283,1753.7950358153073,7,11
2025_3123_3257,0.7506464173457423,3257,3123,Louisville,Ball St,1770.291352149283,1769.2197745940423,7,12
2025_3213_3257,0.7875551985493122,3257,3213,Louisville,Grand Canyon,1770.291352149283,1761.903095765611,7,13
2025_3257_3361,0.8428439936044131,3257,3361,Louisville,San Diego St,1770.291352149283,1671.1713611028213,7,14
2025_3257_3436,0.8792824197752177,3257,3436,Louisville,Vermont,1770.291352149283,1622.6020859062485,7,15
2025_3257_3380,0.9367228028038727,3257,3380,Louisville,Southern Univ,1770.291352149283,1553.512381915605,7,16
2025_3257_3471,0.9362166699627624,3257,3471,Louisville,UC San Diego,1770.291352149283,1524.6527067841912,7,16
2025_3257_3425,0.16715229433866102,3257,3425,Louisville,USC,1770.291352149283,1933.8727523760726,7,1
2025_3163_3257,0.2013692664542393,3257,3163,Louisville,Connecticut,1770.291352149283,1974.97509244384,7,2
2025_3257_3328,0.3258212849927895,3257,3328,Louisville,Oklahoma,1770.291352149283,1825.81495927408,7,3
2025_3246_3257,0.39742152253183316,3257,3246,Louisville,Kentucky,1770.291352149283,1712.3650858848432,7,4
2025_3243_3257,0.40088566518868274,3257,3243,Louisville,Kansas St,1770.291352149283,1761.130509058621,7,5
2025_3234_3257,0.4379891849533487,3257,3234,Louisville,Iowa,1770.291352149283,1820.9586709265081,7,6
2025_3257_3329,0.557187995314598,3257,3329,Louisville,Oklahoma St,1770.291352149283,1735.6533768195266,7,7
2025_3143_3257,0.613428863190038,3257,3143,Louisville,California,1770.291352149283,1732.981985453007,7,8
2025_3257_3280,0.6508491071358792,3257,3280,Louisville,Mississippi St,1770.291352149283,1672.2828961738294,7,9
2025_3257_3355,0.6280355735680201,3257,3355,Louisville,S Dakota St,1770.291352149283,1835.2775090793496,7,10
2025_3257_3293,0.7545004561113362,3257,3293,Louisville,Murray St,1770.291352149283,1695.9339089127072,7,11
2025_3193_3257,0.7477138092181483,3257,3193,Louisville,Fairfield,1770.291352149283,1777.546952772885,7,12
2025_3251_3257,0.8242152290335117,3257,3251,Louisville,Liberty,1770.291352149283,1734.815164305803,7,13
2025_3195_3257,0.7984267166259204,3257,3195,Louisville,FGCU,1770.291352149283,1808.5724936397603,7,14
2025_3117_3257,0.8920775104505717,3257,3117,Louisville,Arkansas St,1770.291352149283,1586.1666111780894,7,15
2025_3257_3422,0.9220765110710846,3257,3422,Louisville,UNC Greensboro,1770.291352149283,1648.591563566133,7,16
2025_3166_3228,0.49172538002572747,3228,3166,Illinois,Creighton,1702.7194358808865,1859.0974014739336,8,9
2025_3228_3304,0.6053283693686596,3228,3304,Illinois,Nebraska,1702.7194358808865,1702.8172097273407,8,10
2025_3228_3235,0.6337800606152155,3228,3235,Illinois,Iowa St,1702.7194358808865,1739.2557567978145,8,11
2025_3228_3343,0.6917145832439997,3228,3343,Illinois,Princeton,1702.7194358808865,1775.506646128416,8,11
2025_3228_3378,0.7594063356088643,3228,3378,Illinois,South Florida,1702.7194358808865,1683.410611086055,8,12
2025_3228_3286,0.7767773022315303,3228,3286,Illinois,Montana St,1702.7194358808865,1720.0676852052384,8,13
2025_3228_3372,0.8263117628088413,3228,3372,Illinois,SF Austin,1702.7194358808865,1710.1301229301325,8,14
2025_3192_3228,0.8531077197196398,3228,3192,Illinois,F Dickinson,1702.7194358808865,1616.5400097680608,8,15
2025_3219_3228,0.9109836865408122,3228,3219,Illinois,High Point,1702.7194358808865,1542.3452372503477,8,16
2025_3228_3456,0.9088512409670054,3228,3456,Illinois,William & Mary,1702.7194358808865,1486.8572709106484,8,16
2025_3228_3417,0.1216205039618094,3228,3417,Illinois,UCLA,1702.7194358808865,1958.278979203148,8,1
2025_3228_3301,0.16755375769825537,3228,3301,Illinois,NC State,1702.7194358808865,1883.6190284342556,8,2
2025_3228_3261,0.19341916168119472,3228,3261,Illinois,LSU,1702.7194358808865,1875.8199352842041,8,3
2025_3124_3228,0.2524100922478192,3228,3124,Illinois,Baylor,1702.7194358808865,1823.9933602644464,8,4
2025_3228_3279,0.2850659289399047,3228,3279,Illinois,Mississippi,1702.7194358808865,1764.6037249112856,8,5
2025_3199_3228,0.4035608259543306,3228,3199,Illinois,Florida St,1702.7194358808865,1761.9644695309794,8,6
2025_3228_3277,0.44644055733837373,3228,3277,Illinois,Michigan St,1702.7194358808865,1715.8991388129386,8,7
2025_3228_3350,0.4833607733249663,3228,3350,Illinois,Richmond,1702.7194358808865,1797.7185869664368,8,8
2025_3210_3228,0.5301515631898472,3228,3210,Illinois,Georgia Tech,1702.7194358808865,1656.4881012812837,8,9
2025_3217_3228,0.5778258921996228,3228,3217,Illinois,Harvard,1702.7194358808865,1773.429450810923,8,10
2025_3206_3228,0.6627542360684016,3228,3206,Illinois,George Mason,1702.7194358808865,1753.7950358153073,8,11
2025_3123_3228,0.7189088388847356,3228,3123,Illinois,Ball St,1702.7194358808865,1769.2197745940423,8,12
2025_3213_3228,0.7260420074126521,3228,3213,Illinois,Grand Canyon,1702.7194358808865,1761.903095765611,8,13
2025_3228_3361,0.8323886053553043,3228,3361,Illinois,San Diego St,1702.7194358808865,1671.1713611028213,8,14
2025_3228_3436,0.8460540315511141,3228,3436,Illinois,Vermont,1702.7194358808865,1622.6020859062485,8,15
2025_3228_3380,0.8968845952493846,3228,3380,Illinois,Southern Univ,1702.7194358808865,1553.512381915605,8,16
2025_3228_3471,0.9065056193811595,3228,3471,Illinois,UC San Diego,1702.7194358808865,1524.6527067841912,8,16
2025_3228_3425,0.12650470413244558,3228,3425,Illinois,USC,1702.7194358808865,1933.8727523760726,8,1
2025_3163_3228,0.15619362463148195,3228,3163,Illinois,Connecticut,1702.7194358808865,1974.97509244384,8,2
2025_3228_3328,0.25410721400763553,3228,3328,Illinois,Oklahoma,1702.7194358808865,1825.81495927408,8,3
2025_3228_3246,0.30394664858112264,3228,3246,Illinois,Kentucky,1702.7194358808865,1712.3650858848432,8,4
2025_3228_3243,0.29372402513417195,3228,3243,Illinois,Kansas St,1702.7194358808865,1761.130509058621,8,5
2025_3228_3234,0.36954283840502566,3228,3234,Illinois,Iowa,1702.7194358808865,1820.9586709265081,8,6
2025_3228_3329,0.46801164219536073,3228,3329,Illinois,Oklahoma St,1702.7194358808865,1735.6533768195266,8,7
2025_3143_3228,0.5233564734458922,3228,3143,Illinois,California,1702.7194358808865,1732.981985453007,8,8
2025_3228_3280,0.537291424773557,3228,3280,Illinois,Mississippi St,1702.7194358808865,1672.2828961738294,8,9
2025_3228_3355,0.5875884922639004,3228,3355,Illinois,S Dakota St,1702.7194358808865,1835.2775090793496,8,10
2025_3228_3293,0.6990785880943873,3228,3293,Illinois,Murray St,1702.7194358808865,1695.9339089127072,8,11
2025_3193_3228,0.6909463628696446,3228,3193,Illinois,Fairfield,1702.7194358808865,1777.546952772885,8,12
2025_3228_3251,0.7976520558259288,3228,3251,Illinois,Liberty,1702.7194358808865,1734.815164305803,8,13
2025_3195_3228,0.7654112385502277,3228,3195,Illinois,FGCU,1702.7194358808865,1808.5724936397603,8,14
2025_3117_3228,0.8473920813205157,3228,3117,Illinois,Arkansas St,1702.7194358808865,1586.1666111780894,8,15
2025_3228_3422,0.8975566674215495,3228,3422,Illinois,UNC Greensboro,1702.7194358808865,1648.591563566133,8,16
2025_3166_3304,0.5765278511270115,3166,3304,Creighton,Nebraska,1859.0974014739336,1702.8172097273407,9,10
2025_3166_3235,0.5995202543631665,3166,3235,Creighton,Iowa St,1859.0974014739336,1739.2557567978145,9,11
2025_3166_3343,0.6183322402135006,3166,3343,Creighton,Princeton,1859.0974014739336,1775.506646128416,9,11
2025_3166_3378,0.720552875008259,3166,3378,Creighton,South Florida,1859.0974014739336,1683.410611086055,9,12
2025_3166_3286,0.7375619336532597,3166,3286,Creighton,Montana St,1859.0974014739336,1720.0676852052384,9,13
2025_3166_3372,0.7871284683606425,3166,3372,Creighton,SF Austin,1859.0974014739336,1710.1301229301325,9,14
2025_3166_3192,0.8237727539530216,3166,3192,Creighton,F Dickinson,1859.0974014739336,1616.5400097680608,9,15
2025_3166_3219,0.8803541949393664,3166,3219,Creighton,High Point,1859.0974014739336,1542.3452372503477,9,16
2025_3166_3456,0.8700040569903765,3166,3456,Creighton,William & Mary,1859.0974014739336,1486.8572709106484,9,16
2025_3166_3417,0.11691277434995707,3166,3417,Creighton,UCLA,1859.0974014739336,1958.278979203148,9,1
2025_3166_3301,0.18046448916173768,3166,3301,Creighton,NC State,1859.0974014739336,1883.6190284342556,9,2
2025_3166_3261,0.19982320946546156,3166,3261,Creighton,LSU,1859.0974014739336,1875.8199352842041,9,3
2025_3124_3166,0.25643178770329517,3166,3124,Creighton,Baylor,1859.0974014739336,1823.9933602644464,9,4
2025_3166_3279,0.2758034438324921,3166,3279,Creighton,Mississippi,1859.0974014739336,1764.6037249112856,9,5
2025_3166_3199,0.35195379564556073,3166,3199,Creighton,Florida St,1859.0974014739336,1761.9644695309794,9,6
2025_3166_3277,0.3832868499263651,3166,3277,Creighton,Michigan St,1859.0974014739336,1715.8991388129386,9,7
2025_3166_3350,0.441560993291514,3166,3350,Creighton,Richmond,1859.0974014739336,1797.7185869664368,9,8
2025_3166_3210,0.5042715728282927,3166,3210,Creighton,Georgia Tech,1859.0974014739336,1656.4881012812837,9,9
2025_3166_3217,0.5494537674411366,3166,3217,Creighton,Harvard,1859.0974014739336,1773.429450810923,9,10
2025_3166_3206,0.6335787954226605,3166,3206,Creighton,George Mason,1859.0974014739336,1753.7950358153073,9,11
2025_3123_3166,0.6751379205843546,3166,3123,Creighton,Ball St,1859.0974014739336,1769.2197745940423,9,12
2025_3166_3213,0.7242456748651509,3166,3213,Creighton,Grand Canyon,1859.0974014739336,1761.903095765611,9,13
2025_3166_3361,0.804009874667863,3166,3361,Creighton,San Diego St,1859.0974014739336,1671.1713611028213,9,14
2025_3166_3436,0.8256975071421085,3166,3436,Creighton,Vermont,1859.0974014739336,1622.6020859062485,9,15
2025_3166_3380,0.8729983261229907,3166,3380,Creighton,Southern Univ,1859.0974014739336,1553.512381915605,9,16
2025_3166_3471,0.8697488597037707,3166,3471,Creighton,UC San Diego,1859.0974014739336,1524.6527067841912,9,16
2025_3166_3425,0.11850630080273684,3166,3425,Creighton,USC,1859.0974014739336,1933.8727523760726,9,1
2025_3163_3166,0.14549460425949884,3166,3163,Creighton,Connecticut,1859.0974014739336,1974.97509244384,9,2
2025_3166_3328,0.26124084127040464,3166,3328,Creighton,Oklahoma,1859.0974014739336,1825.81495927408,9,3
2025_3166_3246,0.26367929527546924,3166,3246,Creighton,Kentucky,1859.0974014739336,1712.3650858848432,9,4
2025_3166_3243,0.2833727419806473,3166,3243,Creighton,Kansas St,1859.0974014739336,1761.130509058621,9,5
2025_3166_3234,0.35059278318675946,3166,3234,Creighton,Iowa,1859.0974014739336,1820.9586709265081,9,6
2025_3166_3329,0.4121857819661028,3166,3329,Creighton,Oklahoma St,1859.0974014739336,1735.6533768195266,9,7
2025_3143_3166,0.48231832156337984,3166,3143,Creighton,California,1859.0974014739336,1732.981985453007,9,8
2025_3166_3280,0.4923985958099364,3166,3280,Creighton,Mississippi St,1859.0974014739336,1672.2828961738294,9,9
2025_3166_3355,0.5344799183829854,3166,3355,Creighton,S Dakota St,1859.0974014739336,1835.2775090793496,9,10
2025_3166_3293,0.6684014233246914,3166,3293,Creighton,Murray St,1859.0974014739336,1695.9339089127072,9,11
2025_3166_3193,0.6810137315651514,3166,3193,Creighton,Fairfield,1859.0974014739336,1777.546952772885,9,12
2025_3166_3251,0.7521794810461049,3166,3251,Creighton,Liberty,1859.0974014739336,1734.815164305803,9,13
2025_3166_3195,0.7671923687121669,3166,3195,Creighton,FGCU,1859.0974014739336,1808.5724936397603,9,14
2025_3117_3166,0.8226008074274479,3166,3117,Creighton,Arkansas St,1859.0974014739336,1586.1666111780894,9,15
2025_3166_3422,0.8716276279094134,3166,3422,Creighton,UNC Greensboro,1859.0974014739336,1648.591563566133,9,16
2025_3235_3304,0.5047668465002606,3304,3235,Nebraska,Iowa St,1702.8172097273407,1739.2557567978145,10,11
2025_3304_3343,0.5740517400725911,3304,3343,Nebraska,Princeton,1702.8172097273407,1775.506646128416,10,11
2025_3304_3378,0.6704707624808423,3304,3378,Nebraska,South Florida,1702.8172097273407,1683.410611086055,10,12
2025_3286_3304,0.6887040122410395,3304,3286,Nebraska,Montana St,1702.8172097273407,1720.0676852052384,10,13
2025_3304_3372,0.7481744214462285,3304,3372,Nebraska,SF Austin,1702.8172097273407,1710.1301229301325,10,14
2025_3192_3304,0.7907549043557445,3304,3192,Nebraska,F Dickinson,1702.8172097273407,1616.5400097680608,10,15
2025_3219_3304,0.8501776115885197,3304,3219,Nebraska,High Point,1702.8172097273407,1542.3452372503477,10,16
2025_3304_3456,0.8533957855692326,3304,3456,Nebraska,William & Mary,1702.8172097273407,1486.8572709106484,10,16
2025_3304_3417,0.06941783235871857,3304,3417,Nebraska,UCLA,1702.8172097273407,1958.278979203148,10,1
2025_3301_3304,0.1105316426413351,3304,3301,Nebraska,NC State,1702.8172097273407,1883.6190284342556,10,2
2025_3261_3304,0.14749108046270204,3304,3261,Nebraska,LSU,1702.8172097273407,1875.8199352842041,10,3
2025_3124_3304,0.1977450339207228,3304,3124,Nebraska,Baylor,1702.8172097273407,1823.9933602644464,10,4
2025_3279_3304,0.22003373825933498,3304,3279,Nebraska,Mississippi,1702.8172097273407,1764.6037249112856,10,5
2025_3199_3304,0.2916883796883576,3304,3199,Nebraska,Florida St,1702.8172097273407,1761.9644695309794,10,6
2025_3277_3304,0.32173241535219144,3304,3277,Nebraska,Michigan St,1702.8172097273407,1715.8991388129386,10,7
2025_3304_3350,0.3888128486975557,3304,3350,Nebraska,Richmond,1702.8172097273407,1797.7185869664368,10,8
2025_3210_3304,0.43316222945608385,3304,3210,Nebraska,Georgia Tech,1702.8172097273407,1656.4881012812837,10,9
2025_3217_3304,0.48033558428287493,3304,3217,Nebraska,Harvard,1702.8172097273407,1773.429450810923,10,10
2025_3206_3304,0.5439703338368962,3304,3206,Nebraska,George Mason,1702.8172097273407,1753.7950358153073,10,11
2025_3123_3304,0.5884557398453824,3304,3123,Nebraska,Ball St,1702.8172097273407,1769.2197745940423,10,12
2025_3213_3304,0.6497860535046198,3304,3213,Nebraska,Grand Canyon,1702.8172097273407,1761.903095765611,10,13
2025_3304_3361,0.7646626904176717,3304,3361,Nebraska,San Diego St,1702.8172097273407,1671.1713611028213,10,14
2025_3304_3436,0.7875210543534557,3304,3436,Nebraska,Vermont,1702.8172097273407,1622.6020859062485,10,15
2025_3304_3380,0.841427858351749,3304,3380,Nebraska,Southern Univ,1702.8172097273407,1553.512381915605,10,16
2025_3304_3471,0.8493806676855503,3304,3471,Nebraska,UC San Diego,1702.8172097273407,1524.6527067841912,10,16
2025_3304_3425,0.074447471587897,3304,3425,Nebraska,USC,1702.8172097273407,1933.8727523760726,10,1
2025_3163_3304,0.1080957833485895,3304,3163,Nebraska,Connecticut,1702.8172097273407,1974.97509244384,10,2
2025_3304_3328,0.21487407177663637,3304,3328,Nebraska,Oklahoma,1702.8172097273407,1825.81495927408,10,3
2025_3246_3304,0.21007635575624067,3304,3246,Nebraska,Kentucky,1702.8172097273407,1712.3650858848432,10,4
2025_3243_3304,0.21387945437814754,3304,3243,Nebraska,Kansas St,1702.8172097273407,1761.130509058621,10,5
2025_3234_3304,0.27791319493780064,3304,3234,Nebraska,Iowa,1702.8172097273407,1820.9586709265081,10,6
2025_3304_3329,0.3694561705926318,3304,3329,Nebraska,Oklahoma St,1702.8172097273407,1735.6533768195266,10,7
2025_3143_3304,0.40921089924420184,3304,3143,Nebraska,California,1702.8172097273407,1732.981985453007,10,8
2025_3280_3304,0.4511749989763666,3304,3280,Nebraska,Mississippi St,1702.8172097273407,1672.2828961738294,10,9
2025_3304_3355,0.48761685788631426,3304,3355,Nebraska,S Dakota St,1702.8172097273407,1835.2775090793496,10,10
2025_3293_3304,0.6030238144620488,3304,3293,Nebraska,Murray St,1702.8172097273407,1695.9339089127072,10,11
2025_3193_3304,0.588362547983276,3304,3193,Nebraska,Fairfield,1702.8172097273407,1777.546952772885,10,12
2025_3251_3304,0.7099505051037409,3304,3251,Nebraska,Liberty,1702.8172097273407,1734.815164305803,10,13
2025_3195_3304,0.7085753902362828,3304,3195,Nebraska,FGCU,1702.8172097273407,1808.5724936397603,10,14
2025_3117_3304,0.8008575042149821,3304,3117,Nebraska,Arkansas St,1702.8172097273407,1586.1666111780894,10,15
2025_3304_3422,0.8429826753130375,3304,3422,Nebraska,UNC Greensboro,1702.8172097273407,1648.591563566133,10,16
2025_3235_3343,0.5478704780340193,3235,3343,Iowa St,Princeton,1739.2557567978145,1775.506646128416,11,11
2025_3235_3378,0.6277620815261433,3235,3378,Iowa St,South Florida,1739.2557567978145,1683.410611086055,11,12
2025_3235_3286,0.6604343386784665,3235,3286,Iowa St,Montana St,1739.2557567978145,1720.0676852052384,11,13
2025_3235_3372,0.7209571137091257,3235,3372,Iowa St,SF Austin,1739.2557567978145,1710.1301229301325,11,14
2025_3192_3235,0.762154199139977,3235,3192,Iowa St,F Dickinson,1739.2557567978145,1616.5400097680608,11,15
2025_3219_3235,0.8230478962323466,3235,3219,Iowa St,High Point,1739.2557567978145,1542.3452372503477,11,16
2025_3235_3456,0.8193963666817943,3235,3456,Iowa St,William & Mary,1739.2557567978145,1486.8572709106484,11,16
2025_3235_3417,0.0518861970802749,3235,3417,Iowa St,UCLA,1739.2557567978145,1958.278979203148,11,1
2025_3235_3301,0.10640768514478272,3235,3301,Iowa St,NC State,1739.2557567978145,1883.6190284342556,11,2
2025_3235_3261,0.13839135279825265,3235,3261,Iowa St,LSU,1739.2557567978145,1875.8199352842041,11,3
2025_3124_3235,0.1594824360308726,3235,3124,Iowa St,Baylor,1739.2557567978145,1823.9933602644464,11,4
2025_3235_3279,0.19112115112038214,3235,3279,Iowa St,Mississippi,1739.2557567978145,1764.6037249112856,11,5
2025_3199_3235,0.2828507269361214,3235,3199,Iowa St,Florida St,1739.2557567978145,1761.9644695309794,11,6
2025_3235_3277,0.29546778355369496,3235,3277,Iowa St,Michigan St,1739.2557567978145,1715.8991388129386,11,7
2025_3235_3350,0.3673723326066394,3235,3350,Iowa St,Richmond,1739.2557567978145,1797.7185869664368,11,8
2025_3210_3235,0.4008870062931902,3235,3210,Iowa St,Georgia Tech,1739.2557567978145,1656.4881012812837,11,9
2025_3217_3235,0.4825492150560785,3235,3217,Iowa St,Harvard,1739.2557567978145,1773.429450810923,11,10
2025_3206_3235,0.5313135147094725,3235,3206,Iowa St,George Mason,1739.2557567978145,1753.7950358153073,11,11
2025_3123_3235,0.5852988236173222,3235,3123,Iowa St,Ball St,1739.2557567978145,1769.2197745940423,11,12
2025_3213_3235,0.6423526587382428,3235,3213,Iowa St,Grand Canyon,1739.2557567978145,1761.903095765611,11,13
2025_3235_3361,0.7356681658884623,3235,3361,Iowa St,San Diego St,1739.2557567978145,1671.1713611028213,11,14
2025_3235_3436,0.7652114405797963,3235,3436,Iowa St,Vermont,1739.2557567978145,1622.6020859062485,11,15
2025_3235_3380,0.8165318568608562,3235,3380,Iowa St,Southern Univ,1739.2557567978145,1553.512381915605,11,16
2025_3235_3471,0.8170208533665935,3235,3471,Iowa St,UC San Diego,1739.2557567978145,1524.6527067841912,11,16
2025_3235_3425,0.05534494472052701,3235,3425,Iowa St,USC,1739.2557567978145,1933.8727523760726,11,1
2025_3163_3235,0.07492855185175007,3235,3163,Iowa St,Connecticut,1739.2557567978145,1974.97509244384,11,2
2025_3235_3328,0.17824944069555337,3235,3328,Iowa St,Oklahoma,1739.2557567978145,1825.81495927408,11,3
2025_3235_3246,0.21140768915391756,3235,3246,Iowa St,Kentucky,1739.2557567978145,1712.3650858848432,11,4
2025_3235_3243,0.1933269849130686,3235,3243,Iowa St,Kansas St,1739.2557567978145,1761.130509058621,11,5
2025_3234_3235,0.24408595958735507,3235,3234,Iowa St,Iowa,1739.2557567978145,1820.9586709265081,11,6
2025_3235_3329,0.325717394096946,3235,3329,Iowa St,Oklahoma St,1739.2557567978145,1735.6533768195266,11,7
2025_3143_3235,0.3818051503041644,3235,3143,Iowa St,California,1739.2557567978145,1732.981985453007,11,8
2025_3235_3280,0.421579369674576,3235,3280,Iowa St,Mississippi St,1739.2557567978145,1672.2828961738294,11,9
2025_3235_3355,0.4618776983992029,3235,3355,Iowa St,S Dakota St,1739.2557567978145,1835.2775090793496,11,10
2025_3235_3293,0.5871965497732161,3235,3293,Iowa St,Murray St,1739.2557567978145,1695.9339089127072,11,11
2025_3193_3235,0.5634315632804463,3235,3193,Iowa St,Fairfield,1739.2557567978145,1777.546952772885,11,12
2025_3235_3251,0.6783183249131314,3235,3251,Iowa St,Liberty,1739.2557567978145,1734.815164305803,11,13
2025_3195_3235,0.6691162719389536,3235,3195,Iowa St,FGCU,1739.2557567978145,1808.5724936397603,11,14
2025_3117_3235,0.7676431014703755,3235,3117,Iowa St,Arkansas St,1739.2557567978145,1586.1666111780894,11,15
2025_3235_3422,0.8124965032002727,3235,3422,Iowa St,UNC Greensboro,1739.2557567978145,1648.591563566133,11,16
2025_3343_3378,0.5665984325631688,3343,3378,Princeton,South Florida,1775.506646128416,1683.410611086055,11,12
2025_3286_3343,0.6372046502724759,3343,3286,Princeton,Montana St,1775.506646128416,1720.0676852052384,11,13
2025_3343_3372,0.7120785399338343,3343,3372,Princeton,SF Austin,1775.506646128416,1710.1301229301325,11,14
2025_3192_3343,0.7656231894659047,3343,3192,Princeton,F Dickinson,1775.506646128416,1616.5400097680608,11,15
2025_3219_3343,0.8169030745885173,3343,3219,Princeton,High Point,1775.506646128416,1542.3452372503477,11,16
2025_3343_3456,0.8153859575650493,3343,3456,Princeton,William & Mary,1775.506646128416,1486.8572709106484,11,16
2025_3343_3417,0.04486090866233953,3343,3417,Princeton,UCLA,1775.506646128416,1958.278979203148,11,1
2025_3301_3343,0.09736963169181412,3343,3301,Princeton,NC State,1775.506646128416,1883.6190284342556,11,2
2025_3261_3343,0.1073251213686758,3343,3261,Princeton,LSU,1775.506646128416,1875.8199352842041,11,3
2025_3124_3343,0.1478573584554274,3343,3124,Princeton,Baylor,1775.506646128416,1823.9933602644464,11,4
2025_3279_3343,0.1673029748806532,3343,3279,Princeton,Mississippi,1775.506646128416,1764.6037249112856,11,5
2025_3199_3343,0.25941817412163776,3343,3199,Princeton,Florida St,1775.506646128416,1761.9644695309794,11,6
2025_3277_3343,0.26774504487047124,3343,3277,Princeton,Michigan St,1775.506646128416,1715.8991388129386,11,7
2025_3343_3350,0.32099656621011685,3343,3350,Princeton,Richmond,1775.506646128416,1797.7185869664368,11,8
2025_3210_3343,0.35993132866467303,3343,3210,Princeton,Georgia Tech,1775.506646128416,1656.4881012812837,11,9
2025_3217_3343,0.46364713678516634,3343,3217,Princeton,Harvard,1775.506646128416,1773.429450810923,11,10
2025_3206_3343,0.4894596993923186,3343,3206,Princeton,George Mason,1775.506646128416,1753.7950358153073,11,11
2025_3123_3343,0.5562958889230321,3343,3123,Princeton,Ball St,1775.506646128416,1769.2197745940423,11,12
2025_3213_3343,0.6156132253304593,3343,3213,Princeton,Grand Canyon,1775.506646128416,1761.903095765611,11,13
2025_3343_3361,0.7042786165138819,3343,3361,Princeton,San Diego St,1775.506646128416,1671.1713611028213,11,14
2025_3343_3436,0.7455171122716908,3343,3436,Princeton,Vermont,1775.506646128416,1622.6020859062485,11,15
2025_3343_3380,0.8101766010186473,3343,3380,Princeton,Southern Univ,1775.506646128416,1553.512381915605,11,16
2025_3343_3471,0.8108418782613078,3343,3471,Princeton,UC San Diego,1775.506646128416,1524.6527067841912,11,16
2025_3343_3425,0.04687157263364442,3343,3425,Princeton,USC,1775.506646128416,1933.8727523760726,11,1
2025_3163_3343,0.06434670550280874,3343,3163,Princeton,Connecticut,1775.506646128416,1974.97509244384,11,2
2025_3328_3343,0.1607797737973028,3343,3328,Princeton,Oklahoma,1775.506646128416,1825.81495927408,11,3
2025_3246_3343,0.18746648520208192,3343,3246,Princeton,Kentucky,1775.506646128416,1712.3650858848432,11,4
2025_3243_3343,0.17481572312207777,3343,3243,Princeton,Kansas St,1775.506646128416,1761.130509058621,11,5
2025_3234_3343,0.22699487904097598,3343,3234,Princeton,Iowa,1775.506646128416,1820.9586709265081,11,6
2025_3329_3343,0.307724592132663,3343,3329,Princeton,Oklahoma St,1775.506646128416,1735.6533768195266,11,7
2025_3143_3343,0.3755020783284564,3343,3143,Princeton,California,1775.506646128416,1732.981985453007,11,8
2025_3280_3343,0.38098572320784396,3343,3280,Princeton,Mississippi St,1775.506646128416,1672.2828961738294,11,9
2025_3343_3355,0.4331940434352327,3343,3355,Princeton,S Dakota St,1775.506646128416,1835.2775090793496,11,10
2025_3293_3343,0.5644596427679061,3343,3293,Princeton,Murray St,1775.506646128416,1695.9339089127072,11,11
2025_3193_3343,0.5573603235705922,3343,3193,Princeton,Fairfield,1775.506646128416,1777.546952772885,11,12
2025_3251_3343,0.6821918817654721,3343,3251,Princeton,Liberty,1775.506646128416,1734.815164305803,11,13
2025_3195_3343,0.6580493285318949,3343,3195,Princeton,FGCU,1775.506646128416,1808.5724936397603,11,14
2025_3117_3343,0.7615696563886647,3343,3117,Princeton,Arkansas St,1775.506646128416,1586.1666111780894,11,15
2025_3343_3422,0.8053022821805278,3343,3422,Princeton,UNC Greensboro,1775.506646128416,1648.591563566133,11,16
2025_3286_3378,0.5300360940917561,3378,3286,South Florida,Montana St,1683.410611086055,1720.0676852052384,12,13
2025_3372_3378,0.6411074581042401,3378,3372,South Florida,SF Austin,1683.410611086055,1710.1301229301325,12,14
2025_3192_3378,0.6890446378847697,3378,3192,South Florida,F Dickinson,1683.410611086055,1616.5400097680608,12,15
2025_3219_3378,0.7628758027719502,3378,3219,South Florida,High Point,1683.410611086055,1542.3452372503477,12,16
2025_3378_3456,0.7826934828924184,3378,3456,South Florida,William & Mary,1683.410611086055,1486.8572709106484,12,16
2025_3378_3417,0.027359317913651465,3378,3417,South Florida,UCLA,1683.410611086055,1958.278979203148,12,1
2025_3301_3378,0.04403219268973716,3378,3301,South Florida,NC State,1683.410611086055,1883.6190284342556,12,2
2025_3261_3378,0.06310418707782095,3378,3261,South Florida,LSU,1683.410611086055,1875.8199352842041,12,3
2025_3124_3378,0.09545493273010787,3378,3124,South Florida,Baylor,1683.410611086055,1823.9933602644464,12,4
2025_3279_3378,0.12150303624547315,3378,3279,South Florida,Mississippi,1683.410611086055,1764.6037249112856,12,5
2025_3199_3378,0.17378132921548445,3378,3199,South Florida,Florida St,1683.410611086055,1761.9644695309794,12,6
2025_3277_3378,0.20245059529330295,3378,3277,South Florida,Michigan St,1683.410611086055,1715.8991388129386,12,7
2025_3350_3378,0.23511841226944852,3378,3350,South Florida,Richmond,1683.410611086055,1797.7185869664368,12,8
2025_3210_3378,0.2953960322776694,3378,3210,South Florida,Georgia Tech,1683.410611086055,1656.4881012812837,12,9
2025_3217_3378,0.3767754820689089,3378,3217,South Florida,Harvard,1683.410611086055,1773.429450810923,12,10
2025_3206_3378,0.4178165964261461,3378,3206,South Florida,George Mason,1683.410611086055,1753.7950358153073,12,11
2025_3123_3378,0.46085589230060564,3378,3123,South Florida,Ball St,1683.410611086055,1769.2197745940423,12,12
2025_3213_3378,0.5398002885802815,3378,3213,South Florida,Grand Canyon,1683.410611086055,1761.903095765611,12,13
2025_3361_3378,0.6107457908288113,3378,3361,South Florida,San Diego St,1683.410611086055,1671.1713611028213,12,14
2025_3378_3436,0.6746665223499873,3378,3436,South Florida,Vermont,1683.410611086055,1622.6020859062485,12,15
2025_3378_3380,0.7622889056371693,3378,3380,South Florida,Southern Univ,1683.410611086055,1553.512381915605,12,16
2025_3378_3471,0.7731781675981526,3378,3471,South Florida,UC San Diego,1683.410611086055,1524.6527067841912,12,16
2025_3378_3425,0.025718566887080668,3378,3425,South Florida,USC,1683.410611086055,1933.8727523760726,12,1
2025_3163_3378,0.0430321077754701,3378,3163,South Florida,Connecticut,1683.410611086055,1974.97509244384,12,2
2025_3328_3378,0.07957679586017197,3378,3328,South Florida,Oklahoma,1683.410611086055,1825.81495927408,12,3
2025_3246_3378,0.11825733592680034,3378,3246,South Florida,Kentucky,1683.410611086055,1712.3650858848432,12,4
2025_3243_3378,0.12633877597726179,3378,3243,South Florida,Kansas St,1683.410611086055,1761.130509058621,12,5
2025_3234_3378,0.15655627232881147,3378,3234,South Florida,Iowa,1683.410611086055,1820.9586709265081,12,6
2025_3329_3378,0.21146294796850246,3378,3329,South Florida,Oklahoma St,1683.410611086055,1735.6533768195266,12,7
2025_3143_3378,0.25194368217716145,3378,3143,South Florida,California,1683.410611086055,1732.981985453007,12,8
2025_3280_3378,0.2876055673697848,3378,3280,South Florida,Mississippi St,1683.410611086055,1672.2828961738294,12,9
2025_3355_3378,0.3510796216830141,3378,3355,South Florida,S Dakota St,1683.410611086055,1835.2775090793496,12,10
2025_3293_3378,0.4983098305241037,3378,3293,South Florida,Murray St,1683.410611086055,1695.9339089127072,12,11
2025_3193_3378,0.4882920593023299,3378,3193,South Florida,Fairfield,1683.410611086055,1777.546952772885,12,12
2025_3251_3378,0.5609125964864323,3378,3251,South Florida,Liberty,1683.410611086055,1734.815164305803,12,13
2025_3195_3378,0.591559279193031,3378,3195,South Florida,FGCU,1683.410611086055,1808.5724936397603,12,14
2025_3117_3378,0.6942684634586909,3378,3117,South Florida,Arkansas St,1683.410611086055,1586.1666111780894,12,15
2025_3378_3422,0.7303505613969807,3378,3422,South Florida,UNC Greensboro,1683.410611086055,1648.591563566133,12,16
2025_3286_3372,0.5616057239993641,3286,3372,Montana St,SF Austin,1720.0676852052384,1710.1301229301325,13,14
2025_3192_3286,0.6486971112385861,3286,3192,Montana St,F Dickinson,1720.0676852052384,1616.5400097680608,13,15
2025_3219_3286,0.7381076945921519,3286,3219,Montana St,High Point,1720.0676852052384,1542.3452372503477,13,16
2025_3286_3456,0.7363199426790812,3286,3456,Montana St,William & Mary,1720.0676852052384,1486.8572709106484,13,16
2025_3286_3417,0.02501048373058438,3286,3417,Montana St,UCLA,1720.0676852052384,1958.278979203148,13,1
2025_3286_3301,0.0360006745159626,3286,3301,Montana St,NC State,1720.0676852052384,1883.6190284342556,13,2
2025_3261_3286,0.04284481321777948,3286,3261,Montana St,LSU,1720.0676852052384,1875.8199352842041,13,3
2025_3124_3286,0.06418933899605339,3286,3124,Montana St,Baylor,1720.0676852052384,1823.9933602644464,13,4
2025_3279_3286,0.09159385373762187,3286,3279,Montana St,Mississippi,1720.0676852052384,1764.6037249112856,13,5
2025_3199_3286,0.14852328017330957,3286,3199,Montana St,Florida St,1720.0676852052384,1761.9644695309794,13,6
2025_3277_3286,0.17519829925985891,3286,3277,Montana St,Michigan St,1720.0676852052384,1715.8991388129386,13,7
2025_3286_3350,0.1942969779112534,3286,3350,Montana St,Richmond,1720.0676852052384,1797.7185869664368,13,8
2025_3210_3286,0.27152286176214147,3286,3210,Montana St,Georgia Tech,1720.0676852052384,1656.4881012812837,13,9
2025_3217_3286,0.3023907006719966,3286,3217,Montana St,Harvard,1720.0676852052384,1773.429450810923,13,10
2025_3206_3286,0.3283786637290842,3286,3206,Montana St,George Mason,1720.0676852052384,1753.7950358153073,13,11
2025_3123_3286,0.4503587282673288,3286,3123,Montana St,Ball St,1720.0676852052384,1769.2197745940423,13,12
2025_3213_3286,0.46555796116590487,3286,3213,Montana St,Grand Canyon,1720.0676852052384,1761.903095765611,13,13
2025_3286_3361,0.5549788497909138,3286,3361,Montana St,San Diego St,1720.0676852052384,1671.1713611028213,13,14
2025_3286_3436,0.6356473746195904,3286,3436,Montana St,Vermont,1720.0676852052384,1622.6020859062485,13,15
2025_3286_3380,0.7295242383143046,3286,3380,Montana St,Southern Univ,1720.0676852052384,1553.512381915605,13,16
2025_3286_3471,0.7338081433436014,3286,3471,Montana St,UC San Diego,1720.0676852052384,1524.6527067841912,13,16
2025_3286_3425,0.025658368989825247,3286,3425,Montana St,USC,1720.0676852052384,1933.8727523760726,13,1
2025_3163_3286,0.025491093210875986,3286,3163,Montana St,Connecticut,1720.0676852052384,1974.97509244384,13,2
2025_3286_3328,0.06409749751295693,3286,3328,Montana St,Oklahoma,1720.0676852052384,1825.81495927408,13,3
2025_3246_3286,0.08681745634877747,3286,3246,Montana St,Kentucky,1720.0676852052384,1712.3650858848432,13,4
2025_3243_3286,0.09505455715528068,3286,3243,Montana St,Kansas St,1720.0676852052384,1761.130509058621,13,5
2025_3234_3286,0.1377943547067721,3286,3234,Montana St,Iowa,1720.0676852052384,1820.9586709265081,13,6
2025_3286_3329,0.159255081237274,3286,3329,Montana St,Oklahoma St,1720.0676852052384,1735.6533768195266,13,7
2025_3143_3286,0.22523430684592288,3286,3143,Montana St,California,1720.0676852052384,1732.981985453007,13,8
2025_3280_3286,0.2861390009952538,3286,3280,Montana St,Mississippi St,1720.0676852052384,1672.2828961738294,13,9
2025_3286_3355,0.3097547949293513,3286,3355,Montana St,S Dakota St,1720.0676852052384,1835.2775090793496,13,10
2025_3286_3293,0.40684553361977405,3286,3293,Montana St,Murray St,1720.0676852052384,1695.9339089127072,13,11
2025_3193_3286,0.3859177179113794,3286,3193,Montana St,Fairfield,1720.0676852052384,1777.546952772885,13,12
2025_3251_3286,0.5456362724304198,3286,3251,Montana St,Liberty,1720.0676852052384,1734.815164305803,13,13
2025_3195_3286,0.4924686499460766,3286,3195,Montana St,FGCU,1720.0676852052384,1808.5724936397603,13,14
2025_3117_3286,0.6233703377143017,3286,3117,Montana St,Arkansas St,1720.0676852052384,1586.1666111780894,13,15
2025_3286_3422,0.7150191499849894,3286,3422,Montana St,UNC Greensboro,1720.0676852052384,1648.591563566133,13,16
2025_3192_3372,0.5788881652577946,3372,3192,SF Austin,F Dickinson,1710.1301229301325,1616.5400097680608,14,15
2025_3219_3372,0.6679879757062069,3372,3219,SF Austin,High Point,1710.1301229301325,1542.3452372503477,14,16
2025_3372_3456,0.6443203719750515,3372,3456,SF Austin,William & Mary,1710.1301229301325,1486.8572709106484,14,16
2025_3372_3417,0.024174245465546845,3372,3417,SF Austin,UCLA,1710.1301229301325,1958.278979203148,14,1
2025_3301_3372,0.03143777690827847,3372,3301,SF Austin,NC State,1710.1301229301325,1883.6190284342556,14,2
2025_3261_3372,0.02601606950163841,3372,3261,SF Austin,LSU,1710.1301229301325,1875.8199352842041,14,3
2025_3124_3372,0.040425949630698045,3372,3124,SF Austin,Baylor,1710.1301229301325,1823.9933602644464,14,4
2025_3279_3372,0.05917893157804077,3372,3279,SF Austin,Mississippi,1710.1301229301325,1764.6037249112856,14,5
2025_3199_3372,0.09756483098438319,3372,3199,SF Austin,Florida St,1710.1301229301325,1761.9644695309794,14,6
2025_3277_3372,0.12806545548117948,3372,3277,SF Austin,Michigan St,1710.1301229301325,1715.8991388129386,14,7
2025_3350_3372,0.1546600027093466,3372,3350,SF Austin,Richmond,1710.1301229301325,1797.7185869664368,14,8
2025_3210_3372,0.2059171120264725,3372,3210,SF Austin,Georgia Tech,1710.1301229301325,1656.4881012812837,14,9
2025_3217_3372,0.23678857911953854,3372,3217,SF Austin,Harvard,1710.1301229301325,1773.429450810923,14,10
2025_3206_3372,0.2725282520988841,3372,3206,SF Austin,George Mason,1710.1301229301325,1753.7950358153073,14,11
2025_3123_3372,0.34414810813511676,3372,3123,SF Austin,Ball St,1710.1301229301325,1769.2197745940423,14,12
2025_3213_3372,0.37611275384582765,3372,3213,SF Austin,Grand Canyon,1710.1301229301325,1761.903095765611,14,13
2025_3361_3372,0.4655312955379485,3372,3361,SF Austin,San Diego St,1710.1301229301325,1671.1713611028213,14,14
2025_3372_3436,0.5083321132286618,3372,3436,SF Austin,Vermont,1710.1301229301325,1622.6020859062485,14,15
2025_3372_3380,0.6414786758319012,3372,3380,SF Austin,Southern Univ,1710.1301229301325,1553.512381915605,14,16
2025_3372_3471,0.6373099567786328,3372,3471,SF Austin,UC San Diego,1710.1301229301325,1524.6527067841912,14,16
2025_3372_3425,0.02450640585273504,3372,3425,SF Austin,USC,1710.1301229301325,1933.8727523760726,14,1
2025_3163_3372,0.02398481212556362,3372,3163,SF Austin,Connecticut,1710.1301229301325,1974.97509244384,14,2
2025_3328_3372,0.03904813334345818,3372,3328,SF Austin,Oklahoma,1710.1301229301325,1825.81495927408,14,3
2025_3246_3372,0.05473578897621282,3372,3246,SF Austin,Kentucky,1710.1301229301325,1712.3650858848432,14,4
2025_3243_3372,0.06288267386609381,3372,3243,SF Austin,Kansas St,1710.1301229301325,1761.130509058621,14,5
2025_3234_3372,0.10259125156274375,3372,3234,SF Austin,Iowa,1710.1301229301325,1820.9586709265081,14,6
2025_3329_3372,0.12559990935004545,3372,3329,SF Austin,Oklahoma St,1710.1301229301325,1735.6533768195266,14,7
2025_3143_3372,0.1694310246119078,3372,3143,SF Austin,California,1710.1301229301325,1732.981985453007,14,8
2025_3280_3372,0.20250043967749637,3372,3280,SF Austin,Mississippi St,1710.1301229301325,1672.2828961738294,14,9
2025_3355_3372,0.23673163805732655,3372,3355,SF Austin,S Dakota St,1710.1301229301325,1835.2775090793496,14,10
2025_3293_3372,0.3137387842872996,3372,3293,SF Austin,Murray St,1710.1301229301325,1695.9339089127072,14,11
2025_3193_3372,0.32942412174786395,3372,3193,SF Austin,Fairfield,1710.1301229301325,1777.546952772885,14,12
2025_3251_3372,0.4387291170135904,3372,3251,SF Austin,Liberty,1710.1301229301325,1734.815164305803,14,13
2025_3195_3372,0.4116323314607142,3372,3195,SF Austin,FGCU,1710.1301229301325,1808.5724936397603,14,14
2025_3117_3372,0.5026362263187001,3372,3117,SF Austin,Arkansas St,1710.1301229301325,1586.1666111780894,14,15
2025_3372_3422,0.6373535277739636,3372,3422,SF Austin,UNC Greensboro,1710.1301229301325,1648.591563566133,14,16
2025_3192_3219,0.5558593594058583,3192,3219,F Dickinson,High Point,1616.5400097680608,1542.3452372503477,15,16
2025_3192_3456,0.5502053224071095,3192,3456,F Dickinson,William & Mary,1616.5400097680608,1486.8572709106484,15,16
2025_3192_3417,0.027834592312574385,3192,3417,F Dickinson,UCLA,1616.5400097680608,1958.278979203148,15,1
2025_3192_3301,0.04410144679248333,3192,3301,F Dickinson,NC State,1616.5400097680608,1883.6190284342556,15,2
2025_3192_3261,0.03120317954570055,3192,3261,F Dickinson,LSU,1616.5400097680608,1875.8199352842041,15,3
2025_3124_3192,0.027033459320664404,3192,3124,F Dickinson,Baylor,1616.5400097680608,1823.9933602644464,15,4
2025_3192_3279,0.04213890237118848,3192,3279,F Dickinson,Mississippi,1616.5400097680608,1764.6037249112856,15,5
2025_3192_3199,0.08471897797191208,3192,3199,F Dickinson,Florida St,1616.5400097680608,1761.9644695309794,15,6
2025_3192_3277,0.11835541536977824,3192,3277,F Dickinson,Michigan St,1616.5400097680608,1715.8991388129386,15,7
2025_3192_3350,0.13329693466401887,3192,3350,F Dickinson,Richmond,1616.5400097680608,1797.7185869664368,15,8
2025_3192_3210,0.17406476792784292,3192,3210,F Dickinson,Georgia Tech,1616.5400097680608,1656.4881012812837,15,9
2025_3192_3217,0.1907027600892977,3192,3217,F Dickinson,Harvard,1616.5400097680608,1773.429450810923,15,10
2025_3192_3206,0.2311225839389317,3192,3206,F Dickinson,George Mason,1616.5400097680608,1753.7950358153073,15,11
2025_3123_3192,0.3007628158667941,3192,3123,F Dickinson,Ball St,1616.5400097680608,1769.2197745940423,15,12
2025_3192_3213,0.3166780856951601,3192,3213,F Dickinson,Grand Canyon,1616.5400097680608,1761.903095765611,15,13
2025_3192_3361,0.41450218329586275,3192,3361,F Dickinson,San Diego St,1616.5400097680608,1671.1713611028213,15,14
2025_3192_3436,0.45006325691938387,3192,3436,F Dickinson,Vermont,1616.5400097680608,1622.6020859062485,15,15
2025_3192_3380,0.5106220193728039,3192,3380,F Dickinson,Southern Univ,1616.5400097680608,1553.512381915605,15,16
2025_3192_3471,0.5177518897279332,3192,3471,F Dickinson,UC San Diego,1616.5400097680608,1524.6527067841912,15,16
2025_3192_3425,0.027428926825523375,3192,3425,F Dickinson,USC,1616.5400097680608,1933.8727523760726,15,1
2025_3163_3192,0.028926804587244986,3192,3163,F Dickinson,Connecticut,1616.5400097680608,1974.97509244384,15,2
2025_3192_3328,0.04705971285700798,3192,3328,F Dickinson,Oklahoma,1616.5400097680608,1825.81495927408,15,3
2025_3192_3246,0.05619770467281342,3192,3246,F Dickinson,Kentucky,1616.5400097680608,1712.3650858848432,15,4
2025_3192_3243,0.04937348691131719,3192,3243,F Dickinson,Kansas St,1616.5400097680608,1761.130509058621,15,5
2025_3192_3234,0.08191583672070568,3192,3234,F Dickinson,Iowa,1616.5400097680608,1820.9586709265081,15,6
2025_3192_3329,0.11138978188803729,3192,3329,F Dickinson,Oklahoma St,1616.5400097680608,1735.6533768195266,15,7
2025_3143_3192,0.15956490278220964,3192,3143,F Dickinson,California,1616.5400097680608,1732.981985453007,15,8
2025_3192_3280,0.18505619597526152,3192,3280,F Dickinson,Mississippi St,1616.5400097680608,1672.2828961738294,15,9
2025_3192_3355,0.20633435199048084,3192,3355,F Dickinson,S Dakota St,1616.5400097680608,1835.2775090793496,15,10
2025_3192_3293,0.2849146172834389,3192,3293,F Dickinson,Murray St,1616.5400097680608,1695.9339089127072,15,11
2025_3192_3193,0.26850634673627805,3192,3193,F Dickinson,Fairfield,1616.5400097680608,1777.546952772885,15,12
2025_3192_3251,0.399189153085602,3192,3251,F Dickinson,Liberty,1616.5400097680608,1734.815164305803,15,13
2025_3192_3195,0.352964582242148,3192,3195,F Dickinson,FGCU,1616.5400097680608,1808.5724936397603,15,14
2025_3117_3192,0.43697369694709765,3192,3117,F Dickinson,Arkansas St,1616.5400097680608,1586.1666111780894,15,15
2025_3192_3422,0.5107917659505437,3192,3422,F Dickinson,UNC Greensboro,1616.5400097680608,1648.591563566133,15,16
2025_3219_3456,0.5171577095985411,3219,3456,High Point,William & Mary,1542.3452372503477,1486.8572709106484,16,16
2025_3219_3417,0.022400233820080755,3219,3417,High Point,UCLA,1542.3452372503477,1958.278979203148,16,1
2025_3219_3301,0.025516932755708693,3219,3301,High Point,NC State,1542.3452372503477,1883.6190284342556,16,2
2025_3219_3261,0.023885100074112414,3219,3261,High Point,LSU,1542.3452372503477,1875.8199352842041,16,3
2025_3124_3219,0.022729598842561243,3219,3124,High Point,Baylor,1542.3452372503477,1823.9933602644464,16,4
2025_3219_3279,0.02232651079073548,3219,3279,High Point,Mississippi,1542.3452372503477,1764.6037249112856,16,5
2025_3199_3219,0.040050471102258046,3219,3199,High Point,Florida St,1542.3452372503477,1761.9644695309794,16,6
2025_3219_3277,0.0581289799278385,3219,3277,High Point,Michigan St,1542.3452372503477,1715.8991388129386,16,7
2025_3219_3350,0.08767877200564679,3219,3350,High Point,Richmond,1542.3452372503477,1797.7185869664368,16,8
2025_3210_3219,0.1176803463695128,3219,3210,High Point,Georgia Tech,1542.3452372503477,1656.4881012812837,16,9
2025_3217_3219,0.14817616847248632,3219,3217,High Point,Harvard,1542.3452372503477,1773.429450810923,16,10
2025_3206_3219,0.17865644251938623,3219,3206,High Point,George Mason,1542.3452372503477,1753.7950358153073,16,11
2025_3123_3219,0.2167485550476067,3219,3123,High Point,Ball St,1542.3452372503477,1769.2197745940423,16,12
2025_3213_3219,0.26514699170383405,3219,3213,High Point,Grand Canyon,1542.3452372503477,1761.903095765611,16,13
2025_3219_3361,0.33749653525198764,3219,3361,High Point,San Diego St,1542.3452372503477,1671.1713611028213,16,14
2025_3219_3436,0.36866505289830453,3219,3436,High Point,Vermont,1542.3452372503477,1622.6020859062485,16,15
2025_3219_3380,0.48428469002246843,3219,3380,High Point,Southern Univ,1542.3452372503477,1553.512381915605,16,16
2025_3219_3471,0.48360570371150957,3219,3471,High Point,UC San Diego,1542.3452372503477,1524.6527067841912,16,16
2025_3219_3425,0.022627642303705214,3219,3425,High Point,USC,1542.3452372503477,1933.8727523760726,16,1
2025_3163_3219,0.023595131393522022,3219,3163,High Point,Connecticut,1542.3452372503477,1974.97509244384,16,2
2025_3219_3328,0.025881031453609465,3219,3328,High Point,Oklahoma,1542.3452372503477,1825.81495927408,16,3
2025_3219_3246,0.025250450633466242,3219,3246,High Point,Kentucky,1542.3452372503477,1712.3650858848432,16,4
2025_3219_3243,0.023922712467610834,3219,3243,High Point,Kansas St,1542.3452372503477,1761.130509058621,16,5
2025_3219_3234,0.03975901370253213,3219,3234,High Point,Iowa,1542.3452372503477,1820.9586709265081,16,6
2025_3219_3329,0.05966678907626932,3219,3329,High Point,Oklahoma St,1542.3452372503477,1735.6533768195266,16,7
2025_3143_3219,0.08968735260835227,3219,3143,High Point,California,1542.3452372503477,1732.981985453007,16,8
2025_3219_3280,0.11939694337523771,3219,3280,High Point,Mississippi St,1542.3452372503477,1672.2828961738294,16,9
2025_3219_3355,0.150716300503331,3219,3355,High Point,S Dakota St,1542.3452372503477,1835.2775090793496,16,10
2025_3219_3293,0.20031653666879695,3219,3293,High Point,Murray St,1542.3452372503477,1695.9339089127072,16,11
2025_3193_3219,0.2189207401556723,3219,3193,High Point,Fairfield,1542.3452372503477,1777.546952772885,16,12
2025_3219_3251,0.27137159043940495,3219,3251,High Point,Liberty,1542.3452372503477,1734.815164305803,16,13
2025_3195_3219,0.30662004030789203,3219,3195,High Point,FGCU,1542.3452372503477,1808.5724936397603,16,14
2025_3117_3219,0.391223864950316,3219,3117,High Point,Arkansas St,1542.3452372503477,1586.1666111780894,16,15
2025_3219_3422,0.46758134514093386,3219,3422,High Point,UNC Greensboro,1542.3452372503477,1648.591563566133,16,16
2025_3417_3456,0.022813219502568243,3456,3417,William & Mary,UCLA,1486.8572709106484,1958.278979203148,16,1
2025_3301_3456,0.0280051901191473,3456,3301,William & Mary,NC State,1486.8572709106484,1883.6190284342556,16,2
2025_3261_3456,0.02367742957547307,3456,3261,William & Mary,LSU,1486.8572709106484,1875.8199352842041,16,3
2025_3124_3456,0.02345074240118265,3456,3124,William & Mary,Baylor,1486.8572709106484,1823.9933602644464,16,4
2025_3279_3456,0.022101601511240004,3456,3279,William & Mary,Mississippi,1486.8572709106484,1764.6037249112856,16,5
2025_3199_3456,0.04311840412523397,3456,3199,William & Mary,Florida St,1486.8572709106484,1761.9644695309794,16,6
2025_3277_3456,0.057794836754888945,3456,3277,William & Mary,Michigan St,1486.8572709106484,1715.8991388129386,16,7
2025_3350_3456,0.09149986838868197,3456,3350,William & Mary,Richmond,1486.8572709106484,1797.7185869664368,16,8
2025_3210_3456,0.11115420214808774,3456,3210,William & Mary,Georgia Tech,1486.8572709106484,1656.4881012812837,16,9
2025_3217_3456,0.15017288681955893,3456,3217,William & Mary,Harvard,1486.8572709106484,1773.429450810923,16,10
2025_3206_3456,0.1807998246141867,3456,3206,William & Mary,George Mason,1486.8572709106484,1753.7950358153073,16,11
2025_3123_3456,0.2151380692107432,3456,3123,William & Mary,Ball St,1486.8572709106484,1769.2197745940423,16,12
2025_3213_3456,0.266626725439157,3456,3213,William & Mary,Grand Canyon,1486.8572709106484,1761.903095765611,16,13
2025_3361_3456,0.2950320275082714,3456,3361,William & Mary,San Diego St,1486.8572709106484,1671.1713611028213,16,14
2025_3436_3456,0.36821454236664064,3456,3436,William & Mary,Vermont,1486.8572709106484,1622.6020859062485,16,15
2025_3380_3456,0.447557134926319,3456,3380,William & Mary,Southern Univ,1486.8572709106484,1553.512381915605,16,16
2025_3456_3471,0.4478371202945708,3456,3471,William & Mary,UC San Diego,1486.8572709106484,1524.6527067841912,16,16
2025_3425_3456,0.02200374139472842,3456,3425,William & Mary,USC,1486.8572709106484,1933.8727523760726,16,1
2025_3163_3456,0.023514680955559013,3456,3163,William & Mary,Connecticut,1486.8572709106484,1974.97509244384,16,2
2025_3328_3456,0.029137420393526552,3456,3328,William & Mary,Oklahoma,1486.8572709106484,1825.81495927408,16,3
2025_3246_3456,0.0256288693472743,3456,3246,William & Mary,Kentucky,1486.8572709106484,1712.3650858848432,16,4
2025_3243_3456,0.023462072405964134,3456,3243,William & Mary,Kansas St,1486.8572709106484,1761.130509058621,16,5
2025_3234_3456,0.038827265513500055,3456,3234,William & Mary,Iowa,1486.8572709106484,1820.9586709265081,16,6
2025_3329_3456,0.06419604265594547,3456,3329,William & Mary,Oklahoma St,1486.8572709106484,1735.6533768195266,16,7
2025_3143_3456,0.09026057885906037,3456,3143,William & Mary,California,1486.8572709106484,1732.981985453007,16,8
2025_3280_3456,0.11378197535849405,3456,3280,William & Mary,Mississippi St,1486.8572709106484,1672.2828961738294,16,9
2025_3355_3456,0.1499533834019478,3456,3355,William & Mary,S Dakota St,1486.8572709106484,1835.2775090793496,16,10
2025_3293_3456,0.1875420263596968,3456,3293,William & Mary,Murray St,1486.8572709106484,1695.9339089127072,16,11
2025_3193_3456,0.2259907804859631,3456,3193,William & Mary,Fairfield,1486.8572709106484,1777.546952772885,16,12
2025_3251_3456,0.26439035171660374,3456,3251,William & Mary,Liberty,1486.8572709106484,1734.815164305803,16,13
2025_3195_3456,0.30669171489323444,3456,3195,William & Mary,FGCU,1486.8572709106484,1808.5724936397603,16,14
2025_3117_3456,0.3672579809502531,3456,3117,William & Mary,Arkansas St,1486.8572709106484,1586.1666111780894,16,15
2025_3422_3456,0.4229884579777716,3456,3422,William & Mary,UNC Greensboro,1486.8572709106484,1648.591563566133,16,16
2025_3301_3417,0.6046435408814976,3417,3301,UCLA,NC State,1958.278979203148,1883.6190284342556,1,2
2025_3261_3417,0.6663048448458783,3417,3261,UCLA,LSU,1958.278979203148,1875.8199352842041,1,3
2025_3124_3417,0.7097457780500986,3417,3124,UCLA,Baylor,1958.278979203148,1823.9933602644464,1,4
2025_3279_3417,0.7739997282194142,3417,3279,UCLA,Mississippi,1958.278979203148,1764.6037249112856,1,5
2025_3199_3417,0.8210541506669322,3417,3199,UCLA,Florida St,1958.278979203148,1761.9644695309794,1,6
2025_3277_3417,0.8479541795244633,3417,3277,UCLA,Michigan St,1958.278979203148,1715.8991388129386,1,7
2025_3350_3417,0.8746189168097888,3417,3350,UCLA,Richmond,1958.278979203148,1797.7185869664368,1,8
2025_3210_3417,0.9030983198625743,3417,3210,UCLA,Georgia Tech,1958.278979203148,1656.4881012812837,1,9
2025_3217_3417,0.9330074366787658,3417,3217,UCLA,Harvard,1958.278979203148,1773.429450810923,1,10
2025_3206_3417,0.9573397756615667,3417,3206,UCLA,George Mason,1958.278979203148,1753.7950358153073,1,11
2025_3123_3417,0.9718918454647064,3417,3123,UCLA,Ball St,1958.278979203148,1769.2197745940423,1,12
2025_3213_3417,0.967524106502533,3417,3213,UCLA,Grand Canyon,1958.278979203148,1761.903095765611,1,13
2025_3361_3417,0.972523148059845,3417,3361,UCLA,San Diego St,1958.278979203148,1671.1713611028213,1,14
2025_3417_3436,0.9742453646659851,3417,3436,UCLA,Vermont,1958.278979203148,1622.6020859062485,1,15
2025_3380_3417,0.9729207408428192,3417,3380,UCLA,Southern Univ,1958.278979203148,1553.512381915605,1,16
2025_3417_3471,0.9739995849132538,3417,3471,UCLA,UC San Diego,1958.278979203148,1524.6527067841912,1,16
2025_3417_3425,0.4887201696634291,3417,3425,UCLA,USC,1958.278979203148,1933.8727523760726,1,1
2025_3163_3417,0.5075067602618764,3417,3163,UCLA,Connecticut,1958.278979203148,1974.97509244384,1,2
2025_3328_3417,0.685391459097015,3417,3328,UCLA,Oklahoma,1958.278979203148,1825.81495927408,1,3
2025_3246_3417,0.7345124914309122,3417,3246,UCLA,Kentucky,1958.278979203148,1712.3650858848432,1,4
2025_3243_3417,0.7563726678060536,3417,3243,UCLA,Kansas St,1958.278979203148,1761.130509058621,1,5
2025_3234_3417,0.796181996669511,3417,3234,UCLA,Iowa,1958.278979203148,1820.9586709265081,1,6
2025_3329_3417,0.8453705267897068,3417,3329,UCLA,Oklahoma St,1958.278979203148,1735.6533768195266,1,7
2025_3143_3417,0.8866361370685015,3417,3143,UCLA,California,1958.278979203148,1732.981985453007,1,8
2025_3280_3417,0.9080405581934153,3417,3280,UCLA,Mississippi St,1958.278979203148,1672.2828961738294,1,9
2025_3355_3417,0.9292306181648956,3417,3355,UCLA,S Dakota St,1958.278979203148,1835.2775090793496,1,10
2025_3293_3417,0.9589188219109563,3417,3293,UCLA,Murray St,1958.278979203148,1695.9339089127072,1,11
2025_3193_3417,0.9665840518474579,3417,3193,UCLA,Fairfield,1958.278979203148,1777.546952772885,1,12
2025_3251_3417,0.9757144403457642,3417,3251,UCLA,Liberty,1958.278979203148,1734.815164305803,1,13
2025_3195_3417,0.9648547124862671,3417,3195,UCLA,FGCU,1958.278979203148,1808.5724936397603,1,14
2025_3117_3417,0.9705372703075409,3417,3117,UCLA,Arkansas St,1958.278979203148,1586.1666111780894,1,15
2025_3417_3422,0.9748353016376495,3417,3422,UCLA,UNC Greensboro,1958.278979203148,1648.591563566133,1,16
2025_3261_3301,0.5385755025371144,3301,3261,NC State,LSU,1883.6190284342556,1875.8199352842041,2,3
2025_3124_3301,0.619772899378883,3301,3124,NC State,Baylor,1883.6190284342556,1823.9933602644464,2,4
2025_3279_3301,0.6534143372437098,3301,3279,NC State,Mississippi,1883.6190284342556,1764.6037249112856,2,5
2025_3199_3301,0.7307567819522862,3301,3199,NC State,Florida St,1883.6190284342556,1761.9644695309794,2,6
2025_3277_3301,0.7876938184163371,3301,3277,NC State,Michigan St,1883.6190284342556,1715.8991388129386,2,7
2025_3301_3350,0.7949928747406422,3301,3350,NC State,Richmond,1883.6190284342556,1797.7185869664368,2,8
2025_3210_3301,0.8542082300784503,3301,3210,NC State,Georgia Tech,1883.6190284342556,1656.4881012812837,2,9
2025_3217_3301,0.8698080081684291,3301,3217,NC State,Harvard,1883.6190284342556,1773.429450810923,2,10
2025_3206_3301,0.9189128157356964,3301,3206,NC State,George Mason,1883.6190284342556,1753.7950358153073,2,11
2025_3123_3301,0.9415544689694433,3301,3123,NC State,Ball St,1883.6190284342556,1769.2197745940423,2,12
2025_3213_3301,0.9455585730075836,3301,3213,NC State,Grand Canyon,1883.6190284342556,1761.903095765611,2,13
2025_3301_3361,0.9696279418468475,3301,3361,NC State,San Diego St,1883.6190284342556,1671.1713611028213,2,14
2025_3301_3436,0.9706658971309662,3301,3436,NC State,Vermont,1883.6190284342556,1622.6020859062485,2,15
2025_3301_3380,0.9730109524726868,3301,3380,NC State,Southern Univ,1883.6190284342556,1553.512381915605,2,16
2025_3301_3471,0.972692574262619,3301,3471,NC State,UC San Diego,1883.6190284342556,1524.6527067841912,2,16
2025_3301_3425,0.4074427730814386,3301,3425,NC State,USC,1883.6190284342556,1933.8727523760726,2,1
2025_3163_3301,0.43120100945234285,3301,3163,NC State,Connecticut,1883.6190284342556,1974.97509244384,2,2
2025_3301_3328,0.5975698851569722,3301,3328,NC State,Oklahoma,1883.6190284342556,1825.81495927408,2,3
2025_3246_3301,0.6653731646433941,3301,3246,NC State,Kentucky,1883.6190284342556,1712.3650858848432,2,4
2025_3243_3301,0.6554357989689448,3301,3243,NC State,Kansas St,1883.6190284342556,1761.130509058621,2,5
2025_3234_3301,0.7386178597377782,3301,3234,NC State,Iowa,1883.6190284342556,1820.9586709265081,2,6
2025_3301_3329,0.7757239540478984,3301,3329,NC State,Oklahoma St,1883.6190284342556,1735.6533768195266,2,7
2025_3143_3301,0.8366644041529118,3301,3143,NC State,California,1883.6190284342556,1732.981985453007,2,8
2025_3280_3301,0.8572036913039599,3301,3280,NC State,Mississippi St,1883.6190284342556,1672.2828961738294,2,9
2025_3301_3355,0.8545426625950038,3301,3355,NC State,S Dakota St,1883.6190284342556,1835.2775090793496,2,10
2025_3293_3301,0.9329418417671905,3301,3293,NC State,Murray St,1883.6190284342556,1695.9339089127072,2,11
2025_3193_3301,0.9373382748166112,3301,3193,NC State,Fairfield,1883.6190284342556,1777.546952772885,2,12
2025_3251_3301,0.966923291683197,3301,3251,NC State,Liberty,1883.6190284342556,1734.815164305803,2,13
2025_3195_3301,0.9538724970817566,3301,3195,NC State,FGCU,1883.6190284342556,1808.5724936397603,2,14
2025_3117_3301,0.9670288515090942,3301,3117,NC State,Arkansas St,1883.6190284342556,1586.1666111780894,2,15
2025_3301_3422,0.9760572266578674,3301,3422,NC State,UNC Greensboro,1883.6190284342556,1648.591563566133,2,16
2025_3124_3261,0.5846519046052525,3261,3124,LSU,Baylor,1875.8199352842041,1823.9933602644464,3,4
2025_3261_3279,0.6388168516055218,3261,3279,LSU,Mississippi,1875.8199352842041,1764.6037249112856,3,5
2025_3199_3261,0.7183595134874918,3261,3199,LSU,Florida St,1875.8199352842041,1761.9644695309794,3,6
2025_3261_3277,0.7654549255537038,3261,3277,LSU,Michigan St,1875.8199352842041,1715.8991388129386,3,7
2025_3261_3350,0.7903407712838451,3261,3350,LSU,Richmond,1875.8199352842041,1797.7185869664368,3,8
2025_3210_3261,0.8299846010199009,3261,3210,LSU,Georgia Tech,1875.8199352842041,1656.4881012812837,3,9
2025_3217_3261,0.8549285820128832,3261,3217,LSU,Harvard,1875.8199352842041,1773.429450810923,3,10
2025_3206_3261,0.8924704242689311,3261,3206,LSU,George Mason,1875.8199352842041,1753.7950358153073,3,11
2025_3123_3261,0.9299388703564392,3261,3123,LSU,Ball St,1875.8199352842041,1769.2197745940423,3,12
2025_3213_3261,0.9388376594582586,3261,3213,LSU,Grand Canyon,1875.8199352842041,1761.903095765611,3,13
2025_3261_3361,0.9740976643562317,3261,3361,LSU,San Diego St,1875.8199352842041,1671.1713611028213,3,14
2025_3261_3436,0.9732953262329102,3261,3436,LSU,Vermont,1875.8199352842041,1622.6020859062485,3,15
2025_3261_3380,0.974666918516159,3261,3380,LSU,Southern Univ,1875.8199352842041,1553.512381915605,3,16
2025_3261_3471,0.9751569581031799,3261,3471,LSU,UC San Diego,1875.8199352842041,1524.6527067841912,3,16
2025_3261_3425,0.3526994524105913,3261,3425,LSU,USC,1875.8199352842041,1933.8727523760726,3,1
2025_3163_3261,0.39232827196277864,3261,3163,LSU,Connecticut,1875.8199352842041,1974.97509244384,3,2
2025_3261_3328,0.5841626435518263,3261,3328,LSU,Oklahoma,1875.8199352842041,1825.81495927408,3,3
2025_3246_3261,0.6186554603799412,3261,3246,LSU,Kentucky,1875.8199352842041,1712.3650858848432,3,4
2025_3243_3261,0.6058912011281125,3261,3243,LSU,Kansas St,1875.8199352842041,1761.130509058621,3,5
2025_3234_3261,0.6885391755959132,3261,3234,LSU,Iowa,1875.8199352842041,1820.9586709265081,3,6
2025_3261_3329,0.7547267749475484,3261,3329,LSU,Oklahoma St,1875.8199352842041,1735.6533768195266,3,7
2025_3143_3261,0.7992909749409953,3261,3143,LSU,California,1875.8199352842041,1732.981985453007,3,8
2025_3261_3280,0.8395032839765965,3261,3280,LSU,Mississippi St,1875.8199352842041,1672.2828961738294,3,9
2025_3261_3355,0.8495759657027636,3261,3355,LSU,S Dakota St,1875.8199352842041,1835.2775090793496,3,10
2025_3261_3293,0.9042358745081126,3261,3293,LSU,Murray St,1875.8199352842041,1695.9339089127072,3,11
2025_3193_3261,0.9242949065426574,3261,3193,LSU,Fairfield,1875.8199352842041,1777.546952772885,3,12
2025_3251_3261,0.9566110492745428,3261,3251,LSU,Liberty,1875.8199352842041,1734.815164305803,3,13
2025_3195_3261,0.9562453281879425,3261,3195,LSU,FGCU,1875.8199352842041,1808.5724936397603,3,14
2025_3117_3261,0.9668039035797119,3261,3117,LSU,Arkansas St,1875.8199352842041,1586.1666111780894,3,15
2025_3261_3422,0.9747720015048981,3261,3422,LSU,UNC Greensboro,1875.8199352842041,1648.591563566133,3,16
2025_3124_3279,0.5596877359374592,3124,3279,Baylor,Mississippi,1823.9933602644464,1764.6037249112856,4,5
2025_3124_3199,0.6687368931666485,3124,3199,Baylor,Florida St,1823.9933602644464,1761.9644695309794,4,6
2025_3124_3277,0.6951363666912653,3124,3277,Baylor,Michigan St,1823.9933602644464,1715.8991388129386,4,7
2025_3124_3350,0.7233823611902241,3124,3350,Baylor,Richmond,1823.9933602644464,1797.7185869664368,4,8
2025_3124_3210,0.7888435026070872,3124,3210,Baylor,Georgia Tech,1823.9933602644464,1656.4881012812837,4,9
2025_3124_3217,0.8331409947863041,3124,3217,Baylor,Harvard,1823.9933602644464,1773.429450810923,4,10
2025_3124_3206,0.8707109084727679,3124,3206,Baylor,George Mason,1823.9933602644464,1753.7950358153073,4,11
2025_3123_3124,0.8985747743589579,3124,3123,Baylor,Ball St,1823.9933602644464,1769.2197745940423,4,12
2025_3124_3213,0.9216085848072754,3124,3213,Baylor,Grand Canyon,1823.9933602644464,1761.903095765611,4,13
2025_3124_3361,0.9559883893528967,3124,3361,Baylor,San Diego St,1823.9933602644464,1671.1713611028213,4,14
2025_3124_3436,0.9754139137268066,3124,3436,Baylor,Vermont,1823.9933602644464,1622.6020859062485,4,15
2025_3124_3380,0.9757877838611603,3124,3380,Baylor,Southern Univ,1823.9933602644464,1553.512381915605,4,16
2025_3124_3471,0.9766884100437164,3124,3471,Baylor,UC San Diego,1823.9933602644464,1524.6527067841912,4,16
2025_3124_3425,0.2916428470054526,3124,3425,Baylor,USC,1823.9933602644464,1933.8727523760726,4,1
2025_3124_3163,0.3272618813022501,3124,3163,Baylor,Connecticut,1823.9933602644464,1974.97509244384,4,2
2025_3124_3328,0.5237308836952616,3124,3328,Baylor,Oklahoma,1823.9933602644464,1825.81495927408,4,3
2025_3124_3246,0.5534055292606352,3124,3246,Baylor,Kentucky,1823.9933602644464,1712.3650858848432,4,4
2025_3124_3243,0.5449556731208394,3124,3243,Baylor,Kansas St,1823.9933602644464,1761.130509058621,4,5
2025_3124_3234,0.6312268706456295,3124,3234,Baylor,Iowa,1823.9933602644464,1820.9586709265081,4,6
2025_3124_3329,0.7092970146795847,3124,3329,Baylor,Oklahoma St,1823.9933602644464,1735.6533768195266,4,7
2025_3124_3143,0.7636336758302693,3124,3143,Baylor,California,1823.9933602644464,1732.981985453007,4,8
2025_3124_3280,0.7838534464499751,3124,3280,Baylor,Mississippi St,1823.9933602644464,1672.2828961738294,4,9
2025_3124_3355,0.8207095520487248,3124,3355,Baylor,S Dakota St,1823.9933602644464,1835.2775090793496,4,10
2025_3124_3293,0.8740469506385241,3124,3293,Baylor,Murray St,1823.9933602644464,1695.9339089127072,4,11
2025_3124_3193,0.8895862747175395,3124,3193,Baylor,Fairfield,1823.9933602644464,1777.546952772885,4,12
2025_3124_3251,0.9386612352589355,3124,3251,Baylor,Liberty,1823.9933602644464,1734.815164305803,4,13
2025_3124_3195,0.9434834242859869,3124,3195,Baylor,FGCU,1823.9933602644464,1808.5724936397603,4,14
2025_3117_3124,0.9702698242664337,3124,3117,Baylor,Arkansas St,1823.9933602644464,1586.1666111780894,4,15
2025_3124_3422,0.975673998594284,3124,3422,Baylor,UNC Greensboro,1823.9933602644464,1648.591563566133,4,16
2025_3199_3279,0.6130197518094609,3279,3199,Mississippi,Florida St,1764.6037249112856,1761.9644695309794,5,6
2025_3277_3279,0.6572313191786877,3279,3277,Mississippi,Michigan St,1764.6037249112856,1715.8991388129386,5,7
2025_3279_3350,0.6812302156349757,3279,3350,Mississippi,Richmond,1764.6037249112856,1797.7185869664368,5,8
2025_3210_3279,0.7274382337497716,3279,3210,Mississippi,Georgia Tech,1764.6037249112856,1656.4881012812837,5,9
2025_3217_3279,0.7943543692490855,3279,3217,Mississippi,Harvard,1764.6037249112856,1773.429450810923,5,10
2025_3206_3279,0.8310381131163059,3279,3206,Mississippi,George Mason,1764.6037249112856,1753.7950358153073,5,11
2025_3123_3279,0.8603547504546557,3279,3123,Mississippi,Ball St,1764.6037249112856,1769.2197745940423,5,12
2025_3213_3279,0.8844572652322947,3279,3213,Mississippi,Grand Canyon,1764.6037249112856,1761.903095765611,5,13
2025_3279_3361,0.9351725157955871,3279,3361,Mississippi,San Diego St,1764.6037249112856,1671.1713611028213,5,14
2025_3279_3436,0.9547067702809362,3279,3436,Mississippi,Vermont,1764.6037249112856,1622.6020859062485,5,15
2025_3279_3380,0.9766648066043854,3279,3380,Mississippi,Southern Univ,1764.6037249112856,1553.512381915605,5,16
2025_3279_3471,0.9760660779476166,3279,3471,Mississippi,UC San Diego,1764.6037249112856,1524.6527067841912,5,16
2025_3279_3425,0.2339040793908589,3279,3425,Mississippi,USC,1764.6037249112856,1933.8727523760726,5,1
2025_3163_3279,0.2800893918612857,3279,3163,Mississippi,Connecticut,1764.6037249112856,1974.97509244384,5,2
2025_3279_3328,0.4594855395659334,3279,3328,Mississippi,Oklahoma,1764.6037249112856,1825.81495927408,5,3
2025_3246_3279,0.5331678635851312,3279,3246,Mississippi,Kentucky,1764.6037249112856,1712.3650858848432,5,4
2025_3243_3279,0.48747562468051897,3279,3243,Mississippi,Kansas St,1764.6037249112856,1761.130509058621,5,5
2025_3234_3279,0.5530826919301579,3279,3234,Mississippi,Iowa,1764.6037249112856,1820.9586709265081,5,6
2025_3279_3329,0.6656422945157162,3279,3329,Mississippi,Oklahoma St,1764.6037249112856,1735.6533768195266,5,7
2025_3143_3279,0.7131075694223978,3279,3143,Mississippi,California,1764.6037249112856,1732.981985453007,5,8
2025_3279_3280,0.7560477032827382,3279,3280,Mississippi,Mississippi St,1764.6037249112856,1672.2828961738294,5,9
2025_3279_3355,0.7637493064067165,3279,3355,Mississippi,S Dakota St,1764.6037249112856,1835.2775090793496,5,10
2025_3279_3293,0.8373797194948612,3279,3293,Mississippi,Murray St,1764.6037249112856,1695.9339089127072,5,11
2025_3193_3279,0.8528067758681689,3279,3193,Mississippi,Fairfield,1764.6037249112856,1777.546952772885,5,12
2025_3251_3279,0.9071219016058146,3279,3251,Mississippi,Liberty,1764.6037249112856,1734.815164305803,5,13
2025_3195_3279,0.9031985577801452,3279,3195,Mississippi,FGCU,1764.6037249112856,1808.5724936397603,5,14
2025_3117_3279,0.9585236431160955,3279,3117,Mississippi,Arkansas St,1764.6037249112856,1586.1666111780894,5,15
2025_3279_3422,0.9712387871742248,3279,3422,Mississippi,UNC Greensboro,1764.6037249112856,1648.591563566133,5,16
2025_3199_3277,0.5146233015283177,3199,3277,Florida St,Michigan St,1761.9644695309794,1715.8991388129386,6,7
2025_3199_3350,0.5802821698084942,3199,3350,Florida St,Richmond,1761.9644695309794,1797.7185869664368,6,8
2025_3199_3210,0.643434955086384,3199,3210,Florida St,Georgia Tech,1761.9644695309794,1656.4881012812837,6,9
2025_3199_3217,0.7078336104320531,3199,3217,Florida St,Harvard,1761.9644695309794,1773.429450810923,6,10
2025_3199_3206,0.7620743115803996,3199,3206,Florida St,George Mason,1761.9644695309794,1753.7950358153073,6,11
2025_3123_3199,0.8084682332268177,3199,3123,Florida St,Ball St,1761.9644695309794,1769.2197745940423,6,12
2025_3199_3213,0.8098940095307742,3199,3213,Florida St,Grand Canyon,1761.9644695309794,1761.903095765611,6,13
2025_3199_3361,0.8757098663789927,3199,3361,Florida St,San Diego St,1761.9644695309794,1671.1713611028213,6,14
2025_3199_3436,0.9208109554508911,3199,3436,Florida St,Vermont,1761.9644695309794,1622.6020859062485,6,15
2025_3199_3380,0.9492251397172002,3199,3380,Florida St,Southern Univ,1761.9644695309794,1553.512381915605,6,16
2025_3199_3471,0.9538691164055852,3199,3471,Florida St,UC San Diego,1761.9644695309794,1524.6527067841912,6,16
2025_3199_3425,0.1860505430587725,3199,3425,Florida St,USC,1761.9644695309794,1933.8727523760726,6,1
2025_3163_3199,0.21895459373125958,3199,3163,Florida St,Connecticut,1761.9644695309794,1974.97509244384,6,2
2025_3199_3328,0.34918341645988416,3199,3328,Florida St,Oklahoma,1761.9644695309794,1825.81495927408,6,3
2025_3199_3246,0.40625474728192157,3199,3246,Florida St,Kentucky,1761.9644695309794,1712.3650858848432,6,4
2025_3199_3243,0.39950153449930437,3199,3243,Florida St,Kansas St,1761.9644695309794,1761.130509058621,6,5
2025_3199_3234,0.45722141712903963,3199,3234,Florida St,Iowa,1761.9644695309794,1820.9586709265081,6,6
2025_3199_3329,0.5529812746270726,3199,3329,Florida St,Oklahoma St,1761.9644695309794,1735.6533768195266,6,7
2025_3143_3199,0.5993162127629391,3199,3143,Florida St,California,1761.9644695309794,1732.981985453007,6,8
2025_3199_3280,0.6464224292894938,3199,3280,Florida St,Mississippi St,1761.9644695309794,1672.2828961738294,6,9
2025_3199_3355,0.6813655271696095,3199,3355,Florida St,S Dakota St,1761.9644695309794,1835.2775090793496,6,10
2025_3199_3293,0.7554972519538203,3199,3293,Florida St,Murray St,1761.9644695309794,1695.9339089127072,6,11
2025_3193_3199,0.7984982984056889,3199,3193,Florida St,Fairfield,1761.9644695309794,1777.546952772885,6,12
2025_3199_3251,0.8600200405719195,3199,3251,Florida St,Liberty,1761.9644695309794,1734.815164305803,6,13
2025_3195_3199,0.8336658973438441,3199,3195,Florida St,FGCU,1761.9644695309794,1808.5724936397603,6,14
2025_3117_3199,0.9191112097958313,3199,3117,Florida St,Arkansas St,1761.9644695309794,1586.1666111780894,6,15
2025_3199_3422,0.9477472425499944,3199,3422,Florida St,UNC Greensboro,1761.9644695309794,1648.591563566133,6,16
2025_3277_3350,0.5326849096044133,3277,3350,Michigan St,Richmond,1715.8991388129386,1797.7185869664368,7,8
2025_3210_3277,0.6093176486388318,3277,3210,Michigan St,Georgia Tech,1715.8991388129386,1656.4881012812837,7,9
2025_3217_3277,0.6487335099836924,3277,3217,Michigan St,Harvard,1715.8991388129386,1773.429450810923,7,10
2025_3206_3277,0.7192572429346089,3277,3206,Michigan St,George Mason,1715.8991388129386,1753.7950358153073,7,11
2025_3123_3277,0.7507905413768092,3277,3123,Michigan St,Ball St,1715.8991388129386,1769.2197745940423,7,12
2025_3213_3277,0.7715646283617436,3277,3213,Michigan St,Grand Canyon,1715.8991388129386,1761.903095765611,7,13
2025_3277_3361,0.8630479565265093,3277,3361,Michigan St,San Diego St,1715.8991388129386,1671.1713611028213,7,14
2025_3277_3436,0.8975145865423381,3277,3436,Michigan St,Vermont,1715.8991388129386,1622.6020859062485,7,15
2025_3277_3380,0.9399312016228424,3277,3380,Michigan St,Southern Univ,1715.8991388129386,1553.512381915605,7,16
2025_3277_3471,0.9402870413521515,3277,3471,Michigan St,UC San Diego,1715.8991388129386,1524.6527067841912,7,16
2025_3277_3425,0.16002972555251677,3277,3425,Michigan St,USC,1715.8991388129386,1933.8727523760726,7,1
2025_3163_3277,0.19488037886108917,3277,3163,Michigan St,Connecticut,1715.8991388129386,1974.97509244384,7,2
2025_3277_3328,0.3120833158923142,3277,3328,Michigan St,Oklahoma,1715.8991388129386,1825.81495927408,7,3
2025_3246_3277,0.358774608466949,3277,3246,Michigan St,Kentucky,1715.8991388129386,1712.3650858848432,7,4
2025_3243_3277,0.3561967027887232,3277,3243,Michigan St,Kansas St,1715.8991388129386,1761.130509058621,7,5
2025_3234_3277,0.45062365601219423,3277,3234,Michigan St,Iowa,1715.8991388129386,1820.9586709265081,7,6
2025_3277_3329,0.5401862919330596,3277,3329,Michigan St,Oklahoma St,1715.8991388129386,1735.6533768195266,7,7
2025_3143_3277,0.5900938384755681,3277,3143,Michigan St,California,1715.8991388129386,1732.981985453007,7,8
2025_3277_3280,0.6205207290545575,3277,3280,Michigan St,Mississippi St,1715.8991388129386,1672.2828961738294,7,9
2025_3277_3355,0.6507524534126856,3277,3355,Michigan St,S Dakota St,1715.8991388129386,1835.2775090793496,7,10
2025_3277_3293,0.7397412880825047,3277,3293,Michigan St,Murray St,1715.8991388129386,1695.9339089127072,7,11
2025_3193_3277,0.7392352273127833,3277,3193,Michigan St,Fairfield,1715.8991388129386,1777.546952772885,7,12
2025_3251_3277,0.8340765492906986,3277,3251,Michigan St,Liberty,1715.8991388129386,1734.815164305803,7,13
2025_3195_3277,0.8033561101558123,3277,3195,Michigan St,FGCU,1715.8991388129386,1808.5724936397603,7,14
2025_3117_3277,0.8816010702593028,3277,3117,Michigan St,Arkansas St,1715.8991388129386,1586.1666111780894,7,15
2025_3277_3422,0.9329360005120025,3277,3422,Michigan St,UNC Greensboro,1715.8991388129386,1648.591563566133,7,16
2025_3210_3350,0.5714396410211156,3350,3210,Richmond,Georgia Tech,1797.7185869664368,1656.4881012812837,8,9
2025_3217_3350,0.676741454233276,3350,3217,Richmond,Harvard,1797.7185869664368,1773.429450810923,8,10
2025_3206_3350,0.7027208938261607,3350,3206,Richmond,George Mason,1797.7185869664368,1753.7950358153073,8,11
2025_3123_3350,0.7634804322885518,3350,3123,Richmond,Ball St,1797.7185869664368,1769.2197745940423,8,12
2025_3213_3350,0.790281881894807,3350,3213,Richmond,Grand Canyon,1797.7185869664368,1761.903095765611,8,13
2025_3350_3361,0.8392444508066593,3350,3361,Richmond,San Diego St,1797.7185869664368,1671.1713611028213,8,14
2025_3350_3436,0.8827983430030261,3350,3436,Richmond,Vermont,1797.7185869664368,1622.6020859062485,8,15
2025_3350_3380,0.911691342685908,3350,3380,Richmond,Southern Univ,1797.7185869664368,1553.512381915605,8,16
2025_3350_3471,0.9120812166673838,3350,3471,Richmond,UC San Diego,1797.7185869664368,1524.6527067841912,8,16
2025_3350_3425,0.14175209939456773,3350,3425,Richmond,USC,1797.7185869664368,1933.8727523760726,8,1
2025_3163_3350,0.1664807101795252,3350,3163,Richmond,Connecticut,1797.7185869664368,1974.97509244384,8,2
2025_3328_3350,0.29593241909529727,3350,3328,Richmond,Oklahoma,1797.7185869664368,1825.81495927408,8,3
2025_3246_3350,0.34760758732089925,3350,3246,Richmond,Kentucky,1797.7185869664368,1712.3650858848432,8,4
2025_3243_3350,0.3165944651702304,3350,3243,Richmond,Kansas St,1797.7185869664368,1761.130509058621,8,5
2025_3234_3350,0.3822937471374399,3350,3234,Richmond,Iowa,1797.7185869664368,1820.9586709265081,8,6
2025_3329_3350,0.4942786193863321,3350,3329,Richmond,Oklahoma St,1797.7185869664368,1735.6533768195266,8,7
2025_3143_3350,0.5507120698690413,3350,3143,Richmond,California,1797.7185869664368,1732.981985453007,8,8
2025_3280_3350,0.5591369741185734,3350,3280,Richmond,Mississippi St,1797.7185869664368,1672.2828961738294,8,9
2025_3350_3355,0.6621053995982281,3350,3355,Richmond,S Dakota St,1797.7185869664368,1835.2775090793496,8,10
2025_3293_3350,0.7368641628882029,3350,3293,Richmond,Murray St,1797.7185869664368,1695.9339089127072,8,11
2025_3193_3350,0.7637960388826375,3350,3193,Richmond,Fairfield,1797.7185869664368,1777.546952772885,8,12
2025_3251_3350,0.8161952396294871,3350,3251,Richmond,Liberty,1797.7185869664368,1734.815164305803,8,13
2025_3195_3350,0.8344182925215183,3350,3195,Richmond,FGCU,1797.7185869664368,1808.5724936397603,8,14
2025_3117_3350,0.8710078886153613,3350,3117,Richmond,Arkansas St,1797.7185869664368,1586.1666111780894,8,15
2025_3350_3422,0.9101272274000346,3350,3422,Richmond,UNC Greensboro,1797.7185869664368,1648.591563566133,8,16
2025_3210_3217,0.5130751155837605,3210,3217,Georgia Tech,Harvard,1656.4881012812837,1773.429450810923,9,10
2025_3206_3210,0.5855998428956143,3210,3206,Georgia Tech,George Mason,1656.4881012812837,1753.7950358153073,9,11
2025_3123_3210,0.6501705034634211,3210,3123,Georgia Tech,Ball St,1656.4881012812837,1769.2197745940423,9,12
2025_3210_3213,0.6785161122249608,3210,3213,Georgia Tech,Grand Canyon,1656.4881012812837,1761.903095765611,9,13
2025_3210_3361,0.7787193854710857,3210,3361,Georgia Tech,San Diego St,1656.4881012812837,1671.1713611028213,9,14
2025_3210_3436,0.8200967268934666,3210,3436,Georgia Tech,Vermont,1656.4881012812837,1622.6020859062485,9,15
2025_3210_3380,0.8624027362468157,3210,3380,Georgia Tech,Southern Univ,1656.4881012812837,1553.512381915605,9,16
2025_3210_3471,0.8667282155158434,3210,3471,Georgia Tech,UC San Diego,1656.4881012812837,1524.6527067841912,9,16
2025_3210_3425,0.10187094805708465,3210,3425,Georgia Tech,USC,1656.4881012812837,1933.8727523760726,9,1
2025_3163_3210,0.13117693528509927,3210,3163,Georgia Tech,Connecticut,1656.4881012812837,1974.97509244384,9,2
2025_3210_3328,0.2046194685706671,3210,3328,Georgia Tech,Oklahoma,1656.4881012812837,1825.81495927408,9,3
2025_3210_3246,0.24715357223536533,3210,3246,Georgia Tech,Kentucky,1656.4881012812837,1712.3650858848432,9,4
2025_3210_3243,0.25041926730999875,3210,3243,Georgia Tech,Kansas St,1656.4881012812837,1761.130509058621,9,5
2025_3210_3234,0.29271788755449246,3210,3234,Georgia Tech,Iowa,1656.4881012812837,1820.9586709265081,9,6
2025_3210_3329,0.3756496769889719,3210,3329,Georgia Tech,Oklahoma St,1656.4881012812837,1735.6533768195266,9,7
2025_3143_3210,0.47980160484470613,3210,3143,Georgia Tech,California,1656.4881012812837,1732.981985453007,9,8
2025_3210_3280,0.4847679942846297,3210,3280,Georgia Tech,Mississippi St,1656.4881012812837,1672.2828961738294,9,9
2025_3210_3355,0.4993624337538311,3210,3355,Georgia Tech,S Dakota St,1656.4881012812837,1835.2775090793496,9,10
2025_3210_3293,0.6451142611399762,3210,3293,Georgia Tech,Murray St,1656.4881012812837,1695.9339089127072,9,11
2025_3193_3210,0.6466819479128458,3210,3193,Georgia Tech,Fairfield,1656.4881012812837,1777.546952772885,9,12
2025_3210_3251,0.7489471956657414,3210,3251,Georgia Tech,Liberty,1656.4881012812837,1734.815164305803,9,13
2025_3195_3210,0.7429943432471553,3210,3195,Georgia Tech,FGCU,1656.4881012812837,1808.5724936397603,9,14
2025_3117_3210,0.8248130040159641,3210,3117,Georgia Tech,Arkansas St,1656.4881012812837,1586.1666111780894,9,15
2025_3210_3422,0.8650180986525927,3210,3422,Georgia Tech,UNC Greensboro,1656.4881012812837,1648.591563566133,9,16
2025_3206_3217,0.5414329492076466,3217,3206,Harvard,George Mason,1773.429450810923,1753.7950358153073,10,11
2025_3123_3217,0.6155332955018155,3217,3123,Harvard,Ball St,1773.429450810923,1769.2197745940423,10,12
2025_3213_3217,0.6744671150108912,3217,3213,Harvard,Grand Canyon,1773.429450810923,1761.903095765611,10,13
2025_3217_3361,0.7409173026250844,3217,3361,Harvard,San Diego St,1773.429450810923,1671.1713611028213,10,14
2025_3217_3436,0.7818844666144649,3217,3436,Harvard,Vermont,1773.429450810923,1622.6020859062485,10,15
2025_3217_3380,0.8453258233061253,3217,3380,Harvard,Southern Univ,1773.429450810923,1553.512381915605,10,16
2025_3217_3471,0.8420293288221775,3217,3471,Harvard,UC San Diego,1773.429450810923,1524.6527067841912,10,16
2025_3217_3425,0.06670739029997652,3217,3425,Harvard,USC,1773.429450810923,1933.8727523760726,10,1
2025_3163_3217,0.09518931394389209,3217,3163,Harvard,Connecticut,1773.429450810923,1974.97509244384,10,2
2025_3217_3328,0.1911957690117438,3217,3328,Harvard,Oklahoma,1773.429450810923,1825.81495927408,10,3
2025_3217_3246,0.263408230067211,3217,3246,Harvard,Kentucky,1773.429450810923,1712.3650858848432,10,4
2025_3217_3243,0.20163445124413532,3217,3243,Harvard,Kansas St,1773.429450810923,1761.130509058621,10,5
2025_3217_3234,0.2678505525423043,3217,3234,Harvard,Iowa,1773.429450810923,1820.9586709265081,10,6
2025_3217_3329,0.33293986180814694,3217,3329,Harvard,Oklahoma St,1773.429450810923,1735.6533768195266,10,7
2025_3143_3217,0.42129274583901233,3217,3143,Harvard,California,1773.429450810923,1732.981985453007,10,8
2025_3217_3280,0.4686216510311533,3217,3280,Harvard,Mississippi St,1773.429450810923,1672.2828961738294,10,9
2025_3217_3355,0.5205811917781829,3217,3355,Harvard,S Dakota St,1773.429450810923,1835.2775090793496,10,10
2025_3217_3293,0.6132759027703831,3217,3293,Harvard,Murray St,1773.429450810923,1695.9339089127072,10,11
2025_3193_3217,0.6043741586104504,3217,3193,Harvard,Fairfield,1773.429450810923,1777.546952772885,10,12
2025_3217_3251,0.7124824955126383,3217,3251,Harvard,Liberty,1773.429450810923,1734.815164305803,10,13
2025_3195_3217,0.6988543197082524,3217,3195,Harvard,FGCU,1773.429450810923,1808.5724936397603,10,14
2025_3117_3217,0.8019695182702342,3217,3117,Harvard,Arkansas St,1773.429450810923,1586.1666111780894,10,15
2025_3217_3422,0.8323669986715733,3217,3422,Harvard,UNC Greensboro,1773.429450810923,1648.591563566133,10,16
2025_3123_3206,0.6009625964387486,3206,3123,George Mason,Ball St,1753.7950358153073,1769.2197745940423,11,12
2025_3206_3213,0.6644414248362652,3206,3213,George Mason,Grand Canyon,1753.7950358153073,1761.903095765611,11,13
2025_3206_3361,0.7251019014975169,3206,3361,George Mason,San Diego St,1753.7950358153073,1671.1713611028213,11,14
2025_3206_3436,0.7605720236467366,3206,3436,George Mason,Vermont,1753.7950358153073,1622.6020859062485,11,15
2025_3206_3380,0.8194308777711192,3206,3380,George Mason,Southern Univ,1753.7950358153073,1553.512381915605,11,16
2025_3206_3471,0.8209440310857097,3206,3471,George Mason,UC San Diego,1753.7950358153073,1524.6527067841912,11,16
2025_3206_3425,0.04611471285428651,3206,3425,George Mason,USC,1753.7950358153073,1933.8727523760726,11,1
2025_3163_3206,0.06898357526862686,3206,3163,George Mason,Connecticut,1753.7950358153073,1974.97509244384,11,2
2025_3206_3328,0.16210166325738962,3206,3328,George Mason,Oklahoma,1753.7950358153073,1825.81495927408,11,3
2025_3206_3246,0.21618108242727113,3206,3246,George Mason,Kentucky,1753.7950358153073,1712.3650858848432,11,4
2025_3206_3243,0.16705332455130179,3206,3243,George Mason,Kansas St,1753.7950358153073,1761.130509058621,11,5
2025_3206_3234,0.23297637650754016,3206,3234,George Mason,Iowa,1753.7950358153073,1820.9586709265081,11,6
2025_3206_3329,0.2893072486353867,3206,3329,George Mason,Oklahoma St,1753.7950358153073,1735.6533768195266,11,7
2025_3143_3206,0.37327919760736417,3206,3143,George Mason,California,1753.7950358153073,1732.981985453007,11,8
2025_3206_3280,0.42411384857739276,3206,3280,George Mason,Mississippi St,1753.7950358153073,1672.2828961738294,11,9
2025_3206_3355,0.49599645505108125,3206,3355,George Mason,S Dakota St,1753.7950358153073,1835.2775090793496,11,10
2025_3206_3293,0.5833661764860152,3206,3293,George Mason,Murray St,1753.7950358153073,1695.9339089127072,11,11
2025_3193_3206,0.553776683710439,3206,3193,George Mason,Fairfield,1753.7950358153073,1777.546952772885,11,12
2025_3206_3251,0.6826678844586483,3206,3251,George Mason,Liberty,1753.7950358153073,1734.815164305803,11,13
2025_3195_3206,0.6743007584473231,3206,3195,George Mason,FGCU,1753.7950358153073,1808.5724936397603,11,14
2025_3117_3206,0.7762895002531056,3206,3117,George Mason,Arkansas St,1753.7950358153073,1586.1666111780894,11,15
2025_3206_3422,0.8065945108792583,3206,3422,George Mason,UNC Greensboro,1753.7950358153073,1648.591563566133,11,16
2025_3123_3213,0.5393480830415318,3123,3213,Ball St,Grand Canyon,1769.2197745940423,1761.903095765611,12,13
2025_3123_3361,0.649796965946304,3123,3361,Ball St,San Diego St,1769.2197745940423,1671.1713611028213,12,14
2025_3123_3436,0.7026354356667139,3123,3436,Ball St,Vermont,1769.2197745940423,1622.6020859062485,12,15
2025_3123_3380,0.7775331511663441,3123,3380,Ball St,Southern Univ,1769.2197745940423,1553.512381915605,12,16
2025_3123_3471,0.7777176573442464,3123,3471,Ball St,UC San Diego,1769.2197745940423,1524.6527067841912,12,16
2025_3123_3425,0.027476609610021113,3123,3425,Ball St,USC,1769.2197745940423,1933.8727523760726,12,1
2025_3123_3163,0.04278687564041265,3123,3163,Ball St,Connecticut,1769.2197745940423,1974.97509244384,12,2
2025_3123_3328,0.08365730376446312,3123,3328,Ball St,Oklahoma,1769.2197745940423,1825.81495927408,12,3
2025_3123_3246,0.1492387722986036,3123,3246,Ball St,Kentucky,1769.2197745940423,1712.3650858848432,12,4
2025_3123_3243,0.13826707169390512,3123,3243,Ball St,Kansas St,1769.2197745940423,1761.130509058621,12,5
2025_3123_3234,0.18425365296097357,3123,3234,Ball St,Iowa,1769.2197745940423,1820.9586709265081,12,6
2025_3123_3329,0.22406881997372669,3123,3329,Ball St,Oklahoma St,1769.2197745940423,1735.6533768195266,12,7
2025_3123_3143,0.30630499575862813,3123,3143,Ball St,California,1769.2197745940423,1732.981985453007,12,8
2025_3123_3280,0.3341284231284518,3123,3280,Ball St,Mississippi St,1769.2197745940423,1672.2828961738294,12,9
2025_3123_3355,0.35436645276392764,3123,3355,Ball St,S Dakota St,1769.2197745940423,1835.2775090793496,12,10
2025_3123_3293,0.47479882309593446,3123,3293,Ball St,Murray St,1769.2197745940423,1695.9339089127072,12,11
2025_3123_3193,0.4628972247242926,3123,3193,Ball St,Fairfield,1769.2197745940423,1777.546952772885,12,12
2025_3123_3251,0.6225775205119679,3123,3251,Ball St,Liberty,1769.2197745940423,1734.815164305803,12,13
2025_3123_3195,0.5693724038497082,3123,3195,Ball St,FGCU,1769.2197745940423,1808.5724936397603,12,14
2025_3117_3123,0.7252286209723093,3123,3117,Ball St,Arkansas St,1769.2197745940423,1586.1666111780894,12,15
2025_3123_3422,0.7703144326375966,3123,3422,Ball St,UNC Greensboro,1769.2197745940423,1648.591563566133,12,16
2025_3213_3361,0.540736305020673,3213,3361,Grand Canyon,San Diego St,1761.903095765611,1671.1713611028213,13,14
2025_3213_3436,0.6132142575875393,3213,3436,Grand Canyon,Vermont,1761.903095765611,1622.6020859062485,13,15
2025_3213_3380,0.7202280594965556,3213,3380,Grand Canyon,Southern Univ,1761.903095765611,1553.512381915605,13,16
2025_3213_3471,0.7188848688265421,3213,3471,Grand Canyon,UC San Diego,1761.903095765611,1524.6527067841912,13,16
2025_3213_3425,0.028760528117418287,3213,3425,Grand Canyon,USC,1761.903095765611,1933.8727523760726,13,1
2025_3163_3213,0.028943857103586195,3213,3163,Grand Canyon,Connecticut,1761.903095765611,1974.97509244384,13,2
2025_3213_3328,0.082795899262091,3213,3328,Grand Canyon,Oklahoma,1761.903095765611,1825.81495927408,13,3
2025_3213_3246,0.12446995259726112,3213,3246,Grand Canyon,Kentucky,1761.903095765611,1712.3650858848432,13,4
2025_3213_3243,0.10431228725185927,3213,3243,Grand Canyon,Kansas St,1761.903095765611,1761.130509058621,13,5
2025_3213_3234,0.1609668599066813,3213,3234,Grand Canyon,Iowa,1761.903095765611,1820.9586709265081,13,6
2025_3213_3329,0.19246436041684706,3213,3329,Grand Canyon,Oklahoma St,1761.903095765611,1735.6533768195266,13,7
2025_3143_3213,0.25867655823018115,3213,3143,Grand Canyon,California,1761.903095765611,1732.981985453007,13,8
2025_3213_3280,0.3083160266710274,3213,3280,Grand Canyon,Mississippi St,1761.903095765611,1672.2828961738294,13,9
2025_3213_3355,0.3277769596317668,3213,3355,Grand Canyon,S Dakota St,1761.903095765611,1835.2775090793496,13,10
2025_3213_3293,0.41628564275349444,3213,3293,Grand Canyon,Murray St,1761.903095765611,1695.9339089127072,13,11
2025_3193_3213,0.38546177963175066,3213,3193,Grand Canyon,Fairfield,1761.903095765611,1777.546952772885,13,12
2025_3213_3251,0.5148587137460707,3213,3251,Grand Canyon,Liberty,1761.903095765611,1734.815164305803,13,13
2025_3195_3213,0.5081181474550793,3213,3195,Grand Canyon,FGCU,1761.903095765611,1808.5724936397603,13,14
2025_3117_3213,0.6504458966151349,3213,3117,Grand Canyon,Arkansas St,1761.903095765611,1586.1666111780894,13,15
2025_3213_3422,0.6916542037388422,3213,3422,Grand Canyon,UNC Greensboro,1761.903095765611,1648.591563566133,13,16
2025_3361_3436,0.5273102395757268,3361,3436,San Diego St,Vermont,1671.1713611028213,1622.6020859062485,14,15
2025_3361_3380,0.6762884291306607,3361,3380,San Diego St,Southern Univ,1671.1713611028213,1553.512381915605,14,16
2025_3361_3471,0.6800064774647824,3361,3471,San Diego St,UC San Diego,1671.1713611028213,1524.6527067841912,14,16
2025_3361_3425,0.025371282286942003,3361,3425,San Diego St,USC,1671.1713611028213,1933.8727523760726,14,1
2025_3163_3361,0.025555078797042368,3361,3163,San Diego St,Connecticut,1671.1713611028213,1974.97509244384,14,2
2025_3328_3361,0.03813564769923687,3361,3328,San Diego St,Oklahoma,1671.1713611028213,1825.81495927408,14,3
2025_3246_3361,0.06374005963410981,3361,3246,San Diego St,Kentucky,1671.1713611028213,1712.3650858848432,14,4
2025_3243_3361,0.06616330047601526,3361,3243,San Diego St,Kansas St,1671.1713611028213,1761.130509058621,14,5
2025_3234_3361,0.09868604464402732,3361,3234,San Diego St,Iowa,1671.1713611028213,1820.9586709265081,14,6
2025_3329_3361,0.13899572357512308,3361,3329,San Diego St,Oklahoma St,1671.1713611028213,1735.6533768195266,14,7
2025_3143_3361,0.17510881406159956,3361,3143,San Diego St,California,1671.1713611028213,1732.981985453007,14,8
2025_3280_3361,0.20113493079330486,3361,3280,San Diego St,Mississippi St,1671.1713611028213,1672.2828961738294,14,9
2025_3355_3361,0.2385160856379025,3361,3355,San Diego St,S Dakota St,1671.1713611028213,1835.2775090793496,14,10
2025_3293_3361,0.3541489229539294,3361,3293,San Diego St,Murray St,1671.1713611028213,1695.9339089127072,14,11
2025_3193_3361,0.3547031594022638,3361,3193,San Diego St,Fairfield,1671.1713611028213,1777.546952772885,14,12
2025_3251_3361,0.4911869115606714,3361,3251,San Diego St,Liberty,1671.1713611028213,1734.815164305803,14,13
2025_3195_3361,0.46956356465816484,3361,3195,San Diego St,FGCU,1671.1713611028213,1808.5724936397603,14,14
2025_3117_3361,0.5724264853223393,3361,3117,San Diego St,Arkansas St,1671.1713611028213,1586.1666111780894,14,15
2025_3361_3422,0.680813047517883,3361,3422,San Diego St,UNC Greensboro,1671.1713611028213,1648.591563566133,14,16
2025_3380_3436,0.591349127195699,3436,3380,Vermont,Southern Univ,1622.6020859062485,1553.512381915605,15,16
2025_3436_3471,0.5969567321761677,3436,3471,Vermont,UC San Diego,1622.6020859062485,1524.6527067841912,15,16
2025_3425_3436,0.024907606579363344,3436,3425,Vermont,USC,1622.6020859062485,1933.8727523760726,15,1
2025_3163_3436,0.025725051686167715,3436,3163,Vermont,Connecticut,1622.6020859062485,1974.97509244384,15,2
2025_3328_3436,0.03320595428347588,3436,3328,Vermont,Oklahoma,1622.6020859062485,1825.81495927408,15,3
2025_3246_3436,0.03739254541695118,3436,3246,Vermont,Kentucky,1622.6020859062485,1712.3650858848432,15,4
2025_3243_3436,0.04469316163416751,3436,3243,Vermont,Kansas St,1622.6020859062485,1761.130509058621,15,5
2025_3234_3436,0.07296586775684422,3436,3234,Vermont,Iowa,1622.6020859062485,1820.9586709265081,15,6
2025_3329_3436,0.10248048936894473,3436,3329,Vermont,Oklahoma St,1622.6020859062485,1735.6533768195266,15,7
2025_3143_3436,0.15179740801430536,3436,3143,Vermont,California,1622.6020859062485,1732.981985453007,15,8
2025_3280_3436,0.16436425727696974,3436,3280,Vermont,Mississippi St,1622.6020859062485,1672.2828961738294,15,9
2025_3355_3436,0.196754805240889,3436,3355,Vermont,S Dakota St,1622.6020859062485,1835.2775090793496,15,10
2025_3293_3436,0.2728109926415436,3436,3293,Vermont,Murray St,1622.6020859062485,1695.9339089127072,15,11
2025_3193_3436,0.2899673865178485,3436,3193,Vermont,Fairfield,1622.6020859062485,1777.546952772885,15,12
2025_3251_3436,0.4173546520575411,3436,3251,Vermont,Liberty,1622.6020859062485,1734.815164305803,15,13
2025_3195_3436,0.36786424959458597,3436,3195,Vermont,FGCU,1622.6020859062485,1808.5724936397603,15,14
2025_3117_3436,0.5233063310384749,3436,3117,Vermont,Arkansas St,1622.6020859062485,1586.1666111780894,15,15
2025_3422_3436,0.590785669587476,3436,3422,Vermont,UNC Greensboro,1622.6020859062485,1648.591563566133,15,16
2025_3380_3471,0.4575568869709967,3380,3471,Southern Univ,UC San Diego,1553.512381915605,1524.6527067841912,16,16
2025_3380_3425,0.023423924967646597,3380,3425,Southern Univ,USC,1553.512381915605,1933.8727523760726,16,1
2025_3163_3380,0.025847182534635065,3380,3163,Southern Univ,Connecticut,1553.512381915605,1974.97509244384,16,2
2025_3328_3380,0.02756662007421255,3380,3328,Southern Univ,Oklahoma,1553.512381915605,1825.81495927408,16,3
2025_3246_3380,0.027881383821368216,3380,3246,Southern Univ,Kentucky,1553.512381915605,1712.3650858848432,16,4
2025_3243_3380,0.024662785623222588,3380,3243,Southern Univ,Kansas St,1553.512381915605,1761.130509058621,16,5
2025_3234_3380,0.04094865815099128,3380,3234,Southern Univ,Iowa,1553.512381915605,1820.9586709265081,16,6
2025_3329_3380,0.06101866991722649,3380,3329,Southern Univ,Oklahoma St,1553.512381915605,1735.6533768195266,16,7
2025_3143_3380,0.09062549246421393,3380,3143,Southern Univ,California,1553.512381915605,1732.981985453007,16,8
2025_3280_3380,0.11917165271914792,3380,3280,Southern Univ,Mississippi St,1553.512381915605,1672.2828961738294,16,9
2025_3355_3380,0.15744175334365923,3380,3355,Southern Univ,S Dakota St,1553.512381915605,1835.2775090793496,16,10
2025_3293_3380,0.2182614984550671,3380,3293,Southern Univ,Murray St,1553.512381915605,1695.9339089127072,16,11
2025_3193_3380,0.22257145014235902,3380,3193,Southern Univ,Fairfield,1553.512381915605,1777.546952772885,16,12
2025_3251_3380,0.2632885170170922,3380,3251,Southern Univ,Liberty,1553.512381915605,1734.815164305803,16,13
2025_3195_3380,0.3145216790541536,3380,3195,Southern Univ,FGCU,1553.512381915605,1808.5724936397603,16,14
2025_3117_3380,0.37509966859974153,3380,3117,Southern Univ,Arkansas St,1553.512381915605,1586.1666111780894,16,15
2025_3380_3422,0.4422487229108809,3380,3422,Southern Univ,UNC Greensboro,1553.512381915605,1648.591563566133,16,16
2025_3425_3471,0.022266834899783133,3471,3425,UC San Diego,USC,1524.6527067841912,1933.8727523760726,16,1
2025_3163_3471,0.024114816840738056,3471,3163,UC San Diego,Connecticut,1524.6527067841912,1974.97509244384,16,2
2025_3328_3471,0.027771725244820116,3471,3328,UC San Diego,Oklahoma,1524.6527067841912,1825.81495927408,16,3
2025_3246_3471,0.026140023879706858,3471,3246,UC San Diego,Kentucky,1524.6527067841912,1712.3650858848432,16,4
2025_3243_3471,0.024176969118416308,3471,3243,UC San Diego,Kansas St,1524.6527067841912,1761.130509058621,16,5
2025_3234_3471,0.04118864787127622,3471,3234,UC San Diego,Iowa,1524.6527067841912,1820.9586709265081,16,6
2025_3329_3471,0.06060226441824501,3471,3329,UC San Diego,Oklahoma St,1524.6527067841912,1735.6533768195266,16,7
2025_3143_3471,0.09364300927093562,3471,3143,UC San Diego,California,1524.6527067841912,1732.981985453007,16,8
2025_3280_3471,0.11802692688978506,3471,3280,UC San Diego,Mississippi St,1524.6527067841912,1672.2828961738294,16,9
2025_3355_3471,0.15524665211232264,3471,3355,UC San Diego,S Dakota St,1524.6527067841912,1835.2775090793496,16,10
2025_3293_3471,0.19930503839637798,3471,3293,UC San Diego,Murray St,1524.6527067841912,1695.9339089127072,16,11
2025_3193_3471,0.22024663616547513,3471,3193,UC San Diego,Fairfield,1524.6527067841912,1777.546952772885,16,12
2025_3251_3471,0.26472325297090005,3471,3251,UC San Diego,Liberty,1524.6527067841912,1734.815164305803,16,13
2025_3195_3471,0.3069094730123407,3471,3195,UC San Diego,FGCU,1524.6527067841912,1808.5724936397603,16,14
2025_3117_3471,0.38439534077800996,3471,3117,UC San Diego,Arkansas St,1524.6527067841912,1586.1666111780894,16,15
2025_3422_3471,0.4550469651818274,3471,3422,UC San Diego,UNC Greensboro,1524.6527067841912,1648.591563566133,16,16
2025_3163_3425,0.5070233442410061,3425,3163,USC,Connecticut,1933.8727523760726,1974.97509244384,1,2
2025_3328_3425,0.680384192098724,3425,3328,USC,Oklahoma,1933.8727523760726,1825.81495927408,1,3
2025_3246_3425,0.7387884094378092,3425,3246,USC,Kentucky,1933.8727523760726,1712.3650858848432,1,4
2025_3243_3425,0.7439049407409672,3425,3243,USC,Kansas St,1933.8727523760726,1761.130509058621,1,5
2025_3234_3425,0.784418200459222,3425,3234,USC,Iowa,1933.8727523760726,1820.9586709265081,1,6
2025_3329_3425,0.8387322680941044,3425,3329,USC,Oklahoma St,1933.8727523760726,1735.6533768195266,1,7
2025_3143_3425,0.8802750697734271,3425,3143,USC,California,1933.8727523760726,1732.981985453007,1,8
2025_3280_3425,0.9045026648981273,3425,3280,USC,Mississippi St,1933.8727523760726,1672.2828961738294,1,9
2025_3355_3425,0.9278123256424652,3425,3355,USC,S Dakota St,1933.8727523760726,1835.2775090793496,1,10
2025_3293_3425,0.9580300868550329,3425,3293,USC,Murray St,1933.8727523760726,1695.9339089127072,1,11
2025_3193_3425,0.9688319218158722,3425,3193,USC,Fairfield,1933.8727523760726,1777.546952772885,1,12
2025_3251_3425,0.9763434183597565,3425,3251,USC,Liberty,1933.8727523760726,1734.815164305803,1,13
2025_3195_3425,0.960821623802185,3425,3195,USC,FGCU,1933.8727523760726,1808.5724936397603,1,14
2025_3117_3425,0.9701389026641846,3425,3117,USC,Arkansas St,1933.8727523760726,1586.1666111780894,1,15
2025_3422_3425,0.9753655445575714,3425,3422,USC,UNC Greensboro,1933.8727523760726,1648.591563566133,1,16
2025_3163_3328,0.6273950510247777,3163,3328,Connecticut,Oklahoma,1974.97509244384,1825.81495927408,2,3
2025_3163_3246,0.6920149954453579,3163,3246,Connecticut,Kentucky,1974.97509244384,1712.3650858848432,2,4
2025_3163_3243,0.7179231180807688,3163,3243,Connecticut,Kansas St,1974.97509244384,1761.130509058621,2,5
2025_3163_3234,0.7543800845312123,3163,3234,Connecticut,Iowa,1974.97509244384,1820.9586709265081,2,6
2025_3163_3329,0.815468957032899,3163,3329,Connecticut,Oklahoma St,1974.97509244384,1735.6533768195266,2,7
2025_3143_3163,0.8498047845354496,3163,3143,Connecticut,California,1974.97509244384,1732.981985453007,2,8
2025_3163_3280,0.878636567890874,3163,3280,Connecticut,Mississippi St,1974.97509244384,1672.2828961738294,2,9
2025_3163_3355,0.9033846009714305,3163,3355,Connecticut,S Dakota St,1974.97509244384,1835.2775090793496,2,10
2025_3163_3293,0.9407116946438537,3163,3293,Connecticut,Murray St,1974.97509244384,1695.9339089127072,2,11
2025_3163_3193,0.9555007935563116,3163,3193,Connecticut,Fairfield,1974.97509244384,1777.546952772885,2,12
2025_3163_3251,0.9760211956501007,3163,3251,Connecticut,Liberty,1974.97509244384,1734.815164305803,2,13
2025_3163_3195,0.9702159714698791,3163,3195,Connecticut,FGCU,1974.97509244384,1808.5724936397603,2,14
2025_3117_3163,0.9699296307563782,3163,3117,Connecticut,Arkansas St,1974.97509244384,1586.1666111780894,2,15
2025_3163_3422,0.9752367091178894,3163,3422,Connecticut,UNC Greensboro,1974.97509244384,1648.591563566133,2,16
2025_3246_3328,0.5266214632018635,3328,3246,Oklahoma,Kentucky,1825.81495927408,1712.3650858848432,3,4
2025_3243_3328,0.5447696255937687,3328,3243,Oklahoma,Kansas St,1825.81495927408,1761.130509058621,3,5
2025_3234_3328,0.5919920488258936,3328,3234,Oklahoma,Iowa,1825.81495927408,1820.9586709265081,3,6
2025_3328_3329,0.719766519920731,3328,3329,Oklahoma,Oklahoma St,1825.81495927408,1735.6533768195266,3,7
2025_3143_3328,0.7716506620309154,3328,3143,Oklahoma,California,1825.81495927408,1732.981985453007,3,8
2025_3280_3328,0.7949117081156193,3328,3280,Oklahoma,Mississippi St,1825.81495927408,1672.2828961738294,3,9
2025_3328_3355,0.8183485856654559,3328,3355,Oklahoma,S Dakota St,1825.81495927408,1835.2775090793496,3,10
2025_3293_3328,0.8789398420793711,3328,3293,Oklahoma,Murray St,1825.81495927408,1695.9339089127072,3,11
2025_3193_3328,0.9018542942265259,3328,3193,Oklahoma,Fairfield,1825.81495927408,1777.546952772885,3,12
2025_3251_3328,0.95068473825846,3328,3251,Oklahoma,Liberty,1825.81495927408,1734.815164305803,3,13
2025_3195_3328,0.9361599040031433,3328,3195,Oklahoma,FGCU,1825.81495927408,1808.5724936397603,3,14
2025_3117_3328,0.9544873487949371,3328,3117,Oklahoma,Arkansas St,1825.81495927408,1586.1666111780894,3,15
2025_3328_3422,0.9724788022041321,3328,3422,Oklahoma,UNC Greensboro,1825.81495927408,1648.591563566133,3,16
2025_3243_3246,0.4703094833119938,3246,3243,Kentucky,Kansas St,1712.3650858848432,1761.130509058621,4,5
2025_3234_3246,0.5948085071936718,3246,3234,Kentucky,Iowa,1712.3650858848432,1820.9586709265081,4,6
2025_3246_3329,0.6561180039307215,3246,3329,Kentucky,Oklahoma St,1712.3650858848432,1735.6533768195266,4,7
2025_3143_3246,0.743136905090714,3246,3143,Kentucky,California,1712.3650858848432,1732.981985453007,4,8
2025_3246_3280,0.7518308510443965,3246,3280,Kentucky,Mississippi St,1712.3650858848432,1672.2828961738294,4,9
2025_3246_3355,0.7548489229669987,3246,3355,Kentucky,S Dakota St,1712.3650858848432,1835.2775090793496,4,10
2025_3246_3293,0.8495145431163226,3246,3293,Kentucky,Murray St,1712.3650858848432,1695.9339089127072,4,11
2025_3193_3246,0.8139382053358256,3246,3193,Kentucky,Fairfield,1712.3650858848432,1777.546952772885,4,12
2025_3246_3251,0.9244313117722259,3246,3251,Kentucky,Liberty,1712.3650858848432,1734.815164305803,4,13
2025_3195_3246,0.8913346798220663,3246,3195,Kentucky,FGCU,1712.3650858848432,1808.5724936397603,4,14
2025_3117_3246,0.9473684084415436,3246,3117,Kentucky,Arkansas St,1712.3650858848432,1586.1666111780894,4,15
2025_3246_3422,0.9669028174877167,3246,3422,Kentucky,UNC Greensboro,1712.3650858848432,1648.591563566133,4,16
2025_3234_3243,0.5669387154801915,3243,3234,Kansas St,Iowa,1761.130509058621,1820.9586709265081,5,6
2025_3243_3329,0.6767229022875897,3243,3329,Kansas St,Oklahoma St,1761.130509058621,1735.6533768195266,5,7
2025_3143_3243,0.7081931515595057,3243,3143,Kansas St,California,1761.130509058621,1732.981985453007,5,8
2025_3243_3280,0.7458281740116124,3243,3280,Kansas St,Mississippi St,1761.130509058621,1672.2828961738294,5,9
2025_3243_3355,0.7734001775643626,3243,3355,Kansas St,S Dakota St,1761.130509058621,1835.2775090793496,5,10
2025_3243_3293,0.8487571732988773,3243,3293,Kansas St,Murray St,1761.130509058621,1695.9339089127072,5,11
2025_3193_3243,0.8627627781035815,3243,3193,Kansas St,Fairfield,1761.130509058621,1777.546952772885,5,12
2025_3243_3251,0.9081836093408763,3243,3251,Kansas St,Liberty,1761.130509058621,1734.815164305803,5,13
2025_3195_3243,0.9164002415398346,3243,3195,Kansas St,FGCU,1761.130509058621,1808.5724936397603,5,14
2025_3117_3243,0.9524981201687841,3243,3117,Kansas St,Arkansas St,1761.130509058621,1586.1666111780894,5,15
2025_3243_3422,0.9727635931968689,3243,3422,Kansas St,UNC Greensboro,1761.130509058621,1648.591563566133,5,16
2025_3234_3329,0.5950240366681645,3234,3329,Iowa,Oklahoma St,1820.9586709265081,1735.6533768195266,6,7
2025_3143_3234,0.6713017406359784,3234,3143,Iowa,California,1820.9586709265081,1732.981985453007,6,8
2025_3234_3280,0.7011841668745615,3234,3280,Iowa,Mississippi St,1820.9586709265081,1672.2828961738294,6,9
2025_3234_3355,0.7348246499465947,3234,3355,Iowa,S Dakota St,1820.9586709265081,1835.2775090793496,6,10
2025_3234_3293,0.7948587139508525,3234,3293,Iowa,Murray St,1820.9586709265081,1695.9339089127072,6,11
2025_3193_3234,0.8137694405308186,3234,3193,Iowa,Fairfield,1820.9586709265081,1777.546952772885,6,12
2025_3234_3251,0.8756159535052691,3234,3251,Iowa,Liberty,1820.9586709265081,1734.815164305803,6,13
2025_3195_3234,0.8757607091409861,3234,3195,Iowa,FGCU,1820.9586709265081,1808.5724936397603,6,14
2025_3117_3234,0.9346435245732055,3234,3117,Iowa,Arkansas St,1820.9586709265081,1586.1666111780894,6,15
2025_3234_3422,0.9600662709275274,3234,3422,Iowa,UNC Greensboro,1820.9586709265081,1648.591563566133,6,16
2025_3143_3329,0.5727897905334065,3329,3143,Oklahoma St,California,1735.6533768195266,1732.981985453007,7,8
2025_3280_3329,0.6218084725037686,3329,3280,Oklahoma St,Mississippi St,1735.6533768195266,1672.2828961738294,7,9
2025_3329_3355,0.6635926051994898,3329,3355,Oklahoma St,S Dakota St,1735.6533768195266,1835.2775090793496,7,10
2025_3293_3329,0.7525574042963032,3329,3293,Oklahoma St,Murray St,1735.6533768195266,1695.9339089127072,7,11
2025_3193_3329,0.7483621438405315,3329,3193,Oklahoma St,Fairfield,1735.6533768195266,1777.546952772885,7,12
2025_3251_3329,0.8441560523500858,3329,3251,Oklahoma St,Liberty,1735.6533768195266,1734.815164305803,7,13
2025_3195_3329,0.8122844836118136,3329,3195,Oklahoma St,FGCU,1735.6533768195266,1808.5724936397603,7,14
2025_3117_3329,0.8833477545721232,3329,3117,Oklahoma St,Arkansas St,1735.6533768195266,1586.1666111780894,7,15
2025_3329_3422,0.9357735094288574,3329,3422,Oklahoma St,UNC Greensboro,1735.6533768195266,1648.591563566133,7,16
2025_3143_3280,0.4933061548098156,3143,3280,California,Mississippi St,1732.981985453007,1672.2828961738294,8,9
2025_3143_3355,0.5698988022700421,3143,3355,California,S Dakota St,1732.981985453007,1835.2775090793496,8,10
2025_3143_3293,0.6961762591263392,3143,3293,California,Murray St,1732.981985453007,1695.9339089127072,8,11
2025_3143_3193,0.6950913592742924,3143,3193,California,Fairfield,1732.981985453007,1777.546952772885,8,12
2025_3143_3251,0.7875804205796519,3143,3251,California,Liberty,1732.981985453007,1734.815164305803,8,13
2025_3143_3195,0.7634125607004582,3143,3195,California,FGCU,1732.981985453007,1808.5724936397603,8,14
2025_3117_3143,0.8441545656325732,3143,3117,California,Arkansas St,1732.981985453007,1586.1666111780894,8,15
2025_3143_3422,0.8903685260755717,3143,3422,California,UNC Greensboro,1732.981985453007,1648.591563566133,8,16
2025_3280_3355,0.5303078465684483,3280,3355,Mississippi St,S Dakota St,1672.2828961738294,1835.2775090793496,9,10
2025_3280_3293,0.6488684596911541,3280,3293,Mississippi St,Murray St,1672.2828961738294,1695.9339089127072,9,11
2025_3193_3280,0.651472835149441,3280,3193,Mississippi St,Fairfield,1672.2828961738294,1777.546952772885,9,12
2025_3251_3280,0.7540535404848103,3280,3251,Mississippi St,Liberty,1672.2828961738294,1734.815164305803,9,13
2025_3195_3280,0.7456425776145259,3280,3195,Mississippi St,FGCU,1672.2828961738294,1808.5724936397603,9,14
2025_3117_3280,0.8219808893194614,3280,3117,Mississippi St,Arkansas St,1672.2828961738294,1586.1666111780894,9,15
2025_3280_3422,0.8699478796126757,3280,3422,Mississippi St,UNC Greensboro,1672.2828961738294,1648.591563566133,9,16
2025_3293_3355,0.5911430441363881,3355,3293,S Dakota St,Murray St,1835.2775090793496,1695.9339089127072,10,11
2025_3193_3355,0.6193437012330166,3355,3193,S Dakota St,Fairfield,1835.2775090793496,1777.546952772885,10,12
2025_3251_3355,0.7210416330954172,3355,3251,S Dakota St,Liberty,1835.2775090793496,1734.815164305803,10,13
2025_3195_3355,0.7173288985656743,3355,3195,S Dakota St,FGCU,1835.2775090793496,1808.5724936397603,10,14
2025_3117_3355,0.8029918869397441,3355,3117,S Dakota St,Arkansas St,1835.2775090793496,1586.1666111780894,10,15
2025_3355_3422,0.8491733627310215,3355,3422,S Dakota St,UNC Greensboro,1835.2775090793496,1648.591563566133,10,16
2025_3193_3293,0.4773488216622898,3293,3193,Murray St,Fairfield,1695.9339089127072,1777.546952772885,11,12
2025_3251_3293,0.6476519586936108,3293,3251,Murray St,Liberty,1695.9339089127072,1734.815164305803,11,13
2025_3195_3293,0.6269971116444208,3293,3195,Murray St,FGCU,1695.9339089127072,1808.5724936397603,11,14
2025_3117_3293,0.7055214866565709,3293,3117,Murray St,Arkansas St,1695.9339089127072,1586.1666111780894,11,15
2025_3293_3422,0.7764606674573222,3293,3422,Murray St,UNC Greensboro,1695.9339089127072,1648.591563566133,11,16
2025_3193_3251,0.616943614981992,3193,3251,Fairfield,Liberty,1777.546952772885,1734.815164305803,12,13
2025_3193_3195,0.6129328640595547,3193,3195,Fairfield,FGCU,1777.546952772885,1808.5724936397603,12,14
2025_3117_3193,0.7208652033468821,3193,3117,Fairfield,Arkansas St,1777.546952772885,1586.1666111780894,12,15
2025_3193_3422,0.7643769755529408,3193,3422,Fairfield,UNC Greensboro,1777.546952772885,1648.591563566133,12,16
2025_3195_3251,0.46610440542541237,3251,3195,Liberty,FGCU,1734.815164305803,1808.5724936397603,13,14
2025_3117_3251,0.6122913690701596,3251,3117,Liberty,Arkansas St,1734.815164305803,1586.1666111780894,13,15
2025_3251_3422,0.6995974167248347,3251,3422,Liberty,UNC Greensboro,1734.815164305803,1648.591563566133,13,16
2025_3117_3195,0.6037752353175709,3195,3117,FGCU,Arkansas St,1808.5724936397603,1586.1666111780894,14,15
2025_3195_3422,0.6885287793770901,3195,3422,FGCU,UNC Greensboro,1808.5724936397603,1648.591563566133,14,16
2025_3117_3422,0.5355154745801518,3117,3422,Arkansas St,UNC Greensboro,1586.1666111780894,1648.591563566133,15,16
