ID,Pred,Team1ID,Team2ID,Team1Name,Team2Name,Team1ELO,Team2ELO,Team1Seed,Team2Seed
2023_3268_3376,0.7878426077155376,3376,3268,South Carolina,Maryland,2043.8496755017884,1859.4262219904858,1,2
2023_3323_3376,0.8286899699046436,3376,3323,South Carolina,Notre Dame,2043.8496755017884,1834.2364236562826,1,3
2023_3376_3417,0.8972862557264655,3376,3417,South Carolina,UCLA,2043.8496755017884,1759.3938164623714,1,4
2023_3328_3376,0.8886412562587997,3376,3328,South Carolina,Oklahoma,2043.8496755017884,1788.1489233205414,1,5
2023_3166_3376,0.9035547197475994,3376,3166,South Carolina,Creighton,2043.8496755017884,1778.7639577166096,1,6
2023_3112_3376,0.9347334272268998,3376,3112,South Carolina,Arizona,2043.8496755017884,1729.2507374325417,1,7
2023_3376_3378,0.9147387754393954,3376,3378,South Carolina,South Florida,2043.8496755017884,1783.1587423934077,1,8
2023_3266_3376,0.9422656337288303,3376,3266,South Carolina,Marquette,2043.8496755017884,1719.3910434388056,1,9
2023_3376_3452,0.9589003098871686,3376,3452,South Carolina,West Virginia,2043.8496755017884,1665.0724564337702,1,10
2023_3228_3376,0.9721661294067655,3376,3228,South Carolina,Illinois,2043.8496755017884,1603.7412667052643,1,11
2023_3280_3376,0.9629456952223601,3376,3280,South Carolina,Mississippi St,2043.8496755017884,1648.6825811607623,1,11
2023_3339_3376,0.9496207258950787,3376,3339,South Carolina,Portland,2043.8496755017884,1697.49527781994,1,12
2023_3170_3376,0.9704627586122636,3376,3170,South Carolina,CS Sacramento,2043.8496755017884,1613.0365458577303,1,13
2023_3376_3381,0.9649971053308442,3376,3381,South Carolina,Southern Utah,2043.8496755017884,1639.701958180419,1,14
2023_3221_3376,0.9672441950696313,3376,3221,South Carolina,Holy Cross,2043.8496755017884,1629.2629259481291,1,15
2023_3313_3376,0.9724371301052792,3376,3313,South Carolina,Norfolk St,2043.8496755017884,1602.2116912546117,1,16
2023_3376_3390,0.7083327440735164,3376,3390,South Carolina,Stanford,2043.8496755017884,1908.977300569646,1,1
2023_3234_3376,0.7759380106722924,3376,3234,South Carolina,Iowa,2043.8496755017884,1870.0390816644287,1,2
2023_3181_3376,0.8659263911157348,3376,3181,South Carolina,Duke,2043.8496755017884,1790.301488742785,1,3
2023_3376_3400,0.8575451679077567,3376,3400,South Carolina,Texas,2043.8496755017884,1815.9967388701339,1,4
2023_3257_3376,0.8788374317683304,3376,3257,South Carolina,Louisville,2043.8496755017884,1802.6606489162655,1,5
2023_3160_3376,0.9199044116372167,3376,3160,South Carolina,Colorado,2043.8496755017884,1747.8027385138969,1,6
2023_3199_3376,0.945626002043856,3376,3199,South Carolina,Florida St,2043.8496755017884,1699.7348268401822,1,7
2023_3279_3376,0.9308649314406655,3376,3279,South Carolina,Mississippi,2043.8496755017884,1748.6337804634163,1,8
2023_3211_3376,0.8888038357353749,3376,3211,South Carolina,Gonzaga,2043.8496755017884,1827.899035685442,1,9
2023_3208_3376,0.9445483300236702,3376,3208,South Carolina,Georgia,2043.8496755017884,1712.8913313664273,1,10
2023_3292_3376,0.9177056453298632,3376,3292,South Carolina,MTSU,2043.8496755017884,1777.2829997325239,1,11
2023_3179_3376,0.9496288246287622,3376,3179,South Carolina,Drake,2043.8496755017884,1697.4695442261514,1,12
2023_3187_3376,0.9664615253300457,3376,3187,South Carolina,East Carolina,2043.8496755017884,1632.975233621385,1,13
2023_3233_3376,0.9699567748170977,3376,3233,South Carolina,Iona,2043.8496755017884,1615.6976357645276,1,14
2023_3368_3376,0.9797921697120249,3376,3368,South Carolina,SE Louisiana,2043.8496755017884,1553.8846780379956,1,15
2023_3357_3376,0.9897334597966487,3376,3357,South Carolina,Sacred Heart,2043.8496755017884,1449.4167263331549,1,16
2023_3376_3380,0.9840346190059217,3376,3380,South Carolina,Southern Univ,2043.8496755017884,1517.4087938006023,1,16
2023_3231_3376,0.7599860528042728,3376,3231,South Carolina,Indiana,2043.8496755017884,1868.6504754692617,1,1
2023_3376_3428,0.8452876537041358,3376,3428,South Carolina,Utah,2043.8496755017884,1800.7318318752298,1,2
2023_3261_3376,0.7987447560819311,3376,3261,South Carolina,LSU,2043.8496755017884,1864.3183903367678,1,3
2023_3376_3437,0.835611208465876,3376,3437,South Carolina,Villanova,2043.8496755017884,1841.7034566384116,1,4
2023_3376_3450,0.9023331852623306,3376,3450,South Carolina,Washington St,2043.8496755017884,1765.8827084988868,1,5
2023_3276_3376,0.9219324291587506,3376,3276,South Carolina,Michigan,2043.8496755017884,1743.5697265353447,1,6
2023_3301_3376,0.9163942607637573,3376,3301,South Carolina,NC State,2043.8496755017884,1769.9034812206935,1,7
2023_3329_3376,0.9597312415989199,3376,3329,South Carolina,Oklahoma St,2043.8496755017884,1661.836187921656,1,8
2023_3274_3376,0.9544658269127841,3376,3274,South Carolina,Miami FL,2043.8496755017884,1681.351650097899,1,9
2023_3343_3376,0.8958674832152363,3376,3343,South Carolina,Princeton,2043.8496755017884,1816.719582514641,1,10
2023_3376_3424,0.9155810118452841,3376,3424,South Carolina,UNLV,2043.8496755017884,1781.5098532864504,1,11
2023_3195_3376,0.8830526227674276,3376,3195,South Carolina,FL Gulf Coast,2043.8496755017884,1836.5510410618815,1,12
2023_3156_3376,0.9357368087993542,3376,3156,South Carolina,Cleveland St,2043.8496755017884,1736.7326765943915,1,13
2023_3218_3376,0.9762538978240238,3376,3218,South Carolina,Hawaii,2043.8496755017884,1578.9600184597623,1,14
2023_3205_3376,0.9555892649302065,3376,3205,South Carolina,Gardner Webb,2043.8496755017884,1677.3755202435086,1,15
2023_3284_3376,0.9842381620895707,3376,3284,South Carolina,Monmouth NJ,2043.8496755017884,1515.4270054614776,1,16
2023_3376_3399,0.9726158332972171,3376,3399,South Carolina,Tennessee Tech,2043.8496755017884,1601.1950436554923,1,16
2023_3376_3439,0.7497286663451541,3376,3439,South Carolina,Virginia Tech,2043.8496755017884,1877.0771224285086,1,1
2023_3163_3376,0.7048856412667204,3376,3163,South Carolina,Connecticut,2043.8496755017884,1926.504762305338,1,2
2023_3326_3376,0.8511236654280926,3376,3326,South Carolina,Ohio St,2043.8496755017884,1808.8412260077441,1,3
2023_3376_3397,0.8791942568719477,3376,3397,South Carolina,Tennessee,2043.8496755017884,1787.1506340535723,1,4
2023_3235_3376,0.8856113530925289,3376,3235,South Carolina,Iowa St,2043.8496755017884,1792.7485871099263,1,5
2023_3314_3376,0.9207910668117834,3376,3314,South Carolina,North Carolina,2043.8496755017884,1745.964248895116,1,6
2023_3124_3376,0.9421445512423947,3376,3124,South Carolina,Baylor,2043.8496755017884,1709.7290295199857,1,7
2023_3376_3425,0.9585434728893176,3376,3425,South Carolina,USC,2043.8496755017884,1666.4430616873983,1,8
2023_3355_3376,0.9148354626118491,3376,3355,South Carolina,S Dakota St,2043.8496755017884,1782.9702056641402,1,9
2023_3104_3376,0.9592265841424636,3376,3104,South Carolina,Alabama,2043.8496755017884,1663.8092371165892,1,10
2023_3345_3376,0.9671309314416823,3376,3345,South Carolina,Purdue,2043.8496755017884,1629.805418842588,1,11
2023_3376_3385,0.96374702568829,3376,3385,South Carolina,St John's,2043.8496755017884,1645.2328828958891,1,11
2023_3376_3405,0.8976815327790967,3376,3405,South Carolina,Toledo,2043.8496755017884,1813.7407826360668,1,12
2023_3376_3387,0.9717723025001346,3376,3387,South Carolina,St Louis,2043.8496755017884,1605.9385038294836,1,13
2023_3241_3376,0.9553445266917354,3376,3241,South Carolina,James Madison,2043.8496755017884,1678.2498124691901,1,14
2023_3376_3436,0.9650997595489742,3376,3436,South Carolina,Vermont,2043.8496755017884,1639.2393495950207,1,15
2023_3151_3376,0.9846840454791049,3376,3151,South Carolina,Chattanooga,2043.8496755017884,1510.9961838972956,1,16
2023_3268_3323,0.565717902206109,3268,3323,Maryland,Notre Dame,1859.4262219904858,1834.2364236562826,2,3
2023_3268_3417,0.7017110541084423,3268,3417,Maryland,UCLA,1859.4262219904858,1759.3938164623714,2,4
2023_3268_3328,0.6824311038078571,3268,3328,Maryland,Oklahoma,1859.4262219904858,1788.1489233205414,2,5
2023_3166_3268,0.7161392745492001,3268,3166,Maryland,Creighton,1859.4262219904858,1778.7639577166096,2,6
2023_3112_3268,0.7940988030634513,3268,3112,Maryland,Arizona,1859.4262219904858,1729.2507374325417,2,7
2023_3268_3378,0.7491046764510245,3268,3378,Maryland,South Florida,1859.4262219904858,1783.1587423934077,2,8
2023_3266_3268,0.8290836678951047,3268,3266,Maryland,Marquette,1859.4262219904858,1719.3910434388056,2,9
2023_3268_3452,0.8739669995620477,3268,3452,Maryland,West Virginia,1859.4262219904858,1665.0724564337702,2,10
2023_3228_3268,0.9121349118215164,3268,3228,Maryland,Illinois,1859.4262219904858,1603.7412667052643,2,11
2023_3268_3280,0.8853729126731817,3268,3280,Maryland,Mississippi St,1859.4262219904858,1648.6825811607623,2,11
2023_3268_3339,0.8485399286819182,3268,3339,Maryland,Portland,1859.4262219904858,1697.49527781994,2,12
2023_3170_3268,0.907108796528648,3268,3170,Maryland,CS Sacramento,1859.4262219904858,1613.0365458577303,2,13
2023_3268_3381,0.8912338454377843,3268,3381,Maryland,Southern Utah,1859.4262219904858,1639.701958180419,2,14
2023_3221_3268,0.8977144017725647,3268,3221,Maryland,Holy Cross,1859.4262219904858,1629.2629259481291,2,15
2023_3268_3313,0.9129380549229961,3268,3313,Maryland,Norfolk St,1859.4262219904858,1602.2116912546117,2,16
2023_3268_3390,0.39539990355002985,3268,3390,Maryland,Stanford,1859.4262219904858,1908.977300569646,2,1
2023_3234_3268,0.48255207849209386,3268,3234,Maryland,Iowa,1859.4262219904858,1870.0390816644287,2,2
2023_3181_3268,0.6349335646685472,3268,3181,Maryland,Duke,1859.4262219904858,1790.301488742785,2,3
2023_3268_3400,0.6184746603981878,3268,3400,Maryland,Texas,1859.4262219904858,1815.9967388701339,2,4
2023_3257_3268,0.6613904825338597,3268,3257,Maryland,Louisville,1859.4262219904858,1802.6606489162655,2,5
2023_3160_3268,0.7556689047700584,3268,3160,Maryland,Colorado,1859.4262219904858,1747.8027385138969,2,6
2023_3199_3268,0.8240441743927804,3268,3199,Maryland,Florida St,1859.4262219904858,1699.7348268401822,2,7
2023_3268_3279,0.7893440809217066,3268,3279,Maryland,Mississippi,1859.4262219904858,1748.6337804634163,2,8
2023_3211_3268,0.7037653193517848,3268,3211,Maryland,Gonzaga,1859.4262219904858,1827.899035685442,2,9
2023_3208_3268,0.8350580054137127,3268,3208,Maryland,Georgia,1859.4262219904858,1712.8913313664273,2,10
2023_3268_3292,0.7682198177536844,3268,3292,Maryland,MTSU,1859.4262219904858,1777.2829997325239,2,11
2023_3179_3268,0.8485616853756995,3268,3179,Maryland,Drake,1859.4262219904858,1697.4695442261514,2,12
2023_3187_3268,0.8954499581771836,3268,3187,Maryland,East Carolina,1859.4262219904858,1632.975233621385,2,13
2023_3233_3268,0.9056230785933942,3268,3233,Maryland,Iona,1859.4262219904858,1615.6976357645276,2,14
2023_3268_3368,0.9351107263128512,3268,3368,Maryland,SE Louisiana,1859.4262219904858,1553.8846780379956,2,15
2023_3268_3357,0.9662765909142285,3268,3357,Maryland,Sacred Heart,1859.4262219904858,1449.4167263331549,2,16
2023_3268_3380,0.9482380712816365,3268,3380,Maryland,Southern Univ,1859.4262219904858,1517.4087938006023,2,16
2023_3231_3268,0.4602423928935557,3268,3231,Maryland,Indiana,1859.4262219904858,1868.6504754692617,2,1
2023_3268_3428,0.595353019980688,3268,3428,Maryland,Utah,1859.4262219904858,1800.7318318752298,2,2
2023_3261_3268,0.5166182642176128,3268,3261,Maryland,LSU,1859.4262219904858,1864.3183903367678,2,3
2023_3268_3437,0.5778513672371406,3268,3437,Maryland,Villanova,1859.4262219904858,1841.7034566384116,2,4
2023_3268_3450,0.7132972118307539,3268,3450,Maryland,Washington St,1859.4262219904858,1765.8827084988868,2,5
2023_3268_3276,0.7607739357529179,3268,3276,Maryland,Michigan,1859.4262219904858,1743.5697265353447,2,6
2023_3268_3301,0.7469412012533286,3268,3301,Maryland,NC State,1859.4262219904858,1769.9034812206935,2,7
2023_3268_3329,0.868983572033357,3268,3329,Maryland,Oklahoma St,1859.4262219904858,1661.836187921656,2,8
2023_3268_3274,0.861690358180599,3268,3274,Maryland,Miami FL,1859.4262219904858,1681.351650097899,2,9
2023_3268_3343,0.7188653876372917,3268,3343,Maryland,Princeton,1859.4262219904858,1816.719582514641,2,10
2023_3268_3424,0.7632315493353968,3268,3424,Maryland,UNLV,1859.4262219904858,1781.5098532864504,2,11
2023_3195_3268,0.6917626981746443,3268,3195,Maryland,FL Gulf Coast,1859.4262219904858,1836.5510410618815,2,12
2023_3156_3268,0.8123052983053101,3268,3156,Maryland,Cleveland St,1859.4262219904858,1736.7326765943915,2,13
2023_3218_3268,0.9243530241887963,3268,3218,Maryland,Hawaii,1859.4262219904858,1578.9600184597623,2,14
2023_3205_3268,0.8647785035954598,3268,3205,Maryland,Gardner Webb,1859.4262219904858,1677.3755202435086,2,15
2023_3268_3284,0.9488742746814686,3268,3284,Maryland,Monmouth NJ,1859.4262219904858,1515.4270054614776,2,16
2023_3268_3399,0.9134681921896207,3268,3399,Maryland,Tennessee Tech,1859.4262219904858,1601.1950436554923,2,16
2023_3268_3439,0.4465044813318607,3268,3439,Maryland,Virginia Tech,1859.4262219904858,1877.0771224285086,2,1
2023_3163_3268,0.3914318975365202,3268,3163,Maryland,Connecticut,1859.4262219904858,1926.504762305338,2,2
2023_3268_3326,0.6062250004357315,3268,3326,Maryland,Ohio St,1859.4262219904858,1808.8412260077441,2,3
2023_3268_3397,0.6621415034964567,3268,3397,Maryland,Tennessee,1859.4262219904858,1787.1506340535723,2,4
2023_3235_3268,0.6758372196111607,3268,3235,Maryland,Iowa St,1859.4262219904858,1792.7485871099263,2,5
2023_3268_3314,0.7578951496270634,3268,3314,Maryland,North Carolina,1859.4262219904858,1745.964248895116,2,6
2023_3124_3268,0.8143067712402473,3268,3124,Maryland,Baylor,1859.4262219904858,1709.7290295199857,2,7
2023_3268_3425,0.8654942442757269,3268,3425,Maryland,USC,1859.4262219904858,1666.4430616873983,2,8
2023_3268_3355,0.7614910181387621,3268,3355,Maryland,S Dakota St,1859.4262219904858,1782.9702056641402,2,9
2023_3104_3268,0.8748795472996554,3268,3104,Maryland,Alabama,1859.4262219904858,1663.8092371165892,2,10
2023_3268_3345,0.8973862227583902,3268,3345,Maryland,Purdue,1859.4262219904858,1629.805418842588,2,11
2023_3268_3385,0.8876561020470345,3268,3385,Maryland,St John's,1859.4262219904858,1645.2328828958891,2,11
2023_3268_3405,0.722808855221037,3268,3405,Maryland,Toledo,1859.4262219904858,1813.7407826360668,2,12
2023_3268_3387,0.9109694784774341,3268,3387,Maryland,St Louis,1859.4262219904858,1605.9385038294836,2,13
2023_3241_3268,0.8641044943557167,3268,3241,Maryland,James Madison,1859.4262219904858,1678.2498124691901,2,14
2023_3268_3436,0.8915285111759254,3268,3436,Maryland,Vermont,1859.4262219904858,1639.2393495950207,2,15
2023_3151_3268,0.9502700131319152,3268,3151,Maryland,Chattanooga,1859.4262219904858,1510.9961838972956,2,16
2023_3323_3417,0.6436078291321758,3323,3417,Notre Dame,UCLA,1834.2364236562826,1759.3938164623714,3,4
2023_3323_3328,0.6225922293750675,3323,3328,Notre Dame,Oklahoma,1834.2364236562826,1788.1489233205414,3,5
2023_3166_3323,0.6594826804752815,3323,3166,Notre Dame,Creighton,1834.2364236562826,1778.7639577166096,3,6
2023_3112_3323,0.7475164537124319,3323,3112,Notre Dame,Arizona,1834.2364236562826,1729.2507374325417,3,7
2023_3323_3378,0.6962368639224842,3323,3378,Notre Dame,South Florida,1834.2364236562826,1783.1587423934077,3,8
2023_3266_3323,0.7937434912964144,3323,3266,Notre Dame,Marquette,1834.2364236562826,1719.3910434388056,3,9
2023_3323_3452,0.8545546230189217,3323,3452,Notre Dame,West Virginia,1834.2364236562826,1665.0724564337702,3,10
2023_3228_3323,0.897914701017969,3323,3228,Notre Dame,Illinois,1834.2364236562826,1603.7412667052643,3,11
2023_3280_3323,0.8674509007182576,3323,3280,Notre Dame,Mississippi St,1834.2364236562826,1648.6825811607623,3,11
2023_3323_3339,0.8259908907053306,3323,3339,Notre Dame,Portland,1834.2364236562826,1697.49527781994,3,12
2023_3170_3323,0.8921713127254195,3323,3170,Notre Dame,CS Sacramento,1834.2364236562826,1613.0365458577303,3,13
2023_3323_3381,0.87409788515066,3323,3381,Notre Dame,Southern Utah,1834.2364236562826,1639.701958180419,3,14
2023_3221_3323,0.8814636483961269,3323,3221,Notre Dame,Holy Cross,1834.2364236562826,1629.2629259481291,3,15
2023_3313_3323,0.8988334094138078,3323,3313,Notre Dame,Norfolk St,1834.2364236562826,1602.2116912546117,3,16
2023_3323_3390,0.3342398091328672,3323,3390,Notre Dame,Stanford,1834.2364236562826,1908.977300569646,3,1
2023_3234_3323,0.4172138800569732,3323,3234,Notre Dame,Iowa,1834.2364236562826,1870.0390816644287,3,2
2023_3181_3323,0.5717610411768956,3323,3181,Notre Dame,Duke,1834.2364236562826,1790.301488742785,3,3
2023_3323_3400,0.55445260983024,3323,3400,Notre Dame,Texas,1834.2364236562826,1815.9967388701339,3,4
2023_3257_3323,0.5999113154678852,3323,3257,Notre Dame,Louisville,1834.2364236562826,1802.6606489162655,3,5
2023_3160_3323,0.7036370618304408,3323,3160,Notre Dame,Colorado,1834.2364236562826,1747.8027385138969,3,6
2023_3199_3323,0.7823799662725015,3323,3199,Notre Dame,Florida St,1834.2364236562826,1699.7348268401822,3,7
2023_3279_3323,0.7420354806473237,3323,3279,Notre Dame,Mississippi,1834.2364236562826,1748.6337804634163,3,8
2023_3211_3323,0.653347386775927,3323,3211,Notre Dame,Gonzaga,1834.2364236562826,1827.899035685442,3,9
2023_3208_3323,0.810948994964911,3323,3208,Notre Dame,Georgia,1834.2364236562826,1712.8913313664273,3,10
2023_3292_3323,0.7374133504294699,3323,3292,Notre Dame,MTSU,1834.2364236562826,1777.2829997325239,3,11
2023_3179_3323,0.8260152223440111,3323,3179,Notre Dame,Drake,1834.2364236562826,1697.4695442261514,3,12
2023_3187_3323,0.8788879750963612,3323,3187,Notre Dame,East Carolina,1834.2364236562826,1632.975233621385,3,13
2023_3233_3323,0.8904755284565029,3323,3233,Notre Dame,Iona,1834.2364236562826,1615.6976357645276,3,14
2023_3323_3368,0.9243003543878828,3323,3368,Notre Dame,SE Louisiana,1834.2364236562826,1553.8846780379956,3,15
2023_3323_3357,0.960438703343886,3323,3357,Notre Dame,Sacred Heart,1834.2364236562826,1449.4167263331549,3,16
2023_3323_3380,0.9394731218839142,3323,3380,Notre Dame,Southern Univ,1834.2364236562826,1517.4087938006023,3,16
2023_3231_3323,0.3956154290930776,3323,3231,Notre Dame,Indiana,1834.2364236562826,1868.6504754692617,3,1
2023_3323_3428,0.5303970378195075,3323,3428,Notre Dame,Utah,1834.2364236562826,1800.7318318752298,3,2
2023_3261_3323,0.45068493061771947,3323,3261,Notre Dame,LSU,1834.2364236562826,1864.3183903367678,3,3
2023_3323_3437,0.5123869631689223,3323,3437,Notre Dame,Villanova,1834.2364236562826,1841.7034566384116,3,4
2023_3323_3450,0.6563455716220404,3323,3450,Notre Dame,Washington St,1834.2364236562826,1765.8827084988868,3,5
2023_3276_3323,0.7094111835907293,3323,3276,Notre Dame,Michigan,1834.2364236562826,1743.5697265353447,3,6
2023_3301_3323,0.6938038493432112,3323,3301,Notre Dame,NC State,1834.2364236562826,1769.9034812206935,3,7
2023_3323_3329,0.8358406346910968,3323,3329,Notre Dame,Oklahoma St,1834.2364236562826,1661.836187921656,3,8
2023_3274_3323,0.8317238203087791,3323,3274,Notre Dame,Miami FL,1834.2364236562826,1681.351650097899,3,9
2023_3323_3343,0.6841957507052778,3323,3343,Notre Dame,Princeton,1834.2364236562826,1816.719582514641,3,10
2023_3323_3424,0.7319933790249862,3323,3424,Notre Dame,UNLV,1834.2364236562826,1781.5098532864504,3,11
2023_3195_3323,0.6553531579977345,3323,3195,Notre Dame,FL Gulf Coast,1834.2364236562826,1836.5510410618815,3,12
2023_3156_3323,0.7857239735803228,3323,3156,Notre Dame,Cleveland St,1834.2364236562826,1736.7326765943915,3,13
2023_3218_3323,0.9119192618200209,3323,3218,Notre Dame,Hawaii,1834.2364236562826,1578.9600184597623,3,14
2023_3205_3323,0.8442031499184175,3323,3205,Notre Dame,Gardner Webb,1834.2364236562826,1677.3755202435086,3,15
2023_3284_3323,0.940210262131445,3323,3284,Notre Dame,Monmouth NJ,1834.2364236562826,1515.4270054614776,3,16
2023_3323_3399,0.8994399723059889,3323,3399,Notre Dame,Tennessee Tech,1834.2364236562826,1601.1950436554923,3,16
2023_3323_3439,0.38243976441998795,3323,3439,Notre Dame,Virginia Tech,1834.2364236562826,1877.0771224285086,3,1
2023_3163_3323,0.33055000857566774,3323,3163,Notre Dame,Connecticut,1834.2364236562826,1926.504762305338,3,2
2023_3323_3326,0.5416706913103206,3323,3326,Notre Dame,Ohio St,1834.2364236562826,1808.8412260077441,3,3
2023_3323_3397,0.6007163746853516,3323,3397,Notre Dame,Tennessee,1834.2364236562826,1787.1506340535723,3,4
2023_3235_3323,0.6154559951662614,3323,3235,Notre Dame,Iowa St,1834.2364236562826,1792.7485871099263,3,5
2023_3314_3323,0.7061530453260709,3323,3314,Notre Dame,North Carolina,1834.2364236562826,1745.964248895116,3,6
2023_3124_3323,0.7709776750052411,3323,3124,Notre Dame,Baylor,1834.2364236562826,1709.7290295199857,3,7
2023_3323_3425,0.8316396348035835,3323,3425,Notre Dame,USC,1834.2364236562826,1666.4430616873983,3,8
2023_3323_3355,0.7169462879142293,3323,3355,Notre Dame,S Dakota St,1834.2364236562826,1782.9702056641402,3,9
2023_3104_3323,0.8555845012628837,3323,3104,Notre Dame,Alabama,1834.2364236562826,1663.8092371165892,3,10
2023_3323_3345,0.8810902358861825,3323,3345,Notre Dame,Purdue,1834.2364236562826,1629.805418842588,3,11
2023_3323_3385,0.8700386683145472,3323,3385,Notre Dame,St John's,1834.2364236562826,1645.2328828958891,3,11
2023_3323_3405,0.688414741949597,3323,3405,Notre Dame,Toledo,1834.2364236562826,1813.7407826360668,3,12
2023_3323_3387,0.8965820375192034,3323,3387,Notre Dame,St Louis,1834.2364236562826,1605.9385038294836,3,13
2023_3241_3323,0.8434451496377974,3323,3241,Notre Dame,James Madison,1834.2364236562826,1678.2498124691901,3,14
2023_3323_3436,0.8744324342879242,3323,3436,Notre Dame,Vermont,1834.2364236562826,1639.2393495950207,3,15
2023_3151_3323,0.9418280284740725,3323,3151,Notre Dame,Chattanooga,1834.2364236562826,1510.9961838972956,3,16
2023_3328_3417,0.4773923511709248,3417,3328,UCLA,Oklahoma,1759.3938164623714,1788.1489233205414,4,5
2023_3166_3417,0.5174758458431079,3417,3166,UCLA,Creighton,1759.3938164623714,1778.7639577166096,4,6
2023_3112_3417,0.6211312049434695,3417,3112,UCLA,Arizona,1759.3938164623714,1729.2507374325417,4,7
2023_3378_3417,0.559315331852896,3417,3378,UCLA,South Florida,1759.3938164623714,1783.1587423934077,4,8
2023_3266_3417,0.6806111713142297,3417,3266,UCLA,Marquette,1759.3938164623714,1719.3910434388056,4,9
2023_3417_3452,0.7707615008139479,3417,3452,UCLA,West Virginia,1759.3938164623714,1665.0724564337702,4,10
2023_3228_3417,0.8431547305836832,3417,3228,UCLA,Illinois,1759.3938164623714,1603.7412667052643,4,11
2023_3280_3417,0.7999897245745551,3417,3280,UCLA,Mississippi St,1759.3938164623714,1648.6825811607623,4,11
2023_3339_3417,0.7436640430543295,3417,3339,UCLA,Portland,1759.3938164623714,1697.49527781994,4,12
2023_3170_3417,0.8348969937029576,3417,3170,UCLA,CS Sacramento,1759.3938164623714,1613.0365458577303,4,13
2023_3381_3417,0.8092758966018712,3417,3381,UCLA,Southern Utah,1759.3938164623714,1639.701958180419,4,14
2023_3221_3417,0.8196515430871364,3417,3221,UCLA,Holy Cross,1759.3938164623714,1629.2629259481291,4,15
2023_3313_3417,0.8444808924193482,3417,3313,UCLA,Norfolk St,1759.3938164623714,1602.2116912546117,4,16
2023_3390_3417,0.2175283241544244,3417,3390,UCLA,Stanford,1759.3938164623714,1908.977300569646,4,1
2023_3234_3417,0.28388345998972053,3417,3234,UCLA,Iowa,1759.3938164623714,1870.0390816644287,4,2
2023_3181_3417,0.42506422532566207,3417,3181,UCLA,Duke,1759.3938164623714,1790.301488742785,4,3
2023_3400_3417,0.4079660237859071,3417,3400,UCLA,Texas,1759.3938164623714,1815.9967388701339,4,4
2023_3257_3417,0.45364295401515575,3417,3257,UCLA,Louisville,1759.3938164623714,1802.6606489162655,4,5
2023_3160_3417,0.5679813901806918,3417,3160,UCLA,Colorado,1759.3938164623714,1747.8027385138969,4,6
2023_3199_3417,0.6656403019824648,3417,3199,UCLA,Florida St,1759.3938164623714,1699.7348268401822,4,7
2023_3279_3417,0.614322179658892,3417,3279,UCLA,Mississippi,1759.3938164623714,1748.6337804634163,4,8
2023_3211_3417,0.5106803647110334,3417,3211,UCLA,Gonzaga,1759.3938164623714,1827.899035685442,4,9
2023_3208_3417,0.7105433749015465,3417,3208,UCLA,Georgia,1759.3938164623714,1712.8913313664273,4,10
2023_3292_3417,0.6318570425342581,3417,3292,UCLA,MTSU,1759.3938164623714,1777.2829997325239,4,11
2023_3179_3417,0.7436963143560015,3417,3179,UCLA,Drake,1759.3938164623714,1697.4695442261514,4,12
2023_3187_3417,0.8160131027279258,3417,3187,UCLA,East Carolina,1759.3938164623714,1632.975233621385,4,13
2023_3233_3417,0.83246961427577,3417,3233,UCLA,Iona,1759.3938164623714,1615.6976357645276,4,14
2023_3368_3417,0.8818313481504182,3417,3368,UCLA,SE Louisiana,1759.3938164623714,1553.8846780379956,4,15
2023_3357_3417,0.9368590459304874,3417,3357,UCLA,Sacred Heart,1759.3938164623714,1449.4167263331549,4,16
2023_3380_3417,0.904638116981616,3417,3380,UCLA,Southern Univ,1759.3938164623714,1517.4087938006023,4,16
2023_3231_3417,0.2660364667114409,3417,3231,UCLA,Indiana,1759.3938164623714,1868.6504754692617,4,1
2023_3417_3428,0.38477730398781324,3417,3428,UCLA,Utah,1759.3938164623714,1800.7318318752298,4,2
2023_3261_3417,0.31239169218545476,3417,3261,UCLA,LSU,1759.3938164623714,1864.3183903367678,4,3
2023_3417_3437,0.3678387459782345,3417,3437,UCLA,Villanova,1759.3938164623714,1841.7034566384116,4,4
2023_3417_3450,0.513994594080961,3417,3450,UCLA,Washington St,1759.3938164623714,1765.8827084988868,4,5
2023_3276_3417,0.5748013886790734,3417,3276,UCLA,Michigan,1759.3938164623714,1743.5697265353447,4,6
2023_3301_3417,0.5564842413682876,3417,3301,UCLA,NC State,1759.3938164623714,1769.9034812206935,4,7
2023_3329_3417,0.7381823128166863,3417,3329,UCLA,Oklahoma St,1759.3938164623714,1661.836187921656,4,8
2023_3274_3417,0.7324004990911748,3417,3274,UCLA,Miami FL,1759.3938164623714,1681.351650097899,4,9
2023_3343_3417,0.5535334557634989,3417,3343,UCLA,Princeton,1759.3938164623714,1816.719582514641,4,10
2023_3417_3424,0.6253652084255185,3417,3424,UCLA,UNLV,1759.3938164623714,1781.5098532864504,4,11
2023_3195_3417,0.5374990504090358,3417,3195,UCLA,FL Gulf Coast,1759.3938164623714,1836.5510410618815,4,12
2023_3156_3417,0.6914623643209385,3417,3156,UCLA,Cleveland St,1759.3938164623714,1736.7326765943915,4,13
2023_3218_3417,0.8635297786788385,3417,3218,UCLA,Hawaii,1759.3938164623714,1578.9600184597623,4,14
2023_3205_3417,0.7680734457076757,3417,3205,UCLA,Gardner Webb,1759.3938164623714,1677.3755202435086,4,15
2023_3284_3417,0.9057569450513233,3417,3284,UCLA,Monmouth NJ,1759.3938164623714,1515.4270054614776,4,16
2023_3399_3417,0.8453572686423114,3417,3399,UCLA,Tennessee Tech,1759.3938164623714,1601.1950436554923,4,16
2023_3417_3439,0.25535301491113704,3417,3439,UCLA,Virginia Tech,1759.3938164623714,1877.0771224285086,4,1
2023_3163_3417,0.21471142258634526,3417,3163,UCLA,Connecticut,1759.3938164623714,1926.504762305338,4,2
2023_3326_3417,0.3955629579163241,3417,3326,UCLA,Ohio St,1759.3938164623714,1808.8412260077441,4,3
2023_3397_3417,0.45447469546157615,3417,3397,UCLA,Tennessee,1759.3938164623714,1787.1506340535723,4,4
2023_3235_3417,0.46984847016290393,3417,3235,UCLA,Iowa St,1759.3938164623714,1792.7485871099263,4,5
2023_3314_3417,0.5709467892700871,3417,3314,UCLA,North Carolina,1759.3938164623714,1745.964248895116,4,6
2023_3124_3417,0.6508510240125613,3417,3124,UCLA,Baylor,1759.3938164623714,1709.7290295199857,4,7
2023_3417_3425,0.7322826181690956,3417,3425,UCLA,USC,1759.3938164623714,1666.4430616873983,4,8
2023_3355_3417,0.583779068436459,3417,3355,UCLA,S Dakota St,1759.3938164623714,1782.9702056641402,4,9
2023_3104_3417,0.7722265605904814,3417,3104,UCLA,Alabama,1759.3938164623714,1663.8092371165892,4,10
2023_3345_3417,0.8191233670851505,3417,3345,UCLA,Purdue,1759.3938164623714,1629.805418842588,4,11
2023_3385_3417,0.8035963429750799,3417,3385,UCLA,St John's,1759.3938164623714,1645.2328828958891,4,11
2023_3405_3417,0.5745263255545613,3417,3405,UCLA,Toledo,1759.3938164623714,1813.7407826360668,4,12
2023_3387_3417,0.8412336070033203,3417,3387,UCLA,St Louis,1759.3938164623714,1605.9385038294836,4,13
2023_3241_3417,0.7670472588543079,3417,3241,UCLA,James Madison,1759.3938164623714,1678.2498124691901,4,14
2023_3417_3436,0.8097452009691621,3417,3436,UCLA,Vermont,1759.3938164623714,1639.2393495950207,4,15
2023_3151_3417,0.9082159307713912,3417,3151,UCLA,Chattanooga,1759.3938164623714,1510.9961838972956,4,16
2023_3166_3328,0.5400202486265131,3328,3166,Oklahoma,Creighton,1788.1489233205414,1778.7639577166096,5,6
2023_3112_3328,0.642181403375592,3328,3112,Oklahoma,Arizona,1788.1489233205414,1729.2507374325417,5,7
2023_3328_3378,0.5814858967876612,3328,3378,Oklahoma,South Florida,1788.1489233205414,1783.1587423934077,5,8
2023_3266_3328,0.6999530321107628,3328,3266,Oklahoma,Marquette,1788.1489233205414,1719.3910434388056,5,9
2023_3328_3452,0.786357647226148,3328,3452,Oklahoma,West Virginia,1788.1489233205414,1665.0724564337702,5,10
2023_3228_3328,0.85879009782321,3328,3228,Oklahoma,Illinois,1788.1489233205414,1603.7412667052643,5,11
2023_3280_3328,0.8190043668238497,3328,3280,Oklahoma,Mississippi St,1788.1489233205414,1648.6825811607623,5,11
2023_3328_3339,0.7780390028677858,3328,3339,Oklahoma,Portland,1788.1489233205414,1697.49527781994,5,12
2023_3170_3328,0.8593513969259319,3328,3170,Oklahoma,CS Sacramento,1788.1489233205414,1613.0365458577303,5,13
2023_3328_3381,0.8367833189994333,3328,3381,Oklahoma,Southern Utah,1788.1489233205414,1639.701958180419,5,14
2023_3221_3328,0.845947385205418,3328,3221,Oklahoma,Holy Cross,1788.1489233205414,1629.2629259481291,5,15
2023_3313_3328,0.8677406397957205,3328,3313,Oklahoma,Norfolk St,1788.1489233205414,1602.2116912546117,5,16
2023_3328_3390,0.23332397888423084,3328,3390,Oklahoma,Stanford,1788.1489233205414,1908.977300569646,5,1
2023_3234_3328,0.30263387459759694,3328,3234,Oklahoma,Iowa,1788.1489233205414,1870.0390816644287,5,2
2023_3181_3328,0.44731485396257437,3328,3181,Oklahoma,Duke,1788.1489233205414,1790.301488742785,5,3
2023_3328_3400,0.4299910096833023,3328,3400,Oklahoma,Texas,1788.1489233205414,1815.9967388701339,5,4
2023_3257_3328,0.4761506239879654,3328,3257,Oklahoma,Louisville,1788.1489233205414,1802.6606489162655,5,5
2023_3160_3328,0.5900355367614559,3328,3160,Oklahoma,Colorado,1788.1489233205414,1747.8027385138969,5,6
2023_3199_3328,0.6854698076294448,3328,3199,Oklahoma,Florida St,1788.1489233205414,1699.7348268401822,5,7
2023_3279_3328,0.6355287025698287,3328,3279,Oklahoma,Mississippi,1788.1489233205414,1748.6337804634163,5,8
2023_3211_3328,0.5332558939422299,3328,3211,Oklahoma,Gonzaga,1788.1489233205414,1827.899035685442,5,9
2023_3208_3328,0.7287948694607077,3328,3208,Oklahoma,Georgia,1788.1489233205414,1712.8913313664273,5,10
2023_3292_3328,0.660063724108241,3328,3292,Oklahoma,MTSU,1788.1489233205414,1777.2829997325239,5,11
2023_3179_3328,0.7780682380414553,3328,3179,Oklahoma,Drake,1788.1489233205414,1697.4695442261514,5,12
2023_3187_3328,0.8427376650006633,3328,3187,Oklahoma,East Carolina,1788.1489233205414,1632.975233621385,5,13
2023_3233_3328,0.8572220664971095,3328,3233,Oklahoma,Iona,1788.1489233205414,1615.6976357645276,5,14
2023_3328_3368,0.9001652897578871,3328,3368,Oklahoma,SE Louisiana,1788.1489233205414,1553.8846780379956,5,15
2023_3328_3357,0.9471669165904071,3328,3357,Oklahoma,Sacred Heart,1788.1489233205414,1449.4167263331549,5,16
2023_3328_3380,0.9197555670787539,3328,3380,Oklahoma,Southern Univ,1788.1489233205414,1517.4087938006023,5,16
2023_3231_3328,0.2840757055731943,3328,3231,Oklahoma,Indiana,1788.1489233205414,1868.6504754692617,5,1
2023_3328_3428,0.40640977477199036,3328,3428,Oklahoma,Utah,1788.1489233205414,1800.7318318752298,5,2
2023_3261_3328,0.3321517055786129,3328,3261,Oklahoma,LSU,1788.1489233205414,1864.3183903367678,5,3
2023_3328_3437,0.389121236032599,3328,3437,Oklahoma,Villanova,1788.1489233205414,1841.7034566384116,5,4
2023_3328_3450,0.5365559798744961,3328,3450,Oklahoma,Washington St,1788.1489233205414,1765.8827084988868,5,5
2023_3276_3328,0.5967545573556522,3328,3276,Oklahoma,Michigan,1788.1489233205414,1743.5697265353447,5,6
2023_3301_3328,0.5786899495230409,3328,3301,Oklahoma,NC State,1788.1489233205414,1769.9034812206935,5,7
2023_3328_3329,0.755291251462564,3328,3329,Oklahoma,Oklahoma St,1788.1489233205414,1661.836187921656,5,8
2023_3274_3328,0.7497591801469379,3328,3274,Oklahoma,Miami FL,1788.1489233205414,1681.351650097899,5,9
2023_3328_3343,0.5757742766007798,3328,3343,Oklahoma,Princeton,1788.1489233205414,1816.719582514641,5,10
2023_3328_3424,0.6537967561502385,3328,3424,Oklahoma,UNLV,1788.1489233205414,1781.5098532864504,5,11
2023_3195_3328,0.5840576193521061,3328,3195,Oklahoma,FL Gulf Coast,1788.1489233205414,1836.5510410618815,5,12
2023_3156_3328,0.7302988632922565,3328,3156,Oklahoma,Cleveland St,1788.1489233205414,1736.7326765943915,5,13
2023_3218_3328,0.8843307650890122,3328,3218,Oklahoma,Hawaii,1788.1489233205414,1578.9600184597623,5,14
2023_3205_3328,0.8000551575094679,3328,3205,Oklahoma,Gardner Webb,1788.1489233205414,1677.3755202435086,5,15
2023_3284_3328,0.9207125757000345,3328,3284,Oklahoma,Monmouth NJ,1788.1489233205414,1515.4270054614776,5,16
2023_3328_3399,0.8685063526828524,3328,3399,Oklahoma,Tennessee Tech,1788.1489233205414,1601.1950436554923,5,16
2023_3328_3439,0.2729372239513579,3328,3439,Oklahoma,Virginia Tech,1788.1489233205414,1877.0771224285086,5,1
2023_3163_3328,0.23036274963551878,3328,3163,Oklahoma,Connecticut,1788.1489233205414,1926.504762305338,5,2
2023_3326_3328,0.4173904167369442,3328,3326,Oklahoma,Ohio St,1788.1489233205414,1808.8412260077441,5,3
2023_3328_3397,0.47698760501297094,3328,3397,Oklahoma,Tennessee,1788.1489233205414,1787.1506340535723,5,4
2023_3235_3328,0.4924354934511353,3328,3235,Oklahoma,Iowa St,1788.1489233205414,1792.7485871099263,5,5
2023_3314_3328,0.5929580415781223,3328,3314,Oklahoma,North Carolina,1788.1489233205414,1745.964248895116,5,6
2023_3124_3328,0.6711242728754078,3328,3124,Oklahoma,Baylor,1788.1489233205414,1709.7290295199857,5,7
2023_3328_3425,0.7496463320929683,3328,3425,Oklahoma,USC,1788.1489233205414,1666.4430616873983,5,8
2023_3328_3355,0.6055867717124035,3328,3355,Oklahoma,S Dakota St,1788.1489233205414,1782.9702056641402,5,9
2023_3104_3328,0.7877504803360054,3328,3104,Oklahoma,Alabama,1788.1489233205414,1663.8092371165892,5,10
2023_3328_3345,0.8366903367597784,3328,3345,Oklahoma,Purdue,1788.1489233205414,1629.805418842588,5,11
2023_3328_3385,0.8223442532073054,3328,3385,Oklahoma,St John's,1788.1489233205414,1645.2328828958891,5,11
2023_3328_3405,0.6199927277926318,3328,3405,Oklahoma,Toledo,1788.1489233205414,1813.7407826360668,5,12
2023_3328_3387,0.864901328084238,3328,3387,Oklahoma,St Louis,1788.1489233205414,1605.9385038294836,5,13
2023_3241_3328,0.7991334706928971,3328,3241,Oklahoma,James Madison,1788.1489233205414,1678.2498124691901,5,14
2023_3328_3436,0.8371985537028019,3328,3436,Oklahoma,Vermont,1788.1489233205414,1639.2393495950207,5,15
2023_3151_3328,0.9228145930630738,3328,3151,Oklahoma,Chattanooga,1788.1489233205414,1510.9961838972956,5,16
2023_3112_3166,0.6045405542633298,3166,3112,Creighton,Arizona,1778.7639577166096,1729.2507374325417,6,7
2023_3166_3378,0.5420136891497496,3166,3378,Creighton,South Florida,1778.7639577166096,1783.1587423934077,6,8
2023_3166_3266,0.6652212992189251,3166,3266,Creighton,Marquette,1778.7639577166096,1719.3910434388056,6,9
2023_3166_3452,0.758172116044596,3166,3452,Creighton,West Virginia,1778.7639577166096,1665.0724564337702,6,10
2023_3166_3228,0.8381941935764549,3166,3228,Creighton,Illinois,1778.7639577166096,1603.7412667052643,6,11
2023_3166_3280,0.7939975550103046,3166,3280,Creighton,Mississippi St,1778.7639577166096,1648.6825811607623,6,11
2023_3166_3339,0.755237678719563,3166,3339,Creighton,Portland,1778.7639577166096,1697.49527781994,6,12
2023_3166_3170,0.8517220090345277,3166,3170,Creighton,CS Sacramento,1778.7639577166096,1613.0365458577303,6,13
2023_3166_3381,0.8281745152555713,3166,3381,Creighton,Southern Utah,1778.7639577166096,1639.701958180419,6,14
2023_3166_3221,0.8377282028966194,3166,3221,Creighton,Holy Cross,1778.7639577166096,1629.2629259481291,6,15
2023_3166_3313,0.8604924445790284,3166,3313,Creighton,Norfolk St,1778.7639577166096,1602.2116912546117,6,16
2023_3166_3390,0.2058604766996105,3166,3390,Creighton,Stanford,1778.7639577166096,1908.977300569646,6,1
2023_3166_3234,0.26988403978019104,3166,3234,Creighton,Iowa,1778.7639577166096,1870.0390816644287,6,2
2023_3166_3181,0.4080699334576815,3166,3181,Creighton,Duke,1778.7639577166096,1790.301488742785,6,3
2023_3166_3400,0.39119020427535667,3166,3400,Creighton,Texas,1778.7639577166096,1815.9967388701339,6,4
2023_3166_3257,0.43637329143467374,3166,3257,Creighton,Louisville,1778.7639577166096,1802.6606489162655,6,5
2023_3160_3166,0.550746699207677,3166,3160,Creighton,Colorado,1778.7639577166096,1747.8027385138969,6,6
2023_3166_3199,0.6499001223034437,3166,3199,Creighton,Florida St,1778.7639577166096,1699.7348268401822,6,7
2023_3166_3279,0.5976265168232672,3166,3279,Creighton,Mississippi,1778.7639577166096,1748.6337804634163,6,8
2023_3166_3211,0.4931994416143615,3166,3211,Creighton,Gonzaga,1778.7639577166096,1827.899035685442,6,9
2023_3166_3208,0.6959514830746093,3166,3208,Creighton,Georgia,1778.7639577166096,1712.8913313664273,6,10
2023_3166_3292,0.6232002553538991,3166,3292,Creighton,MTSU,1778.7639577166096,1777.2829997325239,6,11
2023_3166_3179,0.7552689724639432,3166,3179,Creighton,Drake,1778.7639577166096,1697.4695442261514,6,12
2023_3166_3187,0.8343807611735359,3166,3187,Creighton,East Carolina,1778.7639577166096,1632.975233621385,6,13
2023_3166_3233,0.8494974033431245,3166,3233,Creighton,Iona,1778.7639577166096,1615.6976357645276,6,14
2023_3166_3368,0.894477970426949,3166,3368,Creighton,SE Louisiana,1778.7639577166096,1553.8846780379956,6,15
2023_3166_3357,0.9439905544640176,3166,3357,Creighton,Sacred Heart,1778.7639577166096,1449.4167263331549,6,16
2023_3166_3380,0.9150789706885201,3166,3380,Creighton,Southern Univ,1778.7639577166096,1517.4087938006023,6,16
2023_3166_3231,0.2526066993514909,3166,3231,Creighton,Indiana,1778.7639577166096,1868.6504754692617,6,1
2023_3166_3428,0.36836173281417983,3166,3428,Creighton,Utah,1778.7639577166096,1800.7318318752298,6,2
2023_3166_3261,0.2975705977233137,3166,3261,Creighton,LSU,1778.7639577166096,1864.3183903367678,6,3
2023_3166_3437,0.3517326706458089,3166,3437,Creighton,Villanova,1778.7639577166096,1841.7034566384116,6,4
2023_3166_3450,0.4965153393006595,3166,3450,Creighton,Washington St,1778.7639577166096,1765.8827084988868,6,5
2023_3166_3276,0.5576268662366466,3166,3276,Creighton,Michigan,1778.7639577166096,1743.5697265353447,6,6
2023_3166_3301,0.5391630283764496,3166,3301,Creighton,NC State,1778.7639577166096,1769.9034812206935,6,7
2023_3166_3329,0.7244433932538766,3166,3329,Creighton,Oklahoma St,1778.7639577166096,1661.836187921656,6,8
2023_3166_3274,0.718473888540924,3166,3274,Creighton,Miami FL,1778.7639577166096,1681.351650097899,6,9
2023_3166_3343,0.5361930504564897,3166,3343,Creighton,Princeton,1778.7639577166096,1816.719582514641,6,10
2023_3166_3424,0.6166483834544183,3166,3424,Creighton,UNLV,1778.7639577166096,1781.5098532864504,6,11
2023_3166_3195,0.5527833018020244,3166,3195,Creighton,FL Gulf Coast,1778.7639577166096,1836.5510410618815,6,12
2023_3156_3166,0.7179665823394,3166,3156,Creighton,Cleveland St,1778.7639577166096,1736.7326765943915,6,13
2023_3166_3218,0.8778637868451328,3166,3218,Creighton,Hawaii,1778.7639577166096,1578.9600184597623,6,14
2023_3166_3205,0.7899953163044537,3166,3205,Creighton,Gardner Webb,1778.7639577166096,1677.3755202435086,6,15
2023_3166_3284,0.9160866646905546,3166,3284,Creighton,Monmouth NJ,1778.7639577166096,1515.4270054614776,6,16
2023_3166_3399,0.8612934130001856,3166,3399,Creighton,Tennessee Tech,1778.7639577166096,1601.1950436554923,6,16
2023_3166_3439,0.242284529359257,3166,3439,Creighton,Virginia Tech,1778.7639577166096,1877.0771224285086,6,1
2023_3163_3166,0.20315543998920907,3166,3163,Creighton,Connecticut,1778.7639577166096,1926.504762305338,6,2
2023_3166_3326,0.3789706868871903,3166,3326,Creighton,Ohio St,1778.7639577166096,1808.8412260077441,6,3
2023_3166_3397,0.43719870674694505,3166,3397,Creighton,Tennessee,1778.7639577166096,1787.1506340535723,6,4
2023_3166_3235,0.45247279711774613,3166,3235,Creighton,Iowa St,1778.7639577166096,1792.7485871099263,6,5
2023_3166_3314,0.5537374500442246,3166,3314,Creighton,North Carolina,1778.7639577166096,1745.964248895116,6,6
2023_3124_3166,0.6347966079914367,3166,3124,Creighton,Baylor,1778.7639577166096,1709.7290295199857,6,7
2023_3166_3425,0.7183522319543905,3166,3425,Creighton,USC,1778.7639577166096,1666.4430616873983,6,8
2023_3166_3355,0.5666938109180061,3166,3355,Creighton,S Dakota St,1778.7639577166096,1782.9702056641402,6,9
2023_3104_3166,0.7596925490758643,3166,3104,Creighton,Alabama,1778.7639577166096,1663.8092371165892,6,10
2023_3166_3345,0.8135708428602271,3166,3345,Creighton,Purdue,1778.7639577166096,1629.805418842588,6,11
2023_3166_3385,0.7976848992165989,3166,3385,Creighton,St John's,1778.7639577166096,1645.2328828958891,6,11
2023_3166_3405,0.589521409583151,3166,3405,Creighton,Toledo,1778.7639577166096,1813.7407826360668,6,12
2023_3166_3387,0.8575230792152561,3166,3387,Creighton,St Louis,1778.7639577166096,1605.9385038294836,6,13
2023_3166_3241,0.789039484305389,3166,3241,Creighton,James Madison,1778.7639577166096,1678.2498124691901,6,14
2023_3166_3436,0.8286071654401657,3166,3436,Creighton,Vermont,1778.7639577166096,1639.2393495950207,6,15
2023_3151_3166,0.9183004388349908,3166,3151,Creighton,Chattanooga,1778.7639577166096,1510.9961838972956,6,16
2023_3112_3378,0.4363549850610491,3112,3378,Arizona,South Florida,1729.2507374325417,1783.1587423934077,7,8
2023_3112_3266,0.5651842816583321,3112,3266,Arizona,Marquette,1729.2507374325417,1719.3910434388056,7,9
2023_3112_3452,0.6722245494530625,3112,3452,Arizona,West Virginia,1729.2507374325417,1665.0724564337702,7,10
2023_3112_3228,0.7721396358011312,3112,3228,Arizona,Illinois,1729.2507374325417,1603.7412667052643,7,11
2023_3112_3280,0.7160134008186424,3112,3280,Arizona,Mississippi St,1729.2507374325417,1648.6825811607623,7,11
2023_3112_3339,0.6687029135560949,3112,3339,Arizona,Portland,1729.2507374325417,1697.49527781994,7,12
2023_3112_3170,0.7952138688860059,3112,3170,Arizona,CS Sacramento,1729.2507374325417,1613.0365458577303,7,13
2023_3112_3381,0.7767812015026886,3112,3381,Arizona,Southern Utah,1729.2507374325417,1639.701958180419,7,14
2023_3112_3221,0.7884625275896884,3112,3221,Arizona,Holy Cross,1729.2507374325417,1629.2629259481291,7,15
2023_3112_3313,0.8166251533479468,3112,3313,Arizona,Norfolk St,1729.2507374325417,1602.2116912546117,7,16
2023_3112_3390,0.14498595271577552,3112,3390,Arizona,Stanford,1729.2507374325417,1908.977300569646,7,1
2023_3112_3234,0.1947193594137956,3112,3234,Arizona,Iowa,1729.2507374325417,1870.0390816644287,7,2
2023_3112_3181,0.31080245091611336,3112,3181,Arizona,Duke,1729.2507374325417,1790.301488742785,7,3
2023_3112_3400,0.2959346529762466,3112,3400,Arizona,Texas,1729.2507374325417,1815.9967388701339,7,4
2023_3112_3257,0.3361910839617664,3112,3257,Arizona,Louisville,1729.2507374325417,1802.6606489162655,7,5
2023_3112_3160,0.4450398716613609,3112,3160,Arizona,Colorado,1729.2507374325417,1747.8027385138969,7,6
2023_3112_3199,0.5483929632228368,3112,3199,Arizona,Florida St,1729.2507374325417,1699.7348268401822,7,7
2023_3112_3279,0.4927916926331432,3112,3279,Arizona,Mississippi,1729.2507374325417,1748.6337804634163,7,8
2023_3112_3211,0.38897461430073604,3112,3211,Arizona,Gonzaga,1729.2507374325417,1827.899035685442,7,9
2023_3112_3208,0.5995696138415457,3112,3208,Arizona,Georgia,1729.2507374325417,1712.8913313664273,7,10
2023_3112_3292,0.5196732199763939,3112,3292,Arizona,MTSU,1729.2507374325417,1777.2829997325239,7,11
2023_3112_3179,0.668740418326649,3112,3179,Arizona,Drake,1729.2507374325417,1697.4695442261514,7,12
2023_3112_3187,0.773025085046133,3112,3187,Arizona,East Carolina,1729.2507374325417,1632.975233621385,7,13
2023_3112_3233,0.8029644469272269,3112,3233,Arizona,Iona,1729.2507374325417,1615.6976357645276,7,14
2023_3112_3368,0.8595529933889803,3112,3368,Arizona,SE Louisiana,1729.2507374325417,1553.8846780379956,7,15
2023_3112_3357,0.924061689017876,3112,3357,Arizona,Sacred Heart,1729.2507374325417,1449.4167263331549,7,16
2023_3112_3380,0.8861041758706795,3112,3380,Arizona,Southern Univ,1729.2507374325417,1517.4087938006023,7,16
2023_3112_3231,0.18106059583266879,3112,3231,Arizona,Indiana,1729.2507374325417,1868.6504754692617,7,1
2023_3112_3428,0.27614361084937084,3112,3428,Arizona,Utah,1729.2507374325417,1800.7318318752298,7,2
2023_3112_3261,0.21698665022209934,3112,3261,Arizona,LSU,1729.2507374325417,1864.3183903367678,7,3
2023_3112_3437,0.2619510994542195,3112,3437,Arizona,Villanova,1729.2507374325417,1841.7034566384116,7,4
2023_3112_3450,0.39213196531553696,3112,3450,Arizona,Washington St,1729.2507374325417,1765.8827084988868,7,5
2023_3112_3276,0.45192790041118797,3112,3276,Arizona,Michigan,1729.2507374325417,1743.5697265353447,7,6
2023_3112_3301,0.4335339936415837,3112,3301,Arizona,NC State,1729.2507374325417,1769.9034812206935,7,7
2023_3112_3329,0.632321729062821,3112,3329,Arizona,Oklahoma St,1729.2507374325417,1661.836187921656,7,8
2023_3112_3274,0.6253885191234253,3112,3274,Arizona,Miami FL,1729.2507374325417,1681.351650097899,7,9
2023_3112_3343,0.43060219044893017,3112,3343,Arizona,Princeton,1729.2507374325417,1816.719582514641,7,10
2023_3112_3424,0.5127287095040874,3112,3424,Arizona,UNLV,1729.2507374325417,1781.5098532864504,7,11
2023_3112_3195,0.4470745785626637,3112,3195,Arizona,FL Gulf Coast,1729.2507374325417,1836.5510410618815,7,12
2023_3112_3156,0.6324800369102815,3112,3156,Arizona,Cleveland St,1729.2507374325417,1736.7326765943915,7,13
2023_3112_3218,0.8384331988455312,3112,3218,Arizona,Hawaii,1729.2507374325417,1578.9600184597623,7,14
2023_3112_3205,0.7308931740031922,3112,3205,Arizona,Gardner Webb,1729.2507374325417,1677.3755202435086,7,15
2023_3112_3284,0.8874133898731372,3112,3284,Arizona,Monmouth NJ,1729.2507374325417,1515.4270054614776,7,16
2023_3112_3399,0.8176246014638432,3112,3399,Arizona,Tennessee Tech,1729.2507374325417,1601.1950436554923,7,16
2023_3112_3439,0.17298532401229214,3112,3439,Arizona,Virginia Tech,1729.2507374325417,1877.0771224285086,7,1
2023_3112_3163,0.14293684244384866,3112,3163,Arizona,Connecticut,1729.2507374325417,1926.504762305338,7,2
2023_3112_3326,0.28529626419518017,3112,3326,Arizona,Ohio St,1729.2507374325417,1808.8412260077441,7,3
2023_3112_3397,0.33694028454613756,3112,3397,Arizona,Tennessee,1729.2507374325417,1787.1506340535723,7,4
2023_3112_3235,0.3508955565701618,3112,3235,Arizona,Iowa St,1729.2507374325417,1792.7485871099263,7,5
2023_3112_3314,0.44802905824287204,3112,3314,Arizona,North Carolina,1729.2507374325417,1745.964248895116,7,6
2023_3112_3124,0.5320633645377713,3112,3124,Arizona,Baylor,1729.2507374325417,1709.7290295199857,7,7
2023_3112_3425,0.625247618592652,3112,3425,Arizona,USC,1729.2507374325417,1666.4430616873983,7,8
2023_3112_3355,0.46106747398360737,3112,3355,Arizona,S Dakota St,1729.2507374325417,1782.9702056641402,7,9
2023_3104_3112,0.6740530434984701,3112,3104,Arizona,Alabama,1729.2507374325417,1663.8092371165892,7,10
2023_3112_3345,0.7405753677416996,3112,3345,Arizona,Purdue,1729.2507374325417,1629.805418842588,7,11
2023_3112_3385,0.7206054371568988,3112,3385,Arizona,St John's,1729.2507374325417,1645.2328828958891,7,11
2023_3112_3405,0.4843967561383371,3112,3405,Arizona,Toledo,1729.2507374325417,1813.7407826360668,7,12
2023_3112_3387,0.8027136187978724,3112,3387,Arizona,St Louis,1729.2507374325417,1605.9385038294836,7,13
2023_3112_3241,0.7297603594199585,3112,3241,Arizona,James Madison,1729.2507374325417,1678.2498124691901,7,14
2023_3112_3436,0.7773084614627732,3112,3436,Arizona,Vermont,1729.2507374325417,1639.2393495950207,7,15
2023_3112_3151,0.8902930235834902,3112,3151,Arizona,Chattanooga,1729.2507374325417,1510.9961838972956,7,16
2023_3266_3378,0.6267263216583019,3378,3266,South Florida,Marquette,1783.1587423934077,1719.3910434388056,8,9
2023_3378_3452,0.7259622633944653,3378,3452,South Florida,West Virginia,1783.1587423934077,1665.0724564337702,8,10
2023_3228_3378,0.8140283506030731,3378,3228,South Florida,Illinois,1783.1587423934077,1603.7412667052643,8,11
2023_3280_3378,0.7650809001501027,3378,3280,South Florida,Mississippi St,1783.1587423934077,1648.6825811607623,8,11
2023_3339_3378,0.7227798891891708,3378,3339,South Florida,Portland,1783.1587423934077,1697.49527781994,8,12
2023_3170_3378,0.8337739167367053,3378,3170,South Florida,CS Sacramento,1783.1587423934077,1613.0365458577303,8,13
2023_3378_3381,0.8228633805663658,3378,3381,South Florida,Southern Utah,1783.1587423934077,1639.701958180419,8,14
2023_3221_3378,0.8416202792005117,3378,3221,South Florida,Holy Cross,1783.1587423934077,1629.2629259481291,8,15
2023_3313_3378,0.8639272092691574,3378,3313,South Florida,Norfolk St,1783.1587423934077,1602.2116912546117,8,16
2023_3378_3390,0.1845802901202822,3378,3390,South Florida,Stanford,1783.1587423934077,1908.977300569646,8,1
2023_3234_3378,0.2380023453328216,3378,3234,South Florida,Iowa,1783.1587423934077,1870.0390816644287,8,2
2023_3181_3378,0.3680940962031862,3378,3181,South Florida,Duke,1783.1587423934077,1790.301488742785,8,3
2023_3378_3400,0.3518849475284728,3378,3400,South Florida,Texas,1783.1587423934077,1815.9967388701339,8,4
2023_3257_3378,0.3954772402217309,3378,3257,South Florida,Louisville,1783.1587423934077,1802.6606489162655,8,5
2023_3160_3378,0.5088081277459825,3378,3160,South Florida,Colorado,1783.1587423934077,1747.8027385138969,8,6
2023_3199_3378,0.6106744814473609,3378,3199,South Florida,Florida St,1783.1587423934077,1699.7348268401822,8,7
2023_3279_3378,0.5565404644877152,3378,3279,South Florida,Mississippi,1783.1587423934077,1748.6337804634163,8,8
2023_3211_3378,0.4512414769318197,3378,3211,South Florida,Gonzaga,1783.1587423934077,1827.899035685442,8,9
2023_3208_3378,0.6591796726782863,3378,3208,South Florida,Georgia,1783.1587423934077,1712.8913313664273,8,10
2023_3292_3378,0.5829030226278128,3378,3292,South Florida,MTSU,1783.1587423934077,1777.2829997325239,8,11
2023_3179_3378,0.7228138097089073,3378,3179,South Florida,Drake,1783.1587423934077,1697.4695442261514,8,12
2023_3187_3378,0.8147900678109332,3378,3187,South Florida,East Carolina,1783.1587423934077,1632.975233621385,8,13
2023_3233_3378,0.8447217841502744,3378,3233,South Florida,Iona,1783.1587423934077,1615.6976357645276,8,14
2023_3368_3378,0.8971759762353362,3378,3368,South Florida,SE Louisiana,1783.1587423934077,1553.8846780379956,8,15
2023_3357_3378,0.9454997475235881,3378,3357,South Florida,Sacred Heart,1783.1587423934077,1449.4167263331549,8,16
2023_3378_3380,0.9172989465537222,3378,3380,South Florida,Southern Univ,1783.1587423934077,1517.4087938006023,8,16
2023_3231_3378,0.2278808957700666,3378,3231,South Florida,Indiana,1783.1587423934077,1868.6504754692617,8,1
2023_3378_3428,0.33010650186530444,3378,3428,South Florida,Utah,1783.1587423934077,1800.7318318752298,8,2
2023_3261_3378,0.2635990842628322,3378,3261,South Florida,LSU,1783.1587423934077,1864.3183903367678,8,3
2023_3378_3437,0.3143449538408699,3378,3437,South Florida,Villanova,1783.1587423934077,1841.7034566384116,8,4
2023_3378_3450,0.4545282790184838,3378,3450,South Florida,Washington St,1783.1587423934077,1765.8827084988868,8,5
2023_3276_3378,0.5157658610794476,3378,3276,South Florida,Michigan,1783.1587423934077,1743.5697265353447,8,6
2023_3301_3378,0.4971304532092234,3378,3301,South Florida,NC State,1783.1587423934077,1769.9034812206935,8,7
2023_3329_3378,0.6895804472529065,3378,3329,South Florida,Oklahoma St,1783.1587423934077,1661.836187921656,8,8
2023_3274_3378,0.6831859781227473,3378,3274,South Florida,Miami FL,1783.1587423934077,1681.351650097899,8,9
2023_3343_3378,0.49414374111403525,3378,3343,South Florida,Princeton,1783.1587423934077,1816.719582514641,8,10
2023_3378_3424,0.5761270366363261,3378,3424,South Florida,UNLV,1783.1587423934077,1781.5098532864504,8,11
2023_3195_3378,0.5108659993357059,3378,3195,South Florida,FL Gulf Coast,1783.1587423934077,1836.5510410618815,8,12
2023_3156_3378,0.6897261988922985,3378,3156,South Florida,Cleveland St,1783.1587423934077,1736.7326765943915,8,13
2023_3218_3378,0.8738546061352661,3378,3218,South Florida,Hawaii,1783.1587423934077,1578.9600184597623,8,14
2023_3205_3378,0.7947517625091182,3378,3205,South Florida,Gardner Webb,1783.1587423934077,1677.3755202435086,8,15
2023_3284_3378,0.9182826502049909,3378,3284,South Florida,Monmouth NJ,1783.1587423934077,1515.4270054614776,8,16
2023_3378_3399,0.864711557814061,3378,3399,South Florida,Tennessee Tech,1783.1587423934077,1601.1950436554923,8,16
2023_3378_3439,0.21827401379447642,3378,3439,South Florida,Virginia Tech,1783.1587423934077,1877.0771224285086,8,1
2023_3163_3378,0.17724285885890875,3378,3163,South Florida,Connecticut,1783.1587423934077,1926.504762305338,8,2
2023_3326_3378,0.340207113424271,3378,3326,South Florida,Ohio St,1783.1587423934077,1808.8412260077441,8,3
2023_3378_3397,0.3962796875880951,3378,3397,South Florida,Tennessee,1783.1587423934077,1787.1506340535723,8,4
2023_3235_3378,0.41116861952832146,3378,3235,South Florida,Iowa St,1783.1587423934077,1792.7485871099263,8,5
2023_3314_3378,0.511830601090074,3378,3314,South Florida,North Carolina,1783.1587423934077,1745.964248895116,8,6
2023_3124_3378,0.5949334667078777,3378,3124,South Florida,Baylor,1783.1587423934077,1709.7290295199857,8,7
2023_3378_3425,0.6830557993786527,3378,3425,South Florida,USC,1783.1587423934077,1666.4430616873983,8,8
2023_3355_3378,0.5249598773693115,3378,3355,South Florida,S Dakota St,1783.1587423934077,1782.9702056641402,8,9
2023_3104_3378,0.727612451862751,3378,3104,South Florida,Alabama,1783.1587423934077,1663.8092371165892,8,10
2023_3345_3378,0.786663479643397,3378,3345,South Florida,Purdue,1783.1587423934077,1629.805418842588,8,11
2023_3378_3385,0.76913534157141,3378,3385,South Florida,St John's,1783.1587423934077,1645.2328828958891,8,11
2023_3378_3405,0.548233367264406,3378,3405,South Florida,Toledo,1783.1587423934077,1813.7407826360668,8,12
2023_3378_3387,0.8401453806067655,3378,3387,South Florida,St Louis,1783.1587423934077,1605.9385038294836,8,13
2023_3241_3378,0.7828358826342497,3378,3241,South Florida,James Madison,1783.1587423934077,1678.2498124691901,8,14
2023_3378_3436,0.8326743130769549,3378,3436,South Florida,Vermont,1783.1587423934077,1639.2393495950207,8,15
2023_3151_3378,0.9204435217691994,3378,3151,South Florida,Chattanooga,1783.1587423934077,1510.9961838972956,8,16
2023_3266_3452,0.6120729406446863,3266,3452,Marquette,West Virginia,1719.3910434388056,1665.0724564337702,9,10
2023_3228_3266,0.722761845635854,3266,3228,Marquette,Illinois,1719.3910434388056,1603.7412667052643,9,11
2023_3266_3280,0.659831248784983,3266,3280,Marquette,Mississippi St,1719.3910434388056,1648.6825811607623,9,11
2023_3266_3339,0.6082816281018977,3266,3339,Marquette,Portland,1719.3910434388056,1697.49527781994,9,12
2023_3170_3266,0.7492122560190534,3266,3170,Marquette,CS Sacramento,1719.3910434388056,1613.0365458577303,9,13
2023_3266_3381,0.7345186522857478,3266,3381,Marquette,Southern Utah,1719.3910434388056,1639.701958180419,9,14
2023_3221_3266,0.7658509123954598,3266,3221,Marquette,Holy Cross,1719.3910434388056,1629.2629259481291,9,15
2023_3266_3313,0.8067115727238039,3266,3313,Marquette,Norfolk St,1719.3910434388056,1602.2116912546117,9,16
2023_3266_3390,0.12952847772270334,3266,3390,Marquette,Stanford,1719.3910434388056,1908.977300569646,9,1
2023_3234_3266,0.1612486166091877,3266,3234,Marquette,Iowa,1719.3910434388056,1870.0390816644287,9,2
2023_3181_3266,0.257577091413426,3266,3181,Marquette,Duke,1719.3910434388056,1790.301488742785,9,3
2023_3266_3400,0.24435270246304153,3266,3400,Marquette,Texas,1719.3910434388056,1815.9967388701339,9,4
2023_3257_3266,0.2803867196342212,3266,3257,Marquette,Louisville,1719.3910434388056,1802.6606489162655,9,5
2023_3160_3266,0.3815529534663047,3266,3160,Marquette,Colorado,1719.3910434388056,1747.8027385138969,9,6
2023_3199_3266,0.4829941038507642,3266,3199,Marquette,Florida St,1719.3910434388056,1699.7348268401822,9,7
2023_3266_3279,0.42774321567535833,3266,3279,Marquette,Mississippi,1719.3910434388056,1748.6337804634163,9,8
2023_3211_3266,0.32874781621814436,3266,3211,Marquette,Gonzaga,1719.3910434388056,1827.899035685442,9,9
2023_3208_3266,0.5353018202126145,3266,3208,Marquette,Georgia,1719.3910434388056,1712.8913313664273,9,10
2023_3266_3292,0.4542542838901342,3266,3292,Marquette,MTSU,1719.3910434388056,1777.2829997325239,9,11
2023_3179_3266,0.6083219665107722,3266,3179,Marquette,Drake,1719.3910434388056,1697.4695442261514,9,12
2023_3187_3266,0.7237705297757588,3266,3187,Marquette,East Carolina,1719.3910434388056,1632.975233621385,9,13
2023_3233_3266,0.7641540902498463,3266,3233,Marquette,Iona,1719.3910434388056,1615.6976357645276,9,14
2023_3266_3368,0.8430275061386563,3266,3368,Marquette,SE Louisiana,1719.3910434388056,1553.8846780379956,9,15
2023_3266_3357,0.9193829387436424,3266,3357,Marquette,Sacred Heart,1719.3910434388056,1449.4167263331549,9,16
2023_3266_3380,0.8793920080266302,3266,3380,Marquette,Southern Univ,1719.3910434388056,1517.4087938006023,9,16
2023_3231_3266,0.1624879810224557,3266,3231,Marquette,Indiana,1719.3910434388056,1868.6504754692617,9,1
2023_3266_3428,0.23272149304498851,3266,3428,Marquette,Utah,1719.3910434388056,1800.7318318752298,9,2
2023_3261_3266,0.17573086498708948,3266,3261,Marquette,LSU,1719.3910434388056,1864.3183903367678,9,3
2023_3266_3437,0.214488028068205,3266,3437,Marquette,Villanova,1719.3910434388056,1841.7034566384116,9,4
2023_3266_3450,0.3316816705748327,3266,3450,Marquette,Washington St,1719.3910434388056,1765.8827084988868,9,5
2023_3266_3276,0.3881456217882058,3266,3276,Marquette,Michigan,1719.3910434388056,1743.5697265353447,9,6
2023_3266_3301,0.37059236639860993,3266,3301,Marquette,NC State,1719.3910434388056,1769.9034812206935,9,7
2023_3266_3329,0.5695365406256387,3266,3329,Marquette,Oklahoma St,1719.3910434388056,1661.836187921656,9,8
2023_3266_3274,0.5622390461213637,3266,3274,Marquette,Miami FL,1719.3910434388056,1681.351650097899,9,9
2023_3266_3343,0.36780983502727105,3266,3343,Marquette,Princeton,1719.3910434388056,1816.719582514641,9,10
2023_3266_3424,0.4473697561112504,3266,3424,Marquette,UNLV,1719.3910434388056,1781.5098532864504,9,11
2023_3195_3266,0.38349798076824854,3266,3195,Marquette,FL Gulf Coast,1719.3910434388056,1836.5510410618815,9,12
2023_3156_3266,0.5697034853981608,3266,3156,Marquette,Cleveland St,1719.3910434388056,1736.7326765943915,9,13
2023_3218_3266,0.8049117716963333,3266,3218,Marquette,Hawaii,1719.3910434388056,1578.9600184597623,9,14
2023_3205_3266,0.7044346586998464,3266,3205,Marquette,Gardner Webb,1719.3910434388056,1677.3755202435086,9,15
2023_3266_3284,0.8807679954832969,3266,3284,Marquette,Monmouth NJ,1719.3910434388056,1515.4270054614776,9,16
2023_3266_3399,0.8077523327725771,3266,3399,Marquette,Tennessee Tech,1719.3910434388056,1601.1950436554923,9,16
2023_3266_3439,0.15508418113598593,3266,3439,Marquette,Virginia Tech,1719.3910434388056,1877.0771224285086,9,1
2023_3163_3266,0.11707306718904346,3266,3163,Marquette,Connecticut,1719.3910434388056,1926.504762305338,9,2
2023_3266_3326,0.23494981904382134,3266,3326,Marquette,Ohio St,1719.3910434388056,1808.8412260077441,9,3
2023_3266_3397,0.2810642157558833,3266,3397,Marquette,Tennessee,1719.3910434388056,1787.1506340535723,9,4
2023_3235_3266,0.2937304302084295,3266,3235,Marquette,Iowa St,1719.3910434388056,1792.7485871099263,9,5
2023_3266_3314,0.38441109342522756,3266,3314,Marquette,North Carolina,1719.3910434388056,1745.964248895116,9,6
2023_3124_3266,0.4665998540002367,3266,3124,Marquette,Baylor,1719.3910434388056,1709.7290295199857,9,7
2023_3266_3425,0.5620910251763268,3266,3425,Marquette,USC,1719.3910434388056,1666.4430616873983,9,8
2023_3266_3355,0.3969294771749088,3266,3355,Marquette,S Dakota St,1719.3910434388056,1782.9702056641402,9,9
2023_3104_3266,0.6140443320309436,3266,3104,Marquette,Alabama,1719.3910434388056,1663.8092371165892,9,10
2023_3266_3345,0.6871291214059104,3266,3345,Marquette,Purdue,1719.3910434388056,1629.805418842588,9,11
2023_3266_3385,0.664906586965905,3266,3385,Marquette,St John's,1719.3910434388056,1645.2328828958891,9,11
2023_3266_3405,0.4195398142719492,3266,3405,Marquette,Toledo,1719.3910434388056,1813.7407826360668,9,12
2023_3266_3387,0.7578837618377225,3266,3387,Marquette,St Louis,1719.3910434388056,1605.9385038294836,9,13
2023_3241_3266,0.6822370731477498,3266,3241,Marquette,James Madison,1719.3910434388056,1678.2498124691901,9,14
2023_3266_3436,0.7538767449947691,3266,3436,Marquette,Vermont,1719.3910434388056,1639.2393495950207,9,15
2023_3151_3266,0.8837953416863032,3266,3151,Marquette,Chattanooga,1719.3910434388056,1510.9961838972956,9,16
2023_3228_3452,0.6229688580338851,3452,3228,West Virginia,Illinois,1665.0724564337702,1603.7412667052643,10,11
2023_3280_3452,0.551444348837023,3452,3280,West Virginia,Mississippi St,1665.0724564337702,1648.6825811607623,10,11
2023_3339_3452,0.496015261215851,3452,3339,West Virginia,Portland,1665.0724564337702,1697.49527781994,10,12
2023_3170_3452,0.6543874507244787,3452,3170,West Virginia,CS Sacramento,1665.0724564337702,1613.0365458577303,10,13
2023_3381_3452,0.6368311509273951,3452,3381,West Virginia,Southern Utah,1665.0724564337702,1639.701958180419,10,14
2023_3221_3452,0.6745847706994222,3452,3221,West Virginia,Holy Cross,1665.0724564337702,1629.2629259481291,10,15
2023_3313_3452,0.7321665388225491,3452,3313,West Virginia,Norfolk St,1665.0724564337702,1602.2116912546117,10,16
2023_3390_3452,0.09427785982031121,3452,3390,West Virginia,Stanford,1665.0724564337702,1908.977300569646,10,1
2023_3234_3452,0.11854107576197657,3452,3234,West Virginia,Iowa,1665.0724564337702,1870.0390816644287,10,2
2023_3181_3452,0.18516474111162667,3452,3181,West Virginia,Duke,1665.0724564337702,1790.301488742785,10,3
2023_3400_3452,0.17008906515556296,3452,3400,West Virginia,Texas,1665.0724564337702,1815.9967388701339,10,4
2023_3257_3452,0.19804181161309464,3452,3257,West Virginia,Louisville,1665.0724564337702,1802.6606489162655,10,5
2023_3160_3452,0.28110317905645826,3452,3160,West Virginia,Colorado,1665.0724564337702,1747.8027385138969,10,6
2023_3199_3452,0.3718977638185026,3452,3199,West Virginia,Florida St,1665.0724564337702,1699.7348268401822,10,7
2023_3279_3452,0.3214537662738967,3452,3279,West Virginia,Mississippi,1665.0724564337702,1748.6337804634163,10,8
2023_3211_3452,0.23687521363197048,3452,3211,West Virginia,Gonzaga,1665.0724564337702,1827.899035685442,10,9
2023_3208_3452,0.42199440077123085,3452,3208,West Virginia,Georgia,1665.0724564337702,1712.8913313664273,10,10
2023_3292_3452,0.3453527603327512,3452,3292,West Virginia,MTSU,1665.0724564337702,1777.2829997325239,10,11
2023_3179_3452,0.49605758269150446,3452,3179,West Virginia,Drake,1665.0724564337702,1697.4695442261514,10,12
2023_3187_3452,0.6241518144889682,3452,3187,West Virginia,East Carolina,1665.0724564337702,1632.975233621385,10,13
2023_3233_3452,0.6725093834988498,3452,3233,West Virginia,Iona,1665.0724564337702,1615.6976357645276,10,14
2023_3368_3452,0.7729238075508092,3452,3368,West Virginia,SE Louisiana,1665.0724564337702,1553.8846780379956,10,15
2023_3357_3452,0.8819318062230548,3452,3357,West Virginia,Sacred Heart,1665.0724564337702,1449.4167263331549,10,16
2023_3380_3452,0.8268614722421636,3452,3380,West Virginia,Southern Univ,1665.0724564337702,1517.4087938006023,10,16
2023_3231_3452,0.11949895490302831,3452,3231,West Virginia,Indiana,1665.0724564337702,1868.6504754692617,10,1
2023_3428_3452,0.1750343760488624,3452,3428,West Virginia,Utah,1665.0724564337702,1800.7318318752298,10,2
2023_3261_3452,0.12253036172307076,3452,3261,West Virginia,LSU,1665.0724564337702,1864.3183903367678,10,3
2023_3437_3452,0.14752881391385161,3452,3437,West Virginia,Villanova,1665.0724564337702,1841.7034566384116,10,4
2023_3450_3452,0.23928143697014362,3452,3450,West Virginia,Washington St,1665.0724564337702,1765.8827084988868,10,5
2023_3276_3452,0.2867650078717788,3452,3276,West Virginia,Michigan,1665.0724564337702,1743.5697265353447,10,6
2023_3301_3452,0.2717601611401724,3452,3301,West Virginia,NC State,1665.0724564337702,1769.9034812206935,10,7
2023_3329_3452,0.45609496327067545,3452,3329,West Virginia,Oklahoma St,1665.0724564337702,1661.836187921656,10,8
2023_3274_3452,0.44873576927261394,3452,3274,West Virginia,Miami FL,1665.0724564337702,1681.351650097899,10,9
2023_3343_3452,0.2694020726847843,3452,3343,West Virginia,Princeton,1665.0724564337702,1816.719582514641,10,10
2023_3424_3452,0.339093202936447,3452,3424,West Virginia,UNLV,1665.0724564337702,1781.5098532864504,10,11
2023_3195_3452,0.28277027431620255,3452,3195,West Virginia,FL Gulf Coast,1665.0724564337702,1836.5510410618815,10,12
2023_3156_3452,0.4562639010755007,3452,3156,West Virginia,Cleveland St,1665.0724564337702,1736.7326765943915,10,13
2023_3218_3452,0.7233713323985532,3452,3218,West Virginia,Hawaii,1665.0724564337702,1578.9600184597623,10,14
2023_3205_3452,0.6016803537286276,3452,3205,West Virginia,Gardner Webb,1665.0724564337702,1677.3755202435086,10,15
2023_3284_3452,0.8287200401085467,3452,3284,West Virginia,Monmouth NJ,1665.0724564337702,1515.4270054614776,10,16
2023_3399_3452,0.733476074470382,3452,3399,West Virginia,Tennessee Tech,1665.0724564337702,1601.1950436554923,10,16
2023_3439_3452,0.11378782805764613,3452,3439,West Virginia,Virginia Tech,1665.0724564337702,1877.0771224285086,10,1
2023_3163_3452,0.08488159986979535,3452,3163,West Virginia,Connecticut,1665.0724564337702,1926.504762305338,10,2
2023_3326_3452,0.16746379545976756,3452,3326,West Virginia,Ohio St,1665.0724564337702,1808.8412260077441,10,3
2023_3397_3452,0.1985752434319329,3452,3397,West Virginia,Tennessee,1665.0724564337702,1787.1506340535723,10,4
2023_3235_3452,0.20860269234630596,3452,3235,West Virginia,Iowa St,1665.0724564337702,1792.7485871099263,10,5
2023_3314_3452,0.28355386234981517,3452,3314,West Virginia,North Carolina,1665.0724564337702,1745.964248895116,10,6
2023_3124_3452,0.3566729507432952,3452,3124,West Virginia,Baylor,1665.0724564337702,1709.7290295199857,10,7
2023_3425_3452,0.44858700932867257,3452,3425,West Virginia,USC,1665.0724564337702,1666.4430616873983,10,8
2023_3355_3452,0.29435834617398804,3452,3355,West Virginia,S Dakota St,1665.0724564337702,1782.9702056641402,10,9
2023_3104_3452,0.5020776094490228,3452,3104,West Virginia,Alabama,1665.0724564337702,1663.8092371165892,10,10
2023_3345_3452,0.5819290841188418,3452,3345,West Virginia,Purdue,1665.0724564337702,1629.805418842588,10,11
2023_3385_3452,0.557051230693317,3452,3385,West Virginia,St John's,1665.0724564337702,1645.2328828958891,10,11
2023_3405_3452,0.3141697051795913,3452,3405,West Virginia,Toledo,1665.0724564337702,1813.7407826360668,10,12
2023_3387_3452,0.6648711020822671,3452,3387,West Virginia,St Louis,1665.0724564337702,1605.9385038294836,10,13
2023_3241_3452,0.5764061629200129,3452,3241,West Virginia,James Madison,1665.0724564337702,1678.2498124691901,10,14
2023_3436_3452,0.660015279930667,3452,3436,West Virginia,Vermont,1665.0724564337702,1639.2393495950207,10,15
2023_3151_3452,0.8328180615225355,3452,3151,West Virginia,Chattanooga,1665.0724564337702,1510.9961838972956,10,16
2023_3228_3280,0.426618633190804,3228,3280,Illinois,Mississippi St,1603.7412667052643,1648.6825811607623,11,11
2023_3228_3339,0.37329474486262393,3228,3339,Illinois,Portland,1603.7412667052643,1697.49527781994,11,12
2023_3170_3228,0.5340005758150472,3228,3170,Illinois,CS Sacramento,1603.7412667052643,1613.0365458577303,11,13
2023_3228_3381,0.5148626038196505,3228,3381,Illinois,Southern Utah,1603.7412667052643,1639.701958180419,11,14
2023_3221_3228,0.5564647656674512,3228,3221,Illinois,Holy Cross,1603.7412667052643,1629.2629259481291,11,15
2023_3228_3313,0.6232753590091258,3228,3313,Illinois,Norfolk St,1603.7412667052643,1602.2116912546117,11,16
2023_3228_3390,0.06501133807385744,3228,3390,Illinois,Stanford,1603.7412667052643,1908.977300569646,11,1
2023_3228_3234,0.08242803560384607,3228,3234,Illinois,Iowa,1603.7412667052643,1870.0390816644287,11,2
2023_3181_3228,0.13178969285100794,3228,3181,Illinois,Duke,1603.7412667052643,1790.301488742785,11,3
2023_3228_3400,0.11362154706303287,3228,3400,Illinois,Texas,1603.7412667052643,1815.9967388701339,11,4
2023_3228_3257,0.13002394800947795,3228,3257,Illinois,Louisville,1603.7412667052643,1802.6606489162655,11,5
2023_3160_3228,0.1913650376629075,3228,3160,Illinois,Colorado,1603.7412667052643,1747.8027385138969,11,6
2023_3199_3228,0.2638112404824375,3228,3199,Illinois,Florida St,1603.7412667052643,1699.7348268401822,11,7
2023_3228_3279,0.22282694085392882,3228,3279,Illinois,Mississippi,1603.7412667052643,1748.6337804634163,11,8
2023_3211_3228,0.15815014278199818,3228,3211,Illinois,Gonzaga,1603.7412667052643,1827.899035685442,11,9
2023_3208_3228,0.3064518009100858,3228,3208,Illinois,Georgia,1603.7412667052643,1712.8913313664273,11,10
2023_3228_3292,0.24200858141735895,3228,3292,Illinois,MTSU,1603.7412667052643,1777.2829997325239,11,11
2023_3179_3228,0.37333435192324677,3228,3179,Illinois,Drake,1603.7412667052643,1697.4695442261514,11,12
2023_3187_3228,0.501259894733262,3228,3187,Illinois,East Carolina,1603.7412667052643,1632.975233621385,11,13
2023_3228_3233,0.5541339613964452,3228,3233,Illinois,Iona,1603.7412667052643,1615.6976357645276,11,14
2023_3228_3368,0.6732070454648927,3228,3368,Illinois,SE Louisiana,1603.7412667052643,1553.8846780379956,11,15
2023_3228_3357,0.8188660379324926,3228,3357,Illinois,Sacred Heart,1603.7412667052643,1449.4167263331549,11,16
2023_3228_3380,0.7429534931441152,3228,3380,Illinois,Southern Univ,1603.7412667052643,1517.4087938006023,11,16
2023_3228_3231,0.08312161895356637,3228,3231,Illinois,Indiana,1603.7412667052643,1868.6504754692617,11,1
2023_3228_3428,0.12413461235401482,3228,3428,Illinois,Utah,1603.7412667052643,1800.7318318752298,11,2
2023_3228_3261,0.0853196375708474,3228,3261,Illinois,LSU,1603.7412667052643,1864.3183903367678,11,3
2023_3228_3437,0.09766958441178589,3228,3437,Illinois,Villanova,1603.7412667052643,1841.7034566384116,11,4
2023_3228_3450,0.1599242519386838,3228,3450,Illinois,Washington St,1603.7412667052643,1765.8827084988868,11,5
2023_3228_3276,0.19571146883059282,3228,3276,Illinois,Michigan,1603.7412667052643,1743.5697265353447,11,6
2023_3228_3301,0.18424025110052758,3228,3301,Illinois,NC State,1603.7412667052643,1769.9034812206935,11,7
2023_3228_3329,0.3366537007032389,3228,3329,Illinois,Oklahoma St,1603.7412667052643,1661.836187921656,11,8
2023_3228_3274,0.33005224842176945,3228,3274,Illinois,Miami FL,1603.7412667052643,1681.351650097899,11,9
2023_3228_3343,0.1824513183936604,3228,3343,Illinois,Princeton,1603.7412667052643,1816.719582514641,11,10
2023_3228_3424,0.23694418669704256,3228,3424,Illinois,UNLV,1603.7412667052643,1781.5098532864504,11,11
2023_3195_3228,0.19264254920201515,3228,3195,Illinois,FL Gulf Coast,1603.7412667052643,1836.5510410618815,11,12
2023_3156_3228,0.3368057931057299,3228,3156,Illinois,Cleveland St,1603.7412667052643,1736.7326765943915,11,13
2023_3218_3228,0.6127954035590443,3228,3218,Illinois,Hawaii,1603.7412667052643,1578.9600184597623,11,14
2023_3205_3228,0.4775907162552719,3228,3205,Illinois,Gardner Webb,1603.7412667052643,1677.3755202435086,11,15
2023_3228_3284,0.745435475135761,3228,3284,Illinois,Monmouth NJ,1603.7412667052643,1515.4270054614776,11,16
2023_3228_3399,0.624844501995545,3228,3399,Illinois,Tennessee Tech,1603.7412667052643,1601.1950436554923,11,16
2023_3228_3439,0.07899307533723948,3228,3439,Illinois,Virginia Tech,1603.7412667052643,1877.0771224285086,11,1
2023_3163_3228,0.05834404752712776,3228,3163,Illinois,Connecticut,1603.7412667052643,1926.504762305338,11,2
2023_3228_3326,0.11844945067338129,3228,3326,Illinois,Ohio St,1603.7412667052643,1808.8412260077441,11,3
2023_3228_3397,0.1341796726998592,3228,3397,Illinois,Tennessee,1603.7412667052643,1787.1506340535723,11,4
2023_3228_3235,0.13757992945610004,3228,3235,Illinois,Iowa St,1603.7412667052643,1792.7485871099263,11,5
2023_3228_3314,0.19324367461988684,3228,3314,Illinois,North Carolina,1603.7412667052643,1745.964248895116,11,6
2023_3124_3228,0.25124134278918636,3228,3124,Illinois,Baylor,1603.7412667052643,1709.7290295199857,11,7
2023_3228_3425,0.32991928623856154,3228,3425,Illinois,USC,1603.7412667052643,1666.4430616873983,11,8
2023_3228_3355,0.20157518160150598,3228,3355,Illinois,S Dakota St,1603.7412667052643,1782.9702056641402,11,9
2023_3104_3228,0.37898508324081664,3228,3104,Illinois,Alabama,1603.7412667052643,1663.8092371165892,11,10
2023_3228_3345,0.4572369208794692,3228,3345,Illinois,Purdue,1603.7412667052643,1629.805418842588,11,11
2023_3228_3385,0.43217917805667483,3228,3385,Illinois,St John's,1603.7412667052643,1645.2328828958891,11,11
2023_3228_3405,0.21706282088888906,3228,3405,Illinois,Toledo,1603.7412667052643,1813.7407826360668,11,12
2023_3228_3387,0.5456002434219405,3228,3387,Illinois,St Louis,1603.7412667052643,1605.9385038294836,11,13
2023_3228_3241,0.45161903629707084,3228,3241,Illinois,James Madison,1603.7412667052643,1678.2498124691901,11,14
2023_3228_3436,0.5402113610100021,3228,3436,Illinois,Vermont,1603.7412667052643,1639.2393495950207,11,15
2023_3151_3228,0.7509272570958059,3228,3151,Illinois,Chattanooga,1603.7412667052643,1510.9961838972956,11,16
2023_3280_3339,0.4446163252845133,3280,3339,Mississippi St,Portland,1648.6825811607623,1697.49527781994,11,12
2023_3170_3280,0.606320856762893,3280,3170,Mississippi St,CS Sacramento,1648.6825811607623,1613.0365458577303,11,13
2023_3280_3381,0.5878606738064271,3280,3381,Mississippi St,Southern Utah,1648.6825811607623,1639.701958180419,11,14
2023_3221_3280,0.6277291688104766,3280,3221,Mississippi St,Holy Cross,1648.6825811607623,1629.2629259481291,11,15
2023_3280_3313,0.6897893028823227,3280,3313,Mississippi St,Norfolk St,1648.6825811607623,1602.2116912546117,11,16
2023_3280_3390,0.08546473903154664,3280,3390,Mississippi St,Stanford,1648.6825811607623,1908.977300569646,11,1
2023_3234_3280,0.10772960192621399,3280,3234,Mississippi St,Iowa,1648.6825811607623,1870.0390816644287,11,2
2023_3181_3280,0.16944496855184588,3280,3181,Mississippi St,Duke,1648.6825811607623,1790.301488742785,11,3
2023_3280_3400,0.14696447905051427,3280,3400,Mississippi St,Texas,1648.6825811607623,1815.9967388701339,11,4
2023_3257_3280,0.16727191167318028,3280,3257,Mississippi St,Louisville,1648.6825811607623,1802.6606489162655,11,5
2023_3160_3280,0.24131121253157445,3280,3160,Mississippi St,Colorado,1648.6825811607623,1747.8027385138969,11,6
2023_3199_3280,0.3250648020515623,3280,3199,Mississippi St,Florida St,1648.6825811607623,1699.7348268401822,11,7
2023_3279_3280,0.27815999212308173,3280,3279,Mississippi St,Mississippi,1648.6825811607623,1748.6337804634163,11,8
2023_3211_3280,0.20158840059051536,3280,3211,Mississippi St,Gonzaga,1648.6825811607623,1827.899035685442,11,9
2023_3208_3280,0.3725951280602168,3280,3208,Mississippi St,Georgia,1648.6825811607623,1712.8913313664273,11,10
2023_3280_3292,0.3002645732415841,3280,3292,Mississippi St,MTSU,1648.6825811607623,1777.2829997325239,11,11
2023_3179_3280,0.4446581305197223,3280,3179,Mississippi St,Drake,1648.6825811607623,1697.4695442261514,11,12
2023_3187_3280,0.5746136685728741,3280,3187,Mississippi St,East Carolina,1648.6825811607623,1632.975233621385,11,13
2023_3233_3280,0.6255208401744089,3280,3233,Mississippi St,Iona,1648.6825811607623,1615.6976357645276,11,14
2023_3280_3368,0.7346582286106061,3280,3368,Mississippi St,SE Louisiana,1648.6825811607623,1553.8846780379956,11,15
2023_3280_3357,0.8586769289774067,3280,3357,Mississippi St,Sacred Heart,1648.6825811607623,1449.4167263331549,11,16
2023_3280_3380,0.795277709551971,3280,3380,Mississippi St,Southern Univ,1648.6825811607623,1517.4087938006023,11,16
2023_3231_3280,0.10861088282829101,3280,3231,Mississippi St,Indiana,1648.6825811607623,1868.6504754692617,11,1
2023_3280_3428,0.1600057521793629,3280,3428,Mississippi St,Utah,1648.6825811607623,1800.7318318752298,11,2
2023_3261_3280,0.11140103035733814,3280,3261,Mississippi St,LSU,1648.6825811607623,1864.3183903367678,11,3
2023_3280_3437,0.12700204779275193,3280,3437,Mississippi St,Villanova,1648.6825811607623,1841.7034566384116,11,4
2023_3280_3450,0.20373186943298446,3280,3450,Mississippi St,Washington St,1648.6825811607623,1765.8827084988868,11,5
2023_3276_3280,0.24644632581494427,3280,3276,Mississippi St,Michigan,1648.6825811607623,1743.5697265353447,11,6
2023_3280_3301,0.23286235891798093,3280,3301,Mississippi St,NC State,1648.6825811607623,1769.9034812206935,11,7
2023_3280_3329,0.405504350882419,3280,3329,Mississippi St,Oklahoma St,1648.6825811607623,1661.836187921656,11,8
2023_3274_3280,0.398363584997336,3280,3274,Mississippi St,Miami FL,1648.6825811607623,1681.351650097899,11,9
2023_3280_3343,0.23073485085304052,3280,3343,Mississippi St,Princeton,1648.6825811607623,1816.719582514641,11,10
2023_3280_3424,0.2944546620024977,3280,3424,Mississippi St,UNLV,1648.6825811607623,1781.5098532864504,11,11
2023_3195_3280,0.2428220294889963,3280,3195,Mississippi St,FL Gulf Coast,1648.6825811607623,1836.5510410618815,11,12
2023_3156_3280,0.40566852611925003,3280,3156,Mississippi St,Cleveland St,1648.6825811607623,1736.7326765943915,11,13
2023_3218_3280,0.6802103091491587,3280,3218,Mississippi St,Hawaii,1648.6825811607623,1578.9600184597623,11,14
2023_3205_3280,0.5513095818692929,3280,3205,Mississippi St,Gardner Webb,1648.6825811607623,1677.3755202435086,11,15
2023_3280_3284,0.7973922402754661,3280,3284,Mississippi St,Monmouth NJ,1648.6825811607623,1515.4270054614776,11,16
2023_3280_3399,0.6912186534510933,3280,3399,Mississippi St,Tennessee Tech,1648.6825811607623,1601.1950436554923,11,16
2023_3280_3439,0.1033590377396328,3280,3439,Mississippi St,Virginia Tech,1648.6825811607623,1877.0771224285086,11,1
2023_3163_3280,0.07687229371341878,3280,3163,Mississippi St,Connecticut,1648.6825811607623,1926.504762305338,11,2
2023_3280_3326,0.1529646632129147,3280,3326,Mississippi St,Ohio St,1648.6825811607623,1808.8412260077441,11,3
2023_3280_3397,0.1723822360315454,3280,3397,Mississippi St,Tennessee,1648.6825811607623,1787.1506340535723,11,4
2023_3235_3280,0.17655317846997287,3280,3235,Mississippi St,Iowa St,1648.6825811607623,1792.7485871099263,11,5
2023_3280_3314,0.24353250457365813,3280,3314,Mississippi St,North Carolina,1648.6825811607623,1745.964248895116,11,6
2023_3124_3280,0.31080851471141474,3280,3124,Mississippi St,Baylor,1648.6825811607623,1709.7290295199857,11,7
2023_3280_3425,0.3982194610678207,3280,3425,Mississippi St,USC,1648.6825811607623,1666.4430616873983,11,8
2023_3280_3355,0.25335128402349305,3280,3355,Mississippi St,S Dakota St,1648.6825811607623,1782.9702056641402,11,9
2023_3104_3280,0.4506121460667358,3280,3104,Mississippi St,Alabama,1648.6825811607623,1663.8092371165892,11,10
2023_3280_3345,0.5310074954075761,3280,3345,Mississippi St,Purdue,1648.6825811607623,1629.805418842588,11,11
2023_3280_3385,0.5056734877724474,3280,3385,Mississippi St,St John's,1648.6825811607623,1645.2328828958891,11,11
2023_3280_3405,0.27146448013007857,3280,3405,Mississippi St,Toledo,1648.6825811607623,1813.7407826360668,11,12
2023_3280_3387,0.6174100957357842,3280,3387,Mississippi St,St Louis,1648.6825811607623,1605.9385038294836,11,13
2023_3241_3280,0.5253605494090476,3280,3241,Mississippi St,James Madison,1648.6825811607623,1678.2498124691901,11,14
2023_3280_3436,0.612267626453293,3280,3436,Mississippi St,Vermont,1648.6825811607623,1639.2393495950207,11,15
2023_3151_3280,0.802060778181543,3280,3151,Mississippi St,Chattanooga,1648.6825811607623,1510.9961838972956,11,16
2023_3170_3339,0.6579834278940273,3339,3170,Portland,CS Sacramento,1697.49527781994,1613.0365458577303,12,13
2023_3339_3381,0.6405094462563562,3339,3381,Portland,Southern Utah,1697.49527781994,1639.701958180419,12,14
2023_3221_3339,0.6780739832192213,3339,3221,Portland,Holy Cross,1697.49527781994,1629.2629259481291,12,15
2023_3313_3339,0.7352806235306248,3339,3313,Portland,Norfolk St,1697.49527781994,1602.2116912546117,12,16
2023_3339_3390,0.1141350148352972,3339,3390,Portland,Stanford,1697.49527781994,1908.977300569646,12,1
2023_3234_3339,0.14270345587233169,3339,3234,Portland,Iowa,1697.49527781994,1870.0390816644287,12,2
2023_3181_3339,0.21952504821764085,3339,3181,Portland,Duke,1697.49527781994,1790.301488742785,12,3
2023_3339_3400,0.19193579662456234,3339,3400,Portland,Texas,1697.49527781994,1815.9967388701339,12,4
2023_3257_3339,0.20591207594679314,3339,3257,Portland,Louisville,1697.49527781994,1802.6606489162655,12,5
2023_3160_3339,0.28433546717363417,3339,3160,Portland,Colorado,1697.49527781994,1747.8027385138969,12,6
2023_3199_3339,0.3756285590299831,3339,3199,Portland,Florida St,1697.49527781994,1699.7348268401822,12,7
2023_3279_3339,0.3249403131271265,3339,3279,Portland,Mississippi,1697.49527781994,1748.6337804634163,12,8
2023_3211_3339,0.23976855888435328,3339,3211,Portland,Gonzaga,1697.49527781994,1827.899035685442,12,9
2023_3208_3339,0.4258869927971471,3339,3208,Portland,Georgia,1697.49527781994,1712.8913313664273,12,10
2023_3292_3339,0.34896521113762374,3339,3292,Portland,MTSU,1697.49527781994,1777.2829997325239,12,11
2023_3179_3339,0.500042324135218,3339,3179,Portland,Drake,1697.49527781994,1697.4695442261514,12,12
2023_3187_3339,0.6278834910012108,3339,3187,Portland,East Carolina,1697.49527781994,1632.975233621385,12,13
2023_3233_3339,0.6760101613421117,3339,3233,Portland,Iona,1697.49527781994,1615.6976357645276,12,14
2023_3339_3368,0.7757091782351322,3339,3368,Portland,SE Louisiana,1697.49527781994,1553.8846780379956,12,15
2023_3339_3357,0.8835814568608178,3339,3357,Portland,Sacred Heart,1697.49527781994,1449.4167263331549,12,16
2023_3339_3380,0.8291314917938737,3339,3380,Portland,Southern Univ,1697.49527781994,1517.4087938006023,12,16
2023_3231_3339,0.1438247231538129,3339,3231,Portland,Indiana,1697.49527781994,1868.6504754692617,12,1
2023_3339_3428,0.20799468120498063,3339,3428,Portland,Utah,1697.49527781994,1800.7318318752298,12,2
2023_3261_3339,0.14736993512542235,3339,3261,Portland,LSU,1697.49527781994,1864.3183903367678,12,3
2023_3339_3437,0.16706114953598655,3339,3437,Portland,Villanova,1697.49527781994,1841.7034566384116,12,4
2023_3339_3450,0.24828319027859755,3339,3450,Portland,Washington St,1697.49527781994,1765.8827084988868,12,5
2023_3276_3339,0.2900361334398549,3339,3276,Portland,Michigan,1697.49527781994,1743.5697265353447,12,6
2023_3301_3339,0.2749261025683249,3339,3301,Portland,NC State,1697.49527781994,1769.9034812206935,12,7
2023_3329_3339,0.46005174625044376,3339,3329,Portland,Oklahoma St,1697.49527781994,1661.836187921656,12,8
2023_3274_3339,0.4526818444735687,3339,3274,Portland,Miami FL,1697.49527781994,1681.351650097899,12,9
2023_3339_3343,0.27255082429400784,3339,3343,Portland,Princeton,1697.49527781994,1816.719582514641,12,10
2023_3339_3424,0.3426744510532261,3339,3424,Portland,UNLV,1697.49527781994,1781.5098532864504,12,11
2023_3195_3339,0.28601410515993686,3339,3195,Portland,FL Gulf Coast,1697.49527781994,1836.5510410618815,12,12
2023_3156_3339,0.46022090954865685,3339,3156,Portland,Cleveland St,1697.49527781994,1736.7326765943915,12,13
2023_3218_3339,0.7265494857694409,3339,3218,Portland,Hawaii,1697.49527781994,1578.9600184597623,12,14
2023_3205_3339,0.6054941204497225,3339,3205,Portland,Gardner Webb,1697.49527781994,1677.3755202435086,12,15
2023_3284_3339,0.8309706732840118,3339,3284,Portland,Monmouth NJ,1697.49527781994,1515.4270054614776,12,16
2023_3339_3399,0.7365804112688945,3339,3399,Portland,Tennessee Tech,1697.49527781994,1601.1950436554923,12,16
2023_3339_3439,0.13713207707200537,3339,3439,Portland,Virginia Tech,1697.49527781994,1877.0771224285086,12,1
2023_3163_3339,0.10298470934670366,3339,3163,Portland,Connecticut,1697.49527781994,1926.504762305338,12,2
2023_3326_3339,0.19934298120118685,3339,3326,Portland,Ohio St,1697.49527781994,1808.8412260077441,12,3
2023_3339_3397,0.22309724813932313,3339,3397,Portland,Tennessee,1697.49527781994,1787.1506340535723,12,4
2023_3235_3339,0.21677920207205517,3339,3235,Portland,Iowa St,1697.49527781994,1792.7485871099263,12,5
2023_3314_3339,0.2868030877171957,3339,3314,Portland,North Carolina,1697.49527781994,1745.964248895116,12,6
2023_3124_3339,0.3603386354574131,3339,3124,Portland,Baylor,1697.49527781994,1709.7290295199857,12,7
2023_3339_3425,0.45253285023837714,3339,3425,Portland,USC,1697.49527781994,1666.4430616873983,12,8
2023_3339_3355,0.2976799378411091,3339,3355,Portland,S Dakota St,1697.49527781994,1782.9702056641402,12,9
2023_3104_3339,0.5060621474856197,3339,3104,Portland,Alabama,1697.49527781994,1663.8092371165892,12,10
2023_3339_3345,0.5858017774510117,3339,3345,Portland,Purdue,1697.49527781994,1629.805418842588,12,11
2023_3339_3385,0.5609805176361035,3339,3385,Portland,St John's,1697.49527781994,1645.2328828958891,12,11
2023_3339_3405,0.31761422811703316,3339,3405,Portland,Toledo,1697.49527781994,1813.7407826360668,12,12
2023_3339_3387,0.6684132721589259,3339,3387,Portland,St Louis,1697.49527781994,1605.9385038294836,12,13
2023_3241_3339,0.580293117982763,3339,3241,Portland,James Madison,1697.49527781994,1678.2498124691901,12,14
2023_3339_3436,0.6635828046373797,3339,3436,Portland,Vermont,1697.49527781994,1639.2393495950207,12,15
2023_3151_3339,0.8350255660141337,3339,3151,Portland,Chattanooga,1697.49527781994,1510.9961838972956,12,16
2023_3170_3381,0.4808232651432053,3170,3381,CS Sacramento,Southern Utah,1613.0365458577303,1639.701958180419,13,14
2023_3170_3221,0.5226380349788234,3170,3221,CS Sacramento,Holy Cross,1613.0365458577303,1629.2629259481291,13,15
2023_3170_3313,0.5907970624790376,3170,3313,CS Sacramento,Norfolk St,1613.0365458577303,1602.2116912546117,13,16
2023_3170_3390,0.06882880564441687,3170,3390,CS Sacramento,Stanford,1613.0365458577303,1908.977300569646,13,1
2023_3170_3234,0.08717286074819114,3170,3234,CS Sacramento,Iowa,1613.0365458577303,1870.0390816644287,13,2
2023_3170_3181,0.13894566631741384,3170,3181,CS Sacramento,Duke,1613.0365458577303,1790.301488742785,13,3
2023_3170_3400,0.11992728580954144,3170,3400,CS Sacramento,Texas,1613.0365458577303,1815.9967388701339,13,4
2023_3170_3257,0.1295004074540698,3170,3257,CS Sacramento,Louisville,1613.0365458577303,1802.6606489162655,13,5
2023_3160_3170,0.1758844878172795,3170,3160,CS Sacramento,Colorado,1613.0365458577303,1747.8027385138969,13,6
2023_3170_3199,0.2382196300711793,3170,3199,CS Sacramento,Florida St,1613.0365458577303,1699.7348268401822,13,7
2023_3170_3279,0.20013030535899903,3170,3279,CS Sacramento,Mississippi,1613.0365458577303,1748.6337804634163,13,8
2023_3170_3211,0.14084742082828647,3170,3211,CS Sacramento,Gonzaga,1613.0365458577303,1827.899035685442,13,9
2023_3170_3208,0.278287366927863,3170,3208,CS Sacramento,Georgia,1613.0365458577303,1712.8913313664273,13,10
2023_3170_3292,0.21790595969071863,3170,3292,CS Sacramento,MTSU,1613.0365458577303,1777.2829997325239,13,11
2023_3170_3179,0.34205467182788446,3170,3179,CS Sacramento,Drake,1613.0365458577303,1697.4695442261514,13,12
2023_3170_3187,0.467253707887378,3170,3187,CS Sacramento,East Carolina,1613.0365458577303,1632.975233621385,13,13
2023_3170_3233,0.5202827138868168,3170,3233,CS Sacramento,Iona,1613.0365458577303,1615.6976357645276,13,14
2023_3170_3368,0.6425648056377397,3170,3368,CS Sacramento,SE Louisiana,1613.0365458577303,1553.8846780379956,13,15
2023_3170_3357,0.7977791042859171,3170,3357,CS Sacramento,Sacred Heart,1613.0365458577303,1449.4167263331549,13,16
2023_3170_3380,0.7160931168012499,3170,3380,CS Sacramento,Southern Univ,1613.0365458577303,1517.4087938006023,13,16
2023_3170_3231,0.08790254423648121,3170,3231,CS Sacramento,Indiana,1613.0365458577303,1868.6504754692617,13,1
2023_3170_3428,0.13093761382561617,3170,3428,CS Sacramento,Utah,1613.0365458577303,1800.7318318752298,13,2
2023_3170_3261,0.09021454754699869,3170,3261,CS Sacramento,LSU,1613.0365458577303,1864.3183903367678,13,3
2023_3170_3437,0.10319309261432122,3170,3437,CS Sacramento,Villanova,1613.0365458577303,1841.7034566384116,13,4
2023_3170_3450,0.15930236338556383,3170,3450,CS Sacramento,Washington St,1613.0365458577303,1765.8827084988868,13,5
2023_3170_3276,0.17995756089709486,3170,3276,CS Sacramento,Michigan,1613.0365458577303,1743.5697265353447,13,6
2023_3170_3301,0.1646413355867073,3170,3301,CS Sacramento,NC State,1613.0365458577303,1769.9034812206935,13,7
2023_3170_3329,0.30694199966911634,3170,3329,CS Sacramento,Oklahoma St,1613.0365458577303,1661.836187921656,13,8
2023_3170_3274,0.30065909586542094,3170,3274,CS Sacramento,Miami FL,1613.0365458577303,1681.351650097899,13,9
2023_3170_3343,0.16300467819596715,3170,3343,CS Sacramento,Princeton,1613.0365458577303,1816.719582514641,13,10
2023_3170_3424,0.213204078136598,3170,3424,CS Sacramento,UNLV,1613.0365458577303,1781.5098532864504,13,11
2023_3170_3195,0.1723386507044146,3170,3195,CS Sacramento,FL Gulf Coast,1613.0365458577303,1836.5510410618815,13,12
2023_3156_3170,0.3070868830274597,3170,3156,CS Sacramento,Cleveland St,1613.0365458577303,1736.7326765943915,13,13
2023_3170_3218,0.5800224062399529,3170,3218,CS Sacramento,Hawaii,1613.0365458577303,1578.9600184597623,13,14
2023_3170_3205,0.44376153919601086,3170,3205,CS Sacramento,Gardner Webb,1613.0365458577303,1677.3755202435086,13,15
2023_3170_3284,0.7187362700633618,3170,3284,CS Sacramento,Monmouth NJ,1613.0365458577303,1515.4270054614776,13,16
2023_3170_3399,0.5924130197643356,3170,3399,CS Sacramento,Tennessee Tech,1613.0365458577303,1601.1950436554923,13,16
2023_3170_3439,0.08355817896538101,3170,3439,CS Sacramento,Virginia Tech,1613.0365458577303,1877.0771224285086,13,1
2023_3163_3170,0.06179588711878934,3170,3163,CS Sacramento,Connecticut,1613.0365458577303,1926.504762305338,13,2
2023_3170_3326,0.12498534611694329,3170,3326,CS Sacramento,Ohio St,1613.0365458577303,1808.8412260077441,13,3
2023_3170_3397,0.14144427652096536,3170,3397,CS Sacramento,Tennessee,1613.0365458577303,1787.1506340535723,13,4
2023_3170_3235,0.13703075692237335,3170,3235,CS Sacramento,Iowa St,1613.0365458577303,1792.7485871099263,13,5
2023_3170_3314,0.17764453782337822,3170,3314,CS Sacramento,North Carolina,1613.0365458577303,1745.964248895116,13,6
2023_3124_3170,0.22649395519744528,3170,3124,CS Sacramento,Baylor,1613.0365458577303,1709.7290295199857,13,7
2023_3170_3425,0.3005326629624168,3170,3425,CS Sacramento,USC,1613.0365458577303,1666.4430616873983,13,8
2023_3170_3355,0.18054034321542994,3170,3355,CS Sacramento,S Dakota St,1613.0365458577303,1782.9702056641402,13,9
2023_3104_3170,0.34749448999092614,3170,3104,CS Sacramento,Alabama,1613.0365458577303,1663.8092371165892,13,10
2023_3170_3345,0.4236802115859572,3170,3345,CS Sacramento,Purdue,1613.0365458577303,1629.805418842588,13,11
2023_3170_3385,0.3991091976133155,3170,3385,CS Sacramento,St John's,1613.0365458577303,1645.2328828958891,13,11
2023_3170_3405,0.1948061378611884,3170,3405,CS Sacramento,Toledo,1613.0365458577303,1813.7407826360668,13,12
2023_3170_3387,0.5116720546332214,3170,3387,CS Sacramento,St Louis,1613.0365458577303,1605.9385038294836,13,13
2023_3170_3241,0.41815698120267525,3170,3241,CS Sacramento,James Madison,1613.0365458577303,1678.2498124691901,13,14
2023_3170_3436,0.5062449377460256,3170,3436,CS Sacramento,Vermont,1613.0365458577303,1639.2393495950207,13,15
2023_3151_3170,0.7245912356133849,3170,3151,CS Sacramento,Chattanooga,1613.0365458577303,1510.9961838972956,13,16
2023_3221_3381,0.5417422845931027,3381,3221,Southern Utah,Holy Cross,1639.701958180419,1629.2629259481291,14,15
2023_3313_3381,0.6092131534123347,3381,3313,Southern Utah,Norfolk St,1639.701958180419,1602.2116912546117,14,16
2023_3381_3390,0.08095854504648742,3381,3390,Southern Utah,Stanford,1639.701958180419,1908.977300569646,14,1
2023_3234_3381,0.10218063887621476,3381,3234,Southern Utah,Iowa,1639.701958180419,1870.0390816644287,14,2
2023_3181_3381,0.16129178185245124,3381,3181,Southern Utah,Duke,1639.701958180419,1790.301488742785,14,3
2023_3381_3400,0.13971103032525461,3381,3400,Southern Utah,Texas,1639.701958180419,1815.9967388701339,14,4
2023_3257_3381,0.1505931489416437,3381,3257,Southern Utah,Louisville,1639.701958180419,1802.6606489162655,14,5
2023_3160_3381,0.20277233522692586,3381,3160,Southern Utah,Colorado,1639.701958180419,1747.8027385138969,14,6
2023_3199_3381,0.2586826922521615,3381,3199,Southern Utah,Florida St,1639.701958180419,1699.7348268401822,14,7
2023_3279_3381,0.21269850640778062,3381,3279,Southern Utah,Mississippi,1639.701958180419,1748.6337804634163,14,8
2023_3211_3381,0.15039264968828467,3381,3211,Southern Utah,Gonzaga,1639.701958180419,1827.899035685442,14,9
2023_3208_3381,0.29396000063134137,3381,3208,Southern Utah,Georgia,1639.701958180419,1712.8913313664273,14,10
2023_3292_3381,0.23126771199795917,3381,3292,Southern Utah,MTSU,1639.701958180419,1777.2829997325239,14,11
2023_3179_3381,0.35952953640073554,3381,3179,Southern Utah,Drake,1639.701958180419,1697.4695442261514,14,12
2023_3187_3381,0.48639627197717245,3381,3187,Southern Utah,East Carolina,1639.701958180419,1632.975233621385,14,13
2023_3233_3381,0.5393981521173152,3381,3233,Southern Utah,Iona,1639.701958180419,1615.6976357645276,14,14
2023_3368_3381,0.6599919153205631,3381,3368,Southern Utah,SE Louisiana,1639.701958180419,1553.8846780379956,14,15
2023_3357_3381,0.8098776983710373,3381,3357,Southern Utah,Sacred Heart,1639.701958180419,1449.4167263331549,14,16
2023_3380_3381,0.7314336442255668,3381,3380,Southern Utah,Southern Univ,1639.701958180419,1517.4087938006023,14,16
2023_3231_3381,0.10302176765756826,3381,3231,Southern Utah,Indiana,1639.701958180419,1868.6504754692617,14,1
2023_3381_3428,0.15222350938267876,3381,3428,Southern Utah,Utah,1639.701958180419,1800.7318318752298,14,2
2023_3261_3381,0.10568535754127299,3381,3261,Southern Utah,LSU,1639.701958180419,1864.3183903367678,14,3
2023_3381_3437,0.12059456155669164,3381,3437,Southern Utah,Villanova,1639.701958180419,1841.7034566384116,14,4
2023_3381_3450,0.18422192419601274,3381,3450,Southern Utah,Washington St,1639.701958180419,1765.8827084988868,14,5
2023_3276_3381,0.2073114339841465,3381,3276,Southern Utah,Michigan,1639.701958180419,1743.5697265353447,14,6
2023_3301_3381,0.18027977702725226,3381,3301,Southern Utah,NC State,1639.701958180419,1769.9034812206935,14,7
2023_3329_3381,0.3235050403767517,3381,3329,Southern Utah,Oklahoma St,1639.701958180419,1661.836187921656,14,8
2023_3274_3381,0.317038192709913,3381,3274,Southern Utah,Miami FL,1639.701958180419,1681.351650097899,14,9
2023_3343_3381,0.1737478337924039,3381,3343,Southern Utah,Princeton,1639.701958180419,1816.719582514641,14,10
2023_3381_3424,0.2263609628515216,3381,3424,Southern Utah,UNLV,1639.701958180419,1781.5098532864504,14,11
2023_3195_3381,0.18356206641224437,3381,3195,Southern Utah,FL Gulf Coast,1639.701958180419,1836.5510410618815,14,12
2023_3156_3381,0.3236540908373877,3381,3156,Southern Utah,Cleveland St,1639.701958180419,1736.7326765943915,14,13
2023_3218_3381,0.5985939444638758,3381,3218,Southern Utah,Hawaii,1639.701958180419,1578.9600184597623,14,14
2023_3205_3381,0.4627777015161403,3381,3205,Southern Utah,Gardner Webb,1639.701958180419,1677.3755202435086,14,15
2023_3284_3381,0.7339870324793889,3381,3284,Southern Utah,Monmouth NJ,1639.701958180419,1515.4270054614776,14,16
2023_3381_3399,0.6108042940160973,3381,3399,Southern Utah,Tennessee Tech,1639.701958180419,1601.1950436554923,14,16
2023_3381_3439,0.0980104667217546,3381,3439,Southern Utah,Virginia Tech,1639.701958180419,1877.0771224285086,14,1
2023_3163_3381,0.07278308765545943,3381,3163,Southern Utah,Connecticut,1639.701958180419,1926.504762305338,14,2
2023_3326_3381,0.14546557453300746,3381,3326,Southern Utah,Ohio St,1639.701958180419,1808.8412260077441,14,3
2023_3381_3397,0.16411564374539753,3381,3397,Southern Utah,Tennessee,1639.701958180419,1787.1506340535723,14,4
2023_3235_3381,0.15912581819869143,3381,3235,Southern Utah,Iowa St,1639.701958180419,1792.7485871099263,14,5
2023_3314_3381,0.2047346048244242,3381,3314,Southern Utah,North Carolina,1639.701958180419,1745.964248895116,14,6
2023_3124_3381,0.24627541044953874,3381,3124,Southern Utah,Baylor,1639.701958180419,1709.7290295199857,14,7
2023_3381_3425,0.31690799327160984,3381,3425,Southern Utah,USC,1639.701958180419,1666.4430616873983,14,8
2023_3355_3381,0.19217386874316855,3381,3355,Southern Utah,S Dakota St,1639.701958180419,1782.9702056641402,14,9
2023_3104_3381,0.36509305222007077,3381,3104,Southern Utah,Alabama,1639.701958180419,1663.8092371165892,14,10
2023_3345_3381,0.4425204463411446,3381,3345,Southern Utah,Purdue,1639.701958180419,1629.805418842588,14,11
2023_3381_3385,0.4176486130551464,3381,3385,Southern Utah,St John's,1639.701958180419,1645.2328828958891,14,11
2023_3381_3405,0.20712656289775566,3381,3405,Southern Utah,Toledo,1639.701958180419,1813.7407826360668,14,12
2023_3381_3387,0.5308211944243608,3381,3387,Southern Utah,St Louis,1639.701958180419,1605.9385038294836,14,13
2023_3241_3381,0.4369378162427695,3381,3241,Southern Utah,James Madison,1639.701958180419,1678.2498124691901,14,14
2023_3381_3436,0.5254095006881452,3381,3436,Southern Utah,Vermont,1639.701958180419,1639.2393495950207,14,15
2023_3151_3381,0.7396395310106042,3381,3151,Southern Utah,Chattanooga,1639.701958180419,1510.9961838972956,14,16
2023_3221_3313,0.5687240677345456,3221,3313,Holy Cross,Norfolk St,1629.2629259481291,1602.2116912546117,15,16
2023_3221_3390,0.07599355917987083,3221,3390,Holy Cross,Stanford,1629.2629259481291,1908.977300569646,15,1
2023_3221_3234,0.09605017607246642,3221,3234,Holy Cross,Iowa,1629.2629259481291,1870.0390816644287,15,2
2023_3181_3221,0.15221613243170456,3221,3181,Holy Cross,Duke,1629.2629259481291,1790.301488742785,15,3
2023_3221_3400,0.13165907626987297,3221,3400,Holy Cross,Texas,1629.2629259481291,1815.9967388701339,15,4
2023_3221_3257,0.14201756036127108,3221,3257,Holy Cross,Louisville,1629.2629259481291,1802.6606489162655,15,5
2023_3160_3221,0.19189666766808935,3221,3160,Holy Cross,Colorado,1629.2629259481291,1747.8027385138969,15,6
2023_3199_3221,0.24573259480903845,3221,3199,Holy Cross,Florida St,1629.2629259481291,1699.7348268401822,15,7
2023_3221_3279,0.191050273046185,3221,3279,Holy Cross,Mississippi,1629.2629259481291,1748.6337804634163,15,8
2023_3211_3221,0.1302348992499635,3221,3211,Holy Cross,Gonzaga,1629.2629259481291,1827.899035685442,15,9
2023_3208_3221,0.2604584996650679,3221,3208,Holy Cross,Georgia,1629.2629259481291,1712.8913313664273,15,10
2023_3221_3292,0.20285818042730452,3221,3292,Holy Cross,MTSU,1629.2629259481291,1777.2829997325239,15,11
2023_3179_3221,0.3219629735786805,3221,3179,Holy Cross,Drake,1629.2629259481291,1697.4695442261514,15,12
2023_3187_3221,0.4447794155712115,3221,3187,Holy Cross,East Carolina,1629.2629259481291,1632.975233621385,15,13
2023_3221_3233,0.49764034506392857,3221,3233,Holy Cross,Iona,1629.2629259481291,1615.6976357645276,15,14
2023_3221_3368,0.6214952190485866,3221,3368,Holy Cross,SE Louisiana,1629.2629259481291,1553.8846780379956,15,15
2023_3221_3357,0.7827657153685079,3221,3357,Holy Cross,Sacred Heart,1629.2629259481291,1449.4167263331549,15,16
2023_3221_3380,0.6973161029757976,3221,3380,Holy Cross,Southern Univ,1629.2629259481291,1517.4087938006023,15,16
2023_3221_3231,0.09684628375466255,3221,3231,Holy Cross,Indiana,1629.2629259481291,1868.6504754692617,15,1
2023_3221_3428,0.14357077177656158,3221,3428,Holy Cross,Utah,1629.2629259481291,1800.7318318752298,15,2
2023_3221_3261,0.09936789656396014,3221,3261,Holy Cross,LSU,1629.2629259481291,1864.3183903367678,15,3
2023_3221_3437,0.11349899169701431,3221,3437,Holy Cross,Villanova,1629.2629259481291,1841.7034566384116,15,4
2023_3221_3450,0.17412389696483696,3221,3450,Holy Cross,Washington St,1629.2629259481291,1765.8827084988868,15,5
2023_3221_3276,0.19625224312824027,3221,3276,Holy Cross,Michigan,1629.2629259481291,1743.5697265353447,15,6
2023_3221_3301,0.17035271276653494,3221,3301,Holy Cross,NC State,1629.2629259481291,1769.9034812206935,15,7
2023_3221_3329,0.2948019511226366,3221,3329,Holy Cross,Oklahoma St,1629.2629259481291,1661.836187921656,15,8
2023_3221_3274,0.28195690135561985,3221,3274,Holy Cross,Miami FL,1629.2629259481291,1681.351650097899,15,9
2023_3221_3343,0.15101611252136934,3221,3343,Holy Cross,Princeton,1629.2629259481291,1816.719582514641,15,10
2023_3221_3424,0.1983986261449908,3221,3424,Holy Cross,UNLV,1629.2629259481291,1781.5098532864504,15,11
2023_3195_3221,0.15979465670837856,3221,3195,Holy Cross,FL Gulf Coast,1629.2629259481291,1836.5510410618815,15,12
2023_3156_3221,0.2881495982214825,3221,3156,Holy Cross,Cleveland St,1629.2629259481291,1736.7326765943915,15,13
2023_3218_3221,0.5578032249974003,3221,3218,Holy Cross,Hawaii,1629.2629259481291,1578.9600184597623,15,14
2023_3205_3221,0.4215231486008874,3221,3205,Holy Cross,Gardner Webb,1629.2629259481291,1677.3755202435086,15,15
2023_3221_3284,0.7000608477647519,3221,3284,Holy Cross,Monmouth NJ,1629.2629259481291,1515.4270054614776,15,16
2023_3221_3399,0.5703638029286763,3221,3399,Holy Cross,Tennessee Tech,1629.2629259481291,1601.1950436554923,15,16
2023_3221_3439,0.09210453218392824,3221,3439,Holy Cross,Virginia Tech,1629.2629259481291,1877.0771224285086,15,1
2023_3163_3221,0.06828223104663436,3221,3163,Holy Cross,Connecticut,1629.2629259481291,1926.504762305338,15,2
2023_3221_3326,0.13713483635139168,3221,3326,Holy Cross,Ohio St,1629.2629259481291,1808.8412260077441,15,3
2023_3221_3397,0.15491044781801622,3221,3397,Holy Cross,Tennessee,1629.2629259481291,1787.1506340535723,15,4
2023_3221_3235,0.15015022549784887,3221,3235,Holy Cross,Iowa St,1629.2629259481291,1792.7485871099263,15,5
2023_3221_3314,0.19377927297930161,3221,3314,Holy Cross,North Carolina,1629.2629259481291,1745.964248895116,15,6
2023_3124_3221,0.23375058943070925,3221,3124,Holy Cross,Baylor,1629.2629259481291,1709.7290295199857,15,7
2023_3221_3425,0.288540574594325,3221,3425,Holy Cross,USC,1629.2629259481291,1666.4430616873983,15,8
2023_3221_3355,0.16752020253903013,3221,3355,Holy Cross,S Dakota St,1629.2629259481291,1782.9702056641402,15,9
2023_3104_3221,0.32724218860848203,3221,3104,Holy Cross,Alabama,1629.2629259481291,1663.8092371165892,15,10
2023_3221_3345,0.4017213723560946,3221,3345,Holy Cross,Purdue,1629.2629259481291,1629.805418842588,15,11
2023_3221_3385,0.37758949012522186,3221,3385,Holy Cross,St John's,1629.2629259481291,1645.2328828958891,15,11
2023_3221_3405,0.18098440426591883,3221,3405,Holy Cross,Toledo,1629.2629259481291,1813.7407826360668,15,12
2023_3221_3387,0.48902241712295025,3221,3387,Holy Cross,St Louis,1629.2629259481291,1605.9385038294836,15,13
2023_3221_3241,0.39628756535052384,3221,3241,Holy Cross,James Madison,1629.2629259481291,1678.2498124691901,15,14
2023_3221_3436,0.48359762734887046,3221,3436,Holy Cross,Vermont,1629.2629259481291,1639.2393495950207,15,15
2023_3151_3221,0.7061456290237664,3221,3151,Holy Cross,Chattanooga,1629.2629259481291,1510.9961838972956,15,16
2023_3313_3390,0.06440234338683157,3313,3390,Norfolk St,Stanford,1602.2116912546117,1908.977300569646,16,1
2023_3234_3313,0.08167014080079811,3313,3234,Norfolk St,Iowa,1602.2116912546117,1870.0390816644287,16,2
2023_3181_3313,0.13064255635660335,3313,3181,Norfolk St,Duke,1602.2116912546117,1790.301488742785,16,3
2023_3313_3400,0.11261203966956244,3313,3400,Norfolk St,Texas,1602.2116912546117,1815.9967388701339,16,4
2023_3257_3313,0.12168196321962639,3313,3257,Norfolk St,Louisville,1602.2116912546117,1802.6606489162655,16,5
2023_3160_3313,0.16579902956919176,3313,3160,Norfolk St,Colorado,1602.2116912546117,1747.8027385138969,16,6
2023_3199_3313,0.21425455206380362,3313,3199,Norfolk St,Florida St,1602.2116912546117,1699.7348268401822,16,7
2023_3279_3313,0.16504423393116305,3313,3279,Norfolk St,Mississippi,1602.2116912546117,1748.6337804634163,16,8
2023_3211_3313,0.10502130861239511,3313,3211,Norfolk St,Gonzaga,1602.2116912546117,1827.899035685442,16,9
2023_3208_3313,0.21077934189651631,3313,3208,Norfolk St,Georgia,1602.2116912546117,1712.8913313664273,16,10
2023_3292_3313,0.16176243219733275,3313,3292,Norfolk St,MTSU,1602.2116912546117,1777.2829997325239,16,11
2023_3179_3313,0.26475233017337124,3313,3179,Norfolk St,Drake,1602.2116912546117,1697.4695442261514,16,12
2023_3187_3313,0.37790868577456316,3313,3187,Norfolk St,East Carolina,1602.2116912546117,1632.975233621385,16,13
2023_3233_3313,0.4289623566314697,3313,3233,Norfolk St,Iona,1602.2116912546117,1615.6976357645276,16,14
2023_3313_3368,0.5545945312793924,3313,3368,Norfolk St,SE Louisiana,1602.2116912546117,1553.8846780379956,16,15
2023_3313_3357,0.732081641578471,3313,3357,Norfolk St,Sacred Heart,1602.2116912546117,1449.4167263331549,16,16
2023_3313_3380,0.6359670887710726,3313,3380,Norfolk St,Southern Univ,1602.2116912546117,1517.4087938006023,16,16
2023_3231_3313,0.08235791931001726,3313,3231,Norfolk St,Indiana,1602.2116912546117,1868.6504754692617,16,1
2023_3313_3428,0.12304466470094225,3313,3428,Norfolk St,Utah,1602.2116912546117,1800.7318318752298,16,2
2023_3261_3313,0.08453760510201681,3313,3261,Norfolk St,LSU,1602.2116912546117,1864.3183903367678,16,3
2023_3313_3437,0.09678633142518245,3313,3437,Norfolk St,Villanova,1602.2116912546117,1841.7034566384116,16,4
2023_3313_3450,0.14999468719787223,3313,3450,Norfolk St,Washington St,1602.2116912546117,1765.8827084988868,16,5
2023_3276_3313,0.16968663649567448,3313,3276,Norfolk St,Michigan,1602.2116912546117,1743.5697265353447,16,6
2023_3301_3313,0.1466532964828515,3313,3301,Norfolk St,NC State,1602.2116912546117,1769.9034812206935,16,7
2023_3313_3329,0.25919822528642283,3313,3329,Norfolk St,Oklahoma St,1602.2116912546117,1661.836187921656,16,8
2023_3274_3313,0.235316866764539,3313,3274,Norfolk St,Miami FL,1602.2116912546117,1681.351650097899,16,9
2023_3313_3343,0.11885677927452291,3313,3343,Norfolk St,Princeton,1602.2116912546117,1816.719582514641,16,10
2023_3313_3424,0.1580272120814911,3313,3424,Norfolk St,UNLV,1602.2116912546117,1781.5098532864504,16,11
2023_3195_3313,0.12604344714899865,3313,3195,Norfolk St,FL Gulf Coast,1602.2116912546117,1836.5510410618815,16,12
2023_3156_3313,0.23486610288120804,3313,3156,Norfolk St,Cleveland St,1602.2116912546117,1736.7326765943915,16,13
2023_3218_3313,0.4889028243513904,3313,3218,Norfolk St,Hawaii,1602.2116912546117,1578.9600184597623,16,14
2023_3205_3313,0.3559075856288582,3313,3205,Norfolk St,Gardner Webb,1602.2116912546117,1677.3755202435086,16,15
2023_3284_3313,0.638980128540354,3313,3284,Norfolk St,Monmouth NJ,1602.2116912546117,1515.4270054614776,16,16
2023_3313_3399,0.5016720777714858,3313,3399,Norfolk St,Tennessee Tech,1602.2116912546117,1601.1950436554923,16,16
2023_3313_3439,0.07826406982424951,3313,3439,Norfolk St,Virginia Tech,1602.2116912546117,1877.0771224285086,16,1
2023_3163_3313,0.05779364824909788,3313,3163,Norfolk St,Connecticut,1602.2116912546117,1926.504762305338,16,2
2023_3313_3326,0.11740272975272252,3313,3326,Norfolk St,Ohio St,1602.2116912546117,1808.8412260077441,16,3
2023_3313_3397,0.13301492026937556,3313,3397,Norfolk St,Tennessee,1602.2116912546117,1787.1506340535723,16,4
2023_3235_3313,0.12882495766341243,3313,3235,Norfolk St,Iowa St,1602.2116912546117,1792.7485871099263,16,5
2023_3313_3314,0.16747866583470386,3313,3314,Norfolk St,North Carolina,1602.2116912546117,1745.964248895116,16,6
2023_3124_3313,0.20339353554400202,3313,3124,Norfolk St,Baylor,1602.2116912546117,1709.7290295199857,16,7
2023_3313_3425,0.25342129734316376,3313,3425,Norfolk St,USC,1602.2116912546117,1666.4430616873983,16,8
2023_3313_3355,0.1362186681545242,3313,3355,Norfolk St,S Dakota St,1602.2116912546117,1782.9702056641402,16,9
2023_3104_3313,0.26946627757623126,3313,3104,Norfolk St,Alabama,1602.2116912546117,1663.8092371165892,16,10
2023_3313_3345,0.33739043428676696,3313,3345,Norfolk St,Purdue,1602.2116912546117,1629.805418842588,16,11
2023_3313_3385,0.31508775506321013,3313,3385,Norfolk St,St John's,1602.2116912546117,1645.2328828958891,16,11
2023_3313_3405,0.1435220934756623,3313,3405,Norfolk St,Toledo,1602.2116912546117,1813.7407826360668,16,12
2023_3313_3387,0.42053814116937444,3313,3387,Norfolk St,St Louis,1602.2116912546117,1605.9385038294836,16,13
2023_3241_3313,0.33234341396621814,3313,3241,Norfolk St,James Madison,1602.2116912546117,1678.2498124691901,16,14
2023_3313_3436,0.4152556676628297,3313,3436,Norfolk St,Vermont,1602.2116912546117,1639.2393495950207,16,15
2023_3151_3313,0.6456768752878242,3313,3151,Norfolk St,Chattanooga,1602.2116912546117,1510.9961838972956,16,16
2023_3234_3390,0.5877930835107203,3390,3234,Stanford,Iowa,1908.977300569646,1870.0390816644287,1,2
2023_3181_3390,0.7267331561228002,3390,3181,Stanford,Duke,1908.977300569646,1790.301488742785,1,3
2023_3390_3400,0.7125392209051733,3390,3400,Stanford,Texas,1908.977300569646,1815.9967388701339,1,4
2023_3257_3390,0.7491654712028438,3390,3257,Stanford,Louisville,1908.977300569646,1802.6606489162655,1,5
2023_3160_3390,0.8254544934349972,3390,3160,Stanford,Colorado,1908.977300569646,1747.8027385138969,1,6
2023_3199_3390,0.8774671907635765,3390,3199,Stanford,Florida St,1908.977300569646,1699.7348268401822,1,7
2023_3279_3390,0.8471928568076305,3390,3279,Stanford,Mississippi,1908.977300569646,1748.6337804634163,1,8
2023_3211_3390,0.7669699709449628,3390,3211,Stanford,Gonzaga,1908.977300569646,1827.899035685442,1,9
2023_3208_3390,0.8752168968774696,3390,3208,Stanford,Georgia,1908.977300569646,1712.8913313664273,1,10
2023_3292_3390,0.8211669630009965,3390,3292,Stanford,MTSU,1908.977300569646,1777.2829997325239,1,11
2023_3179_3390,0.8858821013173324,3390,3179,Stanford,Drake,1908.977300569646,1697.4695442261514,1,12
2023_3187_3390,0.9222736653526986,3390,3187,Stanford,East Carolina,1908.977300569646,1632.975233621385,1,13
2023_3233_3390,0.9300406529805313,3390,3233,Stanford,Iona,1908.977300569646,1615.6976357645276,1,14
2023_3368_3390,0.952300965449575,3390,3368,Stanford,SE Louisiana,1908.977300569646,1553.8846780379956,1,15
2023_3357_3390,0.9754274363199399,3390,3357,Stanford,Sacred Heart,1908.977300569646,1449.4167263331549,1,16
2023_3380_3390,0.9620916402765556,3390,3380,Stanford,Southern Univ,1908.977300569646,1517.4087938006023,1,16
2023_3231_3390,0.5659393641688611,3390,3231,Stanford,Indiana,1908.977300569646,1868.6504754692617,1,1
2023_3390_3428,0.692281888147668,3390,3428,Stanford,Utah,1908.977300569646,1800.7318318752298,1,2
2023_3261_3390,0.6203813386074298,3390,3261,Stanford,LSU,1908.977300569646,1864.3183903367678,1,3
2023_3390_3437,0.6766959394159026,3390,3437,Stanford,Villanova,1908.977300569646,1841.7034566384116,1,4
2023_3390_3450,0.7918514259397839,3390,3450,Stanford,Washington St,1908.977300569646,1765.8827084988868,1,5
2023_3276_3390,0.8294305514857262,3390,3276,Stanford,Michigan,1908.977300569646,1743.5697265353447,1,6
2023_3301_3390,0.8186212559082651,3390,3301,Stanford,NC State,1908.977300569646,1769.9034812206935,1,7
2023_3329_3390,0.9075245155118541,3390,3329,Stanford,Oklahoma St,1908.977300569646,1661.836187921656,1,8
2023_3274_3390,0.8961712297273473,3390,3274,Stanford,Miami FL,1908.977300569646,1681.351650097899,1,9
2023_3343_3390,0.7798560795896492,3390,3343,Stanford,Princeton,1908.977300569646,1816.719582514641,1,10
2023_3390_3424,0.8170468237119259,3390,3424,Stanford,UNLV,1908.977300569646,1781.5098532864504,1,11
2023_3195_3390,0.756642694765632,3390,3195,Stanford,FL Gulf Coast,1908.977300569646,1836.5510410618815,1,12
2023_3156_3390,0.8570555807955558,3390,3156,Stanford,Cleveland St,1908.977300569646,1736.7326765943915,1,13
2023_3218_3390,0.9442231676815788,3390,3218,Stanford,Hawaii,1908.977300569646,1578.9600184597623,1,14
2023_3205_3390,0.8985801083132398,3390,3205,Stanford,Gardner Webb,1908.977300569646,1677.3755202435086,1,15
2023_3284_3390,0.9625642923885506,3390,3284,Stanford,Monmouth NJ,1908.977300569646,1515.4270054614776,1,16
2023_3390_3399,0.9359994879672356,3390,3399,Stanford,Tennessee Tech,1908.977300569646,1601.1950436554923,1,16
2023_3390_3439,0.5522746167781687,3390,3439,Stanford,Virginia Tech,1908.977300569646,1877.0771224285086,1,1
2023_3163_3390,0.4958431702618539,3390,3163,Stanford,Connecticut,1908.977300569646,1926.504762305338,1,2
2023_3326_3390,0.7018537897441753,3390,3326,Stanford,Ohio St,1908.977300569646,1808.8412260077441,1,3
2023_3390_3397,0.7497954591099648,3390,3397,Stanford,Tennessee,1908.977300569646,1787.1506340535723,1,4
2023_3235_3390,0.7612193167520366,3390,3235,Stanford,Iowa St,1908.977300569646,1792.7485871099263,1,5
2023_3314_3390,0.8271902913454772,3390,3314,Stanford,North Carolina,1908.977300569646,1745.964248895116,1,6
2023_3124_3390,0.870220608786551,3390,3124,Stanford,Baylor,1908.977300569646,1709.7290295199857,1,7
2023_3390_3425,0.9049493643861296,3390,3425,Stanford,USC,1908.977300569646,1666.4430616873983,1,8
2023_3355_3390,0.8156063221560407,3390,3355,Stanford,S Dakota St,1908.977300569646,1782.9702056641402,1,9
2023_3104_3390,0.9064293800606423,3390,3104,Stanford,Alabama,1908.977300569646,1663.8092371165892,1,10
2023_3345_3390,0.9237554541135817,3390,3345,Stanford,Purdue,1908.977300569646,1629.805418842588,1,11
2023_3385_3390,0.916292500794405,3390,3385,Stanford,St John's,1908.977300569646,1645.2328828958891,1,11
2023_3390_3405,0.783202041555999,3390,3405,Stanford,Toledo,1908.977300569646,1813.7407826360668,1,12
2023_3387_3390,0.9341044592723482,3390,3387,Stanford,St Louis,1908.977300569646,1605.9385038294836,1,13
2023_3241_3390,0.8980547207464762,3390,3241,Stanford,James Madison,1908.977300569646,1678.2498124691901,1,14
2023_3390_3436,0.9192676094794633,3390,3436,Stanford,Vermont,1908.977300569646,1639.2393495950207,1,15
2023_3151_3390,0.9636006285603369,3390,3151,Stanford,Chattanooga,1908.977300569646,1510.9961838972956,1,16
2023_3181_3234,0.6509598607890241,3234,3181,Iowa,Duke,1870.0390816644287,1790.301488742785,2,3
2023_3234_3400,0.6348079164075083,3234,3400,Iowa,Texas,1870.0390816644287,1815.9967388701339,2,4
2023_3234_3257,0.6768464561579389,3234,3257,Iowa,Louisville,1870.0390816644287,1802.6606489162655,2,5
2023_3160_3234,0.7683288827052126,3234,3160,Iowa,Colorado,1870.0390816644287,1747.8027385138969,2,6
2023_3199_3234,0.8339398494220663,3234,3199,Iowa,Florida St,1870.0390816644287,1699.7348268401822,2,7
2023_3234_3279,0.8007193329799501,3234,3279,Iowa,Mississippi,1870.0390816644287,1748.6337804634163,2,8
2023_3211_3234,0.7181114506146189,3234,3211,Iowa,Gonzaga,1870.0390816644287,1827.899035685442,2,9
2023_3208_3234,0.8444511896716433,3234,3208,Iowa,Georgia,1870.0390816644287,1712.8913313664273,2,10
2023_3234_3292,0.7804184424954532,3234,3292,Iowa,MTSU,1870.0390816644287,1777.2829997325239,2,11
2023_3179_3234,0.8573172544748303,3234,3179,Iowa,Drake,1870.0390816644287,1697.4695442261514,2,12
2023_3187_3234,0.9018083238115139,3234,3187,Iowa,East Carolina,1870.0390816644287,1632.975233621385,2,13
2023_3233_3234,0.9114239507070939,3234,3233,Iowa,Iona,1870.0390816644287,1615.6976357645276,2,14
2023_3234_3368,0.9392207815074495,3234,3368,Iowa,SE Louisiana,1870.0390816644287,1553.8846780379956,2,15
2023_3234_3357,0.968479156233539,3234,3357,Iowa,Sacred Heart,1870.0390816644287,1449.4167263331549,2,16
2023_3234_3380,0.9515597188199878,3234,3380,Iowa,Southern Univ,1870.0390816644287,1517.4087938006023,2,16
2023_3231_3234,0.47762823834613605,3234,3231,Iowa,Indiana,1870.0390816644287,1868.6504754692617,2,1
2023_3234_3428,0.6120552309553219,3234,3428,Iowa,Utah,1870.0390816644287,1800.7318318752298,2,2
2023_3234_3261,0.5340267209670211,3234,3261,Iowa,LSU,1870.0390816644287,1864.3183903367678,2,3
2023_3234_3437,0.5947842898528155,3234,3437,Iowa,Villanova,1870.0390816644287,1841.7034566384116,2,4
2023_3234_3450,0.7273605594633764,3234,3450,Iowa,Washington St,1870.0390816644287,1765.8827084988868,2,5
2023_3234_3276,0.7732487699118266,3234,3276,Iowa,Michigan,1870.0390816644287,1743.5697265353447,2,6
2023_3234_3301,0.7599097235019773,3234,3301,Iowa,NC State,1870.0390816644287,1769.9034812206935,2,7
2023_3234_3329,0.8767299493077659,3234,3329,Iowa,Oklahoma St,1870.0390816644287,1661.836187921656,2,8
2023_3234_3274,0.8698033413684343,3234,3274,Iowa,Miami FL,1870.0390816644287,1681.351650097899,2,9
2023_3234_3343,0.732757935310359,3234,3343,Iowa,Princeton,1870.0390816644287,1816.719582514641,2,10
2023_3234_3424,0.7756160258499099,3234,3424,Iowa,UNLV,1870.0390816644287,1781.5098532864504,2,11
2023_3195_3234,0.706447639666173,3234,3195,Iowa,FL Gulf Coast,1870.0390816644287,1836.5510410618815,2,12
2023_3156_3234,0.8227191324854816,3234,3156,Iowa,Cleveland St,1870.0390816644287,1736.7326765943915,2,13
2023_3218_3234,0.9290927990410597,3234,3218,Iowa,Hawaii,1870.0390816644287,1578.9600184597623,2,14
2023_3205_3234,0.8727370952320183,3234,3205,Iowa,Gardner Webb,1870.0390816644287,1677.3755202435086,2,15
2023_3234_3284,0.9521571558728232,3234,3284,Iowa,Monmouth NJ,1870.0390816644287,1515.4270054614776,2,16
2023_3234_3399,0.9188300838042424,3234,3399,Iowa,Tennessee Tech,1870.0390816644287,1601.1950436554923,2,16
2023_3234_3439,0.4638173132430585,3234,3439,Iowa,Virginia Tech,1870.0390816644287,1877.0771224285086,2,1
2023_3163_3234,0.40818411623627876,3234,3163,Iowa,Connecticut,1870.0390816644287,1926.504762305338,2,2
2023_3234_3326,0.6227628049270879,3234,3326,Iowa,Ohio St,1870.0390816644287,1808.8412260077441,2,3
2023_3234_3397,0.6775799078759502,3234,3397,Iowa,Tennessee,1870.0390816644287,1787.1506340535723,2,4
2023_3234_3235,0.690941906619103,3234,3235,Iowa,Iowa St,1870.0390816644287,1792.7485871099263,2,5
2023_3234_3314,0.7704748119502424,3234,3314,Iowa,North Carolina,1870.0390816644287,1745.964248895116,2,6
2023_3124_3234,0.8246335317590969,3234,3124,Iowa,Baylor,1870.0390816644287,1709.7290295199857,2,7
2023_3234_3425,0.8734168764968918,3234,3425,Iowa,USC,1870.0390816644287,1666.4430616873983,2,8
2023_3234_3355,0.7739395701489288,3234,3355,Iowa,S Dakota St,1870.0390816644287,1782.9702056641402,2,9
2023_3104_3234,0.882324530263939,3234,3104,Iowa,Alabama,1870.0390816644287,1663.8092371165892,2,10
2023_3234_3345,0.9036395035517488,3234,3345,Iowa,Purdue,1870.0390816644287,1629.805418842588,2,11
2023_3234_3385,0.8944325818315183,3234,3385,Iowa,St John's,1870.0390816644287,1645.2328828958891,2,11
2023_3234_3405,0.736577941088353,3234,3405,Iowa,Toledo,1870.0390816644287,1813.7407826360668,2,12
2023_3234_3387,0.9164720435439173,3234,3387,Iowa,St Louis,1870.0390816644287,1605.9385038294836,2,13
2023_3234_3241,0.8720968882338751,3234,3241,Iowa,James Madison,1870.0390816644287,1678.2498124691901,2,14
2023_3234_3436,0.8980982255286222,3234,3436,Iowa,Vermont,1870.0390816644287,1639.2393495950207,2,15
2023_3151_3234,0.9534676663428094,3234,3151,Iowa,Chattanooga,1870.0390816644287,1510.9961838972956,2,16
2023_3181_3400,0.4824167369075704,3181,3400,Duke,Texas,1790.301488742785,1815.9967388701339,3,4
2023_3181_3257,0.5289814316116266,3181,3257,Duke,Louisville,1790.301488742785,1802.6606489162655,3,5
2023_3160_3181,0.640063105598727,3181,3160,Duke,Colorado,1790.301488742785,1747.8027385138969,3,6
2023_3181_3199,0.7291965728447445,3181,3199,Duke,Florida St,1790.301488742785,1699.7348268401822,3,7
2023_3181_3279,0.6829874706387308,3181,3279,Duke,Mississippi,1790.301488742785,1748.6337804634163,3,8
2023_3181_3211,0.5853429254783721,3181,3211,Duke,Gonzaga,1790.301488742785,1827.899035685442,3,9
2023_3181_3208,0.7626292115165185,3181,3208,Duke,Georgia,1790.301488742785,1712.8913313664273,3,10
2023_3181_3292,0.6777667805909011,3181,3292,Duke,MTSU,1790.301488742785,1777.2829997325239,3,11
2023_3179_3181,0.7805039566250248,3181,3179,Duke,Drake,1790.301488742785,1697.4695442261514,3,12
2023_3181_3187,0.844605382138508,3181,3187,Duke,East Carolina,1790.301488742785,1632.975233621385,3,13
2023_3181_3233,0.8589465528926201,3181,3233,Duke,Iona,1790.301488742785,1615.6976357645276,3,14
2023_3181_3368,0.9014307440620063,3181,3368,Duke,SE Louisiana,1790.301488742785,1553.8846780379956,3,15
2023_3181_3357,0.9478711032292376,3181,3357,Duke,Sacred Heart,1790.301488742785,1449.4167263331549,3,16
2023_3181_3380,0.9207945542709687,3181,3380,Duke,Southern Univ,1790.301488742785,1517.4087938006023,3,16
2023_3181_3231,0.32897869615869635,3181,3231,Duke,Indiana,1790.301488742785,1868.6504754692617,3,1
2023_3181_3428,0.45827190683132146,3181,3428,Duke,Utah,1790.301488742785,1800.7318318752298,3,2
2023_3181_3261,0.3806138720595188,3181,3261,Duke,LSU,1790.301488742785,1864.3183903367678,3,3
2023_3181_3437,0.4404140578887664,3181,3437,Duke,Villanova,1790.301488742785,1841.7034566384116,3,4
2023_3181_3450,0.5885588834569319,3181,3450,Duke,Washington St,1790.301488742785,1765.8827084988868,3,5
2023_3181_3276,0.6464535001319285,3181,3276,Duke,Michigan,1790.301488742785,1743.5697265353447,3,6
2023_3181_3301,0.6292320195371174,3181,3301,Duke,NC State,1790.301488742785,1769.9034812206935,3,7
2023_3181_3329,0.7922531135164638,3181,3329,Duke,Oklahoma St,1790.301488742785,1661.836187921656,3,8
2023_3181_3274,0.7873213410765407,3181,3274,Duke,Miami FL,1790.301488742785,1681.351650097899,3,9
2023_3181_3343,0.6187112480787926,3181,3343,Duke,Princeton,1790.301488742785,1816.719582514641,3,10
2023_3181_3424,0.671663835313458,3181,3424,Duke,UNLV,1790.301488742785,1781.5098532864504,3,11
2023_3181_3195,0.5874937443919619,3181,3195,Duke,FL Gulf Coast,1790.301488742785,1836.5510410618815,3,12
2023_3156_3181,0.7330789996346694,3181,3156,Duke,Cleveland St,1790.301488742785,1736.7326765943915,3,13
2023_3181_3218,0.8857714602106309,3181,3218,Duke,Hawaii,1790.301488742785,1578.9600184597623,3,14
2023_3181_3205,0.8023108787376058,3181,3205,Duke,Gardner Webb,1790.301488742785,1677.3755202435086,3,15
2023_3181_3284,0.9217402260877909,3181,3284,Duke,Monmouth NJ,1790.301488742785,1515.4270054614776,3,16
2023_3181_3399,0.8701151971649514,3181,3399,Duke,Tennessee Tech,1790.301488742785,1601.1950436554923,3,16
2023_3181_3439,0.3168588186753704,3181,3439,Duke,Virginia Tech,1790.301488742785,1877.0771224285086,3,1
2023_3163_3181,0.26997719196046843,3181,3163,Duke,Connecticut,1790.301488742785,1926.504762305338,3,2
2023_3181_3326,0.46954537231885957,3181,3326,Duke,Ohio St,1790.301488742785,1808.8412260077441,3,3
2023_3181_3397,0.529817354652063,3181,3397,Duke,Tennessee,1790.301488742785,1787.1506340535723,3,4
2023_3181_3235,0.5451926833382222,3181,3235,Duke,Iowa St,1790.301488742785,1792.7485871099263,3,5
2023_3181_3314,0.6428448523885654,3181,3314,Duke,North Carolina,1790.301488742785,1745.964248895116,3,6
2023_3124_3181,0.7160191569459254,3181,3124,Duke,Baylor,1790.301488742785,1709.7290295199857,3,7
2023_3181_3425,0.787220624750155,3181,3425,Duke,USC,1790.301488742785,1666.4430616873983,3,8
2023_3181_3355,0.6548268018716523,3181,3355,Duke,S Dakota St,1790.301488742785,1782.9702056641402,3,9
2023_3104_3181,0.8160858553519735,3181,3104,Duke,Alabama,1790.301488742785,1663.8092371165892,3,10
2023_3181_3345,0.8473227342941216,3181,3345,Duke,Purdue,1790.301488742785,1629.805418842588,3,11
2023_3181_3385,0.8337250474990048,3181,3385,Duke,St John's,1790.301488742785,1645.2328828958891,3,11
2023_3181_3405,0.6233234461478888,3181,3405,Duke,Toledo,1790.301488742785,1813.7407826360668,3,12
2023_3181_3387,0.8665475030559957,3181,3387,Duke,St Louis,1790.301488742785,1605.9385038294836,3,13
2023_3181_3241,0.8013970089147069,3181,3241,Duke,James Madison,1790.301488742785,1678.2498124691901,3,14
2023_3181_3436,0.839119497287765,3181,3436,Duke,Vermont,1790.301488742785,1639.2393495950207,3,15
2023_3151_3181,0.9238172533333229,3181,3151,Duke,Chattanooga,1790.301488742785,1510.9961838972956,3,16
2023_3257_3400,0.5464699725172033,3400,3257,Texas,Louisville,1815.9967388701339,1802.6606489162655,4,5
2023_3160_3400,0.6561085332671887,3400,3160,Texas,Colorado,1815.9967388701339,1747.8027385138969,4,6
2023_3199_3400,0.7428648318817358,3400,3199,Texas,Florida St,1815.9967388701339,1699.7348268401822,4,7
2023_3279_3400,0.6980221750010271,3400,3279,Texas,Mississippi,1815.9967388701339,1748.6337804634163,4,8
2023_3211_3400,0.6023120677051313,3400,3211,Texas,Gonzaga,1815.9967388701339,1827.899035685442,4,9
2023_3208_3400,0.7808120119900801,3400,3208,Texas,Georgia,1815.9967388701339,1712.8913313664273,4,10
2023_3292_3400,0.7135261779937146,3400,3292,Texas,MTSU,1815.9967388701339,1777.2829997325239,4,11
2023_3179_3400,0.8080904592979916,3400,3179,Texas,Drake,1815.9967388701339,1697.4695442261514,4,12
2023_3187_3400,0.8655236086520431,3400,3187,Texas,East Carolina,1815.9967388701339,1632.975233621385,4,13
2023_3233_3400,0.8782126326622052,3400,3233,Texas,Iona,1815.9967388701339,1615.6976357645276,4,14
2023_3368_3400,0.9154651247448673,3400,3368,Texas,SE Louisiana,1815.9967388701339,1553.8846780379956,4,15
2023_3357_3400,0.9556188103255099,3400,3357,Texas,Sacred Heart,1815.9967388701339,1449.4167263331549,4,16
2023_3380_3400,0.9322790234086554,3400,3380,Texas,Southern Univ,1815.9967388701339,1517.4087938006023,4,16
2023_3231_3400,0.34469386714781414,3400,3231,Texas,Indiana,1815.9967388701339,1868.6504754692617,4,1
2023_3400_3428,0.4757840995453533,3400,3428,Texas,Utah,1815.9967388701339,1800.7318318752298,4,2
2023_3261_3400,0.3973350792914246,3400,3261,Texas,LSU,1815.9967388701339,1864.3183903367678,4,3
2023_3400_3437,0.4578205527729226,3400,3437,Texas,Villanova,1815.9967388701339,1841.7034566384116,4,4
2023_3400_3450,0.6054851201800232,3400,3450,Texas,Washington St,1815.9967388701339,1765.8827084988868,4,5
2023_3276_3400,0.6623643259623685,3400,3276,Texas,Michigan,1815.9967388701339,1743.5697265353447,4,6
2023_3301_3400,0.6454928569657015,3400,3301,Texas,NC State,1815.9967388701339,1769.9034812206935,4,7
2023_3329_3400,0.8035959456912397,3400,3329,Texas,Oklahoma St,1815.9967388701339,1661.836187921656,4,8
2023_3274_3400,0.7988650827110324,3400,3274,Texas,Miami FL,1815.9967388701339,1681.351650097899,4,9
2023_3343_3400,0.6427540932401055,3400,3343,Texas,Princeton,1815.9967388701339,1816.719582514641,4,10
2023_3400_3424,0.7078085232046042,3400,3424,Texas,UNLV,1815.9967388701339,1781.5098532864504,4,11
2023_3195_3400,0.6277692050911615,3400,3195,Texas,FL Gulf Coast,1815.9967388701339,1836.5510410618815,4,12
2023_3156_3400,0.7648300164404307,3400,3156,Texas,Cleveland St,1815.9967388701339,1736.7326765943915,4,13
2023_3218_3400,0.9017925193538677,3400,3218,Texas,Hawaii,1815.9967388701339,1578.9600184597623,4,14
2023_3205_3400,0.8277614743657136,3400,3205,Texas,Gardner Webb,1815.9967388701339,1677.3755202435086,4,15
2023_3284_3400,0.9330975393070268,3400,3284,Texas,Monmouth NJ,1815.9967388701339,1515.4270054614776,4,16
2023_3399_3400,0.888054599813799,3400,3399,Texas,Tennessee Tech,1815.9967388701339,1601.1950436554923,4,16
2023_3400_3439,0.33228172305425296,3400,3439,Texas,Virginia Tech,1815.9967388701339,1877.0771224285086,4,1
2023_3163_3400,0.28406704721651216,3400,3163,Texas,Connecticut,1815.9967388701339,1926.504762305338,4,2
2023_3326_3400,0.48710100619320745,3400,3326,Texas,Ohio St,1815.9967388701339,1808.8412260077441,4,3
2023_3397_3400,0.5473014197817192,3400,3397,Texas,Tennessee,1815.9967388701339,1787.1506340535723,4,4
2023_3235_3400,0.5625770428367154,3400,3235,Texas,Iowa St,1815.9967388701339,1792.7485871099263,4,5
2023_3314_3400,0.65883237198884,3400,3314,Texas,North Carolina,1815.9967388701339,1745.964248895116,4,6
2023_3124_3400,0.7301063483217959,3400,3124,Texas,Baylor,1815.9967388701339,1709.7290295199857,4,7
2023_3400_3425,0.798768435824969,3400,3425,Texas,USC,1815.9967388701339,1666.4430616873983,4,8
2023_3355_3400,0.6705528397816585,3400,3355,Texas,S Dakota St,1815.9967388701339,1782.9702056641402,4,9
2023_3104_3400,0.8310808185887344,3400,3104,Texas,Alabama,1815.9967388701339,1663.8092371165892,4,10
2023_3345_3400,0.8679323658358925,3400,3345,Texas,Purdue,1815.9967388701339,1629.805418842588,4,11
2023_3385_3400,0.8558579563223709,3400,3385,Texas,St John's,1815.9967388701339,1645.2328828958891,4,11
2023_3400_3405,0.662112609982296,3400,3405,Texas,Toledo,1815.9967388701339,1813.7407826360668,4,12
2023_3387_3400,0.8849144927367232,3400,3387,Texas,St Louis,1815.9967388701339,1605.9385038294836,4,13
2023_3241_3400,0.8269398788052525,3400,3241,Texas,James Madison,1815.9967388701339,1678.2498124691901,4,14
2023_3400_3436,0.8606543625719387,3400,3436,Texas,Vermont,1815.9967388701339,1639.2393495950207,4,15
2023_3151_3400,0.9348944322394308,3400,3151,Texas,Chattanooga,1815.9967388701339,1510.9961838972956,4,16
2023_3160_3257,0.6129150665811376,3257,3160,Louisville,Colorado,1802.6606489162655,1747.8027385138969,5,6
2023_3199_3257,0.7056800137865288,3257,3199,Louisville,Florida St,1802.6606489162655,1699.7348268401822,5,7
2023_3257_3279,0.6573437653132967,3257,3279,Louisville,Mississippi,1802.6606489162655,1748.6337804634163,5,8
2023_3211_3257,0.5569246747570155,3257,3211,Louisville,Gonzaga,1802.6606489162655,1827.899035685442,5,9
2023_3208_3257,0.7472477034896254,3257,3208,Louisville,Georgia,1802.6606489162655,1712.8913313664273,5,10
2023_3257_3292,0.6811470427859102,3257,3292,Louisville,MTSU,1802.6606489162655,1777.2829997325239,5,11
2023_3179_3257,0.7941156047406214,3257,3179,Louisville,Drake,1802.6606489162655,1697.4695442261514,5,12
2023_3187_3257,0.8549804862277519,3257,3187,Louisville,East Carolina,1802.6606489162655,1632.975233621385,5,13
2023_3233_3257,0.8685132147094856,3257,3233,Louisville,Iona,1802.6606489162655,1615.6976357645276,5,14
2023_3257_3368,0.908423203957603,3257,3368,Louisville,SE Louisiana,1802.6606489162655,1553.8846780379956,5,15
2023_3257_3357,0.951745460218625,3257,3357,Louisville,Sacred Heart,1802.6606489162655,1449.4167263331549,5,16
2023_3257_3380,0.9265253195546206,3257,3380,Louisville,Southern Univ,1802.6606489162655,1517.4087938006023,5,16
2023_3231_3257,0.3038853875290148,3257,3231,Louisville,Indiana,1802.6606489162655,1868.6504754692617,5,1
2023_3257_3428,0.42963087597129335,3257,3428,Louisville,Utah,1802.6606489162655,1800.7318318752298,5,2
2023_3257_3261,0.35365780524410706,3257,3261,Louisville,LSU,1802.6606489162655,1864.3183903367678,5,3
2023_3257_3437,0.4120402123476159,3257,3437,Louisville,Villanova,1802.6606489162655,1841.7034566384116,5,4
2023_3257_3450,0.5601954333877711,3257,3450,Louisville,Washington St,1802.6606489162655,1765.8827084988868,5,5
2023_3257_3276,0.6195009227291616,3257,3276,Louisville,Michigan,1802.6606489162655,1743.5697265353447,5,6
2023_3257_3301,0.6017753160705904,3257,3301,Louisville,NC State,1802.6606489162655,1769.9034812206935,5,7
2023_3257_3329,0.7725040240882591,3257,3329,Louisville,Oklahoma St,1802.6606489162655,1661.836187921656,5,8
2023_3257_3274,0.7672411607259071,3257,3274,Louisville,Miami FL,1802.6606489162655,1681.351650097899,5,9
2023_3257_3343,0.5989086737715905,3257,3343,Louisville,Princeton,1802.6606489162655,1816.719582514641,5,10
2023_3257_3424,0.6750774265071794,3257,3424,Louisville,UNLV,1802.6606489162655,1781.5098532864504,5,11
2023_3195_3257,0.6070485848498967,3257,3195,Louisville,FL Gulf Coast,1802.6606489162655,1836.5510410618815,5,12
2023_3156_3257,0.7486846532043849,3257,3156,Louisville,Cleveland St,1802.6606489162655,1736.7326765943915,5,13
2023_3218_3257,0.8937438398923193,3257,3218,Louisville,Hawaii,1802.6606489162655,1578.9600184597623,5,14
2023_3205_3257,0.8148909338591797,3257,3205,Louisville,Gardner Webb,1802.6606489162655,1677.3755202435086,5,15
2023_3257_3284,0.9274079631807604,3257,3284,Louisville,Monmouth NJ,1802.6606489162655,1515.4270054614776,5,16
2023_3257_3399,0.8790310489836888,3257,3399,Louisville,Tennessee Tech,1802.6606489162655,1601.1950436554923,5,16
2023_3257_3439,0.29228728879352034,3257,3439,Louisville,Virginia Tech,1802.6606489162655,1877.0771224285086,5,1
2023_3163_3257,0.24772287153735545,3257,3163,Louisville,Connecticut,1802.6606489162655,1926.504762305338,5,2
2023_3257_3326,0.440773039999223,3257,3326,Louisville,Ohio St,1802.6606489162655,1808.8412260077441,5,3
2023_3257_3397,0.5008388225130759,3257,3397,Louisville,Tennessee,1802.6606489162655,1787.1506340535723,5,4
2023_3235_3257,0.5162966296822497,3257,3235,Louisville,Iowa St,1802.6606489162655,1792.7485871099263,5,5
2023_3257_3314,0.6157806785678338,3257,3314,Louisville,North Carolina,1802.6606489162655,1745.964248895116,5,6
2023_3124_3257,0.6918418633661141,3257,3124,Louisville,Baylor,1802.6606489162655,1709.7290295199857,5,7
2023_3257_3425,0.767133747744562,3257,3425,Louisville,USC,1802.6606489162655,1666.4430616873983,5,8
2023_3257_3355,0.6281453759404192,3257,3355,Louisville,S Dakota St,1802.6606489162655,1782.9702056641402,5,9
2023_3104_3257,0.8032747587183897,3257,3104,Louisville,Alabama,1802.6606489162655,1663.8092371165892,5,10
2023_3257_3345,0.8493197652970124,3257,3345,Louisville,Purdue,1802.6606489162655,1629.805418842588,5,11
2023_3257_3385,0.8358654843877531,3257,3385,Louisville,St John's,1802.6606489162655,1645.2328828958891,5,11
2023_3257_3405,0.6422141771608447,3257,3405,Louisville,Toledo,1802.6606489162655,1813.7407826360668,5,12
2023_3257_3387,0.8756732638552394,3257,3387,Louisville,St Louis,1802.6606489162655,1605.9385038294836,5,13
2023_3241_3257,0.8140217382153232,3257,3241,Louisville,James Madison,1802.6606489162655,1678.2498124691901,5,14
2023_3257_3436,0.849795735342821,3257,3436,Louisville,Vermont,1802.6606489162655,1639.2393495950207,5,15
2023_3151_3257,0.9293460980615923,3257,3151,Louisville,Chattanooga,1802.6606489162655,1510.9961838972956,5,16
2023_3160_3199,0.6022651201630942,3160,3199,Colorado,Florida St,1747.8027385138969,1699.7348268401822,6,7
2023_3160_3279,0.5478276123364594,3160,3279,Colorado,Mississippi,1747.8027385138969,1748.6337804634163,6,8
2023_3160_3211,0.44253207248795956,3160,3211,Colorado,Gonzaga,1747.8027385138969,1827.899035685442,6,9
2023_3160_3208,0.6512196299171473,3160,3208,Colorado,Georgia,1747.8027385138969,1712.8913313664273,6,10
2023_3160_3292,0.5743119512971463,3160,3292,Colorado,MTSU,1747.8027385138969,1777.2829997325239,6,11
2023_3160_3179,0.7156989815201181,3160,3179,Colorado,Drake,1747.8027385138969,1697.4695442261514,6,12
2023_3160_3187,0.804287542271162,3160,3187,Colorado,East Carolina,1747.8027385138969,1632.975233621385,6,13
2023_3160_3233,0.8215634986717719,3160,3233,Colorado,Iona,1747.8027385138969,1615.6976357645276,6,14
2023_3160_3368,0.8736509282557089,3160,3368,Colorado,SE Louisiana,1747.8027385138969,1553.8846780379956,6,15
2023_3160_3357,0.9321951019084046,3160,3357,Colorado,Sacred Heart,1747.8027385138969,1449.4167263331549,6,16
2023_3160_3380,0.8978536498431391,3160,3380,Colorado,Southern Univ,1747.8027385138969,1517.4087938006023,6,16
2023_3160_3231,0.21611596745777048,3160,3231,Colorado,Indiana,1747.8027385138969,1868.6504754692617,6,1
2023_3160_3428,0.3223616770698906,3160,3428,Colorado,Utah,1747.8027385138969,1800.7318318752298,6,2
2023_3160_3261,0.25681643193492887,3160,3261,Colorado,LSU,1747.8027385138969,1864.3183903367678,6,3
2023_3160_3437,0.3068005616760361,3160,3437,Colorado,Villanova,1747.8027385138969,1841.7034566384116,6,4
2023_3160_3450,0.44580697299484995,3160,3450,Colorado,Washington St,1747.8027385138969,1765.8827084988868,6,5
2023_3160_3276,0.5069616002996655,3160,3276,Colorado,Michigan,1747.8027385138969,1743.5697265353447,6,6
2023_3160_3301,0.48832350597241975,3160,3301,Colorado,NC State,1747.8027385138969,1769.9034812206935,6,7
2023_3160_3329,0.6819878885342701,3160,3329,Colorado,Oklahoma St,1747.8027385138969,1661.836187921656,6,8
2023_3160_3274,0.6755106137777666,3160,3274,Colorado,Miami FL,1747.8027385138969,1681.351650097899,6,9
2023_3160_3343,0.4853386384571238,3160,3343,Colorado,Princeton,1747.8027385138969,1816.719582514641,6,10
2023_3160_3424,0.5674999536652433,3160,3424,Colorado,UNLV,1747.8027385138969,1781.5098532864504,6,11
2023_3160_3195,0.5020586597196836,3160,3195,Colorado,FL Gulf Coast,1747.8027385138969,1836.5510410618815,6,12
2023_3156_3160,0.6749609129656621,3160,3156,Colorado,Cleveland St,1747.8027385138969,1736.7326765943915,6,13
2023_3160_3218,0.854291746321431,3160,3218,Colorado,Hawaii,1747.8027385138969,1578.9600184597623,6,14
2023_3160_3205,0.754212916439449,3160,3205,Colorado,Gardner Webb,1747.8027385138969,1677.3755202435086,6,15
2023_3160_3284,0.8990431931927597,3160,3284,Colorado,Monmouth NJ,1747.8027385138969,1515.4270054614776,6,16
2023_3160_3399,0.835123965690636,3160,3399,Colorado,Tennessee Tech,1747.8027385138969,1601.1950436554923,6,16
2023_3160_3439,0.20687217836273875,3160,3439,Colorado,Virginia Tech,1747.8027385138969,1877.0771224285086,6,1
2023_3160_3163,0.17216274703051287,3160,3163,Colorado,Connecticut,1747.8027385138969,1926.504762305338,6,2
2023_3160_3326,0.33234287927872996,3160,3326,Colorado,Ohio St,1747.8027385138969,1808.8412260077441,6,3
2023_3160_3397,0.38788127831914854,3160,3397,Colorado,Tennessee,1747.8027385138969,1787.1506340535723,6,4
2023_3160_3235,0.40266512585661,3160,3235,Colorado,Iowa St,1747.8027385138969,1792.7485871099263,6,5
2023_3160_3314,0.5030237337021642,3160,3314,Colorado,North Carolina,1747.8027385138969,1745.964248895116,6,6
2023_3124_3160,0.586414372952645,3160,3124,Colorado,Baylor,1747.8027385138969,1709.7290295199857,6,7
2023_3160_3425,0.6753787797846471,3160,3425,Colorado,USC,1747.8027385138969,1666.4430616873983,6,8
2023_3160_3355,0.516165965960111,3160,3355,Colorado,S Dakota St,1747.8027385138969,1782.9702056641402,6,9
2023_3104_3160,0.7205731794544056,3160,3104,Colorado,Alabama,1747.8027385138969,1663.8092371165892,6,10
2023_3160_3345,0.7806902884990773,3160,3345,Colorado,Purdue,1747.8027385138969,1629.805418842588,6,11
2023_3160_3385,0.7628193493895716,3160,3385,Colorado,St John's,1747.8027385138969,1645.2328828958891,6,11
2023_3160_3405,0.5394923521361328,3160,3405,Colorado,Toledo,1747.8027385138969,1813.7407826360668,6,12
2023_3160_3387,0.8307820485289726,3160,3387,Colorado,St Louis,1747.8027385138969,1605.9385038294836,6,13
2023_3160_3241,0.7531451123815567,3160,3241,Colorado,James Madison,1747.8027385138969,1678.2498124691901,6,14
2023_3160_3436,0.7977192053577095,3160,3436,Colorado,Vermont,1747.8027385138969,1639.2393495950207,6,15
2023_3151_3160,0.9016583343921137,3160,3151,Colorado,Chattanooga,1747.8027385138969,1510.9961838972956,6,16
2023_3199_3279,0.4444762031750544,3199,3279,Florida St,Mississippi,1699.7348268401822,1748.6337804634163,7,8
2023_3199_3211,0.34393568997170837,3199,3211,Florida St,Gonzaga,1699.7348268401822,1827.899035685442,7,9
2023_3199_3208,0.5521824078053178,3199,3208,Florida St,Georgia,1699.7348268401822,1712.8913313664273,7,10
2023_3199_3292,0.4711704686615328,3199,3292,Florida St,MTSU,1699.7348268401822,1777.2829997325239,7,11
2023_3179_3199,0.6244111455471085,3199,3179,Florida St,Drake,1699.7348268401822,1697.4695442261514,7,12
2023_3187_3199,0.7371663570578517,3199,3187,Florida St,East Carolina,1699.7348268401822,1632.975233621385,7,13
2023_3199_3233,0.7704310159262144,3199,3233,Florida St,Iona,1699.7348268401822,1615.6976357645276,7,14
2023_3199_3368,0.8344365962503828,3199,3368,Florida St,SE Louisiana,1699.7348268401822,1553.8846780379956,7,15
2023_3199_3357,0.9092637135043811,3199,3357,Florida St,Sacred Heart,1699.7348268401822,1449.4167263331549,7,16
2023_3199_3380,0.8649901772755302,3199,3380,Florida St,Southern Univ,1699.7348268401822,1517.4087938006023,7,16
2023_3199_3231,0.1540271948928842,3199,3231,Florida St,Indiana,1699.7348268401822,1868.6504754692617,7,1
2023_3199_3428,0.23905786928138928,3199,3428,Florida St,Utah,1699.7348268401822,1800.7318318752298,7,2
2023_3199_3261,0.1858062923770221,3199,3261,Florida St,LSU,1699.7348268401822,1864.3183903367678,7,3
2023_3199_3437,0.22617583511690134,3199,3437,Florida St,Villanova,1699.7348268401822,1841.7034566384116,7,4
2023_3199_3450,0.34693503159426997,3199,3450,Florida St,Washington St,1699.7348268401822,1765.8827084988868,7,5
2023_3199_3276,0.40442430775014526,3199,3276,Florida St,Michigan,1699.7348268401822,1743.5697265353447,7,6
2023_3199_3301,0.38660002855513476,3199,3301,Florida St,NC State,1699.7348268401822,1769.9034812206935,7,7
2023_3199_3329,0.5861350074439926,3199,3329,Florida St,Oklahoma St,1699.7348268401822,1661.836187921656,7,8
2023_3199_3274,0.5789108555649397,3199,3274,Florida St,Miami FL,1699.7348268401822,1681.351650097899,7,9
2023_3199_3343,0.3837705906474887,3199,3343,Florida St,Princeton,1699.7348268401822,1816.719582514641,7,10
2023_3199_3424,0.4642476553684267,3199,3424,Florida St,UNLV,1699.7348268401822,1781.5098532864504,7,11
2023_3195_3199,0.3997090829371354,3199,3195,Florida St,FL Gulf Coast,1699.7348268401822,1836.5510410618815,7,12
2023_3156_3199,0.5863001908377933,3199,3156,Florida St,Cleveland St,1699.7348268401822,1736.7326765943915,7,13
2023_3199_3218,0.8103731338767985,3199,3218,Florida St,Hawaii,1699.7348268401822,1578.9600184597623,7,14
2023_3199_3205,0.6910385687133568,3199,3205,Florida St,Gardner Webb,1699.7348268401822,1677.3755202435086,7,15
2023_3199_3284,0.866505529421154,3199,3284,Florida St,Monmouth NJ,1699.7348268401822,1515.4270054614776,7,16
2023_3199_3399,0.7868692742184975,3199,3399,Florida St,Tennessee Tech,1699.7348268401822,1601.1950436554923,7,16
2023_3199_3439,0.14694127359410994,3199,3439,Florida St,Virginia Tech,1699.7348268401822,1877.0771224285086,7,1
2023_3163_3199,0.12075621489389599,3199,3163,Florida St,Connecticut,1699.7348268401822,1926.504762305338,7,2
2023_3199_3326,0.24740144832941457,3199,3326,Florida St,Ohio St,1699.7348268401822,1808.8412260077441,7,3
2023_3199_3397,0.2950173468965556,3199,3397,Florida St,Tennessee,1699.7348268401822,1787.1506340535723,7,4
2023_3199_3235,0.3080429393056036,3199,3235,Florida St,Iowa St,1699.7348268401822,1792.7485871099263,7,5
2023_3199_3314,0.4006357108472782,3199,3314,Florida St,North Carolina,1699.7348268401822,1745.964248895116,7,6
2023_3124_3199,0.48356841763283404,3199,3124,Florida St,Baylor,1699.7348268401822,1709.7290295199857,7,7
2023_3199_3425,0.5787642483846407,3199,3425,Florida St,USC,1699.7348268401822,1666.4430616873983,7,8
2023_3199_3355,0.41332769416281007,3199,3355,Florida St,S Dakota St,1699.7348268401822,1782.9702056641402,7,9
2023_3104_3199,0.6300414054144171,3199,3104,Florida St,Alabama,1699.7348268401822,1663.8092371165892,7,10
2023_3199_3345,0.7015692041278712,3199,3345,Florida St,Purdue,1699.7348268401822,1629.805418842588,7,11
2023_3199_3385,0.6798945097653367,3199,3385,Florida St,St John's,1699.7348268401822,1645.2328828958891,7,11
2023_3199_3405,0.43619650173653784,3199,3405,Florida St,Toledo,1699.7348268401822,1813.7407826360668,7,12
2023_3199_3387,0.770150627620271,3199,3387,Florida St,St Louis,1699.7348268401822,1605.9385038294836,7,13
2023_3199_3241,0.689809186033371,3199,3241,Florida St,James Madison,1699.7348268401822,1678.2498124691901,7,14
2023_3199_3436,0.7419005025821147,3199,3436,Florida St,Vermont,1699.7348268401822,1639.2393495950207,7,15
2023_3151_3199,0.8698414901694549,3199,3151,Florida St,Chattanooga,1699.7348268401822,1510.9961838972956,7,16
2023_3211_3279,0.39584951300159216,3279,3211,Mississippi,Gonzaga,1748.6337804634163,1827.899035685442,8,9
2023_3208_3279,0.606472248590008,3279,3208,Mississippi,Georgia,1748.6337804634163,1712.8913313664273,8,10
2023_3279_3292,0.5268662876439968,3279,3292,Mississippi,MTSU,1748.6337804634163,1777.2829997325239,8,11
2023_3179_3279,0.675096821663687,3279,3179,Mississippi,Drake,1748.6337804634163,1697.4695442261514,8,12
2023_3187_3279,0.7780445713487991,3279,3187,Mississippi,East Carolina,1748.6337804634163,1632.975233621385,8,13
2023_3233_3279,0.8125485142160794,3279,3233,Mississippi,Iona,1748.6337804634163,1615.6976357645276,8,14
2023_3279_3368,0.8742532010086257,3279,3368,Mississippi,SE Louisiana,1748.6337804634163,1553.8846780379956,8,15
2023_3279_3357,0.9325398583584661,3279,3357,Mississippi,Sacred Heart,1748.6337804634163,1449.4167263331549,8,16
2023_3279_3380,0.8983539772316564,3279,3380,Mississippi,Southern Univ,1748.6337804634163,1517.4087938006023,8,16
2023_3231_3279,0.19039447255381944,3279,3231,Mississippi,Indiana,1748.6337804634163,1868.6504754692617,8,1
2023_3279_3428,0.28194447827644026,3279,3428,Mississippi,Utah,1748.6337804634163,1800.7318318752298,8,2
2023_3261_3279,0.22192581976210085,3279,3261,Mississippi,LSU,1748.6337804634163,1864.3183903367678,8,3
2023_3279_3437,0.26756403174854515,3279,3437,Mississippi,Villanova,1748.6337804634163,1841.7034566384116,8,4
2023_3279_3450,0.39902622568567436,3279,3450,Mississippi,Washington St,1748.6337804634163,1765.8827084988868,8,5
2023_3276_3279,0.45907948892655404,3279,3276,Mississippi,Michigan,1748.6337804634163,1743.5697265353447,8,6
2023_3279_3301,0.4406285197455062,3279,3301,Mississippi,NC State,1748.6337804634163,1769.9034812206935,8,7
2023_3279_3329,0.6389997159871756,3279,3329,Mississippi,Oklahoma St,1748.6337804634163,1661.836187921656,8,8
2023_3274_3279,0.6321191686684586,3279,3274,Mississippi,Miami FL,1748.6337804634163,1681.351650097899,8,9
2023_3279_3343,0.43768580942811386,3279,3343,Mississippi,Princeton,1748.6337804634163,1816.719582514641,8,10
2023_3279_3424,0.5199297024747859,3279,3424,Mississippi,UNLV,1748.6337804634163,1781.5098532864504,8,11
2023_3195_3279,0.45421301449417933,3279,3195,Mississippi,FL Gulf Coast,1748.6337804634163,1836.5510410618815,8,12
2023_3156_3279,0.63915678937354,3279,3156,Mississippi,Cleveland St,1748.6337804634163,1736.7326765943915,8,13
2023_3218_3279,0.8466215679499044,3279,3218,Mississippi,Hawaii,1748.6337804634163,1578.9600184597623,8,14
2023_3205_3279,0.7552250069373153,3279,3205,Mississippi,Gardner Webb,1748.6337804634163,1677.3755202435086,8,15
2023_3279_3284,0.8995383459665891,3279,3284,Mississippi,Monmouth NJ,1748.6337804634163,1515.4270054614776,8,16
2023_3279_3399,0.8358753861212098,3279,3399,Mississippi,Tennessee Tech,1748.6337804634163,1601.1950436554923,8,16
2023_3279_3439,0.18199542467328272,3279,3439,Mississippi,Virginia Tech,1748.6337804634163,1877.0771224285086,8,1
2023_3163_3279,0.1465058269220123,3279,3163,Mississippi,Connecticut,1748.6337804634163,1926.504762305338,8,2
2023_3279_3326,0.29121204843438375,3279,3326,Mississippi,Ohio St,1748.6337804634163,1808.8412260077441,8,3
2023_3279_3397,0.34341238928071355,3279,3397,Mississippi,Tennessee,1748.6337804634163,1787.1506340535723,8,4
2023_3235_3279,0.3574911954095889,3279,3235,Mississippi,Iowa St,1748.6337804634163,1792.7485871099263,8,5
2023_3279_3314,0.45517018858161223,3279,3314,Mississippi,North Carolina,1748.6337804634163,1745.964248895116,8,6
2023_3124_3279,0.5392353991568384,3279,3124,Mississippi,Baylor,1748.6337804634163,1709.7290295199857,8,7
2023_3279_3425,0.6319793099581376,3279,3425,Mississippi,USC,1748.6337804634163,1666.4430616873983,8,8
2023_3279_3355,0.46824012929310754,3279,3355,Mississippi,S Dakota St,1748.6337804634163,1782.9702056641402,8,9
2023_3104_3279,0.6803562310739565,3279,3104,Mississippi,Alabama,1748.6337804634163,1663.8092371165892,8,10
2023_3279_3345,0.7460767478059808,3279,3345,Mississippi,Purdue,1748.6337804634163,1629.805418842588,8,11
2023_3279_3385,0.726373833272108,3279,3385,Mississippi,St John's,1748.6337804634163,1645.2328828958891,8,11
2023_3279_3405,0.49160128499125116,3279,3405,Mississippi,Toledo,1748.6337804634163,1813.7407826360668,8,12
2023_3279_3387,0.8072402682043387,3279,3387,Mississippi,St Louis,1748.6337804634163,1605.9385038294836,8,13
2023_3241_3279,0.7417600051381538,3279,3241,Mississippi,James Madison,1748.6337804634163,1678.2498124691901,8,14
2023_3279_3436,0.7985999862381957,3279,3436,Mississippi,Vermont,1748.6337804634163,1639.2393495950207,8,15
2023_3151_3279,0.9021420570366918,3279,3151,Mississippi,Chattanooga,1748.6337804634163,1510.9961838972956,8,16
2023_3208_3211,0.7016770387094974,3211,3208,Gonzaga,Georgia,1827.899035685442,1712.8913313664273,9,10
2023_3211_3292,0.629566594346069,3211,3292,Gonzaga,MTSU,1827.899035685442,1777.2829997325239,9,11
2023_3179_3211,0.7602622990614132,3211,3179,Gonzaga,Drake,1827.899035685442,1697.4695442261514,9,12
2023_3187_3211,0.8425196661473263,3211,3187,Gonzaga,East Carolina,1827.899035685442,1632.975233621385,9,13
2023_3211_3233,0.8686922082331556,3211,3233,Gonzaga,Iona,1827.899035685442,1615.6976357645276,9,14
2023_3211_3368,0.916428611498693,3211,3368,Gonzaga,SE Louisiana,1827.899035685442,1553.8846780379956,9,15
2023_3211_3357,0.958823779231149,3211,3357,Gonzaga,Sacred Heart,1827.899035685442,1449.4167263331549,9,16
2023_3211_3380,0.9370584520204842,3211,3380,Gonzaga,Southern Univ,1827.899035685442,1517.4087938006023,9,16
2023_3211_3231,0.28374148023395,3211,3231,Gonzaga,Indiana,1827.899035685442,1868.6504754692617,9,1
2023_3211_3428,0.3824520433832462,3211,3428,Gonzaga,Utah,1827.899035685442,1800.7318318752298,9,2
2023_3211_3261,0.30328795496243977,3211,3261,Gonzaga,LSU,1827.899035685442,1864.3183903367678,9,3
2023_3211_3437,0.357960354374797,3211,3437,Gonzaga,Villanova,1827.899035685442,1841.7034566384116,9,4
2023_3211_3450,0.5033162120318744,3211,3450,Gonzaga,Washington St,1827.899035685442,1765.8827084988868,9,5
2023_3211_3276,0.5643265875839756,3211,3276,Gonzaga,Michigan,1827.899035685442,1743.5697265353447,9,6
2023_3211_3301,0.5459146728581263,3211,3301,Gonzaga,NC State,1827.899035685442,1769.9034812206935,9,7
2023_3211_3329,0.7298406911098096,3211,3329,Gonzaga,Oklahoma St,1827.899035685442,1661.836187921656,9,8
2023_3211_3274,0.7239435553622432,3211,3274,Gonzaga,Miami FL,1827.899035685442,1681.351650097899,9,9
2023_3211_3343,0.542951321899388,3211,3343,Gonzaga,Princeton,1827.899035685442,1816.719582514641,9,10
2023_3211_3424,0.6230584654455542,3211,3424,Gonzaga,UNLV,1827.899035685442,1781.5098532864504,9,11
2023_3195_3211,0.559498430930256,3211,3195,Gonzaga,FL Gulf Coast,1827.899035685442,1836.5510410618815,9,12
2023_3156_3211,0.7299749414965104,3211,3156,Gonzaga,Cleveland St,1827.899035685442,1736.7326765943915,9,13
2023_3211_3218,0.8938926830187441,3211,3218,Gonzaga,Hawaii,1827.899035685442,1578.9600184597623,9,14
2023_3205_3211,0.8295384358115042,3211,3205,Gonzaga,Gardner Webb,1827.899035685442,1677.3755202435086,9,15
2023_3211_3284,0.937823053593036,3211,3284,Gonzaga,Monmouth NJ,1827.899035685442,1515.4270054614776,9,16
2023_3211_3399,0.8956056816630699,3211,3399,Gonzaga,Tennessee Tech,1827.899035685442,1601.1950436554923,9,16
2023_3211_3439,0.2726111133559666,3211,3439,Gonzaga,Virginia Tech,1827.899035685442,1877.0771224285086,9,1
2023_3163_3211,0.2130579789955771,3211,3163,Gonzaga,Connecticut,1827.899035685442,1926.504762305338,9,2
2023_3211_3326,0.3853939314218108,3211,3326,Gonzaga,Ohio St,1827.899035685442,1808.8412260077441,9,3
2023_3211_3397,0.44390343337943555,3211,3397,Gonzaga,Tennessee,1827.899035685442,1787.1506340535723,9,4
2023_3211_3235,0.4592206340602934,3211,3235,Gonzaga,Iowa St,1827.899035685442,1792.7485871099263,9,5
2023_3211_3314,0.5604496444292641,3211,3314,Gonzaga,North Carolina,1827.899035685442,1745.964248895116,9,6
2023_3124_3211,0.6410798591496388,3211,3124,Gonzaga,Baylor,1827.899035685442,1709.7290295199857,9,7
2023_3211_3425,0.7238233538362392,3211,3425,Gonzaga,USC,1827.899035685442,1666.4430616873983,9,8
2023_3211_3355,0.5733612757644115,3211,3355,Gonzaga,S Dakota St,1827.899035685442,1782.9702056641402,9,9
2023_3104_3211,0.7646237477860836,3211,3104,Gonzaga,Alabama,1827.899035685442,1663.8092371165892,9,10
2023_3211_3345,0.8176618009441261,3211,3345,Gonzaga,Purdue,1827.899035685442,1629.805418842588,9,11
2023_3211_3385,0.8020396330325857,3211,3385,Gonzaga,St John's,1827.899035685442,1645.2328828958891,9,11
2023_3211_3405,0.5960879762307387,3211,3405,Gonzaga,Toledo,1827.899035685442,1813.7407826360668,9,12
2023_3211_3387,0.8647091204815589,3211,3387,Gonzaga,St Louis,1827.899035685442,1605.9385038294836,9,13
2023_3211_3241,0.8142590471343487,3211,3241,Gonzaga,James Madison,1827.899035685442,1678.2498124691901,9,14
2023_3211_3436,0.8621484865628366,3211,3436,Gonzaga,Vermont,1827.899035685442,1639.2393495950207,9,15
2023_3151_3211,0.9395012558082041,3211,3151,Gonzaga,Chattanooga,1827.899035685442,1510.9961838972956,9,16
2023_3208_3292,0.41947264047854127,3208,3292,Georgia,MTSU,1712.8913313664273,1777.2829997325239,10,11
2023_3179_3208,0.5741544009171852,3208,3179,Georgia,Drake,1712.8913313664273,1697.4695442261514,10,12
2023_3187_3208,0.6946182628918968,3208,3187,Georgia,East Carolina,1712.8913313664273,1632.975233621385,10,13
2023_3208_3233,0.7377193147761357,3208,3233,Georgia,Iona,1712.8913313664273,1615.6976357645276,10,14
2023_3208_3368,0.8233900470075348,3208,3368,Georgia,SE Louisiana,1712.8913313664273,1553.8846780379956,10,15
2023_3208_3357,0.9109624814741604,3208,3357,Georgia,Sacred Heart,1712.8913313664273,1449.4167263331549,10,16
2023_3208_3380,0.8673969541600091,3208,3380,Georgia,Southern Univ,1712.8913313664273,1517.4087938006023,10,16
2023_3208_3231,0.15675255313525474,3208,3231,Georgia,Indiana,1712.8913313664273,1868.6504754692617,10,1
2023_3208_3428,0.22517351728459262,3208,3428,Georgia,Utah,1712.8913313664273,1800.7318318752298,10,2
2023_3208_3261,0.16055667151446779,3208,3261,Georgia,LSU,1712.8913313664273,1864.3183903367678,10,3
2023_3208_3437,0.19161900971621212,3208,3437,Georgia,Villanova,1712.8913313664273,1841.7034566384116,10,4
2023_3208_3450,0.3011070919738952,3208,3450,Georgia,Washington St,1712.8913313664273,1765.8827084988868,10,5
2023_3208_3276,0.3551319422208335,3208,3276,Georgia,Michigan,1712.8913313664273,1743.5697265353447,10,6
2023_3208_3301,0.33824631972187386,3208,3301,Georgia,NC State,1712.8913313664273,1769.9034812206935,10,7
2023_3208_3329,0.5345742068255704,3208,3329,Georgia,Oklahoma St,1712.8913313664273,1661.836187921656,10,8
2023_3208_3274,0.5271760656550728,3208,3274,Georgia,Miami FL,1712.8913313664273,1681.351650097899,10,9
2023_3208_3343,0.3355771665690198,3208,3343,Georgia,Princeton,1712.8913313664273,1816.719582514641,10,10
2023_3208_3424,0.4127166063221105,3208,3424,Georgia,UNLV,1712.8913313664273,1781.5098532864504,10,11
2023_3195_3208,0.350653057158246,3208,3195,Georgia,FL Gulf Coast,1712.8913313664273,1836.5510410618815,10,12
2023_3156_3208,0.5347436342572857,3208,3156,Georgia,Cleveland St,1712.8913313664273,1736.7326765943915,10,13
2023_3208_3218,0.7817405036034951,3208,3218,Georgia,Hawaii,1712.8913313664273,1578.9600184597623,10,14
2023_3205_3208,0.6741604433459434,3208,3205,Georgia,Gardner Webb,1712.8913313664273,1677.3755202435086,10,15
2023_3208_3284,0.8688893872007623,3208,3284,Georgia,Monmouth NJ,1712.8913313664273,1515.4270054614776,10,16
2023_3208_3399,0.7903311200143398,3208,3399,Georgia,Tennessee Tech,1712.8913313664273,1601.1950436554923,10,16
2023_3208_3439,0.14956341970932813,3208,3439,Georgia,Virginia Tech,1712.8913313664273,1877.0771224285086,10,1
2023_3163_3208,0.11272491406397282,3208,3163,Georgia,Connecticut,1712.8913313664273,1926.504762305338,10,2
2023_3208_3326,0.21600213280257344,3208,3326,Georgia,Ohio St,1712.8913313664273,1808.8412260077441,10,3
2023_3208_3397,0.2533865315085453,3208,3397,Georgia,Tennessee,1712.8913313664273,1787.1506340535723,10,4
2023_3208_3235,0.26526566191563794,3208,3235,Georgia,Iowa St,1712.8913313664273,1792.7485871099263,10,5
2023_3208_3314,0.3515325580859845,3208,3314,Georgia,North Carolina,1712.8913313664273,1745.964248895116,10,6
2023_3124_3208,0.4316205348538813,3208,3124,Georgia,Baylor,1712.8913313664273,1709.7290295199857,10,7
2023_3208_3425,0.5270261623781415,3208,3425,Georgia,USC,1712.8913313664273,1666.4430616873983,10,8
2023_3208_3355,0.36361268005999725,3208,3355,Georgia,S Dakota St,1712.8913313664273,1782.9702056641402,10,9
2023_3104_3208,0.5800313275149848,3208,3104,Georgia,Alabama,1712.8913313664273,1663.8092371165892,10,10
2023_3208_3345,0.6559480721795178,3208,3345,Georgia,Purdue,1712.8913313664273,1629.805418842588,10,11
2023_3208_3385,0.6326946968901879,3208,3385,Georgia,St John's,1712.8913313664273,1645.2328828958891,10,11
2023_3208_3405,0.38553845621950106,3208,3405,Georgia,Toledo,1712.8913313664273,1813.7407826360668,10,12
2023_3208_3387,0.7309935881006174,3208,3387,Georgia,St Louis,1712.8913313664273,1605.9385038294836,10,13
2023_3208_3241,0.6508162375766241,3208,3241,Georgia,James Madison,1712.8913313664273,1678.2498124691901,10,14
2023_3208_3436,0.7267020210382356,3208,3436,Georgia,Vermont,1712.8913313664273,1639.2393495950207,10,15
2023_3151_3208,0.8721745643994028,3208,3151,Georgia,Chattanooga,1712.8913313664273,1510.9961838972956,10,16
2023_3179_3292,0.6510732501048503,3292,3179,MTSU,Drake,1777.2829997325239,1697.4695442261514,11,12
2023_3187_3292,0.7589146807027721,3292,3187,MTSU,East Carolina,1777.2829997325239,1632.975233621385,11,13
2023_3233_3292,0.795611238471622,3292,3233,MTSU,Iona,1777.2829997325239,1615.6976357645276,11,14
2023_3292_3368,0.8658118849157622,3292,3368,MTSU,SE Louisiana,1777.2829997325239,1553.8846780379956,11,15
2023_3292_3357,0.9340345618819688,3292,3357,MTSU,Sacred Heart,1777.2829997325239,1449.4167263331549,11,16
2023_3292_3380,0.9005253340069468,3292,3380,MTSU,Southern Univ,1777.2829997325239,1517.4087938006023,11,16
2023_3231_3292,0.22115105660979095,3292,3231,MTSU,Indiana,1777.2829997325239,1868.6504754692617,11,1
2023_3292_3428,0.30743317751008337,3292,3428,MTSU,Utah,1777.2829997325239,1800.7318318752298,11,2
2023_3261_3292,0.22609897421584765,3292,3261,MTSU,LSU,1777.2829997325239,1864.3183903367678,11,3
2023_3292_3437,0.25318601271010766,3292,3437,MTSU,Villanova,1777.2829997325239,1841.7034566384116,11,4
2023_3292_3450,0.37353225995904604,3292,3450,MTSU,Washington St,1777.2829997325239,1765.8827084988868,11,5
2023_3276_3292,0.432509990548512,3292,3276,MTSU,Michigan,1777.2829997325239,1743.5697265353447,11,6
2023_3292_3301,0.4143089721420781,3292,3301,MTSU,NC State,1777.2829997325239,1769.9034812206935,11,7
2023_3292_3329,0.6138338355372563,3292,3329,MTSU,Oklahoma St,1777.2829997325239,1661.836187921656,11,8
2023_3274_3292,0.606768806572447,3292,3274,MTSU,Miami FL,1777.2829997325239,1681.351650097899,11,9
2023_3292_3343,0.41141275546892714,3292,3343,MTSU,Princeton,1777.2829997325239,1816.719582514641,11,10
2023_3292_3424,0.49304852652305425,3292,3424,MTSU,UNLV,1777.2829997325239,1781.5098532864504,11,11
2023_3195_3292,0.4277024672426992,3292,3195,MTSU,FL Gulf Coast,1777.2829997325239,1836.5510410618815,11,12
2023_3156_3292,0.6139952442160485,3292,3156,MTSU,Cleveland St,1777.2829997325239,1736.7326765943915,11,13
2023_3218_3292,0.8321269214420467,3292,3218,MTSU,Hawaii,1777.2829997325239,1578.9600184597623,11,14
2023_3205_3292,0.7411590862018548,3292,3205,MTSU,Gardner Webb,1777.2829997325239,1677.3755202435086,11,15
2023_3284_3292,0.9016871711144148,3292,3284,MTSU,Monmouth NJ,1777.2829997325239,1515.4270054614776,11,16
2023_3292_3399,0.8391424246684179,3292,3399,MTSU,Tennessee Tech,1777.2829997325239,1601.1950436554923,11,16
2023_3292_3439,0.2117500806542222,3292,3439,MTSU,Virginia Tech,1777.2829997325239,1877.0771224285086,11,1
2023_3163_3292,0.16252170863709173,3292,3163,MTSU,Connecticut,1777.2829997325239,1926.504762305338,11,2
2023_3292_3326,0.2961921095719766,3292,3326,MTSU,Ohio St,1777.2829997325239,1808.8412260077441,11,3
2023_3292_3397,0.32677696797806666,3292,3397,MTSU,Tennessee,1777.2829997325239,1787.1506340535723,11,4
2023_3235_3292,0.3331797154066367,3292,3235,MTSU,Iowa St,1777.2829997325239,1792.7485871099263,11,5
2023_3292_3314,0.4286476510417487,3292,3314,MTSU,North Carolina,1777.2829997325239,1745.964248895116,11,6
2023_3124_3292,0.5124214859391445,3292,3124,MTSU,Baylor,1777.2829997325239,1709.7290295199857,11,7
2023_3292_3425,0.6066253078661842,3292,3425,MTSU,USC,1777.2829997325239,1666.4430616873983,11,8
2023_3292_3355,0.4415732567563289,3292,3355,MTSU,S Dakota St,1777.2829997325239,1782.9702056641402,11,9
2023_3104_3292,0.6565236870234693,3292,3104,MTSU,Alabama,1777.2829997325239,1663.8092371165892,11,10
2023_3292_3345,0.7251648719676953,3292,3345,MTSU,Purdue,1777.2829997325239,1629.805418842588,11,11
2023_3292_3385,0.7044820411961016,3292,3385,MTSU,St John's,1777.2829997325239,1645.2328828958891,11,11
2023_3292_3405,0.4647667977494738,3292,3405,MTSU,Toledo,1777.2829997325239,1813.7407826360668,11,12
2023_3292_3387,0.7899473525557654,3292,3387,MTSU,St Louis,1777.2829997325239,1605.9385038294836,11,13
2023_3241_3292,0.7206257454236312,3292,3241,MTSU,James Madison,1777.2829997325239,1678.2498124691901,11,14
2023_3292_3436,0.7863213747237103,3292,3436,MTSU,Vermont,1777.2829997325239,1639.2393495950207,11,15
2023_3151_3292,0.9042411187016548,3292,3151,MTSU,Chattanooga,1777.2829997325239,1510.9961838972956,11,16
2023_3179_3187,0.6278439347169237,3179,3187,Drake,East Carolina,1697.4695442261514,1632.975233621385,12,13
2023_3179_3233,0.6759730808371782,3179,3233,Drake,Iona,1697.4695442261514,1615.6976357645276,12,14
2023_3179_3368,0.7756797218948226,3179,3368,Drake,SE Louisiana,1697.4695442261514,1553.8846780379956,12,15
2023_3179_3357,0.883564040996147,3179,3357,Drake,Sacred Heart,1697.4695442261514,1449.4167263331549,12,16
2023_3179_3380,0.8291075057997517,3179,3380,Drake,Southern Univ,1697.4695442261514,1517.4087938006023,12,16
2023_3179_3231,0.1438038773749044,3179,3231,Drake,Indiana,1697.4695442261514,1868.6504754692617,12,1
2023_3179_3428,0.2079667938745171,3179,3428,Drake,Utah,1697.4695442261514,1800.7318318752298,12,2
2023_3179_3261,0.1473486639400156,3179,3261,Drake,LSU,1697.4695442261514,1864.3183903367678,12,3
2023_3179_3437,0.1670375929585965,3179,3437,Drake,Villanova,1697.4695442261514,1841.7034566384116,12,4
2023_3179_3450,0.2482515943476021,3179,3450,Drake,Washington St,1697.4695442261514,1765.8827084988868,12,5
2023_3179_3276,0.29000127395217934,3179,3276,Drake,Michigan,1697.4695442261514,1743.5697265353447,12,6
2023_3179_3301,0.2748923559870614,3179,3301,Drake,NC State,1697.4695442261514,1769.9034812206935,12,7
2023_3179_3329,0.4600096925737209,3179,3329,Drake,Oklahoma St,1697.4695442261514,1661.836187921656,12,8
2023_3179_3274,0.4526398997306444,3179,3274,Drake,Miami FL,1697.4695442261514,1681.351650097899,12,9
2023_3179_3343,0.27251725969077967,3179,3343,Drake,Princeton,1697.4695442261514,1816.719582514641,12,10
2023_3179_3424,0.34263631824793467,3179,3424,Drake,UNLV,1697.4695442261514,1781.5098532864504,12,11
2023_3179_3195,0.2859795343594925,3179,3195,Drake,FL Gulf Coast,1697.4695442261514,1836.5510410618815,12,12
2023_3156_3179,0.4601788535874527,3179,3156,Drake,Cleveland St,1697.4695442261514,1736.7326765943915,12,13
2023_3179_3218,0.7265158494331415,3179,3218,Drake,Hawaii,1697.4695442261514,1578.9600184597623,12,14
2023_3179_3205,0.6054536796950443,3179,3205,Drake,Gardner Webb,1697.4695442261514,1677.3755202435086,12,15
2023_3179_3284,0.8309468928280113,3179,3284,Drake,Monmouth NJ,1697.4695442261514,1515.4270054614776,12,16
2023_3179_3399,0.7365475613946224,3179,3399,Drake,Tennessee Tech,1697.4695442261514,1601.1950436554923,12,16
2023_3179_3439,0.137112045972692,3179,3439,Drake,Virginia Tech,1697.4695442261514,1877.0771224285086,12,1
2023_3163_3179,0.10296907097653407,3179,3163,Drake,Connecticut,1697.4695442261514,1926.504762305338,12,2
2023_3179_3326,0.1993159619416197,3179,3326,Drake,Ohio St,1697.4695442261514,1808.8412260077441,12,3
2023_3179_3397,0.22306790621457082,3179,3397,Drake,Tennessee,1697.4695442261514,1787.1506340535723,12,4
2023_3179_3235,0.21675045927118528,3179,3235,Drake,Iowa St,1697.4695442261514,1792.7485871099263,12,5
2023_3179_3314,0.28676845985452376,3179,3314,Drake,North Carolina,1697.4695442261514,1745.964248895116,12,6
2023_3124_3179,0.36029961442408354,3179,3124,Drake,Baylor,1697.4695442261514,1709.7290295199857,12,7
2023_3179_3425,0.45249090788737584,3179,3425,Drake,USC,1697.4695442261514,1666.4430616873983,12,8
2023_3179_3355,0.29764454480248115,3179,3355,Drake,S Dakota St,1697.4695442261514,1782.9702056641402,12,9
2023_3104_3179,0.5060198295285564,3179,3104,Drake,Alabama,1697.4695442261514,1663.8092371165892,12,10
2023_3179_3345,0.5857606990709163,3179,3345,Drake,Purdue,1697.4695442261514,1629.805418842588,12,11
2023_3179_3385,0.5609388226205354,3179,3385,Drake,St John's,1697.4695442261514,1645.2328828958891,12,11
2023_3179_3405,0.31757753669134486,3179,3405,Drake,Toledo,1697.4695442261514,1813.7407826360668,12,12
2023_3179_3387,0.6683757487167559,3179,3387,Drake,St Louis,1697.4695442261514,1605.9385038294836,12,13
2023_3179_3241,0.580251884739272,3179,3241,Drake,James Madison,1697.4695442261514,1678.2498124691901,12,14
2023_3179_3436,0.6635450097181467,3179,3436,Drake,Vermont,1697.4695442261514,1639.2393495950207,12,15
2023_3151_3179,0.835002242760381,3179,3151,Drake,Chattanooga,1697.4695442261514,1510.9961838972956,12,16
2023_3187_3233,0.5528884952990063,3187,3233,East Carolina,Iona,1632.975233621385,1615.6976357645276,13,14
2023_3187_3368,0.672097372906833,3187,3368,East Carolina,SE Louisiana,1632.975233621385,1553.8846780379956,13,15
2023_3187_3357,0.818117342042471,3187,3357,East Carolina,Sacred Heart,1632.975233621385,1449.4167263331549,13,16
2023_3187_3380,0.7419898867883996,3187,3380,East Carolina,Southern Univ,1632.975233621385,1517.4087938006023,13,16
2023_3187_3231,0.09900358959126865,3187,3231,East Carolina,Indiana,1632.975233621385,1868.6504754692617,13,1
2023_3187_3428,0.14659994701314263,3187,3428,East Carolina,Utah,1632.975233621385,1800.7318318752298,13,2
2023_3187_3261,0.10157505543913105,3187,3261,East Carolina,LSU,1632.975233621385,1864.3183903367678,13,3
2023_3187_3437,0.1159796102227675,3187,3437,East Carolina,Villanova,1632.975233621385,1841.7034566384116,13,4
2023_3187_3450,0.17766397951687327,3187,3450,East Carolina,Washington St,1632.975233621385,1765.8827084988868,13,5
2023_3187_3276,0.20013319271753488,3187,3276,East Carolina,Michigan,1632.975233621385,1743.5697265353447,13,6
2023_3187_3301,0.18348402702548092,3187,3301,East Carolina,NC State,1632.975233621385,1769.9034812206935,13,7
2023_3187_3329,0.33552919777002843,3187,3329,East Carolina,Oklahoma St,1632.975233621385,1661.836187921656,13,8
2023_3187_3274,0.32893886158499264,3187,3274,East Carolina,Miami FL,1632.975233621385,1681.351650097899,13,9
2023_3187_3343,0.18170080157456395,3187,3343,East Carolina,Princeton,1632.975233621385,1816.719582514641,13,10
2023_3187_3424,0.2360342288880911,3187,3424,East Carolina,UNLV,1632.975233621385,1781.5098532864504,13,11
2023_3187_3195,0.1918599486588356,3187,3195,East Carolina,FL Gulf Coast,1632.975233621385,1836.5510410618815,13,12
2023_3156_3187,0.3356810392296798,3187,3156,East Carolina,Cleveland St,1632.975233621385,1736.7326765943915,13,13
2023_3187_3218,0.611598946280295,3187,3218,East Carolina,Hawaii,1632.975233621385,1578.9600184597623,13,14
2023_3187_3205,0.47633349425988675,3187,3205,East Carolina,Gardner Webb,1632.975233621385,1677.3755202435086,13,15
2023_3187_3284,0.7444779731171406,3187,3284,East Carolina,Monmouth NJ,1632.975233621385,1515.4270054614776,13,16
2023_3187_3399,0.6236624111651833,3187,3399,East Carolina,Tennessee Tech,1632.975233621385,1601.1950436554923,13,16
2023_3187_3439,0.09416722581843971,3187,3439,East Carolina,Virginia Tech,1632.975233621385,1877.0771224285086,13,1
2023_3163_3187,0.06985246816074152,3187,3163,East Carolina,Connecticut,1632.975233621385,1926.504762305338,13,2
2023_3187_3326,0.14005042650841992,3187,3326,East Carolina,Ohio St,1632.975233621385,1808.8412260077441,13,3
2023_3187_3397,0.15813470009981337,3187,3397,East Carolina,Tennessee,1632.975233621385,1787.1506340535723,13,4
2023_3187_3235,0.15329337215566935,3187,3235,East Carolina,Iowa St,1632.975233621385,1792.7485871099263,13,5
2023_3187_3314,0.19762334313440122,3187,3314,East Carolina,North Carolina,1632.975233621385,1745.964248895116,13,6
2023_3124_3187,0.2502944885956419,3187,3124,East Carolina,Baylor,1632.975233621385,1709.7290295199857,13,7
2023_3187_3425,0.3288061277961066,3187,3425,East Carolina,USC,1632.975233621385,1666.4430616873983,13,8
2023_3187_3355,0.2007653165100009,3187,3355,East Carolina,S Dakota St,1632.975233621385,1782.9702056641402,13,9
2023_3104_3187,0.37779971409022617,3187,3104,East Carolina,Alabama,1632.975233621385,1663.8092371165892,13,10
2023_3187_3345,0.45598651140126345,3187,3345,East Carolina,Purdue,1632.975233621385,1629.805418842588,13,11
2023_3187_3385,0.43094288624283034,3187,3385,East Carolina,St John's,1632.975233621385,1645.2328828958891,13,11
2023_3187_3405,0.21620758129494036,3187,3405,East Carolina,Toledo,1632.975233621385,1813.7407826360668,13,12
2023_3187_3387,0.5443505407101942,3187,3387,East Carolina,St Louis,1632.975233621385,1605.9385038294836,13,13
2023_3187_3241,0.4503712420319654,3187,3241,East Carolina,James Madison,1632.975233621385,1678.2498124691901,13,14
2023_3187_3436,0.5389593613261656,3187,3436,East Carolina,Vermont,1632.975233621385,1639.2393495950207,13,15
2023_3151_3187,0.7499834834058391,3187,3151,East Carolina,Chattanooga,1632.975233621385,1510.9961838972956,13,16
2023_3233_3368,0.6237130064442117,3233,3368,Iona,SE Louisiana,1615.6976357645276,1553.8846780379956,14,15
2023_3233_3357,0.784366419630409,3233,3357,Iona,Sacred Heart,1615.6976357645276,1449.4167263331549,14,16
2023_3233_3380,0.6993045747330077,3233,3380,Iona,Southern Univ,1615.6976357645276,1517.4087938006023,14,16
2023_3231_3233,0.08931632897790427,3233,3231,Iona,Indiana,1615.6976357645276,1868.6504754692617,14,1
2023_3233_3428,0.13294266993990067,3233,3428,Iona,Utah,1615.6976357645276,1800.7318318752298,14,2
2023_3233_3261,0.09166178055291008,3233,3261,Iona,LSU,1615.6976357645276,1864.3183903367678,14,3
2023_3233_3437,0.1048245400715338,3233,3437,Iona,Villanova,1615.6976357645276,1841.7034566384116,14,4
2023_3233_3450,0.1616609737250028,3233,3450,Iona,Washington St,1615.6976357645276,1765.8827084988868,14,5
2023_3233_3276,0.18255558171113254,3233,3276,Iona,Michigan,1615.6976357645276,1743.5697265353447,14,6
2023_3233_3301,0.15810803740661897,3233,3301,Iona,NC State,1615.6976357645276,1769.9034812206935,14,7
2023_3233_3329,0.28994930162376475,3233,3329,Iona,Oklahoma St,1615.6976357645276,1661.836187921656,14,8
2023_3233_3274,0.2838717587743985,3233,3274,Iona,Miami FL,1615.6976357645276,1681.351650097899,14,9
2023_3233_3343,0.152230239528101,3233,3343,Iona,Princeton,1615.6976357645276,1816.719582514641,14,10
2023_3233_3424,0.1999039975862741,3233,3424,Iona,UNLV,1615.6976357645276,1781.5098532864504,14,11
2023_3195_3233,0.16106597113527585,3233,3195,Iona,FL Gulf Coast,1615.6976357645276,1836.5510410618815,14,12
2023_3156_3233,0.29008952133134164,3233,3156,Iona,Cleveland St,1615.6976357645276,1736.7326765943915,14,13
2023_3218_3233,0.5601300740077039,3233,3218,Iona,Hawaii,1615.6976357645276,1578.9600184597623,14,14
2023_3205_3233,0.423826380734794,3233,3205,Iona,Gardner Webb,1615.6976357645276,1677.3755202435086,14,15
2023_3233_3284,0.7020389928206577,3233,3284,Iona,Monmouth NJ,1615.6976357645276,1515.4270054614776,14,16
2023_3233_3399,0.5726751915679925,3233,3399,Iona,Tennessee Tech,1615.6976357645276,1601.1950436554923,14,16
2023_3233_3439,0.0849085954717994,3233,3439,Iona,Virginia Tech,1615.6976357645276,1877.0771224285086,14,1
2023_3163_3233,0.06281870303916305,3233,3163,Iona,Connecticut,1615.6976357645276,1926.504762305338,14,2
2023_3233_3326,0.12691256539086,3233,3326,Iona,Ohio St,1615.6976357645276,1808.8412260077441,14,3
2023_3233_3397,0.14358364025089154,3233,3397,Iona,Tennessee,1615.6976357645276,1787.1506340535723,14,4
2023_3233_3235,0.13911418208582585,3233,3235,Iona,Iowa St,1615.6976357645276,1792.7485871099263,14,5
2023_3233_3314,0.18021650442172876,3233,3314,Iona,North Carolina,1615.6976357645276,1745.964248895116,14,6
2023_3124_3233,0.21814717724427857,3233,3124,Iona,Baylor,1615.6976357645276,1709.7290295199857,14,7
2023_3233_3425,0.283749520999019,3233,3425,Iona,USC,1615.6976357645276,1666.4430616873983,14,8
2023_3233_3355,0.168840629570653,3233,3355,Iona,S Dakota St,1615.6976357645276,1782.9702056641402,14,9
2023_3104_3233,0.329323539311713,3233,3104,Iona,Alabama,1615.6976357645276,1663.8092371165892,14,10
2023_3233_3345,0.40399196884119504,3233,3345,Iona,Purdue,1615.6976357645276,1629.805418842588,14,11
2023_3233_3385,0.3798102795101976,3233,3385,Iona,St John's,1615.6976357645276,1645.2328828958891,14,11
2023_3233_3405,0.1823877073403293,3233,3405,Iona,Toledo,1615.6976357645276,1813.7407826360668,14,12
2023_3233_3387,0.4913811790351385,3233,3387,Iona,St Louis,1615.6976357645276,1605.9385038294836,14,13
2023_3233_3241,0.3985479086077473,3233,3241,Iona,James Madison,1615.6976357645276,1678.2498124691901,14,14
2023_3233_3436,0.4859551079143226,3233,3436,Iona,Vermont,1615.6976357645276,1639.2393495950207,14,15
2023_3151_3233,0.7081003767712274,3233,3151,Iona,Chattanooga,1615.6976357645276,1510.9961838972956,14,16
2023_3357_3368,0.6869626688520102,3368,3357,SE Louisiana,Sacred Heart,1553.8846780379956,1449.4167263331549,15,16
2023_3368_3380,0.5838626265521583,3368,3380,SE Louisiana,Southern Univ,1553.8846780379956,1517.4087938006023,15,16
2023_3231_3368,0.061302810014163926,3368,3231,SE Louisiana,Indiana,1553.8846780379956,1868.6504754692617,15,1
2023_3368_3428,0.09263791266857088,3368,3428,SE Louisiana,Utah,1553.8846780379956,1800.7318318752298,15,2
2023_3261_3368,0.06296348603563438,3368,3261,SE Louisiana,LSU,1553.8846780379956,1864.3183903367678,15,3
2023_3368_3437,0.07233330542046161,3368,3437,SE Louisiana,Villanova,1553.8846780379956,1841.7034566384116,15,4
2023_3368_3450,0.11379223020275035,3368,3450,SE Louisiana,Washington St,1553.8846780379956,1765.8827084988868,15,5
2023_3276_3368,0.12945521519579975,3368,3276,SE Louisiana,Michigan,1553.8846780379956,1743.5697265353447,15,6
2023_3301_3368,0.11115185253723245,3368,3301,SE Louisiana,NC State,1553.8846780379956,1769.9034812206935,15,7
2023_3329_3368,0.20293113113122,3368,3329,SE Louisiana,Oklahoma St,1553.8846780379956,1661.836187921656,15,8
2023_3274_3368,0.19299355185442468,3368,3274,SE Louisiana,Miami FL,1553.8846780379956,1681.351650097899,15,9
2023_3343_3368,0.09774340843020621,3368,3343,SE Louisiana,Princeton,1553.8846780379956,1816.719582514641,15,10
2023_3368_3424,0.1309901092775574,3368,3424,SE Louisiana,UNLV,1553.8846780379956,1781.5098532864504,15,11
2023_3195_3368,0.1038038508144064,3368,3195,SE Louisiana,FL Gulf Coast,1553.8846780379956,1836.5510410618815,15,12
2023_3156_3368,0.19777049188784618,3368,3156,SE Louisiana,Cleveland St,1553.8846780379956,1736.7326765943915,15,13
2023_3218_3368,0.43446710420801793,3368,3218,SE Louisiana,Hawaii,1553.8846780379956,1578.9600184597623,15,14
2023_3205_3368,0.30737433512389045,3368,3205,SE Louisiana,Gardner Webb,1553.8846780379956,1677.3755202435086,15,15
2023_3284_3368,0.5870268822751581,3368,3284,SE Louisiana,Monmouth NJ,1553.8846780379956,1515.4270054614776,15,16
2023_3368_3399,0.4470582150529754,3368,3399,SE Louisiana,Tennessee Tech,1553.8846780379956,1601.1950436554923,15,16
2023_3368_3439,0.05818920128433649,3368,3439,SE Louisiana,Virginia Tech,1553.8846780379956,1877.0771224285086,15,1
2023_3163_3368,0.042726087525824644,3368,3163,SE Louisiana,Connecticut,1553.8846780379956,1926.504762305338,15,2
2023_3326_3368,0.08824990593788291,3368,3326,SE Louisiana,Ohio St,1553.8846780379956,1808.8412260077441,15,3
2023_3368_3397,0.10042647511427268,3368,3397,SE Louisiana,Tennessee,1553.8846780379956,1787.1506340535723,15,4
2023_3235_3368,0.09714802078963643,3368,3235,SE Louisiana,Iowa St,1553.8846780379956,1792.7485871099263,15,5
2023_3314_3368,0.1276902320109948,3368,3314,SE Louisiana,North Carolina,1553.8846780379956,1745.964248895116,15,6
2023_3124_3368,0.15667847143471478,3368,3124,SE Louisiana,Baylor,1553.8846780379956,1709.7290295199857,15,7
2023_3368_3425,0.19807295938263925,3368,3425,SE Louisiana,USC,1553.8846780379956,1666.4430616873983,15,8
2023_3355_3368,0.10917416243444285,3368,3355,SE Louisiana,S Dakota St,1553.8846780379956,1782.9702056641402,15,9
2023_3104_3368,0.22853809471903377,3368,3104,SE Louisiana,Alabama,1553.8846780379956,1663.8092371165892,15,10
2023_3345_3368,0.2902444023279638,3368,3345,SE Louisiana,Purdue,1553.8846780379956,1629.805418842588,15,11
2023_3368_3385,0.26978931304240605,3368,3385,SE Louisiana,St John's,1553.8846780379956,1645.2328828958891,15,11
2023_3368_3405,0.11861707030393215,3368,3405,SE Louisiana,Toledo,1553.8846780379956,1813.7407826360668,15,12
2023_3368_3387,0.3682301762934783,3368,3387,SE Louisiana,St Louis,1553.8846780379956,1605.9385038294836,15,13
2023_3241_3368,0.2855986584345387,3368,3241,SE Louisiana,James Madison,1553.8846780379956,1678.2498124691901,15,14
2023_3368_3436,0.3631929302096636,3368,3436,SE Louisiana,Vermont,1553.8846780379956,1639.2393495950207,15,15
2023_3151_3368,0.5940751222791152,3368,3151,SE Louisiana,Chattanooga,1553.8846780379956,1510.9961838972956,15,16
2023_3357_3380,0.39000119311870446,3357,3380,Sacred Heart,Southern Univ,1449.4167263331549,1517.4087938006023,16,16
2023_3231_3357,0.031800918851620834,3357,3231,Sacred Heart,Indiana,1449.4167263331549,1868.6504754692617,16,1
2023_3357_3428,0.04884066242408763,3357,3428,Sacred Heart,Utah,1449.4167263331549,1800.7318318752298,16,2
2023_3261_3357,0.03269022902673516,3357,3261,Sacred Heart,LSU,1449.4167263331549,1864.3183903367678,16,3
2023_3357_3437,0.037736406351858584,3357,3437,Sacred Heart,Villanova,1449.4167263331549,1841.7034566384116,16,4
2023_3357_3450,0.06066230974573989,3357,3450,Sacred Heart,Washington St,1449.4167263331549,1765.8827084988868,16,5
2023_3276_3357,0.06958643750666103,3357,3276,Sacred Heart,Michigan,1449.4167263331549,1743.5697265353447,16,6
2023_3301_3357,0.05917241752288157,3357,3301,Sacred Heart,NC State,1449.4167263331549,1769.9034812206935,16,7
2023_3329_3357,0.11351293893363827,3357,3329,Sacred Heart,Oklahoma St,1449.4167263331549,1661.836187921656,16,8
2023_3274_3357,0.10122032894621062,3357,3274,Sacred Heart,Miami FL,1449.4167263331549,1681.351650097899,16,9
2023_3343_3357,0.04704286641806639,3357,3343,Sacred Heart,Princeton,1449.4167263331549,1816.719582514641,16,10
2023_3357_3424,0.0642726357520901,3357,3424,Sacred Heart,UNLV,1449.4167263331549,1781.5098532864504,16,11
2023_3195_3357,0.05013436978510274,3357,3195,Sacred Heart,FL Gulf Coast,1449.4167263331549,1836.5510410618815,16,12
2023_3156_3357,0.10099251009043034,3357,3156,Sacred Heart,Cleveland St,1449.4167263331549,1736.7326765943915,16,13
2023_3218_3357,0.2593008183166162,3357,3218,Sacred Heart,Hawaii,1449.4167263331549,1578.9600184597623,16,14
2023_3205_3357,0.16820803525298775,3357,3205,Sacred Heart,Gardner Webb,1449.4167263331549,1677.3755202435086,16,15
2023_3284_3357,0.3931073040468936,3357,3284,Sacred Heart,Monmouth NJ,1449.4167263331549,1515.4270054614776,16,16
2023_3357_3399,0.26923223056529905,3357,3399,Sacred Heart,Tennessee Tech,1449.4167263331549,1601.1950436554923,16,16
2023_3357_3439,0.03013762198344496,3357,3439,Sacred Heart,Virginia Tech,1449.4167263331549,1877.0771224285086,16,1
2023_3163_3357,0.021955120436527968,3357,3163,Sacred Heart,Connecticut,1449.4167263331549,1926.504762305338,16,2
2023_3326_3357,0.046421077353704716,3357,3326,Sacred Heart,Ohio St,1449.4167263331549,1808.8412260077441,16,3
2023_3357_3397,0.0531627024334266,3357,3397,Sacred Heart,Tennessee,1449.4167263331549,1787.1506340535723,16,4
2023_3235_3357,0.05133913260085642,3357,3235,Sacred Heart,Iowa St,1449.4167263331549,1792.7485871099263,16,5
2023_3314_3357,0.06857340466952248,3357,3314,Sacred Heart,North Carolina,1449.4167263331549,1745.964248895116,16,6
2023_3124_3357,0.08545569782408469,3357,3124,Sacred Heart,Baylor,1449.4167263331549,1709.7290295199857,16,7
2023_3357_3425,0.11049867485854416,3357,3425,Sacred Heart,USC,1449.4167263331549,1666.4430616873983,16,8
2023_3355_3357,0.05456420291616301,3357,3355,Sacred Heart,S Dakota St,1449.4167263331549,1782.9702056641402,16,9
2023_3104_3357,0.11893629922104373,3357,3104,Sacred Heart,Alabama,1449.4167263331549,1663.8092371165892,16,10
2023_3345_3357,0.15707496573906968,3357,3345,Sacred Heart,Purdue,1449.4167263331549,1629.805418842588,16,11
2023_3357_3385,0.14409960191514246,3357,3385,Sacred Heart,St John's,1449.4167263331549,1645.2328828958891,16,11
2023_3357_3405,0.057782549100405214,3357,3405,Sacred Heart,Toledo,1449.4167263331549,1813.7407826360668,16,12
2023_3357_3387,0.2098591876551566,3357,3387,Sacred Heart,St Louis,1449.4167263331549,1605.9385038294836,16,13
2023_3241_3357,0.15409798390648216,3357,3241,Sacred Heart,James Madison,1449.4167263331549,1678.2498124691901,16,14
2023_3357_3436,0.2062810201390045,3357,3436,Sacred Heart,Vermont,1449.4167263331549,1639.2393495950207,16,15
2023_3151_3357,0.40008286924857756,3357,3151,Sacred Heart,Chattanooga,1449.4167263331549,1510.9961838972956,16,16
2023_3231_3380,0.04886310715507733,3380,3231,Southern Univ,Indiana,1517.4087938006023,1868.6504754692617,16,1
2023_3380_3428,0.07434321028192972,3380,3428,Southern Univ,Utah,1517.4087938006023,1800.7318318752298,16,2
2023_3261_3380,0.05020481840101526,3380,3261,Southern Univ,LSU,1517.4087938006023,1864.3183903367678,16,3
2023_3380_3437,0.05779307801031989,3380,3437,Southern Univ,Villanova,1517.4087938006023,1841.7034566384116,16,4
2023_3380_3450,0.09174224403815755,3380,3450,Southern Univ,Washington St,1517.4087938006023,1765.8827084988868,16,5
2023_3276_3380,0.10472882316569429,3380,3276,Southern Univ,Michigan,1517.4087938006023,1743.5697265353447,16,6
2023_3301_3380,0.08956179619929153,3380,3301,Southern Univ,NC State,1517.4087938006023,1769.9034812206935,16,7
2023_3329_3380,0.1668605644949346,3380,3329,Southern Univ,Oklahoma St,1517.4087938006023,1661.836187921656,16,8
2023_3274_3380,0.1497668182558187,3380,3274,Southern Univ,Miami FL,1517.4087938006023,1681.351650097899,16,9
2023_3343_3380,0.07167742157130229,3380,3343,Southern Univ,Princeton,1517.4087938006023,1816.719582514641,16,10
2023_3380_3424,0.0970112639427172,3380,3424,Southern Univ,UNLV,1517.4087938006023,1781.5098532864504,16,11
2023_3195_3380,0.07625827828575281,3380,3195,Southern Univ,FL Gulf Coast,1517.4087938006023,1836.5510410618815,16,12
2023_3156_3380,0.1494479031174313,3380,3156,Southern Univ,Cleveland St,1517.4087938006023,1736.7326765943915,16,13
2023_3218_3380,0.35381800279597747,3380,3218,Southern Univ,Hawaii,1517.4087938006023,1578.9600184597623,16,14
2023_3205_3380,0.2402930318791953,3380,3205,Southern Univ,Gardner Webb,1517.4087938006023,1677.3755202435086,16,15
2023_3284_3380,0.5032594083201489,3380,3284,Southern Univ,Monmouth NJ,1517.4087938006023,1515.4270054614776,16,16
2023_3380_3399,0.3655827512734375,3380,3399,Southern Univ,Tennessee Tech,1517.4087938006023,1601.1950436554923,16,16
2023_3380_3439,0.04635012140493269,3380,3439,Southern Univ,Virginia Tech,1517.4087938006023,1877.0771224285086,16,1
2023_3163_3380,0.03391979912168013,3380,3163,Southern Univ,Connecticut,1517.4087938006023,1926.504762305338,16,2
2023_3326_3380,0.07075420064271333,3380,3326,Southern Univ,Ohio St,1517.4087938006023,1808.8412260077441,16,3
2023_3380_3397,0.08073049162190697,3380,3397,Southern Univ,Tennessee,1517.4087938006023,1787.1506340535723,16,4
2023_3235_3380,0.0780392394200104,3380,3235,Southern Univ,Iowa St,1517.4087938006023,1792.7485871099263,16,5
2023_3314_3380,0.1032609701094134,3380,3314,Southern Univ,North Carolina,1517.4087938006023,1745.964248895116,16,6
2023_3124_3380,0.12751398055141305,3380,3124,Southern Univ,Baylor,1517.4087938006023,1709.7290295199857,16,7
2023_3380_3425,0.1626896672637986,3380,3425,Southern Univ,USC,1517.4087938006023,1666.4430616873983,16,8
2023_3355_3380,0.08279519694645539,3380,3355,Southern Univ,S Dakota St,1517.4087938006023,1782.9702056641402,16,9
2023_3104_3380,0.17433150370073225,3380,3104,Southern Univ,Alabama,1517.4087938006023,1663.8092371165892,16,10
2023_3345_3380,0.22568341013731386,3380,3345,Southern Univ,Purdue,1517.4087938006023,1629.805418842588,16,11
2023_3380_3385,0.20844204313306755,3380,3385,Southern Univ,St John's,1517.4087938006023,1645.2328828958891,16,11
2023_3380_3405,0.08752453261054315,3380,3405,Southern Univ,Toledo,1517.4087938006023,1813.7407826360668,16,12
2023_3380_3387,0.2934955135184187,3380,3387,Southern Univ,St Louis,1517.4087938006023,1605.9385038294836,16,13
2023_3241_3380,0.22174819096906825,3380,3241,Southern Univ,James Madison,1517.4087938006023,1678.2498124691901,16,14
2023_3380_3436,0.2890129227771772,3380,3436,Southern Univ,Vermont,1517.4087938006023,1639.2393495950207,16,15
2023_3151_3380,0.5105452788644648,3380,3151,Southern Univ,Chattanooga,1517.4087938006023,1510.9961838972956,16,16
2023_3231_3428,0.6330924095799833,3231,3428,Indiana,Utah,1868.6504754692617,1800.7318318752298,1,2
2023_3231_3261,0.5562272733418893,3231,3261,Indiana,LSU,1868.6504754692617,1864.3183903367678,1,3
2023_3231_3437,0.6161706955973199,3231,3437,Indiana,Villanova,1868.6504754692617,1841.7034566384116,1,4
2023_3231_3450,0.7447526270040342,3231,3450,Indiana,Washington St,1868.6504754692617,1765.8827084988868,1,5
2023_3231_3276,0.788564487667712,3231,3276,Indiana,Michigan,1868.6504754692617,1743.5697265353447,1,6
2023_3231_3301,0.7758652582756304,3231,3301,Indiana,NC State,1868.6504754692617,1769.9034812206935,1,7
2023_3231_3329,0.882723156257353,3231,3329,Indiana,Oklahoma St,1868.6504754692617,1661.836187921656,1,8
2023_3231_3274,0.8687653009086816,3231,3274,Indiana,Miami FL,1868.6504754692617,1681.351650097899,1,9
2023_3231_3343,0.7309652110216601,3231,3343,Indiana,Princeton,1868.6504754692617,1816.719582514641,1,10
2023_3231_3424,0.7740221400728295,3231,3424,Indiana,UNLV,1868.6504754692617,1781.5098532864504,1,11
2023_3195_3231,0.7045495832572304,3231,3195,Indiana,FL Gulf Coast,1868.6504754692617,1836.5510410618815,1,12
2023_3156_3231,0.8213827848770441,3231,3156,Indiana,Cleveland St,1868.6504754692617,1736.7326765943915,1,13
2023_3218_3231,0.9284886015816263,3231,3218,Indiana,Hawaii,1868.6504754692617,1578.9600184597623,1,14
2023_3205_3231,0.8717189955128384,3231,3205,Indiana,Gardner Webb,1868.6504754692617,1677.3755202435086,1,15
2023_3231_3284,0.9517392803244907,3231,3284,Indiana,Monmouth NJ,1868.6504754692617,1515.4270054614776,1,16
2023_3231_3399,0.9181461424127787,3231,3399,Indiana,Tennessee Tech,1868.6504754692617,1601.1950436554923,1,16
2023_3231_3439,0.486144211491813,3231,3439,Indiana,Virginia Tech,1868.6504754692617,1877.0771224285086,1,1
2023_3163_3231,0.4299805750292002,3231,3163,Indiana,Connecticut,1868.6504754692617,1926.504762305338,1,2
2023_3231_3326,0.6435574898146298,3231,3326,Indiana,Ohio St,1868.6504754692617,1808.8412260077441,1,3
2023_3231_3397,0.6968239206306136,3231,3397,Indiana,Tennessee,1868.6504754692617,1787.1506340535723,1,4
2023_3231_3235,0.709730047177545,3231,3235,Indiana,Iowa St,1868.6504754692617,1792.7485871099263,1,5
2023_3231_3314,0.7859260224148774,3231,3314,Indiana,North Carolina,1868.6504754692617,1745.964248895116,1,6
2023_3124_3231,0.8372091989317821,3231,3124,Indiana,Baylor,1868.6504754692617,1709.7290295199857,1,7
2023_3231_3425,0.8795490303482842,3231,3425,Indiana,USC,1868.6504754692617,1666.4430616873983,1,8
2023_3231_3355,0.7723372713074714,3231,3355,Indiana,S Dakota St,1868.6504754692617,1782.9702056641402,1,9
2023_3104_3231,0.8813727043746263,3231,3104,Indiana,Alabama,1868.6504754692617,1663.8092371165892,1,10
2023_3231_3345,0.9028411002462663,3231,3345,Indiana,Purdue,1868.6504754692617,1629.805418842588,1,11
2023_3231_3385,0.8935668787983679,3231,3385,Indiana,St John's,1868.6504754692617,1645.2328828958891,1,11
2023_3231_3405,0.7348015679782542,3231,3405,Indiana,Toledo,1868.6504754692617,1813.7407826360668,1,12
2023_3231_3387,0.915770054602521,3231,3387,Indiana,St Louis,1868.6504754692617,1605.9385038294836,1,13
2023_3231_3241,0.8710744234732982,3231,3241,Indiana,James Madison,1868.6504754692617,1678.2498124691901,1,14
2023_3231_3436,0.8972591296097525,3231,3436,Indiana,Vermont,1868.6504754692617,1639.2393495950207,1,15
2023_3151_3231,0.953060672950003,3231,3151,Indiana,Chattanooga,1868.6504754692617,1510.9961838972956,1,16
2023_3261_3428,0.4207630079540726,3428,3261,Utah,LSU,1800.7318318752298,1864.3183903367678,2,3
2023_3428_3437,0.48196275931779736,3428,3437,Utah,Villanova,1800.7318318752298,1841.7034566384116,2,4
2023_3428_3450,0.6283891825058697,3428,3450,Utah,Washington St,1800.7318318752298,1765.8827084988868,2,5
2023_3276_3428,0.6836912781559699,3428,3276,Utah,Michigan,1800.7318318752298,1743.5697265353447,2,6
2023_3301_3428,0.6673502960301648,3428,3301,Utah,NC State,1800.7318318752298,1769.9034812206935,2,7
2023_3329_3428,0.8184471446055442,3428,3329,Utah,Oklahoma St,1800.7318318752298,1661.836187921656,2,8
2023_3274_3428,0.8089592103257682,3428,3274,Utah,Miami FL,1800.7318318752298,1681.351650097899,2,9
2023_3343_3428,0.6347620183118381,3428,3343,Utah,Princeton,1800.7318318752298,1816.719582514641,2,10
2023_3424_3428,0.6866145753826862,3428,3424,Utah,UNLV,1800.7318318752298,1781.5098532864504,2,11
2023_3195_3428,0.6040175879843407,3428,3195,Utah,FL Gulf Coast,1800.7318318752298,1836.5510410618815,2,12
2023_3156_3428,0.7462895544860011,3428,3156,Utah,Cleveland St,1800.7318318752298,1736.7326765943915,2,13
2023_3218_3428,0.8925327529411027,3428,3218,Utah,Hawaii,1800.7318318752298,1578.9600184597623,2,14
2023_3205_3428,0.8129691753428352,3428,3205,Utah,Gardner Webb,1800.7318318752298,1677.3755202435086,2,15
2023_3284_3428,0.9265490397742097,3428,3284,Utah,Monmouth NJ,1800.7318318752298,1515.4270054614776,2,16
2023_3399_3428,0.8776752203640523,3428,3399,Utah,Tennessee Tech,1800.7318318752298,1601.1950436554923,2,16
2023_3428_3439,0.354127813669976,3428,3439,Utah,Virginia Tech,1800.7318318752298,1877.0771224285086,2,1
2023_3163_3428,0.30418732115116137,3428,3163,Utah,Connecticut,1800.7318318752298,1926.504762305338,2,2
2023_3326_3428,0.5113310641666593,3428,3326,Utah,Ohio St,1800.7318318752298,1808.8412260077441,2,3
2023_3397_3428,0.5711911376861378,3428,3397,Utah,Tennessee,1800.7318318752298,1787.1506340535723,2,4
2023_3235_3428,0.5862700229168701,3428,3235,Utah,Iowa St,1800.7318318752298,1792.7485871099263,2,5
2023_3314_3428,0.6802747320555119,3428,3314,Utah,North Carolina,1800.7318318752298,1745.964248895116,2,6
2023_3124_3428,0.7487772697011723,3428,3124,Utah,Baylor,1800.7318318752298,1709.7290295199857,2,7
2023_3425_3428,0.8139001333430123,3428,3425,Utah,USC,1800.7318318752298,1666.4430616873983,2,8
2023_3355_3428,0.684543608718648,3428,3355,Utah,S Dakota St,1800.7318318752298,1782.9702056641402,2,9
2023_3104_3428,0.8261623970767317,3428,3104,Utah,Alabama,1800.7318318752298,1663.8092371165892,2,10
2023_3345_3428,0.8559898368135725,3428,3345,Utah,Purdue,1800.7318318752298,1629.805418842588,2,11
2023_3385_3428,0.8430210493790337,3428,3385,Utah,St John's,1800.7318318752298,1645.2328828958891,2,11
2023_3405_3428,0.6392932529125179,3428,3405,Utah,Toledo,1800.7318318752298,1813.7407826360668,2,12
2023_3387_3428,0.8742851832175828,3428,3387,Utah,St Louis,1800.7318318752298,1605.9385038294836,2,13
2023_3241_3428,0.8120930367237243,3428,3241,Utah,James Madison,1800.7318318752298,1678.2498124691901,2,14
2023_3428_3436,0.8481688324988529,3428,3436,Utah,Vermont,1800.7318318752298,1639.2393495950207,2,15
2023_3151_3428,0.9285083392485168,3428,3151,Utah,Chattanooga,1800.7318318752298,1510.9961838972956,2,16
2023_3261_3437,0.5615516338549257,3261,3437,LSU,Villanova,1864.3183903367678,1841.7034566384116,3,4
2023_3261_3450,0.699507670651226,3261,3450,LSU,Washington St,1864.3183903367678,1765.8827084988868,3,5
2023_3261_3276,0.748462632291394,3261,3276,LSU,Michigan,1864.3183903367678,1743.5697265353447,3,6
2023_3261_3301,0.7341667696940657,3261,3301,LSU,NC State,1864.3183903367678,1769.9034812206935,3,7
2023_3261_3329,0.8612252477876512,3261,3329,LSU,Oklahoma St,1864.3183903367678,1661.836187921656,3,8
2023_3261_3274,0.8576366048301424,3261,3274,LSU,Miami FL,1864.3183903367678,1681.351650097899,3,9
2023_3261_3343,0.7253237916740335,3261,3343,LSU,Princeton,1864.3183903367678,1816.719582514641,3,10
2023_3261_3424,0.7689982599654605,3261,3424,LSU,UNLV,1864.3183903367678,1781.5098532864504,3,11
2023_3195_3261,0.6985826603512287,3261,3195,LSU,FL Gulf Coast,1864.3183903367678,1836.5510410618815,3,12
2023_3156_3261,0.8171630994215048,3261,3156,LSU,Cleveland St,1864.3183903367678,1736.7326765943915,3,13
2023_3218_3261,0.9265730099355132,3261,3218,LSU,Hawaii,1864.3183903367678,1578.9600184597623,3,14
2023_3205_3261,0.868498080741722,3261,3205,LSU,Gardner Webb,1864.3183903367678,1677.3755202435086,3,15
2023_3261_3284,0.9504132474436867,3261,3284,LSU,Monmouth NJ,1864.3183903367678,1515.4270054614776,3,16
2023_3261_3399,0.9159785756377379,3261,3399,LSU,Tennessee Tech,1864.3183903367678,1601.1950436554923,3,16
2023_3261_3439,0.4301346590112013,3261,3439,LSU,Virginia Tech,1864.3183903367678,1877.0771224285086,3,1
2023_3163_3261,0.3757106116448365,3261,3163,LSU,Connecticut,1864.3183903367678,1926.504762305338,3,2
2023_3261_3326,0.5902439578737342,3261,3326,LSU,Ohio St,1864.3183903367678,1808.8412260077441,3,3
2023_3261_3397,0.6471087838388591,3261,3397,LSU,Tennessee,1864.3183903367678,1787.1506340535723,3,4
2023_3235_3261,0.6611019858865728,3261,3235,LSU,Iowa St,1864.3183903367678,1792.7485871099263,3,5
2023_3261_3314,0.7454852585777637,3261,3314,LSU,North Carolina,1864.3183903367678,1745.964248895116,3,6
2023_3124_3261,0.8040408109748969,3261,3124,LSU,Baylor,1864.3183903367678,1709.7290295199857,3,7
2023_3261_3425,0.8575631629217104,3261,3425,LSU,USC,1864.3183903367678,1666.4430616873983,3,8
2023_3261_3355,0.7553343530314588,3261,3355,LSU,S Dakota St,1864.3183903367678,1782.9702056641402,3,9
2023_3104_3261,0.8783603547707451,3261,3104,LSU,Alabama,1864.3183903367678,1663.8092371165892,3,10
2023_3261_3345,0.9003122462051315,3261,3345,LSU,Purdue,1864.3183903367678,1629.805418842588,3,11
2023_3261_3385,0.8908258246505452,3261,3385,LSU,St John's,1864.3183903367678,1645.2328828958891,3,11
2023_3261_3405,0.7292107924219818,3261,3405,LSU,Toledo,1864.3183903367678,1813.7407826360668,3,12
2023_3261_3387,0.9135454915700637,3261,3387,LSU,St Louis,1864.3183903367678,1605.9385038294836,3,13
2023_3241_3261,0.8678397782598739,3261,3241,LSU,James Madison,1864.3183903367678,1678.2498124691901,3,14
2023_3261_3436,0.8946019488531176,3261,3436,LSU,Vermont,1864.3183903367678,1639.2393495950207,3,15
2023_3151_3261,0.9517691073143126,3261,3151,LSU,Chattanooga,1864.3183903367678,1510.9961838972956,3,16
2023_3437_3450,0.6450825027333864,3437,3450,Villanova,Washington St,1841.7034566384116,1765.8827084988868,4,5
2023_3276_3437,0.6990899527807343,3437,3276,Villanova,Michigan,1841.7034566384116,1743.5697265353447,4,6
2023_3301_3437,0.6831758440453582,3437,3301,Villanova,NC State,1841.7034566384116,1769.9034812206935,4,7
2023_3329_3437,0.8289270780612922,3437,3329,Villanova,Oklahoma St,1841.7034566384116,1661.836187921656,4,8
2023_3274_3437,0.8246732526213639,3437,3274,Villanova,Miami FL,1841.7034566384116,1681.351650097899,4,9
2023_3343_3437,0.680584143388707,3437,3343,Villanova,Princeton,1841.7034566384116,1816.719582514641,4,10
2023_3424_3437,0.7415200377056347,3437,3424,Villanova,UNLV,1841.7034566384116,1781.5098532864504,4,11
2023_3195_3437,0.6663623886580771,3437,3195,Villanova,FL Gulf Coast,1841.7034566384116,1836.5510410618815,4,12
2023_3156_3437,0.7938785203313018,3437,3156,Villanova,Cleveland St,1841.7034566384116,1736.7326765943915,4,13
2023_3218_3437,0.9157860211934241,3437,3218,Villanova,Hawaii,1841.7034566384116,1578.9600184597623,4,14
2023_3205_3437,0.850555486692443,3437,3205,Villanova,Gardner Webb,1841.7034566384116,1677.3755202435086,4,15
2023_3284_3437,0.9429127911621173,3437,3284,Villanova,Monmouth NJ,1841.7034566384116,1515.4270054614776,4,16
2023_3399_3437,0.9037967797408364,3437,3399,Villanova,Tennessee Tech,1841.7034566384116,1601.1950436554923,4,16
2023_3437_3439,0.3708053416909867,3437,3439,Villanova,Virginia Tech,1841.7034566384116,1877.0771224285086,4,1
2023_3163_3437,0.3196770161196619,3437,3163,Villanova,Connecticut,1841.7034566384116,1926.504762305338,4,2
2023_3326_3437,0.5293443151515199,3437,3326,Villanova,Ohio St,1841.7034566384116,1808.8412260077441,4,3
2023_3397_3437,0.588772410710578,3437,3397,Villanova,Tennessee,1841.7034566384116,1787.1506340535723,4,4
2023_3235_3437,0.6036620407190707,3437,3235,Villanova,Iowa St,1841.7034566384116,1792.7485871099263,4,5
2023_3314_3437,0.6957657194936231,3437,3314,Villanova,North Carolina,1841.7034566384116,1745.964248895116,4,6
2023_3124_3437,0.7621098941377092,3437,3124,Villanova,Baylor,1841.7034566384116,1709.7290295199857,4,7
2023_3425_3437,0.8245862837604372,3437,3425,Villanova,USC,1841.7034566384116,1666.4430616873983,4,8
2023_3355_3437,0.7067820712823932,3437,3355,Villanova,S Dakota St,1841.7034566384116,1782.9702056641402,4,9
2023_3104_3437,0.85351328799417,3437,3104,Villanova,Alabama,1841.7034566384116,1663.8092371165892,4,10
2023_3345_3437,0.8861414147006299,3437,3345,Villanova,Purdue,1841.7034566384116,1629.805418842588,4,11
2023_3385_3437,0.8754929681229733,3437,3385,Villanova,St John's,1841.7034566384116,1645.2328828958891,4,11
2023_3405_3437,0.6988531683034193,3437,3405,Villanova,Toledo,1841.7034566384116,1813.7407826360668,4,12
2023_3387_3437,0.9010490441659403,3437,3387,Villanova,St Louis,1841.7034566384116,1605.9385038294836,4,13
2023_3241_3437,0.8498228945596895,3437,3241,Villanova,James Madison,1841.7034566384116,1678.2498124691901,4,14
2023_3436_3437,0.8797278248208155,3437,3436,Villanova,Vermont,1841.7034566384116,1639.2393495950207,4,15
2023_3151_3437,0.9444617530089615,3437,3151,Villanova,Chattanooga,1841.7034566384116,1510.9961838972956,4,16
2023_3276_3450,0.5610624790917181,3450,3276,Washington St,Michigan,1765.8827084988868,1743.5697265353447,5,6
2023_3301_3450,0.5426244212795742,3450,3301,Washington St,NC State,1765.8827084988868,1769.9034812206935,5,7
2023_3329_3450,0.7272172193591894,3450,3329,Washington St,Oklahoma St,1765.8827084988868,1661.836187921656,5,8
2023_3274_3450,0.7212846865863396,3450,3274,Washington St,Miami FL,1765.8827084988868,1681.351650097899,5,9
2023_3343_3450,0.5396577045576377,3450,3343,Washington St,Princeton,1765.8827084988868,1816.719582514641,5,10
2023_3424_3450,0.6199380344867519,3450,3424,Washington St,UNLV,1765.8827084988868,1781.5098532864504,5,11
2023_3195_3450,0.5480927588576231,3450,3195,Washington St,FL Gulf Coast,1765.8827084988868,1836.5510410618815,5,12
2023_3156_3450,0.7004945789534485,3450,3156,Washington St,Cleveland St,1765.8827084988868,1736.7326765943915,5,13
2023_3218_3450,0.8684829174960221,3450,3218,Washington St,Hawaii,1765.8827084988868,1578.9600184597623,5,14
2023_3205_3450,0.7755907900186051,3450,3205,Washington St,Gardner Webb,1765.8827084988868,1677.3755202435086,5,15
2023_3284_3450,0.9093383728232896,3450,3284,Washington St,Monmouth NJ,1765.8827084988868,1515.4270054614776,5,16
2023_3399_3450,0.8508560560491737,3450,3399,Washington St,Tennessee Tech,1765.8827084988868,1601.1950436554923,5,16
2023_3439_3450,0.24485264875127186,3450,3439,Washington St,Virginia Tech,1765.8827084988868,1877.0771224285086,5,1
2023_3163_3450,0.20542124861609992,3450,3163,Washington St,Connecticut,1765.8827084988868,1926.504762305338,5,2
2023_3326_3450,0.38225671650837445,3450,3326,Washington St,Ohio St,1765.8827084988868,1808.8412260077441,5,3
2023_3397_3450,0.4406313982624633,3450,3397,Washington St,Tennessee,1765.8827084988868,1787.1506340535723,5,4
2023_3235_3450,0.45592826184610974,3450,3235,Washington St,Iowa St,1765.8827084988868,1792.7485871099263,5,5
2023_3314_3450,0.5571792819106542,3450,3314,Washington St,North Carolina,1765.8827084988868,1745.964248895116,5,6
2023_3124_3450,0.6380219417806312,3450,3124,Washington St,Baylor,1765.8827084988868,1709.7290295199857,5,7
2023_3425_3450,0.7211637732422249,3450,3425,Washington St,USC,1765.8827084988868,1666.4430616873983,5,8
2023_3355_3450,0.5701132928134418,3450,3355,Washington St,S Dakota St,1765.8827084988868,1782.9702056641402,5,9
2023_3104_3450,0.7622280068848,3450,3104,Washington St,Alabama,1765.8827084988868,1663.8092371165892,5,10
2023_3345_3450,0.8156757630960407,3450,3345,Washington St,Purdue,1765.8827084988868,1629.805418842588,5,11
2023_3385_3450,0.7999250737662157,3450,3385,Washington St,St John's,1765.8827084988868,1645.2328828958891,5,11
2023_3405_3450,0.5849268581782224,3450,3405,Washington St,Toledo,1765.8827084988868,1813.7407826360668,5,12
2023_3387_3450,0.8468524598034622,3450,3387,Washington St,St Louis,1765.8827084988868,1605.9385038294836,5,13
2023_3241_3450,0.7745881031030192,3450,3241,Washington St,James Madison,1765.8827084988868,1678.2498124691901,5,14
2023_3436_3450,0.8162350136875053,3450,3436,Washington St,Vermont,1765.8827084988868,1639.2393495950207,5,15
2023_3151_3450,0.9117130206049517,3450,3151,Washington St,Chattanooga,1765.8827084988868,1510.9961838972956,5,16
2023_3276_3301,0.48136796384832936,3276,3301,Michigan,NC State,1743.5697265353447,1769.9034812206935,6,7
2023_3276_3329,0.6759177881744047,3276,3329,Michigan,Oklahoma St,1743.5697265353447,1661.836187921656,6,8
2023_3274_3276,0.6693768153878628,3276,3274,Michigan,Miami FL,1743.5697265353447,1681.351650097899,6,9
2023_3276_3343,0.47838586247829185,3276,3343,Michigan,Princeton,1743.5697265353447,1816.719582514641,6,10
2023_3276_3424,0.5606523574040803,3276,3424,Michigan,UNLV,1743.5697265353447,1781.5098532864504,6,11
2023_3195_3276,0.49509677833663623,3276,3195,Michigan,FL Gulf Coast,1743.5697265353447,1836.5510410618815,6,12
2023_3156_3276,0.6688218179275104,3276,3156,Michigan,Cleveland St,1743.5697265353447,1736.7326765943915,6,13
2023_3218_3276,0.8507909619934433,3276,3218,Michigan,Hawaii,1743.5697265353447,1578.9600184597623,6,14
2023_3205_3276,0.749014065508725,3276,3205,Michigan,Gardner Webb,1743.5697265353447,1677.3755202435086,6,15
2023_3276_3284,0.8964873271052514,3276,3284,Michigan,Monmouth NJ,1743.5697265353447,1515.4270054614776,6,16
2023_3276_3399,0.8312536230083409,3276,3399,Michigan,Tennessee Tech,1743.5697265353447,1601.1950436554923,6,16
2023_3276_3439,0.2023402421848448,3276,3439,Michigan,Virginia Tech,1743.5697265353447,1877.0771224285086,6,1
2023_3163_3276,0.16822990501558982,3276,3163,Michigan,Connecticut,1743.5697265353447,1926.504762305338,6,2
2023_3276_3326,0.3261927238750875,3276,3326,Michigan,Ohio St,1743.5697265353447,1808.8412260077441,6,3
2023_3276_3397,0.38129030191282837,3276,3397,Michigan,Tennessee,1743.5697265353447,1787.1506340535723,6,4
2023_3235_3276,0.395985449294979,3276,3235,Michigan,Iowa St,1743.5697265353447,1792.7485871099263,6,5
2023_3276_3314,0.4960618018058099,3276,3314,Michigan,North Carolina,1743.5697265353447,1745.964248895116,6,6
2023_3124_3276,0.579644423362384,3276,3124,Michigan,Baylor,1743.5697265353447,1709.7290295199857,6,7
2023_3276_3425,0.6692437095504321,3276,3425,Michigan,USC,1743.5697265353447,1666.4430616873983,6,8
2023_3276_3355,0.509208511000351,3276,3355,Michigan,S Dakota St,1743.5697265353447,1782.9702056641402,6,9
2023_3104_3276,0.7149317261939498,3276,3104,Michigan,Alabama,1743.5697265353447,1663.8092371165892,6,10
2023_3276_3345,0.7758850650134841,3276,3345,Michigan,Purdue,1743.5697265353447,1629.805418842588,6,11
2023_3276_3385,0.7577440678778106,3276,3385,Michigan,St John's,1743.5697265353447,1645.2328828958891,6,11
2023_3276_3405,0.5325665659365116,3276,3405,Michigan,Toledo,1743.5697265353447,1813.7407826360668,6,12
2023_3276_3387,0.8268309171014507,3276,3387,Michigan,St Louis,1743.5697265353447,1605.9385038294836,6,13
2023_3241_3276,0.7479312239969337,3276,3241,Michigan,James Madison,1743.5697265353447,1678.2498124691901,6,14
2023_3276_3436,0.7931882554445929,3276,3436,Michigan,Vermont,1743.5697265353447,1639.2393495950207,6,15
2023_3151_3276,0.899161248525726,3276,3151,Michigan,Chattanooga,1743.5697265353447,1510.9961838972956,6,16
2023_3301_3329,0.6920321244871601,3301,3329,NC State,Oklahoma St,1769.9034812206935,1661.836187921656,7,8
2023_3274_3301,0.6856651374226447,3301,3274,NC State,Miami FL,1769.9034812206935,1681.351650097899,7,9
2023_3301_3343,0.4970130871268118,3301,3343,NC State,Princeton,1769.9034812206935,1816.719582514641,7,10
2023_3301_3424,0.5789276164462791,3301,3424,NC State,UNLV,1769.9034812206935,1781.5098532864504,7,11
2023_3195_3301,0.5137338332156921,3301,3195,NC State,FL Gulf Coast,1769.9034812206935,1836.5510410618815,7,12
2023_3156_3301,0.6921772388462064,3301,3156,NC State,Cleveland St,1769.9034812206935,1736.7326765943915,7,13
2023_3218_3301,0.8714749267496263,3301,3218,NC State,Hawaii,1769.9034812206935,1578.9600184597623,7,14
2023_3205_3301,0.7801611548477373,3301,3205,NC State,Gardner Webb,1769.9034812206935,1677.3755202435086,7,15
2023_3284_3301,0.9114956401945655,3301,3284,NC State,Monmouth NJ,1769.9034812206935,1515.4270054614776,7,16
2023_3301_3399,0.854181746162552,3301,3399,NC State,Tennessee Tech,1769.9034812206935,1601.1950436554923,7,16
2023_3301_3439,0.21464188551410446,3301,3439,NC State,Virginia Tech,1769.9034812206935,1877.0771224285086,7,1
2023_3163_3301,0.1789229220348681,3301,3163,NC State,Connecticut,1769.9034812206935,1926.504762305338,7,2
2023_3301_3326,0.34278831312570446,3301,3326,NC State,Ohio St,1769.9034812206935,1808.8412260077441,7,3
2023_3301_3397,0.3990290262982876,3301,3397,NC State,Tennessee,1769.9034812206935,1787.1506340535723,7,4
2023_3235_3301,0.4139504281783712,3301,3235,NC State,Iowa St,1769.9034812206935,1792.7485871099263,7,5
2023_3301_3314,0.5146981519621555,3301,3314,NC State,North Carolina,1769.9034812206935,1745.964248895116,7,6
2023_3124_3301,0.5976965570678298,3301,3124,NC State,Baylor,1769.9034812206935,1709.7290295199857,7,7
2023_3301_3425,0.6855355084720716,3301,3425,NC State,USC,1769.9034812206935,1666.4430616873983,7,8
2023_3301_3355,0.5278214534765892,3301,3355,NC State,S Dakota St,1769.9034812206935,1782.9702056641402,7,9
2023_3104_3301,0.7298814154506299,3301,3104,NC State,Alabama,1769.9034812206935,1663.8092371165892,7,10
2023_3301_3345,0.7885834779748369,3301,3345,NC State,Purdue,1769.9034812206935,1629.805418842588,7,11
2023_3301_3385,0.7711672024846725,3301,3385,NC State,St John's,1769.9034812206935,1645.2328828958891,7,11
2023_3301_3405,0.5510746375210258,3301,3405,NC State,Toledo,1769.9034812206935,1813.7407826360668,7,12
2023_3301_3387,0.8416809188700761,3301,3387,NC State,St Louis,1769.9034812206935,1605.9385038294836,7,13
2023_3241_3301,0.7791730745969004,3301,3241,NC State,James Madison,1769.9034812206935,1678.2498124691901,7,14
2023_3301_3436,0.8201695383463515,3301,3436,NC State,Vermont,1769.9034812206935,1639.2393495950207,7,15
2023_3151_3301,0.9138191389823629,3301,3151,NC State,Chattanooga,1769.9034812206935,1510.9961838972956,7,16
2023_3274_3329,0.4925739490294072,3329,3274,Oklahoma St,Miami FL,1661.836187921656,1681.351650097899,8,9
2023_3329_3343,0.3054273770097812,3329,3343,Oklahoma St,Princeton,1661.836187921656,1816.719582514641,8,10
2023_3329_3424,0.3795958005651748,3329,3424,Oklahoma St,UNLV,1661.836187921656,1781.5098532864504,8,11
2023_3195_3329,0.3198007237314633,3329,3195,Oklahoma St,FL Gulf Coast,1661.836187921656,1836.5510410618815,8,12
2023_3156_3329,0.5001702454499317,3329,3156,Oklahoma St,Cleveland St,1661.836187921656,1736.7326765943915,8,13
2023_3218_3329,0.757187295700596,3329,3218,Oklahoma St,Hawaii,1661.836187921656,1578.9600184597623,8,14
2023_3205_3329,0.6354456857863542,3329,3205,Oklahoma St,Gardner Webb,1661.836187921656,1677.3755202435086,8,15
2023_3284_3329,0.8349440645921308,3329,3284,Oklahoma St,Monmouth NJ,1661.836187921656,1515.4270054614776,8,16
2023_3329_3399,0.7420839624213842,3329,3399,Oklahoma St,Tennessee Tech,1661.836187921656,1601.1950436554923,8,16
2023_3329_3439,0.11165844919909793,3329,3439,Oklahoma St,Virginia Tech,1661.836187921656,1877.0771224285086,8,1
2023_3163_3329,0.08840246188747346,3329,3163,Oklahoma St,Connecticut,1661.836187921656,1926.504762305338,8,2
2023_3326_3329,0.18838628029498408,3329,3326,Oklahoma St,Ohio St,1661.836187921656,1808.8412260077441,8,3
2023_3329_3397,0.2280861794500608,3329,3397,Oklahoma St,Tennessee,1661.836187921656,1787.1506340535723,8,4
2023_3235_3329,0.23915913577355594,3329,3235,Oklahoma St,Iowa St,1661.836187921656,1792.7485871099263,8,5
2023_3314_3329,0.32064105251226505,3329,3314,Oklahoma St,North Carolina,1661.836187921656,1745.964248895116,8,6
2023_3124_3329,0.3980108054789352,3329,3124,Oklahoma St,Baylor,1661.836187921656,1709.7290295199857,8,7
2023_3329_3425,0.4924236378952528,3329,3425,Oklahoma St,USC,1661.836187921656,1666.4430616873983,8,8
2023_3329_3355,0.3322034407977711,3329,3355,Oklahoma St,S Dakota St,1661.836187921656,1782.9702056641402,8,9
2023_3104_3329,0.5459658746061554,3329,3104,Oklahoma St,Alabama,1661.836187921656,1663.8092371165892,8,10
2023_3329_3345,0.6240492508809704,3329,3345,Oklahoma St,Purdue,1661.836187921656,1629.805418842588,8,11
2023_3329_3385,0.5999547858868463,3329,3385,Oklahoma St,St John's,1661.836187921656,1645.2328828958891,8,11
2023_3329_3405,0.353286672707924,3329,3405,Oklahoma St,Toledo,1661.836187921656,1813.7407826360668,8,12
2023_3329_3387,0.7029011980943308,3329,3387,Oklahoma St,St Louis,1661.836187921656,1605.9385038294836,8,13
2023_3241_3329,0.618718184257711,3329,3241,Oklahoma St,James Madison,1661.836187921656,1678.2498124691901,8,14
2023_3329_3436,0.6913721073214127,3329,3436,Oklahoma St,Vermont,1661.836187921656,1639.2393495950207,8,15
2023_3151_3329,0.838922115394544,3329,3151,Oklahoma St,Chattanooga,1661.836187921656,1510.9961838972956,8,16
2023_3274_3343,0.3117655032025662,3274,3343,Miami FL,Princeton,1681.351650097899,1816.719582514641,9,10
2023_3274_3424,0.3866163336183978,3274,3424,Miami FL,UNLV,1681.351650097899,1781.5098532864504,9,11
2023_3195_3274,0.3262969988092045,3274,3195,Miami FL,FL Gulf Coast,1681.351650097899,1836.5510410618815,9,12
2023_3156_3274,0.5075962580062057,3274,3156,Miami FL,Cleveland St,1681.351650097899,1736.7326765943915,9,13
2023_3218_3274,0.7626071478453195,3274,3218,Miami FL,Hawaii,1681.351650097899,1578.9600184597623,9,14
2023_3205_3274,0.6498207821269532,3274,3205,Miami FL,Gardner Webb,1681.351650097899,1677.3755202435086,9,15
2023_3274_3284,0.8518858049543242,3274,3284,Miami FL,Monmouth NJ,1681.351650097899,1515.4270054614776,9,16
2023_3274_3399,0.7658845201253026,3274,3399,Miami FL,Tennessee Tech,1681.351650097899,1601.1950436554923,9,16
2023_3274_3439,0.1250423461348873,3274,3439,Miami FL,Virginia Tech,1681.351650097899,1877.0771224285086,9,1
2023_3163_3274,0.09357896281678323,3274,3163,Miami FL,Connecticut,1681.351650097899,1926.504762305338,9,2
2023_3274_3326,0.19297039230871849,3274,3326,Miami FL,Ohio St,1681.351650097899,1808.8412260077441,9,3
2023_3274_3397,0.2333585719891149,3274,3397,Miami FL,Tennessee,1681.351650097899,1787.1506340535723,9,4
2023_3235_3274,0.2446063790372745,3274,3235,Miami FL,Iowa St,1681.351650097899,1792.7485871099263,9,5
2023_3274_3314,0.3271461876783428,3274,3314,Miami FL,North Carolina,1681.351650097899,1745.964248895116,9,6
2023_3124_3274,0.40514950613589107,3274,3124,Miami FL,Baylor,1681.351650097899,1709.7290295199857,9,7
2023_3274_3425,0.4998496550307397,3274,3425,Miami FL,USC,1681.351650097899,1666.4430616873983,9,8
2023_3274_3355,0.3388261589226246,3274,3355,Miami FL,S Dakota St,1681.351650097899,1782.9702056641402,9,9
2023_3104_3274,0.5533191247256432,3274,3104,Miami FL,Alabama,1681.351650097899,1663.8092371165892,9,10
2023_3274_3345,0.6309926223014001,3274,3345,Miami FL,Purdue,1681.351650097899,1629.805418842588,9,11
2023_3274_3385,0.6070629586530558,3274,3385,Miami FL,St John's,1681.351650097899,1645.2328828958891,9,11
2023_3274_3405,0.3601030524191658,3274,3405,Miami FL,Toledo,1681.351650097899,1813.7407826360668,9,12
2023_3274_3387,0.7090671971879849,3274,3387,Miami FL,St Louis,1681.351650097899,1605.9385038294836,9,13
2023_3241_3274,0.6257009596998685,3274,3241,Miami FL,James Madison,1681.351650097899,1678.2498124691901,9,14
2023_3274_3436,0.7045672023306268,3274,3436,Miami FL,Vermont,1681.351650097899,1639.2393495950207,9,15
2023_3151_3274,0.8555261917310434,3274,3151,Miami FL,Chattanooga,1681.351650097899,1510.9961838972956,9,16
2023_3343_3424,0.5818373567203585,3343,3424,Princeton,UNLV,1816.719582514641,1781.5098532864504,10,11
2023_3195_3343,0.5167180028810567,3343,3195,Princeton,FL Gulf Coast,1816.719582514641,1836.5510410618815,10,12
2023_3156_3343,0.6947170683477905,3343,3156,Princeton,Cleveland St,1816.719582514641,1736.7326765943915,10,13
2023_3218_3343,0.8764143943426786,3343,3218,Princeton,Hawaii,1816.719582514641,1578.9600184597623,10,14
2023_3205_3343,0.8037864213529007,3343,3205,Princeton,Gardner Webb,1816.719582514641,1677.3755202435086,10,15
2023_3284_3343,0.9291852819268904,3343,3284,Princeton,Monmouth NJ,1816.719582514641,1515.4270054614776,10,16
2023_3343_3399,0.8818419054206736,3343,3399,Princeton,Tennessee Tech,1816.719582514641,1601.1950436554923,10,16
2023_3343_3439,0.25827330055178754,3343,3439,Princeton,Virginia Tech,1816.719582514641,1877.0771224285086,10,1
2023_3163_3343,0.20098687042600025,3343,3163,Princeton,Connecticut,1816.719582514641,1926.504762305338,10,2
2023_3326_3343,0.3529604959518329,3343,3326,Princeton,Ohio St,1816.719582514641,1808.8412260077441,10,3
2023_3343_3397,0.4018975917612,3343,3397,Princeton,Tennessee,1816.719582514641,1787.1506340535723,10,4
2023_3235_3343,0.4168518572529351,3343,3235,Princeton,Iowa St,1816.719582514641,1792.7485871099263,10,5
2023_3314_3343,0.5176819597347347,3343,3314,Princeton,North Carolina,1816.719582514641,1745.964248895116,10,6
2023_3124_3343,0.6005660847401774,3343,3124,Princeton,Baylor,1816.719582514641,1709.7290295199857,10,7
2023_3343_3425,0.6881054454470896,3343,3425,Princeton,USC,1816.719582514641,1666.4430616873983,10,8
2023_3343_3355,0.530798129019964,3343,3355,Princeton,S Dakota St,1816.719582514641,1782.9702056641402,10,9
2023_3104_3343,0.73223049726869,3343,3104,Princeton,Alabama,1816.719582514641,1663.8092371165892,10,10
2023_3343_3345,0.7905685410799709,3343,3345,Princeton,Purdue,1816.719582514641,1629.805418842588,10,11
2023_3343_3385,0.7732687761077942,3343,3385,Princeton,St John's,1816.719582514641,1645.2328828958891,10,11
2023_3343_3405,0.5540285809671421,3343,3405,Princeton,Toledo,1816.719582514641,1813.7407826360668,10,12
2023_3343_3387,0.8432665201348865,3343,3387,Princeton,St Louis,1816.719582514641,1605.9385038294836,10,13
2023_3241_3343,0.7867920180390569,3343,3241,Princeton,James Madison,1816.719582514641,1678.2498124691901,10,14
2023_3343_3436,0.840374962954402,3343,3436,Princeton,Vermont,1816.719582514641,1639.2393495950207,10,15
2023_3151_3343,0.931079490624468,3343,3151,Princeton,Chattanooga,1816.719582514641,1510.9961838972956,10,16
2023_3195_3424,0.43452231108363143,3424,3195,UNLV,FL Gulf Coast,1781.5098532864504,1836.5510410618815,11,12
2023_3156_3424,0.620564559426586,3424,3156,UNLV,Cleveland St,1781.5098532864504,1736.7326765943915,11,13
2023_3218_3424,0.8359756310915996,3424,3218,UNLV,Hawaii,1781.5098532864504,1578.9600184597623,11,14
2023_3205_3424,0.7464579007438473,3424,3205,UNLV,Gardner Webb,1781.5098532864504,1677.3755202435086,11,15
2023_3284_3424,0.9041248645166463,3424,3284,UNLV,Monmouth NJ,1781.5098532864504,1515.4270054614776,11,16
2023_3399_3424,0.8428606677802241,3424,3399,UNLV,Tennessee Tech,1781.5098532864504,1601.1950436554923,11,16
2023_3424_3439,0.21642871706237723,3424,3439,UNLV,Virginia Tech,1781.5098532864504,1877.0771224285086,11,1
2023_3163_3424,0.1663421752686188,3424,3163,UNLV,Connecticut,1781.5098532864504,1926.504762305338,11,2
2023_3326_3424,0.3020216276193469,3424,3326,UNLV,Ohio St,1781.5098532864504,1808.8412260077441,11,3
2023_3397_3424,0.3329236981892078,3424,3397,UNLV,Tennessee,1781.5098532864504,1787.1506340535723,11,4
2023_3235_3424,0.33938616762702306,3424,3235,UNLV,Iowa St,1781.5098532864504,1792.7485871099263,11,5
2023_3314_3424,0.4354710981549603,3424,3314,UNLV,North Carolina,1781.5098532864504,1745.964248895116,11,6
2023_3124_3424,0.5193662704898514,3424,3124,UNLV,Baylor,1781.5098532864504,1709.7290295199857,11,7
2023_3424_3425,0.6132410429403079,3424,3425,UNLV,USC,1781.5098532864504,1666.4430616873983,11,8
2023_3355_3424,0.4484409670249049,3424,3355,UNLV,S Dakota St,1781.5098532864504,1782.9702056641402,11,9
2023_3104_3424,0.6627667538444593,3424,3104,UNLV,Alabama,1781.5098532864504,1663.8092371165892,11,10
2023_3345_3424,0.7306721278874756,3424,3345,UNLV,Purdue,1781.5098532864504,1629.805418842588,11,11
2023_3385_3424,0.7102381413991202,3424,3385,UNLV,St John's,1781.5098532864504,1645.2328828958891,11,11
2023_3405_3424,0.47169053670896977,3424,3405,UNLV,Toledo,1781.5098532864504,1813.7407826360668,11,12
2023_3387_3424,0.7945242988812491,3424,3387,UNLV,St Louis,1781.5098532864504,1605.9385038294836,11,13
2023_3241_3424,0.7261896143621446,3424,3241,UNLV,James Madison,1781.5098532864504,1678.2498124691901,11,14
2023_3424_3436,0.7909564214133569,3424,3436,UNLV,Vermont,1781.5098532864504,1639.2393495950207,11,15
2023_3151_3424,0.9066220442457144,3424,3151,UNLV,Chattanooga,1781.5098532864504,1510.9961838972956,11,16
2023_3156_3195,0.6803473908523503,3195,3156,FL Gulf Coast,Cleveland St,1836.5510410618815,1736.7326765943915,12,13
2023_3195_3218,0.8689843124483801,3195,3218,FL Gulf Coast,Hawaii,1836.5510410618815,1578.9600184597623,12,14
2023_3195_3205,0.7930210858849683,3195,3205,FL Gulf Coast,Gardner Webb,1836.5510410618815,1677.3755202435086,12,15
2023_3195_3284,0.9246550851485558,3195,3284,FL Gulf Coast,Monmouth NJ,1836.5510410618815,1515.4270054614776,12,16
2023_3195_3399,0.8746914756251649,3195,3399,FL Gulf Coast,Tennessee Tech,1836.5510410618815,1601.1950436554923,12,16
2023_3195_3439,0.2840428871730093,3195,3439,FL Gulf Coast,Virginia Tech,1836.5510410618815,1877.0771224285086,12,1
2023_3163_3195,0.22275721575457022,3195,3163,FL Gulf Coast,Connecticut,1836.5510410618815,1926.504762305338,12,2
2023_3195_3326,0.3832955061603824,3195,3326,FL Gulf Coast,Ohio St,1836.5510410618815,1808.8412260077441,12,3
2023_3195_3397,0.41753874187650586,3195,3397,FL Gulf Coast,Tennessee,1836.5510410618815,1787.1506340535723,12,4
2023_3195_3235,0.40861031623359173,3195,3235,FL Gulf Coast,Iowa St,1836.5510410618815,1792.7485871099263,12,5
2023_3195_3314,0.5009650980127988,3195,3314,FL Gulf Coast,North Carolina,1836.5510410618815,1745.964248895116,12,6
2023_3124_3195,0.5844157827573305,3195,3124,FL Gulf Coast,Baylor,1836.5510410618815,1709.7290295199857,12,7
2023_3195_3425,0.67357078768455,3195,3425,FL Gulf Coast,USC,1836.5510410618815,1666.4430616873983,12,8
2023_3195_3355,0.5141091844676464,3195,3355,FL Gulf Coast,S Dakota St,1836.5510410618815,1782.9702056641402,12,9
2023_3104_3195,0.7189121387136431,3195,3104,FL Gulf Coast,Alabama,1836.5510410618815,1663.8092371165892,12,10
2023_3195_3345,0.7792771452706595,3195,3345,FL Gulf Coast,Purdue,1836.5510410618815,1629.805418842588,12,11
2023_3195_3385,0.7613262578192793,3195,3385,FL Gulf Coast,St John's,1836.5510410618815,1645.2328828958891,12,11
2023_3195_3405,0.5374458700102787,3195,3405,FL Gulf Coast,Toledo,1836.5510410618815,1813.7407826360668,12,12
2023_3195_3387,0.8342205235330565,3195,3387,FL Gulf Coast,St Louis,1836.5510410618815,1605.9385038294836,12,13
2023_3195_3241,0.7753548697395363,3195,3241,FL Gulf Coast,James Madison,1836.5510410618815,1678.2498124691901,12,14
2023_3195_3436,0.8311954854727341,3195,3436,FL Gulf Coast,Vermont,1836.5510410618815,1639.2393495950207,12,15
2023_3151_3195,0.9266609068410622,3195,3151,FL Gulf Coast,Chattanooga,1836.5510410618815,1510.9961838972956,12,16
2023_3156_3218,0.7570620720679038,3156,3218,Cleveland St,Hawaii,1736.7326765943915,1578.9600184597623,13,14
2023_3156_3205,0.6428749350108353,3156,3205,Cleveland St,Gardner Webb,1736.7326765943915,1677.3755202435086,13,15
2023_3156_3284,0.8522018127149189,3156,3284,Cleveland St,Monmouth NJ,1736.7326765943915,1515.4270054614776,13,16
2023_3156_3399,0.766333685902167,3156,3399,Cleveland St,Tennessee Tech,1736.7326765943915,1601.1950436554923,13,16
2023_3156_3439,0.17062821256723051,3156,3439,Cleveland St,Virginia Tech,1736.7326765943915,1877.0771224285086,13,1
2023_3156_3163,0.1293906986445163,3156,3163,Cleveland St,Connecticut,1736.7326765943915,1926.504762305338,13,2
2023_3156_3326,0.2437423815066569,3156,3326,Cleveland St,Ohio St,1736.7326765943915,1808.8412260077441,13,3
2023_3156_3397,0.2709966541148126,3156,3397,Cleveland St,Tennessee,1736.7326765943915,1787.1506340535723,13,4
2023_3156_3235,0.26378268431217017,3156,3235,Cleveland St,Iowa St,1736.7326765943915,1792.7485871099263,13,5
2023_3156_3314,0.3276982058737695,3156,3314,Cleveland St,North Carolina,1736.7326765943915,1745.964248895116,13,6
2023_3124_3156,0.39784765479389667,3156,3124,Cleveland St,Baylor,1736.7326765943915,1709.7290295199857,13,7
2023_3156_3425,0.49225343241268843,3156,3425,Cleveland St,USC,1736.7326765943915,1666.4430616873983,13,8
2023_3156_3355,0.33205238611754895,3156,3355,Cleveland St,S Dakota St,1736.7326765943915,1782.9702056641402,13,9
2023_3104_3156,0.5457970626924002,3156,3104,Cleveland St,Alabama,1736.7326765943915,1663.8092371165892,13,10
2023_3156_3345,0.6238894710290556,3156,3345,Cleveland St,Purdue,1736.7326765943915,1629.805418842588,13,11
2023_3156_3385,0.599791332972493,3156,3385,Cleveland St,St John's,1736.7326765943915,1645.2328828958891,13,11
2023_3156_3405,0.35313110079836135,3156,3405,Cleveland St,Toledo,1736.7326765943915,1813.7407826360668,13,12
2023_3156_3387,0.7027589682612343,3156,3387,Cleveland St,St Louis,1736.7326765943915,1605.9385038294836,13,13
2023_3156_3241,0.6185575235816179,3156,3241,Cleveland St,James Madison,1736.7326765943915,1678.2498124691901,13,14
2023_3156_3436,0.6982029303317412,3156,3436,Cleveland St,Vermont,1736.7326765943915,1639.2393495950207,13,15
2023_3151_3156,0.8558357469675673,3156,3151,Cleveland St,Chattanooga,1736.7326765943915,1510.9961838972956,13,16
2023_3205_3218,0.36614863788265867,3218,3205,Hawaii,Gardner Webb,1578.9600184597623,1677.3755202435086,14,15
2023_3218_3284,0.6491571318282687,3218,3284,Hawaii,Monmouth NJ,1578.9600184597623,1515.4270054614776,14,16
2023_3218_3399,0.5127683057390414,3218,3399,Hawaii,Tennessee Tech,1578.9600184597623,1601.1950436554923,14,16
2023_3218_3439,0.06791680365207471,3218,3439,Hawaii,Virginia Tech,1578.9600184597623,1877.0771224285086,14,1
2023_3163_3218,0.05000594286706372,3218,3163,Hawaii,Connecticut,1578.9600184597623,1926.504762305338,14,2
2023_3218_3326,0.10245613036567228,3218,3326,Hawaii,Ohio St,1578.9600184597623,1808.8412260077441,14,3
2023_3218_3397,0.11634272727077376,3218,3397,Hawaii,Tennessee,1578.9600184597623,1787.1506340535723,14,4
2023_3218_3235,0.11260972487527533,3218,3235,Hawaii,Iowa St,1578.9600184597623,1792.7485871099263,14,5
2023_3218_3314,0.14722027844576144,3218,3314,Hawaii,North Carolina,1578.9600184597623,1745.964248895116,14,6
2023_3124_3218,0.17972871762526021,3218,3124,Hawaii,Baylor,1578.9600184597623,1709.7290295199857,14,7
2023_3218_3425,0.23728399704479303,3218,3425,Hawaii,USC,1578.9600184597623,1666.4430616873983,14,8
2023_3218_3355,0.13757769168342737,3218,3355,Hawaii,S Dakota St,1578.9600184597623,1782.9702056641402,14,9
2023_3104_3218,0.27829472253685333,3218,3104,Hawaii,Alabama,1578.9600184597623,1663.8092371165892,14,10
2023_3218_3345,0.34738603813866326,3218,3345,Hawaii,Purdue,1578.9600184597623,1629.805418842588,14,11
2023_3218_3385,0.32474644698178284,3218,3385,Hawaii,St John's,1578.9600184597623,1645.2328828958891,14,11
2023_3218_3405,0.14906623651104006,3218,3405,Hawaii,Toledo,1578.9600184597623,1813.7407826360668,14,12
2023_3218_3387,0.4313933267550561,3218,3387,Hawaii,St Louis,1578.9600184597623,1605.9385038294836,14,13
2023_3218_3241,0.34226672941368264,3218,3241,Hawaii,James Madison,1578.9600184597623,1678.2498124691901,14,14
2023_3218_3436,0.4260747594018194,3218,3436,Hawaii,Vermont,1578.9600184597623,1639.2393495950207,14,15
2023_3151_3218,0.6557667993381825,3218,3151,Hawaii,Chattanooga,1578.9600184597623,1510.9961838972956,14,16
2023_3205_3284,0.7620789863726997,3205,3284,Gardner Webb,Monmouth NJ,1677.3755202435086,1515.4270054614776,15,16
2023_3205_3399,0.6456241490689881,3205,3399,Gardner Webb,Tennessee Tech,1677.3755202435086,1601.1950436554923,15,16
2023_3205_3439,0.12220841739423158,3205,3439,Gardner Webb,Virginia Tech,1677.3755202435086,1877.0771224285086,15,1
2023_3163_3205,0.09138363600473544,3205,3163,Gardner Webb,Connecticut,1677.3755202435086,1926.504762305338,15,2
2023_3205_3326,0.1790539918101577,3205,3326,Gardner Webb,Ohio St,1677.3755202435086,1808.8412260077441,15,3
2023_3205_3397,0.2009975053389156,3205,3397,Gardner Webb,Tennessee,1677.3755202435086,1787.1506340535723,15,4
2023_3205_3235,0.19514810967146415,3205,3235,Gardner Webb,Iowa St,1677.3755202435086,1792.7485871099263,15,5
2023_3205_3314,0.24803610673943005,3205,3314,Gardner Webb,North Carolina,1677.3755202435086,1745.964248895116,15,6
2023_3124_3205,0.29510259481316503,3205,3124,Gardner Webb,Baylor,1677.3755202435086,1709.7290295199857,15,7
2023_3205_3425,0.3575626208363011,3205,3425,Gardner Webb,USC,1677.3755202435086,1666.4430616873983,15,8
2023_3205_3355,0.2163981307350827,3205,3355,Gardner Webb,S Dakota St,1677.3755202435086,1782.9702056641402,15,9
2023_3104_3205,0.4003130193988965,3205,3104,Gardner Webb,Alabama,1677.3755202435086,1663.8092371165892,15,10
2023_3205_3345,0.47956788506063686,3205,3345,Gardner Webb,Purdue,1677.3755202435086,1629.805418842588,15,11
2023_3205_3385,0.45431070450430167,3205,3385,Gardner Webb,St John's,1677.3755202435086,1645.2328828958891,15,11
2023_3205_3405,0.2326927440505475,3205,3405,Gardner Webb,Toledo,1677.3755202435086,1813.7407826360668,15,12
2023_3205_3387,0.5677326715531801,3205,3387,Gardner Webb,St Louis,1677.3755202435086,1605.9385038294836,15,13
2023_3205_3241,0.47391519726985254,3205,3241,Gardner Webb,James Madison,1677.3755202435086,1678.2498124691901,15,14
2023_3205_3436,0.5623957435901276,3205,3436,Gardner Webb,Vermont,1677.3755202435086,1639.2393495950207,15,15
2023_3151_3205,0.7673237871790662,3205,3151,Gardner Webb,Chattanooga,1677.3755202435086,1510.9961838972956,15,16
2023_3284_3399,0.36256419683382074,3284,3399,Monmouth NJ,Tennessee Tech,1515.4270054614776,1601.1950436554923,16,16
2023_3284_3439,0.0457772231259578,3284,3439,Monmouth NJ,Virginia Tech,1515.4270054614776,1877.0771224285086,16,1
2023_3163_3284,0.033495146143852315,3284,3163,Monmouth NJ,Connecticut,1515.4270054614776,1926.504762305338,16,2
2023_3284_3326,0.06990177224666522,3284,3326,Monmouth NJ,Ohio St,1515.4270054614776,1808.8412260077441,16,3
2023_3284_3397,0.07976818892678428,3284,3397,Monmouth NJ,Tennessee,1515.4270054614776,1787.1506340535723,16,4
2023_3235_3284,0.07710632552799603,3284,3235,Monmouth NJ,Iowa St,1515.4270054614776,1792.7485871099263,16,5
2023_3284_3314,0.10205992195663345,3284,3314,Monmouth NJ,North Carolina,1515.4270054614776,1745.964248895116,16,6
2023_3124_3284,0.1260704995719174,3284,3124,Monmouth NJ,Baylor,1515.4270054614776,1709.7290295199857,16,7
2023_3284_3425,0.1609214343882433,3284,3425,Monmouth NJ,USC,1515.4270054614776,1666.4430616873983,16,8
2023_3284_3355,0.08181047335864779,3284,3355,Monmouth NJ,S Dakota St,1515.4270054614776,1782.9702056641402,16,9
2023_3104_3284,0.17246280078092177,3284,3104,Monmouth NJ,Alabama,1515.4270054614776,1663.8092371165892,16,10
2023_3284_3345,0.22341319767194584,3284,3345,Monmouth NJ,Purdue,1515.4270054614776,1629.805418842588,16,11
2023_3284_3385,0.20629905838665816,3284,3385,Monmouth NJ,St John's,1515.4270054614776,1645.2328828958891,16,11
2023_3284_3405,0.08648886472741361,3284,3405,Monmouth NJ,Toledo,1515.4270054614776,1813.7407826360668,16,12
2023_3284_3387,0.29079934235581667,3284,3387,Monmouth NJ,St Louis,1515.4270054614776,1605.9385038294836,16,13
2023_3241_3284,0.21950634212664982,3284,3241,Monmouth NJ,James Madison,1515.4270054614776,1678.2498124691901,16,14
2023_3284_3436,0.28634124101865327,3284,3436,Monmouth NJ,Vermont,1515.4270054614776,1639.2393495950207,16,15
2023_3151_3284,0.5072868723834535,3284,3151,Monmouth NJ,Chattanooga,1515.4270054614776,1510.9961838972956,16,16
2023_3399_3439,0.07778294017663658,3399,3439,Tennessee Tech,Virginia Tech,1601.1950436554923,1877.0771224285086,16,1
2023_3163_3399,0.05743052001035284,3399,3163,Tennessee Tech,Connecticut,1601.1950436554923,1926.504762305338,16,2
2023_3326_3399,0.11671146035688966,3399,3326,Tennessee Tech,Ohio St,1601.1950436554923,1808.8412260077441,16,3
2023_3397_3399,0.13224549973502933,3399,3397,Tennessee Tech,Tennessee,1601.1950436554923,1787.1506340535723,16,4
2023_3235_3399,0.12807619344308263,3399,3235,Tennessee Tech,Iowa St,1601.1950436554923,1792.7485871099263,16,5
2023_3314_3399,0.16654818693806367,3399,3314,Tennessee Tech,North Carolina,1601.1950436554923,1745.964248895116,16,6
2023_3124_3399,0.20231201010672586,3399,3124,Tennessee Tech,Baylor,1601.1950436554923,1709.7290295199857,16,7
2023_3399_3425,0.25215795944323605,3399,3425,Tennessee Tech,USC,1601.1950436554923,1666.4430616873983,16,8
2023_3355_3399,0.13543361056351547,3399,3355,Tennessee Tech,S Dakota St,1601.1950436554923,1782.9702056641402,16,9
2023_3104_3399,0.26815168237884734,3399,3104,Tennessee Tech,Alabama,1601.1950436554923,1663.8092371165892,16,10
2023_3345_3399,0.3358968323898679,3399,3345,Tennessee Tech,Purdue,1601.1950436554923,1629.805418842588,16,11
2023_3385_3399,0.3136461505301738,3399,3385,Tennessee Tech,St John's,1601.1950436554923,1645.2328828958891,16,11
2023_3399_3405,0.1427018983913792,3399,3405,Tennessee Tech,Toledo,1601.1950436554923,1813.7407826360668,16,12
2023_3387_3399,0.4189091603921556,3399,3387,Tennessee Tech,St Louis,1601.1950436554923,1605.9385038294836,16,13
2023_3241_3399,0.3308609984217862,3399,3241,Tennessee Tech,James Madison,1601.1950436554923,1678.2498124691901,16,14
2023_3399_3436,0.4136325426602022,3399,3436,Tennessee Tech,Vermont,1601.1950436554923,1639.2393495950207,16,15
2023_3151_3399,0.6441452428765919,3399,3151,Tennessee Tech,Chattanooga,1601.1950436554923,1510.9961838972956,16,16
2023_3163_3439,0.44361756035182354,3439,3163,Virginia Tech,Connecticut,1877.0771224285086,1926.504762305338,1,2
2023_3326_3439,0.6561707202191449,3439,3326,Virginia Tech,Ohio St,1877.0771224285086,1808.8412260077441,1,3
2023_3397_3439,0.7084062877929275,3439,3397,Virginia Tech,Tennessee,1877.0771224285086,1787.1506340535723,1,4
2023_3235_3439,0.72101675882589,3439,3235,Virginia Tech,Iowa St,1877.0771224285086,1792.7485871099263,1,5
2023_3314_3439,0.7951053002533943,3439,3314,Virginia Tech,North Carolina,1877.0771224285086,1745.964248895116,1,6
2023_3124_3439,0.8446242370539228,3439,3124,Virginia Tech,Baylor,1877.0771224285086,1709.7290295199857,1,7
2023_3425_3439,0.8852997291299202,3439,3425,Virginia Tech,USC,1877.0771224285086,1666.4430616873983,1,8
2023_3355_3439,0.7819375534396578,3439,3355,Virginia Tech,S Dakota St,1877.0771224285086,1782.9702056641402,1,9
2023_3104_3439,0.8870475166887767,3439,3104,Virginia Tech,Alabama,1877.0771224285086,1663.8092371165892,1,10
2023_3345_3439,0.907596591999026,3439,3345,Virginia Tech,Purdue,1877.0771224285086,1629.805418842588,1,11
2023_3385_3439,0.8987253830676034,3439,3385,Virginia Tech,St John's,1877.0771224285086,1645.2328828958891,1,11
2023_3405_3439,0.7454630371289876,3439,3405,Virginia Tech,Toledo,1877.0771224285086,1813.7407826360668,1,12
2023_3387_3439,0.9199488411127252,3439,3387,Virginia Tech,St Louis,1877.0771224285086,1605.9385038294836,1,13
2023_3241_3439,0.8771732241060862,3439,3241,Virginia Tech,James Madison,1877.0771224285086,1678.2498124691901,1,14
2023_3436_3439,0.9022582557297594,3439,3436,Virginia Tech,Vermont,1877.0771224285086,1639.2393495950207,1,15
2023_3151_3439,0.9554793515016102,3439,3151,Virginia Tech,Chattanooga,1877.0771224285086,1510.9961838972956,1,16
2023_3163_3326,0.7053215015253287,3163,3326,Connecticut,Ohio St,1926.504762305338,1808.8412260077441,2,3
2023_3163_3397,0.7529018789078813,3163,3397,Connecticut,Tennessee,1926.504762305338,1787.1506340535723,2,4
2023_3163_3235,0.7642285025170295,3163,3235,Connecticut,Iowa St,1926.504762305338,1792.7485871099263,2,5
2023_3163_3314,0.8295542479874193,3163,3314,Connecticut,North Carolina,1926.504762305338,1745.964248895116,2,6
2023_3124_3163,0.8720869545261172,3163,3124,Connecticut,Baylor,1926.504762305338,1709.7290295199857,2,7
2023_3163_3425,0.9091244503738378,3163,3425,Connecticut,USC,1926.504762305338,1666.4430616873983,2,8
2023_3163_3355,0.8323212705640736,3163,3355,Connecticut,S Dakota St,1926.504762305338,1782.9702056641402,2,9
2023_3104_3163,0.9157617083343482,3163,3104,Connecticut,Alabama,1926.504762305338,1663.8092371165892,2,10
2023_3163_3345,0.931490362393954,3163,3345,Connecticut,Purdue,1926.504762305338,1629.805418842588,2,11
2023_3163_3385,0.924722818898517,3163,3385,Connecticut,St John's,1926.504762305338,1645.2328828958891,2,11
2023_3163_3405,0.802141796470076,3163,3405,Connecticut,Toledo,1926.504762305338,1813.7407826360668,2,12
2023_3163_3387,0.9408566939108864,3163,3387,Connecticut,St Louis,1926.504762305338,1605.9385038294836,2,13
2023_3163_3241,0.9081376523803811,3163,3241,Connecticut,James Madison,1926.504762305338,1678.2498124691901,2,14
2023_3163_3436,0.9274220325844093,3163,3436,Connecticut,Vermont,1926.504762305338,1639.2393495950207,2,15
2023_3151_3163,0.9674357935839323,3163,3151,Connecticut,Chattanooga,1926.504762305338,1510.9961838972956,2,16
2023_3326_3397,0.5600538483951213,3326,3397,Ohio St,Tennessee,1808.8412260077441,1787.1506340535723,3,4
2023_3235_3326,0.5752331296658657,3326,3235,Ohio St,Iowa St,1808.8412260077441,1792.7485871099263,3,5
2023_3314_3326,0.6703354478708828,3326,3314,Ohio St,North Carolina,1808.8412260077441,1745.964248895116,3,6
2023_3124_3326,0.7401540978450243,3326,3124,Ohio St,Baylor,1808.8412260077441,1709.7290295199857,3,7
2023_3326_3425,0.8069359358114284,3326,3425,Ohio St,USC,1808.8412260077441,1666.4430616873983,3,8
2023_3326_3355,0.6818515688612115,3326,3355,Ohio St,S Dakota St,1808.8412260077441,1782.9702056641402,3,9
2023_3104_3326,0.833691649959316,3326,3104,Ohio St,Alabama,1808.8412260077441,1663.8092371165892,3,10
2023_3326_3345,0.8624423054422367,3326,3345,Ohio St,Purdue,1808.8412260077441,1629.805418842588,3,11
2023_3326_3385,0.8499527357581197,3326,3385,Ohio St,St John's,1808.8412260077441,1645.2328828958891,3,11
2023_3326_3405,0.6515020466816754,3326,3405,Ohio St,Toledo,1808.8412260077441,1813.7407826360668,3,12
2023_3326_3387,0.8800328030521698,3326,3387,Ohio St,St Louis,1808.8412260077441,1605.9385038294836,3,13
2023_3241_3326,0.8200989677963807,3326,3241,Ohio St,James Madison,1808.8412260077441,1678.2498124691901,3,14
2023_3326_3436,0.8549123302933462,3326,3436,Ohio St,Vermont,1808.8412260077441,1639.2393495950207,3,15
2023_3151_3326,0.9319698041685711,3326,3151,Ohio St,Chattanooga,1808.8412260077441,1510.9961838972956,3,16
2023_3235_3397,0.5154586524470445,3397,3235,Tennessee,Iowa St,1787.1506340535723,1792.7485871099263,4,5
2023_3314_3397,0.6149865257626068,3397,3314,Tennessee,North Carolina,1787.1506340535723,1745.964248895116,4,6
2023_3124_3397,0.6911260658530404,3397,3124,Tennessee,Baylor,1787.1506340535723,1709.7290295199857,4,7
2023_3397_3425,0.7665338224834739,3397,3425,Tennessee,USC,1787.1506340535723,1666.4430616873983,4,8
2023_3355_3397,0.6273613143227749,3397,3355,Tennessee,S Dakota St,1787.1506340535723,1782.9702056641402,4,9
2023_3104_3397,0.8027440008657066,3397,3104,Tennessee,Alabama,1787.1506340535723,1663.8092371165892,4,10
2023_3345_3397,0.8446217525342666,3397,3345,Tennessee,Purdue,1787.1506340535723,1629.805418842588,4,11
2023_3385_3397,0.8308315386011941,3397,3385,Tennessee,St John's,1787.1506340535723,1645.2328828958891,4,11
2023_3397_3405,0.6184441844266522,3397,3405,Tennessee,Toledo,1787.1506340535723,1813.7407826360668,4,12
2023_3387_3397,0.8641320875409608,3397,3387,Tennessee,St Louis,1787.1506340535723,1605.9385038294836,4,13
2023_3241_3397,0.798077180073898,3397,3241,Tennessee,James Madison,1787.1506340535723,1678.2498124691901,4,14
2023_3397_3436,0.8363014305754651,3397,3436,Tennessee,Vermont,1787.1506340535723,1639.2393495950207,4,15
2023_3151_3397,0.922345499163324,3397,3151,Tennessee,Chattanooga,1787.1506340535723,1510.9961838972956,4,16
2023_3235_3314,0.6002405987028389,3235,3314,Iowa St,North Carolina,1792.7485871099263,1745.964248895116,5,6
2023_3124_3235,0.6777683159310333,3235,3124,Iowa St,Baylor,1792.7485871099263,1709.7290295199857,5,7
2023_3235_3425,0.7552824844688696,3235,3425,Iowa St,USC,1792.7485871099263,1666.4430616873983,5,8
2023_3235_3355,0.6127909284674968,3235,3355,Iowa St,S Dakota St,1792.7485871099263,1782.9702056641402,5,9
2023_3104_3235,0.7927659436174608,3235,3104,Iowa St,Alabama,1792.7485871099263,1663.8092371165892,5,10
2023_3235_3345,0.8407830866369358,3235,3345,Iowa St,Purdue,1792.7485871099263,1629.805418842588,5,11
2023_3235_3385,0.8267220757105622,3235,3385,Iowa St,St John's,1792.7485871099263,1645.2328828958891,5,11
2023_3235_3405,0.6270957822071055,3235,3405,Iowa St,Toledo,1792.7485871099263,1813.7407826360668,5,12
2023_3235_3387,0.8683982777993104,3235,3387,Iowa St,St Louis,1792.7485871099263,1605.9385038294836,5,13
2023_3235_3241,0.8039468966192472,3235,3241,Iowa St,James Madison,1792.7485871099263,1678.2498124691901,5,14
2023_3235_3436,0.8412809831205621,3235,3436,Iowa St,Vermont,1792.7485871099263,1639.2393495950207,5,15
2023_3151_3235,0.9249425818047231,3235,3151,Iowa St,Chattanooga,1792.7485871099263,1510.9961838972956,5,16
2023_3124_3314,0.583477888353231,3314,3124,North Carolina,Baylor,1745.964248895116,1709.7290295199857,6,7
2023_3314_3425,0.6727214218831388,3314,3425,North Carolina,USC,1745.964248895116,1666.4430616873983,6,8
2023_3314_3355,0.5131448024125846,3314,3355,North Carolina,S Dakota St,1745.964248895116,1782.9702056641402,6,9
2023_3104_3314,0.7181313806251443,3314,3104,North Carolina,Alabama,1745.964248895116,1663.8092371165892,6,10
2023_3314_3345,0.7786124246822411,3314,3345,North Carolina,Purdue,1745.964248895116,1629.805418842588,6,11
2023_3314_3385,0.7606240830652853,3314,3385,North Carolina,St John's,1745.964248895116,1645.2328828958891,6,11
2023_3314_3405,0.5364860462648586,3314,3405,North Carolina,Toledo,1745.964248895116,1813.7407826360668,6,12
2023_3314_3387,0.8290748734053001,3314,3387,North Carolina,St Louis,1745.964248895116,1605.9385038294836,6,13
2023_3241_3314,0.7508895456747297,3314,3241,North Carolina,James Madison,1745.964248895116,1678.2498124691901,6,14
2023_3314_3436,0.7957604738838053,3314,3436,North Carolina,Vermont,1745.964248895116,1639.2393495950207,6,15
2023_3151_3314,0.9005806339759496,3314,3151,North Carolina,Chattanooga,1745.964248895116,1510.9961838972956,6,16
2023_3124_3425,0.5947055510110734,3124,3425,Baylor,USC,1709.7290295199857,1666.4430616873983,7,8
2023_3124_3355,0.4293568470339569,3124,3355,Baylor,S Dakota St,1709.7290295199857,1782.9702056641402,7,9
2023_3104_3124,0.6452316717326229,3124,3104,Baylor,Alabama,1709.7290295199857,1663.8092371165892,7,10
2023_3124_3345,0.7151503872607939,3124,3345,Baylor,Purdue,1709.7290295199857,1629.805418842588,7,11
2023_3124_3385,0.6940318966637666,3124,3385,Baylor,St John's,1709.7290295199857,1645.2328828958891,7,11
2023_3124_3405,0.4524285900781804,3124,3405,Baylor,Toledo,1709.7290295199857,1813.7407826360668,7,12
2023_3124_3387,0.7815824297856739,3124,3387,Baylor,St Louis,1709.7290295199857,1605.9385038294836,7,13
2023_3124_3241,0.7036995229267042,3124,3241,Baylor,James Madison,1709.7290295199857,1678.2498124691901,7,14
2023_3124_3436,0.7542890837778293,3124,3436,Baylor,Vermont,1709.7290295199857,1639.2393495950207,7,15
2023_3124_3151,0.8771062517252564,3124,3151,Baylor,Chattanooga,1709.7290295199857,1510.9961838972956,7,16
2023_3355_3425,0.33896089490209513,3425,3355,USC,S Dakota St,1666.4430616873983,1782.9702056641402,8,9
2023_3104_3425,0.553467755248729,3425,3104,USC,Alabama,1666.4430616873983,1663.8092371165892,8,10
2023_3345_3425,0.6311326371231458,3425,3345,USC,Purdue,1666.4430616873983,1629.805418842588,8,11
2023_3385_3425,0.6072064010836239,3425,3385,USC,St John's,1666.4430616873983,1645.2328828958891,8,11
2023_3405_3425,0.3602416393485579,3425,3405,USC,Toledo,1666.4430616873983,1813.7407826360668,8,12
2023_3387_3425,0.7091912407924532,3425,3387,USC,St Louis,1666.4430616873983,1605.9385038294836,8,13
2023_3241_3425,0.6258417917812366,3425,3241,USC,James Madison,1666.4430616873983,1678.2498124691901,8,14
2023_3425_3436,0.6978012975539508,3425,3436,USC,Vermont,1666.4430616873983,1639.2393495950207,8,15
2023_3151_3425,0.8429757099535455,3425,3151,USC,Chattanooga,1666.4430616873983,1510.9961838972956,8,16
2023_3104_3355,0.7073648824613739,3355,3104,S Dakota St,Alabama,1782.9702056641402,1663.8092371165892,9,10
2023_3345_3355,0.7694143323892525,3355,3345,S Dakota St,Purdue,1782.9702056641402,1629.805418842588,9,11
2023_3355_3385,0.7509177084623174,3355,3385,S Dakota St,St John's,1782.9702056641402,1645.2328828958891,9,11
2023_3355_3405,0.523386107936571,3355,3405,S Dakota St,Toledo,1782.9702056641402,1813.7407826360668,9,12
2023_3355_3387,0.8262654613220727,3355,3387,S Dakota St,St Louis,1782.9702056641402,1605.9385038294836,9,13
2023_3241_3355,0.7653695629385142,3355,3241,S Dakota St,James Madison,1782.9702056641402,1678.2498124691901,9,14
2023_3355_3436,0.8231260413930904,3355,3436,S Dakota St,Vermont,1782.9702056641402,1639.2393495950207,9,15
2023_3151_3355,0.9203526471101293,3355,3151,S Dakota St,Chattanooga,1782.9702056641402,1510.9961838972956,9,16
2023_3104_3345,0.579905879911179,3104,3345,Alabama,Purdue,1663.8092371165892,1629.805418842588,10,11
2023_3104_3385,0.5549996977396991,3104,3385,Alabama,St John's,1663.8092371165892,1645.2328828958891,10,11
2023_3104_3405,0.31238184029060834,3104,3405,Alabama,Toledo,1663.8092371165892,1813.7407826360668,10,12
2023_3104_3387,0.6630168503399863,3104,3387,Alabama,St Louis,1663.8092371165892,1605.9385038294836,10,13
2023_3104_3241,0.5743757797605122,3104,3241,Alabama,James Madison,1663.8092371165892,1678.2498124691901,10,14
2023_3104_3436,0.658147975189397,3104,3436,Alabama,Vermont,1663.8092371165892,1639.2393495950207,10,15
2023_3104_3151,0.8316577722991403,3104,3151,Alabama,Chattanooga,1663.8092371165892,1510.9961838972956,10,16
2023_3345_3385,0.47464815271145716,3345,3385,Purdue,St John's,1629.805418842588,1645.2328828958891,11,11
2023_3345_3405,0.24761101519208897,3345,3405,Purdue,Toledo,1629.805418842588,1813.7407826360668,11,12
2023_3345_3387,0.5876794206702718,3345,3387,Purdue,St Louis,1629.805418842588,1605.9385038294836,11,13
2023_3241_3345,0.4943352356638205,3345,3241,Purdue,James Madison,1629.805418842588,1678.2498124691901,11,14
2023_3345_3436,0.5824076202094027,3345,3436,Purdue,Vermont,1629.805418842588,1639.2393495950207,11,15
2023_3151_3345,0.7816034410139288,3345,3151,Purdue,Chattanooga,1629.805418842588,1510.9961838972956,11,16
2023_3385_3405,0.2669994204842947,3385,3405,St John's,Toledo,1645.2328828958891,1813.7407826360668,11,12
2023_3385_3387,0.6120351254396831,3385,3387,St John's,St Louis,1645.2328828958891,1605.9385038294836,11,13
2023_3241_3385,0.5196983986770268,3385,3241,St John's,James Madison,1645.2328828958891,1678.2498124691901,11,14
2023_3385_3436,0.6068664125016844,3385,3436,St John's,Vermont,1645.2328828958891,1639.2393495950207,11,15
2023_3151_3385,0.7984330346941727,3385,3151,St John's,Chattanooga,1645.2328828958891,1510.9961838972956,11,16
2023_3387_3405,0.8124143380744295,3405,3387,Toledo,St Louis,1813.7407826360668,1605.9385038294836,12,13
2023_3241_3405,0.7481433264679893,3405,3241,Toledo,James Madison,1813.7407826360668,1678.2498124691901,12,14
2023_3405_3436,0.8090824582471123,3405,3436,Toledo,Vermont,1813.7407826360668,1639.2393495950207,12,15
2023_3151_3405,0.9157866100263765,3405,3151,Toledo,Chattanooga,1813.7407826360668,1510.9961838972956,12,16
2023_3241_3387,0.4068408972591632,3387,3241,St Louis,James Madison,1605.9385038294836,1678.2498124691901,13,14
2023_3387_3436,0.4945713002938756,3387,3436,St Louis,Vermont,1605.9385038294836,1639.2393495950207,13,15
2023_3151_3387,0.7151754602228839,3387,3151,St Louis,Chattanooga,1605.9385038294836,1510.9961838972956,13,16
2023_3241_3436,0.5879082353445025,3241,3436,James Madison,Vermont,1678.2498124691901,1639.2393495950207,14,15
2023_3151_3241,0.7854468068068753,3241,3151,James Madison,Chattanooga,1678.2498124691901,1510.9961838972956,14,16
2023_3151_3436,0.7195781826643075,3436,3151,Vermont,Chattanooga,1639.2393495950207,1510.9961838972956,15,16
