ID,Pred,Team1ID,Team2ID,Team1Name,Team2Name,Team1ELO,Team2ELO,Team1Seed,Team2Seed
2023_1266_1345,0.5729541636590432,1345,1266,Purdue,Marquette,1856.9512880340521,1827.2754022683655,1,2
2023_1243_1345,0.7781179768663169,1345,1243,Purdue,Kansas St,1856.9512880340521,1696.2281219067786,1,3
2023_1345_1397,0.7392140773502274,1345,1397,Purdue,Tennessee,1856.9512880340521,1743.5811584289818,1,4
2023_1181_1345,0.6157525427408826,1345,1181,Purdue,Duke,1856.9512880340521,1845.2729639492043,1,5
2023_1246_1345,0.7990131878543058,1345,1246,Purdue,Kentucky,1856.9512880340521,1722.1660530797521,1,6
2023_1277_1345,0.8374513201169718,1345,1277,Purdue,Michigan St,1856.9512880340521,1697.759644380619,1,7
2023_1272_1345,0.755730182187166,1345,1272,Purdue,Memphis,1856.9512880340521,1785.2773524432534,1,8
2023_1194_1345,0.7994227077727554,1345,1194,Purdue,FL Atlantic,1856.9512880340521,1746.7781373494456,1,9
2023_1345_1425,0.8293950681139275,1345,1425,Purdue,USC,1856.9512880340521,1716.5818346310734,1,10
2023_1344_1345,0.8560338119710764,1345,1344,Purdue,Providence,1856.9512880340521,1685.9706433075437,1,11
2023_1331_1345,0.834369987334799,1345,1331,Purdue,Oral Roberts,1856.9512880340521,1711.1744144323911,1,12
2023_1345_1418,0.8860769124994605,1345,1418,Purdue,Louisiana,1856.9512880340521,1645.1504020471127,1,13
2023_1286_1345,0.8790657296975416,1345,1286,Purdue,Montana St,1856.9512880340521,1655.4361016972314,1,14
2023_1345_1436,0.8699154302332415,1345,1436,Purdue,Vermont,1856.9512880340521,1668.1133507689126,1,15
2023_1192_1345,0.9763116999090828,1345,1192,Purdue,F Dickinson,1856.9512880340521,1391.6821788610928,1,16
2023_1345_1411,0.970092415463339,1345,1411,Purdue,TX Southern,1856.9512880340521,1428.0901684842972,1,16
2023_1104_1345,0.48063765668435104,1345,1104,Purdue,Alabama,1856.9512880340521,1868.7297204435874,1,1
2023_1112_1345,0.525226687142723,1345,1112,Purdue,Arizona,1856.9512880340521,1856.6001180607218,1,2
2023_1124_1345,0.6389335648522718,1345,1124,Purdue,Baylor,1856.9512880340521,1800.197283210896,1,3
2023_1345_1438,0.6970584577216432,1345,1438,Purdue,Virginia,1856.9512880340521,1775.2826588934145,1,4
2023_1345_1361,0.6825586907855505,1345,1361,Purdue,San Diego St,1856.9512880340521,1800.5844923405775,1,5
2023_1166_1345,0.7957927132994551,1345,1166,Purdue,Creighton,1856.9512880340521,1725.1962348790335,1,6
2023_1281_1345,0.8410341698063676,1345,1281,Purdue,Missouri,1856.9512880340521,1693.7228376167006,1,7
2023_1268_1345,0.8826002186551503,1345,1268,Purdue,Maryland,1856.9512880340521,1650.3174281040574,1,8
2023_1345_1452,0.8616355318927551,1345,1452,Purdue,West Virginia,1856.9512880340521,1678.9466303200704,1,9
2023_1345_1429,0.8403624499478637,1345,1429,Purdue,Utah St,1856.9512880340521,1704.4852334784591,1,10
2023_1301_1345,0.883246477604001,1345,1301,Purdue,NC State,1856.9512880340521,1649.3671152451273,1,11
2023_1158_1345,0.8145552534665402,1345,1158,Purdue,Col Charleston,1856.9512880340521,1732.0041830298856,1,12
2023_1202_1345,0.8578496569795088,1345,1202,Purdue,Furman,1856.9512880340521,1683.7191435589261,1,13
2023_1345_1364,0.888059935919206,1345,1364,Purdue,UC Santa Barbara,1856.9512880340521,1642.1414337640413,1,14
2023_1343_1345,0.8955286316575183,1345,1343,Purdue,Princeton,1856.9512880340521,1630.3725206426989,1,15
2023_1345_1369,0.9666645482637432,1345,1369,Purdue,SE Missouri St,1856.9512880340521,1445.1219816825092,1,16
2023_1345_1394,0.9485016979256687,1345,1394,Purdue,TAM C. Christi,1856.9512880340521,1514.1154672296293,1,16
2023_1222_1345,0.39707922764425363,1345,1222,Purdue,Houston,1856.9512880340521,1920.435365457398,1,1
2023_1345_1400,0.5650339419363832,1345,1400,Purdue,Texas,1856.9512880340521,1832.1845791662383,1,2
2023_1345_1462,0.7105534600156211,1345,1462,Purdue,Xavier,1856.9512880340521,1750.441349381301,1,3
2023_1231_1345,0.7699337455685118,1345,1231,Purdue,Indiana,1856.9512880340521,1718.3411365693653,1,4
2023_1274_1345,0.7352328357615413,1345,1274,Purdue,Miami FL,1856.9512880340521,1761.7050183357899,1,5
2023_1235_1345,0.8481447619044694,1345,1235,Purdue,Iowa St,1856.9512880340521,1670.487215520616,1,6
2023_1345_1401,0.7474344313092044,1345,1401,Purdue,Texas A&M,1856.9512880340521,1782.031653556092,1,7
2023_1234_1345,0.86546544036476,1345,1234,Purdue,Iowa,1856.9512880340521,1674.0057339344742,1,8
2023_1120_1345,0.8496969494345659,1345,1120,Purdue,Auburn,1856.9512880340521,1693.6475956688491,1,9
2023_1336_1345,0.8578126455935229,1345,1336,Purdue,Penn St,1856.9512880340521,1683.7652733456566,1,10
2023_1280_1345,0.8805620361085197,1345,1280,Purdue,Mississippi St,1856.9512880340521,1653.2851397595643,1,11
2023_1338_1345,0.9020332311921937,1345,1338,Purdue,Pittsburgh,1856.9512880340521,1619.5009744031915,1,11
2023_1179_1345,0.8065591213410253,1345,1179,Purdue,Drake,1856.9512880340521,1739.9205052619825,1,12
2023_1245_1345,0.8093334711080834,1345,1245,Purdue,Kent,1856.9512880340521,1737.2027235579665,1,13
2023_1244_1345,0.9163225736696398,1345,1244,Purdue,Kennesaw,1856.9512880340521,1593.1472630252326,1,14
2023_1159_1345,0.870983965697668,1345,1159,Purdue,Colgate,1856.9512880340521,1666.6730229861578,1,15
2023_1297_1345,0.9257590137922742,1345,1297,Purdue,N Kentucky,1856.9512880340521,1573.4023120999589,1,16
2023_1242_1345,0.42672265244979835,1345,1242,Purdue,Kansas,1856.9512880340521,1901.827967278591,1,1
2023_1345_1417,0.5066980788717925,1345,1417,Purdue,UCLA,1856.9512880340521,1867.878530223314,1,2
2023_1211_1345,0.45180101561349667,1345,1211,Purdue,Gonzaga,1856.9512880340521,1916.3481463531193,1,3
2023_1163_1345,0.6980233964207481,1345,1163,Purdue,Connecticut,1856.9512880340521,1774.5874488350346,1,4
2023_1345_1388,0.7155228882062331,1345,1388,Purdue,St Mary's CA,1856.9512880340521,1776.7496178560762,1,5
2023_1345_1395,0.829406754365637,1345,1395,Purdue,TCU,1856.9512880340521,1691.5692805081464,1,6
2023_1321_1345,0.8799582820250499,1345,1321,Purdue,Northwestern,1856.9512880340521,1644.1558296981314,1,7
2023_1116_1345,0.8385522026529044,1345,1116,Purdue,Arkansas,1856.9512880340521,1706.5269951056146,1,8
2023_1228_1345,0.8612564104659574,1345,1228,Purdue,Illinois,1856.9512880340521,1679.4294486143315,1,9
2023_1129_1345,0.8281248798631389,1345,1129,Purdue,Boise St,1856.9512880340521,1717.9423017771614,1,10
2023_1113_1345,0.8800871672562247,1345,1113,Purdue,Arizona St,1856.9512880340521,1653.970278968981,1,11
2023_1305_1345,0.9067164273335033,1345,1305,Purdue,Nevada,1856.9512880340521,1611.2680783755488,1,11
2023_1345_1433,0.78882345840582,1345,1433,Purdue,VCU,1856.9512880340521,1756.6343375804404,1,12
2023_1233_1345,0.8411441013234331,1345,1233,Purdue,Iona,1856.9512880340521,1703.5978177653083,1,13
2023_1213_1345,0.8960191367267827,1345,1213,Purdue,Grand Canyon,1856.9512880340521,1629.5739347665058,1,14
2023_1345_1421,0.9018578645269847,1345,1421,Purdue,UNC Asheville,1856.9512880340521,1619.8023803848475,1,15
2023_1224_1345,0.9530311990896855,1345,1224,Purdue,Howard,1856.9512880340521,1499.3971122037642,1,16
2023_1243_1266,0.723285547100618,1266,1243,Marquette,Kansas St,1827.2754022683655,1696.2281219067786,2,3
2023_1266_1397,0.6787369411014151,1266,1397,Marquette,Tennessee,1827.2754022683655,1743.5811584289818,2,4
2023_1181_1266,0.544294584583714,1266,1181,Marquette,Duke,1827.2754022683655,1845.2729639492043,2,5
2023_1246_1266,0.7476699697204545,1266,1246,Marquette,Kentucky,1827.2754022683655,1722.1660530797521,2,6
2023_1266_1277,0.793388245729368,1266,1277,Marquette,Michigan St,1827.2754022683655,1697.759644380619,2,7
2023_1266_1272,0.7044107239578867,1266,1272,Marquette,Memphis,1827.2754022683655,1785.2773524432534,2,8
2023_1194_1266,0.7662861272176433,1266,1194,Marquette,FL Atlantic,1827.2754022683655,1746.7781373494456,2,9
2023_1266_1425,0.7999711260435481,1266,1425,Marquette,USC,1827.2754022683655,1716.5818346310734,2,10
2023_1266_1344,0.8302639754622422,1266,1344,Marquette,Providence,1827.2754022683655,1685.9706433075437,2,11
2023_1266_1331,0.8056029558099914,1266,1331,Marquette,Oral Roberts,1827.2754022683655,1711.1744144323911,2,12
2023_1266_1418,0.8648356515546206,1266,1418,Marquette,Louisiana,1827.2754022683655,1645.1504020471127,2,13
2023_1266_1286,0.8567285874226293,1266,1286,Marquette,Montana St,1827.2754022683655,1655.4361016972314,2,14
2023_1266_1436,0.8461839125868674,1266,1436,Marquette,Vermont,1827.2754022683655,1668.1133507689126,2,15
2023_1192_1266,0.9713509761886924,1266,1192,Marquette,F Dickinson,1827.2754022683655,1391.6821788610928,2,16
2023_1266_1411,0.9638774584940811,1266,1411,Marquette,TX Southern,1827.2754022683655,1428.0901684842972,2,16
2023_1104_1266,0.4082021740815545,1266,1104,Marquette,Alabama,1827.2754022683655,1868.7297204435874,2,1
2023_1112_1266,0.45191856878471803,1266,1112,Marquette,Arizona,1827.2754022683655,1856.6001180607218,2,2
2023_1124_1266,0.5687674486747764,1266,1124,Marquette,Baylor,1827.2754022683655,1800.197283210896,2,3
2023_1266_1438,0.6316763337193987,1266,1438,Marquette,Virginia,1827.2754022683655,1775.2826588934145,2,4
2023_1266_1361,0.6157721331274476,1266,1361,Marquette,San Diego St,1827.2754022683655,1800.5844923405775,2,5
2023_1166_1266,0.7438905049004552,1266,1166,Marquette,Creighton,1827.2754022683655,1725.1962348790335,2,6
2023_1266_1281,0.7977077142986823,1266,1281,Marquette,Missouri,1827.2754022683655,1693.7228376167006,2,7
2023_1266_1268,0.8527415122274675,1266,1268,Marquette,Maryland,1827.2754022683655,1650.3174281040574,2,8
2023_1266_1452,0.8366770928633117,1266,1452,Marquette,West Virginia,1827.2754022683655,1678.9466303200704,2,9
2023_1266_1429,0.8124021963488027,1266,1429,Marquette,Utah St,1827.2754022683655,1704.4852334784591,2,10
2023_1266_1301,0.8615599286601169,1266,1301,Marquette,NC State,1827.2754022683655,1649.3671152451273,2,11
2023_1158_1266,0.7832408025021979,1266,1158,Marquette,Col Charleston,1827.2754022683655,1732.0041830298856,2,12
2023_1202_1266,0.8323411955090605,1266,1202,Marquette,Furman,1827.2754022683655,1683.7191435589261,2,13
2023_1266_1364,0.8671329725139013,1266,1364,Marquette,UC Santa Barbara,1827.2754022683655,1642.1414337640413,2,14
2023_1266_1343,0.8758026554979066,1266,1343,Marquette,Princeton,1827.2754022683655,1630.3725206426989,2,15
2023_1266_1369,0.9597668048849308,1266,1369,Marquette,SE Missouri St,1827.2754022683655,1445.1219816825092,2,16
2023_1266_1394,0.9380864233378844,1266,1394,Marquette,TAM C. Christi,1827.2754022683655,1514.1154672296293,2,16
2023_1222_1266,0.3292532704878465,1266,1222,Marquette,Houston,1827.2754022683655,1920.435365457398,2,1
2023_1266_1400,0.4919265606472413,1266,1400,Marquette,Texas,1827.2754022683655,1832.1845791662383,2,2
2023_1266_1462,0.6466072889379095,1266,1462,Marquette,Xavier,1827.2754022683655,1750.441349381301,2,3
2023_1231_1266,0.7138226398410654,1266,1231,Marquette,Indiana,1827.2754022683655,1718.3411365693653,2,4
2023_1266_1274,0.6742393046349668,1266,1274,Marquette,Miami FL,1827.2754022683655,1761.7050183357899,2,5
2023_1235_1266,0.8063099900764832,1266,1235,Marquette,Iowa St,1827.2754022683655,1670.487215520616,2,6
2023_1266_1401,0.688059171929672,1266,1401,Marquette,Texas A&M,1827.2754022683655,1782.031653556092,2,7
2023_1234_1266,0.8320779208322671,1266,1234,Marquette,Iowa,1827.2754022683655,1674.0057339344742,2,8
2023_1120_1266,0.823027318295493,1266,1120,Marquette,Auburn,1827.2754022683655,1693.6475956688491,2,9
2023_1266_1336,0.8322988409029407,1266,1336,Marquette,Penn St,1827.2754022683655,1683.7652733456566,2,10
2023_1266_1280,0.858456768168926,1266,1280,Marquette,Mississippi St,1827.2754022683655,1653.2851397595643,2,11
2023_1266_1338,0.8833754888202024,1266,1338,Marquette,Pittsburgh,1827.2754022683655,1619.5009744031915,2,11
2023_1179_1266,0.774268613591836,1266,1179,Marquette,Drake,1827.2754022683655,1739.9205052619825,2,12
2023_1245_1266,0.7773782512697681,1266,1245,Marquette,Kent,1827.2754022683655,1737.2027235579665,2,13
2023_1244_1266,0.900084791871355,1266,1244,Marquette,Kennesaw,1827.2754022683655,1593.1472630252326,2,14
2023_1159_1266,0.847413190208777,1266,1159,Marquette,Colgate,1827.2754022683655,1666.6730229861578,2,15
2023_1266_1297,0.9111748868082097,1266,1297,Marquette,N Kentucky,1827.2754022683655,1573.4023120999589,2,16
2023_1242_1266,0.35682997229715985,1266,1242,Marquette,Kansas,1827.2754022683655,1901.827967278591,2,1
2023_1266_1417,0.43361415671528836,1266,1417,Marquette,UCLA,1827.2754022683655,1867.878530223314,2,2
2023_1211_1266,0.3805272677586381,1266,1211,Marquette,Gonzaga,1827.2754022683655,1916.3481463531193,2,3
2023_1163_1266,0.632739804822626,1266,1163,Marquette,Connecticut,1827.2754022683655,1774.5874488350346,2,4
2023_1266_1388,0.6521371093608354,1266,1388,Marquette,St Mary's CA,1827.2754022683655,1776.7496178560762,2,5
2023_1266_1395,0.7837261583940026,1266,1395,Marquette,TCU,1827.2754022683655,1691.5692805081464,2,6
2023_1266_1321,0.8452891412017648,1266,1321,Marquette,Northwestern,1827.2754022683655,1644.1558296981314,2,7
2023_1116_1266,0.800028850696633,1266,1116,Marquette,Arkansas,1827.2754022683655,1706.5269951056146,2,8
2023_1228_1266,0.8362425819740188,1266,1228,Marquette,Illinois,1827.2754022683655,1679.4294486143315,2,9
2023_1129_1266,0.7985350832944555,1266,1129,Marquette,Boise St,1827.2754022683655,1717.9423017771614,2,10
2023_1113_1266,0.8579081937802773,1266,1113,Marquette,Arizona St,1827.2754022683655,1653.970278968981,2,11
2023_1266_1305,0.888840686073506,1266,1305,Marquette,Nevada,1827.2754022683655,1611.2680783755488,2,11
2023_1266_1433,0.754473620190723,1266,1433,Marquette,VCU,1827.2754022683655,1756.6343375804404,2,12
2023_1233_1266,0.8132903354683385,1266,1233,Marquette,Iona,1827.2754022683655,1703.5978177653083,2,13
2023_1213_1266,0.8763729907638269,1266,1213,Marquette,Grand Canyon,1827.2754022683655,1629.5739347665058,2,14
2023_1266_1421,0.8831710493140426,1266,1421,Marquette,UNC Asheville,1827.2754022683655,1619.8023803848475,2,15
2023_1224_1266,0.9434774036224093,1266,1224,Marquette,Howard,1827.2754022683655,1499.3971122037642,2,16
2023_1243_1397,0.4469888219148421,1243,1397,Kansas St,Tennessee,1696.2281219067786,1743.5811584289818,3,4
2023_1181_1243,0.3136362329938429,1243,1181,Kansas St,Duke,1696.2281219067786,1845.2729639492043,3,5
2023_1243_1246,0.5313104307625554,1243,1246,Kansas St,Kentucky,1696.2281219067786,1722.1660530797521,3,6
2023_1243_1277,0.5949949232029735,1243,1277,Kansas St,Michigan St,1696.2281219067786,1697.759644380619,3,7
2023_1243_1272,0.47690961513746766,1243,1272,Kansas St,Memphis,1696.2281219067786,1785.2773524432534,3,8
2023_1194_1243,0.564521767796054,1243,1194,Kansas St,FL Atlantic,1696.2281219067786,1746.7781373494456,3,9
2023_1243_1425,0.6280775201904886,1243,1425,Kansas St,USC,1696.2281219067786,1716.5818346310734,3,10
2023_1243_1344,0.6737870021159975,1243,1344,Kansas St,Providence,1696.2281219067786,1685.9706433075437,3,11
2023_1243_1331,0.636349006919839,1243,1331,Kansas St,Oral Roberts,1696.2281219067786,1711.1744144323911,3,12
2023_1243_1418,0.7298599822574218,1243,1418,Kansas St,Louisiana,1696.2281219067786,1645.1504020471127,3,13
2023_1243_1286,0.7163127737704652,1243,1286,Kansas St,Montana St,1696.2281219067786,1655.4361016972314,3,14
2023_1243_1436,0.699063714050944,1243,1436,Kansas St,Vermont,1696.2281219067786,1668.1133507689126,3,15
2023_1192_1243,0.9347121543052165,1243,1192,Kansas St,F Dickinson,1696.2281219067786,1391.6821788610928,3,16
2023_1243_1411,0.9184829637850668,1243,1411,Kansas St,TX Southern,1696.2281219067786,1428.0901684842972,3,16
2023_1104_1243,0.20879231176900936,1243,1104,Kansas St,Alabama,1696.2281219067786,1868.7297204435874,3,1
2023_1112_1243,0.2398066490811172,1243,1112,Kansas St,Arizona,1696.2281219067786,1856.6001180607218,3,2
2023_1124_1243,0.3353705045496611,1243,1124,Kansas St,Baylor,1696.2281219067786,1800.197283210896,3,3
2023_1243_1438,0.39618109248374744,1243,1438,Kansas St,Virginia,1696.2281219067786,1775.2826588934145,3,4
2023_1243_1361,0.38008751834907484,1243,1361,Kansas St,San Diego St,1696.2281219067786,1800.5844923405775,3,5
2023_1166_1243,0.5263432870132901,1243,1166,Kansas St,Creighton,1696.2281219067786,1725.1962348790335,3,6
2023_1243_1281,0.6013781401619899,1243,1281,Kansas St,Missouri,1696.2281219067786,1693.7228376167006,3,7
2023_1243_1268,0.6890001442046456,1243,1268,Kansas St,Maryland,1696.2281219067786,1650.3174281040574,3,8
2023_1243_1452,0.6694691392449752,1243,1452,Kansas St,West Virginia,1696.2281219067786,1678.9466303200704,3,9
2023_1243_1429,0.6464702293059632,1243,1429,Kansas St,Utah St,1696.2281219067786,1704.4852334784591,3,10
2023_1243_1301,0.7243557047929976,1243,1301,Kansas St,NC State,1696.2281219067786,1649.3671152451273,3,11
2023_1158_1243,0.6040854804543947,1243,1158,Kansas St,Col Charleston,1696.2281219067786,1732.0041830298856,3,12
2023_1202_1243,0.6770342766530656,1243,1202,Kansas St,Furman,1696.2281219067786,1683.7191435589261,3,13
2023_1243_1364,0.7337451339240914,1243,1364,Kansas St,UC Santa Barbara,1696.2281219067786,1642.1414337640413,3,14
2023_1243_1343,0.7485950585863826,1243,1343,Kansas St,Princeton,1696.2281219067786,1630.3725206426989,3,15
2023_1243_1369,0.9096905338792751,1243,1369,Kansas St,SE Missouri St,1696.2281219067786,1445.1219816825092,3,16
2023_1243_1394,0.8648261571772802,1243,1394,Kansas St,TAM C. Christi,1696.2281219067786,1514.1154672296293,3,16
2023_1222_1243,0.15810681309181002,1243,1222,Kansas St,Houston,1696.2281219067786,1920.435365457398,3,1
2023_1243_1400,0.2702973372651314,1243,1400,Kansas St,Texas,1696.2281219067786,1832.1845791662383,3,2
2023_1243_1462,0.4117686235022176,1243,1462,Kansas St,Xavier,1696.2281219067786,1750.441349381301,3,3
2023_1231_1243,0.48830333326855657,1243,1231,Kansas St,Indiana,1696.2281219067786,1718.3411365693653,3,4
2023_1243_1274,0.44191445795810635,1243,1274,Kansas St,Miami FL,1696.2281219067786,1761.7050183357899,3,5
2023_1235_1243,0.614292361492682,1243,1235,Kansas St,Iowa St,1696.2281219067786,1670.487215520616,3,6
2023_1243_1401,0.4576624600321469,1243,1401,Kansas St,Texas A&M,1696.2281219067786,1782.031653556092,3,7
2023_1234_1243,0.654664856822391,1243,1234,Kansas St,Iowa,1696.2281219067786,1674.0057339344742,3,8
2023_1120_1243,0.6477286531587431,1243,1120,Kansas St,Auburn,1696.2281219067786,1693.6475956688491,3,9
2023_1243_1336,0.6769679146462715,1243,1336,Kansas St,Penn St,1696.2281219067786,1683.7652733456566,3,10
2023_1243_1280,0.7191795135917654,1243,1280,Kansas St,Mississippi St,1696.2281219067786,1653.2851397595643,3,11
2023_1243_1338,0.761814830924712,1243,1338,Kansas St,Pittsburgh,1696.2281219067786,1619.5009744031915,3,11
2023_1179_1243,0.5915646576688357,1243,1179,Kansas St,Drake,1696.2281219067786,1739.9205052619825,3,12
2023_1243_1245,0.5958775217580984,1243,1245,Kansas St,Kent,1696.2281219067786,1737.2027235579665,3,13
2023_1243_1244,0.79183653412443,1243,1244,Kansas St,Kennesaw,1696.2281219067786,1593.1472630252326,3,14
2023_1159_1243,0.7010533729829463,1243,1159,Kansas St,Colgate,1696.2281219067786,1666.6730229861578,3,15
2023_1243_1297,0.8124379289602032,1243,1297,Kansas St,N Kentucky,1696.2281219067786,1573.4023120999589,3,16
2023_1242_1243,0.1750909346302428,1243,1242,Kansas St,Kansas,1696.2281219067786,1901.827967278591,3,1
2023_1243_1417,0.22654245372388018,1243,1417,Kansas St,UCLA,1696.2281219067786,1867.878530223314,3,2
2023_1211_1243,0.1902897095091228,1243,1211,Kansas St,Gonzaga,1696.2281219067786,1916.3481463531193,3,3
2023_1163_1243,0.39727572829760305,1243,1163,Kansas St,Connecticut,1696.2281219067786,1774.5874488350346,3,4
2023_1243_1388,0.4176636999855177,1243,1388,Kansas St,St Mary's CA,1696.2281219067786,1776.7496178560762,3,5
2023_1243_1395,0.5809553213340741,1243,1395,Kansas St,TCU,1696.2281219067786,1691.5692805081464,3,6
2023_1243_1321,0.6764057773804798,1243,1321,Kansas St,Northwestern,1696.2281219067786,1644.1558296981314,3,7
2023_1116_1243,0.604836056453047,1243,1116,Kansas St,Arkansas,1696.2281219067786,1706.5269951056146,3,8
2023_1228_1243,0.6687658930105913,1243,1228,Kansas St,Illinois,1696.2281219067786,1679.4294486143315,3,9
2023_1129_1243,0.6259843882352379,1243,1129,Kansas St,Boise St,1696.2281219067786,1717.9423017771614,3,10
2023_1113_1243,0.7182682981090708,1243,1113,Kansas St,Arizona St,1696.2281219067786,1653.970278968981,3,11
2023_1243_1305,0.7715030611067049,1243,1305,Kansas St,Nevada,1696.2281219067786,1611.2680783755488,3,11
2023_1243_1433,0.5647543232001819,1243,1433,Kansas St,VCU,1696.2281219067786,1756.6343375804404,3,12
2023_1233_1243,0.647803372607865,1243,1233,Kansas St,Iona,1696.2281219067786,1703.5978177653083,3,13
2023_1213_1243,0.7495825246851048,1243,1213,Kansas St,Grand Canyon,1696.2281219067786,1629.5739347665058,3,14
2023_1243_1421,0.7614548420898551,1243,1421,Kansas St,UNC Asheville,1696.2281219067786,1619.8023803848475,3,15
2023_1224_1243,0.8757512152984027,1243,1224,Kansas St,Howard,1696.2281219067786,1499.3971122037642,3,16
2023_1181_1397,0.36116084138062765,1397,1181,Tennessee,Duke,1743.5811584289818,1845.2729639492043,4,5
2023_1246_1397,0.5837654721795833,1397,1246,Tennessee,Kentucky,1743.5811584289818,1722.1660530797521,4,6
2023_1277_1397,0.6450836563648187,1397,1277,Tennessee,Michigan St,1743.5811584289818,1697.759644380619,4,7
2023_1272_1397,0.5300680120432651,1397,1272,Tennessee,Memphis,1743.5811584289818,1785.2773524432534,4,8
2023_1194_1397,0.61594662220522,1397,1194,Tennessee,FL Atlantic,1743.5811584289818,1746.7781373494456,4,9
2023_1397_1425,0.6834596403678689,1397,1425,Tennessee,USC,1743.5811584289818,1716.5818346310734,4,10
2023_1344_1397,0.7382495515862894,1397,1344,Tennessee,Providence,1743.5811584289818,1685.9706433075437,4,11
2023_1331_1397,0.7049702519721671,1397,1331,Tennessee,Oral Roberts,1743.5811584289818,1711.1744144323911,4,12
2023_1397_1418,0.7867489594543627,1397,1418,Tennessee,Louisiana,1743.5811584289818,1645.1504020471127,4,13
2023_1286_1397,0.7751758624151603,1397,1286,Tennessee,Montana St,1743.5811584289818,1655.4361016972314,4,14
2023_1397_1436,0.7603082401606003,1397,1436,Tennessee,Vermont,1743.5811584289818,1668.1133507689126,4,15
2023_1192_1397,0.9513374725153857,1397,1192,Tennessee,F Dickinson,1743.5811584289818,1391.6821788610928,4,16
2023_1397_1411,0.9389711568337625,1397,1411,Tennessee,TX Southern,1743.5811584289818,1428.0901684842972,4,16
2023_1104_1397,0.2461270779760138,1397,1104,Tennessee,Alabama,1743.5811584289818,1868.7297204435874,4,1
2023_1112_1397,0.2807195492521114,1397,1112,Tennessee,Arizona,1743.5811584289818,1856.6001180607218,4,2
2023_1124_1397,0.38434427856662345,1397,1124,Tennessee,Baylor,1743.5811584289818,1800.197283210896,4,3
2023_1397_1438,0.4480485994291574,1397,1438,Tennessee,Virginia,1743.5811584289818,1775.2826588934145,4,4
2023_1361_1397,0.4313532281691944,1397,1361,Tennessee,San Diego St,1743.5811584289818,1800.5844923405775,4,5
2023_1166_1397,0.5789136569839952,1397,1166,Tennessee,Creighton,1743.5811584289818,1725.1962348790335,4,6
2023_1281_1397,0.6511403007601873,1397,1281,Tennessee,Missouri,1743.5811584289818,1693.7228376167006,4,7
2023_1268_1397,0.7326860828621027,1397,1268,Tennessee,Maryland,1743.5811584289818,1650.3174281040574,4,8
2023_1397_1452,0.7147628083217735,1397,1452,Tennessee,West Virginia,1743.5811584289818,1678.9466303200704,4,9
2023_1397_1429,0.7004198926117617,1397,1429,Tennessee,Utah St,1743.5811584289818,1704.4852334784591,4,10
2023_1301_1397,0.7820576998727162,1397,1301,Tennessee,NC State,1743.5811584289818,1649.3671152451273,4,11
2023_1158_1397,0.6756921227074291,1397,1158,Tennessee,Col Charleston,1743.5811584289818,1732.0041830298856,4,12
2023_1202_1397,0.7411017014000921,1397,1202,Tennessee,Furman,1743.5811584289818,1683.7191435589261,4,13
2023_1364_1397,0.7900512878843371,1397,1364,Tennessee,UC Santa Barbara,1743.5811584289818,1642.1414337640413,4,14
2023_1343_1397,0.8026056651820749,1397,1343,Tennessee,Princeton,1743.5811584289818,1630.3725206426989,4,15
2023_1369_1397,0.9322255195810711,1397,1369,Tennessee,SE Missouri St,1743.5811584289818,1445.1219816825092,4,16
2023_1394_1397,0.8972922170816,1397,1394,Tennessee,TAM C. Christi,1743.5811584289818,1514.1154672296293,4,16
2023_1222_1397,0.18853804519685594,1397,1222,Tennessee,Houston,1743.5811584289818,1920.435365457398,4,1
2023_1397_1400,0.3142617171509878,1397,1400,Tennessee,Texas,1743.5811584289818,1832.1845791662383,4,2
2023_1397_1462,0.4641083039592478,1397,1462,Tennessee,Xavier,1743.5811584289818,1750.441349381301,4,3
2023_1231_1397,0.5414172350565452,1397,1231,Tennessee,Indiana,1743.5811584289818,1718.3411365693653,4,4
2023_1274_1397,0.4948623570719331,1397,1274,Tennessee,Miami FL,1743.5811584289818,1761.7050183357899,4,5
2023_1235_1397,0.6633448619967769,1397,1235,Tennessee,Iowa St,1743.5811584289818,1670.487215520616,4,6
2023_1397_1401,0.5107703282163303,1397,1401,Tennessee,Texas A&M,1743.5811584289818,1782.031653556092,4,7
2023_1234_1397,0.7010813965571473,1397,1234,Tennessee,Iowa,1743.5811584289818,1674.0057339344742,4,8
2023_1120_1397,0.6946426351717647,1397,1120,Tennessee,Auburn,1743.5811584289818,1693.6475956688491,4,9
2023_1336_1397,0.7282201266590206,1397,1336,Tennessee,Penn St,1743.5811584289818,1683.7652733456566,4,10
2023_1280_1397,0.7776324287157423,1397,1280,Tennessee,Mississippi St,1743.5811584289818,1653.2851397595643,4,11
2023_1338_1397,0.8136921936668214,1397,1338,Tennessee,Pittsburgh,1743.5811584289818,1619.5009744031915,4,11
2023_1179_1397,0.6641769484080149,1397,1179,Tennessee,Drake,1743.5811584289818,1739.9205052619825,4,12
2023_1245_1397,0.6681531830072553,1397,1245,Tennessee,Kent,1743.5811584289818,1737.2027235579665,4,13
2023_1244_1397,0.8385607549697748,1397,1244,Tennessee,Kennesaw,1743.5811584289818,1593.1472630252326,4,14
2023_1159_1397,0.7620308171238124,1397,1159,Tennessee,Colgate,1743.5811584289818,1666.6730229861578,4,15
2023_1297_1397,0.8553825141404738,1397,1297,Tennessee,N Kentucky,1743.5811584289818,1573.4023120999589,4,16
2023_1242_1397,0.20798356781971053,1397,1242,Tennessee,Kansas,1743.5811584289818,1901.827967278591,4,1
2023_1397_1417,0.26598417089842014,1397,1417,Tennessee,UCLA,1743.5811584289818,1867.878530223314,4,2
2023_1211_1397,0.2252579068642069,1397,1211,Tennessee,Gonzaga,1743.5811584289818,1916.3481463531193,4,3
2023_1163_1397,0.44917993671848977,1397,1163,Tennessee,Connecticut,1743.5811584289818,1774.5874488350346,4,4
2023_1388_1397,0.47015379384228584,1397,1388,Tennessee,St Mary's CA,1743.5811584289818,1776.7496178560762,4,5
2023_1395_1397,0.6317056212554141,1397,1395,Tennessee,TCU,1743.5811584289818,1691.5692805081464,4,6
2023_1321_1397,0.7211448312961805,1397,1321,Tennessee,Northwestern,1743.5811584289818,1644.1558296981314,4,7
2023_1116_1397,0.6544146083815504,1397,1116,Tennessee,Arkansas,1743.5811584289818,1706.5269951056146,4,8
2023_1228_1397,0.7141147778063242,1397,1228,Tennessee,Illinois,1743.5811584289818,1679.4294486143315,4,9
2023_1129_1397,0.681520146250136,1397,1129,Tennessee,Boise St,1743.5811584289818,1717.9423017771614,4,10
2023_1113_1397,0.7768520321252527,1397,1113,Tennessee,Arizona St,1743.5811584289818,1653.970278968981,4,11
2023_1305_1397,0.8217639907964345,1397,1305,Tennessee,Nevada,1743.5811584289818,1611.2680783755488,4,11
2023_1397_1433,0.6392261531833637,1397,1433,Tennessee,VCU,1743.5811584289818,1756.6343375804404,4,12
2023_1233_1397,0.71523042896924,1397,1233,Tennessee,Iona,1743.5811584289818,1703.5978177653083,4,13
2023_1213_1397,0.8034366924572035,1397,1213,Tennessee,Grand Canyon,1743.5811584289818,1629.5739347665058,4,14
2023_1397_1421,0.8133914054673618,1397,1421,Tennessee,UNC Asheville,1743.5811584289818,1619.8023803848475,4,15
2023_1224_1397,0.9058788684545512,1397,1224,Tennessee,Howard,1743.5811584289818,1499.3971122037642,4,16
2023_1181_1246,0.7127094487755545,1181,1246,Duke,Kentucky,1845.2729639492043,1722.1660530797521,5,6
2023_1181_1277,0.7627520491655744,1181,1277,Duke,Michigan St,1845.2729639492043,1697.759644380619,5,7
2023_1181_1272,0.6661330036888854,1181,1272,Duke,Memphis,1845.2729639492043,1785.2773524432534,5,8
2023_1181_1194,0.7393721922371084,1181,1194,Duke,FL Atlantic,1845.2729639492043,1746.7781373494456,5,9
2023_1181_1425,0.7924975332459179,1181,1425,Duke,USC,1845.2729639492043,1716.5818346310734,5,10
2023_1181_1344,0.8375504127298843,1181,1344,Duke,Providence,1845.2729639492043,1685.9706433075437,5,11
2023_1181_1331,0.8234779454169454,1181,1331,Duke,Oral Roberts,1845.2729639492043,1711.1744144323911,5,12
2023_1181_1418,0.8780883569059833,1181,1418,Duke,Louisiana,1845.2729639492043,1645.1504020471127,5,13
2023_1181_1286,0.8706572993582624,1181,1286,Duke,Montana St,1845.2729639492043,1655.4361016972314,5,14
2023_1181_1436,0.860971409208377,1181,1436,Duke,Vermont,1845.2729639492043,1668.1133507689126,5,15
2023_1181_1192,0.9744682985299192,1181,1192,Duke,F Dickinson,1845.2729639492043,1391.6821788610928,5,16
2023_1181_1411,0.9677810068341466,1181,1411,Duke,TX Southern,1845.2729639492043,1428.0901684842972,5,16
2023_1104_1181,0.3660856509788112,1181,1104,Duke,Alabama,1845.2729639492043,1868.7297204435874,5,1
2023_1112_1181,0.4084042869890094,1181,1112,Duke,Arizona,1845.2729639492043,1856.6001180607218,5,2
2023_1124_1181,0.524774721836063,1181,1124,Duke,Baylor,1845.2729639492043,1800.197283210896,5,3
2023_1181_1438,0.5894690801327588,1181,1438,Duke,Virginia,1845.2729639492043,1775.2826588934145,5,4
2023_1181_1361,0.5729744228314457,1181,1361,Duke,San Diego St,1845.2729639492043,1800.5844923405775,5,5
2023_1166_1181,0.7086104175433877,1181,1166,Duke,Creighton,1845.2729639492043,1725.1962348790335,5,6
2023_1181_1281,0.7675243314332761,1181,1281,Duke,Missouri,1845.2729639492043,1693.7228376167006,5,7
2023_1181_1268,0.8290094086621846,1181,1268,Duke,Maryland,1845.2729639492043,1650.3174281040574,5,8
2023_1181_1452,0.8159219693175697,1181,1452,Duke,West Virginia,1845.2729639492043,1678.9466303200704,5,9
2023_1181_1429,0.8052800074400702,1181,1429,Duke,Utah St,1845.2729639492043,1704.4852334784591,5,10
2023_1181_1301,0.8677169426282559,1181,1301,Duke,NC State,1845.2729639492043,1649.3671152451273,5,11
2023_1158_1181,0.8026683436822935,1181,1158,Duke,Col Charleston,1845.2729639492043,1732.0041830298856,5,12
2023_1181_1202,0.8482207914358019,1181,1202,Duke,Furman,1845.2729639492043,1683.7191435589261,5,13
2023_1181_1364,0.8801916327765442,1181,1364,Duke,UC Santa Barbara,1845.2729639492043,1642.1414337640413,5,14
2023_1181_1343,0.8881191671384636,1181,1343,Duke,Princeton,1845.2729639492043,1630.3725206426989,5,15
2023_1181_1369,0.964098021290244,1181,1369,Duke,SE Missouri St,1845.2729639492043,1445.1219816825092,5,16
2023_1181_1394,0.9446169134953443,1181,1394,Duke,TAM C. Christi,1845.2729639492043,1514.1154672296293,5,16
2023_1181_1222,0.2912732182929584,1181,1222,Duke,Houston,1845.2729639492043,1920.435365457398,5,1
2023_1181_1400,0.4477067783047462,1181,1400,Duke,Texas,1845.2729639492043,1832.1845791662383,5,2
2023_1181_1462,0.6050412167488427,1181,1462,Duke,Xavier,1845.2729639492043,1750.441349381301,5,3
2023_1181_1231,0.6762034782213404,1181,1231,Duke,Indiana,1845.2729639492043,1718.3411365693653,5,4
2023_1181_1274,0.6340840876396652,1181,1274,Duke,Miami FL,1845.2729639492043,1761.7050183357899,5,5
2023_1181_1235,0.7770513991312906,1181,1235,Duke,Iowa St,1845.2729639492043,1670.487215520616,5,6
2023_1181_1401,0.6487199373834049,1181,1401,Duke,Texas A&M,1845.2729639492043,1782.031653556092,5,7
2023_1181_1234,0.8057741757738403,1181,1234,Duke,Iowa,1845.2729639492043,1674.0057339344742,5,8
2023_1120_1181,0.8009502516729741,1181,1120,Duke,Auburn,1845.2729639492043,1693.6475956688491,5,9
2023_1181_1336,0.8257700312947155,1181,1336,Duke,Penn St,1845.2729639492043,1683.7652733456566,5,10
2023_1181_1280,0.8647301243087765,1181,1280,Duke,Mississippi St,1845.2729639492043,1653.2851397595643,5,11
2023_1181_1338,0.8886876252002831,1181,1338,Duke,Pittsburgh,1845.2729639492043,1619.5009744031915,5,11
2023_1179_1181,0.7942891045187305,1181,1179,Duke,Drake,1845.2729639492043,1739.9205052619825,5,12
2023_1181_1245,0.7971951835141285,1181,1245,Duke,Kent,1845.2729639492043,1737.2027235579665,5,13
2023_1181_1244,0.9102400674815982,1181,1244,Duke,Kennesaw,1845.2729639492043,1593.1472630252326,5,14
2023_1159_1181,0.8621017662693723,1181,1159,Duke,Colgate,1845.2729639492043,1666.6730229861578,5,15
2023_1181_1297,0.9203027825978397,1181,1297,Duke,N Kentucky,1845.2729639492043,1573.4023120999589,5,16
2023_1181_1242,0.3171730898596507,1181,1242,Duke,Kansas,1845.2729639492043,1901.827967278591,5,1
2023_1181_1417,0.39060627571003026,1181,1417,Duke,UCLA,1845.2729639492043,1867.878530223314,5,2
2023_1181_1211,0.339627446214055,1181,1211,Duke,Gonzaga,1845.2729639492043,1916.3481463531193,5,3
2023_1163_1181,0.5905754291620312,1181,1163,Duke,Connecticut,1845.2729639492043,1774.5874488350346,5,4
2023_1181_1388,0.6108299915576689,1181,1388,Duke,St Mary's CA,1845.2729639492043,1776.7496178560762,5,5
2023_1181_1395,0.7521049207711894,1181,1395,Duke,TCU,1845.2729639492043,1691.5692805081464,5,6
2023_1181_1321,0.8206086760646104,1181,1321,Duke,Northwestern,1845.2729639492043,1644.1558296981314,5,7
2023_1116_1181,0.7700919812792834,1181,1116,Duke,Arkansas,1845.2729639492043,1706.5269951056146,5,8
2023_1181_1228,0.8154444206805965,1181,1228,Duke,Illinois,1845.2729639492043,1679.4294486143315,5,9
2023_1129_1181,0.7910218524616333,1181,1129,Duke,Boise St,1845.2729639492043,1717.9423017771614,5,10
2023_1113_1181,0.8642020172515135,1181,1113,Duke,Arizona St,1845.2729639492043,1653.970278968981,5,11
2023_1181_1305,0.8939337772633649,1181,1305,Duke,Nevada,1845.2729639492043,1611.2680783755488,5,11
2023_1181_1433,0.7757412561558155,1181,1433,Duke,VCU,1845.2729639492043,1756.6343375804404,5,12
2023_1181_1233,0.8306070940819521,1181,1233,Duke,Iona,1845.2729639492043,1703.5978177653083,5,13
2023_1181_1213,0.8886401345367312,1181,1213,Duke,Grand Canyon,1845.2729639492043,1629.5739347665058,5,14
2023_1181_1421,0.8948445807412245,1181,1421,Duke,UNC Asheville,1845.2729639492043,1619.8023803848475,5,15
2023_1181_1224,0.9494698957327264,1181,1224,Duke,Howard,1845.2729639492043,1499.3971122037642,5,16
2023_1246_1277,0.5644512905755872,1246,1277,Kentucky,Michigan St,1722.1660530797521,1697.759644380619,6,7
2023_1246_1272,0.4457560513427026,1246,1272,Kentucky,Memphis,1722.1660530797521,1785.2773524432534,6,8
2023_1194_1246,0.5334818981376511,1246,1194,Kentucky,FL Atlantic,1722.1660530797521,1746.7781373494456,6,9
2023_1246_1425,0.606223779341199,1246,1425,Kentucky,USC,1722.1660530797521,1716.5818346310734,6,10
2023_1246_1344,0.675141803597588,1246,1344,Kentucky,Providence,1722.1660530797521,1685.9706433075437,6,11
2023_1246_1331,0.660249274046058,1246,1331,Kentucky,Oral Roberts,1722.1660530797521,1711.1744144323911,6,12
2023_1246_1418,0.7621590595828949,1246,1418,Kentucky,Louisiana,1722.1660530797521,1645.1504020471127,6,13
2023_1246_1286,0.7496760742951739,1246,1286,Kentucky,Montana St,1722.1660530797521,1655.4361016972314,6,14
2023_1246_1436,0.7337014510672731,1246,1436,Kentucky,Vermont,1722.1660530797521,1668.1133507689126,6,15
2023_1192_1246,0.9443846114893326,1246,1192,Kentucky,F Dickinson,1722.1660530797521,1391.6821788610928,6,16
2023_1246_1411,0.9303807087095958,1246,1411,Kentucky,TX Southern,1722.1660530797521,1428.0901684842972,6,16
2023_1104_1246,0.1888306481677395,1246,1104,Kentucky,Alabama,1722.1660530797521,1868.7297204435874,6,1
2023_1112_1246,0.21769568692205785,1246,1112,Kentucky,Arizona,1722.1660530797521,1856.6001180607218,6,2
2023_1124_1246,0.3080184420222255,1246,1124,Kentucky,Baylor,1722.1660530797521,1800.197283210896,6,3
2023_1246_1438,0.3666051231202923,1246,1438,Kentucky,Virginia,1722.1660530797521,1775.2826588934145,6,4
2023_1246_1361,0.3510145577838164,1246,1361,Kentucky,San Diego St,1722.1660530797521,1800.5844923405775,6,5
2023_1166_1246,0.495016414011852,1246,1166,Kentucky,Creighton,1722.1660530797521,1725.1962348790335,6,6
2023_1246_1281,0.570968783935855,1246,1281,Kentucky,Missouri,1722.1660530797521,1693.7228376167006,6,7
2023_1246_1268,0.6615128359278188,1246,1268,Kentucky,Maryland,1722.1660530797521,1650.3174281040574,6,8
2023_1246_1452,0.6411546606820203,1246,1452,Kentucky,West Virginia,1722.1660530797521,1678.9466303200704,6,9
2023_1246_1429,0.6250520491625186,1246,1429,Kentucky,Utah St,1722.1660530797521,1704.4852334784591,6,10
2023_1246_1301,0.7255860226250329,1246,1301,Kentucky,NC State,1722.1660530797521,1649.3671152451273,6,11
2023_1158_1246,0.6288695156219349,1246,1158,Kentucky,Col Charleston,1722.1660530797521,1732.0041830298856,6,12
2023_1202_1246,0.7131672236316584,1246,1202,Kentucky,Furman,1722.1660530797521,1683.7191435589261,6,13
2023_1246_1364,0.7657287899071029,1246,1364,Kentucky,UC Santa Barbara,1722.1660530797521,1642.1414337640413,6,14
2023_1246_1343,0.7793313549454459,1246,1343,Kentucky,Princeton,1722.1660530797521,1630.3725206426989,6,15
2023_1246_1369,0.922763656416338,1246,1369,Kentucky,SE Missouri St,1722.1660530797521,1445.1219816825092,6,16
2023_1246_1394,0.8835625302977093,1246,1394,Kentucky,TAM C. Christi,1722.1660530797521,1514.1154672296293,6,16
2023_1222_1246,0.14212052788483046,1246,1222,Kentucky,Houston,1722.1660530797521,1920.435365457398,6,1
2023_1246_1400,0.246285845931315,1246,1400,Kentucky,Texas,1722.1660530797521,1832.1845791662383,6,2
2023_1246_1462,0.3817647220745897,1246,1462,Kentucky,Xavier,1722.1660530797521,1750.441349381301,6,3
2023_1231_1246,0.4570558119064444,1246,1231,Kentucky,Indiana,1722.1660530797521,1718.3411365693653,6,4
2023_1246_1274,0.4112496622392255,1246,1274,Kentucky,Miami FL,1722.1660530797521,1761.7050183357899,6,5
2023_1235_1246,0.5841869979225317,1246,1235,Kentucky,Iowa St,1722.1660530797521,1670.487215520616,6,6
2023_1246_1401,0.42674048247342555,1246,1401,Kentucky,Texas A&M,1722.1660530797521,1782.031653556092,6,7
2023_1234_1246,0.6257910609459503,1246,1234,Kentucky,Iowa,1722.1660530797521,1674.0057339344742,6,8
2023_1120_1246,0.6186127711048687,1246,1120,Kentucky,Auburn,1722.1660530797521,1693.6475956688491,6,9
2023_1246_1336,0.6564154069663356,1246,1336,Kentucky,Penn St,1722.1660530797521,1683.7652733456566,6,10
2023_1246_1280,0.720424017807923,1246,1280,Kentucky,Mississippi St,1722.1660530797521,1653.2851397595643,6,11
2023_1246_1338,0.7629326726902566,1246,1338,Kentucky,Pittsburgh,1722.1660530797521,1619.5009744031915,6,11
2023_1179_1246,0.6166350762370367,1246,1179,Kentucky,Drake,1722.1660530797521,1739.9205052619825,6,12
2023_1245_1246,0.6362114046846067,1246,1245,Kentucky,Kent,1722.1660530797521,1737.2027235579665,6,13
2023_1244_1246,0.8185674956817113,1246,1244,Kentucky,Kennesaw,1722.1660530797521,1593.1472630252326,6,14
2023_1159_1246,0.7355487332771805,1246,1159,Kentucky,Colgate,1722.1660530797521,1666.6730229861578,6,15
2023_1246_1297,0.8370677470256637,1246,1297,Kentucky,N Kentucky,1722.1660530797521,1573.4023120999589,6,16
2023_1242_1246,0.1577090651812243,1246,1242,Kentucky,Kansas,1722.1660530797521,1901.827967278591,6,1
2023_1246_1417,0.2053241675860706,1246,1417,Kentucky,UCLA,1722.1660530797521,1867.878530223314,6,2
2023_1211_1246,0.1717130851274681,1246,1211,Kentucky,Gonzaga,1722.1660530797521,1916.3481463531193,6,3
2023_1163_1246,0.36766779956670004,1246,1163,Kentucky,Connecticut,1722.1660530797521,1774.5874488350346,6,4
2023_1246_1388,0.38751322609563843,1246,1388,Kentucky,St Mary's CA,1722.1660530797521,1776.7496178560762,6,5
2023_1246_1395,0.5501533950380433,1246,1395,Kentucky,TCU,1722.1660530797521,1691.5692805081464,6,6
2023_1246_1321,0.6483734143982072,1246,1321,Kentucky,Northwestern,1722.1660530797521,1644.1558296981314,6,7
2023_1116_1246,0.5745038499415642,1246,1116,Kentucky,Arkansas,1722.1660530797521,1706.5269951056146,6,8
2023_1228_1246,0.6404235285449399,1246,1228,Kentucky,Illinois,1722.1660530797521,1679.4294486143315,6,9
2023_1129_1246,0.6040851853192922,1246,1129,Kentucky,Boise St,1722.1660530797521,1717.9423017771614,6,10
2023_1113_1246,0.7195152656055287,1246,1113,Kentucky,Arizona St,1722.1660530797521,1653.970278968981,6,11
2023_1246_1305,0.7725890073138307,1246,1305,Kentucky,Nevada,1722.1660530797521,1611.2680783755488,6,11
2023_1246_1433,0.5903307528447983,1246,1433,Kentucky,VCU,1722.1660530797521,1756.6343375804404,6,12
2023_1233_1246,0.685688396816663,1246,1233,Kentucky,Iona,1722.1660530797521,1703.5978177653083,6,13
2023_1213_1246,0.780233536978713,1246,1213,Kentucky,Grand Canyon,1722.1660530797521,1629.5739347665058,6,14
2023_1246_1421,0.7910577497757448,1246,1421,Kentucky,UNC Asheville,1722.1660530797521,1619.8023803848475,6,15
2023_1224_1246,0.8931603489752888,1246,1224,Kentucky,Howard,1722.1660530797521,1499.3971122037642,6,16
2023_1272_1277,0.38294174669147407,1277,1272,Michigan St,Memphis,1697.759644380619,1785.2773524432534,7,8
2023_1194_1277,0.46876095820795455,1277,1194,Michigan St,FL Atlantic,1697.759644380619,1746.7781373494456,7,9
2023_1277_1425,0.5429486389029399,1277,1425,Michigan St,USC,1697.759644380619,1716.5818346310734,7,10
2023_1277_1344,0.6159248031887862,1277,1344,Michigan St,Providence,1697.759644380619,1685.9706433075437,7,11
2023_1277_1331,0.5999262454526378,1277,1331,Michigan St,Oral Roberts,1697.759644380619,1711.1744144323911,7,12
2023_1277_1418,0.7187358736586367,1277,1418,Michigan St,Louisiana,1697.759644380619,1645.1504020471127,7,13
2023_1277_1286,0.7183557547459796,1277,1286,Michigan St,Montana St,1697.759644380619,1655.4361016972314,7,14
2023_1277_1436,0.7011790944806773,1277,1436,Michigan St,Vermont,1697.759644380619,1668.1133507689126,7,15
2023_1192_1277,0.9353243348710109,1277,1192,Michigan St,F Dickinson,1697.759644380619,1391.6821788610928,7,16
2023_1277_1411,0.9192341705797047,1277,1411,Michigan St,TX Southern,1697.759644380619,1428.0901684842972,7,16
2023_1104_1277,0.15227428487519745,1277,1104,Michigan St,Alabama,1697.759644380619,1868.7297204435874,7,1
2023_1112_1277,0.1767689905865193,1277,1112,Michigan St,Arizona,1697.759644380619,1856.6001180607218,7,2
2023_1124_1277,0.2556604530843371,1277,1124,Michigan St,Baylor,1697.759644380619,1800.197283210896,7,3
2023_1277_1438,0.3087315336580036,1277,1438,Michigan St,Virginia,1697.759644380619,1775.2826588934145,7,4
2023_1277_1361,0.2944579752565406,1277,1361,Michigan St,San Diego St,1697.759644380619,1800.5844923405775,7,5
2023_1166_1277,0.43065421849375873,1277,1166,Michigan St,Creighton,1697.759644380619,1725.1962348790335,7,6
2023_1277_1281,0.5066389605720066,1277,1281,Michigan St,Missouri,1697.759644380619,1693.7228376167006,7,7
2023_1268_1277,0.6012786720654903,1277,1268,Michigan St,Maryland,1697.759644380619,1650.3174281040574,7,8
2023_1277_1452,0.5796000476986731,1277,1452,Michigan St,West Virginia,1697.759644380619,1678.9466303200704,7,9
2023_1277_1429,0.5626195543982182,1277,1429,Michigan St,Utah St,1697.759644380619,1704.4852334784591,7,10
2023_1277_1301,0.6710845367125178,1277,1301,Michigan St,NC State,1697.759644380619,1649.3671152451273,7,11
2023_1158_1277,0.5666319535231029,1277,1158,Michigan St,Col Charleston,1697.759644380619,1732.0041830298856,7,12
2023_1202_1277,0.664734099554608,1277,1202,Michigan St,Furman,1697.759644380619,1683.7191435589261,7,13
2023_1277_1364,0.7357088944524813,1277,1364,Michigan St,UC Santa Barbara,1697.759644380619,1642.1414337640413,7,14
2023_1277_1343,0.7504865382764333,1277,1343,Michigan St,Princeton,1697.759644380619,1630.3725206426989,7,15
2023_1277_1369,0.9105148718120328,1277,1369,Michigan St,SE Missouri St,1697.759644380619,1445.1219816825092,7,16
2023_1277_1394,0.865999690330779,1277,1394,Michigan St,TAM C. Christi,1697.759644380619,1514.1154672296293,7,16
2023_1222_1277,0.11334340275760647,1277,1222,Michigan St,Houston,1697.759644380619,1920.435365457398,7,1
2023_1277_1400,0.20136773877840963,1277,1400,Michigan St,Texas,1697.759644380619,1832.1845791662383,7,2
2023_1277_1462,0.32271730327364617,1277,1462,Michigan St,Xavier,1697.759644380619,1750.441349381301,7,3
2023_1231_1277,0.3937805021808681,1277,1231,Michigan St,Indiana,1697.759644380619,1718.3411365693653,7,4
2023_1274_1277,0.35022526188971803,1277,1274,Michigan St,Miami FL,1697.759644380619,1761.7050183357899,7,5
2023_1235_1277,0.5201735509221155,1277,1235,Michigan St,Iowa St,1697.759644380619,1670.487215520616,7,6
2023_1277_1401,0.3648418802981619,1277,1401,Michigan St,Texas A&M,1697.759644380619,1782.031653556092,7,7
2023_1234_1277,0.5633956654854606,1277,1234,Michigan St,Iowa,1697.759644380619,1674.0057339344742,7,8
2023_1120_1277,0.5558699261464285,1277,1120,Michigan St,Auburn,1697.759644380619,1693.6475956688491,7,9
2023_1277_1336,0.5958283664602926,1277,1336,Michigan St,Penn St,1697.759644380619,1683.7652733456566,7,10
2023_1277_1280,0.6653701242793125,1277,1280,Michigan St,Mississippi St,1697.759644380619,1653.2851397595643,7,11
2023_1277_1338,0.71291383141906,1277,1338,Michigan St,Pittsburgh,1697.759644380619,1619.5009744031915,7,11
2023_1179_1277,0.5538015512172524,1277,1179,Michigan St,Drake,1697.759644380619,1739.9205052619825,7,12
2023_1245_1277,0.5823929824117304,1277,1245,Michigan St,Kent,1697.759644380619,1737.2027235579665,7,13
2023_1244_1277,0.7934924270957475,1277,1244,Michigan St,Kennesaw,1697.759644380619,1593.1472630252326,7,14
2023_1159_1277,0.7031607062230453,1277,1159,Michigan St,Colgate,1697.759644380619,1666.6730229861578,7,15
2023_1277_1297,0.813968443832646,1277,1297,Michigan St,N Kentucky,1697.759644380619,1573.4023120999589,7,16
2023_1242_1277,0.12623999112232634,1277,1242,Michigan St,Kansas,1697.759644380619,1901.827967278591,7,1
2023_1277_1417,0.16622910194405266,1277,1417,Michigan St,UCLA,1697.759644380619,1867.878530223314,7,2
2023_1211_1277,0.1379071804624236,1277,1211,Michigan St,Gonzaga,1697.759644380619,1916.3481463531193,7,3
2023_1163_1277,0.30970848009998725,1277,1163,Michigan St,Connecticut,1697.759644380619,1774.5874488350346,7,4
2023_1277_1388,0.3280484732250371,1277,1388,Michigan St,St Mary's CA,1697.759644380619,1776.7496178560762,7,5
2023_1277_1395,0.48551481384239387,1277,1395,Michigan St,TCU,1697.759644380619,1691.5692805081464,7,6
2023_1277_1321,0.5872599415592283,1277,1321,Michigan St,Northwestern,1697.759644380619,1644.1558296981314,7,7
2023_1116_1277,0.5102494249614828,1277,1116,Michigan St,Arkansas,1697.759644380619,1706.5269951056146,7,8
2023_1228_1277,0.5788258856313919,1277,1228,Michigan St,Illinois,1697.759644380619,1679.4294486143315,7,9
2023_1129_1277,0.5407267438937216,1277,1129,Michigan St,Boise St,1697.759644380619,1717.9423017771614,7,10
2023_1113_1277,0.6643657916349189,1277,1113,Michigan St,Arizona St,1697.759644380619,1653.970278968981,7,11
2023_1277_1305,0.7238701593377692,1277,1305,Michigan St,Nevada,1697.759644380619,1611.2680783755488,7,11
2023_1277_1433,0.5264965058601588,1277,1433,Michigan St,VCU,1697.759644380619,1756.6343375804404,7,12
2023_1233_1277,0.6349901273248579,1277,1233,Michigan St,Iona,1697.759644380619,1703.5978177653083,7,13
2023_1213_1277,0.7514690415521276,1277,1213,Michigan St,Grand Canyon,1697.759644380619,1629.5739347665058,7,14
2023_1277_1421,0.763280164341333,1277,1421,Michigan St,UNC Asheville,1697.759644380619,1619.8023803848475,7,15
2023_1224_1277,0.8768434077154598,1277,1224,Michigan St,Howard,1697.759644380619,1499.3971122037642,7,16
2023_1194_1272,0.5870931359380681,1272,1194,Memphis,FL Atlantic,1785.2773524432534,1746.7781373494456,8,9
2023_1272_1425,0.6568525912124226,1272,1425,Memphis,USC,1785.2773524432534,1716.5818346310734,8,10
2023_1272_1344,0.72098787446976,1272,1344,Memphis,Providence,1785.2773524432534,1685.9706433075437,8,11
2023_1272_1331,0.7072858494470289,1272,1331,Memphis,Oral Roberts,1785.2773524432534,1711.1744144323911,8,12
2023_1272_1418,0.804597451746715,1272,1418,Memphis,Louisiana,1785.2773524432534,1645.1504020471127,8,13
2023_1272_1286,0.8094275480275841,1272,1286,Memphis,Montana St,1785.2773524432534,1655.4361016972314,8,14
2023_1272_1436,0.8066958253534906,1272,1436,Memphis,Vermont,1785.2773524432534,1668.1133507689126,8,15
2023_1192_1272,0.962574929953088,1272,1192,Memphis,F Dickinson,1785.2773524432534,1391.6821788610928,8,16
2023_1272_1411,0.9529230069388892,1272,1411,Memphis,TX Southern,1785.2773524432534,1428.0901684842972,8,16
2023_1104_1272,0.23025017786907695,1272,1104,Memphis,Alabama,1785.2773524432534,1868.7297204435874,8,1
2023_1112_1272,0.2570587030856234,1272,1112,Memphis,Arizona,1785.2773524432534,1856.6001180607218,8,2
2023_1124_1272,0.356275496004435,1272,1124,Memphis,Baylor,1785.2773524432534,1800.197283210896,8,3
2023_1272_1438,0.4184898871343218,1272,1438,Memphis,Virginia,1785.2773524432534,1775.2826588934145,8,4
2023_1272_1361,0.4020935598778058,1272,1361,Memphis,San Diego St,1785.2773524432534,1800.5844923405775,8,5
2023_1166_1272,0.5493136864227415,1272,1166,Memphis,Creighton,1785.2773524432534,1725.1962348790335,8,6
2023_1272_1281,0.6233138827475951,1272,1281,Memphis,Missouri,1785.2773524432534,1693.7228376167006,8,7
2023_1268_1272,0.7084517240081663,1272,1268,Memphis,Maryland,1785.2773524432534,1650.3174281040574,8,8
2023_1272_1452,0.6895919492809729,1272,1452,Memphis,West Virginia,1785.2773524432534,1678.9466303200704,8,9
2023_1272_1429,0.6745596247844609,1272,1429,Memphis,Utah St,1785.2773524432534,1704.4852334784591,8,10
2023_1272_1301,0.7667723436700458,1272,1301,Memphis,NC State,1785.2773524432534,1649.3671152451273,8,11
2023_1158_1272,0.6781325979636905,1272,1158,Memphis,Col Charleston,1785.2773524432534,1732.0041830298856,8,12
2023_1202_1272,0.761613102512203,1272,1202,Memphis,Furman,1785.2773524432534,1683.7191435589261,8,13
2023_1272_1364,0.8225554855009156,1272,1364,Memphis,UC Santa Barbara,1785.2773524432534,1642.1414337640413,8,14
2023_1272_1343,0.8425031066958762,1272,1343,Memphis,Princeton,1785.2773524432534,1630.3725206426989,8,15
2023_1272_1369,0.9476334904630027,1272,1369,Memphis,SE Missouri St,1785.2773524432534,1445.1219816825092,8,16
2023_1272_1394,0.9199601126778343,1272,1394,Memphis,TAM C. Christi,1785.2773524432534,1514.1154672296293,8,16
2023_1222_1272,0.17551116259108748,1272,1222,Memphis,Houston,1785.2773524432534,1920.435365457398,8,1
2023_1272_1400,0.2889092866653331,1272,1400,Memphis,Texas,1785.2773524432534,1832.1845791662383,8,2
2023_1272_1462,0.4343238008175263,1272,1462,Memphis,Xavier,1785.2773524432534,1750.441349381301,8,3
2023_1231_1272,0.5114060403290518,1272,1231,Memphis,Indiana,1785.2773524432534,1718.3411365693653,8,4
2023_1272_1274,0.464816085691369,1272,1274,Memphis,Miami FL,1785.2773524432534,1761.7050183357899,8,5
2023_1235_1272,0.6359476532293009,1272,1235,Memphis,Iowa St,1785.2773524432534,1670.487215520616,8,6
2023_1272_1401,0.4806772861201217,1272,1401,Memphis,Texas A&M,1785.2773524432534,1782.031653556092,8,7
2023_1234_1272,0.6752517555870295,1272,1234,Memphis,Iowa,1785.2773524432534,1674.0057339344742,8,8
2023_1120_1272,0.6685196803717214,1272,1120,Memphis,Auburn,1785.2773524432534,1693.6475956688491,8,9
2023_1272_1336,0.7037445986531479,1272,1336,Memphis,Penn St,1785.2773524432534,1683.7652733456566,8,10
2023_1272_1280,0.7621311068390155,1272,1280,Memphis,Mississippi St,1785.2773524432534,1653.2851397595643,8,11
2023_1272_1338,0.800058288320116,1272,1338,Memphis,Pittsburgh,1785.2773524432534,1619.5009744031915,8,11
2023_1179_1272,0.6666613285935278,1272,1179,Memphis,Drake,1785.2773524432534,1739.9205052619825,8,12
2023_1245_1272,0.6920424096250721,1272,1245,Memphis,Kent,1785.2773524432534,1737.2027235579665,8,13
2023_1244_1272,0.8648395652527241,1272,1244,Memphis,Kennesaw,1785.2773524432534,1593.1472630252326,8,14
2023_1159_1272,0.8081691433503563,1272,1159,Memphis,Colgate,1785.2773524432534,1666.6730229861578,8,15
2023_1272_1297,0.8861261488304406,1272,1297,Memphis,N Kentucky,1785.2773524432534,1573.4023120999589,8,16
2023_1242_1272,0.19393421791830698,1272,1242,Memphis,Kansas,1785.2773524432534,1901.827967278591,8,1
2023_1272_1417,0.24314547411355444,1272,1417,Memphis,UCLA,1785.2773524432534,1867.878530223314,8,2
2023_1211_1272,0.20493980325667793,1272,1211,Memphis,Gonzaga,1785.2773524432534,1916.3481463531193,8,3
2023_1163_1272,0.41960332787564475,1272,1163,Memphis,Connecticut,1785.2773524432534,1774.5874488350346,8,4
2023_1272_1388,0.44030008445723123,1272,1388,Memphis,St Mary's CA,1785.2773524432534,1776.7496178560762,8,5
2023_1272_1395,0.6032735138058116,1272,1395,Memphis,TCU,1785.2773524432534,1691.5692805081464,8,6
2023_1272_1321,0.6962978597843448,1272,1321,Memphis,Northwestern,1785.2773524432534,1644.1558296981314,8,7
2023_1116_1272,0.6266996316435641,1272,1116,Memphis,Arkansas,1785.2773524432534,1706.5269951056146,8,8
2023_1228_1272,0.6889116221779622,1272,1228,Memphis,Illinois,1785.2773524432534,1679.4294486143315,8,9
2023_1129_1272,0.6548324042551232,1272,1129,Memphis,Boise St,1785.2773524432534,1717.9423017771614,8,10
2023_1113_1272,0.7613130066259237,1272,1113,Memphis,Arizona St,1785.2773524432534,1653.970278968981,8,11
2023_1272_1305,0.8085818175723812,1272,1305,Memphis,Nevada,1785.2773524432534,1611.2680783755488,8,11
2023_1272_1433,0.6417955669683901,1272,1433,Memphis,VCU,1785.2773524432534,1756.6343375804404,8,12
2023_1233_1272,0.737064296951086,1272,1233,Memphis,Iona,1785.2773524432534,1703.5978177653083,8,13
2023_1213_1272,0.8343031925803487,1272,1213,Memphis,Grand Canyon,1785.2773524432534,1629.5739347665058,8,14
2023_1272_1421,0.8515121470905013,1272,1421,Memphis,UNC Asheville,1785.2773524432534,1619.8023803848475,8,15
2023_1224_1272,0.9268062525932886,1272,1224,Memphis,Howard,1785.2773524432534,1499.3971122037642,8,16
2023_1194_1425,0.5737916631752827,1194,1425,FL Atlantic,USC,1746.7781373494456,1716.5818346310734,9,10
2023_1194_1344,0.6450625388062613,1194,1344,FL Atlantic,Providence,1746.7781373494456,1685.9706433075437,9,11
2023_1194_1331,0.6295477027275663,1194,1331,FL Atlantic,Oral Roberts,1746.7781373494456,1711.1744144323911,9,12
2023_1194_1418,0.7433242797832244,1194,1418,FL Atlantic,Louisiana,1746.7781373494456,1645.1504020471127,9,13
2023_1194_1286,0.7491968513289107,1194,1286,FL Atlantic,Montana St,1746.7781373494456,1655.4361016972314,9,14
2023_1194_1436,0.7520572077907514,1194,1436,FL Atlantic,Vermont,1746.7781373494456,1668.1133507689126,9,15
2023_1192_1194,0.9523019623402924,1194,1192,FL Atlantic,F Dickinson,1746.7781373494456,1391.6821788610928,9,16
2023_1194_1411,0.9401653310203086,1194,1411,FL Atlantic,TX Southern,1746.7781373494456,1428.0901684842972,9,16
2023_1104_1194,0.18844005550981985,1194,1104,FL Atlantic,Alabama,1746.7781373494456,1868.7297204435874,9,1
2023_1112_1194,0.20094799309073164,1194,1112,FL Atlantic,Arizona,1746.7781373494456,1856.6001180607218,9,2
2023_1124_1194,0.280188261507059,1194,1124,FL Atlantic,Baylor,1746.7781373494456,1800.197283210896,9,3
2023_1194_1438,0.33605219429224503,1194,1438,FL Atlantic,Virginia,1746.7781373494456,1775.2826588934145,9,4
2023_1194_1361,0.3211022531881496,1194,1361,FL Atlantic,San Diego St,1746.7781373494456,1800.5844923405775,9,5
2023_1166_1194,0.46156017214036316,1194,1166,FL Atlantic,Creighton,1746.7781373494456,1725.1962348790335,9,6
2023_1194_1281,0.5378466056122769,1194,1281,FL Atlantic,Missouri,1746.7781373494456,1693.7228376167006,9,7
2023_1194_1268,0.6308616085532035,1194,1268,FL Atlantic,Maryland,1746.7781373494456,1650.3174281040574,9,8
2023_1194_1452,0.6097474842871641,1194,1452,FL Atlantic,West Virginia,1746.7781373494456,1678.9466303200704,9,9
2023_1194_1429,0.5931298828418684,1194,1429,FL Atlantic,Utah St,1746.7781373494456,1704.4852334784591,9,10
2023_1194_1301,0.6980888221996132,1194,1301,FL Atlantic,NC State,1746.7781373494456,1649.3671152451273,9,11
2023_1158_1194,0.5970628429483916,1194,1158,FL Atlantic,Col Charleston,1746.7781373494456,1732.0041830298856,9,12
2023_1194_1202,0.6920204876154873,1194,1202,FL Atlantic,Furman,1746.7781373494456,1683.7191435589261,9,13
2023_1194_1364,0.765270676173425,1194,1364,FL Atlantic,UC Santa Barbara,1746.7781373494456,1642.1414337640413,9,14
2023_1194_1343,0.7954188763144745,1194,1343,FL Atlantic,Princeton,1746.7781373494456,1630.3725206426989,9,15
2023_1194_1369,0.9335423459921893,1194,1369,FL Atlantic,SE Missouri St,1746.7781373494456,1445.1219816825092,9,16
2023_1194_1394,0.899214400900746,1194,1394,FL Atlantic,TAM C. Christi,1746.7781373494456,1514.1154672296293,9,16
2023_1194_1222,0.141809663176959,1194,1222,FL Atlantic,Houston,1746.7781373494456,1920.435365457398,9,1
2023_1194_1400,0.22797963976463745,1194,1400,FL Atlantic,Texas,1746.7781373494456,1832.1845791662383,9,2
2023_1194_1462,0.3506478107940237,1194,1462,FL Atlantic,Xavier,1746.7781373494456,1750.441349381301,9,3
2023_1194_1231,0.4240109580357491,1194,1231,FL Atlantic,Indiana,1746.7781373494456,1718.3411365693653,9,4
2023_1194_1274,0.3792035649127785,1194,1274,FL Atlantic,Miami FL,1746.7781373494456,1761.7050183357899,9,5
2023_1194_1235,0.5512833172356816,1194,1235,FL Atlantic,Iowa St,1746.7781373494456,1670.487215520616,9,6
2023_1194_1401,0.39429569899992484,1194,1401,FL Atlantic,Texas A&M,1746.7781373494456,1782.031653556092,9,7
2023_1194_1234,0.5938909334069177,1194,1234,FL Atlantic,Iowa,1746.7781373494456,1674.0057339344742,9,8
2023_1120_1194,0.5865050509330353,1194,1120,FL Atlantic,Auburn,1746.7781373494456,1693.6475956688491,9,9
2023_1194_1336,0.625563863187427,1194,1336,FL Atlantic,Penn St,1746.7781373494456,1683.7652733456566,9,10
2023_1194_1280,0.6926286836971577,1194,1280,FL Atlantic,Mississippi St,1746.7781373494456,1653.2851397595643,9,11
2023_1194_1338,0.7378255491361788,1194,1338,FL Atlantic,Pittsburgh,1746.7781373494456,1619.5009744031915,9,11
2023_1179_1194,0.5844726969526471,1194,1179,FL Atlantic,Drake,1746.7781373494456,1739.9205052619825,9,12
2023_1194_1245,0.6124740463900409,1194,1245,FL Atlantic,Kent,1746.7781373494456,1737.2027235579665,9,13
2023_1194_1244,0.8181881740486056,1194,1244,FL Atlantic,Kennesaw,1746.7781373494456,1593.1472630252326,9,14
2023_1159_1194,0.7538198820866931,1194,1159,FL Atlantic,Colgate,1746.7781373494456,1666.6730229861578,9,15
2023_1194_1297,0.8579648851025196,1194,1297,FL Atlantic,N Kentucky,1746.7781373494456,1573.4023120999589,9,16
2023_1194_1242,0.15737035802077987,1194,1242,FL Atlantic,Kansas,1746.7781373494456,1901.827967278591,9,1
2023_1194_1417,0.18929793310707096,1194,1417,FL Atlantic,UCLA,1746.7781373494456,1867.878530223314,9,2
2023_1194_1211,0.15346708734443484,1194,1211,FL Atlantic,Gonzaga,1746.7781373494456,1916.3481463531193,9,3
2023_1163_1194,0.3370734379751499,1194,1163,FL Atlantic,Connecticut,1746.7781373494456,1774.5874488350346,9,4
2023_1194_1388,0.3561977211982424,1194,1388,FL Atlantic,St Mary's CA,1746.7781373494456,1776.7496178560762,9,5
2023_1194_1395,0.5167842353243278,1194,1395,FL Atlantic,TCU,1746.7781373494456,1691.5692805081464,9,6
2023_1194_1321,0.617220846180068,1194,1321,FL Atlantic,Northwestern,1746.7781373494456,1644.1558296981314,9,7
2023_1116_1194,0.5414353992419405,1194,1116,FL Atlantic,Arkansas,1746.7781373494456,1706.5269951056146,9,8
2023_1194_1228,0.6089913861884974,1194,1228,FL Atlantic,Illinois,1746.7781373494456,1679.4294486143315,9,9
2023_1129_1194,0.5716014020110685,1194,1129,FL Atlantic,Boise St,1746.7781373494456,1717.9423017771614,9,10
2023_1113_1194,0.6916682513406565,1194,1113,FL Atlantic,Arizona St,1746.7781373494456,1653.970278968981,9,11
2023_1194_1305,0.7481669884525776,1194,1305,FL Atlantic,Nevada,1746.7781373494456,1611.2680783755488,9,11
2023_1194_1433,0.5575450217352602,1194,1433,FL Atlantic,VCU,1746.7781373494456,1756.6343375804404,9,12
2023_1194_1233,0.6634717522971122,1194,1233,FL Atlantic,Iona,1746.7781373494456,1703.5978177653083,9,13
2023_1194_1213,0.7797956303348266,1194,1213,FL Atlantic,Grand Canyon,1746.7781373494456,1629.5739347665058,9,14
2023_1194_1421,0.8065026345730927,1194,1421,FL Atlantic,UNC Asheville,1746.7781373494456,1619.8023803848475,9,15
2023_1194_1224,0.9076568905669017,1194,1224,FL Atlantic,Howard,1746.7781373494456,1499.3971122037642,9,16
2023_1344_1425,0.5744590345778109,1425,1344,USC,Providence,1716.5818346310734,1685.9706433075437,10,11
2023_1331_1425,0.5579728133686712,1425,1331,USC,Oral Roberts,1716.5818346310734,1711.1744144323911,10,12
2023_1418_1425,0.6826508200964152,1425,1418,USC,Louisiana,1716.5818346310734,1645.1504020471127,10,13
2023_1286_1425,0.689331382338012,1425,1286,USC,Montana St,1716.5818346310734,1655.4361016972314,10,14
2023_1425_1436,0.6925943489144641,1425,1436,USC,Vermont,1716.5818346310734,1668.1133507689126,10,15
2023_1192_1425,0.9387478460214772,1425,1192,USC,F Dickinson,1716.5818346310734,1391.6821788610928,10,16
2023_1411_1425,0.9234396748335032,1425,1411,USC,TX Southern,1716.5818346310734,1428.0901684842972,10,16
2023_1104_1425,0.15991855645039407,1425,1104,USC,Alabama,1716.5818346310734,1868.7297204435874,10,1
2023_1112_1425,0.17093208305612978,1425,1112,USC,Arizona,1716.5818346310734,1856.6001180607218,10,2
2023_1124_1425,0.2300600815313885,1425,1124,USC,Baylor,1716.5818346310734,1800.197283210896,10,3
2023_1425_1438,0.27323416633852327,1425,1438,USC,Virginia,1716.5818346310734,1775.2826588934145,10,4
2023_1361_1425,0.25998452305219943,1425,1361,USC,San Diego St,1716.5818346310734,1800.5844923405775,10,5
2023_1166_1425,0.38902761883794607,1425,1166,USC,Creighton,1716.5818346310734,1725.1962348790335,10,6
2023_1281_1425,0.4636488618407825,1425,1281,USC,Missouri,1716.5818346310734,1693.7228376167006,10,7
2023_1268_1425,0.5593628955709211,1425,1268,USC,Maryland,1716.5818346310734,1650.3174281040574,10,8
2023_1425_1452,0.5371595603892713,1425,1452,USC,West Virginia,1716.5818346310734,1678.9466303200704,10,9
2023_1425_1429,0.519884830507003,1425,1429,USC,Utah St,1716.5818346310734,1704.4852334784591,10,10
2023_1301_1425,0.6320160327733716,1425,1301,USC,NC State,1716.5818346310734,1649.3671152451273,10,11
2023_1158_1425,0.5239575569384278,1425,1158,USC,Col Charleston,1716.5818346310734,1732.0041830298856,10,12
2023_1202_1425,0.6253324209839922,1425,1202,USC,Furman,1716.5818346310734,1683.7191435589261,10,13
2023_1364_1425,0.7077452720058088,1425,1364,USC,UC Santa Barbara,1716.5818346310734,1642.1414337640413,10,14
2023_1343_1425,0.7427987283001403,1425,1343,USC,Princeton,1716.5818346310734,1630.3725206426989,10,15
2023_1369_1425,0.9151324761976604,1425,1369,USC,SE Missouri St,1716.5818346310734,1445.1219816825092,10,16
2023_1394_1425,0.8725929379300164,1425,1394,USC,TAM C. Christi,1716.5818346310734,1514.1154672296293,10,16
2023_1222_1425,0.11930837272764107,1425,1222,USC,Houston,1716.5818346310734,1920.435365457398,10,1
2023_1400_1425,0.19491089221447092,1425,1400,USC,Texas,1716.5818346310734,1832.1845791662383,10,2
2023_1425_1462,0.29304581010083003,1425,1462,USC,Xavier,1716.5818346310734,1750.441349381301,10,3
2023_1231_1425,0.3535050923076311,1425,1231,USC,Indiana,1716.5818346310734,1718.3411365693653,10,4
2023_1274_1425,0.31211109554477534,1425,1274,USC,Miami FL,1716.5818346310734,1761.7050183357899,10,5
2023_1235_1425,0.4771457057495347,1425,1235,USC,Iowa St,1716.5818346310734,1670.487215520616,10,6
2023_1401_1425,0.3259349328819576,1425,1401,USC,Texas A&M,1716.5818346310734,1782.031653556092,10,7
2023_1234_1425,0.5206721677857571,1425,1234,USC,Iowa,1716.5818346310734,1674.0057339344742,10,8
2023_1120_1425,0.5130465095881994,1425,1120,USC,Auburn,1716.5818346310734,1693.6475956688491,10,9
2023_1336_1425,0.5537648470311008,1425,1336,USC,Penn St,1716.5818346310734,1683.7652733456566,10,10
2023_1280_1425,0.62600113827801,1425,1280,USC,Mississippi St,1716.5818346310734,1653.2851397595643,10,11
2023_1338_1425,0.6764181150128775,1425,1338,USC,Pittsburgh,1716.5818346310734,1619.5009744031915,10,11
2023_1179_1425,0.5109541595691642,1425,1179,USC,Drake,1716.5818346310734,1739.9205052619825,10,12
2023_1245_1425,0.5400106813314252,1425,1245,USC,Kent,1716.5818346310734,1737.2027235579665,10,13
2023_1244_1425,0.7697290709433637,1425,1244,USC,Kennesaw,1716.5818346310734,1593.1472630252326,10,14
2023_1159_1425,0.6946080948789721,1425,1159,USC,Colgate,1716.5818346310734,1666.6730229861578,10,15
2023_1297_1425,0.8225973513685015,1425,1297,USC,N Kentucky,1716.5818346310734,1573.4023120999589,10,16
2023_1242_1425,0.13278203374443234,1425,1242,USC,Kansas,1716.5818346310734,1901.827967278591,10,1
2023_1417_1425,0.16067229589298793,1425,1417,USC,UCLA,1716.5818346310734,1867.878530223314,10,2
2023_1211_1425,0.12216275710897746,1425,1211,USC,Gonzaga,1716.5818346310734,1916.3481463531193,10,3
2023_1163_1425,0.2741433321626936,1425,1163,USC,Connecticut,1716.5818346310734,1774.5874488350346,10,4
2023_1388_1425,0.29126590951657305,1425,1388,USC,St Mary's CA,1716.5818346310734,1776.7496178560762,10,5
2023_1395_1425,0.44270874286465706,1425,1395,USC,TCU,1716.5818346310734,1691.5692805081464,10,6
2023_1321_1425,0.5449856731147924,1425,1321,USC,Northwestern,1716.5818346310734,1644.1558296981314,10,7
2023_1116_1425,0.46724310787335416,1425,1116,USC,Arkansas,1716.5818346310734,1706.5269951056146,10,8
2023_1228_1425,0.5363697608653204,1425,1228,USC,Illinois,1716.5818346310734,1679.4294486143315,10,9
2023_1129_1425,0.49776244967261574,1425,1129,USC,Boise St,1716.5818346310734,1717.9423017771614,10,10
2023_1113_1425,0.624945250272269,1425,1113,USC,Arizona St,1716.5818346310734,1653.970278968981,10,11
2023_1305_1425,0.6881580165116128,1425,1305,USC,Nevada,1716.5818346310734,1611.2680783755488,10,11
2023_1425_1433,0.48347263512862676,1425,1433,USC,VCU,1716.5818346310734,1756.6343375804404,10,12
2023_1233_1425,0.5942266582353093,1425,1233,USC,Iona,1716.5818346310734,1703.5978177653083,10,13
2023_1213_1425,0.7245486153761092,1425,1213,USC,Grand Canyon,1716.5818346310734,1629.5739347665058,10,14
2023_1421_1425,0.7558583079193234,1425,1421,USC,UNC Asheville,1716.5818346310734,1619.8023803848475,10,15
2023_1224_1425,0.8829752088744884,1425,1224,USC,Howard,1716.5818346310734,1499.3971122037642,10,16
2023_1331_1344,0.4832241197512449,1344,1331,Providence,Oral Roberts,1685.9706433075437,1711.1744144323911,11,12
2023_1344_1418,0.614416018639315,1344,1418,Providence,Louisiana,1685.9706433075437,1645.1504020471127,11,13
2023_1286_1344,0.6217370678781835,1344,1286,Providence,Montana St,1685.9706433075437,1655.4361016972314,11,14
2023_1344_1436,0.6253240998514586,1344,1436,Providence,Vermont,1685.9706433075437,1668.1133507689126,11,15
2023_1192_1344,0.9190478778608598,1344,1192,Providence,F Dickinson,1685.9706433075437,1391.6821788610928,11,16
2023_1344_1411,0.8993441870058918,1344,1411,Providence,TX Southern,1685.9706433075437,1428.0901684842972,11,16
2023_1104_1344,0.1346774658549607,1344,1104,Providence,Alabama,1685.9706433075437,1868.7297204435874,11,1
2023_1112_1344,0.14425114128310215,1344,1112,Providence,Arizona,1685.9706433075437,1856.6001180607218,11,2
2023_1124_1344,0.1963354411546358,1344,1124,Providence,Baylor,1685.9706433075437,1800.197283210896,11,3
2023_1344_1438,0.22348899477377632,1344,1438,Providence,Virginia,1685.9706433075437,1775.2826588934145,11,4
2023_1344_1361,0.20650599072435433,1344,1361,Providence,San Diego St,1685.9706433075437,1800.5844923405775,11,5
2023_1166_1344,0.32050130085567224,1344,1166,Providence,Creighton,1685.9706433075437,1725.1962348790335,11,6
2023_1281_1344,0.3903766841110378,1344,1281,Providence,Missouri,1685.9706433075437,1693.7228376167006,11,7
2023_1268_1344,0.4846321510369369,1344,1268,Providence,Maryland,1685.9706433075437,1650.3174281040574,11,8
2023_1344_1452,0.4622830954805869,1344,1452,Providence,West Virginia,1685.9706433075437,1678.9466303200704,11,9
2023_1344_1429,0.44510065891155187,1344,1429,Providence,Utah St,1685.9706433075437,1704.4852334784591,11,10
2023_1301_1344,0.5599127149455992,1344,1301,Providence,NC State,1685.9706433075437,1649.3671152451273,11,11
2023_1158_1344,0.449135583065241,1344,1158,Providence,Col Charleston,1685.9706433075437,1732.0041830298856,11,12
2023_1202_1344,0.5528460515230914,1344,1202,Providence,Furman,1685.9706433075437,1683.7191435589261,11,13
2023_1344_1364,0.6420771244697216,1344,1364,Providence,UC Santa Barbara,1685.9706433075437,1642.1414337640413,11,14
2023_1343_1344,0.6814619779527656,1344,1343,Providence,Princeton,1685.9706433075437,1630.3725206426989,11,15
2023_1344_1369,0.8887375127664833,1344,1369,Providence,SE Missouri St,1685.9706433075437,1445.1219816825092,11,16
2023_1344_1394,0.8353480241667366,1344,1394,Providence,TAM C. Christi,1685.9706433075437,1514.1154672296293,11,16
2023_1222_1344,0.09971624620671485,1344,1222,Providence,Houston,1685.9706433075437,1920.435365457398,11,1
2023_1344_1400,0.16523303048284493,1344,1400,Providence,Texas,1685.9706433075437,1832.1845791662383,11,2
2023_1344_1462,0.2531235108080595,1344,1462,Providence,Xavier,1685.9706433075437,1750.441349381301,11,3
2023_1231_1344,0.29507935266594587,1344,1231,Providence,Indiana,1685.9706433075437,1718.3411365693653,11,4
2023_1274_1344,0.25155506575642916,1344,1274,Providence,Miami FL,1685.9706433075437,1761.7050183357899,11,5
2023_1235_1344,0.40334458858428457,1344,1235,Providence,Iowa St,1685.9706433075437,1670.487215520616,11,6
2023_1344_1401,0.2637250682614696,1344,1401,Providence,Texas A&M,1685.9706433075437,1782.031653556092,11,7
2023_1234_1344,0.4458799202812022,1344,1234,Providence,Iowa,1685.9706433075437,1674.0057339344742,11,8
2023_1120_1344,0.4383479121341143,1344,1120,Providence,Auburn,1685.9706433075437,1693.6475956688491,11,9
2023_1336_1344,0.478969041305422,1344,1336,Providence,Penn St,1685.9706433075437,1683.7652733456566,11,10
2023_1280_1344,0.5535517783688441,1344,1280,Providence,Mississippi St,1685.9706433075437,1653.2851397595643,11,11
2023_1338_1344,0.6076134903214837,1344,1338,Providence,Pittsburgh,1685.9706433075437,1619.5009744031915,11,11
2023_1179_1344,0.43628725933432927,1344,1179,Providence,Drake,1685.9706433075437,1739.9205052619825,11,12
2023_1245_1344,0.46513618771310533,1344,1245,Providence,Kent,1685.9706433075437,1737.2027235579665,11,13
2023_1244_1344,0.7123273693588028,1344,1244,Providence,Kennesaw,1685.9706433075437,1593.1472630252326,11,14
2023_1159_1344,0.6275415365564607,1344,1159,Providence,Colgate,1685.9706433075437,1666.6730229861578,11,15
2023_1297_1344,0.7745139307751845,1344,1297,Providence,N Kentucky,1685.9706433075437,1573.4023120999589,11,16
2023_1242_1344,0.11125685220878367,1344,1242,Providence,Kansas,1685.9706433075437,1901.827967278591,11,1
2023_1344_1417,0.1353314021552621,1344,1417,Providence,UCLA,1685.9706433075437,1867.878530223314,11,2
2023_1211_1344,0.1021562708177945,1344,1211,Providence,Gonzaga,1685.9706433075437,1916.3481463531193,11,3
2023_1163_1344,0.22428371867756913,1344,1163,Providence,Connecticut,1685.9706433075437,1774.5874488350346,11,4
2023_1344_1388,0.2333821231951321,1344,1388,Providence,St Mary's CA,1685.9706433075437,1776.7496178560762,11,5
2023_1344_1395,0.37046010029037424,1344,1395,Providence,TCU,1685.9706433075437,1691.5692805081464,11,6
2023_1321_1344,0.47012638106103294,1344,1321,Providence,Northwestern,1685.9706433075437,1644.1558296981314,11,7
2023_1116_1344,0.3938199852954614,1344,1116,Providence,Arkansas,1685.9706433075437,1706.5269951056146,11,8
2023_1228_1344,0.46149361631658203,1344,1228,Providence,Illinois,1685.9706433075437,1679.4294486143315,11,9
2023_1129_1344,0.42335449344994924,1344,1129,Providence,Boise St,1685.9706433075437,1717.9423017771614,11,10
2023_1113_1344,0.5524375866629624,1344,1113,Providence,Arizona St,1685.9706433075437,1653.970278968981,11,11
2023_1305_1344,0.6204489733599053,1344,1305,Providence,Nevada,1685.9706433075437,1611.2680783755488,11,11
2023_1344_1433,0.4094592823920064,1344,1433,Providence,VCU,1685.9706433075437,1756.6343375804404,11,12
2023_1233_1344,0.5203384027065494,1344,1233,Providence,Iona,1685.9706433075437,1703.5978177653083,11,13
2023_1213_1344,0.6608468047901169,1344,1213,Providence,Grand Canyon,1685.9706433075437,1629.5739347665058,11,14
2023_1344_1421,0.6963628809420979,1344,1421,Providence,UNC Asheville,1685.9706433075437,1619.8023803848475,11,15
2023_1224_1344,0.8482374850962883,1344,1224,Providence,Howard,1685.9706433075437,1499.3971122037642,11,16
2023_1331_1418,0.6301923190148034,1331,1418,Oral Roberts,Louisiana,1711.1744144323911,1645.1504020471127,12,13
2023_1286_1331,0.6373906062034119,1331,1286,Oral Roberts,Montana St,1711.1744144323911,1655.4361016972314,12,14
2023_1331_1436,0.6409149294574213,1331,1436,Oral Roberts,Vermont,1711.1744144323911,1668.1133507689126,12,15
2023_1192_1331,0.9239037590245394,1331,1192,Oral Roberts,F Dickinson,1711.1744144323911,1391.6821788610928,12,16
2023_1331_1411,0.905260148530174,1331,1411,Oral Roberts,TX Southern,1711.1744144323911,1428.0901684842972,12,16
2023_1104_1331,0.15519694643294246,1331,1104,Oral Roberts,Alabama,1711.1744144323911,1868.7297204435874,12,1
2023_1112_1331,0.16594953274207302,1331,1112,Oral Roberts,Arizona,1711.1744144323911,1856.6001180607218,12,2
2023_1124_1331,0.22381928685927277,1331,1124,Oral Roberts,Baylor,1711.1744144323911,1800.197283210896,12,3
2023_1331_1438,0.2535745834346591,1331,1438,Oral Roberts,Virginia,1711.1744144323911,1775.2826588934145,12,4
2023_1331_1361,0.2233770571469584,1331,1361,Oral Roberts,San Diego St,1711.1744144323911,1800.5844923405775,12,5
2023_1166_1331,0.33529328964678556,1331,1166,Oral Roberts,Creighton,1711.1744144323911,1725.1962348790335,12,6
2023_1281_1331,0.40646450693910124,1331,1281,Oral Roberts,Missouri,1711.1744144323911,1693.7228376167006,12,7
2023_1268_1331,0.5014094847982505,1331,1268,Oral Roberts,Maryland,1711.1744144323911,1650.3174281040574,12,8
2023_1331_1452,0.4790058408331431,1331,1452,Oral Roberts,West Virginia,1711.1744144323911,1678.9466303200704,12,9
2023_1331_1429,0.4617355753506866,1331,1429,Oral Roberts,Utah St,1711.1744144323911,1704.4852334784591,12,10
2023_1301_1331,0.576381514457614,1331,1301,Oral Roberts,NC State,1711.1744144323911,1649.3671152451273,12,11
2023_1158_1331,0.46579471446725057,1331,1158,Oral Roberts,Col Charleston,1711.1744144323911,1732.0041830298856,12,12
2023_1202_1331,0.5693759139494671,1331,1202,Oral Roberts,Furman,1711.1744144323911,1683.7191435589261,12,13
2023_1331_1364,0.6573528225296262,1331,1364,Oral Roberts,UC Santa Barbara,1711.1744144323911,1642.1414337640413,12,14
2023_1331_1343,0.6958530075116071,1331,1343,Oral Roberts,Princeton,1711.1744144323911,1630.3725206426989,12,15
2023_1331_1369,0.8952042314435447,1331,1369,Oral Roberts,SE Missouri St,1711.1744144323911,1445.1219816825092,12,16
2023_1331_1394,0.8443744350765141,1331,1394,Oral Roberts,TAM C. Christi,1711.1744144323911,1514.1154672296293,12,16
2023_1222_1331,0.11562076056134214,1331,1222,Oral Roberts,Houston,1711.1744144323911,1920.435365457398,12,1
2023_1331_1400,0.18938904538263887,1331,1400,Oral Roberts,Texas,1711.1744144323911,1832.1845791662383,12,2
2023_1331_1462,0.28573048878622054,1331,1462,Oral Roberts,Xavier,1711.1744144323911,1750.441349381301,12,3
2023_1231_1331,0.330697959071486,1331,1231,Oral Roberts,Indiana,1711.1744144323911,1718.3411365693653,12,4
2023_1274_1331,0.27085027306262893,1331,1274,Oral Roberts,Miami FL,1711.1744144323911,1761.7050183357899,12,5
2023_1235_1331,0.41959899446954213,1331,1235,Oral Roberts,Iowa St,1711.1744144323911,1670.487215520616,12,6
2023_1331_1401,0.2769647514437197,1331,1401,Oral Roberts,Texas A&M,1711.1744144323911,1782.031653556092,12,7
2023_1234_1331,0.4625196852232949,1331,1234,Oral Roberts,Iowa,1711.1744144323911,1674.0057339344742,12,8
2023_1120_1331,0.45493736500963133,1331,1120,Oral Roberts,Auburn,1711.1744144323911,1693.6475956688491,12,9
2023_1331_1336,0.49573890808233523,1331,1336,Oral Roberts,Penn St,1711.1744144323911,1683.7652733456566,12,10
2023_1280_1331,0.5700758401830377,1331,1280,Oral Roberts,Mississippi St,1711.1744144323911,1653.2851397595643,12,11
2023_1331_1338,0.6234975645102735,1331,1338,Oral Roberts,Pittsburgh,1711.1744144323911,1619.5009744031915,12,11
2023_1179_1331,0.4528616064886393,1331,1179,Oral Roberts,Drake,1711.1744144323911,1739.9205052619825,12,12
2023_1245_1331,0.48186965229333756,1331,1245,Oral Roberts,Kent,1711.1744144323911,1737.2027235579665,12,13
2023_1244_1331,0.7258848615071182,1331,1244,Oral Roberts,Kennesaw,1711.1744144323911,1593.1472630252326,12,14
2023_1159_1331,0.6430927594019806,1331,1159,Oral Roberts,Colgate,1711.1744144323911,1666.6730229861578,12,15
2023_1297_1331,0.7860210596112532,1331,1297,Oral Roberts,N Kentucky,1711.1744144323911,1573.4023120999589,12,16
2023_1242_1331,0.12873885033215585,1331,1242,Oral Roberts,Kansas,1711.1744144323911,1901.827967278591,12,1
2023_1331_1417,0.15593256239005646,1331,1417,Oral Roberts,UCLA,1711.1744144323911,1867.878530223314,12,2
2023_1211_1331,0.11839878163186623,1331,1211,Oral Roberts,Gonzaga,1711.1744144323911,1916.3481463531193,12,3
2023_1163_1331,0.2544412356023798,1331,1163,Oral Roberts,Connecticut,1711.1744144323911,1774.5874488350346,12,4
2023_1331_1388,0.2517522713009581,1331,1388,Oral Roberts,St Mary's CA,1711.1744144323911,1776.7496178560762,12,5
2023_1331_1395,0.3862471746198177,1331,1395,Oral Roberts,TCU,1711.1744144323911,1691.5692805081464,12,6
2023_1321_1331,0.4868759525158946,1331,1321,Oral Roberts,Northwestern,1711.1744144323911,1644.1558296981314,12,7
2023_1116_1331,0.4099542850667634,1331,1116,Oral Roberts,Arkansas,1711.1744144323911,1706.5269951056146,12,8
2023_1228_1331,0.47821320135291123,1331,1228,Oral Roberts,Illinois,1711.1744144323911,1679.4294486143315,12,9
2023_1129_1331,0.43982086135432574,1331,1129,Oral Roberts,Boise St,1711.1744144323911,1717.9423017771614,12,10
2023_1113_1331,0.5689707762206625,1331,1113,Oral Roberts,Arizona St,1711.1744144323911,1653.970278968981,12,11
2023_1305_1331,0.6361246195360775,1331,1305,Oral Roberts,Nevada,1711.1744144323911,1611.2680783755488,12,11
2023_1331_1433,0.42578425740492354,1331,1433,Oral Roberts,VCU,1711.1744144323911,1756.6343375804404,12,12
2023_1233_1331,0.5370636992179637,1331,1233,Oral Roberts,Iona,1711.1744144323911,1703.5978177653083,12,13
2023_1213_1331,0.6757260062575243,1331,1213,Oral Roberts,Grand Canyon,1711.1744144323911,1629.5739347665058,12,14
2023_1331_1421,0.710366833016173,1331,1421,Oral Roberts,UNC Asheville,1711.1744144323911,1619.8023803848475,12,15
2023_1224_1331,0.8566785155638446,1331,1224,Oral Roberts,Howard,1711.1744144323911,1499.3971122037642,12,16
2023_1286_1418,0.5077530054775464,1418,1286,Louisiana,Montana St,1645.1504020471127,1655.4361016972314,13,14
2023_1418_1436,0.5115717971211545,1418,1436,Louisiana,Vermont,1645.1504020471127,1668.1133507689126,13,15
2023_1192_1418,0.8769184751535017,1418,1192,Louisiana,F Dickinson,1645.1504020471127,1391.6821788610928,13,16
2023_1411_1418,0.8486492115844894,1418,1411,Louisiana,TX Southern,1645.1504020471127,1428.0901684842972,13,16
2023_1104_1418,0.10633197513103076,1418,1104,Louisiana,Alabama,1645.1504020471127,1868.7297204435874,13,1
2023_1112_1418,0.1141565061399772,1418,1112,Louisiana,Arizona,1645.1504020471127,1856.6001180607218,13,2
2023_1124_1418,0.1573729304913377,1418,1124,Louisiana,Baylor,1645.1504020471127,1800.197283210896,13,3
2023_1418_1438,0.1803471281595921,1418,1438,Louisiana,Virginia,1645.1504020471127,1775.2826588934145,13,4
2023_1361_1418,0.1570354260050348,1418,1361,Louisiana,San Diego St,1645.1504020471127,1800.5844923405775,13,5
2023_1166_1418,0.2342461756405521,1418,1166,Louisiana,Creighton,1645.1504020471127,1725.1962348790335,13,6
2023_1281_1418,0.2866638781045022,1418,1281,Louisiana,Missouri,1645.1504020471127,1693.7228376167006,13,7
2023_1268_1418,0.3711225676373379,1418,1268,Louisiana,Maryland,1645.1504020471127,1650.3174281040574,13,8
2023_1418_1452,0.35044858435547876,1418,1452,Louisiana,West Virginia,1645.1504020471127,1678.9466303200704,13,9
2023_1418_1429,0.3348344988266604,1418,1429,Louisiana,Utah St,1645.1504020471127,1704.4852334784591,13,10
2023_1301_1418,0.44396008766883677,1418,1301,Louisiana,NC State,1645.1504020471127,1649.3671152451273,13,11
2023_1158_1418,0.33847956887156283,1418,1158,Louisiana,Col Charleston,1645.1504020471127,1732.0041830298856,13,12
2023_1202_1418,0.4369040097140973,1418,1202,Louisiana,Furman,1645.1504020471127,1683.7191435589261,13,13
2023_1364_1418,0.5295848170101227,1418,1364,Louisiana,UC Santa Barbara,1645.1504020471127,1642.1414337640413,13,14
2023_1343_1418,0.5731183368888529,1418,1343,Louisiana,Princeton,1645.1504020471127,1630.3725206426989,13,15
2023_1369_1418,0.8336883948956628,1418,1369,Louisiana,SE Missouri St,1645.1504020471127,1445.1219816825092,13,16
2023_1394_1418,0.7609875201132511,1418,1394,Louisiana,TAM C. Christi,1645.1504020471127,1514.1154672296293,13,16
2023_1222_1418,0.07806519654925134,1418,1222,Louisiana,Houston,1645.1504020471127,1920.435365457398,13,1
2023_1400_1418,0.13143332991251486,1418,1400,Louisiana,Texas,1645.1504020471127,1832.1845791662383,13,2
2023_1418_1462,0.20577702426604413,1418,1462,Louisiana,Xavier,1645.1504020471127,1750.441349381301,13,3
2023_1231_1418,0.24243242594217151,1418,1231,Louisiana,Indiana,1645.1504020471127,1718.3411365693653,13,4
2023_1274_1418,0.19393010275730901,1418,1274,Louisiana,Miami FL,1645.1504020471127,1761.7050183357899,13,5
2023_1235_1418,0.30479493522682044,1418,1235,Louisiana,Iowa St,1645.1504020471127,1670.487215520616,13,6
2023_1401_1418,0.18353035196074785,1418,1401,Louisiana,Texas A&M,1645.1504020471127,1782.031653556092,13,7
2023_1234_1418,0.33553744445195166,1418,1234,Louisiana,Iowa,1645.1504020471127,1674.0057339344742,13,8
2023_1120_1418,0.3287634934713195,1418,1120,Louisiana,Auburn,1645.1504020471127,1693.6475956688491,13,9
2023_1336_1418,0.3658442867333215,1418,1336,Louisiana,Penn St,1645.1504020471127,1683.7652733456566,13,10
2023_1280_1418,0.43760657646480106,1418,1280,Louisiana,Mississippi St,1645.1504020471127,1653.2851397595643,13,11
2023_1338_1418,0.49284508625256285,1418,1338,Louisiana,Pittsburgh,1645.1504020471127,1619.5009744031915,13,11
2023_1179_1418,0.326918140267132,1418,1179,Louisiana,Drake,1645.1504020471127,1739.9205052619825,13,12
2023_1245_1418,0.3530646568296671,1418,1245,Louisiana,Kent,1645.1504020471127,1737.2027235579665,13,13
2023_1244_1418,0.6084499302917497,1418,1244,Louisiana,Kennesaw,1645.1504020471127,1593.1472630252326,13,14
2023_1159_1418,0.5139391633184385,1418,1159,Louisiana,Colgate,1645.1504020471127,1666.6730229861578,13,15
2023_1297_1418,0.683101956482106,1418,1297,Louisiana,N Kentucky,1645.1504020471127,1573.4023120999589,13,16
2023_1242_1418,0.0873431333742263,1418,1242,Louisiana,Kansas,1645.1504020471127,1901.827967278591,13,1
2023_1417_1418,0.10686527524798188,1418,1417,Louisiana,UCLA,1645.1504020471127,1867.878530223314,13,2
2023_1211_1418,0.08002251813971809,1418,1211,Louisiana,Gonzaga,1645.1504020471127,1916.3481463531193,13,3
2023_1163_1418,0.18102420432305116,1418,1163,Louisiana,Connecticut,1645.1504020471127,1774.5874488350346,13,4
2023_1388_1418,0.17892491811274092,1418,1388,Louisiana,St Mary's CA,1645.1504020471127,1776.7496178560762,13,5
2023_1395_1418,0.2762254341137969,1418,1395,Louisiana,TCU,1645.1504020471127,1691.5692805081464,13,6
2023_1321_1418,0.3576564945242898,1418,1321,Louisiana,Northwestern,1645.1504020471127,1644.1558296981314,13,7
2023_1116_1418,0.28962699611223547,1418,1116,Louisiana,Arkansas,1645.1504020471127,1706.5269951056146,13,8
2023_1228_1418,0.3497258768149446,1418,1228,Louisiana,Illinois,1645.1504020471127,1679.4294486143315,13,9
2023_1129_1418,0.3154133846884867,1418,1129,Louisiana,Boise St,1645.1504020471127,1717.9423017771614,13,10
2023_1113_1418,0.4364975863255277,1418,1113,Louisiana,Arizona St,1645.1504020471127,1653.970278968981,13,11
2023_1305_1418,0.5063849247707615,1418,1305,Louisiana,Nevada,1645.1504020471127,1611.2680783755488,13,11
2023_1418_1433,0.30319818649801145,1418,1433,Louisiana,VCU,1645.1504020471127,1756.6343375804404,13,12
2023_1233_1418,0.40503846728270915,1418,1233,Louisiana,Iona,1645.1504020471127,1703.5978177653083,13,13
2023_1213_1418,0.5501203346447501,1418,1213,Louisiana,Grand Canyon,1645.1504020471127,1629.5739347665058,13,14
2023_1418_1421,0.5900384598809898,1418,1421,Louisiana,UNC Asheville,1645.1504020471127,1619.8023803848475,13,15
2023_1224_1418,0.7781521905486144,1418,1224,Louisiana,Howard,1645.1504020471127,1499.3971122037642,13,16
2023_1286_1436,0.5038201625655818,1286,1436,Montana St,Vermont,1655.4361016972314,1668.1133507689126,14,15
2023_1192_1286,0.8735316830165282,1286,1192,Montana St,F Dickinson,1655.4361016972314,1391.6821788610928,14,16
2023_1286_1411,0.8446223724391275,1286,1411,Montana St,TX Southern,1655.4361016972314,1428.0901684842972,14,16
2023_1104_1286,0.11293552199282696,1286,1104,Montana St,Alabama,1655.4361016972314,1868.7297204435874,14,1
2023_1112_1286,0.12118008965081777,1286,1112,Montana St,Arizona,1655.4361016972314,1856.6001180607218,14,2
2023_1124_1286,0.1665555143697984,1286,1124,Montana St,Baylor,1655.4361016972314,1800.197283210896,14,3
2023_1286_1438,0.19056706697938608,1286,1438,Montana St,Virginia,1655.4361016972314,1775.2826588934145,14,4
2023_1286_1361,0.16620220109528708,1286,1361,Montana St,San Diego St,1655.4361016972314,1800.5844923405775,14,5
2023_1166_1286,0.2466015364925121,1286,1166,Montana St,Creighton,1655.4361016972314,1725.1962348790335,14,6
2023_1281_1286,0.28704838009389716,1286,1281,Montana St,Missouri,1655.4361016972314,1693.7228376167006,14,7
2023_1268_1286,0.36391346598144664,1286,1268,Montana St,Maryland,1655.4361016972314,1650.3174281040574,14,8
2023_1286_1452,0.34342177175542604,1286,1452,Montana St,West Virginia,1655.4361016972314,1678.9466303200704,14,9
2023_1286_1429,0.32796268843954535,1286,1429,Montana St,Utah St,1655.4361016972314,1704.4852334784591,14,10
2023_1286_1301,0.4363177562624896,1286,1301,Montana St,NC State,1655.4361016972314,1649.3671152451273,14,11
2023_1158_1286,0.3315702407156162,1286,1158,Montana St,Col Charleston,1655.4361016972314,1732.0041830298856,14,12
2023_1202_1286,0.4292893661544471,1286,1202,Montana St,Furman,1655.4361016972314,1683.7191435589261,14,13
2023_1286_1364,0.5218518602864652,1286,1364,Montana St,UC Santa Barbara,1655.4361016972314,1642.1414337640413,14,14
2023_1286_1343,0.5655138872603275,1286,1343,Montana St,Princeton,1655.4361016972314,1630.3725206426989,14,15
2023_1286_1369,0.8293435523655621,1286,1369,Montana St,SE Missouri St,1655.4361016972314,1445.1219816825092,14,16
2023_1286_1394,0.7553008561165758,1286,1394,Montana St,TAM C. Christi,1655.4361016972314,1514.1154672296293,14,16
2023_1222_1286,0.08307647766829779,1286,1222,Montana St,Houston,1655.4361016972314,1920.435365457398,14,1
2023_1286_1400,0.13935266887505932,1286,1400,Montana St,Texas,1655.4361016972314,1832.1845791662383,14,2
2023_1286_1462,0.21705641258855363,1286,1462,Montana St,Xavier,1655.4361016972314,1750.441349381301,14,3
2023_1231_1286,0.2550757426985844,1286,1231,Montana St,Indiana,1655.4361016972314,1718.3411365693653,14,4
2023_1274_1286,0.20472750754612104,1286,1274,Montana St,Miami FL,1655.4361016972314,1761.7050183357899,14,5
2023_1235_1286,0.3193197004739975,1286,1235,Montana St,Iowa St,1655.4361016972314,1670.487215520616,14,6
2023_1286_1401,0.1838121666154778,1286,1401,Montana St,Texas A&M,1655.4361016972314,1782.031653556092,14,7
2023_1234_1286,0.3286583356708845,1286,1234,Montana St,Iowa,1655.4361016972314,1674.0057339344742,14,8
2023_1120_1286,0.3219559712755119,1286,1120,Montana St,Auburn,1655.4361016972314,1693.6475956688491,14,9
2023_1286_1336,0.35867923779625954,1286,1336,Montana St,Penn St,1655.4361016972314,1683.7652733456566,14,10
2023_1280_1286,0.4299890384325388,1286,1280,Montana St,Mississippi St,1655.4361016972314,1653.2851397595643,14,11
2023_1286_1338,0.48509538793467416,1286,1338,Montana St,Pittsburgh,1655.4361016972314,1619.5009744031915,14,11
2023_1179_1286,0.3201306050681476,1286,1179,Montana St,Drake,1655.4361016972314,1739.9205052619825,14,12
2023_1245_1286,0.346013331962135,1286,1245,Montana St,Kent,1655.4361016972314,1737.2027235579665,14,13
2023_1244_1286,0.6010367367822964,1286,1244,Montana St,Kennesaw,1655.4361016972314,1593.1472630252326,14,14
2023_1159_1286,0.5061888331598291,1286,1159,Montana St,Colgate,1655.4361016972314,1666.6730229861578,14,15
2023_1286_1297,0.6763503320084586,1286,1297,Montana St,N Kentucky,1655.4361016972314,1573.4023120999589,14,16
2023_1242_1286,0.09288998976445334,1286,1242,Montana St,Kansas,1655.4361016972314,1901.827967278591,14,1
2023_1286_1417,0.11349773544890643,1286,1417,Montana St,UCLA,1655.4361016972314,1867.878530223314,14,2
2023_1211_1286,0.08514784214227915,1286,1211,Montana St,Gonzaga,1655.4361016972314,1916.3481463531193,14,3
2023_1163_1286,0.19127355811925056,1286,1163,Montana St,Connecticut,1655.4361016972314,1774.5874488350346,14,4
2023_1286_1388,0.189082854866837,1286,1388,Montana St,St Mary's CA,1655.4361016972314,1776.7496178560762,14,5
2023_1286_1395,0.28995657954110626,1286,1395,Montana St,TCU,1655.4361016972314,1691.5692805081464,14,6
2023_1286_1321,0.3580884180767535,1286,1321,Montana St,Northwestern,1655.4361016972314,1644.1558296981314,14,7
2023_1116_1286,0.28328784074381147,1286,1116,Montana St,Arkansas,1655.4361016972314,1706.5269951056146,14,8
2023_1228_1286,0.3427059096787341,1286,1228,Montana St,Illinois,1655.4361016972314,1679.4294486143315,14,9
2023_1129_1286,0.3087551420709358,1286,1129,Montana St,Boise St,1655.4361016972314,1717.9423017771614,14,10
2023_1113_1286,0.42888463106377933,1286,1113,Montana St,Arizona St,1655.4361016972314,1653.970278968981,14,11
2023_1286_1305,0.49863164834668827,1286,1305,Montana St,Nevada,1655.4361016972314,1611.2680783755488,14,11
2023_1286_1433,0.29668605121654923,1286,1433,Montana St,VCU,1655.4361016972314,1756.6343375804404,14,12
2023_1233_1286,0.39758706269610966,1286,1233,Montana St,Iona,1655.4361016972314,1703.5978177653083,14,13
2023_1213_1286,0.542433284618226,1286,1213,Montana St,Grand Canyon,1655.4361016972314,1629.5739347665058,14,14
2023_1286_1421,0.5825158613546761,1286,1421,Montana St,UNC Asheville,1655.4361016972314,1619.8023803848475,14,15
2023_1224_1286,0.772751960344616,1286,1224,Montana St,Howard,1655.4361016972314,1499.3971122037642,14,16
2023_1192_1436,0.8718338764575738,1436,1192,Vermont,F Dickinson,1668.1133507689126,1391.6821788610928,15,16
2023_1411_1436,0.8426063936245539,1436,1411,Vermont,TX Southern,1668.1133507689126,1428.0901684842972,15,16
2023_1104_1436,0.1215643025518272,1436,1104,Vermont,Alabama,1668.1133507689126,1868.7297204435874,15,1
2023_1112_1436,0.13034623074186155,1436,1112,Vermont,Arizona,1668.1133507689126,1856.6001180607218,15,2
2023_1124_1436,0.17845691960531934,1436,1124,Vermont,Baylor,1668.1133507689126,1800.197283210896,15,3
2023_1436_1438,0.20376476319825743,1436,1438,Vermont,Virginia,1668.1133507689126,1775.2826588934145,15,4
2023_1361_1436,0.1780837543923843,1436,1361,Vermont,San Diego St,1668.1133507689126,1800.5844923405775,15,5
2023_1166_1436,0.26242176512930715,1436,1166,Vermont,Creighton,1668.1133507689126,1725.1962348790335,15,6
2023_1281_1436,0.3044149568504133,1436,1281,Vermont,Missouri,1668.1133507689126,1693.7228376167006,15,7
2023_1268_1436,0.3680002502099745,1436,1268,Vermont,Maryland,1668.1133507689126,1650.3174281040574,15,8
2023_1436_1452,0.33998446510202746,1436,1452,Vermont,West Virginia,1668.1133507689126,1678.9466303200704,15,9
2023_1429_1436,0.3246036152550798,1436,1429,Vermont,Utah St,1668.1133507689126,1704.4852334784591,15,10
2023_1301_1436,0.4325632168415909,1436,1301,Vermont,NC State,1668.1133507689126,1649.3671152451273,15,11
2023_1158_1436,0.32819226251508343,1436,1158,Vermont,Col Charleston,1668.1133507689126,1732.0041830298856,15,12
2023_1202_1436,0.42554964752717916,1436,1202,Vermont,Furman,1668.1133507689126,1683.7191435589261,15,13
2023_1364_1436,0.518037720707652,1436,1364,Vermont,UC Santa Barbara,1668.1133507689126,1642.1414337640413,15,14
2023_1343_1436,0.5617555478524824,1436,1343,Vermont,Princeton,1668.1133507689126,1630.3725206426989,15,15
2023_1369_1436,0.8271698996845844,1436,1369,Vermont,SE Missouri St,1668.1133507689126,1445.1219816825092,15,16
2023_1394_1436,0.7524656030440916,1436,1394,Vermont,TAM C. Christi,1668.1133507689126,1514.1154672296293,15,16
2023_1222_1436,0.08965446790623174,1436,1222,Vermont,Houston,1668.1133507689126,1920.435365457398,15,1
2023_1400_1436,0.14965930958828488,1436,1400,Vermont,Texas,1668.1133507689126,1832.1845791662383,15,2
2023_1436_1462,0.23156380369297394,1436,1462,Vermont,Xavier,1668.1133507689126,1750.441349381301,15,3
2023_1231_1436,0.27124388987021025,1436,1231,Vermont,Indiana,1668.1133507689126,1718.3411365693653,15,4
2023_1274_1436,0.21864098571114032,1436,1274,Vermont,Miami FL,1668.1133507689126,1761.7050183357899,15,5
2023_1235_1436,0.3377138730154779,1436,1235,Vermont,Iowa St,1668.1133507689126,1670.487215520616,15,6
2023_1401_1436,0.19665570979823865,1436,1401,Vermont,Texas A&M,1668.1133507689126,1782.031653556092,15,7
2023_1234_1436,0.33255619386283053,1436,1234,Vermont,Iowa,1668.1133507689126,1674.0057339344742,15,8
2023_1120_1436,0.3186292511445417,1436,1120,Vermont,Auburn,1668.1133507689126,1693.6475956688491,15,9
2023_1336_1436,0.35517182777880024,1436,1336,Vermont,Penn St,1668.1133507689126,1683.7652733456566,15,10
2023_1280_1436,0.4262477769552944,1436,1280,Vermont,Mississippi St,1668.1133507689126,1653.2851397595643,15,11
2023_1338_1436,0.4812794890059874,1436,1338,Vermont,Pittsburgh,1668.1133507689126,1619.5009744031915,15,11
2023_1179_1436,0.3168139333118082,1436,1179,Vermont,Drake,1668.1133507689126,1739.9205052619825,15,12
2023_1245_1436,0.3425636197842036,1436,1245,Vermont,Kent,1668.1133507689126,1737.2027235579665,15,13
2023_1244_1436,0.5973668996584061,1436,1244,Vermont,Kennesaw,1668.1133507689126,1593.1472630252326,15,14
2023_1159_1436,0.5023688946191784,1436,1159,Vermont,Colgate,1668.1133507689126,1666.6730229861578,15,15
2023_1297_1436,0.6729963509699037,1436,1297,Vermont,N Kentucky,1668.1133507689126,1573.4023120999589,15,16
2023_1242_1436,0.10016013404541542,1436,1242,Vermont,Kansas,1668.1133507689126,1901.827967278591,15,1
2023_1417_1436,0.12216355593240241,1436,1417,Vermont,UCLA,1668.1133507689126,1867.878530223314,15,2
2023_1211_1436,0.09187340945145477,1436,1211,Vermont,Gonzaga,1668.1133507689126,1916.3481463531193,15,3
2023_1163_1436,0.20450782036223114,1436,1163,Vermont,Connecticut,1668.1133507689126,1774.5874488350346,15,4
2023_1388_1436,0.20220343974817925,1436,1388,Vermont,St Mary's CA,1668.1133507689126,1776.7496178560762,15,5
2023_1395_1436,0.30742323565419616,1436,1395,Vermont,TCU,1668.1133507689126,1691.5692805081464,15,6
2023_1321_1436,0.37747736866396975,1436,1321,Vermont,Northwestern,1668.1133507689126,1644.1558296981314,15,7
2023_1116_1436,0.2868775454294765,1436,1116,Vermont,Arkansas,1668.1133507689126,1706.5269951056146,15,8
2023_1228_1436,0.33927206570119584,1436,1228,Vermont,Illinois,1668.1133507689126,1679.4294486143315,15,9
2023_1129_1436,0.3055033659248176,1436,1129,Vermont,Boise St,1668.1133507689126,1717.9423017771614,15,10
2023_1113_1436,0.4251458117272599,1436,1113,Vermont,Arizona St,1668.1133507689126,1653.970278968981,15,11
2023_1305_1436,0.49481159426705434,1436,1305,Vermont,Nevada,1668.1133507689126,1611.2680783755488,15,11
2023_1433_1436,0.2935074134886719,1436,1433,Vermont,VCU,1668.1133507689126,1756.6343375804404,15,12
2023_1233_1436,0.39393288840129476,1436,1233,Vermont,Iona,1668.1133507689126,1703.5978177653083,15,13
2023_1213_1436,0.5386381753616759,1436,1213,Vermont,Grand Canyon,1668.1133507689126,1629.5739347665058,15,14
2023_1421_1436,0.57879505115537,1436,1421,Vermont,UNC Asheville,1668.1133507689126,1619.8023803848475,15,15
2023_1224_1436,0.7700573501795643,1436,1224,Vermont,Howard,1668.1133507689126,1499.3971122037642,15,16
2023_1192_1411,0.4404042946099475,1192,1411,F Dickinson,TX Southern,1391.6821788610928,1428.0901684842972,16,16
2023_1104_1192,0.021960841706212524,1192,1104,F Dickinson,Alabama,1391.6821788610928,1868.7297204435874,16,1
2023_1112_1192,0.023741789202258685,1192,1112,F Dickinson,Arizona,1391.6821788610928,1856.6001180607218,16,2
2023_1124_1192,0.034045246718816494,1192,1124,F Dickinson,Baylor,1391.6821788610928,1800.197283210896,16,3
2023_1192_1438,0.0398671924377006,1192,1438,F Dickinson,Virginia,1391.6821788610928,1775.2826588934145,16,4
2023_1192_1361,0.03396157261250567,1192,1361,F Dickinson,San Diego St,1391.6821788610928,1800.5844923405775,16,5
2023_1166_1192,0.054577583984656966,1192,1166,F Dickinson,Creighton,1391.6821788610928,1725.1962348790335,16,6
2023_1192_1281,0.06630088859346682,1192,1281,F Dickinson,Missouri,1391.6821788610928,1693.7228376167006,16,7
2023_1192_1268,0.08632191522512886,1192,1268,F Dickinson,Maryland,1391.6821788610928,1650.3174281040574,16,8
2023_1192_1452,0.07257839308063477,1192,1452,F Dickinson,West Virginia,1391.6821788610928,1678.9466303200704,16,9
2023_1192_1429,0.06599106829263753,1192,1429,F Dickinson,Utah St,1391.6821788610928,1704.4852334784591,16,10
2023_1192_1301,0.10077232419673614,1192,1301,F Dickinson,NC State,1391.6821788610928,1649.3671152451273,16,11
2023_1158_1192,0.0670042730771593,1192,1158,F Dickinson,Col Charleston,1391.6821788610928,1732.0041830298856,16,12
2023_1192_1202,0.098207338315054,1192,1202,F Dickinson,Furman,1391.6821788610928,1683.7191435589261,16,13
2023_1192_1364,0.13645048610261426,1192,1364,F Dickinson,UC Santa Barbara,1391.6821788610928,1642.1414337640413,16,14
2023_1192_1343,0.15855999028631032,1192,1343,F Dickinson,Princeton,1391.6821788610928,1630.3725206426989,16,15
2023_1192_1369,0.41300161809233715,1192,1369,F Dickinson,SE Missouri St,1391.6821788610928,1445.1219816825092,16,16
2023_1192_1394,0.3088575257856803,1192,1394,F Dickinson,TAM C. Christi,1391.6821788610928,1514.1154672296293,16,16
2023_1192_1222,0.015728140951568582,1192,1222,F Dickinson,Houston,1391.6821788610928,1920.435365457398,16,1
2023_1192_1400,0.027763819137379662,1192,1400,F Dickinson,Texas,1391.6821788610928,1832.1845791662383,16,2
2023_1192_1462,0.04661521888291955,1192,1462,F Dickinson,Xavier,1391.6821788610928,1750.441349381301,16,3
2023_1192_1231,0.056951904154828176,1192,1231,F Dickinson,Indiana,1391.6821788610928,1718.3411365693653,16,4
2023_1192_1274,0.04343043319231521,1192,1274,F Dickinson,Miami FL,1391.6821788610928,1761.7050183357899,16,5
2023_1192_1235,0.07641469915364135,1192,1235,F Dickinson,Iowa St,1391.6821788610928,1670.487215520616,16,6
2023_1192_1401,0.0382019382630466,1192,1401,F Dickinson,Texas A&M,1391.6821788610928,1782.031653556092,16,7
2023_1192_1234,0.07479697427094745,1192,1234,F Dickinson,Iowa,1391.6821788610928,1674.0057339344742,16,8
2023_1120_1192,0.06633153836244127,1192,1120,F Dickinson,Auburn,1391.6821788610928,1693.6475956688491,16,9
2023_1192_1336,0.0749065223483232,1192,1336,F Dickinson,Penn St,1391.6821788610928,1683.7652733456566,16,10
2023_1192_1280,0.09846049536795329,1192,1280,F Dickinson,Mississippi St,1391.6821788610928,1653.2851397595643,16,11
2023_1192_1338,0.12002550116384902,1192,1338,F Dickinson,Pittsburgh,1391.6821788610928,1619.5009744031915,16,11
2023_1179_1192,0.06382100989085912,1192,1179,F Dickinson,Drake,1391.6821788610928,1739.9205052619825,16,12
2023_1192_1245,0.07114964942051111,1192,1245,F Dickinson,Kent,1391.6821788610928,1737.2027235579665,16,13
2023_1192_1244,0.17905459292560708,1192,1244,F Dickinson,Kennesaw,1391.6821788610928,1593.1472630252326,16,14
2023_1159_1192,0.12922866428442442,1192,1159,F Dickinson,Colgate,1391.6821788610928,1666.6730229861578,16,15
2023_1192_1297,0.23227616351605815,1192,1297,F Dickinson,N Kentucky,1391.6821788610928,1573.4023120999589,16,16
2023_1192_1242,0.017739966384714246,1192,1242,F Dickinson,Kansas,1391.6821788610928,1901.827967278591,16,1
2023_1192_1417,0.022081440369216113,1192,1417,F Dickinson,UCLA,1391.6821788610928,1867.878530223314,16,2
2023_1192_1211,0.01614987034531709,1192,1211,F Dickinson,Gonzaga,1391.6821788610928,1916.3481463531193,16,3
2023_1163_1192,0.04004263090572083,1192,1163,F Dickinson,Connecticut,1391.6821788610928,1774.5874488350346,16,4
2023_1192_1388,0.039499415133517575,1192,1388,F Dickinson,St Mary's CA,1391.6821788610928,1776.7496178560762,16,5
2023_1192_1395,0.06718335831705832,1192,1395,F Dickinson,TCU,1391.6821788610928,1691.5692805081464,16,6
2023_1192_1321,0.08957308169866694,1192,1321,F Dickinson,Northwestern,1391.6821788610928,1644.1558296981314,16,7
2023_1116_1192,0.06127290217716173,1192,1116,F Dickinson,Arkansas,1391.6821788610928,1706.5269951056146,16,8
2023_1192_1228,0.07236487909115216,1192,1228,F Dickinson,Illinois,1391.6821788610928,1679.4294486143315,16,9
2023_1129_1192,0.06073952749451544,1192,1129,F Dickinson,Boise St,1391.6821788610928,1717.9423017771614,16,10
2023_1113_1192,0.09806111455977556,1192,1113,F Dickinson,Arizona St,1391.6821788610928,1653.970278968981,16,11
2023_1192_1305,0.125864881132685,1192,1305,F Dickinson,Nevada,1391.6821788610928,1611.2680783755488,16,11
2023_1192_1433,0.05755798906780594,1192,1433,F Dickinson,VCU,1391.6821788610928,1756.6343375804404,16,12
2023_1192_1233,0.08721836209775938,1192,1233,F Dickinson,Iona,1391.6821788610928,1703.5978177653083,16,13
2023_1192_1213,0.1464887384364481,1192,1213,F Dickinson,Grand Canyon,1391.6821788610928,1629.5739347665058,16,14
2023_1192_1421,0.16805951691020343,1192,1421,F Dickinson,UNC Asheville,1391.6821788610928,1619.8023803848475,16,15
2023_1192_1224,0.3299001781494782,1192,1224,F Dickinson,Howard,1391.6821788610928,1499.3971122037642,16,16
2023_1104_1411,0.02773947386497474,1411,1104,TX Southern,Alabama,1428.0901684842972,1868.7297204435874,16,1
2023_1112_1411,0.029974685876786922,1411,1112,TX Southern,Arizona,1428.0901684842972,1856.6001180607218,16,2
2023_1124_1411,0.0428643291635107,1411,1124,TX Southern,Baylor,1428.0901684842972,1800.197283210896,16,3
2023_1411_1438,0.0501161471123827,1411,1438,TX Southern,Virginia,1428.0901684842972,1775.2826588934145,16,4
2023_1361_1411,0.042759939597678376,1411,1361,TX Southern,San Diego St,1428.0901684842972,1800.5844923405775,16,5
2023_1166_1411,0.06833907848454607,1411,1166,TX Southern,Creighton,1428.0901684842972,1725.1962348790335,16,6
2023_1281_1411,0.08275960404913836,1411,1281,TX Southern,Missouri,1428.0901684842972,1693.7228376167006,16,7
2023_1268_1411,0.10718018605450648,1411,1268,TX Southern,Maryland,1428.0901684842972,1650.3174281040574,16,8
2023_1411_1452,0.0904445015743353,1411,1452,TX Southern,West Virginia,1428.0901684842972,1678.9466303200704,16,9
2023_1411_1429,0.08237965887802963,1411,1429,TX Southern,Utah St,1428.0901684842972,1704.4852334784591,16,10
2023_1301_1411,0.12464595283946663,1411,1301,TX Southern,NC State,1428.0901684842972,1649.3671152451273,16,11
2023_1158_1411,0.08362196058085178,1411,1158,TX Southern,Col Charleston,1428.0901684842972,1732.0041830298856,16,12
2023_1202_1411,0.1215554471824044,1411,1202,TX Southern,Furman,1428.0901684842972,1683.7191435589261,16,13
2023_1364_1411,0.16720484593911433,1411,1364,TX Southern,UC Santa Barbara,1428.0901684842972,1642.1414337640413,16,14
2023_1343_1411,0.1931827896504185,1411,1343,TX Southern,Princeton,1428.0901684842972,1630.3725206426989,16,15
2023_1369_1411,0.47201698600068587,1411,1369,TX Southern,SE Missouri St,1428.0901684842972,1445.1219816825092,16,16
2023_1394_1411,0.36217313890352226,1411,1394,TX Southern,TAM C. Christi,1428.0901684842972,1514.1154672296293,16,16
2023_1222_1411,0.019900110670608182,1411,1222,TX Southern,Houston,1428.0901684842972,1920.435365457398,16,1
2023_1400_1411,0.035014742251698046,1411,1400,TX Southern,Texas,1428.0901684842972,1832.1845791662383,16,2
2023_1411_1462,0.058493253294716635,1411,1462,TX Southern,Xavier,1428.0901684842972,1750.441349381301,16,3
2023_1231_1411,0.07126694420162451,1411,1231,TX Southern,Indiana,1428.0901684842972,1718.3411365693653,16,4
2023_1274_1411,0.05454337867403002,1411,1274,TX Southern,Miami FL,1428.0901684842972,1761.7050183357899,16,5
2023_1235_1411,0.09512829858101482,1411,1235,TX Southern,Iowa St,1428.0901684842972,1670.487215520616,16,6
2023_1401_1411,0.048044215418878,1411,1401,TX Southern,Texas A&M,1428.0901684842972,1782.031653556092,16,7
2023_1234_1411,0.09315435919564762,1411,1234,TX Southern,Iowa,1428.0901684842972,1674.0057339344742,16,8
2023_1120_1411,0.08279718769862383,1411,1120,TX Southern,Auburn,1428.0901684842972,1693.6475956688491,16,9
2023_1336_1411,0.0932880826594848,1411,1336,TX Southern,Penn St,1428.0901684842972,1683.7652733456566,16,10
2023_1280_1411,0.12186065748468214,1411,1280,TX Southern,Mississippi St,1428.0901684842972,1653.2851397595643,16,11
2023_1338_1411,0.1477110909581899,1411,1338,TX Southern,Pittsburgh,1428.0901684842972,1619.5009744031915,16,11
2023_1179_1411,0.07971667267770398,1411,1179,TX Southern,Drake,1428.0901684842972,1739.9205052619825,16,12
2023_1245_1411,0.0886976908121555,1411,1245,TX Southern,Kent,1428.0901684842972,1737.2027235579665,16,13
2023_1244_1411,0.21699845220455738,1411,1244,TX Southern,Kennesaw,1428.0901684842972,1593.1472630252326,16,14
2023_1159_1411,0.15865435863126856,1411,1159,TX Southern,Colgate,1428.0901684842972,1666.6730229861578,16,15
2023_1297_1411,0.27768345741048217,1411,1297,TX Southern,N Kentucky,1428.0901684842972,1573.4023120999589,16,16
2023_1242_1411,0.022433420249903573,1411,1242,TX Southern,Kansas,1428.0901684842972,1901.827967278591,16,1
2023_1411_1417,0.02789090112029158,1411,1417,TX Southern,UCLA,1428.0901684842972,1867.878530223314,16,2
2023_1211_1411,0.02043138384312307,1411,1211,TX Southern,Gonzaga,1428.0901684842972,1916.3481463531193,16,3
2023_1163_1411,0.05033432244392997,1411,1163,TX Southern,Connecticut,1428.0901684842972,1774.5874488350346,16,4
2023_1388_1411,0.049658712617005066,1411,1388,TX Southern,St Mary's CA,1428.0901684842972,1776.7496178560762,16,5
2023_1395_1411,0.08384146940490717,1411,1395,TX Southern,TCU,1428.0901684842972,1691.5692805081464,16,6
2023_1321_1411,0.11112139997084926,1411,1321,TX Southern,Northwestern,1428.0901684842972,1644.1558296981314,16,7
2023_1116_1411,0.07658583572567228,1411,1116,TX Southern,Arkansas,1428.0901684842972,1706.5269951056146,16,8
2023_1228_1411,0.09018353927897901,1411,1228,TX Southern,Illinois,1428.0901684842972,1679.4294486143315,16,9
2023_1129_1411,0.07592994535797681,1411,1129,TX Southern,Boise St,1428.0901684842972,1717.9423017771614,16,10
2023_1113_1411,0.12137913885831039,1411,1113,TX Southern,Arizona St,1428.0901684842972,1653.970278968981,16,11
2023_1305_1411,0.15466067510046494,1411,1305,TX Southern,Nevada,1428.0901684842972,1611.2680783755488,16,11
2023_1411_1433,0.07201373725894336,1411,1433,TX Southern,VCU,1428.0901684842972,1756.6343375804404,16,12
2023_1233_1411,0.10826757686479495,1411,1233,TX Southern,Iona,1428.0901684842972,1703.5978177653083,16,13
2023_1213_1411,0.17903652716011867,1411,1213,TX Southern,Grand Canyon,1428.0901684842972,1629.5739347665058,16,14
2023_1411_1421,0.20425309215764878,1411,1421,TX Southern,UNC Asheville,1428.0901684842972,1619.8023803848475,16,15
2023_1224_1411,0.38482569498711167,1411,1224,TX Southern,Howard,1428.0901684842972,1499.3971122037642,16,16
2023_1104_1112,0.5445020826849039,1104,1112,Alabama,Arizona,1868.7297204435874,1856.6001180607218,1,2
2023_1104_1124,0.6566107270177107,1104,1124,Alabama,Baylor,1868.7297204435874,1800.197283210896,1,3
2023_1104_1438,0.7131674282267139,1104,1438,Alabama,Virginia,1868.7297204435874,1775.2826588934145,1,4
2023_1104_1361,0.6991058650879616,1104,1361,Alabama,San Diego St,1868.7297204435874,1800.5844923405775,1,5
2023_1104_1166,0.8080968774921942,1104,1166,Alabama,Creighton,1868.7297204435874,1725.1962348790335,1,6
2023_1104_1281,0.8511223594247476,1104,1281,Alabama,Missouri,1868.7297204435874,1693.7228376167006,1,7
2023_1104_1268,0.8903943394593744,1104,1268,Alabama,Maryland,1868.7297204435874,1650.3174281040574,1,8
2023_1104_1452,0.8706174564540935,1104,1452,Alabama,West Virginia,1868.7297204435874,1678.9466303200704,1,9
2023_1104_1429,0.8504856896175587,1104,1429,Alabama,Utah St,1868.7297204435874,1704.4852334784591,1,10
2023_1104_1301,0.8910029921046516,1104,1301,Alabama,NC State,1868.7297204435874,1649.3671152451273,1,11
2023_1104_1158,0.825976131314265,1104,1158,Alabama,Col Charleston,1868.7297204435874,1732.0041830298856,1,12
2023_1104_1202,0.8670394178040918,1104,1202,Alabama,Furman,1868.7297204435874,1683.7191435589261,1,13
2023_1104_1364,0.8955344905849716,1104,1364,Alabama,UC Santa Barbara,1868.7297204435874,1642.1414337640413,1,14
2023_1104_1343,0.9025592000096611,1104,1343,Alabama,Princeton,1868.7297204435874,1630.3725206426989,1,15
2023_1104_1369,0.9690732354273105,1104,1369,Alabama,SE Missouri St,1868.7297204435874,1445.1219816825092,1,16
2023_1104_1394,0.9521578082985557,1104,1394,Alabama,TAM C. Christi,1868.7297204435874,1514.1154672296293,1,16
2023_1104_1222,0.41577016234722314,1104,1222,Alabama,Houston,1868.7297204435874,1920.435365457398,1,1
2023_1104_1400,0.5839733252129379,1104,1400,Alabama,Texas,1868.7297204435874,1832.1845791662383,1,2
2023_1104_1462,0.7262266721606894,1104,1462,Alabama,Xavier,1868.7297204435874,1750.441349381301,1,3
2023_1104_1231,0.7833718602643903,1104,1231,Alabama,Indiana,1868.7297204435874,1718.3411365693653,1,4
2023_1104_1274,0.7500397951389229,1104,1274,Alabama,Miami FL,1868.7297204435874,1761.7050183357899,1,5
2023_1104_1235,0.8578579683888925,1104,1235,Alabama,Iowa St,1868.7297204435874,1670.487215520616,1,6
2023_1104_1401,0.7617801143284002,1104,1401,Alabama,Texas A&M,1868.7297204435874,1782.031653556092,1,7
2023_1104_1234,0.8742350350760759,1104,1234,Alabama,Iowa,1868.7297204435874,1674.0057339344742,1,8
2023_1104_1120,0.8593273395150928,1104,1120,Alabama,Auburn,1868.7297204435874,1693.6475956688491,1,9
2023_1104_1336,0.8670044281848752,1104,1336,Alabama,Penn St,1868.7297204435874,1683.7652733456566,1,10
2023_1104_1280,0.8884743726471883,1104,1280,Alabama,Mississippi St,1868.7297204435874,1653.2851397595643,1,11
2023_1104_1338,0.908670704154897,1104,1338,Alabama,Pittsburgh,1868.7297204435874,1619.5009744031915,1,11
2023_1104_1179,0.8183626403965593,1104,1179,Alabama,Drake,1868.7297204435874,1739.9205052619825,1,12
2023_1104_1245,0.8210052717324987,1104,1245,Alabama,Kent,1868.7297204435874,1737.2027235579665,1,13
2023_1104_1244,0.9220755458359744,1104,1244,Alabama,Kennesaw,1868.7297204435874,1593.1472630252326,1,14
2023_1104_1159,0.8794439451061771,1104,1159,Alabama,Colgate,1868.7297204435874,1666.6730229861578,1,15
2023_1104_1297,0.9309121292807747,1104,1297,Alabama,N Kentucky,1868.7297204435874,1573.4023120999589,1,16
2023_1104_1242,0.4457772663177271,1104,1242,Alabama,Kansas,1868.7297204435874,1901.827967278591,1,1
2023_1104_1417,0.526046910040017,1104,1417,Alabama,UCLA,1868.7297204435874,1867.878530223314,1,2
2023_1104_1211,0.47105530894354214,1104,1211,Alabama,Gonzaga,1868.7297204435874,1916.3481463531193,1,3
2023_1104_1163,0.7141021012117228,1104,1163,Alabama,Connecticut,1868.7297204435874,1774.5874488350346,1,4
2023_1104_1388,0.7310288715800776,1104,1388,Alabama,St Mary's CA,1868.7297204435874,1776.7496178560762,1,5
2023_1104_1395,0.8400925389269132,1104,1395,Alabama,TCU,1868.7297204435874,1691.5692805081464,1,6
2023_1104_1321,0.8879055235942364,1104,1321,Alabama,Northwestern,1868.7297204435874,1644.1558296981314,1,7
2023_1104_1116,0.848769578848934,1104,1116,Alabama,Arkansas,1868.7297204435874,1706.5269951056146,1,8
2023_1104_1228,0.8702592399323879,1104,1228,Alabama,Illinois,1868.7297204435874,1679.4294486143315,1,9
2023_1104_1129,0.8388753611591412,1104,1129,Alabama,Boise St,1868.7297204435874,1717.9423017771614,1,10
2023_1104_1113,0.8880269618801879,1104,1113,Alabama,Arizona St,1868.7297204435874,1653.970278968981,1,11
2023_1104_1305,0.9130671823320969,1104,1305,Alabama,Nevada,1868.7297204435874,1611.2680783755488,1,11
2023_1104_1433,0.8014427693795503,1104,1433,Alabama,VCU,1868.7297204435874,1756.6343375804404,1,12
2023_1104_1233,0.8512265486174121,1104,1233,Alabama,Iona,1868.7297204435874,1703.5978177653083,1,13
2023_1104_1213,0.9030202704413179,1104,1213,Alabama,Grand Canyon,1868.7297204435874,1629.5739347665058,1,14
2023_1104_1421,0.9085060138330948,1104,1421,Alabama,UNC Asheville,1868.7297204435874,1619.8023803848475,1,15
2023_1104_1224,0.9563805268739105,1104,1224,Alabama,Howard,1868.7297204435874,1499.3971122037642,1,16
2023_1112_1124,0.6153236383478481,1112,1124,Arizona,Baylor,1856.6001180607218,1800.197283210896,2,3
2023_1112_1438,0.675317883995447,1112,1438,Arizona,Virginia,1856.6001180607218,1775.2826588934145,2,4
2023_1112_1361,0.6602846723325317,1112,1361,Arizona,San Diego St,1856.6001180607218,1800.5844923405775,2,5
2023_1112_1166,0.7788901959680326,1112,1166,Arizona,Creighton,1856.6001180607218,1725.1962348790335,2,6
2023_1112_1281,0.8270625722372379,1112,1281,Arizona,Missouri,1856.6001180607218,1693.7228376167006,2,7
2023_1112_1268,0.875358169626095,1112,1268,Arizona,Maryland,1856.6001180607218,1650.3174281040574,2,8
2023_1112_1452,0.8613598704660057,1112,1452,Arizona,West Virginia,1856.6001180607218,1678.9466303200704,2,9
2023_1112_1429,0.8400522739752005,1112,1429,Arizona,Utah St,1856.6001180607218,1704.4852334784591,2,10
2023_1112_1301,0.88300802535134,1112,1301,Arizona,NC State,1856.6001180607218,1649.3671152451273,2,11
2023_1112_1158,0.8142060201801259,1112,1158,Arizona,Col Charleston,1856.6001180607218,1732.0041830298856,2,12
2023_1112_1202,0.8575676998282965,1112,1202,Arizona,Furman,1856.6001180607218,1683.7191435589261,2,13
2023_1112_1364,0.887830065977199,1112,1364,Arizona,UC Santa Barbara,1856.6001180607218,1642.1414337640413,2,14
2023_1112_1343,0.8953122907652987,1112,1343,Arizona,Princeton,1856.6001180607218,1630.3725206426989,2,15
2023_1112_1369,0.9665900209549739,1112,1369,Arizona,SE Missouri St,1856.6001180607218,1445.1219816825092,2,16
2023_1112_1394,0.9483887323596104,1112,1394,Arizona,TAM C. Christi,1856.6001180607218,1514.1154672296293,2,16
2023_1112_1222,0.3731697237161152,1112,1222,Arizona,Houston,1856.6001180607218,1920.435365457398,2,1
2023_1112_1400,0.5400702100828562,1112,1400,Arizona,Texas,1856.6001180607218,1832.1845791662383,2,2
2023_1112_1462,0.6893497478019489,1112,1462,Arizona,Xavier,1856.6001180607218,1750.441349381301,2,3
2023_1112_1231,0.7515590584207323,1112,1231,Arizona,Indiana,1856.6001180607218,1718.3411365693653,2,4
2023_1112_1274,0.7151121761285042,1112,1274,Arizona,Miami FL,1856.6001180607218,1761.7050183357899,2,5
2023_1112_1235,0.8346752691619439,1112,1235,Arizona,Iowa St,1856.6001180607218,1670.487215520616,2,6
2023_1112_1401,0.7278978530823896,1112,1401,Arizona,Texas A&M,1856.6001180607218,1782.031653556092,2,7
2023_1112_1234,0.8573372486644274,1112,1234,Arizona,Iowa,1856.6001180607218,1674.0057339344742,2,8
2023_1112_1120,0.8494016601500165,1112,1120,Arizona,Auburn,1856.6001180607218,1693.6475956688491,2,9
2023_1112_1336,0.8575306272218862,1112,1336,Arizona,Penn St,1856.6001180607218,1683.7652733456566,2,10
2023_1112_1280,0.8803188441688532,1112,1280,Arizona,Mississippi St,1856.6001180607218,1653.2851397595643,2,11
2023_1112_1338,0.9018288835120518,1112,1338,Arizona,Pittsburgh,1856.6001180607218,1619.5009744031915,2,11
2023_1112_1179,0.8061984123383499,1112,1179,Arizona,Drake,1856.6001180607218,1739.9205052619825,2,12
2023_1112_1245,0.8089767101956432,1112,1245,Arizona,Kent,1856.6001180607218,1737.2027235579665,2,13
2023_1112_1244,0.9161452611339461,1112,1244,Arizona,Kennesaw,1856.6001180607218,1593.1472630252326,2,14
2023_1112_1159,0.8707241346420664,1112,1159,Arizona,Colgate,1856.6001180607218,1666.6730229861578,2,15
2023_1112_1297,0.9256000735393607,1112,1297,Arizona,N Kentucky,1856.6001180607218,1573.4023120999589,2,16
2023_1112_1242,0.4022189756923829,1112,1242,Arizona,Kansas,1856.6001180607218,1901.827967278591,2,1
2023_1112_1417,0.48145886011821865,1112,1417,Arizona,UCLA,1856.6001180607218,1867.878530223314,2,2
2023_1112_1211,0.4269297133215764,1112,1211,Arizona,Gonzaga,1856.6001180607218,1916.3481463531193,2,3
2023_1112_1163,0.6763199156853068,1112,1163,Arizona,Connecticut,1856.6001180607218,1774.5874488350346,2,4
2023_1112_1388,0.6945267123479063,1112,1388,Arizona,St Mary's CA,1856.6001180607218,1776.7496178560762,2,5
2023_1112_1395,0.8146384493388926,1112,1395,Arizona,TCU,1856.6001180607218,1691.5692805081464,2,6
2023_1112_1321,0.8688743690812316,1112,1321,Arizona,Northwestern,1856.6001180607218,1644.1558296981314,2,7
2023_1112_1116,0.8291190384293975,1112,1116,Arizona,Arkansas,1856.6001180607218,1706.5269951056146,2,8
2023_1112_1228,0.8609801155874972,1112,1228,Arizona,Illinois,1856.6001180607218,1679.4294486143315,2,9
2023_1112_1129,0.8277957987030845,1112,1129,Arizona,Boise St,1856.6001180607218,1717.9423017771614,2,10
2023_1112_1113,0.8798431403567387,1112,1113,Arizona,Arizona St,1856.6001180607218,1653.970278968981,2,11
2023_1112_1305,0.9065208359366459,1112,1305,Arizona,Nevada,1856.6001180607218,1611.2680783755488,2,11
2023_1112_1433,0.7884383524795088,1112,1433,Arizona,VCU,1856.6001180607218,1756.6343375804404,2,12
2023_1112_1233,0.8408351564488952,1112,1233,Arizona,Iona,1856.6001180607218,1703.5978177653083,2,13
2023_1112_1213,0.8958036933961642,1112,1213,Arizona,Grand Canyon,1856.6001180607218,1629.5739347665058,2,14
2023_1112_1421,0.9016531909335571,1112,1421,Arizona,UNC Asheville,1856.6001180607218,1619.8023803848475,2,15
2023_1112_1224,0.9529276762442673,1112,1224,Arizona,Howard,1856.6001180607218,1499.3971122037642,2,16
2023_1124_1438,0.5652730881837528,1124,1438,Baylor,Virginia,1800.197283210896,1775.2826588934145,3,4
2023_1124_1361,0.5485508050808772,1124,1361,Baylor,San Diego St,1800.197283210896,1800.5844923405775,3,5
2023_1124_1166,0.6877163674854481,1124,1166,Baylor,Creighton,1800.197283210896,1725.1962348790335,3,6
2023_1124_1281,0.7493604963798656,1124,1281,Baylor,Missouri,1800.197283210896,1693.7228376167006,3,7
2023_1124_1268,0.8144884137206311,1124,1268,Baylor,Maryland,1800.197283210896,1650.3174281040574,3,8
2023_1124_1452,0.8005569385375791,1124,1452,Baylor,West Virginia,1800.197283210896,1678.9466303200704,3,9
2023_1124_1429,0.7837327686356403,1124,1429,Baylor,Utah St,1800.197283210896,1704.4852334784591,3,10
2023_1124_1301,0.8389133708773325,1124,1301,Baylor,NC State,1800.197283210896,1649.3671152451273,3,11
2023_1124_1158,0.7514781220921096,1124,1158,Baylor,Col Charleston,1800.197283210896,1732.0041830298856,3,12
2023_1124_1202,0.80599123592294,1124,1202,Baylor,Furman,1800.197283210896,1683.7191435589261,3,13
2023_1124_1364,0.8452343092570307,1124,1364,Baylor,UC Santa Barbara,1800.197283210896,1642.1414337640413,3,14
2023_1124_1343,0.8550941147684401,1124,1343,Baylor,Princeton,1800.197283210896,1630.3725206426989,3,15
2023_1124_1369,0.9522957890608192,1124,1369,Baylor,SE Missouri St,1800.197283210896,1445.1219816825092,3,16
2023_1124_1394,0.9268961615677741,1124,1394,Baylor,TAM C. Christi,1800.197283210896,1514.1154672296293,3,16
2023_1124_1222,0.271230500182877,1124,1222,Baylor,Houston,1800.197283210896,1920.435365457398,3,1
2023_1124_1400,0.4233293789675642,1124,1400,Baylor,Texas,1800.197283210896,1832.1845791662383,3,2
2023_1124_1462,0.5811108153254442,1124,1462,Baylor,Xavier,1800.197283210896,1750.441349381301,3,3
2023_1124_1231,0.6541199321591462,1124,1231,Baylor,Indiana,1800.197283210896,1718.3411365693653,3,4
2023_1124_1274,0.6107813827205791,1124,1274,Baylor,Miami FL,1800.197283210896,1761.7050183357899,3,5
2023_1124_1235,0.7593985915355999,1124,1235,Baylor,Iowa St,1800.197283210896,1670.487215520616,3,6
2023_1124_1401,0.6257992423047766,1124,1401,Baylor,Texas A&M,1800.197283210896,1782.031653556092,3,7
2023_1124_1234,0.7897803433000428,1124,1234,Baylor,Iowa,1800.197283210896,1674.0057339344742,3,8
2023_1120_1124,0.7846653420532239,1124,1120,Baylor,Auburn,1800.197283210896,1693.6475956688491,3,9
2023_1124_1336,0.8059437766492455,1124,1336,Baylor,Penn St,1800.197283210896,1683.7652733456566,3,10
2023_1124_1280,0.8353995652631023,1124,1280,Baylor,Mississippi St,1800.197283210896,1653.2851397595643,3,11
2023_1124_1338,0.8637331723157147,1124,1338,Baylor,Pittsburgh,1800.197283210896,1619.5009744031915,3,11
2023_1124_1179,0.7416249027439836,1124,1179,Baylor,Drake,1800.197283210896,1739.9205052619825,3,12
2023_1124_1245,0.7450361520052508,1124,1245,Baylor,Kent,1800.197283210896,1737.2027235579665,3,13
2023_1124_1244,0.8828836087124325,1124,1244,Baylor,Kennesaw,1800.197283210896,1593.1472630252326,3,14
2023_1124_1159,0.8229280755921348,1124,1159,Baylor,Colgate,1800.197283210896,1666.6730229861578,3,15
2023_1124_1297,0.8956616290823224,1124,1297,Baylor,N Kentucky,1800.197283210896,1573.4023120999589,3,16
2023_1124_1242,0.2960927480671446,1124,1242,Baylor,Kansas,1800.197283210896,1901.827967278591,3,1
2023_1124_1417,0.36727044791897595,1124,1417,Baylor,UCLA,1800.197283210896,1867.878530223314,3,2
2023_1124_1211,0.3177491894242879,1124,1211,Baylor,Gonzaga,1800.197283210896,1916.3481463531193,3,3
2023_1124_1163,0.5663966788861475,1124,1163,Baylor,Connecticut,1800.197283210896,1774.5874488350346,3,4
2023_1124_1388,0.5870109218878607,1124,1388,Baylor,St Mary's CA,1800.197283210896,1776.7496178560762,3,5
2023_1124_1395,0.7331551889644292,1124,1395,Baylor,TCU,1800.197283210896,1691.5692805081464,3,6
2023_1124_1321,0.8055416110101916,1124,1321,Baylor,Northwestern,1800.197283210896,1644.1558296981314,3,7
2023_1116_1124,0.7520639566305466,1124,1116,Baylor,Arkansas,1800.197283210896,1706.5269951056146,3,8
2023_1124_1228,0.8000492972174933,1124,1228,Baylor,Illinois,1800.197283210896,1679.4294486143315,3,9
2023_1124_1129,0.7683507079093175,1124,1129,Baylor,Boise St,1800.197283210896,1717.9423017771614,3,10
2023_1113_1124,0.8347788277269758,1124,1113,Baylor,Arizona St,1800.197283210896,1653.970278968981,3,11
2023_1124_1305,0.8699833616213406,1124,1305,Baylor,Nevada,1800.197283210896,1611.2680783755488,3,11
2023_1124_1433,0.7200024971955203,1124,1433,Baylor,VCU,1800.197283210896,1756.6343375804404,3,12
2023_1124_1233,0.7847206696955152,1124,1233,Baylor,Iona,1800.197283210896,1703.5978177653083,3,13
2023_1124_1213,0.8557438834275763,1124,1213,Baylor,Grand Canyon,1800.197283210896,1629.5739347665058,3,14
2023_1124_1421,0.8634996209241336,1124,1421,Baylor,UNC Asheville,1800.197283210896,1619.8023803848475,3,15
2023_1124_1224,0.9331921161869436,1124,1224,Baylor,Howard,1800.197283210896,1499.3971122037642,3,16
2023_1361_1438,0.48306301960223685,1438,1361,Virginia,San Diego St,1775.2826588934145,1800.5844923405775,4,5
2023_1166_1438,0.6287536648290948,1438,1166,Virginia,Creighton,1775.2826588934145,1725.1962348790335,4,6
2023_1281_1438,0.6969072767232107,1438,1281,Virginia,Missouri,1775.2826588934145,1693.7228376167006,4,7
2023_1268_1438,0.7715090769916285,1438,1268,Virginia,Maryland,1775.2826588934145,1650.3174281040574,4,8
2023_1438_1452,0.7553195734211527,1438,1452,Virginia,West Virginia,1775.2826588934145,1678.9466303200704,4,9
2023_1429_1438,0.7422806955568824,1438,1429,Virginia,Utah St,1775.2826588934145,1704.4852334784591,4,10
2023_1301_1438,0.8155157236332429,1438,1301,Virginia,NC State,1775.2826588934145,1649.3671152451273,4,11
2023_1158_1438,0.7196250548315044,1438,1158,Virginia,Col Charleston,1775.2826588934145,1732.0041830298856,4,12
2023_1202_1438,0.7790710070442137,1438,1202,Virginia,Furman,1775.2826588934145,1683.7191435589261,4,13
2023_1364_1438,0.8225605808579977,1438,1364,Virginia,UC Santa Barbara,1775.2826588934145,1642.1414337640413,4,14
2023_1343_1438,0.8335804739368174,1438,1343,Virginia,Princeton,1775.2826588934145,1630.3725206426989,4,15
2023_1369_1438,0.9442728301685934,1438,1369,Virginia,SE Missouri St,1775.2826588934145,1445.1219816825092,4,16
2023_1394_1438,0.9149828231568085,1438,1394,Virginia,TAM C. Christi,1775.2826588934145,1514.1154672296293,4,16
2023_1222_1438,0.2225306472651885,1438,1222,Virginia,Houston,1775.2826588934145,1920.435365457398,4,1
2023_1400_1438,0.3608419718918222,1438,1400,Virginia,Texas,1775.2826588934145,1832.1845791662383,4,2
2023_1438_1462,0.5161803858654621,1438,1462,Virginia,Xavier,1775.2826588934145,1750.441349381301,4,3
2023_1231_1438,0.5925718940083049,1438,1231,Virginia,Indiana,1775.2826588934145,1718.3411365693653,4,4
2023_1274_1438,0.546863790877897,1438,1274,Virginia,Miami FL,1775.2826588934145,1761.7050183357899,4,5
2023_1235_1438,0.7082281702567315,1438,1235,Virginia,Iowa St,1775.2826588934145,1670.487215520616,4,6
2023_1401_1438,0.5625816626064112,1438,1401,Virginia,Texas A&M,1775.2826588934145,1782.031653556092,4,7
2023_1234_1438,0.7428836976256324,1438,1234,Virginia,Iowa,1775.2826588934145,1674.0057339344742,4,8
2023_1120_1438,0.7370075929083815,1438,1120,Virginia,Auburn,1775.2826588934145,1693.6475956688491,4,9
2023_1336_1438,0.7674858960327667,1438,1336,Virginia,Penn St,1775.2826588934145,1683.7652733456566,4,10
2023_1280_1438,0.8116061564226319,1438,1280,Virginia,Mississippi St,1775.2826588934145,1653.2851397595643,4,11
2023_1338_1438,0.8432670468873614,1438,1338,Virginia,Pittsburgh,1775.2826588934145,1619.5009744031915,4,11
2023_1179_1438,0.7089979876965914,1438,1179,Virginia,Drake,1775.2826588934145,1739.9205052619825,4,12
2023_1245_1438,0.7126731101959692,1438,1245,Virginia,Kent,1775.2826588934145,1737.2027235579665,4,13
2023_1244_1438,0.8648436459213819,1438,1244,Virginia,Kennesaw,1775.2826588934145,1593.1472630252326,4,14
2023_1159_1438,0.7977682957451216,1438,1159,Virginia,Colgate,1775.2826588934145,1666.6730229861578,4,15
2023_1297_1438,0.8793208861820393,1438,1297,Virginia,N Kentucky,1775.2826588934145,1573.4023120999589,4,16
2023_1242_1438,0.24442606457331226,1438,1242,Virginia,Kansas,1775.2826588934145,1901.827967278591,4,1
2023_1417_1438,0.3086292501172321,1438,1417,Virginia,UCLA,1775.2826588934145,1867.878530223314,4,2
2023_1211_1438,0.2637193489516044,1438,1211,Virginia,Gonzaga,1775.2826588934145,1916.3481463531193,4,3
2023_1163_1438,0.5011434125188983,1438,1163,Virginia,Connecticut,1775.2826588934145,1774.5874488350346,4,4
2023_1388_1438,0.52224315108154,1438,1388,Virginia,St Mary's CA,1775.2826588934145,1776.7496178560762,4,5
2023_1395_1438,0.6787643895819998,1438,1395,Virginia,TCU,1775.2826588934145,1691.5692805081464,4,6
2023_1321_1438,0.761097462754695,1438,1321,Virginia,Northwestern,1775.2826588934145,1644.1558296981314,4,7
2023_1116_1438,0.6999499701810491,1438,1116,Virginia,Arkansas,1775.2826588934145,1706.5269951056146,4,8
2023_1228_1438,0.7547320660554243,1438,1228,Virginia,Illinois,1775.2826588934145,1679.4294486143315,4,9
2023_1129_1438,0.7249849126816872,1438,1129,Virginia,Boise St,1775.2826588934145,1717.9423017771614,4,10
2023_1113_1438,0.8109159989732229,1438,1113,Virginia,Arizona St,1775.2826588934145,1653.970278968981,4,11
2023_1305_1438,0.850293256962968,1438,1305,Virginia,Nevada,1775.2826588934145,1611.2680783755488,4,11
2023_1433_1438,0.6858019368341423,1438,1433,Virginia,VCU,1775.2826588934145,1756.6343375804404,4,12
2023_1233_1438,0.7557434263136481,1438,1233,Virginia,Iona,1775.2826588934145,1703.5978177653083,4,13
2023_1213_1438,0.8343080185513911,1438,1213,Virginia,Grand Canyon,1775.2826588934145,1629.5739347665058,4,14
2023_1421_1438,0.8430047938521239,1438,1421,Virginia,UNC Asheville,1775.2826588934145,1619.8023803848475,4,15
2023_1224_1438,0.9222186963746389,1438,1224,Virginia,Howard,1775.2826588934145,1499.3971122037642,4,16
2023_1166_1361,0.6444308051830672,1361,1166,San Diego St,Creighton,1800.5844923405775,1725.1962348790335,5,6
2023_1281_1361,0.7110291163126369,1361,1281,San Diego St,Missouri,1800.5844923405775,1693.7228376167006,5,7
2023_1268_1361,0.7832361616784165,1361,1268,San Diego St,Maryland,1800.5844923405775,1650.3174281040574,5,8
2023_1361_1452,0.7676273051811255,1361,1452,San Diego St,West Virginia,1800.5844923405775,1678.9466303200704,5,9
2023_1361_1429,0.7550315840739951,1361,1429,San Diego St,Utah St,1800.5844923405775,1704.4852334784591,5,10
2023_1301_1361,0.8301829462480858,1361,1301,San Diego St,NC State,1800.5844923405775,1649.3671152451273,5,11
2023_1158_1361,0.7519535622288668,1361,1158,San Diego St,Col Charleston,1800.5844923405775,1732.0041830298856,5,12
2023_1202_1361,0.8063892571891197,1361,1202,San Diego St,Furman,1800.5844923405775,1683.7191435589261,5,13
2023_1361_1364,0.845567247004648,1361,1364,San Diego St,UC Santa Barbara,1800.5844923405775,1642.1414337640413,5,14
2023_1343_1361,0.8554094701690006,1361,1343,San Diego St,Princeton,1800.5844923405775,1630.3725206426989,5,15
2023_1361_1369,0.9524113793863765,1361,1369,San Diego St,SE Missouri St,1800.5844923405775,1445.1219816825092,5,16
2023_1361_1394,0.9270685833934499,1361,1394,San Diego St,TAM C. Christi,1800.5844923405775,1514.1154672296293,5,16
2023_1222_1361,0.23447632099210433,1361,1222,San Diego St,Houston,1800.5844923405775,1920.435365457398,5,1
2023_1361_1400,0.3766157264234247,1361,1400,San Diego St,Texas,1800.5844923405775,1832.1845791662383,5,2
2023_1361_1462,0.5330811031710153,1361,1462,San Diego St,Xavier,1800.5844923405775,1750.441349381301,5,3
2023_1231_1361,0.6088263640507664,1361,1231,San Diego St,Indiana,1800.5844923405775,1718.3411365693653,5,4
2023_1274_1361,0.5635988497339293,1361,1274,San Diego St,Miami FL,1800.5844923405775,1761.7050183357899,5,5
2023_1235_1361,0.7220329264434534,1361,1235,San Diego St,Iowa St,1800.5844923405775,1670.487215520616,5,6
2023_1361_1401,0.5791829250146675,1361,1401,San Diego St,Texas A&M,1800.5844923405775,1782.031653556092,5,7
2023_1234_1361,0.7556145745279402,1361,1234,San Diego St,Iowa,1800.5844923405775,1674.0057339344742,5,8
2023_1120_1361,0.749931480552075,1361,1120,San Diego St,Auburn,1800.5844923405775,1693.6475956688491,5,9
2023_1336_1361,0.7793604149603074,1361,1336,San Diego St,Penn St,1800.5844923405775,1683.7652733456566,5,10
2023_1280_1361,0.8265180839954114,1361,1280,San Diego St,Mississippi St,1800.5844923405775,1653.2851397595643,5,11
2023_1338_1361,0.8561171986569099,1361,1338,San Diego St,Pittsburgh,1800.5844923405775,1619.5009744031915,5,11
2023_1179_1361,0.742112724006132,1361,1179,San Diego St,Drake,1800.5844923405775,1739.9205052619825,5,12
2023_1245_1361,0.7455197427142463,1361,1245,San Diego St,Kent,1800.5844923405775,1737.2027235579665,5,13
2023_1244_1361,0.8831467510643828,1361,1244,San Diego St,Kennesaw,1800.5844923405775,1593.1472630252326,5,14
2023_1159_1361,0.8232989675978166,1361,1159,San Diego St,Colgate,1800.5844923405775,1666.6730229861578,5,15
2023_1297_1361,0.8958994464207592,1361,1297,San Diego St,N Kentucky,1800.5844923405775,1573.4023120999589,5,16
2023_1242_1361,0.2571583380170354,1361,1242,San Diego St,Kansas,1800.5844923405775,1901.827967278591,5,1
2023_1361_1417,0.3232749960418367,1361,1417,San Diego St,UCLA,1800.5844923405775,1867.878530223314,5,2
2023_1211_1361,0.27708806135999675,1361,1211,San Diego St,Gonzaga,1800.5844923405775,1916.3481463531193,5,3
2023_1163_1361,0.5180789924488142,1361,1163,San Diego St,Connecticut,1800.5844923405775,1774.5874488350346,5,4
2023_1361_1388,0.539121178708843,1361,1388,San Diego St,St Mary's CA,1800.5844923405775,1776.7496178560762,5,5
2023_1361_1395,0.6933596080382787,1361,1395,San Diego St,TCU,1800.5844923405775,1691.5692805081464,5,6
2023_1321_1361,0.773201827810015,1361,1321,San Diego St,Northwestern,1800.5844923405775,1644.1558296981314,5,7
2023_1116_1361,0.7139882243845747,1361,1116,San Diego St,Arkansas,1800.5844923405775,1706.5269951056146,5,8
2023_1228_1361,0.7670602362557988,1361,1228,San Diego St,Illinois,1800.5844923405775,1679.4294486143315,5,9
2023_1129_1361,0.7382898176699084,1361,1129,San Diego St,Boise St,1800.5844923405775,1717.9423017771614,5,10
2023_1113_1361,0.8258708341674202,1361,1113,San Diego St,Arizona St,1800.5844923405775,1653.970278968981,5,11
2023_1305_1361,0.8626611673433651,1361,1305,San Diego St,Nevada,1800.5844923405775,1611.2680783755488,5,11
2023_1361_1433,0.7205157576874051,1361,1433,San Diego St,VCU,1800.5844923405775,1756.6343375804404,5,12
2023_1233_1361,0.7851506965214057,1361,1233,San Diego St,Iona,1800.5844923405775,1703.5978177653083,5,13
2023_1213_1361,0.856058062789378,1361,1213,San Diego St,Grand Canyon,1800.5844923405775,1629.5739347665058,5,14
2023_1361_1421,0.86379959729673,1361,1421,San Diego St,UNC Asheville,1800.5844923405775,1619.8023803848475,5,15
2023_1224_1361,0.9333507562206869,1361,1224,San Diego St,Howard,1800.5844923405775,1499.3971122037642,5,16
2023_1166_1281,0.5758450706777027,1166,1281,Creighton,Missouri,1725.1962348790335,1693.7228376167006,6,7
2023_1166_1268,0.6659620816973141,1166,1268,Creighton,Maryland,1725.1962348790335,1650.3174281040574,6,8
2023_1166_1452,0.645728192956518,1166,1452,Creighton,West Virginia,1725.1962348790335,1678.9466303200704,6,9
2023_1166_1429,0.6297122844040989,1166,1429,Creighton,Utah St,1725.1962348790335,1704.4852334784591,6,10
2023_1166_1301,0.7295373997305074,1166,1301,Creighton,NC State,1725.1962348790335,1649.3671152451273,6,11
2023_1158_1166,0.6335101235486064,1166,1158,Creighton,Col Charleston,1725.1962348790335,1732.0041830298856,6,12
2023_1166_1202,0.7172277332220244,1166,1202,Creighton,Furman,1725.1962348790335,1683.7191435589261,6,13
2023_1166_1364,0.7692859335415139,1166,1364,Creighton,UC Santa Barbara,1725.1962348790335,1642.1414337640413,6,14
2023_1166_1343,0.7827405602609376,1166,1343,Creighton,Princeton,1725.1962348790335,1630.3725206426989,6,15
2023_1166_1369,0.9241725216332701,1166,1369,Creighton,SE Missouri St,1725.1962348790335,1445.1219816825092,6,16
2023_1166_1394,0.8855978094431408,1166,1394,Creighton,TAM C. Christi,1725.1962348790335,1514.1154672296293,6,16
2023_1166_1222,0.14456843219413124,1166,1222,Creighton,Houston,1725.1962348790335,1920.435365457398,6,1
2023_1166_1400,0.25000505116314153,1166,1400,Creighton,Texas,1725.1962348790335,1832.1845791662383,6,2
2023_1166_1462,0.3864807496947055,1166,1462,Creighton,Xavier,1725.1962348790335,1750.441349381301,6,3
2023_1166_1231,0.4620068733383949,1166,1231,Creighton,Indiana,1725.1962348790335,1718.3411365693653,6,4
2023_1166_1274,0.4160847871313081,1166,1274,Creighton,Miami FL,1725.1962348790335,1761.7050183357899,6,5
2023_1166_1235,0.5890211874346702,1166,1235,Creighton,Iowa St,1725.1962348790335,1670.487215520616,6,6
2023_1166_1401,0.4316242138021962,1166,1401,Creighton,Texas A&M,1725.1962348790335,1782.031653556092,6,7
2023_1166_1234,0.6304475415999082,1166,1234,Creighton,Iowa,1725.1962348790335,1674.0057339344742,6,8
2023_1120_1166,0.6233048068505466,1166,1120,Creighton,Auburn,1725.1962348790335,1693.6475956688491,6,9
2023_1166_1336,0.6608973089471081,1166,1336,Creighton,Penn St,1725.1962348790335,1683.7652733456566,6,10
2023_1166_1280,0.7244214939146071,1166,1280,Creighton,Mississippi St,1725.1962348790335,1653.2851397595643,6,11
2023_1166_1338,0.7665193268548615,1166,1338,Creighton,Pittsburgh,1725.1962348790335,1619.5009744031915,6,11
2023_1166_1179,0.6213365494420916,1166,1179,Creighton,Drake,1725.1962348790335,1739.9205052619825,6,12
2023_1166_1245,0.6408126442133442,1166,1245,Creighton,Kent,1725.1962348790335,1737.2027235579665,6,13
2023_1166_1244,0.8215093577034034,1166,1244,Creighton,Kennesaw,1725.1962348790335,1593.1472630252326,6,14
2023_1159_1166,0.7394081759089319,1166,1159,Creighton,Colgate,1725.1962348790335,1666.6730229861578,6,15
2023_1166_1297,0.8397683532030807,1166,1297,Creighton,N Kentucky,1725.1962348790335,1573.4023120999589,6,16
2023_1166_1242,0.16037527441926883,1166,1242,Creighton,Kansas,1725.1962348790335,1901.827967278591,6,1
2023_1166_1417,0.20859599709795884,1166,1417,Creighton,UCLA,1725.1962348790335,1867.878530223314,6,2
2023_1166_1211,0.17456697744646357,1166,1211,Creighton,Gonzaga,1725.1962348790335,1916.3481463531193,6,3
2023_1163_1166,0.3723145570255866,1166,1163,Creighton,Connecticut,1725.1962348790335,1774.5874488350346,6,4
2023_1166_1388,0.39225521055073365,1166,1388,Creighton,St Mary's CA,1725.1962348790335,1776.7496178560762,6,5
2023_1166_1395,0.5550819115066231,1166,1395,Creighton,TCU,1725.1962348790335,1691.5692805081464,6,6
2023_1166_1321,0.652904749928599,1166,1321,Creighton,Northwestern,1725.1962348790335,1644.1558296981314,6,7
2023_1116_1166,0.5793695574241606,1166,1116,Creighton,Arkansas,1725.1962348790335,1706.5269951056146,6,8
2023_1166_1228,0.645001219735769,1166,1228,Creighton,Illinois,1725.1962348790335,1679.4294486143315,6,9
2023_1129_1166,0.6088429363766092,1166,1129,Creighton,Boise St,1725.1962348790335,1717.9423017771614,6,10
2023_1113_1166,0.7235207487568812,1166,1113,Creighton,Arizona St,1725.1962348790335,1653.970278968981,6,11
2023_1166_1305,0.7760724479123582,1166,1305,Creighton,Nevada,1725.1962348790335,1611.2680783755488,6,11
2023_1166_1433,0.5951430162975582,1166,1433,Creighton,VCU,1725.1962348790335,1756.6343375804404,6,12
2023_1166_1233,0.6899687987881512,1166,1233,Creighton,Iona,1725.1962348790335,1703.5978177653083,6,13
2023_1166_1213,0.7836326737843644,1166,1213,Creighton,Grand Canyon,1725.1962348790335,1629.5739347665058,6,14
2023_1166_1421,0.7943335988915496,1166,1421,Creighton,UNC Asheville,1725.1962348790335,1619.8023803848475,6,15
2023_1166_1224,0.8950477899330475,1166,1224,Creighton,Howard,1725.1962348790335,1499.3971122037642,6,16
2023_1268_1281,0.5948949352596541,1281,1268,Missouri,Maryland,1693.7228376167006,1650.3174281040574,7,8
2023_1281_1452,0.5731156423576725,1281,1452,Missouri,West Virginia,1693.7228376167006,1678.9466303200704,7,9
2023_1281_1429,0.5560738398562186,1281,1429,Missouri,Utah St,1693.7228376167006,1704.4852334784591,7,10
2023_1281_1301,0.6651961106346272,1281,1301,Missouri,NC State,1693.7228376167006,1649.3671152451273,7,11
2023_1158_1281,0.5600993367832666,1281,1158,Missouri,Col Charleston,1693.7228376167006,1732.0041830298856,7,12
2023_1202_1281,0.6587897891732162,1281,1202,Missouri,Furman,1693.7228376167006,1683.7191435589261,7,13
2023_1281_1364,0.7305128169236601,1281,1364,Missouri,UC Santa Barbara,1693.7228376167006,1642.1414337640413,7,14
2023_1281_1343,0.745480484677735,1281,1343,Missouri,Princeton,1693.7228376167006,1630.3725206426989,7,15
2023_1281_1369,0.9083273193569503,1281,1369,Missouri,SE Missouri St,1693.7228376167006,1445.1219816825092,7,16
2023_1281_1394,0.8628877922731824,1281,1394,Missouri,TAM C. Christi,1693.7228376167006,1514.1154672296293,7,16
2023_1222_1281,0.11070175331864508,1281,1222,Missouri,Houston,1693.7228376167006,1920.435365457398,7,1
2023_1281_1400,0.19713066265820609,1281,1400,Missouri,Texas,1693.7228376167006,1832.1845791662383,7,2
2023_1281_1462,0.31694016849610124,1281,1462,Missouri,Xavier,1693.7228376167006,1750.441349381301,7,3
2023_1231_1281,0.3874589914597287,1281,1231,Missouri,Indiana,1693.7228376167006,1718.3411365693653,7,4
2023_1274_1281,0.3442059556653589,1281,1274,Missouri,Miami FL,1693.7228376167006,1761.7050183357899,7,5
2023_1235_1281,0.5135418450636773,1281,1235,Missouri,Iowa St,1693.7228376167006,1670.487215520616,7,6
2023_1281_1401,0.35871004296808406,1281,1401,Missouri,Texas A&M,1693.7228376167006,1782.031653556092,7,7
2023_1234_1281,0.5568524173961868,1281,1234,Missouri,Iowa,1693.7228376167006,1674.0057339344742,7,8
2023_1120_1281,0.5493041167586515,1281,1120,Missouri,Auburn,1693.7228376167006,1693.6475956688491,7,9
2023_1281_1336,0.5894169544209344,1281,1336,Missouri,Penn St,1693.7228376167006,1683.7652733456566,7,10
2023_1280_1281,0.6594313131649726,1281,1280,Missouri,Mississippi St,1693.7228376167006,1653.2851397595643,7,11
2023_1281_1338,0.707447802739786,1281,1338,Missouri,Pittsburgh,1693.7228376167006,1619.5009744031915,7,11
2023_1179_1281,0.5472300703962129,1281,1179,Missouri,Drake,1693.7228376167006,1739.9205052619825,7,12
2023_1245_1281,0.5759201362401545,1281,1245,Missouri,Kent,1693.7228376167006,1737.2027235579665,7,13
2023_1244_1281,0.7891067467587569,1281,1244,Missouri,Kennesaw,1693.7228376167006,1593.1472630252326,7,14
2023_1159_1281,0.6975877520580219,1281,1159,Missouri,Colgate,1693.7228376167006,1666.6730229861578,7,15
2023_1281_1297,0.809913447520465,1281,1297,Missouri,N Kentucky,1693.7228376167006,1573.4023120999589,7,16
2023_1242_1281,0.12333957803173809,1281,1242,Missouri,Kansas,1693.7228376167006,1901.827967278591,7,1
2023_1281_1417,0.16258087847382133,1281,1417,Missouri,UCLA,1693.7228376167006,1867.878530223314,7,2
2023_1211_1281,0.13478005791347983,1281,1211,Missouri,Gonzaga,1693.7228376167006,1916.3481463531193,7,3
2023_1163_1281,0.30405967488170005,1281,1163,Missouri,Connecticut,1693.7228376167006,1774.5874488350346,7,4
2023_1281_1388,0.32222130663411364,1281,1388,Missouri,St Mary's CA,1693.7228376167006,1776.7496178560762,7,5
2023_1281_1395,0.47888397589365445,1281,1395,Missouri,TCU,1693.7228376167006,1691.5692805081464,7,6
2023_1281_1321,0.5808082347780393,1281,1321,Missouri,Northwestern,1693.7228376167006,1644.1558296981314,7,7
2023_1116_1281,0.5036114473608492,1281,1116,Missouri,Arkansas,1693.7228376167006,1706.5269951056146,7,8
2023_1228_1281,0.5723383500440672,1281,1228,Missouri,Illinois,1693.7228376167006,1679.4294486143315,7,9
2023_1129_1281,0.5341246902999709,1281,1129,Missouri,Boise St,1693.7228376167006,1717.9423017771614,7,10
2023_1113_1281,0.6584183067004856,1281,1113,Missouri,Arizona St,1693.7228376167006,1653.970278968981,7,11
2023_1281_1305,0.718530375098359,1281,1305,Missouri,Nevada,1693.7228376167006,1611.2680783755488,7,11
2023_1281_1433,0.5198715276308519,1281,1433,Missouri,VCU,1693.7228376167006,1756.6343375804404,7,12
2023_1233_1281,0.6288129323296433,1281,1233,Missouri,Iona,1693.7228376167006,1703.5978177653083,7,13
2023_1213_1281,0.7464760411326884,1281,1213,Missouri,Grand Canyon,1693.7228376167006,1629.5739347665058,7,14
2023_1281_1421,0.7584481768974369,1281,1421,Missouri,UNC Asheville,1693.7228376167006,1619.8023803848475,7,15
2023_1224_1281,0.8739466789328831,1281,1224,Missouri,Howard,1693.7228376167006,1499.3971122037642,7,16
2023_1268_1452,0.47759900750132717,1268,1452,Maryland,West Virginia,1650.3174281040574,1678.9466303200704,8,9
2023_1268_1429,0.46033464765803767,1268,1429,Maryland,Utah St,1650.3174281040574,1704.4852334784591,8,10
2023_1268_1301,0.5750043290986706,1268,1301,Maryland,NC State,1650.3174281040574,1649.3671152451273,8,11
2023_1158_1268,0.46439209655774655,1268,1158,Maryland,Col Charleston,1650.3174281040574,1732.0041830298856,8,12
2023_1202_1268,0.567993023751079,1268,1202,Maryland,Furman,1650.3174281040574,1683.7191435589261,8,13
2023_1268_1364,0.6560818050250095,1268,1364,Maryland,UC Santa Barbara,1650.3174281040574,1642.1414337640413,8,14
2023_1268_1343,0.6876370414999766,1268,1343,Maryland,Princeton,1650.3174281040574,1630.3725206426989,8,15
2023_1268_1369,0.8816161289034025,1268,1369,Maryland,SE Missouri St,1650.3174281040574,1445.1219816825092,8,16
2023_1268_1394,0.8254804624701247,1268,1394,Maryland,TAM C. Christi,1650.3174281040574,1514.1154672296293,8,16
2023_1222_1268,0.08054705858242842,1268,1222,Maryland,Houston,1650.3174281040574,1920.435365457398,8,1
2023_1268_1400,0.14324892436589998,1268,1400,Maryland,Texas,1650.3174281040574,1832.1845791662383,8,2
2023_1268_1462,0.24010429510112483,1268,1462,Maryland,Xavier,1650.3174281040574,1750.441349381301,8,3
2023_1231_1268,0.3010623325490717,1268,1231,Maryland,Indiana,1650.3174281040574,1718.3411365693653,8,4
2023_1268_1274,0.2633080951422663,1268,1274,Maryland,Miami FL,1650.3174281040574,1761.7050183357899,8,5
2023_1235_1268,0.4182265772351212,1268,1235,Maryland,Iowa St,1650.3174281040574,1670.487215520616,8,6
2023_1268_1401,0.275837142286308,1268,1401,Maryland,Texas A&M,1650.3174281040574,1782.031653556092,8,7
2023_1234_1268,0.46111841655992586,1268,1234,Maryland,Iowa,1650.3174281040574,1674.0057339344742,8,8
2023_1120_1268,0.45353968393767574,1268,1120,Maryland,Auburn,1650.3174281040574,1693.6475956688491,8,9
2023_1268_1336,0.49432955950948326,1268,1336,Maryland,Penn St,1650.3174281040574,1683.7652733456566,8,10
2023_1268_1280,0.5686934950392716,1268,1280,Maryland,Mississippi St,1650.3174281040574,1653.2851397595643,8,11
2023_1268_1338,0.6221731454229127,1268,1338,Maryland,Pittsburgh,1650.3174281040574,1619.5009744031915,8,11
2023_1179_1268,0.45146502051137577,1268,1179,Maryland,Drake,1650.3174281040574,1739.9205052619825,8,12
2023_1245_1268,0.4804621646095968,1268,1245,Maryland,Kent,1650.3174281040574,1737.2027235579665,8,13
2023_1244_1268,0.7247616162718074,1268,1244,Maryland,Kennesaw,1650.3174281040574,1593.1472630252326,8,14
2023_1159_1268,0.634200789552457,1268,1159,Maryland,Colgate,1650.3174281040574,1666.6730229861578,8,15
2023_1268_1297,0.7620391448419238,1268,1297,Maryland,N Kentucky,1650.3174281040574,1573.4023120999589,8,16
2023_1242_1268,0.09009113720934471,1268,1242,Maryland,Kansas,1650.3174281040574,1901.827967278591,8,1
2023_1268_1417,0.1167691749428837,1268,1417,Maryland,UCLA,1650.3174281040574,1867.878530223314,8,2
2023_1211_1268,0.09590486764127049,1268,1211,Maryland,Gonzaga,1650.3174281040574,1916.3481463531193,8,3
2023_1163_1268,0.22929818138984812,1268,1163,Maryland,Connecticut,1650.3174281040574,1774.5874488350346,8,4
2023_1268_1388,0.24456352853775482,1268,1388,Maryland,St Mary's CA,1650.3174281040574,1776.7496178560762,8,5
2023_1268_1395,0.38491149970353666,1268,1395,Maryland,TCU,1650.3174281040574,1691.5692805081464,8,6
2023_1268_1321,0.48546754301165485,1268,1321,Maryland,Northwestern,1650.3174281040574,1644.1558296981314,8,7
2023_1116_1268,0.40859120597805004,1268,1116,Maryland,Arkansas,1650.3174281040574,1706.5269951056146,8,8
2023_1228_1268,0.476806565465594,1268,1228,Maryland,Illinois,1650.3174281040574,1679.4294486143315,8,9
2023_1129_1268,0.43843226564636406,1268,1129,Maryland,Boise St,1650.3174281040574,1717.9423017771614,8,10
2023_1113_1268,0.5675875730558249,1268,1113,Maryland,Arizona St,1650.3174281040574,1653.970278968981,8,11
2023_1268_1305,0.6348186029366425,1268,1305,Maryland,Nevada,1650.3174281040574,1611.2680783755488,8,11
2023_1268_1433,0.42440640277020125,1268,1433,Maryland,VCU,1650.3174281040574,1756.6343375804404,8,12
2023_1233_1268,0.5356616663843141,1268,1233,Maryland,Iona,1650.3174281040574,1703.5978177653083,8,13
2023_1213_1268,0.6744893937792109,1268,1213,Maryland,Grand Canyon,1650.3174281040574,1629.5739347665058,8,14
2023_1268_1421,0.702375240502966,1268,1421,Maryland,UNC Asheville,1650.3174281040574,1619.8023803848475,8,15
2023_1224_1268,0.8389935004337515,1268,1224,Maryland,Howard,1650.3174281040574,1499.3971122037642,8,16
2023_1429_1452,0.48267406077059,1452,1429,West Virginia,Utah St,1678.9466303200704,1704.4852334784591,9,10
2023_1301_1452,0.5967550612452777,1452,1301,West Virginia,NC State,1678.9466303200704,1649.3671152451273,9,11
2023_1158_1452,0.4867508160841966,1452,1158,West Virginia,Col Charleston,1678.9466303200704,1732.0041830298856,9,12
2023_1202_1452,0.5898466306069189,1452,1202,West Virginia,Furman,1678.9466303200704,1683.7191435589261,9,13
2023_1364_1452,0.6760210464871419,1452,1364,West Virginia,UC Santa Barbara,1678.9466303200704,1642.1414337640413,9,14
2023_1343_1452,0.7133383740450587,1452,1343,West Virginia,Princeton,1678.9466303200704,1630.3725206426989,9,15
2023_1369_1452,0.8999050890763772,1452,1369,West Virginia,SE Missouri St,1678.9466303200704,1445.1219816825092,9,16
2023_1394_1452,0.8509758161354529,1452,1394,West Virginia,TAM C. Christi,1678.9466303200704,1514.1154672296293,9,16
2023_1222_1452,0.09564391896137288,1452,1222,West Virginia,Houston,1678.9466303200704,1920.435365457398,9,1
2023_1400_1452,0.15895747594137202,1452,1400,West Virginia,Texas,1678.9466303200704,1832.1845791662383,9,2
2023_1452_1462,0.2568427169132393,1452,1462,West Virginia,Xavier,1678.9466303200704,1750.441349381301,9,3
2023_1231_1452,0.32025933906205445,1452,1231,West Virginia,Indiana,1678.9466303200704,1718.3411365693653,9,4
2023_1274_1452,0.28106581444827744,1452,1274,West Virginia,Miami FL,1678.9466303200704,1761.7050183357899,9,5
2023_1235_1452,0.44018932355054136,1452,1235,West Virginia,Iowa St,1678.9466303200704,1670.487215520616,9,6
2023_1401_1452,0.29410250193968435,1452,1401,West Virginia,Texas A&M,1678.9466303200704,1782.031653556092,9,7
2023_1234_1452,0.4834617908601937,1452,1234,West Virginia,Iowa,1678.9466303200704,1674.0057339344742,9,8
2023_1120_1452,0.47584009806961924,1452,1120,West Virginia,Auburn,1678.9466303200704,1693.6475956688491,9,9
2023_1336_1452,0.5167390570222528,1452,1336,West Virginia,Penn St,1678.9466303200704,1683.7652733456566,9,10
2023_1280_1452,0.5905372119972081,1452,1280,West Virginia,Mississippi St,1678.9466303200704,1653.2851397595643,9,11
2023_1338_1452,0.6430085944004761,1452,1338,West Virginia,Pittsburgh,1678.9466303200704,1619.5009744031915,9,11
2023_1179_1452,0.4737518617770789,1452,1179,West Virginia,Drake,1678.9466303200704,1739.9205052619825,9,12
2023_1245_1452,0.5028681783351983,1452,1245,West Virginia,Kent,1678.9466303200704,1737.2027235579665,9,13
2023_1244_1452,0.74228313945884,1452,1244,West Virginia,Kennesaw,1678.9466303200704,1593.1472630252326,9,14
2023_1159_1452,0.6621385885428284,1452,1159,West Virginia,Colgate,1678.9466303200704,1666.6730229861578,9,15
2023_1297_1452,0.7944952650757412,1452,1297,West Virginia,N Kentucky,1678.9466303200704,1573.4023120999589,9,16
2023_1242_1452,0.10676911118690618,1452,1242,West Virginia,Kansas,1678.9466303200704,1901.827967278591,9,1
2023_1417_1452,0.13001463287071802,1452,1417,West Virginia,UCLA,1678.9466303200704,1867.878530223314,9,2
2023_1211_1452,0.10396605386694058,1452,1211,West Virginia,Gonzaga,1678.9466303200704,1916.3481463531193,9,3
2023_1163_1452,0.24552667981558932,1452,1163,West Virginia,Connecticut,1678.9466303200704,1774.5874488350346,9,4
2023_1388_1452,0.2615058375684235,1452,1388,West Virginia,St Mary's CA,1678.9466303200704,1776.7496178560762,9,5
2023_1395_1452,0.4063467032061152,1452,1395,West Virginia,TCU,1678.9466303200704,1691.5692805081464,9,6
2023_1321_1452,0.507878795008047,1452,1321,West Virginia,Northwestern,1678.9466303200704,1644.1558296981314,9,7
2023_1116_1452,0.4304223161368279,1452,1116,West Virginia,Arkansas,1678.9466303200704,1706.5269951056146,9,8
2023_1228_1452,0.4992059076626623,1452,1228,West Virginia,Illinois,1678.9466303200704,1679.4294486143315,9,9
2023_1129_1452,0.4606159878365358,1452,1129,West Virginia,Boise St,1678.9466303200704,1717.9423017771614,9,10
2023_1113_1452,0.5894468650650716,1452,1113,West Virginia,Arizona St,1678.9466303200704,1653.970278968981,9,11
2023_1305_1452,0.6553430080828281,1452,1305,West Virginia,Nevada,1678.9466303200704,1611.2680783755488,9,11
2023_1433_1452,0.4464446387568844,1452,1433,West Virginia,VCU,1678.9466303200704,1756.6343375804404,9,12
2023_1233_1452,0.5578777148768468,1452,1233,West Virginia,Iona,1678.9466303200704,1703.5978177653083,9,13
2023_1213_1452,0.6938594056361752,1452,1213,West Virginia,Grand Canyon,1678.9466303200704,1629.5739347665058,9,14
2023_1421_1452,0.7273447428934591,1452,1421,West Virginia,UNC Asheville,1678.9466303200704,1619.8023803848475,9,15
2023_1224_1452,0.8628427564106828,1452,1224,West Virginia,Howard,1678.9466303200704,1499.3971122037642,9,16
2023_1301_1429,0.613321126877171,1429,1301,Utah St,NC State,1704.4852334784591,1649.3671152451273,10,11
2023_1158_1429,0.5040805021049922,1429,1158,Utah St,Col Charleston,1704.4852334784591,1732.0041830298856,10,12
2023_1202_1429,0.6065093669972091,1429,1202,Utah St,Furman,1704.4852334784591,1683.7191435589261,10,13
2023_1364_1429,0.6910167872450323,1429,1364,Utah St,UC Santa Barbara,1704.4852334784591,1642.1414337640413,10,14
2023_1343_1429,0.7273035953363959,1429,1343,Utah St,Princeton,1704.4852334784591,1630.3725206426989,10,15
2023_1369_1429,0.908744112949936,1429,1369,Utah St,SE Missouri St,1704.4852334784591,1445.1219816825092,10,16
2023_1394_1429,0.8634801280490548,1429,1394,Utah St,TAM C. Christi,1704.4852334784591,1514.1154672296293,10,16
2023_1222_1429,0.111196494458204,1429,1222,Utah St,Houston,1704.4852334784591,1920.435365457398,10,1
2023_1400_1429,0.1827252354153317,1429,1400,Utah St,Texas,1704.4852334784591,1832.1845791662383,10,2
2023_1429_1462,0.27683450588976855,1429,1462,Utah St,Xavier,1704.4852334784591,1750.441349381301,10,3
2023_1231_1429,0.3355366066337822,1429,1231,Utah St,Indiana,1704.4852334784591,1718.3411365693653,10,4
2023_1274_1429,0.29528563041381156,1429,1274,Utah St,Miami FL,1704.4852334784591,1761.7050183357899,10,5
2023_1235_1429,0.45733842609449166,1429,1235,Utah St,Iowa St,1704.4852334784591,1670.487215520616,10,6
2023_1401_1429,0.3086986725868608,1429,1401,Utah St,Texas A&M,1704.4852334784591,1782.031653556092,10,7
2023_1234_1429,0.5007886339903588,1429,1234,Utah St,Iowa,1704.4852334784591,1674.0057339344742,10,8
2023_1120_1429,0.49315457551214037,1429,1120,Utah St,Auburn,1704.4852334784591,1693.6475956688491,10,9
2023_1336_1429,0.5340255239375425,1429,1336,Utah St,Penn St,1704.4852334784591,1683.7652733456566,10,10
2023_1280_1429,0.6071905765650726,1429,1280,Utah St,Mississippi St,1704.4852334784591,1653.2851397595643,10,11
2023_1338_1429,0.6587610476690008,1429,1338,Utah St,Pittsburgh,1704.4852334784591,1619.5009744031915,10,11
2023_1179_1429,0.4910615411042604,1429,1179,Utah St,Drake,1704.4852334784591,1739.9205052619825,10,12
2023_1245_1429,0.5201901042658486,1429,1245,Utah St,Kent,1704.4852334784591,1737.2027235579665,10,13
2023_1244_1429,0.7553219344351321,1429,1244,Utah St,Kennesaw,1704.4852334784591,1593.1472630252326,10,14
2023_1159_1429,0.6774703268384129,1429,1159,Utah St,Colgate,1704.4852334784591,1666.6730229861578,10,15
2023_1297_1429,0.8106844268197007,1429,1297,Utah St,N Kentucky,1704.4852334784591,1573.4023120999589,10,16
2023_1242_1429,0.1238829314036251,1429,1242,Utah St,Kansas,1704.4852334784591,1901.827967278591,10,1
2023_1417_1429,0.15022778103514056,1429,1417,Utah St,UCLA,1704.4852334784591,1867.878530223314,10,2
2023_1211_1429,0.1138819021865767,1429,1211,Utah St,Gonzaga,1704.4852334784591,1916.3481463531193,10,3
2023_1163_1429,0.2585952146001384,1429,1163,Utah St,Connecticut,1704.4852334784591,1774.5874488350346,10,4
2023_1388_1429,0.27511475164681276,1429,1388,Utah St,St Mary's CA,1704.4852334784591,1776.7496178560762,10,5
2023_1395_1429,0.42317400134637234,1429,1395,Utah St,TCU,1704.4852334784591,1691.5692805081464,10,6
2023_1321_1429,0.5251909792047129,1429,1321,Utah St,Northwestern,1704.4852334784591,1644.1558296981314,10,7
2023_1116_1429,0.4474950768953619,1429,1116,Utah St,Arkansas,1704.4852334784591,1706.5269951056146,10,8
2023_1228_1429,0.5165327567489019,1429,1228,Utah St,Illinois,1704.4852334784591,1679.4294486143315,10,9
2023_1129_1429,0.47788155565672874,1429,1129,Utah St,Boise St,1704.4852334784591,1717.9423017771614,10,10
2023_1113_1429,0.6061149970253725,1429,1113,Utah St,Arizona St,1704.4852334784591,1653.970278968981,10,11
2023_1305_1429,0.6708298184161894,1429,1305,Utah St,Nevada,1704.4852334784591,1611.2680783755488,10,11
2023_1429_1433,0.46363560835619755,1429,1433,Utah St,VCU,1704.4852334784591,1756.6343375804404,10,12
2023_1233_1429,0.5749032066271169,1429,1233,Utah St,Iona,1704.4852334784591,1703.5978177653083,10,13
2023_1213_1429,0.7083856451457826,1429,1213,Utah St,Grand Canyon,1704.4852334784591,1629.5739347665058,10,14
2023_1421_1429,0.7408754853598977,1429,1421,Utah St,UNC Asheville,1704.4852334784591,1619.8023803848475,10,15
2023_1224_1429,0.8744981880537713,1429,1224,Utah St,Howard,1704.4852334784591,1499.3971122037642,10,16
2023_1158_1301,0.3905569462488377,1301,1158,NC State,Col Charleston,1649.3671152451273,1732.0041830298856,11,12
2023_1202_1301,0.492842692124117,1301,1202,NC State,Furman,1649.3671152451273,1683.7191435589261,11,13
2023_1301_1364,0.5850606308666835,1301,1364,NC State,UC Santa Barbara,1649.3671152451273,1642.1414337640413,11,14
2023_1301_1343,0.627075459469631,1301,1343,NC State,Princeton,1649.3671152451273,1630.3725206426989,11,15
2023_1301_1369,0.8626055992820897,1301,1369,NC State,SE Missouri St,1649.3671152451273,1445.1219816825092,11,16
2023_1301_1394,0.7995055007728916,1301,1394,NC State,TAM C. Christi,1649.3671152451273,1514.1154672296293,11,16
2023_1222_1301,0.08008525783454895,1301,1222,NC State,Houston,1649.3671152451273,1920.435365457398,11,1
2023_1301_1400,0.13463270749009412,1301,1400,NC State,Texas,1649.3671152451273,1832.1845791662383,11,2
2023_1301_1462,0.2103478243646166,1301,1462,NC State,Xavier,1649.3671152451273,1750.441349381301,11,3
2023_1231_1301,0.24756363833290243,1301,1231,NC State,Indiana,1649.3671152451273,1718.3411365693653,11,4
2023_1274_1301,0.20897027300828366,1301,1274,NC State,Miami FL,1649.3671152451273,1761.7050183357899,11,5
2023_1235_1301,0.34697644283100965,1301,1235,NC State,Iowa St,1649.3671152451273,1670.487215520616,11,6
2023_1301_1401,0.21968477954826257,1301,1401,NC State,Texas A&M,1649.3671152451273,1782.031653556092,11,7
2023_1234_1301,0.3874272651106253,1301,1234,NC State,Iowa,1649.3671152451273,1674.0057339344742,11,8
2023_1120_1301,0.38020516301367246,1301,1120,NC State,Auburn,1649.3671152451273,1693.6475956688491,11,9
2023_1301_1336,0.4194622436852693,1301,1336,NC State,Penn St,1649.3671152451273,1683.7652733456566,11,10
2023_1280_1301,0.4935563675863755,1301,1280,NC State,Mississippi St,1649.3671152451273,1653.2851397595643,11,11
2023_1301_1338,0.5489635283938695,1301,1338,NC State,Pittsburgh,1649.3671152451273,1619.5009744031915,11,11
2023_1179_1301,0.37823377019109244,1301,1179,NC State,Drake,1649.3671152451273,1739.9205052619825,11,12
2023_1245_1301,0.40600878278949304,1301,1245,NC State,Kent,1649.3671152451273,1737.2027235579665,11,13
2023_1244_1301,0.6605859816172138,1301,1244,NC State,Kennesaw,1649.3671152451273,1593.1472630252326,11,14
2023_1159_1301,0.5697611002579549,1301,1159,NC State,Colgate,1649.3671152451273,1666.6730229861578,11,15
2023_1297_1301,0.7297134920825812,1301,1297,NC State,N Kentucky,1649.3671152451273,1573.4023120999589,11,16
2023_1242_1301,0.08957994850237105,1301,1242,NC State,Kansas,1649.3671152451273,1901.827967278591,11,1
2023_1301_1417,0.10954203590488225,1301,1417,NC State,UCLA,1649.3671152451273,1867.878530223314,11,2
2023_1211_1301,0.08208871848758938,1301,1211,NC State,Gonzaga,1649.3671152451273,1916.3481463531193,11,3
2023_1163_1301,0.18517337564518377,1301,1163,NC State,Connecticut,1649.3671152451273,1774.5874488350346,11,4
2023_1301_1388,0.1930801166280479,1301,1388,NC State,St Mary's CA,1649.3671152451273,1776.7496178560762,11,5
2023_1301_1395,0.31625173062636475,1301,1395,NC State,TCU,1649.3671152451273,1691.5692805081464,11,6
2023_1301_1321,0.4108518986317008,1301,1321,NC State,Northwestern,1649.3671152451273,1644.1558296981314,11,7
2023_1116_1301,0.33802881058602774,1301,1116,NC State,Arkansas,1649.3671152451273,1706.5269951056146,11,8
2023_1228_1301,0.4024808169694679,1301,1228,NC State,Illinois,1649.3671152451273,1679.4294486143315,11,9
2023_1129_1301,0.3659048597034716,1301,1129,NC State,Boise St,1649.3671152451273,1717.9423017771614,11,10
2023_1113_1301,0.49242973841474014,1301,1113,NC State,Arizona St,1649.3671152451273,1653.970278968981,11,11
2023_1301_1305,0.5623356197138772,1301,1305,NC State,Nevada,1649.3671152451273,1611.2680783755488,11,11
2023_1301_1433,0.3527417995615939,1301,1433,NC State,VCU,1649.3671152451273,1756.6343375804404,11,12
2023_1233_1301,0.46023185321252325,1301,1233,NC State,Iona,1649.3671152451273,1703.5978177653083,11,13
2023_1213_1301,0.6049807923263043,1301,1213,NC State,Grand Canyon,1649.3671152451273,1629.5739347665058,11,14
2023_1301_1421,0.6431884021811423,1301,1421,NC State,UNC Asheville,1649.3671152451273,1619.8023803848475,11,15
2023_1224_1301,0.8145780076054532,1301,1224,NC State,Howard,1649.3671152451273,1499.3971122037642,11,16
2023_1158_1202,0.6026072421223956,1158,1202,Col Charleston,Furman,1732.0041830298856,1683.7191435589261,12,13
2023_1158_1364,0.6875209337085195,1158,1364,Col Charleston,UC Santa Barbara,1732.0041830298856,1642.1414337640413,12,14
2023_1158_1343,0.7240543463271811,1158,1343,Col Charleston,Princeton,1732.0041830298856,1630.3725206426989,12,15
2023_1158_1369,0.9073814664229096,1158,1369,Col Charleston,SE Missouri St,1732.0041830298856,1445.1219816825092,12,16
2023_1158_1394,0.8615445707142334,1158,1394,Col Charleston,TAM C. Christi,1732.0041830298856,1514.1154672296293,12,16
2023_1158_1222,0.13038768868581144,1158,1222,Col Charleston,Houston,1732.0041830298856,1920.435365457398,12,1
2023_1158_1400,0.21132623106102552,1158,1400,Col Charleston,Texas,1732.0041830298856,1832.1845791662383,12,2
2023_1158_1462,0.31449747101727055,1158,1462,Col Charleston,Xavier,1732.0041830298856,1750.441349381301,12,3
2023_1158_1231,0.3616996414619606,1158,1231,Col Charleston,Indiana,1732.0041830298856,1718.3411365693653,12,4
2023_1158_1274,0.29874572854350817,1158,1274,Col Charleston,Miami FL,1732.0041830298856,1761.7050183357899,12,5
2023_1158_1235,0.4532904489040918,1158,1235,Col Charleston,Iowa St,1732.0041830298856,1670.487215520616,12,6
2023_1158_1401,0.3052263360312668,1158,1401,Col Charleston,Texas A&M,1732.0041830298856,1782.031653556092,12,7
2023_1158_1234,0.4967080895115964,1158,1234,Col Charleston,Iowa,1732.0041830298856,1674.0057339344742,12,8
2023_1120_1158,0.48907529403630196,1158,1120,Col Charleston,Auburn,1732.0041830298856,1693.6475956688491,12,9
2023_1158_1336,0.5299616614873327,1158,1336,Col Charleston,Penn St,1732.0041830298856,1683.7652733456566,12,10
2023_1158_1280,0.6032907884593379,1158,1280,Col Charleston,Mississippi St,1732.0041830298856,1653.2851397595643,12,11
2023_1158_1338,0.6550824104835317,1158,1338,Col Charleston,Pittsburgh,1732.0041830298856,1619.5009744031915,12,11
2023_1158_1179,0.48698293810530713,1158,1179,Col Charleston,Drake,1732.0041830298856,1739.9205052619825,12,12
2023_1158_1245,0.5161149127183735,1158,1245,Col Charleston,Kent,1732.0041830298856,1737.2027235579665,12,13
2023_1158_1244,0.752292829080759,1158,1244,Col Charleston,Kennesaw,1732.0041830298856,1593.1472630252326,12,14
2023_1158_1159,0.6738935373032876,1158,1159,Col Charleston,Colgate,1732.0041830298856,1666.6730229861578,12,15
2023_1158_1297,0.8081666358237379,1158,1297,Col Charleston,N Kentucky,1732.0041830298856,1573.4023120999589,12,16
2023_1158_1242,0.14490668272897692,1158,1242,Col Charleston,Kansas,1732.0041830298856,1901.827967278591,12,1
2023_1158_1417,0.1748302546100274,1158,1417,Col Charleston,UCLA,1732.0041830298856,1867.878530223314,12,2
2023_1158_1211,0.13346696910757075,1158,1211,Col Charleston,Gonzaga,1732.0041830298856,1916.3481463531193,12,3
2023_1158_1163,0.28129867479813836,1158,1163,Col Charleston,Connecticut,1732.0041830298856,1774.5874488350346,12,4
2023_1158_1388,0.2784318763611755,1158,1388,Col Charleston,St Mary's CA,1732.0041830298856,1776.7496178560762,12,5
2023_1158_1395,0.4191948252616963,1158,1395,Col Charleston,TCU,1732.0041830298856,1691.5692805081464,12,6
2023_1158_1321,0.5211191606095442,1158,1321,Col Charleston,Northwestern,1732.0041830298856,1644.1558296981314,12,7
2023_1116_1158,0.44346302617394423,1158,1116,Col Charleston,Arkansas,1732.0041830298856,1706.5269951056146,12,8
2023_1158_1228,0.5124556157643574,1158,1228,Col Charleston,Illinois,1732.0041830298856,1679.4294486143315,12,9
2023_1129_1158,0.47381050841480754,1158,1129,Col Charleston,Boise St,1732.0041830298856,1717.9423017771614,12,10
2023_1113_1158,0.6022115262932523,1158,1113,Col Charleston,Arizona St,1732.0041830298856,1653.970278968981,12,11
2023_1158_1305,0.6672155610747402,1158,1305,Col Charleston,Nevada,1732.0041830298856,1611.2680783755488,12,11
2023_1158_1433,0.45957909766979904,1158,1433,Col Charleston,VCU,1732.0041830298856,1756.6343375804404,12,12
2023_1158_1233,0.5709093962772787,1158,1233,Col Charleston,Iona,1732.0041830298856,1703.5978177653083,12,13
2023_1158_1213,0.7050024120570605,1158,1213,Col Charleston,Grand Canyon,1732.0041830298856,1629.5739347665058,12,14
2023_1158_1421,0.7377296343576468,1158,1421,Col Charleston,UNC Asheville,1732.0041830298856,1619.8023803848475,12,15
2023_1158_1224,0.8726958124250379,1158,1224,Col Charleston,Howard,1732.0041830298856,1499.3971122037642,12,16
2023_1202_1364,0.5919939132797238,1202,1364,Furman,UC Santa Barbara,1683.7191435589261,1642.1414337640413,13,14
2023_1202_1343,0.6337461889802928,1202,1343,Furman,Princeton,1683.7191435589261,1630.3725206426989,13,15
2023_1202_1369,0.8659637932341859,1202,1369,Furman,SE Missouri St,1683.7191435589261,1445.1219816825092,13,16
2023_1202_1394,0.8040556493325866,1202,1394,Furman,TAM C. Christi,1683.7191435589261,1514.1154672296293,13,16
2023_1202_1222,0.09839437353646929,1202,1222,Furman,Houston,1683.7191435589261,1920.435365457398,13,1
2023_1202_1400,0.1632000856929095,1202,1400,Furman,Texas,1683.7191435589261,1832.1845791662383,13,2
2023_1202_1462,0.25033348843742914,1202,1462,Furman,Xavier,1683.7191435589261,1750.441349381301,13,3
2023_1202_1231,0.2920076833756141,1202,1231,Furman,Indiana,1683.7191435589261,1718.3411365693653,13,4
2023_1202_1274,0.23668582817773562,1202,1274,Furman,Miami FL,1683.7191435589261,1761.7050183357899,13,5
2023_1202_1235,0.3610450855033177,1202,1235,Furman,Iowa St,1683.7191435589261,1670.487215520616,13,6
2023_1202_1401,0.22463220320932967,1202,1401,Furman,Texas A&M,1683.7191435589261,1782.031653556092,13,7
2023_1202_1234,0.39424373419621145,1202,1234,Furman,Iowa,1683.7191435589261,1674.0057339344742,13,8
2023_1120_1202,0.3869748359303293,1202,1120,Furman,Auburn,1683.7191435589261,1693.6475956688491,13,9
2023_1202_1336,0.42644996473897845,1202,1336,Furman,Penn St,1683.7191435589261,1683.7652733456566,13,10
2023_1202_1280,0.5007138071427191,1202,1280,Furman,Mississippi St,1683.7191435589261,1653.2851397595643,13,11
2023_1202_1338,0.5560422768679197,1202,1338,Furman,Pittsburgh,1683.7191435589261,1619.5009744031915,13,11
2023_1179_1202,0.384990145250605,1202,1179,Furman,Drake,1683.7191435589261,1739.9205052619825,13,12
2023_1202_1245,0.41293179916443556,1202,1245,Furman,Kent,1683.7191435589261,1737.2027235579665,13,13
2023_1202_1244,0.6669756268557496,1202,1244,Furman,Kennesaw,1683.7191435589261,1593.1472630252326,13,14
2023_1159_1202,0.5767650923778417,1202,1159,Furman,Colgate,1683.7191435589261,1666.6730229861578,13,15
2023_1202_1297,0.7353231921039735,1202,1297,Furman,N Kentucky,1683.7191435589261,1573.4023120999589,13,16
2023_1202_1242,0.10980065186466721,1202,1242,Furman,Kansas,1683.7191435589261,1901.827967278591,13,1
2023_1202_1417,0.13360746920648697,1202,1417,Furman,UCLA,1683.7191435589261,1867.878530223314,13,2
2023_1202_1211,0.10080567413837516,1202,1211,Furman,Gonzaga,1683.7191435589261,1916.3481463531193,13,3
2023_1163_1202,0.22171721280187784,1202,1163,Furman,Connecticut,1683.7191435589261,1774.5874488350346,13,4
2023_1202_1388,0.2192723691353715,1202,1388,Furman,St Mary's CA,1683.7191435589261,1776.7496178560762,13,5
2023_1202_1395,0.32970357419864826,1202,1395,Furman,TCU,1683.7191435589261,1691.5692805081464,13,6
2023_1202_1321,0.41779941074148896,1202,1321,Furman,Northwestern,1683.7191435589261,1644.1558296981314,13,7
2023_1116_1202,0.34446488491886523,1202,1116,Furman,Arkansas,1683.7191435589261,1706.5269951056146,13,8
2023_1202_1228,0.4093851372765324,1202,1228,Furman,Illinois,1683.7191435589261,1679.4294486143315,13,9
2023_1129_1202,0.37257297001028367,1202,1129,Furman,Boise St,1683.7191435589261,1717.9423017771614,13,10
2023_1113_1202,0.4995869567714455,1202,1113,Furman,Arizona St,1683.7191435589261,1653.970278968981,13,11
2023_1202_1305,0.5693691299914156,1202,1305,Furman,Nevada,1683.7191435589261,1611.2680783755488,13,11
2023_1202_1433,0.35930595695339373,1202,1433,Furman,VCU,1683.7191435589261,1756.6343375804404,13,12
2023_1202_1233,0.46735199030157765,1202,1233,Furman,Iona,1683.7191435589261,1703.5978177653083,13,13
2023_1202_1213,0.6118020768903577,1202,1213,Furman,Grand Canyon,1683.7191435589261,1629.5739347665058,13,14
2023_1202_1421,0.6497319029996751,1202,1421,Furman,UNC Asheville,1683.7191435589261,1619.8023803848475,13,15
2023_1202_1224,0.818863589623255,1202,1224,Furman,Howard,1683.7191435589261,1499.3971122037642,13,16
2023_1343_1364,0.5439134932563149,1364,1343,UC Santa Barbara,Princeton,1642.1414337640413,1630.3725206426989,14,15
2023_1364_1369,0.8166058490893565,1364,1369,UC Santa Barbara,SE Missouri St,1642.1414337640413,1445.1219816825092,14,16
2023_1364_1394,0.7387773590528222,1364,1394,UC Santa Barbara,TAM C. Christi,1642.1414337640413,1514.1154672296293,14,16
2023_1222_1364,0.0766523450163642,1364,1222,UC Santa Barbara,Houston,1642.1414337640413,1920.435365457398,14,1
2023_1364_1400,0.12918995033198585,1364,1400,UC Santa Barbara,Texas,1642.1414337640413,1832.1845791662383,14,2
2023_1364_1462,0.20256063672438968,1364,1462,UC Santa Barbara,Xavier,1642.1414337640413,1750.441349381301,14,3
2023_1231_1364,0.23881537576512002,1364,1231,UC Santa Barbara,Indiana,1642.1414337640413,1718.3411365693653,14,4
2023_1274_1364,0.19085439032066517,1364,1274,UC Santa Barbara,Miami FL,1642.1414337640413,1761.7050183357899,14,5
2023_1235_1364,0.30061666189729536,1364,1235,UC Santa Barbara,Iowa St,1642.1414337640413,1670.487215520616,14,6
2023_1364_1401,0.17105151144348954,1364,1401,UC Santa Barbara,Texas A&M,1642.1414337640413,1782.031653556092,14,7
2023_1234_1364,0.30965715198395455,1364,1234,UC Santa Barbara,Iowa,1642.1414337640413,1674.0057339344742,14,8
2023_1120_1364,0.30316729495608064,1364,1120,UC Santa Barbara,Auburn,1642.1414337640413,1693.6475956688491,14,9
2023_1336_1364,0.3388183713541435,1364,1336,UC Santa Barbara,Penn St,1642.1414337640413,1683.7652733456566,14,10
2023_1280_1364,0.4086959115979174,1364,1280,UC Santa Barbara,Mississippi St,1642.1414337640413,1653.2851397595643,14,11
2023_1338_1364,0.46329135072213296,1364,1338,UC Santa Barbara,Pittsburgh,1642.1414337640413,1619.5009744031915,14,11
2023_1179_1364,0.30140110148159044,1364,1179,UC Santa Barbara,Drake,1642.1414337640413,1739.9205052619825,14,12
2023_1245_1364,0.32649675262223615,1364,1245,UC Santa Barbara,Kent,1642.1414337640413,1737.2027235579665,14,13
2023_1244_1364,0.5798904177451105,1364,1244,UC Santa Barbara,Kennesaw,1642.1414337640413,1593.1472630252326,14,14
2023_1159_1364,0.4843284953718355,1364,1159,UC Santa Barbara,Colgate,1642.1414337640413,1666.6730229861578,14,15
2023_1297_1364,0.656917246135284,1364,1297,UC Santa Barbara,N Kentucky,1642.1414337640413,1573.4023120999589,14,16
2023_1242_1364,0.08577798952096002,1364,1242,UC Santa Barbara,Kansas,1642.1414337640413,1901.827967278591,14,1
2023_1364_1417,0.1049905481817504,1364,1417,UC Santa Barbara,UCLA,1642.1414337640413,1867.878530223314,14,2
2023_1211_1364,0.07857726155060966,1364,1211,UC Santa Barbara,Gonzaga,1642.1414337640413,1916.3481463531193,14,3
2023_1163_1364,0.17810795100832263,1364,1163,UC Santa Barbara,Connecticut,1642.1414337640413,1774.5874488350346,14,4
2023_1364_1388,0.17603521452276455,1364,1388,UC Santa Barbara,St Mary's CA,1642.1414337640413,1776.7496178560762,14,5
2023_1364_1395,0.2722854128616598,1364,1395,UC Santa Barbara,TCU,1642.1414337640413,1691.5692805081464,14,6
2023_1321_1364,0.3382430122113232,1364,1321,UC Santa Barbara,Northwestern,1642.1414337640413,1644.1558296981314,14,7
2023_1116_1364,0.2658709133904135,1364,1116,UC Santa Barbara,Arkansas,1642.1414337640413,1706.5269951056146,14,8
2023_1228_1364,0.3232836646670481,1364,1228,UC Santa Barbara,Illinois,1642.1414337640413,1679.4294486143315,14,9
2023_1129_1364,0.29040688713748974,1364,1129,UC Santa Barbara,Boise St,1642.1414337640413,1717.9423017771614,14,10
2023_1113_1364,0.40760708627698516,1364,1113,UC Santa Barbara,Arizona St,1642.1414337640413,1653.970278968981,14,11
2023_1305_1364,0.47678256496103066,1364,1305,UC Santa Barbara,Nevada,1642.1414337640413,1611.2680783755488,14,11
2023_1364_1433,0.27876577792099977,1364,1433,UC Santa Barbara,VCU,1642.1414337640413,1756.6343375804404,14,12
2023_1233_1364,0.37683770848014647,1364,1233,UC Santa Barbara,Iona,1642.1414337640413,1703.5978177653083,14,13
2023_1213_1364,0.5206580447061497,1364,1213,UC Santa Barbara,Grand Canyon,1642.1414337640413,1629.5739347665058,14,14
2023_1364_1421,0.5611047188710919,1364,1421,UC Santa Barbara,UNC Asheville,1642.1414337640413,1619.8023803848475,14,15
2023_1224_1364,0.7570277840315278,1364,1224,UC Santa Barbara,Howard,1642.1414337640413,1499.3971122037642,14,16
2023_1343_1369,0.7887506684959832,1343,1369,Princeton,SE Missouri St,1630.3725206426989,1445.1219816825092,15,16
2023_1343_1394,0.7033946846691765,1343,1394,Princeton,TAM C. Christi,1630.3725206426989,1514.1154672296293,15,16
2023_1222_1343,0.07134890376814078,1343,1222,Princeton,Houston,1630.3725206426989,1920.435365457398,15,1
2023_1343_1400,0.12072679502749674,1343,1400,Princeton,Texas,1630.3725206426989,1832.1845791662383,15,2
2023_1343_1462,0.19034160999910696,1343,1462,Princeton,Xavier,1630.3725206426989,1750.441349381301,15,3
2023_1231_1343,0.22502649939074623,1343,1231,Princeton,Indiana,1630.3725206426989,1718.3411365693653,15,4
2023_1274_1343,0.1791828461133682,1343,1274,Princeton,Miami FL,1630.3725206426989,1761.7050183357899,15,5
2023_1235_1343,0.2845935962535099,1343,1235,Princeton,Iowa St,1630.3725206426989,1670.487215520616,15,6
2023_1343_1401,0.16035100259636298,1343,1401,Princeton,Texas A&M,1630.3725206426989,1782.031653556092,15,7
2023_1234_1343,0.2799043175640131,1343,1234,Princeton,Iowa,1630.3725206426989,1674.0057339344742,15,8
2023_1120_1343,0.2672992996522139,1343,1120,Princeton,Auburn,1630.3725206426989,1693.6475956688491,15,9
2023_1336_1343,0.3005516970347209,1343,1336,Princeton,Penn St,1630.3725206426989,1683.7652733456566,15,10
2023_1280_1343,0.3669167968891372,1343,1280,Princeton,Mississippi St,1630.3725206426989,1653.2851397595643,15,11
2023_1338_1343,0.4198943801121805,1343,1338,Princeton,Pittsburgh,1630.3725206426989,1619.5009744031915,15,11
2023_1179_1343,0.26566240165903526,1343,1179,Princeton,Drake,1630.3725206426989,1739.9205052619825,15,12
2023_1245_1343,0.28901339981501284,1343,1245,Princeton,Kent,1630.3725206426989,1737.2027235579665,15,13
2023_1244_1343,0.5364889768287199,1343,1244,Princeton,Kennesaw,1630.3725206426989,1593.1472630252326,15,14
2023_1159_1343,0.44057857515885274,1343,1159,Princeton,Colgate,1630.3725206426989,1666.6730229861578,15,15
2023_1297_1343,0.6162067762569178,1343,1297,Princeton,N Kentucky,1630.3725206426989,1573.4023120999589,15,16
2023_1242_1343,0.07989779524550941,1343,1242,Princeton,Kansas,1630.3725206426989,1901.827967278591,15,1
2023_1343_1417,0.09793439389526881,1343,1417,Princeton,UCLA,1630.3725206426989,1867.878530223314,15,2
2023_1211_1343,0.07315118986882947,1343,1211,Princeton,Gonzaga,1630.3725206426989,1916.3481463531193,15,3
2023_1163_1343,0.1670549708902626,1343,1163,Princeton,Connecticut,1630.3725206426989,1774.5874488350346,15,4
2023_1343_1388,0.1650850273195904,1343,1388,Princeton,St Mary's CA,1630.3725206426989,1776.7496178560762,15,5
2023_1343_1395,0.2572170509729699,1343,1395,Princeton,TCU,1630.3725206426989,1691.5692805081464,15,6
2023_1321_1343,0.3211353054731927,1343,1321,Princeton,Northwestern,1630.3725206426989,1644.1558296981314,15,7
2023_1116_1343,0.2388694691747585,1343,1116,Princeton,Arkansas,1630.3725206426989,1706.5269951056146,15,8
2023_1228_1343,0.2860125403947965,1343,1228,Princeton,Illinois,1630.3725206426989,1679.4294486143315,15,9
2023_1129_1343,0.2554950544573902,1343,1129,Princeton,Boise St,1630.3725206426989,1717.9423017771614,15,10
2023_1113_1343,0.3658704066529608,1343,1113,Princeton,Arizona St,1630.3725206426989,1653.970278968981,15,11
2023_1305_1343,0.4331417353999277,1343,1305,Princeton,Nevada,1630.3725206426989,1611.2680783755488,15,11
2023_1343_1433,0.2447706675471904,1343,1433,Princeton,VCU,1630.3725206426989,1756.6343375804404,15,12
2023_1233_1343,0.3364621834877985,1343,1233,Princeton,Iona,1630.3725206426989,1703.5978177653083,15,13
2023_1213_1343,0.47665985783152526,1343,1213,Princeton,Grand Canyon,1630.3725206426989,1629.5739347665058,15,14
2023_1343_1421,0.517377745943147,1343,1421,Princeton,UNC Asheville,1630.3725206426989,1619.8023803848475,15,15
2023_1224_1343,0.7231909028181707,1343,1224,Princeton,Howard,1630.3725206426989,1499.3971122037642,15,16
2023_1369_1394,0.38843501262813734,1369,1394,SE Missouri St,TAM C. Christi,1445.1219816825092,1514.1154672296293,16,16
2023_1222_1369,0.022207225301812433,1369,1222,SE Missouri St,Houston,1445.1219816825092,1920.435365457398,16,1
2023_1369_1400,0.03900443247319065,1369,1400,SE Missouri St,Texas,1445.1219816825092,1832.1845791662383,16,2
2023_1369_1462,0.06497802145725674,1369,1462,SE Missouri St,Xavier,1445.1219816825092,1750.441349381301,16,3
2023_1231_1369,0.07904894987052584,1369,1231,SE Missouri St,Indiana,1445.1219816825092,1718.3411365693653,16,4
2023_1274_1369,0.060618443600346926,1369,1274,SE Missouri St,Miami FL,1445.1219816825092,1761.7050183357899,16,5
2023_1235_1369,0.10522065403457878,1369,1235,SE Missouri St,Iowa St,1445.1219816825092,1670.487215520616,16,6
2023_1369_1401,0.053436313742165405,1369,1401,SE Missouri St,Texas A&M,1445.1219816825092,1782.031653556092,16,7
2023_1234_1369,0.10306114737724137,1369,1234,SE Missouri St,Iowa,1445.1219816825092,1674.0057339344742,16,8
2023_1120_1369,0.09171390726613057,1369,1120,SE Missouri St,Auburn,1445.1219816825092,1693.6475956688491,16,9
2023_1336_1369,0.1032074735671629,1369,1336,SE Missouri St,Penn St,1445.1219816825092,1683.7652733456566,16,10
2023_1280_1369,0.13436796123313205,1369,1280,SE Missouri St,Mississippi St,1445.1219816825092,1653.2851397595643,16,11
2023_1338_1369,0.16238096888302903,1369,1338,SE Missouri St,Pittsburgh,1445.1219816825092,1619.5009744031915,16,11
2023_1179_1369,0.08833359096105729,1369,1179,SE Missouri St,Drake,1445.1219816825092,1739.9205052619825,16,12
2023_1245_1369,0.09818183504996571,1369,1245,SE Missouri St,Kent,1445.1219816825092,1737.2027235579665,16,13
2023_1244_1369,0.23663899407911218,1369,1244,SE Missouri St,Kennesaw,1445.1219816825092,1593.1472630252326,16,14
2023_1159_1369,0.17418894022928905,1369,1159,SE Missouri St,Colgate,1445.1219816825092,1666.6730229861578,16,15
2023_1297_1369,0.30070720008371976,1369,1297,SE Missouri St,N Kentucky,1445.1219816825092,1573.4023120999589,16,16
2023_1242_1369,0.025026733968944285,1369,1242,SE Missouri St,Kansas,1445.1219816825092,1901.827967278591,16,1
2023_1369_1417,0.031095034494498956,1369,1417,SE Missouri St,UCLA,1445.1219816825092,1867.878530223314,16,2
2023_1211_1369,0.022798658753764543,1369,1211,SE Missouri St,Gonzaga,1445.1219816825092,1916.3481463531193,16,3
2023_1163_1369,0.05596833288666422,1369,1163,SE Missouri St,Connecticut,1445.1219816825092,1774.5874488350346,16,4
2023_1369_1388,0.05522149815473936,1369,1388,SE Missouri St,St Mary's CA,1445.1219816825092,1776.7496178560762,16,5
2023_1369_1395,0.09285926544037953,1369,1395,SE Missouri St,TCU,1445.1219816825092,1691.5692805081464,16,6
2023_1321_1369,0.12268045593673046,1369,1321,SE Missouri St,Northwestern,1445.1219816825092,1644.1558296981314,16,7
2023_1116_1369,0.08489554791537612,1369,1116,SE Missouri St,Arkansas,1445.1219816825092,1706.5269951056146,16,8
2023_1228_1369,0.09980915950774463,1369,1228,SE Missouri St,Illinois,1445.1219816825092,1679.4294486143315,16,9
2023_1129_1369,0.08417497933641756,1369,1129,SE Missouri St,Boise St,1445.1219816825092,1717.9423017771614,16,10
2023_1113_1369,0.13384455410619642,1369,1113,SE Missouri St,Arizona St,1445.1219816825092,1653.970278968981,16,11
2023_1305_1369,0.16988317486235255,1369,1305,SE Missouri St,Nevada,1445.1219816825092,1611.2680783755488,16,11
2023_1369_1433,0.07987027621323652,1369,1433,SE Missouri St,VCU,1445.1219816825092,1756.6343375804404,16,12
2023_1233_1369,0.11956970567140837,1369,1233,SE Missouri St,Iona,1445.1219816825092,1703.5978177653083,16,13
2023_1213_1369,0.1961016585237091,1369,1213,SE Missouri St,Grand Canyon,1445.1219816825092,1629.5739347665058,16,14
2023_1369_1421,0.22306869421235936,1369,1421,SE Missouri St,UNC Asheville,1445.1219816825092,1619.8023803848475,16,15
2023_1224_1369,0.41166998522125564,1369,1224,SE Missouri St,Howard,1445.1219816825092,1499.3971122037642,16,16
2023_1222_1394,0.03452339321056032,1394,1222,TAM C. Christi,Houston,1514.1154672296293,1920.435365457398,16,1
2023_1394_1400,0.06006411123774842,1394,1400,TAM C. Christi,Texas,1514.1154672296293,1832.1845791662383,16,2
2023_1394_1462,0.09862242096743318,1394,1462,TAM C. Christi,Xavier,1514.1154672296293,1750.441349381301,16,3
2023_1231_1394,0.11905136732502133,1394,1231,TAM C. Christi,Indiana,1514.1154672296293,1718.3411365693653,16,4
2023_1274_1394,0.09222819062832217,1394,1274,TAM C. Christi,Miami FL,1514.1154672296293,1761.7050183357899,16,5
2023_1235_1394,0.15622057190801072,1394,1235,TAM C. Christi,Iowa St,1514.1154672296293,1670.487215520616,16,6
2023_1394_1401,0.08162633854084718,1394,1401,TAM C. Christi,Texas A&M,1514.1154672296293,1782.031653556092,16,7
2023_1234_1394,0.1531935672770547,1394,1234,TAM C. Christi,Iowa,1514.1154672296293,1674.0057339344742,16,8
2023_1120_1394,0.1371707832442354,1394,1120,TAM C. Christi,Auburn,1514.1154672296293,1693.6475956688491,16,9
2023_1336_1394,0.1533988982521676,1394,1336,TAM C. Christi,Penn St,1514.1154672296293,1683.7652733456566,16,10
2023_1280_1394,0.19639458326030787,1394,1280,TAM C. Christi,Mississippi St,1514.1154672296293,1653.2851397595643,16,11
2023_1338_1394,0.2338455727739152,1394,1338,TAM C. Christi,Pittsburgh,1514.1154672296293,1619.5009744031915,16,11
2023_1179_1394,0.13235920254249134,1394,1179,TAM C. Christi,Drake,1514.1154672296293,1739.9205052619825,16,12
2023_1245_1394,0.1463280031000379,1394,1245,TAM C. Christi,Kent,1514.1154672296293,1737.2027235579665,16,13
2023_1244_1394,0.32798782596521026,1394,1244,TAM C. Christi,Kennesaw,1514.1154672296293,1593.1472630252326,16,14
2023_1159_1394,0.24930356110524524,1394,1159,TAM C. Christi,Colgate,1514.1154672296293,1666.6730229861578,16,15
2023_1297_1394,0.4037083557657251,1394,1297,TAM C. Christi,N Kentucky,1514.1154672296293,1573.4023120999589,16,16
2023_1242_1394,0.038844485723494616,1394,1242,TAM C. Christi,Kansas,1514.1154672296293,1901.827967278591,16,1
2023_1394_1417,0.04809792905200868,1394,1417,TAM C. Christi,UCLA,1514.1154672296293,1867.878530223314,16,2
2023_1211_1394,0.03543095108393182,1394,1211,TAM C. Christi,Gonzaga,1514.1154672296293,1916.3481463531193,16,3
2023_1163_1394,0.08537363423320815,1394,1163,TAM C. Christi,Connecticut,1514.1154672296293,1774.5874488350346,16,4
2023_1388_1394,0.08426944474559897,1394,1388,TAM C. Christi,St Mary's CA,1514.1154672296293,1776.7496178560762,16,5
2023_1394_1395,0.1387970754067782,1394,1395,TAM C. Christi,TCU,1514.1154672296293,1691.5692805081464,16,6
2023_1321_1394,0.18043651214261588,1394,1321,TAM C. Christi,Northwestern,1514.1154672296293,1644.1558296981314,16,7
2023_1116_1394,0.12744717689537735,1394,1116,TAM C. Christi,Arkansas,1514.1154672296293,1706.5269951056146,16,8
2023_1228_1394,0.14862181805282745,1394,1228,TAM C. Christi,Illinois,1514.1154672296293,1679.4294486143315,16,9
2023_1129_1394,0.12641533508428765,1394,1129,TAM C. Christi,Boise St,1514.1154672296293,1717.9423017771614,16,10
2023_1113_1394,0.19568418125370388,1394,1113,TAM C. Christi,Arizona St,1514.1154672296293,1653.970278968981,16,11
2023_1305_1394,0.2436889524181637,1394,1305,TAM C. Christi,Nevada,1514.1154672296293,1611.2680783755488,16,11
2023_1394_1433,0.12023406057690796,1394,1433,TAM C. Christi,VCU,1514.1154672296293,1756.6343375804404,16,12
2023_1233_1394,0.1761553216513895,1394,1233,TAM C. Christi,Iona,1514.1154672296293,1703.5978177653083,16,13
2023_1213_1394,0.27749041729110074,1394,1213,TAM C. Christi,Grand Canyon,1514.1154672296293,1629.5739347665058,16,14
2023_1394_1421,0.3113154074420971,1394,1421,TAM C. Christi,UNC Asheville,1514.1154672296293,1619.8023803848475,16,15
2023_1224_1394,0.5241884359392489,1394,1224,TAM C. Christi,Howard,1514.1154672296293,1499.3971122037642,16,16
2023_1222_1400,0.6635752528485954,1222,1400,Houston,Texas,1920.435365457398,1832.1845791662383,1,2
2023_1222_1462,0.7884693356611514,1222,1462,Houston,Xavier,1920.435365457398,1750.441349381301,1,3
2023_1222_1231,0.8355642197510762,1222,1231,Houston,Indiana,1920.435365457398,1718.3411365693653,1,4
2023_1222_1274,0.8082976391213726,1222,1274,Houston,Miami FL,1920.435365457398,1761.7050183357899,1,5
2023_1222_1235,0.8945207281448159,1222,1235,Houston,Iowa St,1920.435365457398,1670.487215520616,1,6
2023_1222_1401,0.8179657580892116,1222,1401,Houston,Texas A&M,1920.435365457398,1782.031653556092,1,7
2023_1222_1234,0.9071309433046658,1222,1234,Houston,Iowa,1920.435365457398,1674.0057339344742,1,8
2023_1120_1222,0.895657201607913,1222,1120,Houston,Auburn,1920.435365457398,1693.6475956688491,1,9
2023_1222_1336,0.9015787006458607,1222,1336,Houston,Penn St,1920.435365457398,1683.7652733456566,1,10
2023_1222_1280,0.9179951147575944,1222,1280,Houston,Mississippi St,1920.435365457398,1653.2851397595643,1,11
2023_1222_1338,0.933247145955741,1222,1338,Houston,Pittsburgh,1920.435365457398,1619.5009744031915,1,11
2023_1179_1222,0.8635926130117463,1222,1179,Houston,Drake,1920.435365457398,1739.9205052619825,1,12
2023_1222_1245,0.8656851991138451,1222,1245,Houston,Kent,1920.435365457398,1737.2027235579665,1,13
2023_1222_1244,0.9432699890492614,1222,1244,Houston,Kennesaw,1920.435365457398,1593.1472630252326,1,14
2023_1159_1222,0.9111159006698777,1222,1159,Houston,Colgate,1920.435365457398,1666.6730229861578,1,15
2023_1222_1297,0.9498338966151327,1222,1297,Houston,N Kentucky,1920.435365457398,1573.4023120999589,1,16
2023_1222_1242,0.5305654954776938,1222,1242,Houston,Kansas,1920.435365457398,1901.827967278591,1,1
2023_1222_1417,0.6093174100213692,1222,1417,Houston,UCLA,1920.435365457398,1867.878530223314,1,2
2023_1211_1222,0.5558295983194171,1222,1211,Houston,Gonzaga,1920.435365457398,1916.3481463531193,1,3
2023_1163_1222,0.778259640489678,1222,1163,Houston,Connecticut,1920.435365457398,1774.5874488350346,1,4
2023_1222_1388,0.792491710951458,1222,1388,Houston,St Mary's CA,1920.435365457398,1776.7496178560762,1,5
2023_1222_1395,0.8807003051826451,1222,1395,Houston,TCU,1920.435365457398,1691.5692805081464,1,6
2023_1222_1321,0.9175628685790215,1222,1321,Houston,Northwestern,1920.435365457398,1644.1558296981314,1,7
2023_1116_1222,0.8874690102623839,1222,1116,Houston,Arkansas,1920.435365457398,1706.5269951056146,1,8
2023_1222_1228,0.9040809839576722,1222,1228,Houston,Illinois,1920.435365457398,1679.4294486143315,1,9
2023_1129_1222,0.8797479795905839,1222,1129,Houston,Boise St,1920.435365457398,1717.9423017771614,1,10
2023_1113_1222,0.9176551570912705,1222,1113,Houston,Arizona St,1920.435365457398,1653.970278968981,1,11
2023_1222_1305,0.9365431650319371,1222,1305,Houston,Nevada,1920.435365457398,1611.2680783755488,1,11
2023_1222_1433,0.8501143297485744,1222,1433,Houston,VCU,1920.435365457398,1756.6343375804404,1,12
2023_1222_1233,0.8893791915828242,1222,1233,Houston,Iona,1920.435365457398,1703.5978177653083,1,13
2023_1213_1222,0.9289984173662508,1222,1213,Houston,Grand Canyon,1920.435365457398,1629.5739347665058,1,14
2023_1222_1421,0.9331235116103583,1222,1421,Houston,UNC Asheville,1920.435365457398,1619.8023803848475,1,15
2023_1222_1224,0.9685625754121714,1222,1224,Houston,Howard,1920.435365457398,1499.3971122037642,1,16
2023_1400_1462,0.6539518432543492,1400,1462,Texas,Xavier,1832.1845791662383,1750.441349381301,2,3
2023_1231_1400,0.7203743641371682,1400,1231,Texas,Indiana,1832.1845791662383,1718.3411365693653,2,4
2023_1274_1400,0.6812926389822594,1400,1274,Texas,Miami FL,1832.1845791662383,1761.7050183357899,2,5
2023_1235_1400,0.8113040408283512,1400,1235,Texas,Iowa St,1832.1845791662383,1670.487215520616,2,6
2023_1400_1401,0.6949486613003442,1400,1401,Texas,Texas A&M,1832.1845791662383,1782.031653556092,2,7
2023_1234_1400,0.836542266176306,1400,1234,Texas,Iowa,1832.1845791662383,1674.0057339344742,2,8
2023_1120_1400,0.8276824510444352,1400,1120,Texas,Auburn,1832.1845791662383,1693.6475956688491,2,9
2023_1336_1400,0.8367584651703855,1400,1336,Texas,Penn St,1832.1845791662383,1683.7652733456566,2,10
2023_1280_1400,0.862335838324757,1400,1280,Texas,Mississippi St,1832.1845791662383,1653.2851397595643,2,11
2023_1338_1400,0.8866618094291053,1400,1338,Texas,Pittsburgh,1832.1845791662383,1619.5009744031915,2,11
2023_1179_1400,0.7798632581492199,1400,1179,Texas,Drake,1832.1845791662383,1739.9205052619825,2,12
2023_1245_1400,0.7829174333939958,1400,1245,Texas,Kent,1832.1845791662383,1737.2027235579665,2,13
2023_1244_1400,0.902951994261186,1400,1244,Texas,Kennesaw,1832.1845791662383,1593.1472630252326,2,14
2023_1159_1400,0.8515425759244066,1400,1159,Texas,Colgate,1832.1845791662383,1666.6730229861578,2,15
2023_1297_1400,0.9137543379871192,1400,1297,Texas,N Kentucky,1832.1845791662383,1573.4023120999589,2,16
2023_1242_1400,0.3642758914862222,1400,1242,Texas,Kansas,1832.1845791662383,1901.827967278591,2,1
2023_1400_1417,0.44156231453432077,1400,1417,Texas,UCLA,1832.1845791662383,1867.878530223314,2,2
2023_1211_1400,0.38816923904905115,1400,1211,Texas,Gonzaga,1832.1845791662383,1916.3481463531193,2,3
2023_1163_1400,0.6402122011518956,1400,1163,Texas,Connecticut,1832.1845791662383,1774.5874488350346,2,4
2023_1388_1400,0.659427269957019,1400,1388,Texas,St Mary's CA,1832.1845791662383,1776.7496178560762,2,5
2023_1395_1400,0.7891502345123939,1400,1395,Texas,TCU,1832.1845791662383,1691.5692805081464,2,6
2023_1321_1400,0.8494657979556632,1400,1321,Texas,Northwestern,1832.1845791662383,1644.1558296981314,2,7
2023_1116_1400,0.8051457152350773,1400,1116,Texas,Arkansas,1832.1845791662383,1706.5269951056146,2,8
2023_1228_1400,0.8406174147393728,1400,1228,Texas,Illinois,1832.1845791662383,1679.4294486143315,2,9
2023_1129_1400,0.8036807909383663,1400,1129,Texas,Boise St,1832.1845791662383,1717.9423017771614,2,10
2023_1113_1400,0.8617998776477835,1400,1113,Texas,Arizona St,1832.1845791662383,1653.970278968981,2,11
2023_1305_1400,0.8919918342637121,1400,1305,Texas,Nevada,1832.1845791662383,1611.2680783755488,2,11
2023_1400_1433,0.760407057945119,1400,1433,Texas,VCU,1832.1845791662383,1756.6343375804404,2,12
2023_1233_1400,0.818144999390043,1400,1233,Texas,Iona,1832.1845791662383,1703.5978177653083,2,13
2023_1213_1400,0.8798297896749303,1400,1213,Texas,Grand Canyon,1832.1845791662383,1629.5739347665058,2,14
2023_1400_1421,0.8864623903290476,1400,1421,Texas,UNC Asheville,1832.1845791662383,1619.8023803848475,2,15
2023_1224_1400,0.9451752427254307,1400,1224,Texas,Howard,1832.1845791662383,1499.3971122037642,2,16
2023_1231_1462,0.5768519586498383,1462,1231,Xavier,Indiana,1750.441349381301,1718.3411365693653,3,4
2023_1274_1462,0.5307767538885722,1462,1274,Xavier,Miami FL,1750.441349381301,1761.7050183357899,3,5
2023_1235_1462,0.6946713405692843,1462,1235,Xavier,Iowa St,1750.441349381301,1670.487215520616,3,6
2023_1401_1462,0.5465899839638863,1462,1401,Xavier,Texas A&M,1750.441349381301,1782.031653556092,3,7
2023_1234_1462,0.730323960143531,1462,1234,Xavier,Iowa,1750.441349381301,1674.0057339344742,3,8
2023_1120_1462,0.7242673555206329,1462,1120,Xavier,Auburn,1750.441349381301,1693.6475956688491,3,9
2023_1336_1462,0.749609554306729,1462,1336,Xavier,Penn St,1750.441349381301,1683.7652733456566,3,10
2023_1280_1462,0.7853387822996216,1462,1280,Xavier,Mississippi St,1750.441349381301,1653.2851397595643,3,11
2023_1338_1462,0.8204374265743682,1462,1338,Xavier,Pittsburgh,1750.441349381301,1619.5009744031915,3,11
2023_1179_1462,0.674167716768722,1462,1179,Xavier,Drake,1750.441349381301,1739.9205052619825,3,12
2023_1245_1462,0.6780829930942769,1462,1245,Xavier,Kent,1750.441349381301,1737.2027235579665,3,13
2023_1244_1462,0.8445776039752004,1462,1244,Xavier,Kennesaw,1750.441349381301,1593.1472630252326,3,14
2023_1159_1462,0.7701180219011777,1462,1159,Xavier,Colgate,1750.441349381301,1666.6730229861578,3,15
2023_1297_1462,0.860876430697987,1462,1297,Xavier,N Kentucky,1750.441349381301,1573.4023120999589,3,16
2023_1242_1462,0.23266766025106075,1462,1242,Xavier,Kansas,1750.441349381301,1901.827967278591,3,1
2023_1417_1462,0.2949881027219019,1462,1417,Xavier,UCLA,1750.441349381301,1867.878530223314,3,2
2023_1211_1462,0.2513415594637384,1462,1211,Xavier,Gonzaga,1750.441349381301,1916.3481463531193,3,3
2023_1163_1462,0.4849619137835803,1462,1163,Xavier,Connecticut,1750.441349381301,1774.5874488350346,3,4
2023_1388_1462,0.5060715058230691,1462,1388,Xavier,St Mary's CA,1750.441349381301,1776.7496178560762,3,5
2023_1395_1462,0.6644871042499116,1462,1395,Xavier,TCU,1750.441349381301,1691.5692805081464,3,6
2023_1321_1462,0.7491269817724017,1462,1321,Xavier,Northwestern,1750.441349381301,1644.1558296981314,3,7
2023_1116_1462,0.686178939126937,1462,1116,Xavier,Arkansas,1750.441349381301,1706.5269951056146,3,8
2023_1228_1462,0.7425505264290906,1462,1228,Xavier,Illinois,1750.441349381301,1679.4294486143315,3,9
2023_1129_1462,0.705096536124476,1462,1129,Xavier,Boise St,1750.441349381301,1717.9423017771614,3,10
2023_1113_1462,0.7845779388860137,1462,1113,Xavier,Arizona St,1750.441349381301,1653.970278968981,3,11
2023_1305_1462,0.8282786598105496,1462,1305,Xavier,Nevada,1750.441349381301,1611.2680783755488,3,11
2023_1433_1462,0.6495675644999485,1462,1433,Xavier,VCU,1750.441349381301,1756.6343375804404,3,12
2023_1233_1462,0.7243327497527569,1462,1233,Xavier,Iona,1750.441349381301,1703.5978177653083,3,13
2023_1213_1462,0.8104667370656604,1462,1213,Xavier,Grand Canyon,1750.441349381301,1629.5739347665058,3,14
2023_1421_1462,0.8201451212748707,1462,1421,Xavier,UNC Asheville,1750.441349381301,1619.8023803848475,3,15
2023_1224_1462,0.9096570713256916,1462,1224,Xavier,Howard,1750.441349381301,1499.3971122037642,3,16
2023_1231_1274,0.45348471340199376,1231,1274,Indiana,Miami FL,1718.3411365693653,1761.7050183357899,4,5
2023_1231_1235,0.6253189031036906,1231,1235,Indiana,Iowa St,1718.3411365693653,1670.487215520616,4,6
2023_1231_1401,0.4692983118655843,1231,1401,Indiana,Texas A&M,1718.3411365693653,1782.031653556092,4,7
2023_1231_1234,0.6651663381207755,1231,1234,Indiana,Iowa,1718.3411365693653,1674.0057339344742,4,8
2023_1120_1231,0.658330978710342,1231,1120,Indiana,Auburn,1718.3411365693653,1693.6475956688491,4,9
2023_1231_1336,0.6941432511692485,1231,1336,Indiana,Penn St,1718.3411365693653,1683.7652733456566,4,10
2023_1231_1280,0.7476037453161452,1231,1280,Indiana,Mississippi St,1718.3411365693653,1653.2851397595643,4,11
2023_1231_1338,0.7872004965163538,1231,1338,Indiana,Pittsburgh,1718.3411365693653,1619.5009744031915,4,11
2023_1179_1231,0.6261920125576607,1231,1179,Indiana,Drake,1718.3411365693653,1739.9205052619825,4,12
2023_1231_1245,0.6303677000001083,1231,1245,Indiana,Kent,1718.3411365693653,1737.2027235579665,4,13
2023_1231_1244,0.8148003576380721,1231,1244,Indiana,Kennesaw,1718.3411365693653,1593.1472630252326,4,14
2023_1159_1231,0.7306251025898793,1231,1159,Indiana,Colgate,1718.3411365693653,1666.6730229861578,4,15
2023_1231_1297,0.8336066524768413,1231,1297,Indiana,N Kentucky,1718.3411365693653,1573.4023120999589,4,16
2023_1231_1242,0.18195283530492104,1231,1242,Indiana,Kansas,1718.3411365693653,1901.827967278591,4,1
2023_1231_1417,0.23484670488091944,1231,1417,Indiana,UCLA,1718.3411365693653,1867.878530223314,4,2
2023_1211_1231,0.19760457208074803,1231,1211,Indiana,Gonzaga,1718.3411365693653,1916.3481463531193,4,3
2023_1163_1231,0.4085327920768007,1231,1163,Indiana,Connecticut,1718.3411365693653,1774.5874488350346,4,4
2023_1231_1388,0.42908719349314206,1231,1388,Indiana,St Mary's CA,1718.3411365693653,1776.7496178560762,4,5
2023_1231_1395,0.5923023808306446,1231,1395,Indiana,TCU,1718.3411365693653,1691.5692805081464,4,6
2023_1231_1321,0.6865626606934623,1231,1321,Indiana,Northwestern,1718.3411365693653,1644.1558296981314,4,7
2023_1116_1231,0.6159639282737808,1231,1116,Indiana,Arkansas,1718.3411365693653,1706.5269951056146,4,8
2023_1228_1231,0.6790487916248514,1231,1228,Indiana,Illinois,1718.3411365693653,1679.4294486143315,4,9
2023_1129_1231,0.6444467500089538,1231,1129,Indiana,Boise St,1718.3411365693653,1717.9423017771614,4,10
2023_1113_1231,0.7467522837092585,1231,1113,Indiana,Arizona St,1718.3411365693653,1653.970278968981,4,11
2023_1231_1305,0.7961324825018158,1231,1305,Indiana,Nevada,1718.3411365693653,1611.2680783755488,4,11
2023_1231_1433,0.6001181891373331,1231,1433,Indiana,VCU,1718.3411365693653,1756.6343375804404,4,12
2023_1231_1233,0.6802400114740387,1231,1233,Indiana,Iona,1718.3411365693653,1703.5978177653083,4,13
2023_1213_1231,0.7758883757803752,1231,1213,Indiana,Grand Canyon,1718.3411365693653,1629.5739347665058,4,14
2023_1231_1421,0.7868681411200262,1231,1421,Indiana,UNC Asheville,1718.3411365693653,1619.8023803848475,4,15
2023_1224_1231,0.8907352674813857,1231,1224,Indiana,Howard,1718.3411365693653,1499.3971122037642,4,16
2023_1235_1274,0.6679188299086164,1274,1235,Miami FL,Iowa St,1761.7050183357899,1670.487215520616,5,6
2023_1274_1401,0.515904450910451,1274,1401,Miami FL,Texas A&M,1761.7050183357899,1782.031653556092,5,7
2023_1234_1274,0.7053703797308142,1274,1234,Miami FL,Iowa,1761.7050183357899,1674.0057339344742,5,8
2023_1120_1274,0.6989843372819369,1274,1120,Miami FL,Auburn,1761.7050183357899,1693.6475956688491,5,9
2023_1274_1336,0.7322684181451224,1274,1336,Miami FL,Penn St,1761.7050183357899,1683.7652733456566,5,10
2023_1274_1280,0.7867369527121234,1274,1280,Miami FL,Mississippi St,1761.7050183357899,1653.2851397595643,5,11
2023_1274_1338,0.8216589009335,1274,1338,Miami FL,Pittsburgh,1761.7050183357899,1619.5009744031915,5,11
2023_1179_1274,0.6902306281787927,1274,1179,Miami FL,Drake,1761.7050183357899,1739.9205052619825,5,12
2023_1245_1274,0.6940404857020532,1274,1245,Miami FL,Kent,1761.7050183357899,1737.2027235579665,5,13
2023_1244_1274,0.854058229824447,1274,1244,Miami FL,Kennesaw,1761.7050183357899,1593.1472630252326,5,14
2023_1159_1274,0.7829734904277357,1274,1159,Miami FL,Colgate,1761.7050183357899,1666.6730229861578,5,15
2023_1274_1297,0.869516444513054,1274,1297,Miami FL,N Kentucky,1761.7050183357899,1573.4023120999589,5,16
2023_1242_1274,0.21138922730328258,1274,1242,Miami FL,Kansas,1761.7050183357899,1901.827967278591,5,1
2023_1274_1417,0.2700157831422445,1274,1417,Miami FL,UCLA,1761.7050183357899,1867.878530223314,5,2
2023_1211_1274,0.22886469080137237,1274,1211,Miami FL,Gonzaga,1761.7050183357899,1916.3481463531193,5,3
2023_1163_1274,0.45426981989910364,1274,1163,Miami FL,Connecticut,1761.7050183357899,1774.5874488350346,5,4
2023_1274_1388,0.47527627230879727,1274,1388,Miami FL,St Mary's CA,1761.7050183357899,1776.7496178560762,5,5
2023_1274_1395,0.6364738804556324,1274,1395,Miami FL,TCU,1761.7050183357899,1691.5692805081464,5,6
2023_1274_1321,0.7252587514281386,1274,1321,Miami FL,Northwestern,1761.7050183357899,1644.1558296981314,5,7
2023_1116_1274,0.6590475443878163,1274,1116,Miami FL,Arkansas,1761.7050183357899,1706.5269951056146,5,8
2023_1228_1274,0.718291896856441,1274,1228,Miami FL,Illinois,1761.7050183357899,1679.4294486143315,5,9
2023_1129_1274,0.685964079416703,1274,1129,Miami FL,Boise St,1761.7050183357899,1717.9423017771614,5,10
2023_1113_1274,0.7859797144460685,1274,1113,Miami FL,Arizona St,1761.7050183357899,1653.970278968981,5,11
2023_1274_1305,0.8294578818220754,1274,1305,Miami FL,Nevada,1761.7050183357899,1611.2680783755488,5,11
2023_1274_1433,0.6662428305367208,1274,1433,Miami FL,VCU,1761.7050183357899,1756.6343375804404,5,12
2023_1233_1274,0.7388804818400305,1274,1233,Miami FL,Iona,1761.7050183357899,1703.5978177653083,5,13
2023_1213_1274,0.8215885540787595,1274,1213,Miami FL,Grand Canyon,1761.7050183357899,1629.5739347665058,5,14
2023_1274_1421,0.8308175636298336,1274,1421,Miami FL,UNC Asheville,1761.7050183357899,1619.8023803848475,5,15
2023_1224_1274,0.9155647813396215,1274,1224,Miami FL,Howard,1761.7050183357899,1499.3971122037642,5,16
2023_1235_1401,0.346344173093741,1235,1401,Iowa St,Texas A&M,1670.487215520616,1782.031653556092,6,7
2023_1234_1235,0.5434443612636833,1235,1234,Iowa St,Iowa,1670.487215520616,1674.0057339344742,6,8
2023_1120_1235,0.5358580368518273,1235,1120,Iowa St,Auburn,1670.487215520616,1693.6475956688491,6,9
2023_1235_1336,0.5762443977383672,1235,1336,Iowa St,Penn St,1670.487215520616,1683.7652733456566,6,10
2023_1235_1280,0.6471603413605405,1235,1280,Iowa St,Mississippi St,1670.487215520616,1653.2851397595643,6,11
2023_1235_1338,0.6961096226824148,1235,1338,Iowa St,Pittsburgh,1670.487215520616,1619.5009744031915,6,11
2023_1179_1235,0.5337746319591085,1235,1179,Iowa St,Drake,1670.487215520616,1739.9205052619825,6,12
2023_1235_1245,0.5545254291444079,1235,1245,Iowa St,Kent,1670.487215520616,1737.2027235579665,6,13
2023_1235_1244,0.7625455918684243,1235,1244,Iowa St,Kennesaw,1670.487215520616,1593.1472630252326,6,14
2023_1159_1235,0.6644022112924663,1235,1159,Iowa St,Colgate,1670.487215520616,1666.6730229861578,6,15
2023_1235_1297,0.7852596882693498,1235,1297,Iowa St,N Kentucky,1670.487215520616,1573.4023120999589,6,16
2023_1235_1242,0.11759973404948884,1235,1242,Iowa St,Kansas,1670.487215520616,1901.827967278591,6,1
2023_1235_1417,0.15533845041671218,1235,1417,Iowa St,UCLA,1670.487215520616,1867.878530223314,6,2
2023_1211_1235,0.1285859007532315,1235,1211,Iowa St,Gonzaga,1670.487215520616,1916.3481463531193,6,3
2023_1163_1235,0.2927178344413555,1235,1163,Iowa St,Connecticut,1670.487215520616,1774.5874488350346,6,4
2023_1235_1388,0.3105042687165808,1235,1388,Iowa St,St Mary's CA,1670.487215520616,1776.7496178560762,6,5
2023_1235_1395,0.4653817272002705,1235,1395,Iowa St,TCU,1670.487215520616,1691.5692805081464,6,6
2023_1235_1321,0.5675621206276464,1235,1321,Iowa St,Northwestern,1670.487215520616,1644.1558296981314,6,7
2023_1116_1235,0.4900676593064396,1235,1116,Iowa St,Arkansas,1670.487215520616,1706.5269951056146,6,8
2023_1228_1235,0.5590277982604236,1235,1228,Iowa St,Illinois,1670.487215520616,1679.4294486143315,6,9
2023_1129_1235,0.5206209619518667,1235,1129,Iowa St,Boise St,1670.487215520616,1717.9423017771614,6,10
2023_1113_1235,0.6461304220824672,1235,1113,Iowa St,Arizona St,1670.487215520616,1653.970278968981,6,11
2023_1235_1305,0.7074440909465016,1235,1305,Iowa St,Nevada,1670.487215520616,1611.2680783755488,6,11
2023_1235_1433,0.506336503106841,1235,1433,Iowa St,VCU,1670.487215520616,1756.6343375804404,6,12
2023_1233_1235,0.6082716459998777,1235,1233,Iowa St,Iona,1670.487215520616,1703.5978177653083,6,13
2023_1213_1235,0.7164748557288284,1235,1213,Iowa St,Grand Canyon,1670.487215520616,1629.5739347665058,6,14
2023_1235_1421,0.7293500656900982,1235,1421,Iowa St,UNC Asheville,1670.487215520616,1619.8023803848475,6,15
2023_1224_1235,0.8561225352471242,1235,1224,Iowa St,Howard,1670.487215520616,1499.3971122037642,6,16
2023_1234_1401,0.6919741113784,1401,1234,Texas A&M,Iowa,1782.031653556092,1674.0057339344742,7,8
2023_1120_1401,0.6854271993673654,1401,1120,Texas A&M,Auburn,1782.031653556092,1693.6475956688491,7,9
2023_1336_1401,0.7196089991023242,1401,1336,Texas A&M,Penn St,1782.031653556092,1683.7652733456566,7,10
2023_1280_1401,0.7758647086163691,1401,1280,Texas A&M,Mississippi St,1782.031653556092,1653.2851397595643,7,11
2023_1338_1401,0.8121418820212382,1401,1338,Texas A&M,Pittsburgh,1782.031653556092,1619.5009744031915,7,11
2023_1179_1401,0.683618776181533,1401,1179,Texas A&M,Drake,1782.031653556092,1739.9205052619825,7,12
2023_1245_1401,0.7082736916619073,1401,1245,Texas A&M,Kent,1782.031653556092,1737.2027235579665,7,13
2023_1244_1401,0.8699500096462877,1401,1244,Texas A&M,Kennesaw,1782.031653556092,1593.1472630252326,7,14
2023_1159_1401,0.8048369728188592,1401,1159,Texas A&M,Colgate,1782.031653556092,1666.6730229861578,7,15
2023_1297_1401,0.8839536760237535,1401,1297,Texas A&M,N Kentucky,1782.031653556092,1573.4023120999589,7,16
2023_1242_1401,0.20097510769154944,1401,1242,Texas A&M,Kansas,1782.031653556092,1901.827967278591,7,1
2023_1401_1417,0.2576570735805591,1401,1417,Texas A&M,UCLA,1782.031653556092,1867.878530223314,7,2
2023_1211_1401,0.21782744358891676,1401,1211,Texas A&M,Gonzaga,1782.031653556092,1916.3481463531193,7,3
2023_1163_1401,0.438544159614651,1401,1163,Texas A&M,Connecticut,1782.031653556092,1774.5874488350346,7,4
2023_1388_1401,0.45943562385836906,1401,1388,Texas A&M,St Mary's CA,1782.031653556092,1776.7496178560762,7,5
2023_1395_1401,0.6216254017808576,1401,1395,Texas A&M,TCU,1782.031653556092,1691.5692805081464,7,6
2023_1321_1401,0.7123980639678434,1401,1321,Texas A&M,Northwestern,1782.031653556092,1644.1558296981314,7,7
2023_1116_1401,0.6446062565203,1401,1116,Texas A&M,Arkansas,1782.031653556092,1706.5269951056146,7,8
2023_1228_1401,0.7052376324690569,1401,1228,Texas A&M,Illinois,1782.031653556092,1679.4294486143315,7,9
2023_1129_1401,0.6720956275618661,1401,1129,Texas A&M,Boise St,1782.031653556092,1717.9423017771614,7,10
2023_1113_1401,0.7750799025984287,1401,1113,Texas A&M,Arizona St,1782.031653556092,1653.970278968981,7,11
2023_1305_1401,0.8202660101072444,1401,1305,Texas A&M,Nevada,1782.031653556092,1611.2680783755488,7,11
2023_1401_1433,0.6593716471727283,1401,1433,Texas A&M,VCU,1782.031653556092,1756.6343375804404,7,12
2023_1233_1401,0.7517737843720501,1401,1233,Texas A&M,Iona,1782.031653556092,1703.5978177653083,7,13
2023_1213_1401,0.840355092910559,1401,1213,Texas A&M,Grand Canyon,1782.031653556092,1629.5739347665058,7,14
2023_1401_1421,0.8487919959390688,1401,1421,Texas A&M,UNC Asheville,1782.031653556092,1619.8023803848475,7,15
2023_1224_1401,0.9253444852401695,1401,1224,Texas A&M,Howard,1782.031653556092,1499.3971122037642,7,16
2023_1120_1234,0.4923661063691321,1234,1120,Iowa,Auburn,1674.0057339344742,1693.6475956688491,8,9
2023_1234_1336,0.533240457803042,1234,1336,Iowa,Penn St,1674.0057339344742,1683.7652733456566,8,10
2023_1234_1280,0.6064379331279225,1234,1280,Iowa,Mississippi St,1674.0057339344742,1653.2851397595643,8,11
2023_1234_1338,0.658051568659721,1234,1338,Iowa,Pittsburgh,1674.0057339344742,1619.5009744031915,8,11
2023_1179_1234,0.4902731813779913,1234,1179,Iowa,Drake,1674.0057339344742,1739.9205052619825,8,12
2023_1234_1245,0.5194027060417921,1234,1245,Iowa,Kent,1674.0057339344742,1737.2027235579665,8,13
2023_1234_1244,0.7547384724717892,1234,1244,Iowa,Kennesaw,1674.0057339344742,1593.1472630252326,8,14
2023_1159_1234,0.6695436981598,1234,1159,Iowa,Colgate,1674.0057339344742,1666.6730229861578,8,15
2023_1234_1297,0.7891372330988089,1234,1297,Iowa,N Kentucky,1674.0057339344742,1573.4023120999589,8,16
2023_1234_1242,0.10370849412504063,1234,1242,Iowa,Kansas,1674.0057339344742,1901.827967278591,8,1
2023_1234_1417,0.13382587023091794,1234,1417,Iowa,UCLA,1674.0057339344742,1867.878530223314,8,2
2023_1211_1234,0.11029445755716735,1234,1211,Iowa,Gonzaga,1674.0057339344742,1916.3481463531193,8,3
2023_1163_1234,0.25799087541692,1234,1163,Iowa,Connecticut,1674.0057339344742,1774.5874488350346,8,4
2023_1234_1388,0.274486099157836,1234,1388,Iowa,St Mary's CA,1674.0057339344742,1776.7496178560762,8,5
2023_1234_1395,0.42240417273389075,1234,1395,Iowa,TCU,1674.0057339344742,1691.5692805081464,8,6
2023_1234_1321,0.5244042845215625,1234,1321,Iowa,Northwestern,1674.0057339344742,1644.1558296981314,8,7
2023_1116_1234,0.44671526838413,1234,1116,Iowa,Arkansas,1674.0057339344742,1706.5269951056146,8,8
2023_1228_1234,0.5157449439073692,1234,1228,Iowa,Illinois,1674.0057339344742,1679.4294486143315,8,9
2023_1129_1234,0.4770945198602415,1234,1129,Iowa,Boise St,1674.0057339344742,1717.9423017771614,8,10
2023_1113_1234,0.6053616321643442,1234,1113,Iowa,Arizona St,1674.0057339344742,1653.970278968981,8,11
2023_1234_1305,0.6701328671233675,1234,1305,Iowa,Nevada,1674.0057339344742,1611.2680783755488,8,11
2023_1234_1433,0.46285123580389625,1234,1433,Iowa,VCU,1674.0057339344742,1756.6343375804404,8,12
2023_1233_1234,0.5741320889269327,1234,1233,Iowa,Iona,1674.0057339344742,1703.5978177653083,8,13
2023_1213_1234,0.7077335668953387,1234,1213,Iowa,Grand Canyon,1674.0057339344742,1629.5739347665058,8,14
2023_1234_1421,0.7338950522084784,1234,1421,Iowa,UNC Asheville,1674.0057339344742,1619.8023803848475,8,15
2023_1224_1234,0.8589503538883132,1234,1224,Iowa,Howard,1674.0057339344742,1499.3971122037642,8,16
2023_1120_1336,0.5408329053621864,1120,1336,Auburn,Penn St,1693.6475956688491,1683.7652733456566,9,10
2023_1120_1280,0.6137022780457834,1120,1280,Auburn,Mississippi St,1693.6475956688491,1653.2851397595643,9,11
2023_1120_1338,0.6648896725028498,1120,1338,Auburn,Pittsburgh,1693.6475956688491,1619.5009744031915,9,11
2023_1120_1179,0.4979064531961595,1120,1179,Auburn,Drake,1693.6475956688491,1739.9205052619825,9,12
2023_1120_1245,0.5270205907082661,1120,1245,Auburn,Kent,1693.6475956688491,1737.2027235579665,9,13
2023_1120_1244,0.760347232863461,1120,1244,Auburn,Kennesaw,1693.6475956688491,1593.1472630252326,9,14
2023_1120_1159,0.6834244116080767,1120,1159,Auburn,Colgate,1693.6475956688491,1666.6730229861578,9,15
2023_1120_1297,0.8098372283357733,1120,1297,Auburn,N Kentucky,1693.6475956688491,1573.4023120999589,9,16
2023_1120_1242,0.11634965595651955,1120,1242,Auburn,Kansas,1693.6475956688491,1901.827967278591,9,1
2023_1120_1417,0.1413509517385953,1120,1417,Auburn,UCLA,1693.6475956688491,1867.878530223314,9,2
2023_1120_1211,0.11332698772442446,1120,1211,Auburn,Gonzaga,1693.6475956688491,1916.3481463531193,9,3
2023_1120_1163,0.26387986779676204,1120,1163,Auburn,Connecticut,1693.6475956688491,1774.5874488350346,9,4
2023_1120_1388,0.2806092247948153,1120,1388,Auburn,St Mary's CA,1693.6475956688491,1776.7496178560762,9,5
2023_1120_1395,0.42987190252471863,1120,1395,Auburn,TCU,1693.6475956688491,1691.5692805081464,9,6
2023_1120_1321,0.5320143211171922,1120,1321,Auburn,Northwestern,1693.6475956688491,1644.1558296981314,9,7
2023_1116_1120,0.45427476340191647,1120,1116,Auburn,Arkansas,1693.6475956688491,1706.5269951056146,9,8
2023_1120_1228,0.5233676028409244,1120,1228,Auburn,Illinois,1693.6475956688491,1679.4294486143315,9,9
2023_1120_1129,0.4847177245787111,1120,1129,Auburn,Boise St,1693.6475956688491,1717.9423017771614,9,10
2023_1113_1120,0.6126331536312449,1120,1113,Auburn,Arizona St,1693.6475956688491,1653.970278968981,9,11
2023_1120_1305,0.6768480167658713,1120,1305,Auburn,Nevada,1693.6475956688491,1611.2680783755488,9,11
2023_1120_1433,0.4704516109579276,1120,1433,Auburn,VCU,1693.6475956688491,1756.6343375804404,9,12
2023_1120_1233,0.5815813097267729,1120,1233,Auburn,Iona,1693.6475956688491,1703.5978177653083,9,13
2023_1120_1213,0.7140099390243797,1120,1213,Auburn,Grand Canyon,1693.6475956688491,1629.5739347665058,9,14
2023_1120_1421,0.7460977524865614,1120,1421,Auburn,UNC Asheville,1693.6475956688491,1619.8023803848475,9,15
2023_1120_1224,0.8738921374060383,1120,1224,Auburn,Howard,1693.6475956688491,1499.3971122037642,9,16
2023_1280_1336,0.5742482501106878,1336,1280,Penn St,Mississippi St,1683.7652733456566,1653.2851397595643,10,11
2023_1336_1338,0.6274902972698497,1336,1338,Penn St,Pittsburgh,1683.7652733456566,1619.5009744031915,10,11
2023_1179_1336,0.45708822119035214,1336,1179,Penn St,Drake,1683.7652733456566,1739.9205052619825,10,12
2023_1245_1336,0.4861264570044131,1336,1245,Penn St,Kent,1683.7652733456566,1737.2027235579665,10,13
2023_1244_1336,0.729263274998578,1336,1244,Penn St,Kennesaw,1683.7652733456566,1593.1472630252326,10,14
2023_1159_1336,0.6469953406199949,1336,1159,Penn St,Colgate,1683.7652733456566,1666.6730229861578,10,15
2023_1297_1336,0.7888738774809128,1336,1297,Penn St,N Kentucky,1683.7652733456566,1573.4023120999589,10,16
2023_1242_1336,0.10983031880165846,1336,1242,Penn St,Kansas,1683.7652733456566,1901.827967278591,10,1
2023_1336_1417,0.1336426028198759,1336,1417,Penn St,UCLA,1683.7652733456566,1867.878530223314,10,2
2023_1211_1336,0.10083318601660418,1336,1211,Penn St,Gonzaga,1683.7652733456566,1916.3481463531193,10,3
2023_1163_1336,0.23333127746738275,1336,1163,Penn St,Connecticut,1683.7652733456566,1774.5874488350346,10,4
2023_1336_1388,0.24877845438877805,1336,1388,Penn St,St Mary's CA,1683.7652733456566,1776.7496178560762,10,5
2023_1336_1395,0.39029556664766424,1336,1395,Penn St,TCU,1683.7652733456566,1691.5692805081464,10,6
2023_1321_1336,0.4911350614257812,1336,1321,Penn St,Northwestern,1683.7652733456566,1644.1558296981314,10,7
2023_1116_1336,0.41408351474510924,1336,1116,Penn St,Arkansas,1683.7652733456566,1706.5269951056146,10,8
2023_1228_1336,0.4824677828183628,1336,1228,Penn St,Illinois,1683.7652733456566,1679.4294486143315,10,9
2023_1129_1336,0.4440245383809348,1336,1129,Penn St,Boise St,1683.7652733456566,1717.9423017771614,10,10
2023_1113_1336,0.5731458805279411,1336,1113,Penn St,Arizona St,1683.7652733456566,1653.970278968981,10,11
2023_1305_1336,0.6400607483788848,1336,1305,Penn St,Nevada,1683.7652733456566,1611.2680783755488,10,11
2023_1336_1433,0.42995674738147655,1336,1433,Penn St,VCU,1683.7652733456566,1756.6343375804404,10,12
2023_1233_1336,0.5412987016176721,1336,1233,Penn St,Iona,1683.7652733456566,1703.5978177653083,10,13
2023_1213_1336,0.6794496216757946,1336,1213,Penn St,Grand Canyon,1683.7652733456566,1629.5739347665058,10,14
2023_1336_1421,0.7138611110253348,1336,1421,Penn St,UNC Asheville,1683.7652733456566,1619.8023803848475,10,15
2023_1224_1336,0.8587585849766292,1336,1224,Penn St,Howard,1683.7652733456566,1499.3971122037642,10,16
2023_1280_1338,0.555337324444724,1280,1338,Mississippi St,Pittsburgh,1653.2851397595643,1619.5009744031915,11,11
2023_1179_1280,0.3843143269024916,1280,1179,Mississippi St,Drake,1653.2851397595643,1739.9205052619825,11,12
2023_1245_1280,0.41223980917133723,1280,1245,Mississippi St,Kent,1653.2851397595643,1737.2027235579665,11,13
2023_1244_1280,0.6663411234392044,1280,1244,Mississippi St,Kennesaw,1653.2851397595643,1593.1472630252326,11,14
2023_1159_1280,0.5760679579535353,1280,1159,Mississippi St,Colgate,1653.2851397595643,1666.6730229861578,11,15
2023_1280_1297,0.7347671253452732,1280,1297,Mississippi St,N Kentucky,1653.2851397595643,1573.4023120999589,11,16
2023_1242_1280,0.09170447414452149,1280,1242,Mississippi St,Kansas,1653.2851397595643,1901.827967278591,11,1
2023_1280_1417,0.11208170892122946,1280,1417,Mississippi St,UCLA,1653.2851397595643,1867.878530223314,11,2
2023_1211_1280,0.08405198065429258,1280,1211,Mississippi St,Gonzaga,1653.2851397595643,1916.3481463531193,11,3
2023_1163_1280,0.1890941600821057,1280,1163,Mississippi St,Connecticut,1653.2851397595643,1774.5874488350346,11,4
2023_1280_1388,0.1971278132987692,1280,1388,Mississippi St,St Mary's CA,1653.2851397595643,1776.7496178560762,11,5
2023_1280_1395,0.32185164795215737,1280,1395,Mississippi St,TCU,1653.2851397595643,1691.5692805081464,11,6
2023_1280_1321,0.4171050591633222,1280,1321,Mississippi St,Northwestern,1653.2851397595643,1644.1558296981314,11,7
2023_1116_1280,0.3438204352942111,1280,1116,Mississippi St,Arkansas,1653.2851397595643,1706.5269951056146,11,8
2023_1228_1280,0.40869495313660675,1280,1228,Mississippi St,Illinois,1653.2851397595643,1679.4294486143315,11,9
2023_1129_1280,0.3719057678143526,1280,1129,Mississippi St,Boise St,1653.2851397595643,1717.9423017771614,11,10
2023_1113_1280,0.4988731509576564,1280,1113,Mississippi St,Arizona St,1653.2851397595643,1653.970278968981,11,11
2023_1280_1305,0.5686689237399795,1280,1305,Mississippi St,Nevada,1653.2851397595643,1611.2680783755488,11,11
2023_1280_1433,0.3586489324641521,1280,1433,Mississippi St,VCU,1653.2851397595643,1756.6343375804404,11,12
2023_1233_1280,0.46664129277515237,1280,1233,Mississippi St,Iona,1653.2851397595643,1703.5978177653083,11,13
2023_1213_1280,0.611123742722599,1280,1213,Mississippi St,Grand Canyon,1653.2851397595643,1629.5739347665058,11,14
2023_1280_1421,0.6490818311436141,1280,1421,Mississippi St,UNC Asheville,1653.2851397595643,1619.8023803848475,11,15
2023_1224_1280,0.8184396990361945,1280,1224,Mississippi St,Howard,1653.2851397595643,1499.3971122037642,11,16
2023_1179_1338,0.3332470360186776,1338,1179,Pittsburgh,Drake,1619.5009744031915,1739.9205052619825,11,12
2023_1245_1338,0.35962927816743284,1338,1245,Pittsburgh,Kent,1619.5009744031915,1737.2027235579665,11,13
2023_1244_1338,0.6152471400134244,1338,1244,Pittsburgh,Kennesaw,1619.5009744031915,1593.1472630252326,11,14
2023_1159_1338,0.5210856652761352,1338,1159,Pittsburgh,Colgate,1619.5009744031915,1666.6730229861578,11,15
2023_1297_1338,0.6892650617212305,1338,1297,Pittsburgh,N Kentucky,1619.5009744031915,1573.4023120999589,11,16
2023_1242_1338,0.07479540915900847,1338,1242,Pittsburgh,Kansas,1619.5009744031915,1901.827967278591,11,1
2023_1338_1417,0.0917950800770805,1338,1417,Pittsburgh,UCLA,1619.5009744031915,1867.878530223314,11,2
2023_1211_1338,0.06844760020868992,1338,1211,Pittsburgh,Gonzaga,1619.5009744031915,1916.3481463531193,11,3
2023_1163_1338,0.15733839261155827,1338,1163,Pittsburgh,Connecticut,1619.5009744031915,1774.5874488350346,11,4
2023_1338_1388,0.16429625140164564,1338,1388,Pittsburgh,St Mary's CA,1619.5009744031915,1776.7496178560762,11,5
2023_1338_1395,0.27537207914665335,1338,1395,Pittsburgh,TCU,1619.5009744031915,1691.5692805081464,11,6
2023_1321_1338,0.3642584212395849,1338,1321,Pittsburgh,Northwestern,1619.5009744031915,1644.1558296981314,11,7
2023_1116_1338,0.29555096252433954,1338,1116,Pittsburgh,Arkansas,1619.5009744031915,1706.5269951056146,11,8
2023_1228_1338,0.356262605702737,1338,1228,Pittsburgh,Illinois,1619.5009744031915,1679.4294486143315,11,9
2023_1129_1338,0.32162598324446817,1338,1129,Pittsburgh,Boise St,1619.5009744031915,1717.9423017771614,11,10
2023_1113_1338,0.4435499067041395,1338,1113,Pittsburgh,Arizona St,1619.5009744031915,1653.970278968981,11,11
2023_1305_1338,0.5135373647767256,1338,1305,Pittsburgh,Nevada,1619.5009744031915,1611.2680783755488,11,11
2023_1338_1433,0.30927888262321396,1338,1433,Pittsburgh,VCU,1619.5009744031915,1756.6343375804404,11,12
2023_1233_1338,0.41195409283046514,1338,1233,Pittsburgh,Iona,1619.5009744031915,1703.5978177653083,11,13
2023_1213_1338,0.5571932089270727,1338,1213,Pittsburgh,Grand Canyon,1619.5009744031915,1629.5739347665058,11,14
2023_1338_1421,0.5969435627031973,1338,1421,Pittsburgh,UNC Asheville,1619.5009744031915,1619.8023803848475,11,15
2023_1224_1338,0.7830538204687018,1338,1224,Pittsburgh,Howard,1619.5009744031915,1499.3971122037642,11,16
2023_1179_1245,0.529107551186837,1179,1245,Drake,Kent,1739.9205052619825,1737.2027235579665,12,13
2023_1179_1244,0.7618698519407627,1179,1244,Drake,Kennesaw,1739.9205052619825,1593.1472630252326,12,14
2023_1159_1179,0.6852334342327533,1179,1159,Drake,Colgate,1739.9205052619825,1666.6730229861578,12,15
2023_1179_1297,0.8161114689672819,1179,1297,Drake,N Kentucky,1739.9205052619825,1573.4023120999589,12,16
2023_1179_1242,0.15147992675276378,1179,1242,Drake,Kansas,1739.9205052619825,1901.827967278591,12,1
2023_1179_1417,0.1824712309437184,1179,1417,Drake,UCLA,1739.9205052619825,1867.878530223314,12,2
2023_1179_1211,0.13960600803558734,1179,1211,Drake,Gonzaga,1739.9205052619825,1916.3481463531193,12,3
2023_1163_1179,0.2919465499285135,1179,1163,Drake,Connecticut,1739.9205052619825,1774.5874488350346,12,4
2023_1179_1388,0.2890148737629456,1179,1388,Drake,St Mary's CA,1739.9205052619825,1776.7496178560762,12,5
2023_1179_1395,0.4319254714849325,1179,1395,Drake,TCU,1739.9205052619825,1691.5692805081464,12,6
2023_1179_1321,0.5340987262598901,1179,1321,Drake,Northwestern,1739.9205052619825,1644.1558296981314,12,7
2023_1116_1179,0.45635159672181613,1179,1116,Drake,Arkansas,1739.9205052619825,1706.5269951056146,12,8
2023_1179_1228,0.5254561682625999,1179,1228,Drake,Illinois,1739.9205052619825,1679.4294486143315,12,9
2023_1129_1179,0.4868095833174043,1179,1129,Drake,Boise St,1739.9205052619825,1717.9423017771614,12,10
2023_1113_1179,0.6146185909061381,1179,1113,Drake,Arizona St,1739.9205052619825,1653.970278968981,12,11
2023_1179_1305,0.678676950438883,1179,1305,Drake,Nevada,1739.9205052619825,1611.2680783755488,12,11
2023_1179_1433,0.47253836255144316,1179,1433,Drake,VCU,1739.9205052619825,1756.6343375804404,12,12
2023_1179_1233,0.5836177308066778,1179,1233,Drake,Iona,1739.9205052619825,1703.5978177653083,12,13
2023_1179_1213,0.7157168868043723,1179,1213,Drake,Grand Canyon,1739.9205052619825,1629.5739347665058,12,14
2023_1179_1421,0.747680861566949,1179,1421,Drake,UNC Asheville,1739.9205052619825,1619.8023803848475,12,15
2023_1179_1224,0.8783703636435615,1179,1224,Drake,Howard,1739.9205052619825,1499.3971122037642,12,16
2023_1244_1245,0.740082304703015,1245,1244,Kent,Kennesaw,1737.2027235579665,1593.1472630252326,13,14
2023_1159_1245,0.6595672323140126,1245,1159,Kent,Colgate,1737.2027235579665,1666.6730229861578,13,15
2023_1245_1297,0.7979707067136383,1245,1297,Kent,N Kentucky,1737.2027235579665,1573.4023120999589,13,16
2023_1242_1245,0.14919606384320874,1245,1242,Kent,Kansas,1737.2027235579665,1901.827967278591,13,1
2023_1245_1417,0.17981913341932393,1245,1417,Kent,UCLA,1737.2027235579665,1867.878530223314,13,2
2023_1211_1245,0.13747216395108297,1245,1211,Kent,Gonzaga,1737.2027235579665,1916.3481463531193,13,3
2023_1163_1245,0.28826434866692147,1245,1163,Kent,Connecticut,1737.2027235579665,1774.5874488350346,13,4
2023_1245_1388,0.28535474670494204,1245,1388,Kent,St Mary's CA,1737.2027235579665,1776.7496178560762,13,5
2023_1245_1395,0.41152431642737397,1245,1395,Kent,TCU,1737.2027235579665,1691.5692805081464,13,6
2023_1245_1321,0.5050110696292284,1245,1321,Kent,Northwestern,1737.2027235579665,1644.1558296981314,13,7
2023_1116_1245,0.4276119212106889,1245,1116,Kent,Arkansas,1737.2027235579665,1706.5269951056146,13,8
2023_1228_1245,0.49633776269188806,1245,1228,Kent,Illinois,1737.2027235579665,1679.4294486143315,13,9
2023_1129_1245,0.45776689217135824,1245,1129,Kent,Boise St,1737.2027235579665,1717.9423017771614,13,10
2023_1113_1245,0.5866676248941888,1245,1113,Kent,Arizona St,1737.2027235579665,1653.970278968981,13,11
2023_1245_1305,0.6527470564377342,1245,1305,Kent,Nevada,1737.2027235579665,1611.2680783755488,13,11
2023_1245_1433,0.4436111071844886,1245,1433,Kent,VCU,1737.2027235579665,1756.6343375804404,13,12
2023_1233_1245,0.555046087938443,1245,1233,Kent,Iona,1737.2027235579665,1703.5978177653083,13,13
2023_1213_1245,0.6914169564884993,1245,1213,Kent,Grand Canyon,1737.2027235579665,1629.5739347665058,13,14
2023_1245_1421,0.7250635891549472,1245,1421,Kent,UNC Asheville,1737.2027235579665,1619.8023803848475,13,15
2023_1224_1245,0.8653582075400829,1245,1224,Kent,Howard,1737.2027235579665,1499.3971122037642,13,16
2023_1159_1244,0.4049142681325104,1244,1159,Kennesaw,Colgate,1593.1472630252326,1666.6730229861578,14,15
2023_1244_1297,0.5810932269594014,1244,1297,Kennesaw,N Kentucky,1593.1472630252326,1573.4023120999589,14,16
2023_1242_1244,0.06364734488166081,1244,1242,Kennesaw,Kansas,1593.1472630252326,1901.827967278591,14,1
2023_1244_1417,0.07832776611947245,1244,1417,Kennesaw,UCLA,1593.1472630252326,1867.878530223314,14,2
2023_1211_1244,0.05818615878272133,1244,1211,Kennesaw,Gonzaga,1593.1472630252326,1916.3481463531193,14,3
2023_1163_1244,0.13569185756092067,1244,1163,Kennesaw,Connecticut,1593.1472630252326,1774.5874488350346,14,4
2023_1244_1388,0.1340322414426349,1244,1388,Kennesaw,St Mary's CA,1593.1472630252326,1776.7496178560762,14,5
2023_1244_1395,0.21326068635907483,1244,1395,Kennesaw,TCU,1593.1472630252326,1691.5692805081464,14,6
2023_1244_1321,0.27022972627041625,1244,1321,Kennesaw,Northwestern,1593.1472630252326,1644.1558296981314,14,7
2023_1116_1244,0.20783955510629498,1244,1116,Kennesaw,Arkansas,1593.1472630252326,1706.5269951056146,14,8
2023_1228_1244,0.25710969190638827,1244,1228,Kennesaw,Illinois,1593.1472630252326,1679.4294486143315,14,9
2023_1129_1244,0.22868836015834001,1244,1129,Kennesaw,Boise St,1593.1472630252326,1717.9423017771614,14,10
2023_1113_1244,0.33265749512894816,1244,1113,Kennesaw,Arizona St,1593.1472630252326,1653.970278968981,14,11
2023_1244_1305,0.3976515118282432,1244,1305,Kennesaw,Nevada,1593.1472630252326,1611.2680783755488,14,11
2023_1244_1433,0.21875856114437678,1244,1433,Kennesaw,VCU,1593.1472630252326,1756.6343375804404,14,12
2023_1233_1244,0.30463640104139866,1244,1233,Kennesaw,Iona,1593.1472630252326,1703.5978177653083,14,13
2023_1213_1244,0.4403740048038355,1244,1213,Kennesaw,Grand Canyon,1593.1472630252326,1629.5739347665058,14,14
2023_1244_1421,0.4808401724213577,1244,1421,Kennesaw,UNC Asheville,1593.1472630252326,1619.8023803848475,14,15
2023_1224_1244,0.6929887328814237,1244,1224,Kennesaw,Howard,1593.1472630252326,1499.3971122037642,14,16
2023_1159_1297,0.6709076150350151,1159,1297,Colgate,N Kentucky,1666.6730229861578,1573.4023120999589,15,16
2023_1159_1242,0.0993093417440484,1159,1242,Colgate,Kansas,1666.6730229861578,1901.827967278591,15,1
2023_1159_1417,0.12115102357021736,1159,1417,Colgate,UCLA,1666.6730229861578,1867.878530223314,15,2
2023_1159_1211,0.0910858820409009,1159,1211,Colgate,Gonzaga,1666.6730229861578,1916.3481463531193,15,3
2023_1159_1163,0.20297059599627915,1159,1163,Colgate,Connecticut,1666.6730229861578,1774.5874488350346,15,4
2023_1159_1388,0.20067916706202904,1159,1388,Colgate,St Mary's CA,1666.6730229861578,1776.7496178560762,15,5
2023_1159_1395,0.30540942529292314,1159,1395,Colgate,TCU,1666.6730229861578,1691.5692805081464,15,6
2023_1159_1321,0.3752533015696064,1159,1321,Colgate,Northwestern,1666.6730229861578,1644.1558296981314,15,7
2023_1116_1159,0.2849429496080376,1159,1116,Colgate,Arkansas,1666.6730229861578,1706.5269951056146,15,8
2023_1159_1228,0.3371511882190885,1159,1228,Colgate,Illinois,1666.6730229861578,1679.4294486143315,15,9
2023_1129_1159,0.3034966207689627,1159,1129,Colgate,Boise St,1666.6730229861578,1717.9423017771614,15,10
2023_1113_1159,0.42283165159399005,1159,1113,Colgate,Arizona St,1666.6730229861578,1653.970278968981,15,11
2023_1159_1305,0.492443071170269,1159,1305,Colgate,Nevada,1666.6730229861578,1611.2680783755488,15,11
2023_1159_1433,0.291546386860949,1159,1433,Colgate,VCU,1666.6730229861578,1756.6343375804404,15,12
2023_1159_1233,0.3916728676674574,1159,1233,Colgate,Iona,1666.6730229861578,1703.5978177653083,15,13
2023_1159_1213,0.5362825644810026,1159,1213,Colgate,Grand Canyon,1666.6730229861578,1629.5739347665058,15,14
2023_1159_1421,0.5764832611333197,1159,1421,Colgate,UNC Asheville,1666.6730229861578,1619.8023803848475,15,15
2023_1159_1224,0.7683752142114249,1159,1224,Colgate,Howard,1666.6730229861578,1499.3971122037642,15,16
2023_1242_1297,0.05633086866308198,1297,1242,N Kentucky,Kansas,1573.4023120999589,1901.827967278591,16,1
2023_1297_1417,0.06944889204897395,1297,1417,N Kentucky,UCLA,1573.4023120999589,1867.878530223314,16,2
2023_1211_1297,0.051462960696611396,1297,1211,N Kentucky,Gonzaga,1573.4023120999589,1916.3481463531193,16,3
2023_1163_1297,0.12116529320198527,1297,1163,N Kentucky,Connecticut,1573.4023120999589,1774.5874488350346,16,4
2023_1297_1388,0.11965875058059487,1297,1388,N Kentucky,St Mary's CA,1573.4023120999589,1776.7496178560762,16,5
2023_1297_1395,0.19227732783738669,1297,1395,N Kentucky,TCU,1573.4023120999589,1691.5692805081464,16,6
2023_1297_1321,0.24538936144123086,1297,1321,N Kentucky,Northwestern,1573.4023120999589,1644.1558296981314,16,7
2023_1116_1297,0.17745530359099185,1297,1116,N Kentucky,Arkansas,1573.4023120999589,1706.5269951056146,16,8
2023_1228_1297,0.2049866057076739,1297,1228,N Kentucky,Illinois,1573.4023120999589,1679.4294486143315,16,9
2023_1129_1297,0.17610029755453957,1297,1129,N Kentucky,Boise St,1573.4023120999589,1717.9423017771614,16,10
2023_1113_1297,0.2643553820234221,1297,1113,N Kentucky,Arizona St,1573.4023120999589,1653.970278968981,16,11
2023_1297_1305,0.3224526915826077,1297,1305,N Kentucky,Nevada,1573.4023120999589,1611.2680783755488,16,11
2023_1297_1433,0.16795668407553446,1297,1433,N Kentucky,VCU,1573.4023120999589,1756.6343375804404,16,12
2023_1233_1297,0.2400183805511194,1297,1233,N Kentucky,Iona,1573.4023120999589,1703.5978177653083,16,13
2023_1213_1297,0.3619507954399954,1297,1213,N Kentucky,Grand Canyon,1573.4023120999589,1629.5739347665058,16,14
2023_1297_1421,0.4003661626854046,1297,1421,N Kentucky,UNC Asheville,1573.4023120999589,1619.8023803848475,16,15
2023_1224_1297,0.6193679791953992,1297,1224,N Kentucky,Howard,1573.4023120999589,1499.3971122037642,16,16
2023_1242_1417,0.5798187207370089,1242,1417,Kansas,UCLA,1901.827967278591,1867.878530223314,1,2
2023_1211_1242,0.5254377366946944,1242,1211,Kansas,Gonzaga,1901.827967278591,1916.3481463531193,1,3
2023_1163_1242,0.7564176199155004,1242,1163,Kansas,Connecticut,1901.827967278591,1774.5874488350346,1,4
2023_1242_1388,0.7716402377814826,1242,1388,Kansas,St Mary's CA,1901.827967278591,1776.7496178560762,1,5
2023_1242_1395,0.8672274764288953,1242,1395,Kansas,TCU,1901.827967278591,1691.5692805081464,1,6
2023_1242_1321,0.9078172873062186,1242,1321,Kansas,Northwestern,1901.827967278591,1644.1558296981314,1,7
2023_1116_1242,0.8746517926747756,1242,1116,Kansas,Arkansas,1901.827967278591,1706.5269951056146,1,8
2023_1228_1242,0.8929275813126255,1242,1228,Kansas,Illinois,1901.827967278591,1679.4294486143315,1,9
2023_1129_1242,0.8661839434388569,1242,1129,Kansas,Boise St,1901.827967278591,1717.9423017771614,1,10
2023_1113_1242,0.9079193911378397,1242,1113,Kansas,Arizona St,1901.827967278591,1653.970278968981,1,11
2023_1242_1305,0.9288674546208342,1242,1305,Kansas,Nevada,1901.827967278591,1611.2680783755488,1,11
2023_1242_1433,0.8338390386084132,1242,1433,Kansas,VCU,1901.827967278591,1756.6343375804404,1,12
2023_1233_1242,0.8767493269167308,1242,1233,Kansas,Iona,1901.827967278591,1703.5978177653083,1,13
2023_1213_1242,0.9204875780875669,1242,1213,Kansas,Grand Canyon,1901.827967278591,1629.5739347665058,1,14
2023_1242_1421,0.9250672567320993,1242,1421,Kansas,UNC Asheville,1901.827967278591,1619.8023803848475,1,15
2023_1224_1242,0.9646135788140182,1242,1224,Kansas,Howard,1901.827967278591,1499.3971122037642,1,16
2023_1211_1417,0.4451737373156395,1417,1211,UCLA,Gonzaga,1867.878530223314,1916.3481463531193,2,3
2023_1163_1417,0.692345809261492,1417,1163,UCLA,Connecticut,1867.878530223314,1774.5874488350346,2,4
2023_1388_1417,0.7100376417063601,1417,1388,UCLA,St Mary's CA,1867.878530223314,1776.7496178560762,2,5
2023_1395_1417,0.8255821232109438,1417,1395,UCLA,TCU,1867.878530223314,1691.5692805081464,2,6
2023_1321_1417,0.8770990572885264,1417,1321,UCLA,Northwestern,1867.878530223314,1644.1558296981314,2,7
2023_1116_1417,0.8393763516288202,1417,1116,UCLA,Arkansas,1867.878530223314,1706.5269951056146,2,8
2023_1228_1417,0.8696256626334078,1417,1228,UCLA,Illinois,1867.878530223314,1679.4294486143315,2,9
2023_1129_1417,0.8381170325398921,1417,1129,UCLA,Boise St,1867.878530223314,1717.9423017771614,2,10
2023_1113_1417,0.8874689320139643,1417,1113,UCLA,Arizona St,1867.878530223314,1653.970278968981,2,11
2023_1305_1417,0.9126216642315963,1417,1305,UCLA,Nevada,1867.878530223314,1611.2680783755488,2,11
2023_1417_1433,0.8005501525425535,1417,1433,UCLA,VCU,1867.878530223314,1756.6343375804404,2,12
2023_1233_1417,0.8505159919071081,1417,1233,UCLA,Iona,1867.878530223314,1703.5978177653083,2,13
2023_1213_1417,0.9025287598941434,1417,1213,UCLA,Grand Canyon,1867.878530223314,1629.5739347665058,2,14
2023_1417_1421,0.9080394746754469,1417,1421,UCLA,UNC Asheville,1867.878530223314,1619.8023803848475,2,15
2023_1224_1417,0.9561463221786979,1417,1224,UCLA,Howard,1867.878530223314,1499.3971122037642,2,16
2023_1163_1211,0.7371677646607395,1211,1163,Gonzaga,Connecticut,1916.3481463531193,1774.5874488350346,3,4
2023_1211_1388,0.7532008852845212,1211,1388,Gonzaga,St Mary's CA,1916.3481463531193,1776.7496178560762,3,5
2023_1211_1395,0.8550566971768497,1211,1395,Gonzaga,TCU,1916.3481463531193,1691.5692805081464,3,6
2023_1211_1321,0.8989336182931882,1211,1321,Gonzaga,Northwestern,1916.3481463531193,1644.1558296981314,3,7
2023_1116_1211,0.866895688015072,1211,1116,Gonzaga,Arkansas,1916.3481463531193,1706.5269951056146,3,8
2023_1211_1228,0.8957376720350039,1211,1228,Gonzaga,Illinois,1916.3481463531193,1679.4294486143315,3,9
2023_1129_1211,0.8768741752682692,1211,1129,Gonzaga,Boise St,1916.3481463531193,1717.9423017771614,3,10
2023_1113_1211,0.915600355516666,1211,1113,Gonzaga,Arizona St,1916.3481463531193,1653.970278968981,3,11
2023_1211_1305,0.9349262645171902,1211,1305,Gonzaga,Nevada,1916.3481463531193,1611.2680783755488,3,11
2023_1211_1433,0.846655776060547,1211,1433,Gonzaga,VCU,1916.3481463531193,1756.6343375804404,3,12
2023_1211_1233,0.8867059145626535,1211,1233,Gonzaga,Iona,1916.3481463531193,1703.5978177653083,3,13
2023_1211_1213,0.9272042169244332,1211,1213,Gonzaga,Grand Canyon,1916.3481463531193,1629.5739347665058,3,14
2023_1211_1421,0.9314258572130238,1211,1421,Gonzaga,UNC Asheville,1916.3481463531193,1619.8023803848475,3,15
2023_1211_1224,0.9677334308883847,1211,1224,Gonzaga,Howard,1916.3481463531193,1499.3971122037642,3,16
2023_1163_1388,0.5211018853078597,1163,1388,Connecticut,St Mary's CA,1774.5874488350346,1776.7496178560762,4,5
2023_1163_1395,0.6777663198308269,1163,1395,Connecticut,TCU,1774.5874488350346,1691.5692805081464,4,6
2023_1163_1321,0.7602648503035371,1163,1321,Connecticut,Northwestern,1774.5874488350346,1644.1558296981314,4,7
2023_1116_1163,0.6989885329135369,1163,1116,Connecticut,Arkansas,1774.5874488350346,1706.5269951056146,4,8
2023_1163_1228,0.7538844429608065,1163,1228,Connecticut,Illinois,1774.5874488350346,1679.4294486143315,4,9
2023_1129_1163,0.7240720708307251,1163,1129,Connecticut,Boise St,1774.5874488350346,1717.9423017771614,4,10
2023_1113_1163,0.8102137168686803,1163,1113,Connecticut,Arizona St,1774.5874488350346,1653.970278968981,4,11
2023_1163_1305,0.8497101215978534,1163,1305,Connecticut,Nevada,1774.5874488350346,1611.2680783755488,4,11
2023_1163_1433,0.6848155793086762,1163,1433,Connecticut,VCU,1774.5874488350346,1756.6343375804404,4,12
2023_1163_1233,0.7548981633183026,1163,1233,Connecticut,Iona,1774.5874488350346,1703.5978177653083,4,13
2023_1163_1213,0.8336747974319015,1163,1213,Connecticut,Grand Canyon,1774.5874488350346,1629.5739347665058,4,14
2023_1163_1421,0.8423985306359265,1163,1421,Connecticut,UNC Asheville,1774.5874488350346,1619.8023803848475,4,15
2023_1163_1224,0.9218899874142067,1163,1224,Connecticut,Howard,1774.5874488350346,1499.3971122037642,4,16
2023_1388_1395,0.6590509653054365,1388,1395,St Mary's CA,TCU,1776.7496178560762,1691.5692805081464,5,6
2023_1321_1388,0.7445349868808501,1388,1321,St Mary's CA,Northwestern,1776.7496178560762,1644.1558296981314,5,7
2023_1116_1388,0.6809254962672516,1388,1116,St Mary's CA,Arkansas,1776.7496178560762,1706.5269951056146,5,8
2023_1228_1388,0.7378802752375943,1388,1228,St Mary's CA,Illinois,1776.7496178560762,1679.4294486143315,5,9
2023_1129_1388,0.7068830415637812,1388,1129,St Mary's CA,Boise St,1776.7496178560762,1717.9423017771614,5,10
2023_1113_1388,0.8021578329369907,1388,1113,St Mary's CA,Arizona St,1776.7496178560762,1653.970278968981,5,11
2023_1305_1388,0.8430058917659994,1388,1305,St Mary's CA,Nevada,1776.7496178560762,1611.2680783755488,5,11
2023_1388_1433,0.687877741094456,1388,1433,St Mary's CA,VCU,1776.7496178560762,1756.6343375804404,5,12
2023_1233_1388,0.7575205281105679,1388,1233,St Mary's CA,Iona,1776.7496178560762,1703.5978177653083,5,13
2023_1213_1388,0.8356378335439824,1388,1213,St Mary's CA,Grand Canyon,1776.7496178560762,1629.5739347665058,5,14
2023_1388_1421,0.8442778378676671,1388,1421,St Mary's CA,UNC Asheville,1776.7496178560762,1619.8023803848475,5,15
2023_1224_1388,0.9229081504420458,1388,1224,St Mary's CA,Howard,1776.7496178560762,1499.3971122037642,5,16
2023_1321_1395,0.6012333016605462,1395,1321,TCU,Northwestern,1691.5692805081464,1644.1558296981314,6,7
2023_1116_1395,0.5247199309578409,1395,1116,TCU,Arkansas,1691.5692805081464,1706.5269951056146,6,8
2023_1228_1395,0.5928868361967766,1395,1228,TCU,Illinois,1691.5692805081464,1679.4294486143315,6,9
2023_1129_1395,0.5550819510855313,1395,1129,TCU,Boise St,1691.5692805081464,1717.9423017771614,6,10
2023_1113_1395,0.6771637628850012,1395,1113,TCU,Arizona St,1691.5692805081464,1653.970278968981,6,11
2023_1305_1395,0.7353031800085645,1395,1305,TCU,Nevada,1691.5692805081464,1611.2680783755488,6,11
2023_1395_1433,0.5409188722488364,1395,1433,TCU,VCU,1691.5692805081464,1756.6343375804404,6,12
2023_1233_1395,0.640779256304685,1395,1233,TCU,Iona,1691.5692805081464,1703.5978177653083,6,13
2023_1213_1395,0.7437854304963827,1395,1213,TCU,Grand Canyon,1691.5692805081464,1629.5739347665058,6,14
2023_1395_1421,0.7558430664955093,1395,1421,TCU,UNC Asheville,1691.5692805081464,1619.8023803848475,6,15
2023_1224_1395,0.8723776065408111,1395,1224,TCU,Howard,1691.5692805081464,1499.3971122037642,6,16
2023_1116_1321,0.42271299246443655,1321,1116,Northwestern,Arkansas,1644.1558296981314,1706.5269951056146,7,8
2023_1228_1321,0.4913273296965413,1321,1228,Northwestern,Illinois,1644.1558296981314,1679.4294486143315,7,9
2023_1129_1321,0.4527957824311425,1321,1129,Northwestern,Boise St,1644.1558296981314,1717.9423017771614,7,10
2023_1113_1321,0.5817986550715276,1321,1113,Northwestern,Arizona St,1644.1558296981314,1653.970278968981,7,11
2023_1305_1321,0.6481896998857052,1321,1305,Northwestern,Nevada,1644.1558296981314,1611.2680783755488,7,11
2023_1321_1433,0.43866935802655266,1321,1433,Northwestern,VCU,1644.1558296981314,1756.6343375804404,7,12
2023_1233_1321,0.5500902858828619,1321,1233,Northwestern,Iona,1644.1558296981314,1703.5978177653083,7,13
2023_1213_1321,0.6800089727407963,1321,1213,Northwestern,Grand Canyon,1644.1558296981314,1629.5739347665058,7,14
2023_1321_1421,0.6938325090842309,1321,1421,Northwestern,UNC Asheville,1644.1558296981314,1619.8023803848475,7,15
2023_1224_1321,0.8334422353852806,1321,1224,Northwestern,Howard,1644.1558296981314,1499.3971122037642,7,16
2023_1116_1228,0.5687987963640883,1116,1228,Arkansas,Illinois,1706.5269951056146,1679.4294486143315,8,9
2023_1116_1129,0.5305282921077175,1116,1129,Arkansas,Boise St,1706.5269951056146,1717.9423017771614,8,10
2023_1113_1116,0.6551619439576393,1116,1113,Arkansas,Arizona St,1706.5269951056146,1653.970278968981,8,11
2023_1116_1305,0.7155995418112674,1116,1305,Arkansas,Nevada,1706.5269951056146,1611.2680783755488,8,11
2023_1116_1433,0.5162647492273558,1116,1433,Arkansas,VCU,1706.5269951056146,1756.6343375804404,8,12
2023_1116_1233,0.6254348947852192,1116,1233,Arkansas,Iona,1706.5269951056146,1703.5978177653083,8,13
2023_1116_1213,0.7499514219965789,1116,1213,Arkansas,Grand Canyon,1706.5269951056146,1629.5739347665058,8,14
2023_1116_1421,0.7735430760119266,1116,1421,Arkansas,UNC Asheville,1706.5269951056146,1619.8023803848475,8,15
2023_1116_1224,0.8829379244260455,1116,1224,Arkansas,Howard,1706.5269951056146,1499.3971122037642,8,16
2023_1129_1228,0.46140525204156724,1228,1129,Illinois,Boise St,1679.4294486143315,1717.9423017771614,9,10
2023_1113_1228,0.5902153257596023,1228,1113,Illinois,Arizona St,1679.4294486143315,1653.970278968981,9,11
2023_1228_1305,0.6560600961910528,1228,1305,Illinois,Nevada,1679.4294486143315,1611.2680783755488,9,11
2023_1228_1433,0.447229754262868,1228,1433,Illinois,VCU,1679.4294486143315,1756.6343375804404,9,12
2023_1228_1233,0.5586610229130978,1228,1233,Illinois,Iona,1679.4294486143315,1703.5978177653083,9,13
2023_1213_1228,0.6945337101309353,1228,1213,Illinois,Grand Canyon,1679.4294486143315,1629.5739347665058,9,14
2023_1228_1421,0.7279742080169256,1228,1421,Illinois,UNC Asheville,1679.4294486143315,1619.8023803848475,9,15
2023_1224_1228,0.8632182315237901,1228,1224,Illinois,Howard,1679.4294486143315,1499.3971122037642,9,16
2023_1113_1129,0.6270407328356173,1129,1113,Boise St,Arizona St,1717.9423017771614,1653.970278968981,10,11
2023_1129_1305,0.690075469839954,1129,1305,Boise St,Nevada,1717.9423017771614,1611.2680783755488,10,11
2023_1129_1433,0.4857080713475801,1129,1433,Boise St,VCU,1717.9423017771614,1756.6343375804404,10,12
2023_1129_1233,0.596382924258701,1129,1233,Boise St,Iona,1717.9423017771614,1703.5978177653083,10,13
2023_1129_1213,0.7263312951808689,1129,1213,Boise St,Grand Canyon,1717.9423017771614,1629.5739347665058,10,14
2023_1129_1421,0.7575061733938702,1129,1421,Boise St,UNC Asheville,1717.9423017771614,1619.8023803848475,10,15
2023_1129_1224,0.8838968738848558,1129,1224,Boise St,Howard,1717.9423017771614,1499.3971122037642,10,16
2023_1113_1305,0.5697741764157297,1113,1305,Arizona St,Nevada,1653.970278968981,1611.2680783755488,11,11
2023_1113_1433,0.3596863841574717,1113,1433,Arizona St,VCU,1653.970278968981,1756.6343375804404,11,12
2023_1113_1233,0.4677632946771753,1113,1233,Arizona St,Iona,1653.970278968981,1703.5978177653083,11,13
2023_1113_1213,0.6121943959781168,1113,1213,Arizona St,Grand Canyon,1653.970278968981,1629.5739347665058,11,14
2023_1113_1421,0.650107812108168,1113,1421,Arizona St,UNC Asheville,1653.970278968981,1619.8023803848475,11,15
2023_1113_1224,0.8191085208073504,1113,1224,Arizona St,Howard,1653.970278968981,1499.3971122037642,11,16
2023_1305_1433,0.29782942342666263,1305,1433,Nevada,VCU,1611.2680783755488,1756.6343375804404,11,12
2023_1233_1305,0.3988987422771625,1305,1233,Nevada,Iona,1611.2680783755488,1703.5978177653083,11,13
2023_1213_1305,0.54379146550133,1305,1213,Nevada,Grand Canyon,1611.2680783755488,1629.5739347665058,11,14
2023_1305_1421,0.5838463444050964,1305,1421,Nevada,UNC Asheville,1611.2680783755488,1619.8023803848475,11,15
2023_1224_1305,0.7737116926338294,1305,1224,Nevada,Howard,1611.2680783755488,1499.3971122037642,11,16
2023_1233_1433,0.6100683770881465,1433,1233,VCU,Iona,1756.6343375804404,1703.5978177653083,12,13
2023_1213_1433,0.7375496067923878,1433,1213,VCU,Grand Canyon,1756.6343375804404,1629.5739347665058,12,14
2023_1421_1433,0.7678549980581363,1433,1421,VCU,UNC Asheville,1756.6343375804404,1619.8023803848475,12,15
2023_1224_1433,0.8896376178583951,1433,1224,VCU,Howard,1756.6343375804404,1499.3971122037642,12,16
2023_1213_1233,0.6423713985141265,1233,1213,Iona,Grand Canyon,1703.5978177653083,1629.5739347665058,13,14
2023_1233_1421,0.6788820890909325,1233,1421,Iona,UNC Asheville,1703.5978177653083,1619.8023803848475,13,15
2023_1224_1233,0.8374594353609234,1233,1224,Iona,Howard,1703.5978177653083,1499.3971122037642,13,16
2023_1213_1421,0.5406519345656905,1213,1421,Grand Canyon,UNC Asheville,1629.5739347665058,1619.8023803848475,14,15
2023_1213_1224,0.7414988774271518,1213,1224,Grand Canyon,Howard,1629.5739347665058,1499.3971122037642,14,16
2023_1224_1421,0.7090565053288959,1421,1224,UNC Asheville,Howard,1619.8023803848475,1499.3971122037642,15,16
