ID,Pred,Team1ID,Team2ID,Team1Name,Team2Name,Team1ELO,Team2ELO,Team1Seed,Team2Seed
2025_1104_1181,0.6003871327421871,1181,1104,Duke,Alabama,1908.0161845361995,1861.1390152368767,1,2
2025_1181_1458,0.7582443513085982,1181,1458,Duke,Wisconsin,1908.0161845361995,1764.264790866877,1,3
2025_1112_1181,0.7647370671027498,1181,1112,Duke,Arizona,1908.0161845361995,1773.8306625358987,1,4
2025_1181_1332,0.8023724008237466,1181,1332,Duke,Oregon,1908.0161845361995,1755.0312490560807,1,5
2025_1140_1181,0.7972099322575443,1181,1140,Duke,BYU,1908.0161845361995,1774.9320773459888,1,6
2025_1181_1388,0.7811448940303125,1181,1388,Duke,St Mary's CA,1908.0161845361995,1804.6149642797652,1,7
2025_1181_1280,0.903368704584353,1181,1280,Duke,Mississippi St,1908.0161845361995,1668.2546506793124,1,8
2025_1124_1181,0.889891957231701,1181,1124,Duke,Baylor,1908.0161845361995,1690.3848009592716,1,9
2025_1181_1435,0.9285837151990496,1181,1435,Duke,Vanderbilt,1908.0161845361995,1618.107851254631,1,10
2025_1181_1433,0.8311465174784268,1181,1433,Duke,VCU,1908.0161845361995,1765.7575359677496,1,11
2025_1181_1251,0.8899548497960208,1181,1251,Duke,Liberty,1908.0161845361995,1690.2872112447205,1,12
2025_1103_1181,0.8848118678179099,1181,1103,Duke,Akron,1908.0161845361995,1698.111063478586,1,13
2025_1181_1285,0.9244266391329243,1181,1285,Duke,Montana,1908.0161845361995,1627.389884073406,1,14
2025_1181_1352,0.94083553552351,1181,1352,Duke,Robert Morris,1908.0161845361995,1587.507713446858,1,15
2025_1110_1181,0.9653167631882897,1181,1110,Duke,American Univ,1908.0161845361995,1502.423605164438,1,16
2025_1181_1291,0.9567270459510409,1181,1291,Duke,Mt St Mary's,1908.0161845361995,1537.4161568127138,1,16
2025_1181_1222,0.43130349325171025,1181,1222,Duke,Houston,1908.0161845361995,1950.0503392666685,1,1
2025_1181_1397,0.5898914871364358,1181,1397,Duke,Tennessee,1908.0161845361995,1867.760513953852,1,2
2025_1181_1246,0.7627213302279924,1181,1246,Duke,Kentucky,1908.0161845361995,1760.5286669648633,1,3
2025_1181_1345,0.7444317056984542,1181,1345,Duke,Purdue,1908.0161845361995,1790.5049240062785,1,4
2025_1155_1181,0.7621609092118625,1181,1155,Duke,Clemson,1908.0161845361995,1790.9989825246012,1,5
2025_1181_1228,0.8328587254965766,1181,1228,Duke,Illinois,1908.0161845361995,1738.895513846784,1,6
2025_1181_1417,0.8787617895053391,1181,1417,Duke,UCLA,1908.0161845361995,1696.9351080410813,1,7
2025_1181_1211,0.7749355421181303,1181,1211,Duke,Gonzaga,1908.0161845361995,1820.080652363969,1,8
2025_1181_1208,0.9130060131983272,1181,1208,Duke,Georgia,1908.0161845361995,1650.6716433038202,1,9
2025_1181_1429,0.8407424287062942,1181,1429,Duke,Utah St,1908.0161845361995,1755.1191777265424,1,10
2025_1181_1400,0.9100204928704071,1181,1400,Duke,Texas,1908.0161845361995,1656.2985376911856,1,11
2025_1181_1462,0.8985291607190695,1181,1462,Duke,Xavier,1908.0161845361995,1676.4993612446326,1,11
2025_1181_1270,0.8948860994766049,1181,1270,Duke,McNeese St,1908.0161845361995,1682.4785209993051,1,12
2025_1181_1219,0.8933154927112676,1181,1219,Duke,High Point,1908.0161845361995,1684.9999559720443,1,13
2025_1181_1407,0.9291371097951678,1181,1407,Duke,Troy,1908.0161845361995,1616.834853879259,1,14
2025_1181_1459,0.9567472984085413,1181,1459,Duke,Wofford,1908.0161845361995,1537.341782572588,1,15
2025_1181_1188,0.9678030796290669,1181,1188,Duke,SIUE,1908.0161845361995,1490.7257513541058,1,16
2025_1120_1181,0.512666953725621,1181,1120,Duke,Auburn,1908.0161845361995,1900.3128728934946,1,1
2025_1181_1277,0.668598939647517,1181,1277,Duke,Michigan St,1908.0161845361995,1816.332058092468,1,2
2025_1181_1235,0.7394149994111718,1181,1235,Duke,Iowa St,1908.0161845361995,1779.4875897181623,1,3
2025_1181_1401,0.806721612956822,1181,1401,Duke,Texas A&M,1908.0161845361995,1735.8270446534461,1,4
2025_1181_1276,0.8277606490667399,1181,1276,Duke,Michigan,1908.0161845361995,1729.3958457974386,1,5
2025_1181_1279,0.8677586948730047,1181,1279,Duke,Mississippi,1908.0161845361995,1697.0550380157622,1,6
2025_1181_1266,0.8222012406197782,1181,1266,Duke,Marquette,1908.0161845361995,1765.2488940225403,1,7
2025_1181_1257,0.874020824087802,1181,1257,Duke,Louisville,1908.0161845361995,1713.5881285897335,1,8
2025_1166_1181,0.8350527662142899,1181,1166,Duke,Creighton,1908.0161845361995,1761.4870757227866,1,9
2025_1181_1307,0.8557866761136916,1181,1307,Duke,New Mexico,1908.0161845361995,1737.3401376920212,1,10
2025_1181_1314,0.8600116444160235,1181,1314,Duke,North Carolina,1908.0161845361995,1732.0718376880195,1,11
2025_1181_1361,0.8703211473218773,1181,1361,Duke,San Diego St,1908.0161845361995,1718.632552659536,1,11
2025_1181_1471,0.8600006579814976,1181,1471,Duke,UC San Diego,1908.0161845361995,1732.0857083956137,1,12
2025_1181_1463,0.8713477617167347,1181,1463,Duke,Yale,1908.0161845361995,1717.2452238126552,1,13
2025_1181_1252,0.9327812756802326,1181,1252,Duke,Lipscomb,1908.0161845361995,1608.2148408183402,1,14
2025_1136_1181,0.9378043119476186,1181,1136,Duke,Bryant,1908.0161845361995,1595.5930025243601,1,15
2025_1106_1181,0.9759171369112349,1181,1106,Duke,Alabama St,1908.0161845361995,1445.3194949173894,1,16
2025_1181_1384,0.9828836463694584,1181,1384,Duke,St Francis PA,1908.0161845361995,1392.3343840415646,1,16
2025_1181_1196,0.5338612946675155,1181,1196,Duke,Florida,1908.0161845361995,1887.3965401334451,1,1
2025_1181_1385,0.6276809407408204,1181,1385,Duke,St John's,1908.0161845361995,1843.627898958888,1,2
2025_1181_1403,0.7526285682708858,1181,1403,Duke,Texas Tech,1908.0161845361995,1768.8852797354511,1,3
2025_1181_1268,0.8159583708433945,1181,1268,Duke,Maryland,1908.0161845361995,1726.6530079386407,1,4
2025_1181_1272,0.7461840161518449,1181,1272,Duke,Memphis,1908.0161845361995,1804.101743662243,1,5
2025_1181_1281,0.9113316405493601,1181,1281,Duke,Missouri,1908.0161845361995,1628.84846306522,1,6
2025_1181_1242,0.8452048815111866,1181,1242,Duke,Kansas,1908.0161845361995,1739.9945270353192,1,7
2025_1163_1181,0.7783430909651218,1181,1163,Duke,Connecticut,1908.0161845361995,1817.094753861221,1,8
2025_1181_1328,0.9149888620741887,1181,1328,Duke,Oklahoma,1908.0161845361995,1646.8371922255365,1,9
2025_1116_1181,0.9121542667921325,1181,1116,Duke,Arkansas,1908.0161845361995,1652.2945168596477,1,10
2025_1179_1181,0.7880482094704545,1181,1179,Duke,Drake,1908.0161845361995,1808.4056906385888,1,11
2025_1161_1181,0.840023941733058,1181,1161,Duke,Colorado St,1908.0161845361995,1755.9333491972916,1,12
2025_1181_1213,0.8741944773368767,1181,1213,Duke,Grand Canyon,1908.0161845361995,1713.3482612768519,1,13
2025_1181_1423,0.8992336560299979,1181,1423,Duke,UNC Wilmington,1908.0161845361995,1675.3212165451996,1,14
2025_1181_1303,0.9554439696623812,1181,1303,Duke,NE Omaha,1908.0161845361995,1542.0616280843851,1,15
2025_1181_1313,0.9449206777057536,1181,1313,Duke,Norfolk St,1908.0161845361995,1575.9738168627744,1,16
2025_1104_1458,0.6761204986101044,1104,1458,Alabama,Wisconsin,1861.1390152368767,1764.264790866877,2,3
2025_1104_1112,0.6838993101383389,1104,1112,Alabama,Arizona,1861.1390152368767,1773.8306625358987,2,4
2025_1104_1332,0.7298989538085342,1104,1332,Alabama,Oregon,1861.1390152368767,1755.0312490560807,2,5
2025_1104_1140,0.7234957200388928,1104,1140,Alabama,BYU,1861.1390152368767,1774.9320773459888,2,6
2025_1104_1388,0.7037610190496094,1104,1388,Alabama,St Mary's CA,1861.1390152368767,1804.6149642797652,2,7
2025_1104_1280,0.8654185620132668,1104,1280,Alabama,Mississippi St,1861.1390152368767,1668.2546506793124,2,8
2025_1104_1124,0.8558501309812554,1104,1124,Alabama,Baylor,1861.1390152368767,1690.3848009592716,2,9
2025_1104_1435,0.9052301940210425,1104,1435,Alabama,Vanderbilt,1861.1390152368767,1618.107851254631,2,10
2025_1104_1433,0.7833639283836319,1104,1433,Alabama,VCU,1861.1390152368767,1765.7575359677496,2,11
2025_1104_1251,0.8559293199051143,1104,1251,Alabama,Liberty,1861.1390152368767,1690.2872112447205,2,12
2025_1103_1104,0.8494651268754105,1104,1103,Alabama,Akron,1861.1390152368767,1698.111063478586,2,13
2025_1104_1285,0.8998603290751598,1104,1285,Alabama,Montana,1861.1390152368767,1627.389884073406,2,14
2025_1104_1352,0.9211482182326163,1104,1352,Alabama,Robert Morris,1861.1390152368767,1587.507713446858,2,15
2025_1104_1110,0.9533719848872528,1104,1110,Alabama,American Univ,1861.1390152368767,1502.423605164438,2,16
2025_1104_1291,0.942001739735273,1104,1291,Alabama,Mt St Mary's,1861.1390152368767,1537.4161568127138,2,16
2025_1104_1222,0.33545532237589876,1104,1222,Alabama,Houston,1861.1390152368767,1950.0503392666685,2,1
2025_1104_1397,0.48911131879390063,1104,1397,Alabama,Tennessee,1861.1390152368767,1867.760513953852,2,2
2025_1104_1246,0.6814794367632645,1104,1246,Alabama,Kentucky,1861.1390152368767,1760.5286669648633,2,3
2025_1104_1345,0.6597214208564267,1104,1345,Alabama,Purdue,1861.1390152368767,1790.5049240062785,2,4
2025_1104_1155,0.6808074343873042,1104,1155,Alabama,Clemson,1861.1390152368767,1790.9989825246012,2,5
2025_1104_1228,0.7683372650869997,1104,1228,Alabama,Illinois,1861.1390152368767,1738.895513846784,2,6
2025_1104_1417,0.8283073249728592,1104,1417,Alabama,UCLA,1861.1390152368767,1696.9351080410813,2,7
2025_1104_1211,0.7031219010641506,1104,1211,Alabama,Gonzaga,1861.1390152368767,1820.080652363969,2,8
2025_1104_1208,0.8851883272919963,1104,1208,Alabama,Georgia,1861.1390152368767,1650.6716433038202,2,9
2025_1104_1429,0.7950055686980038,1104,1429,Alabama,Utah St,1861.1390152368767,1755.1191777265424,2,10
2025_1104_1400,0.8813721810547999,1104,1400,Alabama,Texas,1861.1390152368767,1656.2985376911856,2,11
2025_1104_1462,0.8667578506626791,1104,1462,Alabama,Xavier,1861.1390152368767,1676.4993612446326,2,11
2025_1104_1270,0.8621491184373851,1104,1270,Alabama,McNeese St,1861.1390152368767,1682.4785209993051,2,12
2025_1104_1219,0.8601657921836402,1104,1219,Alabama,High Point,1861.1390152368767,1684.9999559720443,2,13
2025_1104_1407,0.905946222447188,1104,1407,Alabama,Troy,1861.1390152368767,1616.834853879259,2,14
2025_1104_1459,0.9420284662873047,1104,1459,Alabama,Wofford,1861.1390152368767,1537.341782572588,2,15
2025_1104_1188,0.9566761493519315,1104,1188,Alabama,SIUE,1861.1390152368767,1490.7257513541058,2,16
2025_1104_1120,0.4118313603089598,1104,1120,Alabama,Auburn,1861.1390152368767,1900.3128728934946,2,1
2025_1104_1277,0.5731651345500874,1104,1277,Alabama,Michigan St,1861.1390152368767,1816.332058092468,2,2
2025_1104_1235,0.6538151543738829,1104,1235,Alabama,Iowa St,1861.1390152368767,1779.4875897181623,2,3
2025_1104_1401,0.7353169682475469,1104,1401,Alabama,Texas A&M,1861.1390152368767,1735.8270446534461,2,4
2025_1104_1276,0.7618339565123069,1104,1276,Alabama,Michigan,1861.1390152368767,1729.3958457974386,2,5
2025_1104_1279,0.8136959767043797,1104,1279,Alabama,Mississippi,1861.1390152368767,1697.0550380157622,2,6
2025_1104_1266,0.7547770139551621,1104,1266,Alabama,Marquette,1861.1390152368767,1765.2488940225403,2,7
2025_1104_1257,0.8267552302838863,1104,1257,Alabama,Louisville,1861.1390152368767,1713.5881285897335,2,8
2025_1104_1166,0.7880937483156967,1104,1166,Alabama,Creighton,1861.1390152368767,1761.4870757227866,2,9
2025_1104_1307,0.8134114754102937,1104,1307,Alabama,New Mexico,1861.1390152368767,1737.3401376920212,2,10
2025_1104_1314,0.8186147679372906,1104,1314,Alabama,North Carolina,1861.1390152368767,1732.0718376880195,2,11
2025_1104_1361,0.8313751966506717,1104,1361,Alabama,San Diego St,1861.1390152368767,1718.632552659536,2,11
2025_1104_1471,0.8186012179032026,1104,1471,Alabama,UC San Diego,1861.1390152368767,1732.0857083956137,2,12
2025_1104_1463,0.8326508452412573,1104,1463,Alabama,Yale,1861.1390152368767,1717.2452238126552,2,13
2025_1104_1252,0.9106683306470996,1104,1252,Alabama,Lipscomb,1861.1390152368767,1608.2148408183402,2,14
2025_1104_1136,0.9171971093713572,1104,1136,Alabama,Bryant,1861.1390152368767,1595.5930025243601,2,15
2025_1104_1106,0.9675001770470815,1104,1106,Alabama,Alabama St,1861.1390152368767,1445.3194949173894,2,16
2025_1104_1384,0.9768437091982474,1104,1384,Alabama,St Francis PA,1861.1390152368767,1392.3343840415646,2,16
2025_1104_1196,0.4325571445812161,1104,1196,Alabama,Florida,1861.1390152368767,1887.3965401334451,2,1
2025_1104_1385,0.5287687863863104,1104,1385,Alabama,St John's,1861.1390152368767,1843.627898958888,2,2
2025_1104_1403,0.6694287317551192,1104,1403,Alabama,Texas Tech,1861.1390152368767,1768.8852797354511,2,3
2025_1104_1268,0.746895519433975,1104,1268,Alabama,Maryland,1861.1390152368767,1726.6530079386407,2,4
2025_1104_1272,0.6617906728780667,1104,1272,Alabama,Memphis,1861.1390152368767,1804.101743662243,2,5
2025_1104_1281,0.872464291870454,1104,1281,Alabama,Missouri,1861.1390152368767,1628.84846306522,2,6
2025_1104_1242,0.7842145832595505,1104,1242,Alabama,Kansas,1861.1390152368767,1739.9945270353192,2,7
2025_1104_1163,0.7072059237780755,1104,1163,Alabama,Connecticut,1861.1390152368767,1817.094753861221,2,8
2025_1104_1328,0.8877272540409473,1104,1328,Alabama,Oklahoma,1861.1390152368767,1646.8371922255365,2,9
2025_1104_1116,0.8840987962081207,1104,1116,Alabama,Arkansas,1861.1390152368767,1652.2945168596477,2,10
2025_1104_1179,0.7320020961161832,1104,1179,Alabama,Drake,1861.1390152368767,1808.4056906385888,2,11
2025_1104_1161,0.794131266631513,1104,1161,Alabama,Colorado St,1861.1390152368767,1755.9333491972916,2,12
2025_1104_1213,0.8361928460027428,1104,1213,Alabama,Grand Canyon,1861.1390152368767,1713.3482612768519,2,13
2025_1104_1423,0.8676504379997416,1104,1423,Alabama,UNC Wilmington,1861.1390152368767,1675.3212165451996,2,14
2025_1104_1303,0.9403092875643987,1104,1303,Alabama,NE Omaha,1861.1390152368767,1542.0616280843851,2,15
2025_1104_1313,0.9264864999952243,1104,1313,Alabama,Norfolk St,1861.1390152368767,1575.9738168627744,2,16
2025_1112_1458,0.5089365788560758,1458,1112,Wisconsin,Arizona,1764.264790866877,1773.8306625358987,3,4
2025_1332_1458,0.5641716794500258,1458,1332,Wisconsin,Oregon,1764.264790866877,1755.0312490560807,3,5
2025_1140_1458,0.5562282937845032,1458,1140,Wisconsin,BYU,1764.264790866877,1774.9320773459888,3,6
2025_1388_1458,0.5322732095850063,1458,1388,Wisconsin,St Mary's CA,1764.264790866877,1804.6149642797652,3,7
2025_1280_1458,0.75492312734408,1458,1280,Wisconsin,Mississippi St,1764.264790866877,1668.2546506793124,3,8
2025_1124_1458,0.7461410883951743,1458,1124,Wisconsin,Baylor,1764.264790866877,1690.3848009592716,3,9
2025_1435_1458,0.8347152433214673,1458,1435,Wisconsin,Vanderbilt,1764.264790866877,1618.107851254631,3,10
2025_1433_1458,0.6565733719453856,1458,1433,Wisconsin,VCU,1764.264790866877,1765.7575359677496,3,11
2025_1251_1458,0.7585170180391707,1458,1251,Wisconsin,Liberty,1764.264790866877,1690.2872112447205,3,12
2025_1103_1458,0.7489639993191416,1458,1103,Wisconsin,Akron,1764.264790866877,1698.111063478586,3,13
2025_1285_1458,0.8261173351223444,1458,1285,Wisconsin,Montana,1764.264790866877,1627.389884073406,3,14
2025_1352_1458,0.8606541165221712,1458,1352,Wisconsin,Robert Morris,1764.264790866877,1587.507713446858,3,15
2025_1110_1458,0.9153271130016298,1458,1110,Wisconsin,American Univ,1764.264790866877,1502.423605164438,3,16
2025_1291_1458,0.8956946165888652,1458,1291,Wisconsin,Mt St Mary's,1764.264790866877,1537.4161568127138,3,16
2025_1222_1458,0.19472224356191112,1458,1222,Wisconsin,Houston,1764.264790866877,1950.0503392666685,3,1
2025_1397_1458,0.3144144248333309,1458,1397,Wisconsin,Tennessee,1764.264790866877,1867.760513953852,3,2
2025_1246_1458,0.5061445072308397,1458,1246,Wisconsin,Kentucky,1764.264790866877,1760.5286669648633,3,3
2025_1345_1458,0.4815217314873649,1458,1345,Wisconsin,Purdue,1764.264790866877,1790.5049240062785,3,4
2025_1155_1458,0.505371080249933,1458,1155,Wisconsin,Clemson,1764.264790866877,1790.9989825246012,3,5
2025_1228_1458,0.6137129165462127,1458,1228,Wisconsin,Illinois,1764.264790866877,1738.895513846784,3,6
2025_1417_1458,0.697976028753837,1458,1417,Wisconsin,UCLA,1764.264790866877,1696.9351080410813,3,7
2025_1211_1458,0.5315104068756865,1458,1211,Wisconsin,Gonzaga,1764.264790866877,1820.080652363969,3,8
2025_1208_1458,0.7923915112639928,1458,1208,Wisconsin,Georgia,1764.264790866877,1650.6716433038202,3,9
2025_1429_1458,0.6721771934353247,1458,1429,Wisconsin,Utah St,1764.264790866877,1755.1191777265424,3,10
2025_1400_1458,0.7970845571050706,1458,1400,Wisconsin,Texas,1764.264790866877,1656.2985376911856,3,11
2025_1458_1462,0.7747403040232408,1458,1462,Wisconsin,Xavier,1764.264790866877,1676.4993612446326,3,11
2025_1270_1458,0.7678014163049215,1458,1270,Wisconsin,McNeese St,1764.264790866877,1682.4785209993051,3,12
2025_1219_1458,0.7648309306785119,1458,1219,Wisconsin,High Point,1764.264790866877,1684.9999559720443,3,13
2025_1407_1458,0.8358674438420639,1458,1407,Wisconsin,Troy,1764.264790866877,1616.834853879259,3,14
2025_1458_1459,0.8957403204392109,1458,1459,Wisconsin,Wofford,1764.264790866877,1537.341782572588,3,15
2025_1188_1458,0.9211041197282721,1458,1188,Wisconsin,SIUE,1764.264790866877,1490.7257513541058,3,16
2025_1120_1458,0.2511666990493004,1458,1120,Wisconsin,Auburn,1764.264790866877,1900.3128728934946,3,1
2025_1277_1458,0.39144956440131706,1458,1277,Wisconsin,Michigan St,1764.264790866877,1816.332058092468,3,2
2025_1235_1458,0.4749839123362102,1458,1235,Wisconsin,Iowa St,1764.264790866877,1779.4875897181623,3,3
2025_1401_1458,0.5709599698402669,1458,1401,Wisconsin,Texas A&M,1764.264790866877,1735.8270446534461,3,4
2025_1276_1458,0.6050999030854828,1458,1276,Wisconsin,Michigan,1764.264790866877,1729.3958457974386,3,5
2025_1279_1458,0.6766036860297916,1458,1279,Wisconsin,Mississippi,1764.264790866877,1697.0550380157622,3,6
2025_1266_1458,0.5958624691194988,1458,1266,Wisconsin,Marquette,1764.264790866877,1765.2488940225403,3,7
2025_1257_1458,0.695678613180528,1458,1257,Wisconsin,Louisville,1764.264790866877,1713.5881285897335,3,8
2025_1166_1458,0.6480246024255619,1458,1166,Wisconsin,Creighton,1764.264790866877,1761.4870757227866,3,9
2025_1307_1458,0.6974140171404221,1458,1307,Wisconsin,New Mexico,1764.264790866877,1737.3401376920212,3,10
2025_1314_1458,0.7046776357217633,1458,1314,Wisconsin,North Carolina,1764.264790866877,1732.0718376880195,3,11
2025_1361_1458,0.722738724981579,1458,1361,Wisconsin,San Diego St,1764.264790866877,1718.632552659536,3,11
2025_1458_1471,0.7046586450119616,1458,1471,Wisconsin,UC San Diego,1764.264790866877,1732.0857083956137,3,12
2025_1458_1463,0.7245639339701513,1458,1463,Wisconsin,Yale,1764.264790866877,1717.2452238126552,3,13
2025_1252_1458,0.8435001643841252,1458,1252,Wisconsin,Lipscomb,1764.264790866877,1608.2148408183402,3,14
2025_1136_1458,0.8541517122661492,1458,1136,Wisconsin,Bryant,1764.264790866877,1595.5930025243601,3,15
2025_1106_1458,0.9402604937009281,1458,1106,Wisconsin,Alabama St,1764.264790866877,1445.3194949173894,3,16
2025_1384_1458,0.9570879504494416,1458,1384,Wisconsin,St Francis PA,1764.264790866877,1392.3343840415646,3,16
2025_1196_1458,0.2674840101563589,1458,1196,Wisconsin,Florida,1764.264790866877,1887.3965401334451,3,1
2025_1385_1458,0.34960011956089454,1458,1385,Wisconsin,St John's,1764.264790866877,1843.627898958888,3,2
2025_1403_1458,0.49240125024280573,1458,1403,Wisconsin,Texas Tech,1764.264790866877,1768.8852797354511,3,3
2025_1268_1458,0.5856771414460109,1458,1268,Wisconsin,Maryland,1764.264790866877,1726.6530079386407,3,4
2025_1272_1458,0.48382677214188075,1458,1272,Wisconsin,Memphis,1764.264790866877,1804.101743662243,3,5
2025_1281_1458,0.7661907526891156,1458,1281,Wisconsin,Missouri,1764.264790866877,1628.84846306522,3,6
2025_1242_1458,0.6351554588795225,1458,1242,Wisconsin,Kansas,1764.264790866877,1739.9945270353192,3,7
2025_1163_1458,0.5363986377867592,1458,1163,Wisconsin,Connecticut,1764.264790866877,1817.094753861221,3,8
2025_1328_1458,0.7965107915631874,1458,1328,Wisconsin,Oklahoma,1764.264790866877,1646.8371922255365,3,9
2025_1116_1458,0.8013117602202854,1458,1116,Wisconsin,Arkansas,1764.264790866877,1652.2945168596477,3,10
2025_1179_1458,0.5908515279078752,1458,1179,Wisconsin,Drake,1764.264790866877,1808.4056906385888,3,11
2025_1161_1458,0.6709958229226507,1458,1161,Wisconsin,Colorado St,1764.264790866877,1755.9333491972916,3,12
2025_1213_1458,0.7296508501204851,1458,1213,Wisconsin,Grand Canyon,1764.264790866877,1713.3482612768519,3,13
2025_1423_1458,0.7760900744982268,1458,1423,Wisconsin,UNC Wilmington,1764.264790866877,1675.3212165451996,3,14
2025_1303_1458,0.892804642985596,1458,1303,Wisconsin,NE Omaha,1764.264790866877,1542.0616280843851,3,15
2025_1313_1458,0.8695076871320447,1458,1313,Wisconsin,Norfolk St,1764.264790866877,1575.9738168627744,3,16
2025_1112_1332,0.5553620957660452,1112,1332,Arizona,Oregon,1773.8306625358987,1755.0312490560807,4,5
2025_1112_1140,0.5473869605547617,1112,1140,Arizona,BYU,1773.8306625358987,1774.9320773459888,4,6
2025_1112_1388,0.5233635840886874,1112,1388,Arizona,St Mary's CA,1773.8306625358987,1804.6149642797652,4,7
2025_1112_1280,0.7482487305655429,1112,1280,Arizona,Mississippi St,1773.8306625358987,1668.2546506793124,4,8
2025_1112_1124,0.7393101123443737,1112,1124,Arizona,Baylor,1773.8306625358987,1690.3848009592716,4,9
2025_1112_1435,0.8343208296204183,1112,1435,Arizona,Vanderbilt,1773.8306625358987,1618.107851254631,4,10
2025_1112_1433,0.6706205521121477,1112,1433,Arizona,VCU,1773.8306625358987,1765.7575359677496,4,11
2025_1112_1251,0.76985600775474,1112,1251,Arizona,Liberty,1773.8306625358987,1690.2872112447205,4,12
2025_1103_1112,0.7606099878879926,1112,1103,Arizona,Akron,1773.8306625358987,1698.111063478586,4,13
2025_1112_1285,0.834972708882787,1112,1285,Arizona,Montana,1773.8306625358987,1627.389884073406,4,14
2025_1112_1352,0.8680315959139137,1112,1352,Arizona,Robert Morris,1773.8306625358987,1587.507713446858,4,15
2025_1110_1112,0.920078798840066,1112,1110,Arizona,American Univ,1773.8306625358987,1502.423605164438,4,16
2025_1112_1291,0.9014293966773544,1112,1291,Arizona,Mt St Mary's,1773.8306625358987,1537.4161568127138,4,16
2025_1112_1222,0.18917753197520443,1112,1222,Arizona,Houston,1773.8306625358987,1950.0503392666685,4,1
2025_1112_1397,0.30675980155194643,1112,1397,Arizona,Tennessee,1773.8306625358987,1867.760513953852,4,2
2025_1112_1246,0.49720731497966947,1112,1246,Arizona,Kentucky,1773.8306625358987,1760.5286669648633,4,3
2025_1112_1345,0.472603249007626,1112,1345,Arizona,Purdue,1773.8306625358987,1790.5049240062785,4,4
2025_1112_1155,0.4964338166997557,1112,1155,Arizona,Clemson,1773.8306625358987,1790.9989825246012,4,5
2025_1112_1228,0.6052039726690506,1112,1228,Arizona,Illinois,1773.8306625358987,1738.895513846784,4,6
2025_1112_1417,0.6903868008321736,1112,1417,Arizona,UCLA,1773.8306625358987,1696.9351080410813,4,7
2025_1112_1211,0.52259928342179,1112,1211,Arizona,Gonzaga,1773.8306625358987,1820.080652363969,4,8
2025_1112_1208,0.7864488728790379,1112,1208,Arizona,Georgia,1773.8306625358987,1650.6716433038202,4,9
2025_1112_1429,0.6715475393433968,1112,1429,Arizona,Utah St,1773.8306625358987,1755.1191777265424,4,10
2025_1112_1400,0.8070731969174052,1112,1400,Arizona,Texas,1773.8306625358987,1656.2985376911856,4,11
2025_1112_1462,0.7855329070868929,1112,1462,Arizona,Xavier,1773.8306625358987,1676.4993612446326,4,11
2025_1112_1270,0.7788315668526966,1112,1270,Arizona,McNeese St,1773.8306625358987,1682.4785209993051,4,12
2025_1112_1219,0.7759610143857728,1112,1219,Arizona,High Point,1773.8306625358987,1684.9999559720443,4,13
2025_1112_1407,0.8443198441631878,1112,1407,Arizona,Troy,1773.8306625358987,1616.834853879259,4,14
2025_1112_1459,0.9014728641124562,1112,1459,Arizona,Wofford,1773.8306625358987,1537.341782572588,4,15
2025_1112_1188,0.9255579768640178,1112,1188,Arizona,SIUE,1773.8306625358987,1490.7257513541058,4,16
2025_1112_1120,0.2445027360772776,1112,1120,Arizona,Auburn,1773.8306625358987,1900.3128728934946,4,1
2025_1112_1277,0.38296710572309556,1112,1277,Arizona,Michigan St,1773.8306625358987,1816.332058092468,4,2
2025_1112_1235,0.46607766794754635,1112,1235,Arizona,Iowa St,1773.8306625358987,1779.4875897181623,4,3
2025_1112_1401,0.5621811169605627,1112,1401,Arizona,Texas A&M,1773.8306625358987,1735.8270446534461,4,4
2025_1112_1276,0.5965259659404109,1112,1276,Arizona,Michigan,1773.8306625358987,1729.3958457974386,4,5
2025_1112_1279,0.6687323025684235,1112,1279,Arizona,Mississippi,1773.8306625358987,1697.0550380157622,4,6
2025_1112_1266,0.5872247860596597,1112,1266,Arizona,Marquette,1773.8306625358987,1765.2488940225403,4,7
2025_1112_1257,0.6880574566340747,1112,1257,Arizona,Louisville,1773.8306625358987,1713.5881285897335,4,8
2025_1112_1166,0.6398278997073749,1112,1166,Arizona,Creighton,1773.8306625358987,1761.4870757227866,4,9
2025_1112_1307,0.696810971905766,1112,1307,Arizona,New Mexico,1773.8306625358987,1737.3401376920212,4,10
2025_1112_1314,0.717603488524633,1112,1314,Arizona,North Carolina,1773.8306625358987,1732.0718376880195,4,11
2025_1112_1361,0.7351711544072574,1112,1361,Arizona,San Diego St,1773.8306625358987,1718.632552659536,4,11
2025_1112_1471,0.7175849958915338,1112,1471,Arizona,UC San Diego,1773.8306625358987,1732.0857083956137,4,12
2025_1112_1463,0.7369443091048608,1112,1463,Arizona,Yale,1773.8306625358987,1717.2452238126552,4,13
2025_1112_1252,0.8516292705127713,1112,1252,Arizona,Lipscomb,1773.8306625358987,1608.2148408183402,4,14
2025_1112_1136,0.8618181800349481,1112,1136,Arizona,Bryant,1773.8306625358987,1595.5930025243601,4,15
2025_1106_1112,0.943699028827935,1112,1106,Arizona,Alabama St,1773.8306625358987,1445.3194949173894,4,16
2025_1112_1384,0.9595995339076023,1112,1384,Arizona,St Francis PA,1773.8306625358987,1392.3343840415646,4,16
2025_1112_1196,0.2605377433772472,1112,1196,Arizona,Florida,1773.8306625358987,1887.3965401334451,4,1
2025_1112_1385,0.3415155911711202,1112,1385,Arizona,St John's,1773.8306625358987,1843.627898958888,4,2
2025_1112_1403,0.483469161613821,1112,1403,Arizona,Texas Tech,1773.8306625358987,1768.8852797354511,4,3
2025_1112_1268,0.5769763134900863,1112,1268,Arizona,Maryland,1773.8306625358987,1726.6530079386407,4,4
2025_1112_1272,0.4749047017135294,1112,1272,Arizona,Memphis,1773.8306625358987,1804.101743662243,4,5
2025_1112_1281,0.7597255503903236,1112,1281,Arizona,Missouri,1773.8306625358987,1628.84846306522,4,6
2025_1112_1242,0.6268316429658624,1112,1242,Arizona,Kansas,1773.8306625358987,1739.9945270353192,4,7
2025_1112_1163,0.5274978368388091,1112,1163,Arizona,Connecticut,1773.8306625358987,1817.094753861221,4,8
2025_1112_1328,0.7906549130424171,1112,1328,Arizona,Oklahoma,1773.8306625358987,1646.8371922255365,4,9
2025_1112_1116,0.8008566537035275,1112,1116,Arizona,Arkansas,1773.8306625358987,1652.2945168596477,4,10
2025_1112_1179,0.6059736593364221,1112,1179,Arizona,Drake,1773.8306625358987,1808.4056906385888,4,11
2025_1112_1161,0.6847363413174301,1112,1161,Arizona,Colorado St,1773.8306625358987,1755.9333491972916,4,12
2025_1112_1213,0.7418840299136987,1112,1213,Arizona,Grand Canyon,1773.8306625358987,1713.3482612768519,4,13
2025_1112_1423,0.7868358010696627,1112,1423,Arizona,UNC Wilmington,1773.8306625358987,1675.3212165451996,4,14
2025_1112_1303,0.8986803420576976,1112,1303,Arizona,NE Omaha,1773.8306625358987,1542.0616280843851,4,15
2025_1112_1313,0.8764836972090044,1112,1313,Arizona,Norfolk St,1773.8306625358987,1575.9738168627744,4,16
2025_1140_1332,0.49194028805924966,1332,1140,Oregon,BYU,1755.0312490560807,1774.9320773459888,5,6
2025_1332_1388,0.4678350725228475,1332,1388,Oregon,St Mary's CA,1755.0312490560807,1804.6149642797652,5,7
2025_1280_1332,0.7041072858797077,1332,1280,Oregon,Mississippi St,1755.0312490560807,1668.2546506793124,5,8
2025_1124_1332,0.6942418308249168,1332,1124,Oregon,Baylor,1755.0312490560807,1690.3848009592716,5,9
2025_1332_1435,0.8012626565303197,1332,1435,Oregon,Vanderbilt,1755.0312490560807,1618.107851254631,5,10
2025_1332_1433,0.6275047739754375,1332,1433,Oregon,VCU,1755.0312490560807,1765.7575359677496,5,11
2025_1251_1332,0.7472162913312836,1332,1251,Oregon,Liberty,1755.0312490560807,1690.2872112447205,5,12
2025_1103_1332,0.7373710062974239,1332,1103,Oregon,Akron,1755.0312490560807,1698.111063478586,5,13
2025_1285_1332,0.8172177940476134,1332,1285,Oregon,Montana,1755.0312490560807,1627.389884073406,5,14
2025_1332_1352,0.8532081233247457,1332,1352,Oregon,Robert Morris,1755.0312490560807,1587.507713446858,5,15
2025_1110_1332,0.9104987796579393,1332,1110,Oregon,American Univ,1755.0312490560807,1502.423605164438,5,16
2025_1291_1332,0.8898814550687407,1332,1291,Oregon,Mt St Mary's,1755.0312490560807,1537.4161568127138,5,16
2025_1222_1332,0.15739717669401276,1332,1222,Oregon,Houston,1755.0312490560807,1950.0503392666685,5,1
2025_1332_1397,0.2615995133224179,1332,1397,Oregon,Tennessee,1755.0312490560807,1867.760513953852,5,2
2025_1246_1332,0.44188116197105515,1332,1246,Oregon,Kentucky,1755.0312490560807,1760.5286669648633,5,3
2025_1332_1345,0.4177402205438577,1332,1345,Oregon,Purdue,1755.0312490560807,1790.5049240062785,5,4
2025_1155_1332,0.44111822137727863,1332,1155,Oregon,Clemson,1755.0312490560807,1790.9989825246012,5,5
2025_1228_1332,0.5510307530972018,1332,1228,Oregon,Illinois,1755.0312490560807,1738.895513846784,5,6
2025_1332_1417,0.6409680372257717,1332,1417,Oregon,UCLA,1755.0312490560807,1696.9351080410813,5,7
2025_1211_1332,0.467072399014545,1332,1211,Oregon,Gonzaga,1755.0312490560807,1820.080652363969,5,8
2025_1208_1332,0.7467382845634979,1332,1208,Oregon,Georgia,1755.0312490560807,1650.6716433038202,5,9
2025_1332_1429,0.6207734989976692,1332,1429,Oregon,Utah St,1755.0312490560807,1755.1191777265424,5,10
2025_1332_1400,0.7758489175896084,1332,1400,Oregon,Texas,1755.0312490560807,1656.2985376911856,5,11
2025_1332_1462,0.7518941405734264,1332,1462,Oregon,Xavier,1755.0312490560807,1676.4993612446326,5,11
2025_1270_1332,0.7567958643949048,1332,1270,Oregon,McNeese St,1755.0312490560807,1682.4785209993051,5,12
2025_1219_1332,0.7537297450441853,1332,1219,Oregon,High Point,1755.0312490560807,1684.9999559720443,5,13
2025_1332_1407,0.8273626429457998,1332,1407,Oregon,Troy,1755.0312490560807,1616.834853879259,5,14
2025_1332_1459,0.8899293930737716,1332,1459,Oregon,Wofford,1755.0312490560807,1537.341782572588,5,15
2025_1188_1332,0.9165751863522672,1332,1188,Oregon,SIUE,1755.0312490560807,1490.7257513541058,5,16
2025_1120_1332,0.20578704901800712,1332,1120,Oregon,Auburn,1755.0312490560807,1900.3128728934946,5,1
2025_1277_1332,0.3319600583097536,1332,1277,Oregon,Michigan St,1755.0312490560807,1816.332058092468,5,2
2025_1235_1332,0.4113812800452887,1332,1235,Oregon,Iowa St,1755.0312490560807,1779.4875897181623,5,3
2025_1332_1401,0.5069142294972584,1332,1401,Oregon,Texas A&M,1755.0312490560807,1735.8270446534461,5,4
2025_1276_1332,0.5420629883852064,1332,1276,Oregon,Michigan,1755.0312490560807,1729.3958457974386,5,5
2025_1279_1332,0.6177707699871349,1332,1279,Oregon,Mississippi,1755.0312490560807,1697.0550380157622,5,6
2025_1266_1332,0.5324902653661635,1332,1266,Oregon,Marquette,1755.0312490560807,1765.2488940225403,5,7
2025_1257_1332,0.6384615967934636,1332,1257,Oregon,Louisville,1755.0312490560807,1713.5881285897335,5,8
2025_1166_1332,0.5871648335772637,1332,1166,Oregon,Creighton,1755.0312490560807,1761.4870757227866,5,9
2025_1307_1332,0.6478946378741913,1332,1307,Oregon,New Mexico,1755.0312490560807,1737.3401376920212,5,10
2025_1314_1332,0.6776818915964443,1332,1314,Oregon,North Carolina,1755.0312490560807,1732.0718376880195,5,11
2025_1332_1361,0.6966833265631563,1332,1361,Oregon,San Diego St,1755.0312490560807,1718.632552659536,5,11
2025_1332_1471,0.6918613887313253,1332,1471,Oregon,UC San Diego,1755.0312490560807,1732.0857083956137,5,12
2025_1332_1463,0.7122770079728868,1332,1463,Oregon,Yale,1755.0312490560807,1717.2452238126552,5,13
2025_1252_1332,0.83531294164595,1332,1252,Oregon,Lipscomb,1755.0312490560807,1608.2148408183402,5,14
2025_1136_1332,0.8464202632442684,1332,1136,Oregon,Bryant,1755.0312490560807,1595.5930025243601,5,15
2025_1106_1332,0.9367557078474276,1332,1106,Oregon,Alabama St,1755.0312490560807,1445.3194949173894,5,16
2025_1332_1384,0.9545226454715037,1332,1384,Oregon,St Francis PA,1755.0312490560807,1392.3343840415646,5,16
2025_1196_1332,0.2200224456223753,1332,1196,Oregon,Florida,1755.0312490560807,1887.3965401334451,5,1
2025_1332_1385,0.29340420539340917,1332,1385,Oregon,St John's,1755.0312490560807,1843.627898958888,5,2
2025_1332_1403,0.42836928636609983,1332,1403,Oregon,Texas Tech,1755.0312490560807,1768.8852797354511,5,3
2025_1268_1332,0.5219890492173782,1332,1268,Oregon,Maryland,1755.0312490560807,1726.6530079386407,5,4
2025_1272_1332,0.41998726179591833,1332,1272,Oregon,Memphis,1755.0312490560807,1804.101743662243,5,5
2025_1281_1332,0.7168348873250049,1332,1281,Oregon,Missouri,1755.0312490560807,1628.84846306522,5,6
2025_1242_1332,0.5735348970163574,1332,1242,Oregon,Kansas,1755.0312490560807,1739.9945270353192,5,7
2025_1163_1332,0.47196502626322706,1332,1163,Oregon,Connecticut,1755.0312490560807,1817.094753861221,5,8
2025_1328_1332,0.7514792974788557,1332,1328,Oregon,Oklahoma,1755.0312490560807,1646.8371922255365,5,9
2025_1116_1332,0.7630179216832876,1332,1116,Oregon,Arkansas,1755.0312490560807,1652.2945168596477,5,10
2025_1179_1332,0.5599484277964912,1332,1179,Oregon,Drake,1755.0312490560807,1808.4056906385888,5,11
2025_1161_1332,0.6574490141495438,1332,1161,Oregon,Colorado St,1755.0312490560807,1755.9333491972916,5,12
2025_1213_1332,0.7175023724517754,1332,1213,Oregon,Grand Canyon,1755.0312490560807,1713.3482612768519,5,13
2025_1332_1423,0.7653573224297988,1332,1423,Oregon,UNC Wilmington,1755.0312490560807,1675.3212165451996,5,14
2025_1303_1332,0.886850763641651,1332,1303,Oregon,NE Omaha,1755.0312490560807,1542.0616280843851,5,15
2025_1313_1332,0.8624591825052631,1332,1313,Oregon,Norfolk St,1755.0312490560807,1575.9738168627744,5,16
2025_1140_1388,0.47586976236755063,1140,1388,BYU,St Mary's CA,1774.9320773459888,1804.6149642797652,6,7
2025_1140_1280,0.7107800265221115,1140,1280,BYU,Mississippi St,1774.9320773459888,1668.2546506793124,6,8
2025_1124_1140,0.7010425873823751,1140,1124,BYU,Baylor,1774.9320773459888,1690.3848009592716,6,9
2025_1140_1435,0.8063470156877744,1140,1435,BYU,Vanderbilt,1774.9320773459888,1618.107851254631,6,10
2025_1140_1433,0.6350095148597101,1140,1433,BYU,VCU,1774.9320773459888,1765.7575359677496,6,11
2025_1140_1251,0.7593202084968079,1140,1251,BYU,Liberty,1774.9320773459888,1690.2872112447205,6,12
2025_1103_1140,0.7619268653663395,1140,1103,BYU,Akron,1774.9320773459888,1698.111063478586,6,13
2025_1140_1285,0.8359687376092901,1140,1285,BYU,Montana,1774.9320773459888,1627.389884073406,6,14
2025_1140_1352,0.8688594342659534,1140,1352,BYU,Robert Morris,1774.9320773459888,1587.507713446858,6,15
2025_1110_1140,0.9206100057917211,1140,1110,BYU,American Univ,1774.9320773459888,1502.423605164438,6,16
2025_1140_1291,0.9020713661384402,1140,1291,BYU,Mt St Mary's,1774.9320773459888,1537.4161568127138,6,16
2025_1140_1222,0.16172055144269737,1140,1222,BYU,Houston,1774.9320773459888,1950.0503392666685,6,1
2025_1140_1397,0.26787517022866303,1140,1397,BYU,Tennessee,1774.9320773459888,1867.760513953852,6,2
2025_1140_1246,0.4498469028374759,1140,1246,BYU,Kentucky,1774.9320773459888,1760.5286669648633,6,3
2025_1140_1345,0.4256026336071164,1140,1345,BYU,Purdue,1774.9320773459888,1790.5049240062785,6,4
2025_1140_1155,0.4490812752857865,1140,1155,BYU,Clemson,1774.9320773459888,1790.9989825246012,6,5
2025_1140_1228,0.5589934106903649,1140,1228,BYU,Illinois,1774.9320773459888,1738.895513846784,6,6
2025_1140_1417,0.6483535347064939,1140,1417,BYU,UCLA,1774.9320773459888,1696.9351080410813,6,7
2025_1140_1211,0.475105684446515,1140,1211,BYU,Gonzaga,1774.9320773459888,1820.080652363969,6,8
2025_1140_1208,0.7527871861718692,1140,1208,BYU,Georgia,1774.9320773459888,1650.6716433038202,6,9
2025_1140_1429,0.6283335316985728,1140,1429,BYU,Utah St,1774.9320773459888,1755.1191777265424,6,10
2025_1140_1400,0.7814060709168873,1140,1400,BYU,Texas,1774.9320773459888,1656.2985376911856,6,11
2025_1140_1462,0.7578598303730509,1140,1462,BYU,Xavier,1774.9320773459888,1676.4993612446326,6,11
2025_1140_1270,0.7685831475591969,1140,1270,BYU,McNeese St,1774.9320773459888,1682.4785209993051,6,12
2025_1140_1219,0.7772181803223246,1140,1219,BYU,High Point,1774.9320773459888,1684.9999559720443,6,13
2025_1140_1407,0.8452699122377755,1140,1407,BYU,Troy,1774.9320773459888,1616.834853879259,6,14
2025_1140_1459,0.902114581220292,1140,1459,BYU,Wofford,1774.9320773459888,1537.341782572588,6,15
2025_1140_1188,0.9260556925520292,1140,1188,BYU,SIUE,1774.9320773459888,1490.7257513541058,6,16
2025_1120_1140,0.2111065818881086,1140,1120,BYU,Auburn,1774.9320773459888,1900.3128728934946,6,1
2025_1140_1277,0.3391483703643886,1140,1277,BYU,Michigan St,1774.9320773459888,1816.332058092468,6,2
2025_1140_1235,0.41921017825890977,1140,1235,BYU,Iowa St,1774.9320773459888,1779.4875897181623,6,3
2025_1140_1401,0.5149706043886078,1140,1401,BYU,Texas A&M,1774.9320773459888,1735.8270446534461,6,4
2025_1140_1276,0.5500548228687819,1140,1276,BYU,Michigan,1774.9320773459888,1729.3958457974386,6,5
2025_1140_1279,0.625354536584965,1140,1279,BYU,Mississippi,1774.9320773459888,1697.0550380157622,6,6
2025_1140_1266,0.5405075477279396,1140,1266,BYU,Marquette,1774.9320773459888,1765.2488940225403,6,7
2025_1140_1257,0.6458701673052472,1140,1257,BYU,Louisville,1774.9320773459888,1713.5881285897335,6,8
2025_1140_1166,0.5949577054586439,1140,1166,BYU,Creighton,1774.9320773459888,1761.4870757227866,6,9
2025_1140_1307,0.6552142953937516,1140,1307,BYU,New Mexico,1774.9320773459888,1737.3401376920212,6,10
2025_1140_1314,0.6846836874586175,1140,1314,BYU,North Carolina,1774.9320773459888,1732.0718376880195,6,11
2025_1140_1361,0.7034529749644158,1140,1361,BYU,San Diego St,1774.9320773459888,1718.632552659536,6,11
2025_1140_1471,0.7055714380241875,1140,1471,BYU,UC San Diego,1774.9320773459888,1732.0857083956137,6,12
2025_1140_1463,0.7383465868121024,1140,1463,BYU,Yale,1774.9320773459888,1717.2452238126552,6,13
2025_1140_1252,0.8525425218943774,1140,1252,BYU,Lipscomb,1774.9320773459888,1608.2148408183402,6,14
2025_1136_1140,0.8626788291077391,1140,1136,BYU,Bryant,1774.9320773459888,1595.5930025243601,6,15
2025_1106_1140,0.9440827820369059,1140,1106,BYU,Alabama St,1774.9320773459888,1445.3194949173894,6,16
2025_1140_1384,0.9598795152913787,1140,1384,BYU,St Francis PA,1774.9320773459888,1392.3343840415646,6,16
2025_1140_1196,0.22560542998528393,1140,1196,BYU,Florida,1774.9320773459888,1887.3965401334451,6,1
2025_1140_1385,0.30013271922449913,1140,1385,BYU,St John's,1774.9320773459888,1843.627898958888,6,2
2025_1140_1403,0.4362818545241477,1140,1403,BYU,Texas Tech,1774.9320773459888,1768.8852797354511,6,3
2025_1140_1268,0.5300274746330118,1140,1268,BYU,Maryland,1774.9320773459888,1726.6530079386407,6,4
2025_1140_1272,0.4278608895677406,1140,1272,BYU,Memphis,1774.9320773459888,1804.101743662243,6,5
2025_1140_1281,0.7233333856871556,1140,1281,BYU,Missouri,1774.9320773459888,1628.84846306522,6,6
2025_1140_1242,0.5814016317083444,1140,1242,BYU,Kansas,1774.9320773459888,1739.9945270353192,6,7
2025_1140_1163,0.4800066679255435,1140,1163,BYU,Connecticut,1774.9320773459888,1817.094753861221,6,8
2025_1140_1328,0.7574517444293103,1140,1328,BYU,Oklahoma,1774.9320773459888,1646.8371922255365,6,9
2025_1116_1140,0.7687983860046809,1140,1116,BYU,Arkansas,1774.9320773459888,1652.2945168596477,6,10
2025_1140_1179,0.5678769561001381,1140,1179,BYU,Drake,1774.9320773459888,1808.4056906385888,6,11
2025_1140_1161,0.6719642225509302,1140,1161,BYU,Colorado St,1774.9320773459888,1755.9333491972916,6,12
2025_1140_1213,0.743269148762589,1140,1213,BYU,Grand Canyon,1774.9320773459888,1713.3482612768519,6,13
2025_1140_1423,0.7880486126409039,1140,1423,BYU,UNC Wilmington,1774.9320773459888,1675.3212165451996,6,14
2025_1140_1303,0.8993382162050161,1140,1303,BYU,NE Omaha,1774.9320773459888,1542.0616280843851,6,15
2025_1140_1313,0.8772660121847129,1140,1313,BYU,Norfolk St,1774.9320773459888,1575.9738168627744,6,16
2025_1280_1388,0.7302263801627638,1388,1280,St Mary's CA,Mississippi St,1804.6149642797652,1668.2546506793124,7,8
2025_1124_1388,0.7208865607036591,1388,1124,St Mary's CA,Baylor,1804.6149642797652,1690.3848009592716,7,9
2025_1388_1435,0.8209860473333851,1388,1435,St Mary's CA,Vanderbilt,1804.6149642797652,1618.107851254631,7,10
2025_1388_1433,0.6570926395506625,1388,1433,St Mary's CA,VCU,1804.6149642797652,1765.7575359677496,7,11
2025_1251_1388,0.7765289721327717,1388,1251,St Mary's CA,Liberty,1804.6149642797652,1690.2872112447205,7,12
2025_1103_1388,0.7846144414394668,1388,1103,St Mary's CA,Akron,1804.6149642797652,1698.111063478586,7,13
2025_1285_1388,0.8610229552816946,1388,1285,St Mary's CA,Montana,1804.6149642797652,1627.389884073406,7,14
2025_1352_1388,0.8895536361234262,1388,1352,St Mary's CA,Robert Morris,1804.6149642797652,1587.507713446858,7,15
2025_1110_1388,0.933760459559749,1388,1110,St Mary's CA,American Univ,1804.6149642797652,1502.423605164438,7,16
2025_1291_1388,0.9180191718450239,1388,1291,St Mary's CA,Mt St Mary's,1804.6149642797652,1537.4161568127138,7,16
2025_1222_1388,0.17524727018341807,1388,1222,St Mary's CA,Houston,1804.6149642797652,1950.0503392666685,7,1
2025_1388_1397,0.28723850590223465,1388,1397,St Mary's CA,Tennessee,1804.6149642797652,1867.760513953852,7,2
2025_1246_1388,0.4738505555959125,1388,1246,St Mary's CA,Kentucky,1804.6149642797652,1760.5286669648633,7,3
2025_1345_1388,0.44936929699545114,1388,1345,St Mary's CA,Purdue,1804.6149642797652,1790.5049240062785,7,4
2025_1155_1388,0.4730792046470447,1388,1155,St Mary's CA,Clemson,1804.6149642797652,1790.9989825246012,7,5
2025_1228_1388,0.5826530137908033,1388,1228,St Mary's CA,Illinois,1804.6149642797652,1738.895513846784,7,6
2025_1388_1417,0.6700488053725372,1388,1417,St Mary's CA,UCLA,1804.6149642797652,1696.9351080410813,7,7
2025_1211_1388,0.4992340817128879,1388,1211,St Mary's CA,Gonzaga,1804.6149642797652,1820.080652363969,7,8
2025_1208_1388,0.7703217727255052,1388,1208,St Mary's CA,Georgia,1804.6149642797652,1650.6716433038202,7,9
2025_1388_1429,0.6505983267628631,1388,1429,St Mary's CA,Utah St,1804.6149642797652,1755.1191777265424,7,10
2025_1388_1400,0.7974569085012869,1388,1400,St Mary's CA,Texas,1804.6149642797652,1656.2985376911856,7,11
2025_1388_1462,0.7751420906479511,1388,1462,St Mary's CA,Xavier,1804.6149642797652,1676.4993612446326,7,11
2025_1270_1388,0.7853168592644112,1388,1270,St Mary's CA,McNeese St,1804.6149642797652,1682.4785209993051,7,12
2025_1219_1388,0.7988332833218216,1388,1219,St Mary's CA,High Point,1804.6149642797652,1684.9999559720443,7,13
2025_1388_1407,0.8691258745598954,1388,1407,St Mary's CA,Troy,1804.6149642797652,1616.834853879259,7,14
2025_1388_1459,0.9180559885917986,1388,1459,St Mary's CA,Wofford,1804.6149642797652,1537.341782572588,7,15
2025_1188_1388,0.9383644950051129,1388,1188,St Mary's CA,SIUE,1804.6149642797652,1490.7257513541058,7,16
2025_1120_1388,0.22764232531350112,1388,1120,St Mary's CA,Auburn,1804.6149642797652,1900.3128728934946,7,1
2025_1277_1388,0.3611224574626137,1388,1277,St Mary's CA,Michigan St,1804.6149642797652,1816.332058092468,7,2
2025_1235_1388,0.44289511713206153,1388,1235,St Mary's CA,Iowa St,1804.6149642797652,1779.4875897181623,7,3
2025_1388_1401,0.5390444237281351,1388,1401,St Mary's CA,Texas A&M,1804.6149642797652,1735.8270446534461,7,4
2025_1276_1388,0.5738283706089556,1388,1276,St Mary's CA,Michigan,1804.6149642797652,1729.3958457974386,7,5
2025_1279_1388,0.6476977293172702,1388,1279,St Mary's CA,Mississippi,1804.6149642797652,1697.0550380157622,7,6
2025_1266_1388,0.5643860470545268,1388,1266,St Mary's CA,Marquette,1804.6149642797652,1765.2488940225403,7,7
2025_1257_1388,0.6676401114286498,1388,1257,St Mary's CA,Louisville,1804.6149642797652,1713.5881285897335,7,8
2025_1166_1388,0.6180063665957085,1388,1166,St Mary's CA,Creighton,1804.6149642797652,1761.4870757227866,7,9
2025_1307_1388,0.6766973537552161,1388,1307,St Mary's CA,New Mexico,1804.6149642797652,1737.3401376920212,7,10
2025_1314_1388,0.7051568312048337,1388,1314,St Mary's CA,North Carolina,1804.6149642797652,1732.0718376880195,7,11
2025_1361_1388,0.7232001258107881,1388,1361,St Mary's CA,San Diego St,1804.6149642797652,1718.632552659536,7,11
2025_1388_1471,0.7252326211149935,1388,1471,St Mary's CA,UC San Diego,1804.6149642797652,1732.0857083956137,7,12
2025_1388_1463,0.7625810742108491,1388,1463,St Mary's CA,Yale,1804.6149642797652,1717.2452238126552,7,13
2025_1252_1388,0.8754424377507469,1388,1252,St Mary's CA,Lipscomb,1804.6149642797652,1608.2148408183402,7,14
2025_1136_1388,0.8842183739578312,1388,1136,St Mary's CA,Bryant,1804.6149642797652,1595.5930025243601,7,15
2025_1106_1388,0.9535413321142454,1388,1106,St Mary's CA,Alabama St,1804.6149642797652,1445.3194949173894,7,16
2025_1384_1388,0.9667600845568016,1388,1384,St Mary's CA,St Francis PA,1804.6149642797652,1392.3343840415646,7,16
2025_1196_1388,0.24292713792593804,1388,1196,St Mary's CA,Florida,1804.6149642797652,1887.3965401334451,7,1
2025_1385_1388,0.3208060584511207,1388,1385,St Mary's CA,St John's,1804.6149642797652,1843.627898958888,7,2
2025_1388_1403,0.460167114494769,1388,1403,St Mary's CA,Texas Tech,1804.6149642797652,1768.8852797354511,7,3
2025_1268_1388,0.5540012016415133,1388,1268,St Mary's CA,Maryland,1804.6149642797652,1726.6530079386407,7,4
2025_1272_1388,0.4516545006057432,1388,1272,St Mary's CA,Memphis,1804.6149642797652,1804.101743662243,7,5
2025_1281_1388,0.7422417746773583,1388,1281,St Mary's CA,Missouri,1804.6149642797652,1628.84846306522,7,6
2025_1242_1388,0.60470917325468,1388,1242,St Mary's CA,Kansas,1804.6149642797652,1739.9945270353192,7,7
2025_1163_1388,0.5041449042923983,1388,1163,St Mary's CA,Connecticut,1804.6149642797652,1817.094753861221,7,8
2025_1328_1388,0.7747544743002994,1388,1328,St Mary's CA,Oklahoma,1804.6149642797652,1646.8371922255365,7,9
2025_1116_1388,0.7855208770707961,1388,1116,St Mary's CA,Arkansas,1804.6149642797652,1652.2945168596477,7,10
2025_1179_1388,0.5914083276569232,1388,1179,St Mary's CA,Drake,1804.6149642797652,1808.4056906385888,7,11
2025_1161_1388,0.6928927965699921,1388,1161,St Mary's CA,Colorado St,1804.6149642797652,1755.9333491972916,7,12
2025_1213_1388,0.7671914654144868,1388,1213,St Mary's CA,Grand Canyon,1804.6149642797652,1713.3482612768519,7,13
2025_1388_1423,0.8188359885651068,1388,1423,St Mary's CA,UNC Wilmington,1804.6149642797652,1675.3212165451996,7,14
2025_1303_1388,0.9156895187467228,1388,1303,St Mary's CA,NE Omaha,1804.6149642797652,1542.0616280843851,7,15
2025_1313_1388,0.8967912207796208,1388,1313,St Mary's CA,Norfolk St,1804.6149642797652,1575.9738168627744,7,16
2025_1124_1280,0.4882751657165969,1280,1124,Mississippi St,Baylor,1668.2546506793124,1690.3848009592716,8,9
2025_1280_1435,0.628846375180836,1280,1435,Mississippi St,Vanderbilt,1668.2546506793124,1618.107851254631,8,10
2025_1280_1433,0.4144967146485284,1280,1433,Mississippi St,VCU,1668.2546506793124,1765.7575359677496,8,11
2025_1251_1280,0.5621225335376269,1280,1251,Mississippi St,Liberty,1668.2546506793124,1690.2872112447205,8,12
2025_1103_1280,0.5737068480312003,1280,1103,Mississippi St,Akron,1668.2546506793124,1698.111063478586,8,13
2025_1280_1285,0.7028559720532405,1280,1285,Mississippi St,Montana,1668.2546506793124,1627.389884073406,8,14
2025_1280_1352,0.7665801652270551,1280,1352,Mississippi St,Robert Morris,1668.2546506793124,1587.507713446858,8,15
2025_1110_1280,0.851808092328898,1280,1110,Mississippi St,American Univ,1668.2546506793124,1502.423605164438,8,16
2025_1280_1291,0.8203386632106332,1280,1291,Mississippi St,Mt St Mary's,1668.2546506793124,1537.4161568127138,8,16
2025_1222_1280,0.07503765101751951,1280,1222,Mississippi St,Houston,1668.2546506793124,1950.0503392666685,8,1
2025_1280_1397,0.1295881229130698,1280,1397,Mississippi St,Tennessee,1668.2546506793124,1867.760513953852,8,2
2025_1246_1280,0.2496528276765166,1280,1246,Mississippi St,Kentucky,1668.2546506793124,1760.5286669648633,8,3
2025_1280_1345,0.23165480509116193,1280,1345,Mississippi St,Purdue,1668.2546506793124,1790.5049240062785,8,4
2025_1155_1280,0.2490736669438494,1280,1155,Mississippi St,Clemson,1668.2546506793124,1790.9989825246012,8,5
2025_1228_1280,0.3402685779311574,1280,1228,Mississippi St,Illinois,1668.2546506793124,1738.895513846784,8,6
2025_1280_1417,0.4286489267995128,1280,1417,Mississippi St,UCLA,1668.2546506793124,1696.9351080410813,8,7
2025_1211_1280,0.2691705144452836,1280,1211,Mississippi St,Gonzaga,1668.2546506793124,1820.080652363969,8,8
2025_1208_1280,0.5533851302920096,1280,1208,Mississippi St,Georgia,1668.2546506793124,1650.6716433038202,8,9
2025_1280_1429,0.40755040533320497,1280,1429,Mississippi St,Utah St,1668.2546506793124,1755.1191777265424,8,10
2025_1280_1400,0.592595068535238,1280,1400,Mississippi St,Texas,1668.2546506793124,1656.2985376911856,8,11
2025_1280_1462,0.5601587188651023,1280,1462,Mississippi St,Xavier,1668.2546506793124,1676.4993612446326,8,11
2025_1270_1280,0.5747242718882591,1280,1270,Mississippi St,McNeese St,1668.2546506793124,1682.4785209993051,8,12
2025_1219_1280,0.5946559603339822,1280,1219,Mississippi St,High Point,1668.2546506793124,1684.9999559720443,8,13
2025_1280_1407,0.7171512809891893,1280,1407,Mississippi St,Troy,1668.2546506793124,1616.834853879259,8,14
2025_1280_1459,0.8204107656434939,1280,1459,Mississippi St,Wofford,1668.2546506793124,1537.341782572588,8,15
2025_1188_1280,0.8612619603593141,1280,1188,Mississippi St,SIUE,1668.2546506793124,1490.7257513541058,8,16
2025_1120_1280,0.10114655793086666,1280,1120,Mississippi St,Auburn,1668.2546506793124,1900.3128728934946,8,1
2025_1277_1280,0.17274919570440894,1280,1277,Mississippi St,Michigan St,1668.2546506793124,1816.332058092468,8,2
2025_1235_1280,0.22702405127191097,1280,1235,Mississippi St,Iowa St,1668.2546506793124,1779.4875897181623,8,3
2025_1280_1401,0.3016874736768113,1280,1401,Mississippi St,Texas A&M,1668.2546506793124,1735.8270446534461,8,4
2025_1276_1280,0.33219296569763734,1280,1276,Mississippi St,Michigan,1668.2546506793124,1729.3958457974386,8,5
2025_1279_1280,0.4044789974983314,1280,1279,Mississippi St,Mississippi,1668.2546506793124,1697.0550380157622,8,6
2025_1266_1280,0.32370662140960116,1280,1266,Mississippi St,Marquette,1668.2546506793124,1765.2488940225403,8,7
2025_1257_1280,0.42598765302854674,1280,1257,Mississippi St,Louisville,1668.2546506793124,1713.5881285897335,8,8
2025_1166_1280,0.37409785901446724,1280,1166,Mississippi St,Creighton,1668.2546506793124,1761.4870757227866,8,9
2025_1280_1307,0.4360678307270706,1280,1307,Mississippi St,New Mexico,1668.2546506793124,1737.3401376920212,8,10
2025_1280_1314,0.46909076804128597,1280,1314,Mississippi St,North Carolina,1668.2546506793124,1732.0718376880195,8,11
2025_1280_1361,0.491155867590761,1280,1361,Mississippi St,San Diego St,1668.2546506793124,1718.632552659536,8,11
2025_1280_1471,0.49369937896355753,1280,1471,Mississippi St,UC San Diego,1668.2546506793124,1732.0857083956137,8,12
2025_1280_1463,0.5426737292693838,1280,1463,Mississippi St,Yale,1668.2546506793124,1717.2452238126552,8,13
2025_1252_1280,0.728511589839694,1280,1252,Mississippi St,Lipscomb,1668.2546506793124,1608.2148408183402,8,14
2025_1136_1280,0.7569277281527684,1280,1136,Mississippi St,Bryant,1668.2546506793124,1595.5930025243601,8,15
2025_1106_1280,0.8932646510004519,1280,1106,Mississippi St,Alabama St,1668.2546506793124,1445.3194949173894,8,16
2025_1280_1384,0.9222350793948856,1280,1384,Mississippi St,St Francis PA,1668.2546506793124,1392.3343840415646,8,16
2025_1196_1280,0.10913810602709294,1280,1196,Mississippi St,Florida,1668.2546506793124,1887.3965401334451,8,1
2025_1280_1385,0.14857248870169712,1280,1385,Mississippi St,St John's,1668.2546506793124,1843.627898958888,8,2
2025_1280_1403,0.23949660433782788,1280,1403,Mississippi St,Texas Tech,1668.2546506793124,1768.8852797354511,8,3
2025_1268_1280,0.3145525172894549,1280,1268,Mississippi St,Maryland,1668.2546506793124,1726.6530079386407,8,4
2025_1272_1280,0.23330195410833415,1280,1272,Mississippi St,Memphis,1668.2546506793124,1804.101743662243,8,5
2025_1280_1281,0.5154654561102165,1280,1281,Mississippi St,Missouri,1668.2546506793124,1628.84846306522,8,6
2025_1242_1280,0.3610878784229664,1280,1242,Mississippi St,Kansas,1668.2546506793124,1739.9945270353192,8,7
2025_1163_1280,0.2730522497596614,1280,1163,Mississippi St,Connecticut,1668.2546506793124,1817.094753861221,8,8
2025_1280_1328,0.5596110575079093,1280,1328,Mississippi St,Oklahoma,1668.2546506793124,1646.8371922255365,8,9
2025_1116_1280,0.5750201181172196,1280,1116,Mississippi St,Arkansas,1668.2546506793124,1652.2945168596477,8,10
2025_1179_1280,0.3484223809585658,1280,1179,Mississippi St,Drake,1668.2546506793124,1808.4056906385888,8,11
2025_1161_1280,0.4546021160147247,1280,1161,Mississippi St,Colorado St,1668.2546506793124,1755.9333491972916,8,12
2025_1213_1280,0.549029089687913,1280,1213,Mississippi St,Grand Canyon,1668.2546506793124,1713.3482612768519,8,13
2025_1280_1423,0.63311501173532,1280,1423,Mississippi St,UNC Wilmington,1668.2546506793124,1675.3212165451996,8,14
2025_1280_1303,0.8157902089953043,1280,1303,Mississippi St,NE Omaha,1668.2546506793124,1542.0616280843851,8,15
2025_1280_1313,0.7798821866831644,1280,1313,Mississippi St,Norfolk St,1668.2546506793124,1575.9738168627744,8,16
2025_1124_1435,0.6397268666149502,1124,1435,Baylor,Vanderbilt,1690.3848009592716,1618.107851254631,9,10
2025_1124_1433,0.42592450267605947,1124,1433,Baylor,VCU,1690.3848009592716,1765.7575359677496,9,11
2025_1124_1251,0.5736328381315517,1124,1251,Baylor,Liberty,1690.3848009592716,1690.2872112447205,9,12
2025_1103_1124,0.5851373792250163,1124,1103,Baylor,Akron,1690.3848009592716,1698.111063478586,9,13
2025_1124_1285,0.7125585644085866,1124,1285,Baylor,Montana,1690.3848009592716,1627.389884073406,9,14
2025_1124_1352,0.7805548315339391,1124,1352,Baylor,Robert Morris,1690.3848009592716,1587.507713446858,9,15
2025_1110_1124,0.8692613237926131,1124,1110,Baylor,American Univ,1690.3848009592716,1502.423605164438,9,16
2025_1124_1291,0.8408055215911378,1124,1291,Baylor,Mt St Mary's,1690.3848009592716,1537.4161568127138,9,16
2025_1124_1222,0.08578882180880636,1124,1222,Baylor,Houston,1690.3848009592716,1950.0503392666685,9,1
2025_1124_1397,0.13885850344790757,1124,1397,Baylor,Tennessee,1690.3848009592716,1867.760513953852,9,2
2025_1124_1246,0.2585426834926651,1124,1246,Baylor,Kentucky,1690.3848009592716,1760.5286669648633,9,3
2025_1124_1345,0.2401088542699074,1124,1345,Baylor,Purdue,1690.3848009592716,1790.5049240062785,9,4
2025_1124_1155,0.2579499892438286,1124,1155,Baylor,Clemson,1690.3848009592716,1790.9989825246012,9,5
2025_1124_1228,0.35087628203206644,1124,1228,Baylor,Illinois,1690.3848009592716,1738.895513846784,9,6
2025_1124_1417,0.44017356279702163,1124,1417,Baylor,UCLA,1690.3848009592716,1696.9351080410813,9,7
2025_1124_1211,0.27849741717290155,1124,1211,Baylor,Gonzaga,1690.3848009592716,1820.080652363969,9,8
2025_1124_1208,0.564947354116817,1124,1208,Baylor,Georgia,1690.3848009592716,1650.6716433038202,9,9
2025_1124_1429,0.4189237070222706,1124,1429,Baylor,Utah St,1690.3848009592716,1755.1191777265424,9,10
2025_1124_1400,0.603868837089944,1124,1400,Baylor,Texas,1690.3848009592716,1656.2985376911856,9,11
2025_1124_1462,0.571681311207645,1124,1462,Baylor,Xavier,1690.3848009592716,1676.4993612446326,9,11
2025_1124_1270,0.5861472016821327,1124,1270,Baylor,McNeese St,1690.3848009592716,1682.4785209993051,9,12
2025_1124_1219,0.6059106253879476,1124,1219,Baylor,High Point,1690.3848009592716,1684.9999559720443,9,13
2025_1124_1407,0.7265686829062975,1124,1407,Baylor,Troy,1690.3848009592716,1616.834853879259,9,14
2025_1124_1459,0.8318694765030336,1124,1459,Baylor,Wofford,1690.3848009592716,1537.341782572588,9,15
2025_1124_1188,0.877761548686951,1124,1188,Baylor,SIUE,1690.3848009592716,1490.7257513541058,9,16
2025_1120_1124,0.1151727442463542,1124,1120,Baylor,Auburn,1690.3848009592716,1900.3128728934946,9,1
2025_1124_1277,0.18445288901179283,1124,1277,Baylor,Michigan St,1690.3848009592716,1816.332058092468,9,2
2025_1124_1235,0.23536087195122915,1124,1235,Baylor,Iowa St,1690.3848009592716,1779.4875897181623,9,3
2025_1124_1401,0.31166061493913294,1124,1401,Baylor,Texas A&M,1690.3848009592716,1735.8270446534461,9,4
2025_1124_1276,0.34267968300188023,1124,1276,Baylor,Michigan,1690.3848009592716,1729.3958457974386,9,5
2025_1124_1279,0.4158267464050858,1124,1279,Baylor,Mississippi,1690.3848009592716,1697.0550380157622,9,6
2025_1124_1266,0.33405945217502875,1124,1266,Baylor,Marquette,1690.3848009592716,1765.2488940225403,9,7
2025_1124_1257,0.43749552615686715,1124,1257,Baylor,Louisville,1690.3848009592716,1713.5881285897335,9,8
2025_1124_1166,0.3851445029483937,1124,1166,Baylor,Creighton,1690.3848009592716,1761.4870757227866,9,9
2025_1124_1307,0.44763565700230074,1124,1307,Baylor,New Mexico,1690.3848009592716,1737.3401376920212,9,10
2025_1124_1314,0.4807877518176371,1124,1314,Baylor,North Carolina,1690.3848009592716,1732.0718376880195,9,11
2025_1124_1361,0.5028818972388772,1124,1361,Baylor,San Diego St,1690.3848009592716,1718.632552659536,9,11
2025_1124_1471,0.5054258165483511,1124,1471,Baylor,UC San Diego,1690.3848009592716,1732.0857083956137,9,12
2025_1124_1463,0.5542899093777164,1124,1463,Baylor,Yale,1690.3848009592716,1717.2452238126552,9,13
2025_1124_1252,0.7376891000335064,1124,1252,Baylor,Lipscomb,1690.3848009592716,1608.2148408183402,9,14
2025_1124_1136,0.7713078796359598,1124,1136,Baylor,Bryant,1690.3848009592716,1595.5930025243601,9,15
2025_1106_1124,0.9063720273955306,1124,1106,Baylor,Alabama St,1690.3848009592716,1445.3194949173894,9,16
2025_1124_1384,0.9320554181925952,1124,1384,Baylor,St Francis PA,1690.3848009592716,1392.3343840415646,9,16
2025_1124_1196,0.12411946774181179,1124,1196,Baylor,Florida,1690.3848009592716,1887.3965401334451,9,1
2025_1124_1385,0.15895294720151762,1124,1385,Baylor,St John's,1690.3848009592716,1843.627898958888,9,2
2025_1124_1403,0.24814440891037673,1124,1403,Baylor,Texas Tech,1690.3848009592716,1768.8852797354511,9,3
2025_1124_1268,0.3247531660661459,1124,1268,Baylor,Maryland,1690.3848009592716,1726.6530079386407,9,4
2025_1124_1272,0.24179719766358326,1124,1272,Baylor,Memphis,1690.3848009592716,1804.101743662243,9,5
2025_1124_1281,0.5271705830361123,1124,1281,Baylor,Missouri,1690.3848009592716,1628.84846306522,9,6
2025_1124_1242,0.37197866827058657,1124,1242,Baylor,Kansas,1690.3848009592716,1739.9945270353192,9,7
2025_1124_1163,0.28246167154307755,1124,1163,Baylor,Connecticut,1690.3848009592716,1817.094753861221,9,8
2025_1124_1328,0.5711370126874378,1124,1328,Baylor,Oklahoma,1690.3848009592716,1646.8371922255365,9,9
2025_1116_1124,0.5864408195560459,1124,1116,Baylor,Arkansas,1690.3848009592716,1652.2945168596477,9,10
2025_1124_1179,0.35914589895166243,1124,1179,Baylor,Drake,1690.3848009592716,1808.4056906385888,9,11
2025_1124_1161,0.46625510300310463,1124,1161,Baylor,Colorado St,1690.3848009592716,1755.9333491972916,9,12
2025_1124_1213,0.5606145449586938,1124,1213,Baylor,Grand Canyon,1690.3848009592716,1713.3482612768519,9,13
2025_1124_1423,0.6439412201446414,1124,1423,Baylor,UNC Wilmington,1690.3848009592716,1675.3212165451996,9,14
2025_1124_1303,0.8274817404349778,1124,1303,Baylor,NE Omaha,1690.3848009592716,1542.0616280843851,9,15
2025_1124_1313,0.8038558481384491,1124,1313,Baylor,Norfolk St,1690.3848009592716,1575.9738168627744,9,16
2025_1433_1435,0.29469743894662853,1435,1433,Vanderbilt,VCU,1618.107851254631,1765.7575359677496,10,11
2025_1251_1435,0.43106919718607767,1435,1251,Vanderbilt,Liberty,1618.107851254631,1690.2872112447205,10,12
2025_1103_1435,0.4426831525003139,1435,1103,Vanderbilt,Akron,1618.107851254631,1698.111063478586,10,13
2025_1285_1435,0.5826506409415705,1435,1285,Vanderbilt,Montana,1618.107851254631,1627.389884073406,10,14
2025_1352_1435,0.667016917381232,1435,1352,Vanderbilt,Robert Morris,1618.107851254631,1587.507713446858,10,15
2025_1110_1435,0.7946455264172233,1435,1110,Vanderbilt,American Univ,1618.107851254631,1502.423605164438,10,16
2025_1291_1435,0.7545353164549244,1435,1291,Vanderbilt,Mt St Mary's,1618.107851254631,1537.4161568127138,10,16
2025_1222_1435,0.055113530919113266,1435,1222,Vanderbilt,Houston,1618.107851254631,1950.0503392666685,10,1
2025_1397_1435,0.09109811609697227,1435,1397,Vanderbilt,Tennessee,1618.107851254631,1867.760513953852,10,2
2025_1246_1435,0.16870380910492355,1435,1246,Vanderbilt,Kentucky,1618.107851254631,1760.5286669648633,10,3
2025_1345_1435,0.15106637664254088,1435,1345,Vanderbilt,Purdue,1618.107851254631,1790.5049240062785,10,4
2025_1155_1435,0.16371672117452007,1435,1155,Vanderbilt,Clemson,1618.107851254631,1790.9989825246012,10,5
2025_1228_1435,0.23337189710661493,1435,1228,Vanderbilt,Illinois,1618.107851254631,1738.895513846784,10,6
2025_1417_1435,0.3069033541634445,1435,1417,Vanderbilt,UCLA,1618.107851254631,1696.9351080410813,10,7
2025_1211_1435,0.17856413323257567,1435,1211,Vanderbilt,Gonzaga,1618.107851254631,1820.080652363969,10,8
2025_1208_1435,0.422403778723187,1435,1208,Vanderbilt,Georgia,1618.107851254631,1650.6716433038202,10,9
2025_1429_1435,0.28876861033248746,1435,1429,Vanderbilt,Utah St,1618.107851254631,1755.1191777265424,10,10
2025_1400_1435,0.46193200664603457,1435,1400,Vanderbilt,Texas,1618.107851254631,1656.2985376911856,10,11
2025_1435_1462,0.4291145450119009,1435,1462,Vanderbilt,Xavier,1618.107851254631,1676.4993612446326,10,11
2025_1270_1435,0.44371006982065475,1435,1270,Vanderbilt,McNeese St,1618.107851254631,1682.4785209993051,10,12
2025_1219_1435,0.46405608613399174,1435,1219,Vanderbilt,High Point,1618.107851254631,1684.9999559720443,10,13
2025_1407_1435,0.5994331252724614,1435,1407,Vanderbilt,Troy,1618.107851254631,1616.834853879259,10,14
2025_1435_1459,0.7358979901379451,1435,1459,Vanderbilt,Wofford,1618.107851254631,1537.341782572588,10,15
2025_1188_1435,0.8069194706012748,1435,1188,Vanderbilt,SIUE,1618.107851254631,1490.7257513541058,10,16
2025_1120_1435,0.07485095684522795,1435,1120,Vanderbilt,Auburn,1618.107851254631,1900.3128728934946,10,1
2025_1277_1435,0.12325489783112573,1435,1277,Vanderbilt,Michigan St,1618.107851254631,1816.332058092468,10,2
2025_1235_1435,0.15192670981759118,1435,1235,Vanderbilt,Iowa St,1618.107851254631,1779.4875897181623,10,3
2025_1401_1435,0.20317845688339078,1435,1401,Vanderbilt,Texas A&M,1618.107851254631,1735.8270446534461,10,4
2025_1276_1435,0.22696049721258976,1435,1276,Vanderbilt,Michigan,1618.107851254631,1729.3958457974386,10,5
2025_1279_1435,0.2861599956080001,1435,1279,Vanderbilt,Mississippi,1618.107851254631,1697.0550380157622,10,6
2025_1266_1435,0.2202757281650283,1435,1266,Vanderbilt,Marquette,1618.107851254631,1765.2488940225403,10,7
2025_1257_1435,0.304594980904944,1435,1257,Vanderbilt,Louisville,1618.107851254631,1713.5881285897335,10,8
2025_1166_1435,0.26077438833054617,1435,1166,Vanderbilt,Creighton,1618.107851254631,1761.4870757227866,10,9
2025_1307_1435,0.3133708330483552,1435,1307,Vanderbilt,New Mexico,1618.107851254631,1737.3401376920212,10,10
2025_1314_1435,0.34274942131000996,1435,1314,Vanderbilt,North Carolina,1618.107851254631,1732.0718376880195,10,11
2025_1361_1435,0.36293425692848924,1435,1361,Vanderbilt,San Diego St,1618.107851254631,1718.632552659536,10,11
2025_1435_1471,0.3652904392325375,1435,1471,Vanderbilt,UC San Diego,1618.107851254631,1732.0857083956137,10,12
2025_1435_1463,0.41188950280028247,1435,1463,Vanderbilt,Yale,1618.107851254631,1717.2452238126552,10,13
2025_1252_1435,0.6129698501624741,1435,1252,Vanderbilt,Lipscomb,1618.107851254631,1608.2148408183402,10,14
2025_1136_1435,0.6550997130534186,1435,1136,Vanderbilt,Bryant,1618.107851254631,1595.5930025243601,10,15
2025_1106_1435,0.8492634537453444,1435,1106,Vanderbilt,Alabama St,1618.107851254631,1445.3194949173894,10,16
2025_1384_1435,0.888688586846162,1435,1384,Vanderbilt,St Francis PA,1618.107851254631,1392.3343840415646,10,16
2025_1196_1435,0.08095201228934973,1435,1196,Vanderbilt,Florida,1618.107851254631,1887.3965401334451,10,1
2025_1385_1435,0.10512480233340102,1435,1385,Vanderbilt,St John's,1618.107851254631,1843.627898958888,10,2
2025_1403_1435,0.1611335224669229,1435,1403,Vanderbilt,Texas Tech,1618.107851254631,1768.8852797354511,10,3
2025_1268_1435,0.21312479722327823,1435,1268,Vanderbilt,Maryland,1618.107851254631,1726.6530079386407,10,4
2025_1272_1435,0.15225406022518953,1435,1272,Vanderbilt,Memphis,1618.107851254631,1804.101743662243,10,5
2025_1281_1435,0.38570809768188735,1435,1281,Vanderbilt,Missouri,1618.107851254631,1628.84846306522,10,6
2025_1242_1435,0.25013048474349403,1435,1242,Vanderbilt,Kansas,1618.107851254631,1739.9945270353192,10,7
2025_1163_1435,0.18146366206341583,1435,1163,Vanderbilt,Connecticut,1618.107851254631,1817.094753861221,10,8
2025_1328_1435,0.4285701667960767,1435,1328,Vanderbilt,Oklahoma,1618.107851254631,1646.8371922255365,10,9
2025_1116_1435,0.4440088867940374,1435,1116,Vanderbilt,Arkansas,1618.107851254631,1652.2945168596477,10,10
2025_1179_1435,0.2398955976285977,1435,1179,Vanderbilt,Drake,1618.107851254631,1808.4056906385888,10,11
2025_1161_1435,0.3297393981415429,1435,1161,Vanderbilt,Colorado St,1618.107851254631,1755.9333491972916,10,12
2025_1213_1435,0.4181135350929539,1435,1213,Vanderbilt,Grand Canyon,1618.107851254631,1713.3482612768519,10,13
2025_1423_1435,0.5045830598847025,1435,1423,Vanderbilt,UNC Wilmington,1618.107851254631,1675.3212165451996,10,14
2025_1303_1435,0.7298191257053945,1435,1303,Vanderbilt,NE Omaha,1618.107851254631,1542.0616280843851,10,15
2025_1313_1435,0.7045969637414662,1435,1313,Vanderbilt,Norfolk St,1618.107851254631,1575.9738168627744,10,16
2025_1251_1433,0.644554509293806,1433,1251,VCU,Liberty,1765.7575359677496,1690.2872112447205,11,12
2025_1103_1433,0.6552953381400265,1433,1103,VCU,Akron,1765.7575359677496,1698.111063478586,11,13
2025_1285_1433,0.7696510286047935,1433,1285,VCU,Montana,1765.7575359677496,1627.389884073406,11,14
2025_1352_1433,0.8274128415848355,1433,1352,VCU,Robert Morris,1765.7575359677496,1587.507713446858,11,15
2025_1110_1433,0.9025457361796339,1433,1110,VCU,American Univ,1765.7575359677496,1502.423605164438,11,16
2025_1291_1433,0.8803371421300825,1433,1291,VCU,Mt St Mary's,1765.7575359677496,1537.4161568127138,11,16
2025_1222_1433,0.1335058996883451,1433,1222,VCU,Houston,1765.7575359677496,1950.0503392666685,11,1
2025_1397_1433,0.2093347340137621,1433,1397,VCU,Tennessee,1765.7575359677496,1867.760513953852,11,2
2025_1246_1433,0.3489900088423236,1433,1246,VCU,Kentucky,1765.7575359677496,1760.5286669648633,11,3
2025_1345_1433,0.30561722617561354,1433,1345,VCU,Purdue,1765.7575359677496,1790.5049240062785,11,4
2025_1155_1433,0.31904759848105974,1433,1155,VCU,Clemson,1765.7575359677496,1790.9989825246012,11,5
2025_1228_1433,0.42148242911351247,1433,1228,VCU,Illinois,1765.7575359677496,1738.895513846784,11,6
2025_1417_1433,0.514506207193123,1433,1417,VCU,UCLA,1765.7575359677496,1696.9351080410813,11,7
2025_1211_1433,0.34221737986079137,1433,1211,VCU,Gonzaga,1765.7575359677496,1820.080652363969,11,8
2025_1208_1433,0.6363980041268059,1433,1208,VCU,Georgia,1765.7575359677496,1650.6716433038202,11,9
2025_1429_1433,0.49282688410318315,1433,1429,VCU,Utah St,1765.7575359677496,1755.1191777265424,11,10
2025_1400_1433,0.6726313385890548,1433,1400,VCU,Texas,1765.7575359677496,1656.2985376911856,11,11
2025_1433_1462,0.6427254183966025,1433,1462,VCU,Xavier,1765.7575359677496,1676.4993612446326,11,11
2025_1270_1433,0.6562347161310108,1433,1270,VCU,McNeese St,1765.7575359677496,1682.4785209993051,11,12
2025_1219_1433,0.6745097402395229,1433,1219,VCU,High Point,1765.7575359677496,1684.9999559720443,11,13
2025_1407_1433,0.7817308154207468,1433,1407,VCU,Troy,1765.7575359677496,1616.834853879259,11,14
2025_1433_1459,0.8696008015906006,1433,1459,VCU,Wofford,1765.7575359677496,1537.341782572588,11,15
2025_1188_1433,0.909108189024136,1433,1188,VCU,SIUE,1765.7575359677496,1490.7257513541058,11,16
2025_1120_1433,0.1760856488775185,1433,1120,VCU,Auburn,1765.7575359677496,1900.3128728934946,11,1
2025_1277_1433,0.27079321597152073,1433,1277,VCU,Michigan St,1765.7575359677496,1816.332058092468,11,2
2025_1235_1433,0.32121169063629634,1433,1235,VCU,Iowa St,1765.7575359677496,1779.4875897181623,11,3
2025_1401_1433,0.3867547174893343,1433,1401,VCU,Texas A&M,1765.7575359677496,1735.8270446534461,11,4
2025_1276_1433,0.412685053203312,1433,1276,VCU,Michigan,1765.7575359677496,1729.3958457974386,11,5
2025_1279_1433,0.48964395673502586,1433,1279,VCU,Mississippi,1765.7575359677496,1697.0550380157622,11,6
2025_1266_1433,0.40338450935339776,1433,1266,VCU,Marquette,1765.7575359677496,1765.2488940225403,11,7
2025_1257_1433,0.5117893648754622,1433,1257,VCU,Louisville,1765.7575359677496,1713.5881285897335,11,8
2025_1166_1433,0.45778328472218077,1433,1166,VCU,Creighton,1765.7575359677496,1761.4870757227866,11,9
2025_1307_1433,0.5220533262155824,1433,1307,VCU,New Mexico,1765.7575359677496,1737.3401376920212,11,10
2025_1314_1433,0.5551773532520924,1433,1314,VCU,North Carolina,1765.7575359677496,1732.0718376880195,11,11
2025_1361_1433,0.5768917357957769,1433,1361,VCU,San Diego St,1765.7575359677496,1718.632552659536,11,11
2025_1433_1471,0.5793737063332957,1433,1471,VCU,UC San Diego,1765.7575359677496,1732.0857083956137,11,12
2025_1433_1463,0.6263331847951306,1433,1463,VCU,Yale,1765.7575359677496,1717.2452238126552,11,13
2025_1252_1433,0.7912523488232219,1433,1252,VCU,Lipscomb,1765.7575359677496,1608.2148408183402,11,14
2025_1136_1433,0.819684258500382,1433,1136,VCU,Bryant,1765.7575359677496,1595.5930025243601,11,15
2025_1106_1433,0.9309589249295718,1433,1106,VCU,Alabama St,1765.7575359677496,1445.3194949173894,11,16
2025_1384_1433,0.9502678722169209,1433,1384,VCU,St Francis PA,1765.7575359677496,1392.3343840415646,11,16
2025_1196_1433,0.18875474290999164,1433,1196,VCU,Florida,1765.7575359677496,1887.3965401334451,11,1
2025_1385_1433,0.23682314900558843,1433,1385,VCU,St John's,1765.7575359677496,1843.627898958888,11,2
2025_1403_1433,0.3366054805746789,1433,1403,VCU,Texas Tech,1765.7575359677496,1768.8852797354511,11,3
2025_1268_1433,0.4011633832317409,1433,1268,VCU,Maryland,1765.7575359677496,1726.6530079386407,11,4
2025_1272_1433,0.30061883909931075,1433,1272,VCU,Memphis,1765.7575359677496,1804.101743662243,11,5
2025_1281_1433,0.6004374884920183,1433,1281,VCU,Missouri,1765.7575359677496,1628.84846306522,11,6
2025_1242_1433,0.44392715578183295,1433,1242,VCU,Kansas,1765.7575359677496,1739.9945270353192,11,7
2025_1163_1433,0.3466528666394041,1433,1163,VCU,Connecticut,1765.7575359677496,1817.094753861221,11,8
2025_1328_1433,0.6422148989149997,1433,1328,VCU,Oklahoma,1765.7575359677496,1646.8371922255365,11,9
2025_1116_1433,0.6565077485858954,1433,1116,VCU,Arkansas,1765.7575359677496,1652.2945168596477,11,10
2025_1179_1433,0.43031298425944603,1433,1179,VCU,Drake,1765.7575359677496,1808.4056906385888,11,11
2025_1161_1433,0.5407379258155695,1433,1161,VCU,Colorado St,1765.7575359677496,1755.9333491972916,11,12
2025_1213_1433,0.6323136611099515,1433,1213,VCU,Grand Canyon,1765.7575359677496,1713.3482612768519,11,13
2025_1423_1433,0.7090986456229335,1433,1423,VCU,UNC Wilmington,1765.7575359677496,1675.3212165451996,11,14
2025_1303_1433,0.8660391783831208,1433,1303,VCU,NE Omaha,1765.7575359677496,1542.0616280843851,11,15
2025_1313_1433,0.8509362293393679,1433,1313,VCU,Norfolk St,1765.7575359677496,1575.9738168627744,11,16
2025_1103_1251,0.5118004446472262,1251,1103,Liberty,Akron,1690.2872112447205,1698.111063478586,12,13
2025_1251_1285,0.6482040657428251,1251,1285,Liberty,Montana,1690.2872112447205,1627.389884073406,12,14
2025_1251_1352,0.7255605571142187,1251,1352,Liberty,Robert Morris,1690.2872112447205,1587.507713446858,12,15
2025_1110_1251,0.8362584845819492,1251,1110,Liberty,American Univ,1690.2872112447205,1502.423605164438,12,16
2025_1251_1291,0.8022535722042753,1251,1291,Liberty,Mt St Mary's,1690.2872112447205,1537.4161568127138,12,16
2025_1222_1251,0.08573848178350293,1251,1222,Liberty,Houston,1690.2872112447205,1950.0503392666685,12,1
2025_1251_1397,0.13878174998296314,1251,1397,Liberty,Tennessee,1690.2872112447205,1867.760513953852,12,2
2025_1246_1251,0.24601370120529517,1251,1246,Liberty,Kentucky,1690.2872112447205,1760.5286669648633,12,3
2025_1251_1345,0.21128531724104155,1251,1345,Liberty,Purdue,1690.2872112447205,1790.5049240062785,12,4
2025_1155_1251,0.21074417985400926,1251,1155,Liberty,Clemson,1690.2872112447205,1790.9989825246012,12,5
2025_1228_1251,0.2866156290935708,1251,1228,Liberty,Illinois,1690.2872112447205,1738.895513846784,12,6
2025_1251_1417,0.36885165831106065,1251,1417,Liberty,UCLA,1690.2872112447205,1696.9351080410813,12,7
2025_1211_1251,0.2229398333980371,1251,1211,Liberty,Gonzaga,1690.2872112447205,1820.080652363969,12,8
2025_1208_1251,0.4911451309106475,1251,1208,Liberty,Georgia,1690.2872112447205,1650.6716433038202,12,9
2025_1251_1429,0.34889908474216047,1251,1429,Liberty,Utah St,1690.2872112447205,1755.1191777265424,12,10
2025_1251_1400,0.531190188836188,1251,1400,Liberty,Texas,1690.2872112447205,1656.2985376911856,12,11
2025_1251_1462,0.4980063830504854,1251,1462,Liberty,Xavier,1690.2872112447205,1676.4993612446326,12,11
2025_1251_1270,0.5128401575331465,1251,1270,Liberty,McNeese St,1690.2872112447205,1682.4785209993051,12,12
2025_1219_1251,0.5333170802491042,1251,1219,Liberty,High Point,1690.2872112447205,1684.9999559720443,12,13
2025_1251_1407,0.6638712310395846,1251,1407,Liberty,Troy,1690.2872112447205,1616.834853879259,12,14
2025_1251_1459,0.7862127832919644,1251,1459,Liberty,Wofford,1690.2872112447205,1537.341782572588,12,15
2025_1188_1251,0.8465256057033399,1251,1188,Liberty,SIUE,1690.2872112447205,1490.7257513541058,12,16
2025_1120_1251,0.11510733297402073,1251,1120,Liberty,Auburn,1690.2872112447205,1900.3128728934946,12,1
2025_1251_1277,0.18435632879811228,1251,1277,Liberty,Michigan St,1690.2872112447205,1816.332058092468,12,2
2025_1235_1251,0.22361647657249586,1251,1235,Liberty,Iowa St,1690.2872112447205,1779.4875897181623,12,3
2025_1251_1401,0.27738310986119846,1251,1401,Liberty,Texas A&M,1690.2872112447205,1735.8270446534461,12,4
2025_1251_1276,0.28594307995796664,1251,1276,Liberty,Michigan,1690.2872112447205,1729.3958457974386,12,5
2025_1251_1279,0.34601153820533237,1251,1279,Liberty,Mississippi,1690.2872112447205,1697.0550380157622,12,6
2025_1251_1266,0.2715900790348878,1251,1266,Liberty,Marquette,1690.2872112447205,1765.2488940225403,12,7
2025_1251_1257,0.36632360721692114,1251,1257,Liberty,Louisville,1690.2872112447205,1713.5881285897335,12,8
2025_1166_1251,0.3176793085134759,1251,1166,Liberty,Creighton,1690.2872112447205,1761.4870757227866,12,9
2025_1251_1307,0.37591655056163414,1251,1307,Liberty,New Mexico,1690.2872112447205,1737.3401376920212,12,10
2025_1251_1314,0.40767733160917274,1251,1314,Liberty,North Carolina,1690.2872112447205,1732.0718376880195,12,11
2025_1251_1361,0.429188954047735,1251,1361,Liberty,San Diego St,1690.2872112447205,1718.632552659536,12,11
2025_1251_1471,0.431683804142825,1251,1471,Liberty,UC San Diego,1690.2872112447205,1732.0857083956137,12,12
2025_1251_1463,0.4803427502413429,1251,1463,Liberty,Yale,1690.2872112447205,1717.2452238126552,12,13
2025_1251_1252,0.6764058900122467,1251,1252,Liberty,Lipscomb,1690.2872112447205,1608.2148408183402,12,14
2025_1136_1251,0.7148428492989833,1251,1136,Liberty,Bryant,1690.2872112447205,1595.5930025243601,12,15
2025_1106_1251,0.8814596742714687,1251,1106,Liberty,Alabama St,1690.2872112447205,1445.3194949173894,12,16
2025_1251_1384,0.9133233354613031,1251,1384,Liberty,St Francis PA,1690.2872112447205,1392.3343840415646,12,16
2025_1196_1251,0.12404968762983892,1251,1196,Liberty,Florida,1690.2872112447205,1887.3965401334451,12,1
2025_1251_1385,0.15886713570574523,1251,1385,Liberty,St John's,1690.2872112447205,1843.627898958888,12,2
2025_1251_1403,0.23595896749289563,1251,1403,Liberty,Texas Tech,1690.2872112447205,1768.8852797354511,12,3
2025_1251_1268,0.28964160971049396,1251,1268,Liberty,Maryland,1690.2872112447205,1726.6530079386407,12,4
2025_1251_1272,0.19676358440110112,1251,1272,Liberty,Memphis,1690.2872112447205,1804.101743662243,12,5
2025_1251_1281,0.45316292708013395,1251,1281,Liberty,Missouri,1690.2872112447205,1628.84846306522,12,6
2025_1242_1251,0.3056731749234811,1251,1242,Liberty,Kansas,1690.2872112447205,1739.9945270353192,12,7
2025_1163_1251,0.22636136895251407,1251,1163,Liberty,Connecticut,1690.2872112447205,1817.094753861221,12,8
2025_1251_1328,0.49745076273126104,1251,1328,Liberty,Oklahoma,1690.2872112447205,1646.8371922255365,12,9
2025_1116_1251,0.5131425854938305,1251,1116,Liberty,Arkansas,1690.2872112447205,1652.2945168596477,12,10
2025_1179_1251,0.29405680949574353,1251,1179,Liberty,Drake,1690.2872112447205,1808.4056906385888,12,11
2025_1161_1251,0.39367898204286234,1251,1161,Liberty,Colorado St,1690.2872112447205,1755.9333491972916,12,12
2025_1213_1251,0.4867450680660986,1251,1213,Liberty,Grand Canyon,1690.2872112447205,1713.3482612768519,12,13
2025_1251_1423,0.5734210837064959,1251,1423,Liberty,UNC Wilmington,1690.2872112447205,1675.3212165451996,12,14
2025_1251_1303,0.7809472911672108,1251,1303,Liberty,NE Omaha,1690.2872112447205,1542.0616280843851,12,15
2025_1251_1313,0.7589214552798068,1251,1313,Liberty,Norfolk St,1690.2872112447205,1575.9738168627744,12,16
2025_1103_1285,0.6373645542160881,1103,1285,Akron,Montana,1698.111063478586,1627.389884073406,13,14
2025_1103_1352,0.7160604780145788,1103,1352,Akron,Robert Morris,1698.111063478586,1587.507713446858,13,15
2025_1103_1110,0.8296908933113119,1103,1110,Akron,American Univ,1698.111063478586,1502.423605164438,13,16
2025_1103_1291,0.7946569709202499,1103,1291,Akron,Mt St Mary's,1698.111063478586,1537.4161568127138,13,16
2025_1103_1222,0.08986018822236962,1103,1222,Akron,Houston,1698.111063478586,1950.0503392666685,13,1
2025_1103_1397,0.14504885272813725,1103,1397,Akron,Tennessee,1698.111063478586,1867.760513953852,13,2
2025_1103_1246,0.255685536870073,1103,1246,Akron,Kentucky,1698.111063478586,1760.5286669648633,13,3
2025_1103_1345,0.21999019220271224,1103,1345,Akron,Purdue,1698.111063478586,1790.5049240062785,13,4
2025_1103_1155,0.21943296288799202,1103,1155,Akron,Clemson,1698.111063478586,1790.9989825246012,13,5
2025_1103_1228,0.28369734625434173,1103,1228,Akron,Illinois,1698.111063478586,1738.895513846784,13,6
2025_1103_1417,0.35793068452488863,1103,1417,Akron,UCLA,1698.111063478586,1696.9351080410813,13,7
2025_1103_1211,0.21486826534375367,1103,1211,Akron,Gonzaga,1698.111063478586,1820.080652363969,13,8
2025_1103_1208,0.47935331586652763,1103,1208,Akron,Georgia,1698.111063478586,1650.6716433038202,13,9
2025_1103_1429,0.3382522624757916,1103,1429,Akron,Utah St,1698.111063478586,1755.1191777265424,13,10
2025_1103_1400,0.519418332486962,1103,1400,Akron,Texas,1698.111063478586,1656.2985376911856,13,11
2025_1103_1462,0.4862072363335725,1103,1462,Akron,Xavier,1698.111063478586,1676.4993612446326,13,11
2025_1103_1270,0.5010403434154608,1103,1270,Akron,McNeese St,1698.111063478586,1682.4785209993051,13,12
2025_1103_1219,0.5215505265082212,1103,1219,Akron,High Point,1698.111063478586,1684.9999559720443,13,13
2025_1103_1407,0.6532562253744929,1103,1407,Akron,Troy,1698.111063478586,1616.834853879259,13,14
2025_1103_1459,0.7781703512220747,1103,1459,Akron,Wofford,1698.111063478586,1537.341782572588,13,15
2025_1103_1188,0.840291176187162,1103,1188,Akron,SIUE,1698.111063478586,1490.7257513541058,13,16
2025_1103_1120,0.12045487581721794,1103,1120,Akron,Auburn,1698.111063478586,1900.3128728934946,13,1
2025_1103_1277,0.19222213344443742,1103,1277,Akron,Michigan St,1698.111063478586,1816.332058092468,13,2
2025_1103_1235,0.23267951349954752,1103,1235,Akron,Iowa St,1698.111063478586,1779.4875897181623,13,3
2025_1103_1401,0.28781743833366774,1103,1401,Akron,Texas A&M,1698.111063478586,1735.8270446534461,13,4
2025_1103_1276,0.29656725765405423,1103,1276,Akron,Michigan,1698.111063478586,1729.3958457974386,13,5
2025_1103_1279,0.34277908004231183,1103,1279,Akron,Mississippi,1698.111063478586,1697.0550380157622,13,6
2025_1103_1266,0.26235180384075724,1103,1266,Akron,Marquette,1698.111063478586,1765.2488940225403,13,7
2025_1103_1257,0.3554353314380123,1103,1257,Akron,Louisville,1698.111063478586,1713.5881285897335,13,8
2025_1103_1166,0.3075351892578973,1103,1166,Akron,Creighton,1698.111063478586,1761.4870757227866,13,9
2025_1103_1307,0.364907338164463,1103,1307,Akron,New Mexico,1698.111063478586,1737.3401376920212,13,10
2025_1103_1314,0.39632866529805333,1103,1314,Akron,North Carolina,1698.111063478586,1732.0718376880195,13,11
2025_1103_1361,0.41766371081557835,1103,1361,Akron,San Diego St,1698.111063478586,1718.632552659536,13,11
2025_1103_1471,0.4201408768935652,1103,1471,Akron,UC San Diego,1698.111063478586,1732.0857083956137,13,12
2025_1103_1463,0.4685714667834001,1103,1463,Akron,Yale,1698.111063478586,1717.2452238126552,13,13
2025_1103_1252,0.6659875693717743,1103,1252,Akron,Lipscomb,1698.111063478586,1608.2148408183402,13,14
2025_1103_1136,0.705122545121319,1103,1136,Akron,Bryant,1698.111063478586,1595.5930025243601,13,15
2025_1103_1106,0.8764371978552217,1103,1106,Akron,Alabama St,1698.111063478586,1445.3194949173894,13,16
2025_1103_1384,0.9095123107863586,1103,1384,Akron,St Francis PA,1698.111063478586,1392.3343840415646,13,16
2025_1103_1196,0.12975175034023337,1103,1196,Akron,Florida,1698.111063478586,1887.3965401334451,13,1
2025_1103_1385,0.16586656691994864,1103,1385,Akron,St John's,1698.111063478586,1843.627898958888,13,2
2025_1103_1403,0.24536414676221174,1103,1403,Akron,Texas Tech,1698.111063478586,1768.8852797354511,13,3
2025_1103_1268,0.300345405106753,1103,1268,Akron,Maryland,1698.111063478586,1726.6530079386407,13,4
2025_1103_1272,0.20502569441040627,1103,1272,Akron,Memphis,1698.111063478586,1804.101743662243,13,5
2025_1103_1281,0.4496176529493146,1103,1281,Akron,Missouri,1698.111063478586,1628.84846306522,13,6
2025_1103_1242,0.29574626234442564,1103,1242,Akron,Kansas,1698.111063478586,1739.9945270353192,13,7
2025_1103_1163,0.2182007087858841,1103,1163,Akron,Connecticut,1698.111063478586,1817.094753861221,13,8
2025_1103_1328,0.48565204455246735,1103,1328,Akron,Oklahoma,1698.111063478586,1646.8371922255365,13,9
2025_1103_1116,0.5013429739650839,1103,1116,Akron,Arkansas,1698.111063478586,1652.2945168596477,13,10
2025_1103_1179,0.2843526479326569,1103,1179,Akron,Drake,1698.111063478586,1808.4056906385888,13,11
2025_1103_1161,0.3824683746935408,1103,1161,Akron,Colorado St,1698.111063478586,1755.9333491972916,13,12
2025_1103_1213,0.47496028967295006,1103,1213,Akron,Grand Canyon,1698.111063478586,1713.3482612768519,13,13
2025_1103_1423,0.5618349345632311,1103,1423,Akron,UNC Wilmington,1698.111063478586,1675.3212165451996,13,14
2025_1103_1303,0.7727640280766847,1103,1303,Akron,NE Omaha,1698.111063478586,1542.0616280843851,13,15
2025_1103_1313,0.7501785814766068,1103,1313,Akron,Norfolk St,1698.111063478586,1575.9738168627744,13,16
2025_1285_1352,0.5892969146188931,1285,1352,Montana,Robert Morris,1627.389884073406,1587.507713446858,14,15
2025_1110_1285,0.7348741050939568,1285,1110,Montana,American Univ,1627.389884073406,1502.423605164438,14,16
2025_1285_1291,0.6876777647036237,1285,1291,Montana,Mt St Mary's,1627.389884073406,1537.4161568127138,14,16
2025_1222_1285,0.05838130162457462,1285,1222,Montana,Houston,1627.389884073406,1950.0503392666685,14,1
2025_1285_1397,0.0962820632269598,1285,1397,Montana,Tennessee,1627.389884073406,1867.760513953852,14,2
2025_1246_1285,0.17744176421229377,1285,1246,Montana,Kentucky,1627.389884073406,1760.5286669648633,14,3
2025_1285_1345,0.15046162398140298,1285,1345,Montana,Purdue,1627.389884073406,1790.5049240062785,14,4
2025_1155_1285,0.15004663050081243,1285,1155,Montana,Clemson,1627.389884073406,1790.9989825246012,14,5
2025_1228_1285,0.1991753662492761,1285,1228,Montana,Illinois,1627.389884073406,1738.895513846784,14,6
2025_1285_1417,0.24686430828137926,1285,1417,Montana,UCLA,1627.389884073406,1696.9351080410813,14,7
2025_1211_1285,0.13472984625812393,1285,1211,Montana,Gonzaga,1627.389884073406,1820.080652363969,14,8
2025_1208_1285,0.34376121106786134,1285,1208,Montana,Georgia,1627.389884073406,1650.6716433038202,14,9
2025_1285_1429,0.22530118711590055,1285,1429,Montana,Utah St,1627.389884073406,1755.1191777265424,14,10
2025_1285_1400,0.3807817719543469,1285,1400,Montana,Texas,1627.389884073406,1656.2985376911856,14,11
2025_1285_1462,0.3499796186777676,1285,1462,Montana,Xavier,1627.389884073406,1676.4993612446326,14,11
2025_1270_1285,0.36359781826977944,1285,1270,Montana,McNeese St,1627.389884073406,1682.4785209993051,14,12
2025_1219_1285,0.3827981721024968,1285,1219,Montana,High Point,1627.389884073406,1684.9999559720443,14,13
2025_1285_1407,0.5173529243428647,1285,1407,Montana,Troy,1627.389884073406,1616.834853879259,14,14
2025_1285_1459,0.6662097988219404,1285,1459,Montana,Wofford,1627.389884073406,1537.341782572588,14,15
2025_1188_1285,0.7495948062783709,1285,1188,Montana,SIUE,1627.389884073406,1490.7257513541058,14,16
2025_1120_1285,0.07919091177178912,1285,1120,Montana,Auburn,1627.389884073406,1900.3128728934946,14,1
2025_1277_1285,0.1300069877310717,1285,1277,Montana,Michigan St,1627.389884073406,1816.332058092468,14,2
2025_1235_1285,0.15996291208148194,1285,1235,Montana,Iowa St,1627.389884073406,1779.4875897181623,14,3
2025_1285_1401,0.20241482913400766,1285,1401,Montana,Texas A&M,1627.389884073406,1735.8270446534461,14,4
2025_1276_1285,0.20933148508793006,1285,1276,Montana,Michigan,1627.389884073406,1729.3958457974386,14,5
2025_1279_1285,0.24671764541538838,1285,1279,Montana,Mississippi,1627.389884073406,1697.0550380157622,14,6
2025_1266_1285,0.1729546203957055,1285,1266,Montana,Marquette,1627.389884073406,1765.2488940225403,14,7
2025_1257_1285,0.23881711975766132,1285,1257,Montana,Louisville,1627.389884073406,1713.5881285897335,14,8
2025_1166_1285,0.20171471327655516,1285,1166,Montana,Creighton,1627.389884073406,1761.4870757227866,14,9
2025_1285_1307,0.2463692311086634,1285,1307,Montana,New Mexico,1627.389884073406,1737.3401376920212,14,10
2025_1285_1314,0.2719542938530655,1285,1314,Montana,North Carolina,1627.389884073406,1732.0718376880195,14,11
2025_1285_1361,0.28980830268722185,1285,1361,Montana,San Diego St,1627.389884073406,1718.632552659536,14,11
2025_1285_1471,0.2919072756404988,1285,1471,Montana,UC San Diego,1627.389884073406,1732.0857083956137,14,12
2025_1285_1463,0.3340722632042822,1285,1463,Montana,Yale,1627.389884073406,1717.2452238126552,14,13
2025_1252_1285,0.531495507271842,1285,1252,Montana,Lipscomb,1627.389884073406,1608.2148408183402,14,14
2025_1136_1285,0.5763647802891797,1285,1136,Montana,Bryant,1627.389884073406,1595.5930025243601,14,15
2025_1106_1285,0.8014166021304565,1285,1106,Montana,Alabama St,1627.389884073406,1445.3194949173894,14,16
2025_1285_1384,0.8511628832407503,1285,1384,Montana,St Francis PA,1627.389884073406,1392.3343840415646,14,16
2025_1196_1285,0.08561297863945198,1285,1196,Montana,Florida,1627.389884073406,1887.3965401334451,14,1
2025_1285_1385,0.1110094518429038,1285,1385,Montana,St John's,1627.389884073406,1843.627898958888,14,2
2025_1285_1403,0.1695593538609089,1285,1403,Montana,Texas Tech,1627.389884073406,1768.8852797354511,14,3
2025_1268_1285,0.21233374857174023,1285,1268,Montana,Maryland,1627.389884073406,1726.6530079386407,14,4
2025_1272_1285,0.13938156363508217,1285,1272,Montana,Memphis,1627.389884073406,1804.101743662243,14,5
2025_1281_1285,0.33906197329307297,1285,1281,Montana,Missouri,1627.389884073406,1628.84846306522,14,6
2025_1242_1285,0.19802462379980115,1285,1242,Montana,Kansas,1627.389884073406,1739.9945270353192,14,7
2025_1163_1285,0.13703633617852945,1285,1163,Montana,Connecticut,1627.389884073406,1817.094753861221,14,8
2025_1285_1328,0.34947417602570063,1285,1328,Montana,Oklahoma,1627.389884073406,1646.8371922255365,14,9
2025_1116_1285,0.36387797420627616,1285,1116,Montana,Arkansas,1627.389884073406,1652.2945168596477,14,10
2025_1179_1285,0.18438505863717194,1285,1179,Montana,Drake,1627.389884073406,1808.4056906385888,14,11
2025_1161_1285,0.2605661512967815,1285,1161,Montana,Colorado St,1627.389884073406,1755.9333491972916,14,12
2025_1213_1285,0.33979981361011863,1285,1213,Montana,Grand Canyon,1627.389884073406,1713.3482612768519,14,13
2025_1285_1423,0.4218139536859611,1285,1423,Montana,UNC Wilmington,1627.389884073406,1675.3212165451996,14,14
2025_1285_1303,0.6592695963201565,1285,1303,Montana,NE Omaha,1627.389884073406,1542.0616280843851,14,15
2025_1285_1313,0.6307932124075634,1285,1313,Montana,Norfolk St,1627.389884073406,1575.9738168627744,14,16
2025_1110_1352,0.6589086976758355,1352,1110,Robert Morris,American Univ,1587.507713446858,1502.423605164438,15,16
2025_1291_1352,0.6054498021415012,1352,1291,Robert Morris,Mt St Mary's,1587.507713446858,1537.4161568127138,15,16
2025_1222_1352,0.045521422608834065,1352,1222,Robert Morris,Houston,1587.507713446858,1950.0503392666685,15,1
2025_1352_1397,0.07574520405820104,1352,1397,Robert Morris,Tennessee,1587.507713446858,1867.760513953852,15,2
2025_1246_1352,0.14231985405252268,1352,1246,Robert Morris,Kentucky,1587.507713446858,1760.5286669648633,15,3
2025_1345_1352,0.11990158471354677,1352,1345,Robert Morris,Purdue,1587.507713446858,1790.5049240062785,15,4
2025_1155_1352,0.11955901765230935,1352,1155,Robert Morris,Clemson,1587.507713446858,1790.9989825246012,15,5
2025_1228_1352,0.16059148439318524,1352,1228,Robert Morris,Illinois,1587.507713446858,1738.895513846784,15,6
2025_1352_1417,0.20136513632115544,1352,1417,Robert Morris,UCLA,1587.507713446858,1696.9351080410813,15,7
2025_1211_1352,0.10083911159624004,1352,1211,Robert Morris,Gonzaga,1587.507713446858,1820.080652363969,15,8
2025_1208_1352,0.26744253049453787,1352,1208,Robert Morris,Georgia,1587.507713446858,1650.6716433038202,15,9
2025_1352_1429,0.16852798379388456,1352,1429,Robert Morris,Utah St,1587.507713446858,1755.1191777265424,15,10
2025_1352_1400,0.3000014514716761,1352,1400,Robert Morris,Texas,1587.507713446858,1656.2985376911856,15,11
2025_1352_1462,0.27285439849900756,1352,1462,Robert Morris,Xavier,1587.507713446858,1676.4993612446326,15,11
2025_1270_1352,0.2847863650176248,1352,1270,Robert Morris,McNeese St,1587.507713446858,1682.4785209993051,15,12
2025_1219_1352,0.30179857303231505,1352,1219,Robert Morris,High Point,1587.507713446858,1684.9999559720443,15,13
2025_1352_1407,0.42760730165148175,1352,1407,Robert Morris,Troy,1587.507713446858,1616.834853879259,15,14
2025_1352_1459,0.58176724953928,1352,1459,Robert Morris,Wofford,1587.507713446858,1537.341782572588,15,15
2025_1188_1352,0.6759875677560894,1352,1188,Robert Morris,SIUE,1587.507713446858,1490.7257513541058,15,16
2025_1120_1352,0.06204927490231129,1352,1120,Robert Morris,Auburn,1587.507713446858,1900.3128728934946,15,1
2025_1277_1352,0.10309728128095115,1352,1277,Robert Morris,Michigan St,1587.507713446858,1816.332058092468,15,2
2025_1235_1352,0.12776330446224737,1352,1235,Robert Morris,Iowa St,1587.507713446858,1779.4875897181623,15,3
2025_1352_1401,0.16333139440284944,1352,1401,Robert Morris,Texas A&M,1587.507713446858,1735.8270446534461,15,4
2025_1276_1352,0.1691958503610525,1352,1276,Robert Morris,Michigan,1587.507713446858,1729.3958457974386,15,5
2025_1279_1352,0.2012382819046626,1352,1279,Robert Morris,Mississippi,1587.507713446858,1697.0550380157622,15,6
2025_1266_1352,0.13857124926990533,1352,1266,Robert Morris,Marquette,1587.507713446858,1765.2488940225403,15,7
2025_1257_1352,0.1843211454522566,1352,1257,Robert Morris,Louisville,1587.507713446858,1713.5881285897335,15,8
2025_1166_1352,0.14973623886973345,1352,1166,Robert Morris,Creighton,1587.507713446858,1761.4870757227866,15,9
2025_1307_1352,0.18555873905101136,1352,1307,Robert Morris,New Mexico,1587.507713446858,1737.3401376920212,15,10
2025_1314_1352,0.20655959983724917,1352,1314,Robert Morris,North Carolina,1587.507713446858,1732.0718376880195,15,11
2025_1352_1361,0.221426124144993,1352,1361,Robert Morris,San Diego St,1587.507713446858,1718.632552659536,15,11
2025_1352_1471,0.22318547348956075,1352,1471,Robert Morris,UC San Diego,1587.507713446858,1732.0857083956137,15,12
2025_1352_1463,0.2590554887993758,1352,1463,Robert Morris,Yale,1587.507713446858,1717.2452238126552,15,13
2025_1252_1352,0.4415409395348405,1352,1252,Robert Morris,Lipscomb,1587.507713446858,1608.2148408183402,15,14
2025_1136_1352,0.4867052301210645,1352,1136,Robert Morris,Bryant,1587.507713446858,1595.5930025243601,15,15
2025_1106_1352,0.7377123427771958,1352,1106,Robert Morris,Alabama St,1587.507713446858,1445.3194949173894,15,16
2025_1352_1384,0.7994228963027958,1352,1384,Robert Morris,St Francis PA,1587.507713446858,1392.3343840415646,15,16
2025_1196_1352,0.06718264709935517,1352,1196,Robert Morris,Florida,1587.507713446858,1887.3965401334451,15,1
2025_1352_1385,0.08763588025240432,1352,1385,Robert Morris,St John's,1587.507713446858,1843.627898958888,15,2
2025_1352_1403,0.13574017956719522,1352,1403,Robert Morris,Texas Tech,1587.507713446858,1768.8852797354511,15,3
2025_1268_1352,0.17174752010393088,1352,1268,Robert Morris,Maryland,1587.507713446858,1726.6530079386407,15,4
2025_1272_1352,0.11077852322796461,1352,1272,Robert Morris,Memphis,1587.507713446858,1804.101743662243,15,5
2025_1281_1352,0.2829542179434743,1352,1281,Robert Morris,Missouri,1587.507713446858,1628.84846306522,15,6
2025_1242_1352,0.1596192295966975,1352,1242,Robert Morris,Kansas,1587.507713446858,1739.9945270353192,15,7
2025_1163_1352,0.1026342326733999,1352,1163,Robert Morris,Connecticut,1587.507713446858,1817.094753861221,15,8
2025_1328_1352,0.27241366091397173,1352,1328,Robert Morris,Oklahoma,1587.507713446858,1646.8371922255365,15,9
2025_1116_1352,0.2850329935513179,1352,1116,Robert Morris,Arkansas,1587.507713446858,1652.2945168596477,15,10
2025_1179_1352,0.13611074827487657,1352,1179,Robert Morris,Drake,1587.507713446858,1808.4056906385888,15,11
2025_1161_1352,0.19716825980623992,1352,1161,Robert Morris,Colorado St,1587.507713446858,1755.9333491972916,15,12
2025_1213_1352,0.2640067913341888,1352,1213,Robert Morris,Grand Canyon,1587.507713446858,1713.3482612768519,15,13
2025_1352_1423,0.3370672760446254,1352,1423,Robert Morris,UNC Wilmington,1587.507713446858,1675.3212165451996,15,14
2025_1303_1352,0.5741934848138176,1352,1303,Robert Morris,NE Omaha,1587.507713446858,1542.0616280843851,15,15
2025_1313_1352,0.5435299162852143,1352,1313,Robert Morris,Norfolk St,1587.507713446858,1575.9738168627744,15,16
2025_1110_1291,0.44270045565193683,1110,1291,American Univ,Mt St Mary's,1502.423605164438,1537.4161568127138,16,16
2025_1110_1222,0.026526284191503696,1110,1222,American Univ,Houston,1502.423605164438,1950.0503392666685,16,1
2025_1110_1397,0.04472933252029175,1110,1397,American Univ,Tennessee,1502.423605164438,1867.760513953852,16,2
2025_1110_1246,0.08659741295033907,1110,1246,American Univ,Kentucky,1502.423605164438,1760.5286669648633,16,3
2025_1110_1345,0.07221749356699059,1110,1345,American Univ,Purdue,1502.423605164438,1790.5049240062785,16,4
2025_1110_1155,0.07200001783137946,1110,1155,American Univ,Clemson,1502.423605164438,1790.9989825246012,16,5
2025_1110_1228,0.09853705311448374,1110,1228,American Univ,Illinois,1502.423605164438,1738.895513846784,16,6
2025_1110_1417,0.12591874079391693,1110,1417,American Univ,UCLA,1502.423605164438,1696.9351080410813,16,7
2025_1110_1211,0.06021734143979782,1110,1211,American Univ,Gonzaga,1502.423605164438,1820.080652363969,16,8
2025_1110_1208,0.1633954986290005,1110,1208,American Univ,Georgia,1502.423605164438,1650.6716433038202,16,9
2025_1110_1429,0.0949593787950449,1110,1429,American Univ,Utah St,1502.423605164438,1755.1191777265424,16,10
2025_1110_1400,0.18157310283949463,1110,1400,American Univ,Texas,1502.423605164438,1656.2985376911856,16,11
2025_1110_1462,0.1626524898988265,1110,1462,American Univ,Xavier,1502.423605164438,1676.4993612446326,16,11
2025_1110_1270,0.17089793292850322,1110,1270,American Univ,McNeese St,1502.423605164438,1682.4785209993051,16,12
2025_1110_1219,0.18284610381799757,1110,1219,American Univ,High Point,1502.423605164438,1684.9999559720443,16,13
2025_1110_1407,0.2788737964745305,1110,1407,American Univ,Troy,1502.423605164438,1616.834853879259,16,14
2025_1110_1459,0.41862938677935535,1110,1459,American Univ,Wofford,1502.423605164438,1537.341782572588,16,15
2025_1110_1188,0.519230012784279,1110,1188,American Univ,SIUE,1502.423605164438,1490.7257513541058,16,16
2025_1110_1120,0.03642057136989859,1110,1120,American Univ,Auburn,1502.423605164438,1900.3128728934946,16,1
2025_1110_1277,0.06162818465588202,1110,1277,American Univ,Michigan St,1502.423605164438,1816.332058092468,16,2
2025_1110_1235,0.0772270072603012,1110,1235,American Univ,Iowa St,1502.423605164438,1779.4875897181623,16,3
2025_1110_1401,0.1003447931698747,1110,1401,American Univ,Texas A&M,1502.423605164438,1735.8270446534461,16,4
2025_1110_1276,0.1042294354406771,1110,1276,American Univ,Michigan,1502.423605164438,1729.3958457974386,16,5
2025_1110_1279,0.12583192687088415,1110,1279,American Univ,Mississippi,1502.423605164438,1697.0550380157622,16,6
2025_1110_1266,0.08417245942319382,1110,1266,American Univ,Marquette,1502.423605164438,1765.2488940225403,16,7
2025_1110_1257,0.11434637683177379,1110,1257,American Univ,Louisville,1502.423605164438,1713.5881285897335,16,8
2025_1110_1166,0.08609998110375254,1110,1166,American Univ,Creighton,1502.423605164438,1761.4870757227866,16,9
2025_1110_1307,0.10549889945050596,1110,1307,American Univ,New Mexico,1502.423605164438,1737.3401376920212,16,10
2025_1110_1314,0.11876011841428889,1110,1314,American Univ,North Carolina,1502.423605164438,1732.0718376880195,16,11
2025_1110_1361,0.12832957262032843,1110,1361,American Univ,San Diego St,1502.423605164438,1718.632552659536,16,11
2025_1110_1471,0.12947222799223304,1110,1471,American Univ,UC San Diego,1502.423605164438,1732.0857083956137,16,12
2025_1110_1463,0.1532521633605189,1110,1463,American Univ,Yale,1502.423605164438,1717.2452238126552,16,13
2025_1110_1252,0.29041994591089443,1110,1252,American Univ,Lipscomb,1502.423605164438,1608.2148408183402,16,14
2025_1110_1136,0.32923956370785795,1110,1136,American Univ,Bryant,1502.423605164438,1595.5930025243601,16,15
2025_1106_1110,0.5928301110605594,1110,1106,American Univ,Alabama St,1502.423605164438,1445.3194949173894,16,16
2025_1110_1384,0.6735436532007426,1110,1384,American Univ,St Francis PA,1502.423605164438,1392.3343840415646,16,16
2025_1110_1196,0.03952300962369524,1110,1196,American Univ,Florida,1502.423605164438,1887.3965401334451,16,1
2025_1110_1385,0.05202512478355269,1110,1385,American Univ,St John's,1502.423605164438,1843.627898958888,16,2
2025_1110_1403,0.08234653906608462,1110,1403,American Univ,Texas Tech,1502.423605164438,1768.8852797354511,16,3
2025_1110_1268,0.1059262553003419,1110,1268,American Univ,Maryland,1502.423605164438,1726.6530079386407,16,4
2025_1110_1272,0.06644868213595503,1110,1272,American Univ,Memphis,1502.423605164438,1804.101743662243,16,5
2025_1110_1281,0.18398069938191774,1110,1281,American Univ,Missouri,1502.423605164438,1628.84846306522,16,6
2025_1110_1242,0.09789667374864629,1110,1242,American Univ,Kansas,1502.423605164438,1739.9945270353192,16,7
2025_1110_1163,0.06133865158149,1110,1163,American Univ,Connecticut,1502.423605164438,1817.094753861221,16,8
2025_1110_1328,0.16687319246073548,1110,1328,American Univ,Oklahoma,1502.423605164438,1646.8371922255365,16,9
2025_1110_1116,0.17106952335146167,1110,1116,American Univ,Arkansas,1502.423605164438,1652.2945168596477,16,10
2025_1110_1179,0.0754100011189784,1110,1179,American Univ,Drake,1502.423605164438,1808.4056906385888,16,11
2025_1110_1161,0.11279315806609146,1110,1161,American Univ,Colorado St,1502.423605164438,1755.9333491972916,16,12
2025_1110_1213,0.15660867841809312,1110,1213,American Univ,Grand Canyon,1502.423605164438,1713.3482612768519,16,13
2025_1110_1423,0.20836224854563795,1110,1423,American Univ,UNC Wilmington,1502.423605164438,1675.3212165451996,16,14
2025_1110_1303,0.4110918839231236,1110,1303,American Univ,NE Omaha,1502.423605164438,1542.0616280843851,16,15
2025_1110_1313,0.38133794281474426,1110,1313,American Univ,Norfolk St,1502.423605164438,1575.9738168627744,16,16
2025_1222_1291,0.033165241387454365,1291,1222,Mt St Mary's,Houston,1537.4161568127138,1950.0503392666685,16,1
2025_1291_1397,0.0556636161537632,1291,1397,Mt St Mary's,Tennessee,1537.4161568127138,1867.760513953852,16,2
2025_1246_1291,0.10662415567148198,1291,1246,Mt St Mary's,Kentucky,1537.4161568127138,1760.5286669648633,16,3
2025_1291_1345,0.08924361902593879,1291,1345,Mt St Mary's,Purdue,1537.4161568127138,1790.5049240062785,16,4
2025_1155_1291,0.08897978815257569,1291,1155,Mt St Mary's,Clemson,1537.4161568127138,1790.9989825246012,16,5
2025_1228_1291,0.12095933113782625,1291,1228,Mt St Mary's,Illinois,1537.4161568127138,1738.895513846784,16,6
2025_1291_1417,0.15351073080523162,1291,1417,Mt St Mary's,UCLA,1537.4161568127138,1696.9351080410813,16,7
2025_1211_1291,0.07464190237284732,1291,1211,Mt St Mary's,Gonzaga,1537.4161568127138,1820.080652363969,16,8
2025_1208_1291,0.19734550988761088,1291,1208,Mt St Mary's,Georgia,1537.4161568127138,1650.6716433038202,16,9
2025_1291_1429,0.11667291744015666,1291,1429,Mt St Mary's,Utah St,1537.4161568127138,1755.1191777265424,16,10
2025_1291_1400,0.2183144272075883,1291,1400,Mt St Mary's,Texas,1537.4161568127138,1656.2985376911856,16,11
2025_1291_1462,0.19648437800342797,1291,1462,Mt St Mary's,Xavier,1537.4161568127138,1676.4993612446326,16,11
2025_1270_1291,0.20602290431910614,1291,1270,Mt St Mary's,McNeese St,1537.4161568127138,1682.4785209993051,16,12
2025_1219_1291,0.2197758477018999,1291,1219,Mt St Mary's,High Point,1537.4161568127138,1684.9999559720443,16,13
2025_1291_1407,0.3274270462121971,1291,1407,Mt St Mary's,Troy,1537.4161568127138,1616.834853879259,16,14
2025_1291_1459,0.47547147421364533,1291,1459,Mt St Mary's,Wofford,1537.4161568127138,1537.341782572588,16,15
2025_1188_1291,0.5761937344757776,1291,1188,Mt St Mary's,SIUE,1537.4161568127138,1490.7257513541058,16,16
2025_1120_1291,0.045420314987141414,1291,1120,Mt St Mary's,Auburn,1537.4161568127138,1900.3128728934946,16,1
2025_1277_1291,0.07636324026929556,1291,1277,Mt St Mary's,Michigan St,1537.4161568127138,1816.332058092468,16,2
2025_1235_1291,0.09531285293009974,1291,1235,Mt St Mary's,Iowa St,1537.4161568127138,1779.4875897181623,16,3
2025_1291_1401,0.12312224260937796,1291,1401,Mt St Mary's,Texas A&M,1537.4161568127138,1735.8270446534461,16,4
2025_1276_1291,0.12776344176997867,1291,1276,Mt St Mary's,Michigan,1537.4161568127138,1729.3958457974386,16,5
2025_1279_1291,0.15340823246113208,1291,1279,Mt St Mary's,Mississippi,1537.4161568127138,1697.0550380157622,16,6
2025_1266_1291,0.10370207096828743,1291,1266,Mt St Mary's,Marquette,1537.4161568127138,1765.2488940225403,16,7
2025_1257_1291,0.13980816605217006,1291,1257,Mt St Mary's,Louisville,1537.4161568127138,1713.5881285897335,16,8
2025_1166_1291,0.1060250396386572,1291,1166,Mt St Mary's,Creighton,1537.4161568127138,1761.4870757227866,16,9
2025_1291_1307,0.12927817154651625,1291,1307,Mt St Mary's,New Mexico,1537.4161568127138,1737.3401376920212,16,10
2025_1291_1314,0.14504376981303524,1291,1314,Mt St Mary's,North Carolina,1537.4161568127138,1732.0718376880195,16,11
2025_1291_1361,0.15635533950085712,1291,1361,Mt St Mary's,San Diego St,1537.4161568127138,1718.632552659536,16,11
2025_1291_1471,0.15770239091401833,1291,1471,Mt St Mary's,UC San Diego,1537.4161568127138,1732.0857083956137,16,12
2025_1291_1463,0.185562076963183,1291,1463,Mt St Mary's,Yale,1537.4161568127138,1717.2452238126552,16,13
2025_1252_1291,0.34003553874940856,1291,1252,Mt St Mary's,Lipscomb,1537.4161568127138,1608.2148408183402,16,14
2025_1136_1291,0.38191760141079534,1291,1136,Mt St Mary's,Bryant,1537.4161568127138,1595.5930025243601,16,15
2025_1106_1291,0.6470019691494853,1291,1106,Mt St Mary's,Alabama St,1537.4161568127138,1445.3194949173894,16,16
2025_1291_1384,0.722012454787966,1291,1384,Mt St Mary's,St Francis PA,1537.4161568127138,1392.3343840415646,16,16
2025_1196_1291,0.04925020066886011,1291,1196,Mt St Mary's,Florida,1537.4161568127138,1887.3965401334451,16,1
2025_1291_1385,0.06462224755049856,1291,1385,Mt St Mary's,St John's,1537.4161568127138,1843.627898958888,16,2
2025_1291_1403,0.10149945450323906,1291,1403,Mt St Mary's,Texas Tech,1537.4161568127138,1768.8852797354511,16,3
2025_1268_1291,0.1297878763341446,1291,1268,Mt St Mary's,Maryland,1537.4161568127138,1726.6530079386407,16,4
2025_1272_1291,0.08223529357393702,1291,1272,Mt St Mary's,Memphis,1537.4161568127138,1804.101743662243,16,5
2025_1281_1291,0.22107760222595177,1291,1281,Mt St Mary's,Missouri,1537.4161568127138,1628.84846306522,16,6
2025_1242_1291,0.1201926612031197,1291,1242,Mt St Mary's,Kansas,1537.4161568127138,1739.9945270353192,16,7
2025_1163_1291,0.07601008844887315,1291,1163,Mt St Mary's,Connecticut,1537.4161568127138,1817.094753861221,16,8
2025_1291_1328,0.2013718643342718,1291,1328,Mt St Mary's,Oklahoma,1537.4161568127138,1646.8371922255365,16,9
2025_1116_1291,0.2062209900733138,1291,1116,Mt St Mary's,Arkansas,1537.4161568127138,1652.2945168596477,16,10
2025_1179_1291,0.09311325896144834,1291,1179,Mt St Mary's,Drake,1537.4161568127138,1808.4056906385888,16,11
2025_1161_1291,0.13796296453920934,1291,1161,Mt St Mary's,Colorado St,1537.4161568127138,1755.9333491972916,16,12
2025_1213_1291,0.18946789766831898,1291,1213,Mt St Mary's,Grand Canyon,1537.4161568127138,1713.3482612768519,16,13
2025_1291_1423,0.24887594777651909,1291,1423,Mt St Mary's,UNC Wilmington,1537.4161568127138,1675.3212165451996,16,14
2025_1291_1303,0.4677339237811135,1291,1303,Mt St Mary's,NE Omaha,1537.4161568127138,1542.0616280843851,16,15
2025_1291_1313,0.4369219452830947,1291,1313,Mt St Mary's,Norfolk St,1537.4161568127138,1575.9738168627744,16,16
2025_1222_1397,0.6547651515440678,1222,1397,Houston,Tennessee,1950.0503392666685,1867.760513953852,1,2
2025_1222_1246,0.8091030248724139,1222,1246,Houston,Kentucky,1950.0503392666685,1760.5286669648633,1,3
2025_1222_1345,0.7934202270390363,1222,1345,Houston,Purdue,1950.0503392666685,1790.5049240062785,1,4
2025_1155_1222,0.808624664632744,1222,1155,Houston,Clemson,1950.0503392666685,1790.9989825246012,1,5
2025_1222_1228,0.8679048427586267,1222,1228,Houston,Illinois,1950.0503392666685,1738.895513846784,1,6
2025_1222_1417,0.9052776298113624,1222,1417,Houston,UCLA,1950.0503392666685,1696.9351080410813,1,7
2025_1211_1222,0.8194947195254031,1222,1211,Houston,Gonzaga,1950.0503392666685,1820.080652363969,1,8
2025_1208_1222,0.9326067260461671,1222,1208,Houston,Georgia,1950.0503392666685,1650.6716433038202,1,9
2025_1222_1429,0.8743848142416013,1222,1429,Houston,Utah St,1950.0503392666685,1755.1191777265424,1,10
2025_1222_1400,0.9302424817529604,1222,1400,Houston,Texas,1950.0503392666685,1656.2985376911856,1,11
2025_1222_1462,0.9211098272350006,1222,1462,Houston,Xavier,1950.0503392666685,1676.4993612446326,1,11
2025_1222_1270,0.9182036681242345,1222,1270,Houston,McNeese St,1950.0503392666685,1682.4785209993051,1,12
2025_1219_1222,0.9169491367695689,1222,1219,Houston,High Point,1950.0503392666685,1684.9999559720443,1,13
2025_1222_1407,0.9453209746865117,1222,1407,Houston,Troy,1950.0503392666685,1616.834853879259,1,14
2025_1222_1459,0.9668504444028612,1222,1459,Houston,Wofford,1950.0503392666685,1537.341782572588,1,15
2025_1188_1222,0.9753901971062582,1222,1188,Houston,SIUE,1950.0503392666685,1490.7257513541058,1,16
2025_1120_1222,0.5810812408457875,1222,1120,Houston,Auburn,1950.0503392666685,1900.3128728934946,1,1
2025_1222_1277,0.726788638828613,1222,1277,Houston,Michigan St,1950.0503392666685,1816.332058092468,1,2
2025_1222_1235,0.789092705193928,1222,1235,Houston,Iowa St,1950.0503392666685,1779.4875897181623,1,3
2025_1222_1401,0.8462363463291509,1222,1401,Houston,Texas A&M,1950.0503392666685,1735.8270446534461,1,4
2025_1222_1276,0.8637007908530919,1222,1276,Houston,Michigan,1950.0503392666685,1729.3958457974386,1,5
2025_1222_1279,0.8963972927610218,1222,1279,Houston,Mississippi,1950.0503392666685,1697.0550380157622,1,6
2025_1222_1266,0.8591039746564391,1222,1266,Houston,Marquette,1950.0503392666685,1765.2488940225403,1,7
2025_1222_1257,0.9014572794232035,1222,1257,Houston,Louisville,1950.0503392666685,1713.5881285897335,1,8
2025_1166_1222,0.8697108056270082,1222,1166,Houston,Creighton,1950.0503392666685,1761.4870757227866,1,9
2025_1222_1307,0.8866793919894304,1222,1307,Houston,New Mexico,1950.0503392666685,1737.3401376920212,1,10
2025_1222_1314,0.890115517389708,1222,1314,Houston,North Carolina,1950.0503392666685,1732.0718376880195,1,11
2025_1222_1361,0.8984697410903983,1222,1361,Houston,San Diego St,1950.0503392666685,1718.632552659536,1,11
2025_1222_1471,0.8901065916449982,1222,1471,Houston,UC San Diego,1950.0503392666685,1732.0857083956137,1,12
2025_1222_1463,0.899299298445723,1222,1463,Houston,Yale,1950.0503392666685,1717.2452238126552,1,13
2025_1222_1252,0.9481792936355208,1222,1252,Houston,Lipscomb,1950.0503392666685,1608.2148408183402,1,14
2025_1136_1222,0.9521107605435737,1222,1136,Houston,Bryant,1950.0503392666685,1595.5930025243601,1,15
2025_1106_1222,0.9816284946268252,1222,1106,Houston,Alabama St,1950.0503392666685,1445.3194949173894,1,16
2025_1222_1384,0.9869649326704394,1222,1384,Houston,St Francis PA,1950.0503392666685,1392.3343840415646,1,16
2025_1196_1222,0.6016123381738397,1222,1196,Houston,Florida,1950.0503392666685,1887.3965401334451,1,1
2025_1222_1385,0.6897210945675409,1222,1385,Houston,St John's,1950.0503392666685,1843.627898958888,1,2
2025_1222_1403,0.8004670152094453,1222,1403,Houston,Texas Tech,1950.0503392666685,1768.8852797354511,1,3
2025_1222_1268,0.8539266327290805,1222,1268,Houston,Maryland,1950.0503392666685,1726.6530079386407,1,4
2025_1222_1272,0.7949291753661103,1222,1272,Houston,Memphis,1950.0503392666685,1804.101743662243,1,5
2025_1222_1281,0.931281213523785,1222,1281,Houston,Missouri,1950.0503392666685,1628.84846306522,1,6
2025_1222_1242,0.8780413401911293,1222,1242,Houston,Kansas,1950.0503392666685,1739.9945270353192,1,7
2025_1163_1222,0.8223822577502978,1222,1163,Houston,Connecticut,1950.0503392666685,1817.094753861221,1,8
2025_1222_1328,0.9341750269096626,1222,1328,Houston,Oklahoma,1950.0503392666685,1646.8371922255365,1,9
2025_1116_1222,0.9319325802492201,1222,1116,Houston,Arkansas,1950.0503392666685,1652.2945168596477,1,10
2025_1179_1222,0.8305788626868031,1222,1179,Houston,Drake,1950.0503392666685,1808.4056906385888,1,11
2025_1161_1222,0.8737953207623079,1222,1161,Houston,Colorado St,1950.0503392666685,1755.9333491972916,1,12
2025_1213_1222,0.9015973714042789,1222,1213,Houston,Grand Canyon,1950.0503392666685,1713.3482612768519,1,13
2025_1222_1423,0.9216712153740693,1222,1423,Houston,UNC Wilmington,1950.0503392666685,1675.3212165451996,1,14
2025_1222_1303,0.9658406831146076,1222,1303,Houston,NE Omaha,1950.0503392666685,1542.0616280843851,1,15
2025_1222_1313,0.9576640943143664,1222,1313,Houston,Norfolk St,1950.0503392666685,1575.9738168627744,1,16
2025_1246_1397,0.6908595096419283,1397,1246,Tennessee,Kentucky,1867.760513953852,1760.5286669648633,2,3
2025_1345_1397,0.6694314315478587,1397,1345,Tennessee,Purdue,1867.760513953852,1790.5049240062785,2,4
2025_1155_1397,0.6901983005433657,1397,1155,Tennessee,Clemson,1867.760513953852,1790.9989825246012,2,5
2025_1228_1397,0.7760002333809779,1397,1228,Tennessee,Illinois,1867.760513953852,1738.895513846784,2,6
2025_1397_1417,0.8344141067716169,1397,1417,Tennessee,UCLA,1867.760513953852,1696.9351080410813,2,7
2025_1211_1397,0.7121338513746353,1397,1211,Tennessee,Gonzaga,1867.760513953852,1820.080652363969,2,8
2025_1208_1397,0.8895417554381458,1397,1208,Tennessee,Georgia,1867.760513953852,1650.6716433038202,2,9
2025_1397_1429,0.8020137100624442,1397,1429,Tennessee,Utah St,1867.760513953852,1755.1191777265424,2,10
2025_1397_1400,0.8858516501205449,1397,1400,Tennessee,Texas,1867.760513953852,1656.2985376911856,2,11
2025_1397_1462,0.8717088409918622,1397,1462,Tennessee,Xavier,1867.760513953852,1676.4993612446326,2,11
2025_1270_1397,0.867245130123227,1397,1270,Tennessee,McNeese St,1867.760513953852,1682.4785209993051,2,12
2025_1219_1397,0.8653236694927157,1397,1219,Tennessee,High Point,1867.760513953852,1684.9999559720443,2,13
2025_1397_1407,0.9095929416367396,1397,1407,Tennessee,Troy,1867.760513953852,1616.834853879259,2,14
2025_1397_1459,0.9443620980988692,1397,1459,Tennessee,Wofford,1867.760513953852,1537.341782572588,2,15
2025_1188_1397,0.9584461513860575,1397,1188,Tennessee,SIUE,1867.760513953852,1490.7257513541058,2,16
2025_1120_1397,0.42242213001670764,1397,1120,Tennessee,Auburn,1867.760513953852,1900.3128728934946,2,1
2025_1277_1397,0.583786813381902,1397,1277,Tennessee,Michigan St,1867.760513953852,1816.332058092468,2,2
2025_1235_1397,0.6636077655239981,1397,1235,Tennessee,Iowa St,1867.760513953852,1779.4875897181623,2,3
2025_1397_1401,0.7437078473200595,1397,1401,Tennessee,Texas A&M,1867.760513953852,1735.8270446534461,2,4
2025_1276_1397,0.7696475485125964,1397,1276,Tennessee,Michigan,1867.760513953852,1729.3958457974386,2,5
2025_1279_1397,0.8202096520249915,1397,1279,Tennessee,Mississippi,1867.760513953852,1697.0550380157622,2,6
2025_1266_1397,0.7627500257223637,1397,1266,Tennessee,Marquette,1867.760513953852,1765.2488940225403,2,7
2025_1257_1397,0.8329060806565104,1397,1257,Tennessee,Louisville,1867.760513953852,1713.5881285897335,2,8
2025_1166_1397,0.795277335598195,1397,1166,Tennessee,Creighton,1867.760513953852,1761.4870757227866,2,9
2025_1307_1397,0.8199328964351413,1397,1307,Tennessee,New Mexico,1867.760513953852,1737.3401376920212,2,10
2025_1314_1397,0.8249934569166144,1397,1314,Tennessee,North Carolina,1867.760513953852,1732.0718376880195,2,11
2025_1361_1397,0.8373942812088636,1397,1361,Tennessee,San Diego St,1867.760513953852,1718.632552659536,2,11
2025_1397_1471,0.8249802815129207,1397,1471,Tennessee,UC San Diego,1867.760513953852,1732.0857083956137,2,12
2025_1397_1463,0.8386332334176806,1397,1463,Tennessee,Yale,1867.760513953852,1717.2452238126552,2,13
2025_1252_1397,0.9141493110933712,1397,1252,Tennessee,Lipscomb,1867.760513953852,1608.2148408183402,2,14
2025_1136_1397,0.9204459078045636,1397,1136,Tennessee,Bryant,1867.760513953852,1595.5930025243601,2,15
2025_1106_1397,0.9688423643113431,1397,1106,Tennessee,Alabama St,1867.760513953852,1445.3194949173894,2,16
2025_1384_1397,0.9778088750933044,1397,1384,Tennessee,St Francis PA,1867.760513953852,1392.3343840415646,2,16
2025_1196_1397,0.44327921102160867,1397,1196,Tennessee,Florida,1867.760513953852,1887.3965401334451,2,1
2025_1385_1397,0.5396078383145181,1397,1385,Tennessee,St John's,1867.760513953852,1843.627898958888,2,2
2025_1397_1403,0.6789965221256996,1397,1403,Tennessee,Texas Tech,1867.760513953852,1768.8852797354511,2,3
2025_1268_1397,0.7550416191555062,1397,1268,Tennessee,Maryland,1867.760513953852,1726.6530079386407,2,4
2025_1272_1397,0.6714710408296136,1397,1272,Tennessee,Memphis,1867.760513953852,1804.101743662243,2,5
2025_1281_1397,0.8772332761734996,1397,1281,Tennessee,Missouri,1867.760513953852,1628.84846306522,2,6
2025_1242_1397,0.7914948819792721,1397,1242,Tennessee,Kansas,1867.760513953852,1739.9945270353192,2,7
2025_1163_1397,0.7161439497169005,1397,1163,Tennessee,Connecticut,1867.760513953852,1817.094753861221,2,8
2025_1328_1397,0.8919961574261356,1397,1328,Tennessee,Oklahoma,1867.760513953852,1646.8371922255365,2,9
2025_1116_1397,0.8884883327986471,1397,1116,Tennessee,Arkansas,1867.760513953852,1652.2945168596477,2,10
2025_1179_1397,0.7404609703259105,1397,1179,Tennessee,Drake,1867.760513953852,1808.4056906385888,2,11
2025_1161_1397,0.8011618220462139,1397,1161,Tennessee,Colorado St,1867.760513953852,1755.9333491972916,2,12
2025_1213_1397,0.8420726305765,1397,1213,Tennessee,Grand Canyon,1867.760513953852,1713.3482612768519,2,13
2025_1397_1423,0.8725731377199991,1397,1423,Tennessee,UNC Wilmington,1867.760513953852,1675.3212165451996,2,14
2025_1303_1397,0.9427079156458917,1397,1303,Tennessee,NE Omaha,1867.760513953852,1542.0616280843851,2,15
2025_1313_1397,0.9293988813580455,1397,1313,Tennessee,Norfolk St,1867.760513953852,1575.9738168627744,2,16
2025_1246_1345,0.4753884018456179,1246,1345,Kentucky,Purdue,1760.5286669648633,1790.5049240062785,3,4
2025_1155_1246,0.4992264709050799,1246,1155,Kentucky,Clemson,1760.5286669648633,1790.9989825246012,3,5
2025_1228_1246,0.6078698883241391,1246,1228,Kentucky,Illinois,1760.5286669648633,1738.895513846784,3,6
2025_1246_1417,0.6927695110843155,1246,1417,Kentucky,UCLA,1760.5286669648633,1696.9351080410813,3,7
2025_1211_1246,0.5253855598392327,1246,1211,Kentucky,Gonzaga,1760.5286669648633,1820.080652363969,3,8
2025_1208_1246,0.7883189815866547,1246,1208,Kentucky,Georgia,1760.5286669648633,1650.6716433038202,3,9
2025_1246_1429,0.666738285285138,1246,1429,Kentucky,Utah St,1760.5286669648633,1755.1191777265424,3,10
2025_1246_1400,0.7930800479458496,1246,1400,Kentucky,Texas,1760.5286669648633,1656.2985376911856,3,11
2025_1246_1462,0.7704218405901303,1246,1462,Kentucky,Xavier,1760.5286669648633,1676.4993612446326,3,11
2025_1246_1270,0.7633905538529702,1246,1270,Kentucky,McNeese St,1760.5286669648633,1682.4785209993051,3,12
2025_1219_1246,0.7603812508089238,1246,1219,Kentucky,High Point,1760.5286669648633,1684.9999559720443,3,13
2025_1246_1407,0.8324674419625328,1246,1407,Kentucky,Troy,1760.5286669648633,1616.834853879259,3,14
2025_1246_1459,0.8934224433078688,1246,1459,Kentucky,Wofford,1760.5286669648633,1537.341782572588,3,15
2025_1188_1246,0.9192993224266046,1246,1188,Kentucky,SIUE,1760.5286669648633,1490.7257513541058,3,16
2025_1120_1246,0.24657211420926986,1246,1120,Kentucky,Auburn,1760.5286669648633,1900.3128728934946,3,1
2025_1246_1277,0.38561024397731736,1246,1277,Kentucky,Michigan St,1760.5286669648633,1816.332058092468,3,2
2025_1235_1246,0.4688585523038492,1246,1235,Kentucky,Iowa St,1760.5286669648633,1779.4875897181623,3,3
2025_1246_1401,0.5649287019139827,1246,1401,Kentucky,Texas A&M,1760.5286669648633,1735.8270446534461,3,4
2025_1246_1276,0.5992116743382132,1246,1276,Kentucky,Michigan,1760.5286669648633,1729.3958457974386,3,5
2025_1246_1279,0.6712022944282293,1246,1279,Kentucky,Mississippi,1760.5286669648633,1697.0550380157622,3,6
2025_1246_1266,0.5899298465478526,1246,1266,Kentucky,Marquette,1760.5286669648633,1765.2488940225403,3,7
2025_1246_1257,0.6904500554205466,1246,1257,Kentucky,Louisville,1760.5286669648633,1713.5881285897335,3,8
2025_1166_1246,0.6423981614874055,1246,1166,Kentucky,Creighton,1760.5286669648633,1761.4870757227866,3,9
2025_1246_1307,0.6922020835337169,1246,1307,Kentucky,New Mexico,1760.5286669648633,1737.3401376920212,3,10
2025_1246_1314,0.6995369134705478,1246,1314,Kentucky,North Carolina,1760.5286669648633,1732.0718376880195,3,11
2025_1246_1361,0.7177864852526148,1246,1361,Kentucky,San Diego St,1760.5286669648633,1718.632552659536,3,11
2025_1246_1471,0.6995177331469883,1246,1471,Kentucky,UC San Diego,1760.5286669648633,1732.0857083956137,3,12
2025_1246_1463,0.719631648231216,1246,1463,Kentucky,Yale,1760.5286669648633,1717.2452238126552,3,13
2025_1246_1252,0.8402280518657956,1246,1252,Kentucky,Lipscomb,1760.5286669648633,1608.2148408183402,3,14
2025_1136_1246,0.8510629804498472,1246,1136,Kentucky,Bryant,1760.5286669648633,1595.5930025243601,3,15
2025_1106_1246,0.9388648265236712,1246,1106,Kentucky,Alabama St,1760.5286669648633,1445.3194949173894,3,16
2025_1246_1384,0.9560670467586004,1246,1384,Kentucky,St Francis PA,1760.5286669648633,1392.3343840415646,3,16
2025_1196_1246,0.2626956462213186,1246,1196,Kentucky,Florida,1760.5286669648633,1887.3965401334451,3,1
2025_1246_1385,0.34403215256444614,1246,1385,Kentucky,St John's,1760.5286669648633,1843.627898958888,3,2
2025_1246_1403,0.48625930925485383,1246,1403,Kentucky,Texas Tech,1760.5286669648633,1768.8852797354511,3,3
2025_1246_1268,0.5797004654836394,1246,1268,Kentucky,Maryland,1760.5286669648633,1726.6530079386407,3,4
2025_1246_1272,0.47769113282098297,1246,1272,Kentucky,Memphis,1760.5286669648633,1804.101743662243,3,5
2025_1246_1281,0.7617587876730356,1246,1281,Kentucky,Missouri,1760.5286669648633,1628.84846306522,3,6
2025_1242_1246,0.6294409356391385,1246,1242,Kentucky,Kansas,1760.5286669648633,1739.9945270353192,3,7
2025_1163_1246,0.5302812203407097,1246,1163,Kentucky,Connecticut,1760.5286669648633,1817.094753861221,3,8
2025_1246_1328,0.7924979069411203,1246,1328,Kentucky,Oklahoma,1760.5286669648633,1646.8371922255365,3,9
2025_1116_1246,0.7973694669317372,1246,1116,Kentucky,Arkansas,1760.5286669648633,1652.2945168596477,3,10
2025_1179_1246,0.5848965906448181,1246,1179,Kentucky,Drake,1760.5286669648633,1808.4056906385888,3,11
2025_1161_1246,0.6655470670188663,1246,1161,Kentucky,Colorado St,1760.5286669648633,1755.9333491972916,3,12
2025_1213_1246,0.7247750553983764,1246,1213,Kentucky,Grand Canyon,1760.5286669648633,1713.3482612768519,3,13
2025_1246_1423,0.7717898653014102,1246,1423,Kentucky,UNC Wilmington,1760.5286669648633,1675.3212165451996,3,14
2025_1246_1303,0.8904294840620167,1246,1303,Kentucky,NE Omaha,1760.5286669648633,1542.0616280843851,3,15
2025_1246_1313,0.8666934052966115,1246,1313,Kentucky,Norfolk St,1760.5286669648633,1575.9738168627744,3,16
2025_1155_1345,0.5238398844940577,1345,1155,Purdue,Clemson,1790.5049240062785,1790.9989825246012,4,5
2025_1228_1345,0.6310893955706142,1345,1228,Purdue,Illinois,1790.5049240062785,1738.895513846784,4,6
2025_1345_1417,0.7133325977637248,1345,1417,Purdue,UCLA,1790.5049240062785,1696.9351080410813,4,7
2025_1211_1345,0.5498725207396374,1345,1211,Purdue,Gonzaga,1790.5049240062785,1820.080652363969,4,8
2025_1208_1345,0.8042935234299173,1345,1208,Purdue,Georgia,1790.5049240062785,1650.6716433038202,4,9
2025_1345_1429,0.6952732736889868,1345,1429,Purdue,Utah St,1790.5049240062785,1755.1191777265424,4,10
2025_1345_1400,0.8235810471352389,1345,1400,Purdue,Texas,1790.5049240062785,1656.2985376911856,4,11
2025_1345_1462,0.8034349668303137,1345,1462,Purdue,Xavier,1790.5049240062785,1676.4993612446326,4,11
2025_1270_1345,0.7971485527609783,1345,1270,Purdue,McNeese St,1790.5049240062785,1682.4785209993051,4,12
2025_1219_1345,0.7944529942543305,1345,1219,Purdue,High Point,1790.5049240062785,1684.9999559720443,4,13
2025_1345_1407,0.8582006183414569,1345,1407,Purdue,Troy,1790.5049240062785,1616.834853879259,4,14
2025_1345_1459,0.9107961424317387,1345,1459,Purdue,Wofford,1790.5049240062785,1537.341782572588,4,15
2025_1188_1345,0.9327721296693501,1345,1188,Purdue,SIUE,1790.5049240062785,1490.7257513541058,4,16
2025_1120_1345,0.26532888845274494,1345,1120,Purdue,Auburn,1790.5049240062785,1900.3128728934946,4,1
2025_1277_1345,0.4091993120828653,1345,1277,Purdue,Michigan St,1790.5049240062785,1816.332058092468,4,2
2025_1235_1345,0.49345006992372875,1345,1235,Purdue,Iowa St,1790.5049240062785,1779.4875897181623,4,3
2025_1345_1401,0.5889715939529291,1345,1401,Purdue,Texas A&M,1790.5049240062785,1735.8270446534461,4,4
2025_1276_1345,0.6226255845524156,1345,1276,Purdue,Michigan,1790.5049240062785,1729.3958457974386,4,5
2025_1279_1345,0.6925682986633281,1345,1279,Purdue,Mississippi,1790.5049240062785,1697.0550380157622,4,6
2025_1266_1345,0.6135362774984076,1345,1266,Purdue,Marquette,1790.5049240062785,1765.2488940225403,4,7
2025_1257_1345,0.7111036457912331,1345,1257,Purdue,Louisville,1790.5049240062785,1713.5881285897335,4,8
2025_1166_1345,0.6647008862170941,1345,1166,Purdue,Creighton,1790.5049240062785,1761.4870757227866,4,9
2025_1307_1345,0.7194741215577304,1345,1307,Purdue,New Mexico,1790.5049240062785,1737.3401376920212,4,10
2025_1314_1345,0.739293913765953,1345,1314,Purdue,North Carolina,1790.5049240062785,1732.0718376880195,4,11
2025_1345_1361,0.7559710945704798,1345,1361,Purdue,San Diego St,1790.5049240062785,1718.632552659536,4,11
2025_1345_1471,0.7392763254586537,1345,1471,Purdue,UC San Diego,1790.5049240062785,1732.0857083956137,4,12
2025_1345_1463,0.7576508926533667,1345,1463,Purdue,Yale,1790.5049240062785,1717.2452238126552,4,13
2025_1252_1345,0.8649625550428894,1345,1252,Purdue,Lipscomb,1790.5049240062785,1608.2148408183402,4,14
2025_1136_1345,0.8743709108947381,1345,1136,Purdue,Bryant,1790.5049240062785,1595.5930025243601,4,15
2025_1106_1345,0.949251531818108,1345,1106,Purdue,Alabama St,1790.5049240062785,1445.3194949173894,4,16
2025_1345_1384,0.9636443124292458,1345,1384,Purdue,St Francis PA,1790.5049240062785,1392.3343840415646,4,16
2025_1196_1345,0.2822195093469879,1345,1196,Purdue,Florida,1790.5049240062785,1887.3965401334451,4,1
2025_1345_1385,0.36659539343000197,1345,1385,Purdue,St John's,1790.5049240062785,1843.627898958888,4,2
2025_1345_1403,0.5108856326378488,1345,1403,Purdue,Texas Tech,1790.5049240062785,1768.8852797354511,4,3
2025_1268_1345,0.6034999796841353,1345,1268,Purdue,Maryland,1790.5049240062785,1726.6530079386407,4,4
2025_1272_1345,0.5023077994279265,1345,1272,Purdue,Memphis,1790.5049240062785,1804.101743662243,4,5
2025_1281_1345,0.779176235245965,1345,1281,Purdue,Missouri,1790.5049240062785,1628.84846306522,4,6
2025_1242_1345,0.6521141442916437,1345,1242,Purdue,Kansas,1790.5049240062785,1739.9945270353192,4,7
2025_1163_1345,0.5547296651541946,1345,1163,Purdue,Connecticut,1790.5049240062785,1817.094753861221,4,8
2025_1328_1345,0.8082338006737955,1345,1328,Purdue,Oklahoma,1790.5049240062785,1646.8371922255365,4,9
2025_1116_1345,0.8177763258107293,1345,1116,Purdue,Arkansas,1790.5049240062785,1652.2945168596477,4,10
2025_1179_1345,0.6318393160760865,1345,1179,Purdue,Drake,1790.5049240062785,1808.4056906385888,4,11
2025_1161_1345,0.7079237381568977,1345,1161,Purdue,Colorado St,1790.5049240062785,1755.9333491972916,4,12
2025_1213_1345,0.7623271834507568,1345,1213,Purdue,Grand Canyon,1790.5049240062785,1713.3482612768519,4,13
2025_1345_1423,0.8046561502533435,1345,1423,Purdue,UNC Wilmington,1790.5049240062785,1675.3212165451996,4,14
2025_1303_1345,0.9082409698673002,1345,1303,Purdue,NE Omaha,1790.5049240062785,1542.0616280843851,4,15
2025_1313_1345,0.8878775064815639,1345,1313,Purdue,Norfolk St,1790.5049240062785,1575.9738168627744,4,16
2025_1155_1228,0.6086071684745614,1155,1228,Clemson,Illinois,1790.9989825246012,1738.895513846784,5,6
2025_1155_1417,0.6934276699936736,1155,1417,Clemson,UCLA,1790.9989825246012,1696.9351080410813,5,7
2025_1155_1211,0.5261570344069585,1155,1211,Clemson,Gonzaga,1790.9989825246012,1820.080652363969,5,8
2025_1155_1208,0.7888348432889039,1155,1208,Clemson,Georgia,1790.9989825246012,1650.6716433038202,5,9
2025_1155_1429,0.6746862514324449,1155,1429,Clemson,Utah St,1790.9989825246012,1755.1191777265424,5,10
2025_1155_1400,0.8143100066391796,1155,1400,Clemson,Texas,1790.9989825246012,1656.2985376911856,5,11
2025_1155_1462,0.793370843126849,1155,1462,Clemson,Xavier,1790.9989825246012,1676.4993612446326,5,11
2025_1155_1270,0.7976736307040002,1155,1270,Clemson,McNeese St,1790.9989825246012,1682.4785209993051,5,12
2025_1155_1219,0.7949832551060252,1155,1219,Clemson,High Point,1790.9989825246012,1684.9999559720443,5,13
2025_1155_1407,0.8585956969120684,1155,1407,Clemson,Troy,1790.9989825246012,1616.834853879259,5,14
2025_1155_1459,0.9110598672373802,1155,1459,Clemson,Wofford,1790.9989825246012,1537.341782572588,5,15
2025_1155_1188,0.9329756651368857,1155,1188,Clemson,SIUE,1790.9989825246012,1490.7257513541058,5,16
2025_1120_1155,0.24714737261502967,1155,1120,Clemson,Auburn,1790.9989825246012,1900.3128728934946,5,1
2025_1155_1277,0.38634354605045695,1155,1277,Clemson,Michigan St,1790.9989825246012,1816.332058092468,5,2
2025_1155_1235,0.4696291550080003,1155,1235,Clemson,Iowa St,1790.9989825246012,1779.4875897181623,5,3
2025_1155_1401,0.5656890342816034,1155,1401,Clemson,Texas A&M,1790.9989825246012,1735.8270446534461,5,4
2025_1155_1276,0.5999545201475333,1155,1276,Clemson,Michigan,1790.9989825246012,1729.3958457974386,5,5
2025_1155_1279,0.6718847727516772,1155,1279,Clemson,Mississippi,1790.9989825246012,1697.0550380157622,5,6
2025_1155_1266,0.5906781441398422,1155,1266,Clemson,Marquette,1790.9989825246012,1765.2488940225403,5,7
2025_1155_1257,0.6911109676695599,1155,1257,Clemson,Louisville,1790.9989825246012,1713.5881285897335,5,8
2025_1155_1166,0.6431086374198635,1155,1166,Clemson,Creighton,1790.9989825246012,1761.4870757227866,5,9
2025_1155_1307,0.6998161800713207,1155,1307,Clemson,New Mexico,1790.9989825246012,1737.3401376920212,5,10
2025_1155_1314,0.7270613996779132,1155,1314,Clemson,North Carolina,1790.9989825246012,1732.0718376880195,5,11
2025_1155_1361,0.7442503876107743,1155,1361,Clemson,San Diego St,1790.9989825246012,1718.632552659536,5,11
2025_1155_1471,0.739902326838662,1155,1471,Clemson,UC San Diego,1790.9989825246012,1732.0857083956137,5,12
2025_1155_1463,0.7582472034475862,1155,1463,Clemson,Yale,1790.9989825246012,1717.2452238126552,5,13
2025_1155_1252,0.8653417497779645,1155,1252,Clemson,Lipscomb,1790.9989825246012,1608.2148408183402,5,14
2025_1136_1155,0.8747275126090064,1155,1136,Clemson,Bryant,1790.9989825246012,1595.5930025243601,5,15
2025_1106_1155,0.949407881211142,1155,1106,Clemson,Alabama St,1790.9989825246012,1445.3194949173894,5,16
2025_1155_1384,0.9637580125153387,1155,1384,Clemson,St Francis PA,1790.9989825246012,1392.3343840415646,5,16
2025_1155_1196,0.26329537558770777,1155,1196,Clemson,Florida,1790.9989825246012,1887.3965401334451,5,1
2025_1155_1385,0.34473075141058734,1155,1385,Clemson,St John's,1790.9989825246012,1843.627898958888,5,2
2025_1155_1403,0.48703228702361434,1155,1403,Clemson,Texas Tech,1790.9989825246012,1768.8852797354511,5,3
2025_1155_1268,0.5804541543816888,1155,1268,Clemson,Maryland,1790.9989825246012,1726.6530079386407,5,4
2025_1155_1272,0.47846317531005944,1155,1272,Clemson,Memphis,1790.9989825246012,1804.101743662243,5,5
2025_1155_1281,0.7623198607249219,1155,1281,Clemson,Missouri,1790.9989825246012,1628.84846306522,5,6
2025_1155_1242,0.6301623340269263,1155,1242,Clemson,Kansas,1790.9989825246012,1739.9945270353192,5,7
2025_1155_1163,0.5310518400763299,1155,1163,Clemson,Connecticut,1790.9989825246012,1817.094753861221,5,8
2025_1155_1328,0.7930062587602088,1155,1328,Clemson,Oklahoma,1790.9989825246012,1646.8371922255365,5,9
2025_1116_1155,0.8031219467634402,1155,1116,Clemson,Arkansas,1790.9989825246012,1652.2945168596477,5,10
2025_1155_1179,0.6171757457945342,1155,1179,Clemson,Drake,1790.9989825246012,1808.4056906385888,5,11
2025_1155_1161,0.708595344803827,1155,1161,Clemson,Colorado St,1790.9989825246012,1755.9333491972916,5,12
2025_1155_1213,0.762915588554293,1155,1213,Clemson,Grand Canyon,1790.9989825246012,1713.3482612768519,5,13
2025_1155_1423,0.805166544644131,1155,1423,Clemson,UNC Wilmington,1790.9989825246012,1675.3212165451996,5,14
2025_1155_1303,0.9085114900474889,1155,1303,Clemson,NE Omaha,1790.9989825246012,1542.0616280843851,5,15
2025_1155_1313,0.8882006714481165,1155,1313,Clemson,Norfolk St,1790.9989825246012,1575.9738168627744,5,16
2025_1228_1417,0.5926018867905071,1228,1417,Illinois,UCLA,1738.895513846784,1696.9351080410813,6,7
2025_1211_1228,0.4166021860682282,1228,1211,Illinois,Gonzaga,1738.895513846784,1820.080652363969,6,8
2025_1208_1228,0.7060871004310383,1228,1208,Illinois,Georgia,1738.895513846784,1650.6716433038202,6,9
2025_1228_1429,0.5715055471585253,1228,1429,Illinois,Utah St,1738.895513846784,1755.1191777265424,6,10
2025_1228_1400,0.7382323395212305,1228,1400,Illinois,Texas,1738.895513846784,1656.2985376911856,6,11
2025_1228_1462,0.7117510752603211,1228,1462,Illinois,Xavier,1738.895513846784,1676.4993612446326,6,11
2025_1228_1270,0.7237720857900216,1228,1270,Illinois,McNeese St,1738.895513846784,1682.4785209993051,6,12
2025_1219_1228,0.7334994099630538,1228,1219,Illinois,High Point,1738.895513846784,1684.9999559720443,6,13
2025_1228_1407,0.8116696622792233,1228,1407,Illinois,Troy,1738.895513846784,1616.834853879259,6,14
2025_1228_1459,0.8790926849857975,1228,1459,Illinois,Wofford,1738.895513846784,1537.341782572588,6,15
2025_1188_1228,0.9080908884204764,1228,1188,Illinois,SIUE,1738.895513846784,1490.7257513541058,6,16
2025_1120_1228,0.1743154858494192,1228,1120,Illinois,Auburn,1738.895513846784,1900.3128728934946,6,1
2025_1228_1277,0.28819441042482274,1228,1277,Illinois,Michigan St,1738.895513846784,1816.332058092468,6,2
2025_1228_1235,0.3628317793611748,1228,1235,Illinois,Iowa St,1738.895513846784,1779.4875897181623,6,3
2025_1228_1401,0.4558211243958263,1228,1401,Illinois,Texas A&M,1738.895513846784,1735.8270446534461,6,4
2025_1228_1276,0.490954571018591,1228,1276,Illinois,Michigan,1738.895513846784,1729.3958457974386,6,5
2025_1228_1279,0.568383948152886,1228,1279,Illinois,Mississippi,1738.895513846784,1697.0550380157622,6,6
2025_1228_1266,0.4813357306321964,1228,1266,Illinois,Marquette,1738.895513846784,1765.2488940225403,6,7
2025_1228_1257,0.5899737907813063,1228,1257,Illinois,Louisville,1738.895513846784,1713.5881285897335,6,8
2025_1166_1228,0.5367886367219324,1228,1166,Illinois,Creighton,1738.895513846784,1761.4870757227866,6,9
2025_1228_1307,0.5998791050145668,1228,1307,Illinois,New Mexico,1738.895513846784,1737.3401376920212,6,10
2025_1228_1314,0.6314175155011991,1228,1314,Illinois,North Carolina,1738.895513846784,1732.0718376880195,6,11
2025_1228_1361,0.6517447603606891,1228,1361,Illinois,San Diego St,1738.895513846784,1718.632552659536,6,11
2025_1228_1471,0.6540509529594625,1228,1471,Illinois,UC San Diego,1738.895513846784,1732.0857083956137,6,12
2025_1228_1463,0.6900417941120587,1228,1463,Illinois,Yale,1738.895513846784,1717.2452238126552,6,13
2025_1228_1252,0.8201855882246483,1228,1252,Illinois,Lipscomb,1738.895513846784,1608.2148408183402,6,14
2025_1136_1228,0.8321081085966967,1228,1136,Illinois,Bryant,1738.895513846784,1595.5930025243601,6,15
2025_1106_1228,0.9301674012936453,1228,1106,Illinois,Alabama St,1738.895513846784,1445.3194949173894,6,16
2025_1228_1384,0.9496857526587238,1228,1384,Illinois,St Francis PA,1738.895513846784,1392.3343840415646,6,16
2025_1196_1228,0.1868861081711089,1228,1196,Illinois,Florida,1738.895513846784,1887.3965401334451,6,1
2025_1228_1385,0.2527981889776046,1228,1385,Illinois,St John's,1738.895513846784,1843.627898958888,6,2
2025_1228_1403,0.37910617949054215,1228,1403,Illinois,Texas Tech,1738.895513846784,1768.8852797354511,6,3
2025_1228_1268,0.47082735555257793,1228,1268,Illinois,Maryland,1738.895513846784,1726.6530079386407,6,4
2025_1228_1272,0.3710623748733369,1228,1272,Illinois,Memphis,1738.895513846784,1804.101743662243,6,5
2025_1228_1281,0.6734826480461101,1228,1281,Illinois,Missouri,1738.895513846784,1628.84846306522,6,6
2025_1228_1242,0.5228470823886013,1228,1242,Illinois,Kansas,1738.895513846784,1739.9945270353192,6,7
2025_1163_1228,0.4213841588649433,1228,1163,Illinois,Connecticut,1738.895513846784,1817.094753861221,6,8
2025_1228_1328,0.7112948837441575,1228,1328,Illinois,Oklahoma,1738.895513846784,1646.8371922255365,6,9
2025_1116_1228,0.7240140365282802,1228,1116,Illinois,Arkansas,1738.895513846784,1652.2945168596477,6,10
2025_1179_1228,0.5090281508602753,1228,1179,Illinois,Drake,1738.895513846784,1808.4056906385888,6,11
2025_1161_1228,0.6177489493026456,1228,1161,Illinois,Colorado St,1738.895513846784,1755.9333491972916,6,12
2025_1213_1228,0.6954983413137364,1228,1213,Illinois,Grand Canyon,1738.895513846784,1713.3482612768519,6,13
2025_1228_1423,0.745759969187501,1228,1423,Illinois,UNC Wilmington,1738.895513846784,1675.3212165451996,6,14
2025_1228_1303,0.8757532741038276,1228,1303,Illinois,NE Omaha,1738.895513846784,1542.0616280843851,6,15
2025_1228_1313,0.8493757171295583,1228,1313,Illinois,Norfolk St,1738.895513846784,1575.9738168627744,6,16
2025_1211_1417,0.3292742200258379,1417,1211,UCLA,Gonzaga,1696.9351080410813,1820.080652363969,7,8
2025_1208_1417,0.622864202077614,1417,1208,UCLA,Georgia,1696.9351080410813,1650.6716433038202,7,9
2025_1417_1429,0.4783296964982492,1417,1429,UCLA,Utah St,1696.9351080410813,1755.1191777265424,7,10
2025_1400_1417,0.6597250821886286,1417,1400,UCLA,Texas,1696.9351080410813,1656.2985376911856,7,11
2025_1417_1462,0.6292899411022694,1417,1462,UCLA,Xavier,1696.9351080410813,1676.4993612446326,7,11
2025_1270_1417,0.6430251019486289,1417,1270,UCLA,McNeese St,1696.9351080410813,1682.4785209993051,7,12
2025_1219_1417,0.6616402860628745,1417,1219,UCLA,High Point,1696.9351080410813,1684.9999559720443,7,13
2025_1407_1417,0.7658180394580735,1417,1407,UCLA,Troy,1696.9351080410813,1616.834853879259,7,14
2025_1417_1459,0.8465528398593305,1417,1459,UCLA,Wofford,1696.9351080410813,1537.341782572588,7,15
2025_1188_1417,0.8823105350051145,1417,1188,UCLA,SIUE,1696.9351080410813,1490.7257513541058,7,16
2025_1120_1417,0.12674195708379624,1417,1120,UCLA,Auburn,1696.9351080410813,1900.3128728934946,7,1
2025_1277_1417,0.21773727336450316,1417,1277,UCLA,Michigan St,1696.9351080410813,1816.332058092468,7,2
2025_1235_1417,0.2813396206459637,1417,1235,UCLA,Iowa St,1696.9351080410813,1779.4875897181623,7,3
2025_1401_1417,0.36542150551749203,1417,1401,UCLA,Texas A&M,1696.9351080410813,1735.8270446534461,7,4
2025_1276_1417,0.3986921158039585,1417,1276,UCLA,Michigan,1696.9351080410813,1729.3958457974386,7,5
2025_1279_1417,0.47515268048596315,1417,1279,UCLA,Mississippi,1696.9351080410813,1697.0550380157622,7,6
2025_1266_1417,0.3894977883110385,1417,1266,UCLA,Marquette,1696.9351080410813,1765.2488940225403,7,7
2025_1257_1417,0.4972812978838014,1417,1257,UCLA,Louisville,1696.9351080410813,1713.5881285897335,7,8
2025_1166_1417,0.4434156874611995,1417,1166,UCLA,Creighton,1696.9351080410813,1761.4870757227866,7,9
2025_1307_1417,0.5075567889955381,1417,1307,UCLA,New Mexico,1696.9351080410813,1737.3401376920212,7,10
2025_1314_1417,0.5408017793399673,1417,1314,UCLA,North Carolina,1696.9351080410813,1732.0718376880195,7,11
2025_1361_1417,0.5626651171570057,1417,1361,UCLA,San Diego St,1696.9351080410813,1718.632552659536,7,11
2025_1417_1471,0.5651676381940401,1417,1471,UCLA,UC San Diego,1696.9351080410813,1732.0857083956137,7,12
2025_1417_1463,0.6126527744182887,1417,1463,UCLA,Yale,1696.9351080410813,1717.2452238126552,7,13
2025_1252_1417,0.7758346798707019,1417,1252,UCLA,Lipscomb,1696.9351080410813,1608.2148408183402,7,14
2025_1136_1417,0.7899447431355253,1417,1136,UCLA,Bryant,1696.9351080410813,1595.5930025243601,7,15
2025_1106_1417,0.9099655127502929,1417,1106,UCLA,Alabama St,1696.9351080410813,1445.3194949173894,7,16
2025_1384_1417,0.9347341440112359,1417,1384,UCLA,St Francis PA,1696.9351080410813,1392.3343840415646,7,16
2025_1196_1417,0.1364487983688907,1417,1196,UCLA,Florida,1696.9351080410813,1887.3965401334451,7,1
2025_1385_1417,0.18870056463469684,1417,1385,UCLA,St John's,1696.9351080410813,1843.627898958888,7,2
2025_1403_1417,0.2956548645004946,1417,1403,UCLA,Texas Tech,1696.9351080410813,1768.8852797354511,7,3
2025_1268_1417,0.37952726910319406,1417,1268,UCLA,Maryland,1696.9351080410813,1726.6530079386407,7,4
2025_1272_1417,0.2885588072696354,1417,1272,UCLA,Memphis,1696.9351080410813,1804.101743662243,7,5
2025_1281_1417,0.5864350131523565,1417,1281,UCLA,Missouri,1696.9351080410813,1628.84846306522,7,6
2025_1242_1417,0.4296498410747248,1417,1242,UCLA,Kansas,1696.9351080410813,1739.9945270353192,7,7
2025_1163_1417,0.33362703628734575,1417,1163,UCLA,Connecticut,1696.9351080410813,1817.094753861221,7,8
2025_1328_1417,0.628771311964756,1417,1328,UCLA,Oklahoma,1696.9351080410813,1646.8371922255365,7,9
2025_1116_1417,0.6433029232905451,1417,1116,UCLA,Arkansas,1696.9351080410813,1652.2945168596477,7,10
2025_1179_1417,0.41614584780059327,1417,1179,UCLA,Drake,1696.9351080410813,1808.4056906385888,7,11
2025_1161_1417,0.526293872371661,1417,1161,UCLA,Colorado St,1696.9351080410813,1755.9333491972916,7,12
2025_1213_1417,0.6187189157247106,1417,1213,UCLA,Grand Canyon,1696.9351080410813,1713.3482612768519,7,13
2025_1417_1423,0.6899905752549728,1417,1423,UCLA,UNC Wilmington,1696.9351080410813,1675.3212165451996,7,14
2025_1303_1417,0.8424757360582849,1417,1303,UCLA,NE Omaha,1696.9351080410813,1542.0616280843851,7,15
2025_1313_1417,0.8105615881245205,1417,1313,UCLA,Norfolk St,1696.9351080410813,1575.9738168627744,7,16
2025_1208_1211,0.7708633680503091,1211,1208,Gonzaga,Georgia,1820.080652363969,1650.6716433038202,8,9
2025_1211_1429,0.6512944402084238,1211,1429,Gonzaga,Utah St,1820.080652363969,1755.1191777265424,8,10
2025_1211_1400,0.7979513005671834,1211,1400,Gonzaga,Texas,1820.080652363969,1656.2985376911856,8,11
2025_1211_1462,0.7756756294216669,1211,1462,Gonzaga,Xavier,1820.080652363969,1676.4993612446326,8,11
2025_1211_1270,0.7858329259601311,1211,1270,Gonzaga,McNeese St,1820.080652363969,1682.4785209993051,8,12
2025_1211_1219,0.7993251611906329,1211,1219,Gonzaga,High Point,1820.080652363969,1684.9999559720443,8,13
2025_1211_1407,0.8731619227214574,1211,1407,Gonzaga,Troy,1820.080652363969,1616.834853879259,8,14
2025_1211_1459,0.9253918863929335,1211,1459,Gonzaga,Wofford,1820.080652363969,1537.341782572588,8,15
2025_1188_1211,0.9439932221889461,1211,1188,Gonzaga,SIUE,1820.080652363969,1490.7257513541058,8,16
2025_1120_1211,0.23402629600078775,1211,1120,Gonzaga,Auburn,1820.080652363969,1900.3128728934946,8,1
2025_1211_1277,0.36182958763853523,1211,1277,Gonzaga,Michigan St,1820.080652363969,1816.332058092468,8,2
2025_1211_1235,0.44365117715338165,1211,1235,Gonzaga,Iowa St,1820.080652363969,1779.4875897181623,8,3
2025_1211_1401,0.5398055804974793,1211,1401,Gonzaga,Texas A&M,1820.080652363969,1735.8270446534461,8,4
2025_1211_1276,0.5745774205278796,1211,1276,Gonzaga,Michigan,1820.080652363969,1729.3958457974386,8,5
2025_1211_1279,0.6483964985497784,1211,1279,Gonzaga,Mississippi,1820.080652363969,1697.0550380157622,8,6
2025_1211_1266,0.5651391161426669,1211,1266,Gonzaga,Marquette,1820.080652363969,1765.2488940225403,8,7
2025_1211_1257,0.6683195817030125,1211,1257,Gonzaga,Louisville,1820.080652363969,1713.5881285897335,8,8
2025_1166_1211,0.6187293603085174,1211,1166,Gonzaga,Creighton,1820.080652363969,1761.4870757227866,8,9
2025_1211_1307,0.677367255531096,1211,1307,Gonzaga,New Mexico,1820.080652363969,1737.3401376920212,8,10
2025_1211_1314,0.7057934014502038,1211,1314,Gonzaga,North Carolina,1820.080652363969,1732.0718376880195,8,11
2025_1211_1361,0.7238129980321256,1211,1361,Gonzaga,San Diego St,1820.080652363969,1718.632552659536,8,11
2025_1211_1471,0.7258426991017182,1211,1471,Gonzaga,UC San Diego,1820.080652363969,1732.0857083956137,8,12
2025_1211_1463,0.7631353099859299,1211,1463,Gonzaga,Yale,1820.080652363969,1717.2452238126552,8,13
2025_1211_1252,0.8793107385353162,1211,1252,Gonzaga,Lipscomb,1820.080652363969,1608.2148408183402,8,14
2025_1136_1211,0.8942345384728657,1211,1136,Gonzaga,Bryant,1820.080652363969,1595.5930025243601,8,15
2025_1106_1211,0.9578463301491532,1211,1106,Gonzaga,Alabama St,1820.080652363969,1445.3194949173894,8,16
2025_1211_1384,0.9698788863863271,1211,1384,Gonzaga,St Francis PA,1820.080652363969,1392.3343840415646,8,16
2025_1196_1211,0.24960122944876595,1211,1196,Gonzaga,Florida,1820.080652363969,1887.3965401334451,8,1
2025_1211_1385,0.32147396743399576,1211,1385,Gonzaga,St John's,1820.080652363969,1843.627898958888,8,2
2025_1211_1403,0.4609282646649354,1211,1403,Gonzaga,Texas Tech,1820.080652363969,1768.8852797354511,8,3
2025_1211_1268,0.5547580606438341,1211,1268,Gonzaga,Maryland,1820.080652363969,1726.6530079386407,8,4
2025_1211_1272,0.45241337060836323,1211,1272,Gonzaga,Memphis,1820.080652363969,1804.101743662243,8,5
2025_1211_1281,0.7428274786433455,1211,1281,Gonzaga,Missouri,1820.080652363969,1628.84846306522,8,6
2025_1211_1242,0.6054412665441691,1211,1242,Gonzaga,Kansas,1820.080652363969,1739.9945270353192,8,7
2025_1163_1211,0.5049107602195736,1211,1163,Gonzaga,Connecticut,1820.080652363969,1817.094753861221,8,8
2025_1211_1328,0.7752886661764097,1211,1328,Gonzaga,Oklahoma,1820.080652363969,1646.8371922255365,8,9
2025_1116_1211,0.786036586957437,1211,1116,Gonzaga,Arkansas,1820.080652363969,1652.2945168596477,8,10
2025_1179_1211,0.5921484402120738,1211,1179,Gonzaga,Drake,1820.080652363969,1808.4056906385888,8,11
2025_1161_1211,0.6935443378020683,1211,1161,Gonzaga,Colorado St,1820.080652363969,1755.9333491972916,8,12
2025_1211_1213,0.7677382165929293,1211,1213,Gonzaga,Grand Canyon,1820.080652363969,1713.3482612768519,8,13
2025_1211_1423,0.8241090688138212,1211,1423,Gonzaga,UNC Wilmington,1820.080652363969,1675.3212165451996,8,14
2025_1211_1303,0.92321955256781,1211,1303,Gonzaga,NE Omaha,1820.080652363969,1542.0616280843851,8,15
2025_1211_1313,0.9058355500876327,1211,1313,Gonzaga,Norfolk St,1820.080652363969,1575.9738168627744,8,16
2025_1208_1429,0.35698856876524804,1208,1429,Georgia,Utah St,1650.6716433038202,1755.1191777265424,9,10
2025_1208_1400,0.5400008673610891,1208,1400,Georgia,Texas,1650.6716433038202,1656.2985376911856,9,11
2025_1208_1462,0.5068617366667463,1208,1462,Georgia,Xavier,1650.6716433038202,1676.4993612446326,9,11
2025_1208_1270,0.5216851643906715,1208,1270,Georgia,McNeese St,1650.6716433038202,1682.4785209993051,9,12
2025_1208_1219,0.5421222419953934,1208,1219,Georgia,High Point,1650.6716433038202,1684.9999559720443,9,13
2025_1208_1407,0.6717293429761428,1208,1407,Georgia,Troy,1650.6716433038202,1616.834853879259,9,14
2025_1208_1459,0.7921064215144671,1208,1459,Georgia,Wofford,1650.6716433038202,1537.341782572588,9,15
2025_1188_1208,0.8468538994338,1208,1188,Georgia,SIUE,1650.6716433038202,1490.7257513541058,9,16
2025_1120_1208,0.09110434414231498,1208,1120,Georgia,Auburn,1650.6716433038202,1900.3128728934946,9,1
2025_1208_1277,0.148333664057681,1208,1277,Georgia,Michigan St,1650.6716433038202,1816.332058092468,9,2
2025_1208_1235,0.19161511574999915,1208,1235,Georgia,Iowa St,1650.6716433038202,1779.4875897181623,9,3
2025_1208_1401,0.2585281359833134,1208,1401,Georgia,Texas A&M,1650.6716433038202,1735.8270446534461,9,4
2025_1208_1276,0.2864597515844981,1208,1276,Georgia,Michigan,1650.6716433038202,1729.3958457974386,9,5
2025_1208_1279,0.3540704798657619,1208,1279,Georgia,Mississippi,1650.6716433038202,1697.0550380157622,9,6
2025_1208_1266,0.2786542254379923,1208,1266,Georgia,Marquette,1650.6716433038202,1765.2488940225403,9,7
2025_1208_1257,0.374584666326849,1208,1257,Georgia,Louisville,1650.6716433038202,1713.5881285897335,9,8
2025_1166_1208,0.3254067058900709,1208,1166,Georgia,Creighton,1650.6716433038202,1761.4870757227866,9,9
2025_1208_1307,0.3842627578508371,1208,1307,Georgia,New Mexico,1650.6716433038202,1737.3401376920212,9,10
2025_1208_1314,0.4162583638256428,1208,1314,Georgia,North Carolina,1650.6716433038202,1732.0718376880195,9,11
2025_1208_1361,0.4378880407427623,1208,1361,Georgia,San Diego St,1650.6716433038202,1718.632552659536,9,11
2025_1208_1471,0.44039444424529917,1208,1471,Georgia,UC San Diego,1650.6716433038202,1732.0857083956137,9,12
2025_1208_1463,0.4891900929383835,1208,1463,Georgia,Yale,1650.6716433038202,1717.2452238126552,9,13
2025_1208_1252,0.684110399719493,1208,1252,Georgia,Lipscomb,1650.6716433038202,1608.2148408183402,9,14
2025_1136_1208,0.7220083191714627,1208,1136,Georgia,Bryant,1650.6716433038202,1595.5930025243601,9,15
2025_1106_1208,0.8817236820915355,1208,1106,Georgia,Alabama St,1650.6716433038202,1445.3194949173894,9,16
2025_1208_1384,0.9135233400720618,1208,1384,Georgia,St Francis PA,1650.6716433038202,1392.3343840415646,9,16
2025_1196_1208,0.09838931073840525,1208,1196,Georgia,Florida,1650.6716433038202,1887.3965401334451,9,1
2025_1208_1385,0.12704918959905015,1208,1385,Georgia,St John's,1650.6716433038202,1843.627898958888,9,2
2025_1208_1403,0.20265233891735393,1208,1403,Georgia,Texas Tech,1650.6716433038202,1768.8852797354511,9,3
2025_1208_1268,0.2702650190802306,1208,1268,Georgia,Maryland,1650.6716433038202,1726.6530079386407,9,4
2025_1208_1272,0.19716361049467074,1208,1272,Georgia,Memphis,1650.6716433038202,1804.101743662243,9,5
2025_1208_1281,0.46195468109324744,1208,1281,Georgia,Missouri,1650.6716433038202,1628.84846306522,9,6
2025_1208_1242,0.31324260135664717,1208,1242,Georgia,Kansas,1650.6716433038202,1739.9945270353192,9,7
2025_1163_1208,0.23262480097641544,1208,1163,Georgia,Connecticut,1650.6716433038202,1817.094753861221,9,8
2025_1208_1328,0.5063062012242283,1208,1328,Georgia,Oklahoma,1650.6716433038202,1646.8371922255365,9,9
2025_1116_1208,0.5219872194556553,1208,1116,Georgia,Arkansas,1650.6716433038202,1652.2945168596477,9,10
2025_1179_1208,0.30146347375459637,1208,1179,Georgia,Drake,1650.6716433038202,1808.4056906385888,9,11
2025_1161_1208,0.40216542227655844,1208,1161,Georgia,Colorado St,1650.6716433038202,1755.9333491972916,9,12
2025_1208_1213,0.49559787043156317,1208,1213,Georgia,Grand Canyon,1650.6716433038202,1713.3482612768519,9,13
2025_1208_1423,0.5820625461625247,1208,1423,Georgia,UNC Wilmington,1650.6716433038202,1675.3212165451996,9,14
2025_1208_1303,0.7869467514294357,1208,1303,Georgia,NE Omaha,1650.6716433038202,1542.0616280843851,9,15
2025_1208_1313,0.7593838768695682,1208,1313,Georgia,Norfolk St,1650.6716433038202,1575.9738168627744,9,16
2025_1400_1429,0.678918233400724,1429,1400,Utah St,Texas,1755.1191777265424,1656.2985376911856,10,11
2025_1429_1462,0.6492871818059289,1429,1462,Utah St,Xavier,1755.1191777265424,1676.4993612446326,10,11
2025_1270_1429,0.6626785831607296,1429,1270,Utah St,McNeese St,1755.1191777265424,1682.4785209993051,10,12
2025_1219_1429,0.6807776816094395,1429,1219,Utah St,High Point,1755.1191777265424,1684.9999559720443,10,13
2025_1407_1429,0.7865872883098822,1429,1407,Utah St,Troy,1755.1191777265424,1616.834853879259,10,14
2025_1429_1459,0.872820249138753,1429,1459,Utah St,Wofford,1755.1191777265424,1537.341782572588,10,15
2025_1188_1429,0.9114515541661169,1429,1188,Utah St,SIUE,1755.1191777265424,1490.7257513541058,10,16
2025_1120_1429,0.16616090171648146,1429,1120,Utah St,Auburn,1755.1191777265424,1900.3128728934946,10,1
2025_1277_1429,0.2571967892364732,1429,1277,Utah St,Michigan St,1755.1191777265424,1816.332058092468,10,2
2025_1235_1429,0.30614658051209104,1429,1235,Utah St,Iowa St,1755.1191777265424,1779.4875897181623,10,3
2025_1401_1429,0.38575914058117616,1429,1401,Utah St,Texas A&M,1755.1191777265424,1735.8270446534461,10,4
2025_1276_1429,0.41965688703122367,1429,1276,Utah St,Michigan,1755.1191777265424,1729.3958457974386,10,5
2025_1279_1429,0.49681612657443763,1429,1279,Utah St,Mississippi,1755.1191777265424,1697.0550380157622,10,6
2025_1266_1429,0.4103089895310947,1429,1266,Utah St,Marquette,1755.1191777265424,1765.2488940225403,10,7
2025_1257_1429,0.5189560685802554,1429,1257,Utah St,Louisville,1755.1191777265424,1713.5881285897335,10,8
2025_1166_1429,0.46491390077206207,1429,1166,Utah St,Creighton,1755.1191777265424,1761.4870757227866,10,9
2025_1307_1429,0.5292079603589935,1429,1307,Utah St,New Mexico,1755.1191777265424,1737.3401376920212,10,10
2025_1314_1429,0.5622519135255755,1429,1314,Utah St,North Carolina,1755.1191777265424,1732.0718376880195,10,11
2025_1361_1429,0.5838797949708547,1429,1361,Utah St,San Diego St,1755.1191777265424,1718.632552659536,10,11
2025_1429_1471,0.5863501660151396,1429,1471,Utah St,UC San Diego,1755.1191777265424,1732.0857083956137,10,12
2025_1429_1463,0.63302411351452,1429,1463,Utah St,Yale,1755.1191777265424,1717.2452238126552,10,13
2025_1252_1429,0.7959522663834734,1429,1252,Utah St,Lipscomb,1755.1191777265424,1608.2148408183402,10,14
2025_1136_1429,0.8238865159542453,1429,1136,Utah St,Bryant,1755.1191777265424,1595.5930025243601,10,15
2025_1106_1429,0.9327805905619682,1429,1106,Utah St,Alabama St,1755.1191777265424,1445.3194949173894,10,16
2025_1384_1429,0.9516065500824039,1429,1384,Utah St,St Francis PA,1755.1191777265424,1392.3343840415646,10,16
2025_1196_1429,0.1782704288077031,1429,1196,Utah St,Florida,1755.1191777265424,1887.3965401334451,10,1
2025_1385_1429,0.22440745466508935,1429,1385,Utah St,St John's,1755.1191777265424,1843.627898958888,10,2
2025_1403_1429,0.3211599848419842,1429,1403,Utah St,Texas Tech,1755.1191777265424,1768.8852797354511,10,3
2025_1268_1429,0.4001549181149529,1429,1268,Utah St,Maryland,1755.1191777265424,1726.6530079386407,10,4
2025_1272_1429,0.30668605682696404,1429,1272,Utah St,Memphis,1755.1191777265424,1804.101743662243,10,5
2025_1281_1429,0.6073013833715372,1429,1281,Utah St,Missouri,1755.1191777265424,1628.84846306522,10,6
2025_1242_1429,0.4510214716897579,1429,1242,Utah St,Kansas,1755.1191777265424,1739.9945270353192,10,7
2025_1163_1429,0.353179988132368,1429,1163,Utah St,Connecticut,1755.1191777265424,1817.094753861221,10,8
2025_1328_1429,0.6487809149121053,1429,1328,Utah St,Oklahoma,1755.1191777265424,1646.8371922255365,10,9
2025_1116_1429,0.6629491262967812,1429,1116,Utah St,Arkansas,1755.1191777265424,1652.2945168596477,10,10
2025_1179_1429,0.4373608536741723,1429,1179,Utah St,Drake,1755.1191777265424,1808.4056906385888,10,11
2025_1161_1429,0.5478551052459799,1429,1161,Utah St,Colorado St,1755.1191777265424,1755.9333491972916,10,12
2025_1213_1429,0.6389592314989198,1429,1213,Utah St,Grand Canyon,1755.1191777265424,1713.3482612768519,10,13
2025_1423_1429,0.7149819653354453,1429,1423,Utah St,UNC Wilmington,1755.1191777265424,1675.3212165451996,10,14
2025_1303_1429,0.8693333465071205,1429,1303,Utah St,NE Omaha,1755.1191777265424,1542.0616280843851,10,15
2025_1313_1429,0.8545394081704123,1429,1313,Utah St,Norfolk St,1755.1191777265424,1575.9738168627744,10,16
2025_1400_1462,0.4668244458092053,1400,1462,Texas,Xavier,1656.2985376911856,1676.4993612446326,11,11
2025_1270_1400,0.48162052573947334,1400,1270,Texas,McNeese St,1656.2985376911856,1682.4785209993051,11,12
2025_1219_1400,0.5021357690876038,1400,1219,Texas,High Point,1656.2985376911856,1684.9999559720443,11,13
2025_1400_1407,0.6354502823973892,1400,1407,Texas,Troy,1656.2985376911856,1616.834853879259,11,14
2025_1400_1459,0.7644661855473234,1400,1459,Texas,Wofford,1656.2985376911856,1537.341782572588,11,15
2025_1188_1400,0.8295842663212678,1400,1188,Texas,SIUE,1656.2985376911856,1490.7257513541058,11,16
2025_1120_1400,0.0942163698750495,1400,1120,Texas,Auburn,1656.2985376911856,1900.3128728934946,11,1
2025_1277_1400,0.15307134898688599,1400,1277,Texas,Michigan St,1656.2985376911856,1816.332058092468,11,2
2025_1235_1400,0.18719819385068795,1400,1235,Texas,Iowa St,1656.2985376911856,1779.4875897181623,11,3
2025_1400_1401,0.23485721063942985,1400,1401,Texas,Texas A&M,1656.2985376911856,1735.8270446534461,11,4
2025_1276_1400,0.254835465164897,1400,1276,Texas,Michigan,1656.2985376911856,1729.3958457974386,11,5
2025_1279_1400,0.31831188988797543,1400,1279,Texas,Mississippi,1656.2985376911856,1697.0550380157622,11,6
2025_1266_1400,0.24759264031778142,1400,1266,Texas,Marquette,1656.2985376911856,1765.2488940225403,11,7
2025_1257_1400,0.33783788798792663,1400,1257,Texas,Louisville,1656.2985376911856,1713.5881285897335,11,8
2025_1166_1400,0.2912377239391381,1400,1166,Texas,Creighton,1656.2985376911856,1761.4870757227866,11,9
2025_1307_1400,0.3470934687262314,1400,1307,Texas,New Mexico,1656.2985376911856,1737.3401376920212,11,10
2025_1314_1400,0.37789359437211967,1400,1314,Texas,North Carolina,1656.2985376911856,1732.0718376880195,11,11
2025_1361_1400,0.3988919977484681,1400,1361,Texas,San Diego St,1656.2985376911856,1718.632552659536,11,11
2025_1400_1471,0.4013345586425843,1400,1471,Texas,UC San Diego,1656.2985376911856,1732.0857083956137,11,12
2025_1400_1463,0.44927695730002526,1400,1463,Texas,Yale,1656.2985376911856,1717.2452238126552,11,13
2025_1252_1400,0.6484836074139538,1400,1252,Texas,Lipscomb,1656.2985376911856,1608.2148408183402,11,14
2025_1136_1400,0.6887108580281003,1400,1136,Texas,Bryant,1656.2985376911856,1595.5930025243601,11,15
2025_1106_1400,0.8677722049262347,1400,1106,Texas,Alabama St,1656.2985376911856,1445.3194949173894,11,16
2025_1384_1400,0.9029098079415984,1400,1384,Texas,St Francis PA,1656.2985376911856,1392.3343840415646,11,16
2025_1196_1400,0.10172233248013653,1400,1196,Texas,Florida,1656.2985376911856,1887.3965401334451,11,1
2025_1385_1400,0.131211796886728,1400,1385,Texas,St John's,1656.2985376911856,1843.627898958888,11,2
2025_1400_1403,0.19804332711591996,1400,1403,Texas,Texas Tech,1656.2985376911856,1768.8852797354511,11,3
2025_1268_1400,0.24587581442139972,1400,1268,Texas,Maryland,1656.2985376911856,1726.6530079386407,11,4
2025_1272_1400,0.17300714060575428,1400,1272,Texas,Memphis,1656.2985376911856,1804.101743662243,11,5
2025_1281_1400,0.42242603616250957,1400,1281,Texas,Missouri,1656.2985376911856,1628.84846306522,11,6
2025_1242_1400,0.27982108333330014,1400,1242,Texas,Kansas,1656.2985376911856,1739.9945270353192,11,7
2025_1163_1400,0.20523429336891166,1400,1163,Texas,Connecticut,1656.2985376911856,1817.094753861221,11,8
2025_1328_1400,0.46627130113125287,1400,1328,Texas,Oklahoma,1656.2985376911856,1646.8371922255365,11,9
2025_1116_1400,0.48192275578184735,1400,1116,Texas,Arkansas,1656.2985376911856,1652.2945168596477,11,10
2025_1179_1400,0.2688068124186578,1400,1179,Texas,Drake,1656.2985376911856,1808.4056906385888,11,11
2025_1161_1400,0.3642889581751828,1400,1161,Texas,Colorado St,1656.2985376911856,1755.9333491972916,11,12
2025_1213_1400,0.45562825657435907,1400,1213,Texas,Grand Canyon,1656.2985376911856,1713.3482612768519,11,13
2025_1400_1423,0.5426213090386889,1400,1423,Texas,UNC Wilmington,1656.2985376911856,1675.3212165451996,11,14
2025_1303_1400,0.7588293817894843,1400,1303,Texas,NE Omaha,1656.2985376911856,1542.0616280843851,11,15
2025_1313_1400,0.7353332934392384,1400,1313,Texas,Norfolk St,1656.2985376911856,1575.9738168627744,11,16
2025_1270_1462,0.5148322557572266,1462,1270,Xavier,McNeese St,1676.4993612446326,1682.4785209993051,11,12
2025_1219_1462,0.5353013181331893,1462,1219,Xavier,High Point,1676.4993612446326,1684.9999559720443,11,13
2025_1407_1462,0.665648381027876,1462,1407,Xavier,Troy,1676.4993612446326,1616.834853879259,11,14
2025_1459_1462,0.7875500974450105,1462,1459,Xavier,Wofford,1676.4993612446326,1537.341782572588,11,15
2025_1188_1462,0.8475587935291777,1462,1188,Xavier,SIUE,1676.4993612446326,1490.7257513541058,11,16
2025_1120_1462,0.10618565681168043,1462,1120,Xavier,Auburn,1676.4993612446326,1900.3128728934946,11,1
2025_1277_1462,0.17110517720202864,1462,1277,Xavier,Michigan St,1676.4993612446326,1816.332058092468,11,2
2025_1235_1462,0.20826393173355764,1462,1235,Xavier,Iowa St,1676.4993612446326,1779.4875897181623,11,3
2025_1401_1462,0.2595733443170388,1462,1401,Xavier,Texas A&M,1676.4993612446326,1735.8270446534461,11,4
2025_1276_1462,0.2808822700266832,1462,1276,Xavier,Michigan,1676.4993612446326,1729.3958457974386,11,5
2025_1279_1462,0.3478182796500753,1462,1279,Xavier,Mississippi,1676.4993612446326,1697.0550380157622,11,6
2025_1266_1462,0.2731705380144476,1462,1266,Xavier,Marquette,1676.4993612446326,1765.2488940225403,11,7
2025_1257_1462,0.36817670078130255,1462,1257,Xavier,Louisville,1676.4993612446326,1713.5881285897335,11,8
2025_1166_1462,0.31941036429849057,1462,1166,Xavier,Creighton,1676.4993612446326,1761.4870757227866,11,9
2025_1307_1462,0.37778924002870656,1462,1307,Xavier,New Mexico,1676.4993612446326,1737.3401376920212,11,10
2025_1314_1462,0.4096043971331543,1462,1314,Xavier,North Carolina,1676.4993612446326,1732.0718376880195,11,11
2025_1361_1462,0.4311436891877255,1462,1361,Xavier,San Diego St,1676.4993612446326,1718.632552659536,11,11
2025_1462_1471,0.43364126983135487,1462,1471,Xavier,UC San Diego,1676.4993612446326,1732.0857083956137,11,12
2025_1462_1463,0.48233359787446733,1462,1463,Xavier,Yale,1676.4993612446326,1717.2452238126552,11,13
2025_1252_1462,0.6781488972317159,1462,1252,Xavier,Lipscomb,1676.4993612446326,1608.2148408183402,11,14
2025_1136_1462,0.7164656049525655,1462,1136,Xavier,Bryant,1676.4993612446326,1595.5930025243601,11,15
2025_1106_1462,0.8822903876064238,1462,1106,Xavier,Alabama St,1676.4993612446326,1445.3194949173894,11,16
2025_1384_1462,0.9139525508823725,1462,1384,Xavier,St Francis PA,1676.4993612446326,1392.3343840415646,11,16
2025_1196_1462,0.11452461464100705,1462,1196,Xavier,Florida,1676.4993612446326,1887.3965401334451,11,1
2025_1385_1462,0.14711763684821536,1462,1385,Xavier,St John's,1676.4993612446326,1843.627898958888,11,2
2025_1403_1462,0.21999915800752445,1462,1403,Xavier,Texas Tech,1676.4993612446326,1768.8852797354511,11,3
2025_1268_1462,0.27134031397495395,1462,1268,Xavier,Maryland,1676.4993612446326,1726.6530079386407,11,4
2025_1272_1462,0.1928548441627902,1462,1272,Xavier,Memphis,1676.4993612446326,1804.101743662243,11,5
2025_1281_1462,0.45513978870799393,1462,1281,Xavier,Missouri,1676.4993612446326,1628.84846306522,11,6
2025_1242_1462,0.3073682795477928,1462,1242,Xavier,Kansas,1676.4993612446326,1739.9945270353192,11,7
2025_1163_1462,0.22776092690843466,1462,1163,Xavier,Connecticut,1676.4993612446326,1817.094753861221,11,8
2025_1328_1462,0.49944436838544587,1462,1328,Xavier,Oklahoma,1676.4993612446326,1646.8371922255365,11,9
2025_1116_1462,0.5151346162579993,1462,1116,Xavier,Arkansas,1676.4993612446326,1652.2945168596477,11,10
2025_1179_1462,0.2957149316635932,1462,1179,Xavier,Drake,1676.4993612446326,1808.4056906385888,11,11
2025_1161_1462,0.3955840695767662,1462,1161,Xavier,Colorado St,1676.4993612446326,1755.9333491972916,11,12
2025_1213_1462,0.48873749455721127,1462,1213,Xavier,Grand Canyon,1676.4993612446326,1713.3482612768519,11,13
2025_1423_1462,0.5753705716334386,1462,1423,Xavier,UNC Wilmington,1676.4993612446326,1675.3212165451996,11,14
2025_1303_1462,0.7823084228788915,1462,1303,Xavier,NE Omaha,1676.4993612446326,1542.0616280843851,11,15
2025_1313_1462,0.7603774550649843,1462,1313,Xavier,Norfolk St,1676.4993612446326,1575.9738168627744,11,16
2025_1219_1270,0.5205120226067101,1270,1219,McNeese St,High Point,1682.4785209993051,1684.9999559720443,12,13
2025_1270_1407,0.6523130205657149,1270,1407,McNeese St,Troy,1682.4785209993051,1616.834853879259,12,14
2025_1270_1459,0.7774511771802747,1270,1459,McNeese St,Wofford,1682.4785209993051,1537.341782572588,12,15
2025_1188_1270,0.8397319199201004,1270,1188,McNeese St,SIUE,1682.4785209993051,1490.7257513541058,12,16
2025_1120_1270,0.10997727337394361,1270,1120,McNeese St,Auburn,1682.4785209993051,1900.3128728934946,12,1
2025_1270_1277,0.1767564845399299,1270,1277,McNeese St,Michigan St,1682.4785209993051,1816.332058092468,12,2
2025_1235_1270,0.21482445208040907,1270,1235,McNeese St,Iowa St,1682.4785209993051,1779.4875897181623,12,3
2025_1270_1401,0.2672046744281617,1270,1401,McNeese St,Texas A&M,1682.4785209993051,1735.8270446534461,12,4
2025_1270_1276,0.27557032433992534,1270,1276,McNeese St,Michigan,1682.4785209993051,1729.3958457974386,12,5
2025_1270_1279,0.334480465472992,1270,1279,McNeese St,Mississippi,1682.4785209993051,1697.0550380157622,12,6
2025_1266_1270,0.26154727656368354,1270,1266,McNeese St,Marquette,1682.4785209993051,1765.2488940225403,12,7
2025_1257_1270,0.3544825295289795,1270,1257,McNeese St,Louisville,1682.4785209993051,1713.5881285897335,12,8
2025_1166_1270,0.30664970357403837,1270,1166,McNeese St,Creighton,1682.4785209993051,1761.4870757227866,12,9
2025_1270_1307,0.36394348178400915,1270,1307,McNeese St,New Mexico,1682.4785209993051,1737.3401376920212,12,10
2025_1270_1314,0.3953334766077081,1270,1314,McNeese St,North Carolina,1682.4785209993051,1732.0718376880195,12,11
2025_1270_1361,0.41665192512314514,1270,1361,McNeese St,San Diego St,1682.4785209993051,1718.632552659536,12,11
2025_1270_1471,0.41912740935273884,1270,1471,McNeese St,UC San Diego,1682.4785209993051,1732.0857083956137,12,12
2025_1270_1463,0.46753536928292344,1270,1463,McNeese St,Yale,1682.4785209993051,1717.2452238126552,12,13
2025_1252_1270,0.6650612397462262,1270,1252,McNeese St,Lipscomb,1682.4785209993051,1608.2148408183402,12,14
2025_1136_1270,0.7042565533752235,1270,1136,McNeese St,Bryant,1682.4785209993051,1595.5930025243601,12,15
2025_1106_1270,0.8759858346858805,1270,1106,McNeese St,Alabama St,1682.4785209993051,1445.3194949173894,12,16
2025_1270_1384,0.9091692464909757,1270,1384,McNeese St,St Francis PA,1682.4785209993051,1392.3343840415646,12,16
2025_1196_1270,0.11857449236558247,1270,1196,McNeese St,Florida,1682.4785209993051,1887.3965401334451,12,1
2025_1270_1385,0.15212207728744123,1270,1385,McNeese St,St John's,1682.4785209993051,1843.627898958888,12,2
2025_1270_1403,0.22682344297521326,1270,1403,McNeese St,Texas Tech,1682.4785209993051,1768.8852797354511,12,3
2025_1268_1270,0.2791871450608541,1270,1268,McNeese St,Maryland,1682.4785209993051,1726.6530079386407,12,4
2025_1270_1272,0.18877064155372922,1270,1272,McNeese St,Memphis,1682.4785209993051,1804.101743662243,12,5
2025_1270_1281,0.44046598348043475,1270,1281,McNeese St,Missouri,1682.4785209993051,1628.84846306522,12,6
2025_1242_1270,0.2948802658056349,1270,1242,McNeese St,Kansas,1682.4785209993051,1739.9945270353192,12,7
2025_1163_1270,0.21749165503824616,1270,1163,McNeese St,Connecticut,1682.4785209993051,1817.094753861221,12,8
2025_1270_1328,0.48461261987444915,1270,1328,McNeese St,Oklahoma,1682.4785209993051,1646.8371922255365,12,9
2025_1116_1270,0.5003026322409186,1270,1116,McNeese St,Arkansas,1682.4785209993051,1652.2945168596477,12,10
2025_1179_1270,0.2835065833735594,1270,1179,McNeese St,Drake,1682.4785209993051,1808.4056906385888,12,11
2025_1161_1270,0.3814859956491931,1270,1161,McNeese St,Colorado St,1682.4785209993051,1755.9333491972916,12,12
2025_1213_1270,0.4739226635052878,1270,1213,McNeese St,Grand Canyon,1682.4785209993051,1713.3482612768519,12,13
2025_1270_1423,0.5608102387330822,1270,1423,McNeese St,UNC Wilmington,1682.4785209993051,1675.3212165451996,12,14
2025_1270_1303,0.7720324613747709,1270,1303,McNeese St,NE Omaha,1682.4785209993051,1542.0616280843851,12,15
2025_1270_1313,0.749397882844997,1270,1313,McNeese St,Norfolk St,1682.4785209993051,1575.9738168627744,12,16
2025_1219_1407,0.633468958530685,1219,1407,High Point,Troy,1684.9999559720443,1616.834853879259,13,14
2025_1219_1459,0.762924456095642,1219,1459,High Point,Wofford,1684.9999559720443,1537.341782572588,13,15
2025_1188_1219,0.8283730853612706,1219,1188,High Point,SIUE,1684.9999559720443,1490.7257513541058,13,16
2025_1120_1219,0.11161148512613406,1219,1120,High Point,Auburn,1684.9999559720443,1900.3128728934946,13,1
2025_1219_1277,0.17918322886507598,1219,1277,High Point,Michigan St,1684.9999559720443,1816.332058092468,13,2
2025_1219_1235,0.21763567443588458,1219,1235,High Point,Iowa St,1684.9999559720443,1779.4875897181623,13,3
2025_1219_1401,0.2704652366222671,1219,1401,High Point,Texas A&M,1684.9999559720443,1735.8270446534461,13,4
2025_1219_1276,0.27889411705675926,1219,1276,High Point,Michigan,1684.9999559720443,1729.3958457974386,13,5
2025_1219_1279,0.32361900536507954,1219,1279,High Point,Mississippi,1684.9999559720443,1697.0550380157622,13,6
2025_1219_1266,0.246004570552208,1219,1266,High Point,Marquette,1684.9999559720443,1765.2488940225403,13,7
2025_1219_1257,0.33592941626630374,1219,1257,High Point,Louisville,1684.9999559720443,1713.5881285897335,13,8
2025_1166_1219,0.28947741599883076,1219,1166,High Point,Creighton,1684.9999559720443,1761.4870757227866,13,9
2025_1219_1307,0.3451599659628707,1219,1307,High Point,New Mexico,1684.9999559720443,1737.3401376920212,13,10
2025_1219_1314,0.3758872952330334,1219,1314,High Point,North Carolina,1684.9999559720443,1732.0718376880195,13,11
2025_1219_1361,0.396845330918336,1219,1361,High Point,San Diego St,1684.9999559720443,1718.632552659536,13,11
2025_1219_1471,0.39928368398220165,1219,1471,High Point,UC San Diego,1684.9999559720443,1732.0857083956137,13,12
2025_1219_1463,0.4471640836437255,1219,1463,High Point,Yale,1684.9999559720443,1717.2452238126552,13,13
2025_1219_1252,0.6465337173424841,1219,1252,High Point,Lipscomb,1684.9999559720443,1608.2148408183402,13,14
2025_1136_1219,0.6868763656479158,1219,1136,High Point,Bryant,1684.9999559720443,1595.5930025243601,13,15
2025_1106_1219,0.8667888519429101,1219,1106,High Point,Alabama St,1684.9999559720443,1445.3194949173894,13,16
2025_1219_1384,0.9021583036283458,1219,1384,High Point,St Francis PA,1684.9999559720443,1392.3343840415646,13,16
2025_1196_1219,0.12031918465036794,1219,1196,High Point,Florida,1684.9999559720443,1887.3965401334451,13,1
2025_1219_1385,0.1542739886618721,1219,1385,High Point,St John's,1684.9999559720443,1843.627898958888,13,2
2025_1219_1403,0.22974574091968986,1219,1403,High Point,Texas Tech,1684.9999559720443,1768.8852797354511,13,3
2025_1219_1268,0.2825375479997486,1219,1268,High Point,Maryland,1684.9999559720443,1726.6530079386407,13,4
2025_1219_1272,0.1913239980398924,1219,1272,High Point,Memphis,1684.9999559720443,1804.101743662243,13,5
2025_1219_1281,0.428378184599445,1219,1281,High Point,Missouri,1684.9999559720443,1628.84846306522,13,6
2025_1219_1242,0.27810270423416333,1219,1242,High Point,Kansas,1684.9999559720443,1739.9945270353192,13,7
2025_1163_1219,0.20384430531002162,1219,1163,High Point,Connecticut,1684.9999559720443,1817.094753861221,13,8
2025_1219_1328,0.4641458633001855,1219,1328,High Point,Oklahoma,1684.9999559720443,1646.8371922255365,13,9
2025_1116_1219,0.4797901078145526,1219,1116,High Point,Arkansas,1684.9999559720443,1652.2945168596477,13,10
2025_1179_1219,0.26713098317145034,1219,1179,High Point,Drake,1684.9999559720443,1808.4056906385888,13,11
2025_1161_1219,0.36231282219600097,1219,1161,High Point,Colorado St,1684.9999559720443,1755.9333491972916,13,12
2025_1213_1219,0.453510110464592,1219,1213,High Point,Grand Canyon,1684.9999559720443,1713.3482612768519,13,13
2025_1219_1423,0.5405002867979526,1219,1423,High Point,UNC Wilmington,1684.9999559720443,1675.3212165451996,13,14
2025_1219_1303,0.7572624712649058,1219,1303,High Point,NE Omaha,1684.9999559720443,1542.0616280843851,13,15
2025_1219_1313,0.7336673055279949,1219,1313,High Point,Norfolk St,1684.9999559720443,1575.9738168627744,13,16
2025_1407_1459,0.6505942661086741,1407,1459,Troy,Wofford,1616.834853879259,1537.341782572588,14,15
2025_1188_1407,0.7363363619400586,1407,1188,Troy,SIUE,1616.834853879259,1490.7257513541058,14,16
2025_1120_1407,0.07427307625801385,1407,1120,Troy,Auburn,1616.834853879259,1900.3128728934946,14,1
2025_1277_1407,0.12235274100210086,1407,1277,Troy,Michigan St,1616.834853879259,1816.332058092468,14,2
2025_1235_1407,0.15085079969952786,1407,1235,Troy,Iowa St,1616.834853879259,1779.4875897181623,14,3
2025_1401_1407,0.19143557810994052,1407,1401,Troy,Texas A&M,1616.834853879259,1735.8270446534461,14,4
2025_1276_1407,0.1980702338098477,1407,1276,Troy,Michigan,1616.834853879259,1729.3958457974386,14,5
2025_1279_1407,0.23404049087899764,1407,1279,Troy,Mississippi,1616.834853879259,1697.0550380157622,14,6
2025_1266_1407,0.16324626675333775,1407,1266,Troy,Marquette,1616.834853879259,1765.2488940225403,14,7
2025_1257_1407,0.22642389681658262,1407,1257,Troy,Louisville,1616.834853879259,1713.5881285897335,14,8
2025_1166_1407,0.1907643546580511,1407,1166,Troy,Creighton,1616.834853879259,1761.4870757227866,14,9
2025_1307_1407,0.23370442496557198,1407,1307,Troy,New Mexico,1616.834853879259,1737.3401376920212,14,10
2025_1314_1407,0.25842526553438866,1407,1314,Troy,North Carolina,1616.834853879259,1732.0718376880195,14,11
2025_1361_1407,0.2757274614139812,1407,1361,Troy,San Diego St,1616.834853879259,1718.632552659536,14,11
2025_1407_1471,0.2777643385718861,1407,1471,Troy,UC San Diego,1616.834853879259,1732.0857083956137,14,12
2025_1407_1463,0.3188062068198325,1407,1463,Troy,Yale,1616.834853879259,1717.2452238126552,14,13
2025_1252_1407,0.5141735685697253,1407,1252,Troy,Lipscomb,1616.834853879259,1608.2148408183402,14,14
2025_1136_1407,0.5593263215815705,1407,1136,Troy,Bryant,1616.834853879259,1595.5930025243601,14,15
2025_1106_1407,0.7901338103574548,1407,1106,Troy,Alabama St,1616.834853879259,1445.3194949173894,14,16
2025_1384_1407,0.8421497957702117,1407,1384,Troy,St Francis PA,1616.834853879259,1392.3343840415646,14,16
2025_1196_1407,0.0803311189594245,1407,1196,Troy,Florida,1616.834853879259,1887.3965401334451,14,1
2025_1385_1407,0.10433955505258721,1407,1385,Troy,St John's,1616.834853879259,1843.627898958888,14,2
2025_1403_1407,0.16000471310014874,1407,1403,Troy,Texas Tech,1616.834853879259,1768.8852797354511,14,3
2025_1268_1407,0.20095203539118728,1407,1268,Troy,Maryland,1616.834853879259,1726.6530079386407,14,4
2025_1272_1407,0.13125865470827408,1407,1272,Troy,Memphis,1616.834853879259,1804.101743662243,14,5
2025_1281_1407,0.3236787306072253,1407,1281,Troy,Missouri,1616.834853879259,1628.84846306522,14,6
2025_1242_1407,0.1872276038703946,1407,1242,Troy,Kansas,1616.834853879259,1739.9945270353192,14,7
2025_1163_1407,0.129029611603472,1407,1163,Troy,Connecticut,1616.834853879259,1817.094753861221,14,8
2025_1328_1407,0.33385715416038836,1407,1328,Troy,Oklahoma,1616.834853879259,1646.8371922255365,14,9
2025_1116_1407,0.34796157893406676,1407,1116,Troy,Arkansas,1616.834853879259,1652.2945168596477,14,10
2025_1179_1407,0.1741702077184734,1407,1179,Troy,Drake,1616.834853879259,1808.4056906385888,14,11
2025_1161_1407,0.247411130163327,1407,1161,Troy,Colorado St,1616.834853879259,1755.9333491972916,14,12
2025_1213_1407,0.3243995256024535,1407,1213,Troy,Grand Canyon,1616.834853879259,1713.3482612768519,14,13
2025_1407_1423,0.40497672315475997,1407,1423,Troy,UNC Wilmington,1616.834853879259,1675.3212165451996,14,14
2025_1303_1407,0.6435031238402924,1407,1303,Troy,NE Omaha,1616.834853879259,1542.0616280843851,14,15
2025_1313_1407,0.6144796001445183,1407,1313,Troy,Norfolk St,1616.834853879259,1575.9738168627744,14,16
2025_1188_1459,0.599974880058436,1459,1188,Wofford,SIUE,1537.341782572588,1490.7257513541058,15,16
2025_1120_1459,0.045399105219038005,1459,1120,Wofford,Auburn,1537.341782572588,1900.3128728934946,15,1
2025_1277_1459,0.07632873656509107,1459,1277,Wofford,Michigan St,1537.341782572588,1816.332058092468,15,2
2025_1235_1459,0.09527067025867002,1459,1235,Wofford,Iowa St,1537.341782572588,1779.4875897181623,15,3
2025_1401_1459,0.12306942658950863,1459,1401,Wofford,Texas A&M,1537.341782572588,1735.8270446534461,15,4
2025_1276_1459,0.1277089247669836,1459,1276,Wofford,Michigan,1537.341782572588,1729.3958457974386,15,5
2025_1279_1459,0.15334469655316574,1459,1279,Wofford,Mississippi,1537.341782572588,1697.0550380157622,15,6
2025_1266_1459,0.10365660088020882,1459,1266,Wofford,Marquette,1537.341782572588,1765.2488940225403,15,7
2025_1257_1459,0.13974933298391334,1459,1257,Wofford,Louisville,1537.341782572588,1713.5881285897335,15,8
2025_1166_1459,0.11237542271556542,1459,1166,Wofford,Creighton,1537.341782572588,1761.4870757227866,15,9
2025_1307_1459,0.1407392933830003,1459,1307,Wofford,New Mexico,1537.341782572588,1737.3401376920212,15,10
2025_1314_1459,0.15764952532831988,1459,1314,Wofford,North Carolina,1537.341782572588,1732.0718376880195,15,11
2025_1361_1459,0.16974899435389842,1459,1361,Wofford,San Diego St,1537.341782572588,1718.632552659536,15,11
2025_1459_1471,0.17118802192864718,1459,1471,Wofford,UC San Diego,1537.341782572588,1732.0857083956137,15,12
2025_1459_1463,0.20086195634373696,1459,1463,Wofford,Yale,1537.341782572588,1717.2452238126552,15,13
2025_1252_1459,0.36240453541410067,1459,1252,Wofford,Lipscomb,1537.341782572588,1608.2148408183402,15,14
2025_1136_1459,0.4053495498030842,1459,1136,Wofford,Bryant,1537.341782572588,1595.5930025243601,15,15
2025_1106_1459,0.6690916911618296,1459,1106,Wofford,Alabama St,1537.341782572588,1445.3194949173894,15,16
2025_1384_1459,0.7412851735208593,1459,1384,Wofford,St Francis PA,1537.341782572588,1392.3343840415646,15,16
2025_1196_1459,0.04922729470077451,1459,1196,Wofford,Florida,1537.341782572588,1887.3965401334451,15,1
2025_1385_1459,0.06459267786093323,1459,1385,Wofford,St John's,1537.341782572588,1843.627898958888,15,2
2025_1403_1459,0.10145484087352734,1459,1403,Wofford,Texas Tech,1537.341782572588,1768.8852797354511,15,3
2025_1268_1459,0.12973262398201124,1459,1268,Wofford,Maryland,1537.341782572588,1726.6530079386407,15,4
2025_1272_1459,0.08219837278166174,1459,1272,Wofford,Memphis,1537.341782572588,1804.101743662243,15,5
2025_1281_1459,0.2209933561175279,1459,1281,Wofford,Missouri,1537.341782572588,1628.84846306522,15,6
2025_1242_1459,0.12014092971067751,1459,1242,Wofford,Kansas,1537.341782572588,1739.9945270353192,15,7
2025_1163_1459,0.07597573118605477,1459,1163,Wofford,Connecticut,1537.341782572588,1817.094753861221,15,8
2025_1328_1459,0.21207827817131364,1459,1328,Wofford,Oklahoma,1537.341782572588,1646.8371922255365,15,9
2025_1116_1459,0.22275833993202723,1459,1116,Wofford,Arkansas,1537.341782572588,1652.2945168596477,15,10
2025_1179_1459,0.1017428297539967,1459,1179,Wofford,Drake,1537.341782572588,1808.4056906385888,15,11
2025_1161_1459,0.15006134053509002,1459,1161,Wofford,Colorado St,1537.341782572588,1755.9333491972916,15,12
2025_1213_1459,0.20500875446002398,1459,1213,Wofford,Grand Canyon,1537.341782572588,1713.3482612768519,15,13
2025_1423_1459,0.2676803946780818,1459,1423,Wofford,UNC Wilmington,1537.341782572588,1675.3212165451996,15,14
2025_1303_1459,0.4922378765698734,1459,1303,Wofford,NE Omaha,1537.341782572588,1542.0616280843851,15,15
2025_1313_1459,0.4612104082298408,1459,1313,Wofford,Norfolk St,1537.341782572588,1575.9738168627744,15,16
2025_1120_1188,0.03381407429147297,1188,1120,SIUE,Auburn,1490.7257513541058,1900.3128728934946,16,1
2025_1188_1277,0.0573249884244577,1188,1277,SIUE,Michigan St,1490.7257513541058,1816.332058092468,16,2
2025_1188_1235,0.0719180981556439,1188,1235,SIUE,Iowa St,1490.7257513541058,1779.4875897181623,16,3
2025_1188_1401,0.0936078832156242,1188,1401,SIUE,Texas A&M,1490.7257513541058,1735.8270446534461,16,4
2025_1188_1276,0.09725991504470982,1188,1276,SIUE,Michigan,1490.7257513541058,1729.3958457974386,16,5
2025_1188_1279,0.11760756131107769,1188,1279,SIUE,Mississippi,1490.7257513541058,1697.0550380157622,16,6
2025_1188_1266,0.07842667013104672,1188,1266,SIUE,Marquette,1490.7257513541058,1765.2488940225403,16,7
2025_1188_1257,0.10678100744264579,1188,1257,SIUE,Louisville,1490.7257513541058,1713.5881285897335,16,8
2025_1166_1188,0.08023414234050799,1188,1166,SIUE,Creighton,1490.7257513541058,1761.4870757227866,16,9
2025_1188_1307,0.09845382339576068,1188,1307,SIUE,New Mexico,1490.7257513541058,1737.3401376920212,16,10
2025_1188_1314,0.11093930702280569,1188,1314,SIUE,North Carolina,1490.7257513541058,1732.0718376880195,16,11
2025_1188_1361,0.11996436378306216,1188,1361,SIUE,San Diego St,1490.7257513541058,1718.632552659536,16,11
2025_1188_1471,0.12104287789408609,1188,1471,SIUE,UC San Diego,1490.7257513541058,1732.0857083956137,16,12
2025_1188_1463,0.1435298723867983,1188,1463,SIUE,Yale,1490.7257513541058,1717.2452238126552,16,13
2025_1188_1252,0.2748200386741953,1188,1252,SIUE,Lipscomb,1490.7257513541058,1608.2148408183402,16,14
2025_1136_1188,0.31247270349025563,1188,1136,SIUE,Bryant,1490.7257513541058,1595.5930025243601,16,15
2025_1106_1188,0.5741294191632614,1188,1106,SIUE,Alabama St,1490.7257513541058,1445.3194949173894,16,16
2025_1188_1384,0.6564014411711909,1188,1384,SIUE,St Francis PA,1490.7257513541058,1392.3343840415646,16,16
2025_1188_1196,0.03670293874217485,1188,1196,SIUE,Florida,1490.7257513541058,1887.3965401334451,16,1
2025_1188_1385,0.04835790824732551,1188,1385,SIUE,St John's,1490.7257513541058,1843.627898958888,16,2
2025_1188_1403,0.07671495028495812,1188,1403,SIUE,Texas Tech,1490.7257513541058,1768.8852797354511,16,3
2025_1188_1268,0.09885579489628668,1188,1268,SIUE,Maryland,1490.7257513541058,1726.6530079386407,16,4
2025_1188_1272,0.061831072691738743,1188,1272,SIUE,Memphis,1490.7257513541058,1804.101743662243,16,5
2025_1188_1281,0.17270660665755916,1188,1281,SIUE,Missouri,1490.7257513541058,1628.84846306522,16,6
2025_1188_1242,0.09130744344047642,1188,1242,SIUE,Kansas,1490.7257513541058,1739.9945270353192,16,7
2025_1163_1188,0.057054442830253516,1188,1163,SIUE,Connecticut,1490.7257513541058,1817.094753861221,16,8
2025_1188_1328,0.15644644109964967,1188,1328,SIUE,Oklahoma,1490.7257513541058,1646.8371922255365,16,9
2025_1116_1188,0.16043106278584365,1188,1116,SIUE,Arkansas,1490.7257513541058,1652.2945168596477,16,10
2025_1179_1188,0.0702164959905493,1188,1179,SIUE,Drake,1490.7257513541058,1808.4056906385888,16,11
2025_1161_1188,0.10531833226560541,1188,1161,SIUE,Colorado St,1490.7257513541058,1755.9333491972916,16,12
2025_1188_1213,0.14671034483185233,1188,1213,SIUE,Grand Canyon,1490.7257513541058,1713.3482612768519,16,13
2025_1188_1423,0.195952861596928,1188,1423,SIUE,UNC Wilmington,1490.7257513541058,1675.3212165451996,16,14
2025_1188_1303,0.39259638479069264,1188,1303,SIUE,NE Omaha,1490.7257513541058,1542.0616280843851,16,15
2025_1188_1313,0.3633551546954205,1188,1313,SIUE,Norfolk St,1490.7257513541058,1575.9738168627744,16,16
2025_1120_1277,0.6572755183071086,1120,1277,Auburn,Michigan St,1900.3128728934946,1816.332058092468,1,2
2025_1120_1235,0.7295324196604368,1120,1235,Auburn,Iowa St,1900.3128728934946,1779.4875897181623,1,3
2025_1120_1401,0.7986966785990759,1120,1401,Auburn,Texas A&M,1900.3128728934946,1735.8270446534461,1,4
2025_1120_1276,0.8204147969265474,1120,1276,Auburn,Michigan,1900.3128728934946,1729.3958457974386,1,5
2025_1120_1279,0.8618339853810665,1120,1279,Auburn,Mississippi,1900.3128728934946,1697.0550380157622,1,6
2025_1120_1266,0.8146713702760398,1120,1266,Auburn,Marquette,1900.3128728934946,1765.2488940225403,1,7
2025_1120_1257,0.8683341028662709,1120,1257,Auburn,Louisville,1900.3128728934946,1713.5881285897335,1,8
2025_1120_1166,0.8279532757042135,1120,1166,Auburn,Creighton,1900.3128728934946,1761.4870757227866,1,9
2025_1120_1307,0.849418669489174,1120,1307,Auburn,New Mexico,1900.3128728934946,1737.3401376920212,1,10
2025_1120_1314,0.8537983271657055,1120,1314,Auburn,North Carolina,1900.3128728934946,1732.0718376880195,1,11
2025_1120_1361,0.864493314085997,1120,1361,Auburn,San Diego St,1900.3128728934946,1718.632552659536,1,11
2025_1120_1471,0.8537869360064542,1120,1471,Auburn,UC San Diego,1900.3128728934946,1732.0857083956137,1,12
2025_1120_1463,0.865558938199661,1120,1463,Auburn,Yale,1900.3128728934946,1717.2452238126552,1,13
2025_1120_1252,0.9295331601266424,1120,1252,Auburn,Lipscomb,1900.3128728934946,1608.2148408183402,1,14
2025_1120_1136,0.9347819469520606,1120,1136,Auburn,Bryant,1900.3128728934946,1595.5930025243601,1,15
2025_1106_1120,0.974696872327414,1120,1106,Auburn,Alabama St,1900.3128728934946,1445.3194949173894,1,16
2025_1120_1384,0.9820098637170366,1120,1384,Auburn,St Francis PA,1900.3128728934946,1392.3343840415646,1,16
2025_1120_1196,0.5212307660961872,1120,1196,Auburn,Florida,1900.3128728934946,1887.3965401334451,1,1
2025_1120_1385,0.6157628935546441,1120,1385,Auburn,St John's,1900.3128728934946,1843.627898958888,1,2
2025_1120_1403,0.7430729821481019,1120,1403,Auburn,Texas Tech,1900.3128728934946,1768.8852797354511,1,3
2025_1120_1268,0.8082257790335574,1120,1268,Auburn,Maryland,1900.3128728934946,1726.6530079386407,1,4
2025_1120_1272,0.736466654343023,1120,1272,Auburn,Memphis,1900.3128728934946,1804.101743662243,1,5
2025_1120_1281,0.907150216628614,1120,1281,Auburn,Missouri,1900.3128728934946,1628.84846306522,1,6
2025_1120_1242,0.8384578180179085,1120,1242,Auburn,Kansas,1900.3128728934946,1739.9945270353192,1,7
2025_1120_1163,0.7694765751370538,1120,1163,Auburn,Connecticut,1900.3128728934946,1817.094753861221,1,8
2025_1120_1328,0.9109630554382457,1120,1328,Auburn,Oklahoma,1900.3128728934946,1646.8371922255365,1,9
2025_1116_1120,0.9080077203801165,1120,1116,Auburn,Arkansas,1900.3128728934946,1652.2945168596477,1,10
2025_1120_1179,0.7794599097915706,1120,1179,Auburn,Drake,1900.3128728934946,1808.4056906385888,1,11
2025_1120_1161,0.8330956498461596,1120,1161,Auburn,Colorado St,1900.3128728934946,1755.9333491972916,1,12
2025_1120_1213,0.868514415611588,1120,1213,Auburn,Grand Canyon,1900.3128728934946,1713.3482612768519,1,13
2025_1120_1423,0.8945477309820594,1120,1423,Auburn,UNC Wilmington,1900.3128728934946,1675.3212165451996,1,14
2025_1120_1303,0.9532360500006174,1120,1303,Auburn,NE Omaha,1900.3128728934946,1542.0616280843851,1,15
2025_1120_1313,0.9422228231953252,1120,1313,Auburn,Norfolk St,1900.3128728934946,1575.9738168627744,1,16
2025_1235_1277,0.5844516643496173,1277,1235,Michigan St,Iowa St,1816.332058092468,1779.4875897181623,2,3
2025_1277_1401,0.6741448388157046,1277,1401,Michigan St,Texas A&M,1816.332058092468,1735.8270446534461,2,4
2025_1276_1277,0.7043260108680772,1277,1276,Michigan St,Michigan,1816.332058092468,1729.3958457974386,2,5
2025_1277_1279,0.764845349045767,1277,1279,Michigan St,Mississippi,1816.332058092468,1697.0550380157622,2,6
2025_1266_1277,0.6962444924306449,1277,1266,Michigan St,Marquette,1816.332058092468,1765.2488940225403,2,7
2025_1257_1277,0.7804047417605147,1277,1257,Michigan St,Louisville,1816.332058092468,1713.5881285897335,2,8
2025_1166_1277,0.7347186007486309,1277,1166,Michigan St,Creighton,1816.332058092468,1761.4870757227866,2,9
2025_1277_1307,0.7645078385889139,1277,1307,Michigan St,New Mexico,1816.332058092468,1737.3401376920212,2,10
2025_1277_1314,0.7706904244383355,1277,1314,Michigan St,North Carolina,1816.332058092468,1732.0718376880195,2,11
2025_1277_1361,0.7859407199022579,1277,1361,Michigan St,San Diego St,1816.332058092468,1718.632552659536,2,11
2025_1277_1471,0.7706742972320212,1277,1471,Michigan St,UC San Diego,1816.332058092468,1732.0857083956137,2,12
2025_1277_1463,0.7874722162677598,1277,1463,Michigan St,Yale,1816.332058092468,1717.2452238126552,2,13
2025_1252_1277,0.8836076206643767,1277,1252,Michigan St,Lipscomb,1816.332058092468,1608.2148408183402,2,14
2025_1136_1277,0.891879314669957,1277,1136,Michigan St,Bryant,1816.332058092468,1595.5930025243601,2,15
2025_1106_1277,0.9568392672394646,1277,1106,Michigan St,Alabama St,1816.332058092468,1445.3194949173894,2,16
2025_1277_1384,0.9691500261499498,1277,1384,Michigan St,St Francis PA,1816.332058092468,1392.3343840415646,2,16
2025_1196_1277,0.3621135929553295,1277,1196,Michigan St,Florida,1816.332058092468,1887.3965401334451,2,1
2025_1277_1385,0.45522668341177963,1277,1385,Michigan St,St John's,1816.332058092468,1843.627898958888,2,2
2025_1277_1403,0.6012858674586772,1277,1403,Michigan St,Texas Tech,1816.332058092468,1768.8852797354511,2,3
2025_1268_1277,0.6872612408928098,1277,1268,Michigan St,Maryland,1816.332058092468,1726.6530079386407,2,4
2025_1272_1277,0.593030509255696,1277,1272,Michigan St,Memphis,1816.332058092468,1804.101743662243,2,5
2025_1277_1281,0.8359158681136653,1277,1281,Michigan St,Missouri,1816.332058092468,1628.84846306522,2,6
2025_1242_1277,0.7301968529922563,1277,1242,Michigan St,Kansas,1816.332058092468,1739.9945270353192,2,7
2025_1163_1277,0.6426938889437737,1277,1163,Michigan St,Connecticut,1816.332058092468,1817.094753861221,2,8
2025_1277_1328,0.8548249859432159,1277,1328,Michigan St,Oklahoma,1816.332058092468,1646.8371922255365,2,9
2025_1116_1277,0.8503124843455729,1277,1116,Michigan St,Arkansas,1816.332058092468,1652.2945168596477,2,10
2025_1179_1277,0.6704072488006666,1277,1179,Michigan St,Drake,1816.332058092468,1808.4056906385888,2,11
2025_1161_1277,0.7417785809758288,1277,1161,Michigan St,Colorado St,1816.332058092468,1755.9333491972916,2,12
2025_1213_1277,0.791731260846502,1277,1213,Michigan St,Grand Canyon,1816.332058092468,1713.3482612768519,2,13
2025_1277_1423,0.8299913035025969,1277,1423,Michigan St,UNC Wilmington,1816.332058092468,1675.3212165451996,2,14
2025_1277_1303,0.9214530832938111,1277,1303,Michigan St,NE Omaha,1816.332058092468,1542.0616280843851,2,15
2025_1277_1313,0.9037108448463979,1277,1313,Michigan St,Norfolk St,1816.332058092468,1575.9738168627744,2,16
2025_1235_1401,0.5952993782360053,1235,1401,Iowa St,Texas A&M,1779.4875897181623,1735.8270446534461,3,4
2025_1235_1276,0.6287618342708061,1235,1276,Iowa St,Michigan,1779.4875897181623,1729.3958457974386,3,5
2025_1235_1279,0.6981186733627371,1235,1279,Iowa St,Mississippi,1779.4875897181623,1697.0550380157622,3,6
2025_1235_1266,0.619730056308443,1235,1266,Iowa St,Marquette,1779.4875897181623,1765.2488940225403,3,7
2025_1235_1257,0.7164563866597674,1235,1257,Iowa St,Louisville,1779.4875897181623,1713.5881285897335,3,8
2025_1166_1235,0.6705150239885275,1235,1166,Iowa St,Creighton,1779.4875897181623,1761.4870757227866,3,9
2025_1235_1307,0.7181213133819604,1235,1307,Iowa St,New Mexico,1779.4875897181623,1737.3401376920212,3,10
2025_1235_1314,0.7250837968377603,1235,1314,Iowa St,North Carolina,1779.4875897181623,1732.0718376880195,3,11
2025_1235_1361,0.7423531947449651,1235,1361,Iowa St,San Diego St,1779.4875897181623,1718.632552659536,3,11
2025_1235_1471,0.7250656063762202,1235,1471,Iowa St,UC San Diego,1779.4875897181623,1732.0857083956137,3,12
2025_1235_1463,0.7440950008907988,1235,1463,Iowa St,Yale,1779.4875897181623,1717.2452238126552,3,13
2025_1235_1252,0.8562704800353805,1235,1252,Iowa St,Lipscomb,1779.4875897181623,1608.2148408183402,3,14
2025_1136_1235,0.8661907464927401,1235,1136,Iowa St,Bryant,1779.4875897181623,1595.5930025243601,3,15
2025_1106_1235,0.9456440105897231,1235,1106,Iowa St,Alabama St,1779.4875897181623,1445.3194949173894,3,16
2025_1235_1384,0.9610179048496721,1235,1384,Iowa St,St Francis PA,1779.4875897181623,1392.3343840415646,3,16
2025_1196_1235,0.287557286349129,1235,1196,Iowa St,Florida,1779.4875897181623,1887.3965401334451,3,1
2025_1235_1385,0.3727003905731743,1235,1385,Iowa St,St John's,1779.4875897181623,1843.627898958888,3,2
2025_1235_1403,0.517430591500178,1235,1403,Iowa St,Texas Tech,1779.4875897181623,1768.8852797354511,3,3
2025_1235_1268,0.6097522976903335,1235,1268,Iowa St,Maryland,1779.4875897181623,1726.6530079386407,3,4
2025_1235_1272,0.5088571939654831,1235,1272,Iowa St,Memphis,1779.4875897181623,1804.101743662243,3,5
2025_1235_1281,0.7836514424352107,1235,1281,Iowa St,Missouri,1779.4875897181623,1628.84846306522,3,6
2025_1235_1242,0.6580342528687991,1235,1242,Iowa St,Kansas,1779.4875897181623,1739.9945270353192,3,7
2025_1163_1235,0.5611918521162628,1235,1163,Iowa St,Connecticut,1779.4875897181623,1817.094753861221,3,8
2025_1235_1328,0.8122620153265185,1235,1328,Iowa St,Oklahoma,1779.4875897181623,1646.8371922255365,3,9
2025_1116_1235,0.8167768467749408,1235,1116,Iowa St,Arkansas,1779.4875897181623,1652.2945168596477,3,10
2025_1179_1235,0.6148237529318065,1235,1179,Iowa St,Drake,1779.4875897181623,1808.4056906385888,3,11
2025_1161_1235,0.6927144533615491,1235,1161,Iowa St,Colorado St,1779.4875897181623,1755.9333491972916,3,12
2025_1213_1235,0.7489461884312792,1235,1213,Iowa St,Grand Canyon,1779.4875897181623,1713.3482612768519,3,13
2025_1235_1423,0.7930112077384482,1235,1423,Iowa St,UNC Wilmington,1779.4875897181623,1675.3212165451996,3,14
2025_1235_1303,0.9020190728787979,1235,1303,Iowa St,NE Omaha,1779.4875897181623,1542.0616280843851,3,15
2025_1235_1313,0.8804565657111092,1235,1313,Iowa St,Norfolk St,1779.4875897181623,1575.9738168627744,3,16
2025_1276_1401,0.5351896962094413,1401,1276,Texas A&M,Michigan,1735.8270446534461,1729.3958457974386,4,5
2025_1279_1401,0.6112187997538,1401,1279,Texas A&M,Mississippi,1735.8270446534461,1697.0550380157622,4,6
2025_1266_1401,0.525599038668551,1401,1266,Texas A&M,Marquette,1735.8270446534461,1765.2488940225403,4,7
2025_1257_1401,0.6320530540380376,1401,1257,Texas A&M,Louisville,1735.8270446534461,1713.5881285897335,4,8
2025_1166_1401,0.5804445325717137,1401,1166,Texas A&M,Creighton,1735.8270446534461,1761.4870757227866,4,9
2025_1307_1401,0.6415594303120294,1401,1307,Texas A&M,New Mexico,1735.8270446534461,1737.3401376920212,4,10
2025_1314_1401,0.6643156803807329,1401,1314,Texas A&M,North Carolina,1735.8270446534461,1732.0718376880195,4,11
2025_1361_1401,0.6837373534307871,1401,1361,Texas A&M,San Diego St,1735.8270446534461,1718.632552659536,4,11
2025_1401_1471,0.6642953306657344,1401,1471,Texas A&M,UC San Diego,1735.8270446534461,1732.0857083956137,4,12
2025_1401_1463,0.6857076589382434,1401,1463,Texas A&M,Yale,1735.8270446534461,1717.2452238126552,4,13
2025_1252_1401,0.8171891357483785,1401,1252,Texas A&M,Lipscomb,1735.8270446534461,1608.2148408183402,4,14
2025_1136_1401,0.8292689774510756,1401,1136,Texas A&M,Bryant,1735.8270446534461,1595.5930025243601,4,15
2025_1106_1401,0.9288447004675102,1401,1106,Texas A&M,Alabama St,1735.8270446534461,1445.3194949173894,4,16
2025_1384_1401,0.9487123649573755,1401,1384,Texas A&M,St Francis PA,1735.8270446534461,1392.3343840415646,4,16
2025_1196_1401,0.21531264038588807,1401,1196,Texas A&M,Florida,1735.8270446534461,1887.3965401334451,4,1
2025_1385_1401,0.2877029991256647,1401,1385,Texas A&M,St John's,1735.8270446534461,1843.627898958888,4,2
2025_1401_1403,0.421610353404032,1401,1403,Texas A&M,Texas Tech,1735.8270446534461,1768.8852797354511,4,3
2025_1268_1401,0.5150839930403941,1401,1268,Texas A&M,Maryland,1735.8270446534461,1726.6530079386407,4,4
2025_1272_1401,0.4132649687470563,1401,1272,Texas A&M,Memphis,1735.8270446534461,1804.101743662243,4,5
2025_1281_1401,0.7111871438976735,1401,1281,Texas A&M,Missouri,1735.8270446534461,1628.84846306522,4,6
2025_1242_1401,0.5667564333229863,1401,1242,Texas A&M,Kansas,1735.8270446534461,1739.9945270353192,4,7
2025_1163_1401,0.4650778740194247,1401,1163,Texas A&M,Connecticut,1735.8270446534461,1817.094753861221,4,8
2025_1328_1401,0.7462779662840118,1401,1328,Texas A&M,Oklahoma,1735.8270446534461,1646.8371922255365,4,9
2025_1116_1401,0.7579803093441058,1401,1116,Texas A&M,Arkansas,1735.8270446534461,1652.2945168596477,4,10
2025_1179_1401,0.5449780856430024,1401,1179,Texas A&M,Drake,1735.8270446534461,1808.4056906385888,4,11
2025_1161_1401,0.6284576542260798,1401,1161,Texas A&M,Colorado St,1735.8270446534461,1755.9333491972916,4,12
2025_1213_1401,0.6912063611876496,1401,1213,Texas A&M,Grand Canyon,1735.8270446534461,1713.3482612768519,4,13
2025_1401_1423,0.7419135417500415,1401,1423,Texas A&M,UNC Wilmington,1735.8270446534461,1675.3212165451996,4,14
2025_1303_1401,0.873540036293462,1401,1303,Texas A&M,NE Omaha,1735.8270446534461,1542.0616280843851,4,15
2025_1313_1401,0.8467748196095634,1401,1313,Texas A&M,Norfolk St,1735.8270446534461,1575.9738168627744,4,16
2025_1276_1279,0.5772382704528465,1276,1279,Michigan,Mississippi,1729.3958457974386,1697.0550380157622,5,6
2025_1266_1276,0.49037465957027376,1276,1266,Michigan,Marquette,1729.3958457974386,1765.2488940225403,5,7
2025_1257_1276,0.5986979179547186,1276,1257,Michigan,Louisville,1729.3958457974386,1713.5881285897335,5,8
2025_1166_1276,0.5457731381775238,1276,1166,Michigan,Creighton,1729.3958457974386,1761.4870757227866,5,9
2025_1276_1307,0.6085323201790037,1276,1307,Michigan,New Mexico,1729.3958457974386,1737.3401376920212,5,10
2025_1276_1314,0.6397982163759325,1276,1314,Michigan,North Carolina,1729.3958457974386,1732.0718376880195,5,11
2025_1276_1361,0.6599122096151695,1276,1361,Michigan,San Diego St,1729.3958457974386,1718.632552659536,5,11
2025_1276_1471,0.6547953575593315,1276,1471,Michigan,UC San Diego,1729.3958457974386,1732.0857083956137,5,12
2025_1276_1463,0.6765185602421769,1276,1463,Michigan,Yale,1729.3958457974386,1717.2452238126552,5,13
2025_1252_1276,0.8107834404863223,1276,1252,Michigan,Lipscomb,1729.3958457974386,1608.2148408183402,5,14
2025_1136_1276,0.8231949806701233,1276,1136,Michigan,Bryant,1729.3958457974386,1595.5930025243601,5,15
2025_1106_1276,0.9259971181428187,1276,1106,Michigan,Alabama St,1729.3958457974386,1445.3194949173894,5,16
2025_1276_1384,0.9466141736731642,1276,1384,Michigan,St Francis PA,1729.3958457974386,1392.3343840415646,5,16
2025_1196_1276,0.19244727295786307,1276,1196,Michigan,Florida,1729.3958457974386,1887.3965401334451,5,1
2025_1276_1385,0.2596942789646486,1276,1385,Michigan,St John's,1729.3958457974386,1843.627898958888,5,2
2025_1276_1403,0.38766021787785065,1276,1403,Michigan,Texas Tech,1729.3958457974386,1768.8852797354511,5,3
2025_1268_1276,0.47985151748157945,1276,1268,Michigan,Maryland,1729.3958457974386,1726.6530079386407,5,4
2025_1272_1276,0.37954586307927624,1276,1272,Michigan,Memphis,1729.3958457974386,1804.101743662243,5,5
2025_1276_1281,0.6813895132120581,1276,1281,Michigan,Missouri,1729.3958457974386,1628.84846306522,5,6
2025_1242_1276,0.531866169308072,1276,1242,Michigan,Kansas,1729.3958457974386,1739.9945270353192,5,7
2025_1163_1276,0.4302311333728846,1276,1163,Michigan,Connecticut,1729.3958457974386,1817.094753861221,5,8
2025_1276_1328,0.7186685888577694,1276,1328,Michigan,Oklahoma,1729.3958457974386,1646.8371922255365,5,9
2025_1116_1276,0.7311856566969301,1276,1116,Michigan,Arkansas,1729.3958457974386,1652.2945168596477,5,10
2025_1179_1276,0.5180676779625922,1276,1179,Michigan,Drake,1729.3958457974386,1808.4056906385888,5,11
2025_1161_1276,0.618525907943702,1276,1161,Michigan,Colorado St,1729.3958457974386,1755.9333491972916,5,12
2025_1213_1276,0.6821034978196718,1276,1213,Michigan,Grand Canyon,1729.3958457974386,1713.3482612768519,5,13
2025_1276_1423,0.7337296348470521,1276,1423,Michigan,UNC Wilmington,1729.3958457974386,1675.3212165451996,5,14
2025_1276_1303,0.8687918451794382,1276,1303,Michigan,NE Omaha,1729.3958457974386,1542.0616280843851,5,15
2025_1276_1313,0.8412043596304407,1276,1313,Michigan,Norfolk St,1729.3958457974386,1575.9738168627744,5,16
2025_1266_1279,0.41339393637513394,1279,1266,Mississippi,Marquette,1697.0550380157622,1765.2488940225403,6,7
2025_1257_1279,0.5221345983841389,1279,1257,Mississippi,Louisville,1697.0550380157622,1713.5881285897335,6,8
2025_1166_1279,0.4680835126728626,1279,1166,Mississippi,Creighton,1697.0550380157622,1761.4870757227866,6,9
2025_1279_1307,0.5323797892219518,1279,1307,Mississippi,New Mexico,1697.0550380157622,1737.3401376920212,6,10
2025_1279_1314,0.5653839499767744,1279,1314,Mississippi,North Carolina,1697.0550380157622,1732.0718376880195,6,11
2025_1279_1361,0.5869707618278601,1279,1361,Mississippi,San Diego St,1697.0550380157622,1718.632552659536,6,11
2025_1279_1471,0.5894356859440458,1279,1471,Mississippi,UC San Diego,1697.0550380157622,1732.0857083956137,6,12
2025_1279_1463,0.6283287913948535,1279,1463,Mississippi,Yale,1697.0550380157622,1717.2452238126552,6,13
2025_1252_1279,0.775971868611941,1279,1252,Mississippi,Lipscomb,1697.0550380157622,1608.2148408183402,6,14
2025_1136_1279,0.7900756330824497,1279,1136,Mississippi,Bryant,1697.0550380157622,1595.5930025243601,6,15
2025_1106_1279,0.9100301330157318,1279,1106,Mississippi,Alabama St,1697.0550380157622,1445.3194949173894,6,16
2025_1279_1384,0.9347822612359006,1279,1384,Mississippi,St Francis PA,1697.0550380157622,1392.3343840415646,6,16
2025_1196_1279,0.14859891016237556,1279,1196,Mississippi,Florida,1697.0550380157622,1887.3965401334451,6,1
2025_1279_1385,0.2044021376811611,1279,1385,Mississippi,St John's,1697.0550380157622,1843.627898958888,6,2
2025_1279_1403,0.31678105945948465,1279,1403,Mississippi,Texas Tech,1697.0550380157622,1768.8852797354511,6,3
2025_1268_1279,0.403215722936793,1279,1268,Mississippi,Maryland,1697.0550380157622,1726.6530079386407,6,4
2025_1272_1279,0.3094006845526472,1279,1272,Mississippi,Memphis,1697.0550380157622,1804.101743662243,6,5
2025_1279_1281,0.6103344807469478,1279,1281,Mississippi,Missouri,1697.0550380157622,1628.84846306522,6,6
2025_1242_1279,0.4541767621495064,1279,1242,Mississippi,Kansas,1697.0550380157622,1739.9945270353192,6,7
2025_1163_1279,0.35609478393888416,1279,1163,Mississippi,Connecticut,1697.0550380157622,1817.094753861221,6,8
2025_1279_1328,0.6516773902605459,1279,1328,Mississippi,Oklahoma,1697.0550380157622,1646.8371922255365,6,9
2025_1116_1279,0.6657889482679188,1279,1116,Mississippi,Arkansas,1697.0550380157622,1652.2945168596477,6,10
2025_1179_1279,0.4404972593564265,1279,1179,Mississippi,Drake,1697.0550380157622,1808.4056906385888,6,11
2025_1161_1279,0.5510078914840456,1279,1161,Mississippi,Colorado St,1697.0550380157622,1755.9333491972916,6,12
2025_1213_1279,0.6342959771349698,1279,1213,Mississippi,Grand Canyon,1697.0550380157622,1713.3482612768519,6,13
2025_1279_1423,0.6901593192484883,1279,1423,Mississippi,UNC Wilmington,1697.0550380157622,1675.3212165451996,6,14
2025_1279_1303,0.8425804158593503,1279,1303,Mississippi,NE Omaha,1697.0550380157622,1542.0616280843851,6,15
2025_1279_1313,0.8106827101218903,1279,1313,Mississippi,Norfolk St,1697.0550380157622,1575.9738168627744,6,16
2025_1257_1266,0.6079131878131944,1266,1257,Marquette,Louisville,1765.2488940225403,1713.5881285897335,7,8
2025_1166_1266,0.5553010200628705,1266,1166,Marquette,Creighton,1765.2488940225403,1761.4870757227866,7,9
2025_1266_1307,0.6176659766031108,1266,1307,Marquette,New Mexico,1765.2488940225403,1737.3401376920212,7,10
2025_1266_1314,0.6486236019061696,1266,1314,Marquette,North Carolina,1765.2488940225403,1732.0718376880195,7,11
2025_1266_1361,0.6685001221194022,1266,1361,Marquette,San Diego St,1765.2488940225403,1718.632552659536,7,11
2025_1266_1471,0.6707514113814953,1266,1471,Marquette,UC San Diego,1765.2488940225403,1732.0857083956137,7,12
2025_1266_1463,0.7125703590643664,1266,1463,Marquette,Yale,1765.2488940225403,1717.2452238126552,7,13
2025_1252_1266,0.8443529130672097,1266,1252,Marquette,Lipscomb,1765.2488940225403,1608.2148408183402,7,14
2025_1136_1266,0.8549564020157527,1266,1136,Marquette,Bryant,1765.2488940225403,1595.5930025243601,7,15
2025_1106_1266,0.9406231209576127,1266,1106,Marquette,Alabama St,1765.2488940225403,1445.3194949173894,7,16
2025_1266_1384,0.9573530656051737,1266,1384,Marquette,St Francis PA,1765.2488940225403,1392.3343840415646,7,16
2025_1196_1266,0.1985025218132486,1266,1196,Marquette,Florida,1765.2488940225403,1887.3965401334451,7,1
2025_1266_1385,0.2671654110789347,1266,1385,Marquette,St John's,1765.2488940225403,1843.627898958888,7,2
2025_1266_1403,0.39683936435829203,1266,1403,Marquette,Texas Tech,1765.2488940225403,1768.8852797354511,7,3
2025_1266_1268,0.489468688309307,1266,1268,Marquette,Maryland,1765.2488940225403,1726.6530079386407,7,4
2025_1266_1272,0.3886548237420483,1266,1272,Marquette,Memphis,1765.2488940225403,1804.101743662243,7,5
2025_1266_1281,0.6896901066380257,1266,1281,Marquette,Missouri,1765.2488940225403,1628.84846306522,7,6
2025_1242_1266,0.5414406665606438,1266,1242,Marquette,Kansas,1765.2488940225403,1739.9945270353192,7,7
2025_1163_1266,0.4396944813372441,1266,1163,Marquette,Connecticut,1765.2488940225403,1817.094753861221,7,8
2025_1266_1328,0.7263879603478399,1266,1328,Marquette,Oklahoma,1765.2488940225403,1646.8371922255365,7,9
2025_1116_1266,0.7386864578935591,1266,1116,Marquette,Arkansas,1765.2488940225403,1652.2945168596477,7,10
2025_1179_1266,0.5276737676836409,1266,1179,Marquette,Drake,1765.2488940225403,1808.4056906385888,7,11
2025_1161_1266,0.6352244882626464,1266,1161,Marquette,Colorado St,1765.2488940225403,1755.9333491972916,7,12
2025_1213_1266,0.7177925067773091,1266,1213,Marquette,Grand Canyon,1765.2488940225403,1713.3482612768519,7,13
2025_1266_1423,0.7772131181397145,1266,1423,Marquette,UNC Wilmington,1765.2488940225403,1675.3212165451996,7,14
2025_1266_1303,0.8934226823181604,1266,1303,Marquette,NE Omaha,1765.2488940225403,1542.0616280843851,7,15
2025_1266_1313,0.8702405241475539,1266,1313,Marquette,Norfolk St,1765.2488940225403,1575.9738168627744,7,16
2025_1166_1257,0.44610122331221896,1257,1166,Louisville,Creighton,1713.5881285897335,1761.4870757227866,8,9
2025_1257_1307,0.5102746467553125,1257,1307,Louisville,New Mexico,1713.5881285897335,1737.3401376920212,8,10
2025_1257_1314,0.543501179481029,1257,1314,Louisville,North Carolina,1713.5881285897335,1732.0718376880195,8,11
2025_1257_1361,0.5653392924306797,1257,1361,Louisville,San Diego St,1713.5881285897335,1718.632552659536,8,11
2025_1257_1471,0.5678382643103148,1257,1471,Louisville,UC San Diego,1713.5881285897335,1732.0857083956137,8,12
2025_1257_1463,0.6152303104916665,1257,1463,Louisville,Yale,1713.5881285897335,1717.2452238126552,8,13
2025_1252_1257,0.7833547827893105,1257,1252,Louisville,Lipscomb,1713.5881285897335,1608.2148408183402,8,14
2025_1136_1257,0.8075470338541836,1257,1136,Louisville,Bryant,1713.5881285897335,1595.5930025243601,8,15
2025_1106_1257,0.9185473096789798,1257,1106,Louisville,Alabama St,1713.5881285897335,1445.3194949173894,8,16
2025_1257_1384,0.9411078679779799,1257,1384,Louisville,St Francis PA,1713.5881285897335,1392.3343840415646,8,16
2025_1196_1257,0.14168866284237103,1257,1196,Louisville,Florida,1713.5881285897335,1887.3965401334451,8,1
2025_1257_1385,0.19037107321532964,1257,1385,Louisville,St John's,1713.5881285897335,1843.627898958888,8,2
2025_1257_1403,0.2979245115950146,1257,1403,Louisville,Texas Tech,1713.5881285897335,1768.8852797354511,8,3
2025_1257_1268,0.38209149718238616,1257,1268,Louisville,Maryland,1713.5881285897335,1726.6530079386407,8,4
2025_1257_1272,0.29079647045681506,1257,1272,Louisville,Memphis,1713.5881285897335,1804.101743662243,8,5
2025_1257_1281,0.5890699926630277,1257,1281,Louisville,Missouri,1713.5881285897335,1628.84846306522,8,6
2025_1242_1257,0.4323167625020776,1257,1242,Louisville,Kansas,1713.5881285897335,1739.9945270353192,8,7
2025_1163_1257,0.3360491062955822,1257,1163,Louisville,Connecticut,1713.5881285897335,1817.094753861221,8,8
2025_1257_1328,0.6313061377775374,1257,1328,Louisville,Oklahoma,1713.5881285897335,1646.8371922255365,8,9
2025_1116_1257,0.6457944205709375,1257,1116,Louisville,Arkansas,1713.5881285897335,1652.2945168596477,8,10
2025_1179_1257,0.4187904951443899,1257,1179,Louisville,Drake,1713.5881285897335,1808.4056906385888,8,11
2025_1161_1257,0.5290042809798033,1257,1161,Louisville,Colorado St,1713.5881285897335,1755.9333491972916,8,12
2025_1213_1257,0.6212810385055917,1257,1213,Louisville,Grand Canyon,1713.5881285897335,1713.3482612768519,8,13
2025_1257_1423,0.6992742364947908,1257,1423,Louisville,UNC Wilmington,1713.5881285897335,1675.3212165451996,8,14
2025_1257_1303,0.8564758112936123,1257,1303,Louisville,NE Omaha,1713.5881285897335,1542.0616280843851,8,15
2025_1257_1313,0.8268149869740937,1257,1313,Louisville,Norfolk St,1713.5881285897335,1575.9738168627744,8,16
2025_1166_1307,0.5640315830134542,1166,1307,Creighton,New Mexico,1761.4870757227866,1737.3401376920212,9,10
2025_1166_1314,0.5964949644966087,1166,1314,Creighton,North Carolina,1761.4870757227866,1732.0718376880195,9,11
2025_1166_1361,0.6175817152811658,1166,1361,Creighton,San Diego St,1761.4870757227866,1718.632552659536,9,11
2025_1166_1471,0.6199822291668594,1166,1471,Creighton,UC San Diego,1761.4870757227866,1732.0857083956137,9,12
2025_1166_1463,0.6650292504770969,1166,1463,Creighton,Yale,1761.4870757227866,1717.2452238126552,9,13
2025_1166_1252,0.8178369316314174,1166,1252,Creighton,Lipscomb,1761.4870757227866,1608.2148408183402,9,14
2025_1136_1166,0.8433647448567487,1166,1136,Creighton,Bryant,1761.4870757227866,1595.5930025243601,9,15
2025_1106_1166,0.9392257300391569,1166,1106,Creighton,Alabama St,1761.4870757227866,1445.3194949173894,9,16
2025_1166_1384,0.9563311225985263,1166,1384,Creighton,St Francis PA,1761.4870757227866,1392.3343840415646,9,16
2025_1166_1196,0.18449029355973834,1166,1196,Creighton,Florida,1761.4870757227866,1887.3965401334451,9,1
2025_1166_1385,0.2317829924997983,1166,1385,Creighton,St John's,1761.4870757227866,1843.627898958888,9,2
2025_1166_1403,0.3450736934404319,1166,1403,Creighton,Texas Tech,1761.4870757227866,1768.8852797354511,9,3
2025_1166_1268,0.434320672778716,1166,1268,Creighton,Maryland,1761.4870757227866,1726.6530079386407,9,4
2025_1166_1272,0.33735963700769755,1166,1272,Creighton,Memphis,1761.4870757227866,1804.101743662243,9,5
2025_1166_1281,0.640275059723221,1166,1281,Creighton,Missouri,1761.4870757227866,1628.84846306522,9,6
2025_1166_1242,0.48601141531676567,1166,1242,Creighton,Kansas,1761.4870757227866,1739.9945270353192,9,7
2025_1163_1166,0.38591533099823816,1166,1163,Creighton,Connecticut,1761.4870757227866,1817.094753861221,9,8
2025_1166_1328,0.6801062924928842,1166,1328,Creighton,Oklahoma,1761.4870757227866,1646.8371922255365,9,9
2025_1116_1166,0.693607613617332,1166,1116,Creighton,Arkansas,1761.4870757227866,1652.2945168596477,9,10
2025_1166_1179,0.4722025843418431,1166,1179,Creighton,Drake,1761.4870757227866,1808.4056906385888,9,11
2025_1161_1166,0.5823878713911155,1166,1161,Creighton,Colorado St,1761.4870757227866,1755.9333491972916,9,12
2025_1166_1213,0.6707160017321993,1166,1213,Creighton,Grand Canyon,1761.4870757227866,1713.3482612768519,9,13
2025_1166_1423,0.7427441072665688,1166,1423,Creighton,UNC Wilmington,1761.4870757227866,1675.3212165451996,9,14
2025_1166_1303,0.8844898504357449,1166,1303,Creighton,NE Omaha,1761.4870757227866,1542.0616280843851,9,15
2025_1166_1313,0.8674201989857873,1166,1313,Creighton,Norfolk St,1761.4870757227866,1575.9738168627744,9,16
2025_1307_1314,0.5332860427448665,1307,1314,New Mexico,North Carolina,1737.3401376920212,1732.0718376880195,10,11
2025_1307_1361,0.5552129118114255,1307,1361,New Mexico,San Diego St,1737.3401376920212,1718.632552659536,10,11
2025_1307_1471,0.5577245568989182,1307,1471,New Mexico,UC San Diego,1737.3401376920212,1732.0857083956137,10,12
2025_1307_1463,0.6054550782061007,1307,1463,New Mexico,Yale,1737.3401376920212,1717.2452238126552,10,13
2025_1252_1307,0.7762977563608455,1307,1252,New Mexico,Lipscomb,1737.3401376920212,1608.2148408183402,10,14
2025_1136_1307,0.8062678085093776,1307,1136,New Mexico,Bryant,1737.3401376920212,1595.5930025243601,10,15
2025_1106_1307,0.9250650020385861,1307,1106,New Mexico,Alabama St,1737.3401376920212,1445.3194949173894,10,16
2025_1307_1384,0.9459265789643013,1307,1384,New Mexico,St Francis PA,1737.3401376920212,1392.3343840415646,10,16
2025_1196_1307,0.16177572966731102,1307,1196,New Mexico,Florida,1737.3401376920212,1887.3965401334451,10,1
2025_1307_1385,0.20470732334885372,1307,1385,New Mexico,St John's,1737.3401376920212,1843.627898958888,10,2
2025_1307_1403,0.2962100540615195,1307,1403,New Mexico,Texas Tech,1737.3401376920212,1768.8852797354511,10,3
2025_1268_1307,0.3724350141304437,1307,1268,New Mexico,Maryland,1737.3401376920212,1726.6530079386407,10,4
2025_1272_1307,0.28239280373019504,1307,1272,New Mexico,Memphis,1737.3401376920212,1804.101743662243,10,5
2025_1281_1307,0.5790848479230474,1307,1281,New Mexico,Missouri,1737.3401376920212,1628.84846306522,10,6
2025_1242_1307,0.4222583685100886,1307,1242,New Mexico,Kansas,1737.3401376920212,1739.9945270353192,10,7
2025_1163_1307,0.3269405600182641,1307,1163,New Mexico,Connecticut,1737.3401376920212,1817.094753861221,10,8
2025_1307_1328,0.6216881808924755,1307,1328,New Mexico,Oklahoma,1737.3401376920212,1646.8371922255365,10,9
2025_1116_1307,0.6363366957545832,1307,1116,New Mexico,Arkansas,1737.3401376920212,1652.2945168596477,10,10
2025_1179_1307,0.40882016981666597,1307,1179,New Mexico,Drake,1737.3401376920212,1808.4056906385888,10,11
2025_1161_1307,0.5187519872489705,1307,1161,New Mexico,Colorado St,1737.3401376920212,1755.9333491972916,10,12
2025_1213_1307,0.6115624725872258,1307,1213,New Mexico,Grand Canyon,1737.3401376920212,1713.3482612768519,10,13
2025_1307_1423,0.6905602571984916,1307,1423,New Mexico,UNC Wilmington,1737.3401376920212,1675.3212165451996,10,14
2025_1303_1307,0.8554636032982874,1307,1303,New Mexico,NE Omaha,1737.3401376920212,1542.0616280843851,10,15
2025_1307_1313,0.839389465827296,1307,1313,New Mexico,Norfolk St,1737.3401376920212,1575.9738168627744,10,16
2025_1314_1361,0.5220892532944335,1314,1361,North Carolina,San Diego St,1732.0718376880195,1718.632552659536,11,11
2025_1314_1471,0.5246277957147781,1314,1471,North Carolina,UC San Diego,1732.0718376880195,1732.0857083956137,11,12
2025_1314_1463,0.5731967714907261,1314,1463,North Carolina,Yale,1732.0718376880195,1717.2452238126552,11,13
2025_1252_1314,0.75229292331351,1314,1252,North Carolina,Lipscomb,1732.0718376880195,1608.2148408183402,11,14
2025_1136_1314,0.7845865725501988,1314,1136,North Carolina,Bryant,1732.0718376880195,1595.5930025243601,11,15
2025_1106_1314,0.9152818027320103,1314,1106,North Carolina,Alabama St,1732.0718376880195,1445.3194949173894,11,16
2025_1314_1384,0.9386864588198256,1314,1384,North Carolina,St Francis PA,1732.0718376880195,1392.3343840415646,11,16
2025_1196_1314,0.15713071239358825,1314,1196,North Carolina,Florida,1732.0718376880195,1887.3965401334451,11,1
2025_1314_1385,0.19912245119949679,1314,1385,North Carolina,St John's,1732.0718376880195,1843.627898958888,11,2
2025_1314_1403,0.2890360584448153,1314,1403,North Carolina,Texas Tech,1732.0718376880195,1768.8852797354511,11,3
2025_1268_1314,0.3492739929721857,1314,1268,North Carolina,Maryland,1732.0718376880195,1726.6530079386407,11,4
2025_1272_1314,0.25617124319224954,1314,1272,North Carolina,Memphis,1732.0718376880195,1804.101743662243,11,5
2025_1281_1314,0.5462861841875941,1314,1281,North Carolina,Missouri,1732.0718376880195,1628.84846306522,11,6
2025_1242_1314,0.39010978238306776,1314,1242,North Carolina,Kansas,1732.0718376880195,1739.9945270353192,11,7
2025_1163_1314,0.2983020131740722,1314,1163,North Carolina,Connecticut,1732.0718376880195,1817.094753861221,11,8
2025_1314_1328,0.5898580243241556,1314,1328,North Carolina,Oklahoma,1732.0718376880195,1646.8371922255365,11,9
2025_1116_1314,0.6049558575310435,1314,1116,North Carolina,Arkansas,1732.0718376880195,1652.2945168596477,11,10
2025_1179_1314,0.3770270267026064,1314,1179,North Carolina,Drake,1732.0718376880195,1808.4056906385888,11,11
2025_1161_1314,0.48542956624284017,1314,1161,North Carolina,Colorado St,1732.0718376880195,1755.9333491972916,11,12
2025_1213_1314,0.5794566707214363,1314,1213,North Carolina,Grand Canyon,1732.0718376880195,1713.3482612768519,11,13
2025_1314_1423,0.6613684528159314,1314,1423,North Carolina,UNC Wilmington,1732.0718376880195,1675.3212165451996,11,14
2025_1303_1314,0.8381830567353136,1314,1303,North Carolina,NE Omaha,1732.0718376880195,1542.0616280843851,11,15
2025_1313_1314,0.8205901645809759,1314,1313,North Carolina,Norfolk St,1732.0718376880195,1575.9738168627744,11,16
2025_1361_1471,0.5025440784328865,1361,1471,San Diego St,UC San Diego,1718.632552659536,1732.0857083956137,11,12
2025_1361_1463,0.5514402050528887,1361,1463,San Diego St,Yale,1718.632552659536,1717.2452238126552,11,13
2025_1252_1361,0.7354523380202049,1361,1252,San Diego St,Lipscomb,1718.632552659536,1608.2148408183402,11,14
2025_1136_1361,0.7692681253839446,1361,1136,San Diego St,Bryant,1718.632552659536,1595.5930025243601,11,15
2025_1106_1361,0.9081695386953683,1361,1106,San Diego St,Alabama St,1718.632552659536,1445.3194949173894,11,16
2025_1361_1384,0.9333960819909207,1361,1384,San Diego St,St Francis PA,1718.632552659536,1392.3343840415646,11,16
2025_1196_1361,0.14577274068070853,1361,1196,San Diego St,Florida,1718.632552659536,1887.3965401334451,11,1
2025_1361_1385,0.18539681091555135,1361,1385,San Diego St,St John's,1718.632552659536,1843.627898958888,11,2
2025_1361_1403,0.27121145649291417,1361,1403,San Diego St,Texas Tech,1718.632552659536,1768.8852797354511,11,3
2025_1268_1361,0.32945599355641253,1361,1268,San Diego St,Maryland,1718.632552659536,1726.6530079386407,11,4
2025_1272_1361,0.23969010132525395,1361,1272,San Diego St,Memphis,1718.632552659536,1804.101743662243,11,5
2025_1281_1361,0.5242962956719016,1361,1281,San Diego St,Missouri,1718.632552659536,1628.84846306522,11,6
2025_1242_1361,0.3692896703677116,1361,1242,San Diego St,Kansas,1718.632552659536,1739.9945270353192,11,7
2025_1163_1361,0.2801311377861208,1361,1163,San Diego St,Connecticut,1718.632552659536,1817.094753861221,11,8
2025_1328_1361,0.5683111331901161,1361,1328,San Diego St,Oklahoma,1718.632552659536,1646.8371922255365,11,9
2025_1116_1361,0.5836422680095039,1361,1116,San Diego St,Arkansas,1718.632552659536,1652.2945168596477,11,10
2025_1179_1361,0.3564970086935641,1361,1179,San Diego St,Drake,1718.632552659536,1808.4056906385888,11,11
2025_1161_1361,0.4633874479481922,1361,1161,San Diego St,Colorado St,1718.632552659536,1755.9333491972916,11,12
2025_1213_1361,0.557773016011547,1361,1213,San Diego St,Grand Canyon,1718.632552659536,1713.3482612768519,11,13
2025_1361_1423,0.6412937709845156,1361,1423,San Diego St,UNC Wilmington,1718.632552659536,1675.3212165451996,11,14
2025_1303_1361,0.8258298753784119,1361,1303,San Diego St,NE Omaha,1718.632552659536,1542.0616280843851,11,15
2025_1313_1361,0.8072028590970539,1361,1313,San Diego St,Norfolk St,1718.632552659536,1575.9738168627744,11,16
2025_1463_1471,0.5489217357624782,1471,1463,UC San Diego,Yale,1732.0857083956137,1717.2452238126552,12,13
2025_1252_1471,0.7334676566985073,1471,1252,UC San Diego,Lipscomb,1732.0857083956137,1608.2148408183402,12,14
2025_1136_1471,0.7674569208841052,1471,1136,UC San Diego,Bryant,1732.0857083956137,1595.5930025243601,12,15
2025_1106_1471,0.9073173184373285,1471,1106,UC San Diego,Alabama St,1732.0857083956137,1445.3194949173894,12,16
2025_1384_1471,0.93276064004967,1471,1384,UC San Diego,St Francis PA,1732.0857083956137,1392.3343840415646,12,16
2025_1196_1471,0.1571427983537329,1471,1196,UC San Diego,Florida,1732.0857083956137,1887.3965401334451,12,1
2025_1385_1471,0.1991370039315678,1471,1385,UC San Diego,St John's,1732.0857083956137,1843.627898958888,12,2
2025_1403_1471,0.2890548107310022,1471,1403,UC San Diego,Texas Tech,1732.0857083956137,1768.8852797354511,12,3
2025_1268_1471,0.349294733349233,1471,1268,UC San Diego,Maryland,1732.0857083956137,1726.6530079386407,12,4
2025_1272_1471,0.24385458963860998,1471,1272,UC San Diego,Memphis,1732.0857083956137,1804.101743662243,12,5
2025_1281_1471,0.5217575967336007,1471,1281,UC San Diego,Missouri,1732.0857083956137,1628.84846306522,12,6
2025_1242_1471,0.36692260474194,1471,1242,UC San Diego,Kansas,1732.0857083956137,1739.9945270353192,12,7
2025_1163_1471,0.2780835872344131,1471,1163,UC San Diego,Connecticut,1732.0857083956137,1817.094753861221,12,8
2025_1328_1471,0.5658128048920146,1471,1328,UC San Diego,Oklahoma,1732.0857083956137,1646.8371922255365,12,9
2025_1116_1471,0.5811672767243393,1471,1116,UC San Diego,Arkansas,1732.0857083956137,1652.2945168596477,12,10
2025_1179_1471,0.3541658963902583,1471,1179,UC San Diego,Drake,1732.0857083956137,1808.4056906385888,12,11
2025_1161_1471,0.46085795309109046,1471,1161,UC San Diego,Colorado St,1732.0857083956137,1755.9333491972916,12,12
2025_1213_1471,0.5552614266741613,1471,1213,UC San Diego,Grand Canyon,1732.0857083956137,1713.3482612768519,12,13
2025_1423_1471,0.6389494810270542,1471,1423,UC San Diego,UNC Wilmington,1732.0857083956137,1675.3212165451996,12,14
2025_1303_1471,0.8243612969541573,1471,1303,UC San Diego,NE Omaha,1732.0857083956137,1542.0616280843851,12,15
2025_1313_1471,0.8056141895042827,1471,1313,UC San Diego,Norfolk St,1732.0857083956137,1575.9738168627744,12,16
2025_1252_1463,0.6933808280688193,1463,1252,Yale,Lipscomb,1717.2452238126552,1608.2148408183402,13,14
2025_1136_1463,0.730604524908273,1463,1136,Yale,Bryant,1717.2452238126552,1595.5930025243601,13,15
2025_1106_1463,0.8894362538933757,1463,1106,Yale,Alabama St,1717.2452238126552,1445.3194949173894,13,16
2025_1384_1463,0.9193519812501202,1463,1384,Yale,St Francis PA,1717.2452238126552,1392.3343840415646,13,16
2025_1196_1463,0.1446398917967048,1463,1196,Yale,Florida,1717.2452238126552,1887.3965401334451,13,1
2025_1385_1463,0.18402236649034845,1463,1385,Yale,St John's,1717.2452238126552,1843.627898958888,13,2
2025_1403_1463,0.26941122773635123,1463,1403,Yale,Texas Tech,1717.2452238126552,1768.8852797354511,13,3
2025_1268_1463,0.327442856827218,1463,1268,Yale,Maryland,1717.2452238126552,1726.6530079386407,13,4
2025_1272_1463,0.2263049475267305,1463,1272,Yale,Memphis,1717.2452238126552,1804.101743662243,13,5
2025_1281_1463,0.48092537179947387,1463,1281,Yale,Missouri,1717.2452238126552,1628.84846306522,13,6
2025_1242_1463,0.3226201089496187,1463,1242,Yale,Kansas,1717.2452238126552,1739.9945270353192,13,7
2025_1163_1463,0.2404338103135472,1463,1163,Yale,Connecticut,1717.2452238126552,1817.094753861221,13,8
2025_1328_1463,0.5171114423754415,1463,1328,Yale,Oklahoma,1717.2452238126552,1646.8371922255365,13,9
2025_1116_1463,0.5327659752756201,1463,1116,Yale,Arkansas,1717.2452238126552,1652.2945168596477,13,10
2025_1179_1463,0.3106478598012401,1463,1179,Yale,Drake,1717.2452238126552,1808.4056906385888,13,11
2025_1161_1463,0.4126056222126602,1463,1161,Yale,Colorado St,1717.2452238126552,1755.9333491972916,13,12
2025_1213_1463,0.5064089974230618,1463,1213,Yale,Grand Canyon,1717.2452238126552,1713.3482612768519,13,13
2025_1423_1463,0.5925440740896843,1463,1423,Yale,UNC Wilmington,1717.2452238126552,1675.3212165451996,13,14
2025_1303_1463,0.7941075279092992,1463,1303,Yale,NE Omaha,1717.2452238126552,1542.0616280843851,13,15
2025_1313_1463,0.7730203560000298,1463,1313,Yale,Norfolk St,1717.2452238126552,1575.9738168627744,13,16
2025_1136_1252,0.545305135146189,1252,1136,Lipscomb,Bryant,1608.2148408183402,1595.5930025243601,14,15
2025_1106_1252,0.7805754058256293,1252,1106,Lipscomb,Alabama St,1608.2148408183402,1445.3194949173894,14,16
2025_1252_1384,0.8344641406485223,1252,1384,Lipscomb,St Francis PA,1608.2148408183402,1392.3343840415646,14,16
2025_1196_1252,0.0762399969867244,1252,1196,Lipscomb,Florida,1608.2148408183402,1887.3965401334451,14,1
2025_1252_1385,0.0991575566195599,1252,1385,Lipscomb,St John's,1608.2148408183402,1843.627898958888,14,2
2025_1252_1403,0.15252892267516427,1252,1403,Lipscomb,Texas Tech,1608.2148408183402,1768.8852797354511,14,3
2025_1252_1268,0.19200038691857393,1252,1268,Lipscomb,Maryland,1608.2148408183402,1726.6530079386407,14,4
2025_1252_1272,0.12492620007750115,1252,1272,Lipscomb,Memphis,1608.2148408183402,1804.101743662243,14,5
2025_1252_1281,0.311390578467546,1252,1281,Lipscomb,Missouri,1608.2148408183402,1628.84846306522,14,6
2025_1242_1252,0.17875056015692975,1252,1242,Lipscomb,Kansas,1608.2148408183402,1739.9945270353192,14,7
2025_1163_1252,0.12278949549266424,1252,1163,Lipscomb,Connecticut,1608.2148408183402,1817.094753861221,14,8
2025_1252_1328,0.3213661995345831,1252,1328,Lipscomb,Oklahoma,1608.2148408183402,1646.8371922255365,14,9
2025_1116_1252,0.33520846526553494,1252,1116,Lipscomb,Arkansas,1608.2148408183402,1652.2945168596477,14,10
2025_1179_1252,0.16616349527855204,1252,1179,Lipscomb,Drake,1608.2148408183402,1808.4056906385888,14,11
2025_1161_1252,0.2370037579004216,1252,1161,Lipscomb,Colorado St,1608.2148408183402,1755.9333491972916,14,12
2025_1213_1252,0.31209663675579136,1252,1213,Lipscomb,Grand Canyon,1608.2148408183402,1713.3482612768519,14,13
2025_1252_1423,0.391388275889281,1252,1423,Lipscomb,UNC Wilmington,1608.2148408183402,1675.3212165451996,14,14
2025_1252_1303,0.6303903860859926,1252,1303,Lipscomb,NE Omaha,1608.2148408183402,1542.0616280843851,14,15
2025_1252_1313,0.6009613045510994,1252,1313,Lipscomb,Norfolk St,1608.2148408183402,1575.9738168627744,14,16
2025_1106_1136,0.7478736614946098,1136,1106,Bryant,Alabama St,1595.5930025243601,1445.3194949173894,15,16
2025_1136_1384,0.8078162968182556,1136,1384,Bryant,St Francis PA,1595.5930025243601,1392.3343840415646,15,16
2025_1136_1196,0.07059384928228225,1136,1196,Bryant,Florida,1595.5930025243601,1887.3965401334451,15,1
2025_1136_1385,0.09198319063647477,1136,1385,Bryant,St John's,1595.5930025243601,1843.627898958888,15,2
2025_1136_1403,0.142102108693883,1136,1403,Bryant,Texas Tech,1595.5930025243601,1768.8852797354511,15,3
2025_1136_1268,0.1794466580409958,1136,1268,Bryant,Maryland,1595.5930025243601,1726.6530079386407,15,4
2025_1136_1272,0.11612773613848287,1136,1272,Bryant,Memphis,1595.5930025243601,1804.101743662243,15,5
2025_1136_1281,0.29386977194183456,1136,1281,Bryant,Missouri,1595.5930025243601,1628.84846306522,15,6
2025_1136_1242,0.16688422551973,1136,1242,Bryant,Kansas,1595.5930025243601,1739.9945270353192,15,7
2025_1136_1163,0.1076377824055738,1136,1163,Bryant,Connecticut,1595.5930025243601,1817.094753861221,15,8
2025_1136_1328,0.2830831222586605,1136,1328,Bryant,Oklahoma,1595.5930025243601,1646.8371922255365,15,9
2025_1116_1136,0.29599563705824894,1136,1116,Bryant,Arkansas,1595.5930025243601,1652.2945168596477,15,10
2025_1136_1179,0.1424871819843664,1136,1179,Bryant,Drake,1595.5930025243601,1808.4056906385888,15,11
2025_1136_1161,0.2057239154548465,1136,1161,Bryant,Colorado St,1595.5930025243601,1755.9333491972916,15,12
2025_1136_1213,0.27447119692457417,1136,1213,Bryant,Grand Canyon,1595.5930025243601,1713.3482612768519,15,13
2025_1136_1423,0.3490541587332626,1136,1423,Bryant,UNC Wilmington,1595.5930025243601,1675.3212165451996,15,14
2025_1136_1303,0.5871444227798447,1136,1303,Bryant,NE Omaha,1595.5930025243601,1542.0616280843851,15,15
2025_1136_1313,0.5566934475863424,1136,1313,Bryant,Norfolk St,1595.5930025243601,1575.9738168627744,15,16
2025_1106_1384,0.5862730007422253,1106,1384,Alabama St,St Francis PA,1445.3194949173894,1392.3343840415646,16,16
2025_1106_1196,0.02748555451506127,1106,1196,Alabama St,Florida,1445.3194949173894,1887.3965401334451,16,1
2025_1106_1385,0.0363239257590582,1106,1385,Alabama St,St John's,1445.3194949173894,1843.627898958888,16,2
2025_1106_1403,0.058054743023291194,1106,1403,Alabama St,Texas Tech,1445.3194949173894,1768.8852797354511,16,3
2025_1106_1268,0.07524896055666729,1106,1268,Alabama St,Maryland,1445.3194949173894,1726.6530079386407,16,4
2025_1106_1272,0.04660847179936112,1106,1272,Alabama St,Memphis,1445.3194949173894,1804.101743662243,16,5
2025_1106_1281,0.13408828847721424,1106,1281,Alabama St,Missouri,1445.3194949173894,1628.84846306522,16,6
2025_1106_1242,0.0693644117223127,1106,1242,Alabama St,Kansas,1445.3194949173894,1739.9945270353192,16,7
2025_1106_1163,0.04295398943482305,1106,1163,Alabama St,Connecticut,1445.3194949173894,1817.094753861221,16,8
2025_1106_1328,0.1209325141694089,1106,1328,Alabama St,Oklahoma,1445.3194949173894,1646.8371922255365,16,9
2025_1106_1116,0.12414573058781211,1106,1116,Alabama St,Arkansas,1445.3194949173894,1652.2945168596477,16,10
2025_1106_1179,0.05304616158319492,1106,1179,Alabama St,Drake,1445.3194949173894,1808.4056906385888,16,11
2025_1106_1161,0.08030576739283815,1106,1161,Alabama St,Colorado St,1445.3194949173894,1755.9333491972916,16,12
2025_1106_1213,0.11311019676132482,1106,1213,Alabama St,Grand Canyon,1445.3194949173894,1713.3482612768519,16,13
2025_1106_1423,0.15309847152118658,1106,1423,Alabama St,UNC Wilmington,1445.3194949173894,1675.3212165451996,16,14
2025_1106_1303,0.3240698262639795,1106,1303,Alabama St,NE Omaha,1445.3194949173894,1542.0616280843851,16,15
2025_1106_1313,0.2974332562701201,1106,1313,Alabama St,Norfolk St,1445.3194949173894,1575.9738168627744,16,16
2025_1196_1384,0.01955446260944795,1384,1196,St Francis PA,Florida,1392.3343840415646,1887.3965401334451,16,1
2025_1384_1385,0.02591042676984911,1384,1385,St Francis PA,St John's,1392.3343840415646,1843.627898958888,16,2
2025_1384_1403,0.041680814316973895,1384,1403,St Francis PA,Texas Tech,1392.3343840415646,1768.8852797354511,16,3
2025_1268_1384,0.054305108892390236,1384,1268,St Francis PA,Maryland,1392.3343840415646,1726.6530079386407,16,4
2025_1272_1384,0.03334858675720578,1384,1272,St Francis PA,Memphis,1392.3343840415646,1804.101743662243,16,5
2025_1281_1384,0.09851241236917554,1384,1281,St Francis PA,Missouri,1392.3343840415646,1628.84846306522,16,6
2025_1242_1384,0.04996988961936091,1384,1242,St Francis PA,Kansas,1392.3343840415646,1739.9945270353192,16,7
2025_1163_1384,0.03070030798969333,1384,1163,St Francis PA,Connecticut,1392.3343840415646,1817.094753861221,16,8
2025_1328_1384,0.08849038561047937,1384,1328,St Francis PA,Oklahoma,1392.3343840415646,1646.8371922255365,16,9
2025_1116_1384,0.09093076916855093,1384,1116,St Francis PA,Arkansas,1392.3343840415646,1652.2945168596477,16,10
2025_1179_1384,0.03802783743397472,1384,1179,St Francis PA,Drake,1392.3343840415646,1808.4056906385888,16,11
2025_1161_1384,0.058042807267626215,1384,1161,St Francis PA,Colorado St,1392.3343840415646,1755.9333491972916,16,12
2025_1213_1384,0.08256942752253194,1384,1213,St Francis PA,Grand Canyon,1392.3343840415646,1713.3482612768519,16,13
2025_1384_1423,0.11313787447517865,1384,1423,St Francis PA,UNC Wilmington,1392.3343840415646,1675.3212165451996,16,14
2025_1303_1384,0.2528045777380833,1384,1303,St Francis PA,NE Omaha,1392.3343840415646,1542.0616280843851,16,15
2025_1313_1384,0.2300321333702624,1384,1313,St Francis PA,Norfolk St,1392.3343840415646,1575.9738168627744,16,16
2025_1196_1385,0.5954706940916283,1196,1385,Florida,St John's,1887.3965401334451,1843.627898958888,1,2
2025_1196_1403,0.7265181168482296,1196,1403,Florida,Texas Tech,1887.3965401334451,1768.8852797354511,1,3
2025_1196_1268,0.7947091661370653,1196,1268,Florida,Maryland,1887.3965401334451,1726.6530079386407,1,4
2025_1196_1272,0.7196467178617015,1196,1272,Florida,Memphis,1887.3965401334451,1804.101743662243,1,5
2025_1196_1281,0.8997410754672092,1196,1281,Florida,Missouri,1887.3965401334451,1628.84846306522,1,6
2025_1196_1242,0.8266149032831336,1196,1242,Florida,Kansas,1887.3965401334451,1739.9945270353192,1,7
2025_1163_1196,0.7540599133866301,1196,1163,Florida,Connecticut,1887.3965401334451,1817.094753861221,1,8
2025_1196_1328,0.903825911381916,1196,1328,Florida,Oklahoma,1887.3965401334451,1646.8371922255365,1,9
2025_1116_1196,0.9006595122626115,1196,1116,Florida,Arkansas,1887.3965401334451,1652.2945168596477,1,10
2025_1179_1196,0.7645065701836438,1196,1179,Florida,Drake,1887.3965401334451,1808.4056906385888,1,11
2025_1161_1196,0.8209435762274502,1196,1161,Florida,Colorado St,1887.3965401334451,1755.9333491972916,1,12
2025_1196_1213,0.8585031391353779,1196,1213,Florida,Grand Canyon,1887.3965401334451,1713.3482612768519,1,13
2025_1196_1423,0.8862590383899489,1196,1423,Florida,UNC Wilmington,1887.3965401334451,1675.3212165451996,1,14
2025_1196_1303,0.949298885277632,1196,1303,Florida,NE Omaha,1887.3965401334451,1542.0616280843851,1,15
2025_1196_1313,0.9374193028367438,1196,1313,Florida,Norfolk St,1887.3965401334451,1575.9738168627744,1,16
2025_1385_1403,0.6434569302984477,1385,1403,St John's,Texas Tech,1843.627898958888,1768.8852797354511,2,3
2025_1268_1385,0.7245052731083655,1385,1268,St John's,Maryland,1843.627898958888,1726.6530079386407,2,4
2025_1272_1385,0.6355454838627609,1385,1272,St John's,Memphis,1843.627898958888,1804.101743662243,2,5
2025_1281_1385,0.8590864470778894,1385,1281,St John's,Missouri,1843.627898958888,1628.84846306522,2,6
2025_1242_1385,0.7640829013653107,1385,1242,St John's,Kansas,1843.627898958888,1739.9945270353192,2,7
2025_1163_1385,0.6827957656628948,1385,1163,St John's,Connecticut,1843.627898958888,1817.094753861221,2,8
2025_1328_1385,0.8757223616418497,1385,1328,St John's,Oklahoma,1843.627898958888,1646.8371922255365,2,9
2025_1116_1385,0.8717619726121331,1385,1116,St John's,Arkansas,1843.627898958888,1652.2945168596477,2,10
2025_1179_1385,0.7088079977874785,1385,1179,St John's,Drake,1843.627898958888,1808.4056906385888,2,11
2025_1161_1385,0.7746589150111238,1385,1161,St John's,Colorado St,1843.627898958888,1755.9333491972916,2,12
2025_1213_1385,0.8197961543699208,1385,1213,St John's,Grand Canyon,1843.627898958888,1713.3482612768519,2,13
2025_1385_1423,0.8538522292037144,1385,1423,St John's,UNC Wilmington,1843.627898958888,1675.3212165451996,2,14
2025_1303_1385,0.9335056495268466,1385,1303,St John's,NE Omaha,1843.627898958888,1542.0616280843851,2,15
2025_1313_1385,0.9182443060114754,1385,1313,St John's,Norfolk St,1843.627898958888,1575.9738168627744,2,16
2025_1268_1403,0.5930336170923446,1403,1268,Texas Tech,Maryland,1768.8852797354511,1726.6530079386407,3,4
2025_1272_1403,0.4914213047390632,1403,1272,Texas Tech,Memphis,1768.8852797354511,1804.101743662243,3,5
2025_1281_1403,0.771592086811844,1403,1281,Texas Tech,Missouri,1768.8852797354511,1628.84846306522,3,6
2025_1242_1403,0.6421701664784325,1403,1242,Texas Tech,Kansas,1768.8852797354511,1739.9945270353192,3,7
2025_1163_1403,0.543948765417997,1403,1163,Texas Tech,Connecticut,1768.8852797354511,1817.094753861221,3,8
2025_1328_1403,0.801393251154199,1403,1328,Texas Tech,Oklahoma,1768.8852797354511,1646.8371922255365,3,9
2025_1116_1403,0.8061070679874331,1403,1116,Texas Tech,Arkansas,1768.8852797354511,1652.2945168596477,3,10
2025_1179_1403,0.5981791625737396,1403,1179,Texas Tech,Drake,1768.8852797354511,1808.4056906385888,3,11
2025_1161_1403,0.6776711415136638,1403,1161,Texas Tech,Colorado St,1768.8852797354511,1755.9333491972916,3,12
2025_1213_1403,0.7356050209070397,1403,1213,Texas Tech,Grand Canyon,1768.8852797354511,1713.3482612768519,3,13
2025_1403_1423,0.7813279879892471,1403,1423,Texas Tech,UNC Wilmington,1768.8852797354511,1675.3212165451996,3,14
2025_1303_1403,0.8956792606353908,1403,1303,Texas Tech,NE Omaha,1768.8852797354511,1542.0616280843851,3,15
2025_1313_1403,0.87291812415187,1403,1313,Texas Tech,Norfolk St,1768.8852797354511,1575.9738168627744,3,16
2025_1268_1272,0.39871104536187735,1268,1272,Maryland,Memphis,1726.6530079386407,1804.101743662243,4,5
2025_1268_1281,0.6986341837049869,1268,1281,Maryland,Missouri,1726.6530079386407,1628.84846306522,4,6
2025_1242_1268,0.5518814089636541,1268,1242,Maryland,Kansas,1726.6530079386407,1739.9945270353192,4,7
2025_1163_1268,0.45009902534768914,1268,1163,Maryland,Connecticut,1726.6530079386407,1817.094753861221,4,8
2025_1268_1328,0.7346811998802417,1268,1328,Maryland,Oklahoma,1726.6530079386407,1646.8371922255365,4,9
2025_1116_1268,0.7467368976991691,1268,1116,Maryland,Arkansas,1726.6530079386407,1652.2945168596477,4,10
2025_1179_1268,0.5299754398470479,1268,1179,Maryland,Drake,1726.6530079386407,1808.4056906385888,4,11
2025_1161_1268,0.6142592408515767,1268,1161,Maryland,Colorado St,1726.6530079386407,1755.9333491972916,4,12
2025_1213_1268,0.6781779396295047,1268,1213,Maryland,Grand Canyon,1726.6530079386407,1713.3482612768519,4,13
2025_1268_1423,0.7301894138162383,1268,1423,Maryland,UNC Wilmington,1726.6530079386407,1675.3212165451996,4,14
2025_1268_1303,0.8667211687333095,1268,1303,Maryland,NE Omaha,1726.6530079386407,1542.0616280843851,4,15
2025_1268_1313,0.8387791002826157,1268,1313,Maryland,Norfolk St,1726.6530079386407,1575.9738168627744,4,16
2025_1272_1281,0.7775838056553432,1272,1281,Memphis,Missouri,1804.101743662243,1628.84846306522,5,6
2025_1242_1272,0.6500169980934731,1272,1242,Memphis,Kansas,1804.101743662243,1739.9945270353192,5,7
2025_1163_1272,0.5524483637074478,1272,1163,Memphis,Connecticut,1804.101743662243,1817.094753861221,5,8
2025_1272_1328,0.8067989569212191,1272,1328,Memphis,Oklahoma,1804.101743662243,1646.8371922255365,5,9
2025_1116_1272,0.8163966620986163,1272,1116,Memphis,Arkansas,1804.101743662243,1652.2945168596477,5,10
2025_1179_1272,0.637326346980695,1272,1179,Memphis,Drake,1804.101743662243,1808.4056906385888,5,11
2025_1161_1272,0.7260697135853841,1272,1161,Memphis,Colorado St,1804.101743662243,1755.9333491972916,5,12
2025_1213_1272,0.7781524092204022,1272,1213,Memphis,Grand Canyon,1804.101743662243,1713.3482612768519,5,13
2025_1272_1423,0.8183345843829657,1272,1423,Memphis,UNC Wilmington,1804.101743662243,1675.3212165451996,5,14
2025_1272_1303,0.9154284883341589,1272,1303,Memphis,NE Omaha,1804.101743662243,1542.0616280843851,5,15
2025_1272_1313,0.8964782948593872,1272,1313,Memphis,Norfolk St,1804.101743662243,1575.9738168627744,5,16
2025_1242_1281,0.34693774099015434,1281,1242,Missouri,Kansas,1628.84846306522,1739.9945270353192,6,7
2025_1163_1281,0.2609430107937598,1281,1163,Missouri,Connecticut,1628.84846306522,1817.094753861221,6,8
2025_1281_1328,0.5443089974177102,1281,1328,Missouri,Oklahoma,1628.84846306522,1646.8371922255365,6,9
2025_1116_1281,0.5598323367844987,1281,1116,Missouri,Arkansas,1628.84846306522,1652.2945168596477,6,10
2025_1179_1281,0.33450871479452055,1281,1179,Missouri,Drake,1628.84846306522,1808.4056906385888,6,11
2025_1161_1281,0.4393071095709135,1281,1161,Missouri,Colorado St,1628.84846306522,1755.9333491972916,6,12
2025_1213_1281,0.5254711702984403,1281,1213,Missouri,Grand Canyon,1628.84846306522,1713.3482612768519,6,13
2025_1281_1423,0.5871378397922746,1281,1423,Missouri,UNC Wilmington,1628.84846306522,1675.3212165451996,6,14
2025_1281_1303,0.7736147730049503,1281,1303,Missouri,NE Omaha,1628.84846306522,1542.0616280843851,6,15
2025_1281_1313,0.7321844463089462,1281,1313,Missouri,Norfolk St,1628.84846306522,1575.9738168627744,6,16
2025_1163_1242,0.3992608440341981,1242,1163,Kansas,Connecticut,1739.9945270353192,1817.094753861221,7,8
2025_1242_1328,0.6921583574213889,1242,1328,Kansas,Oklahoma,1739.9945270353192,1646.8371922255365,7,9
2025_1116_1242,0.7053713720296048,1242,1116,Kansas,Arkansas,1739.9945270353192,1652.2945168596477,7,10
2025_1179_1242,0.4861696575038229,1242,1179,Kansas,Drake,1739.9945270353192,1808.4056906385888,7,11
2025_1161_1242,0.5959342033433531,1242,1161,Kansas,Colorado St,1739.9945270353192,1755.9333491972916,7,12
2025_1213_1242,0.682956926782953,1242,1213,Kansas,Grand Canyon,1739.9945270353192,1713.3482612768519,7,13
2025_1242_1423,0.747128393083142,1242,1423,Kansas,UNC Wilmington,1739.9945270353192,1675.3212165451996,7,14
2025_1242_1303,0.8765378538721267,1242,1303,Kansas,NE Omaha,1739.9945270353192,1542.0616280843851,7,15
2025_1242_1313,0.8502983901562291,1242,1313,Kansas,Norfolk St,1739.9945270353192,1575.9738168627744,7,16
2025_1163_1328,0.7718479253866377,1163,1328,Connecticut,Oklahoma,1817.094753861221,1646.8371922255365,8,9
2025_1116_1163,0.7827142932868119,1163,1116,Connecticut,Arkansas,1817.094753861221,1652.2945168596477,8,10
2025_1163_1179,0.5873958731280635,1163,1179,Connecticut,Drake,1817.094753861221,1808.4056906385888,8,11
2025_1161_1163,0.6893534614471012,1163,1161,Connecticut,Colorado St,1817.094753861221,1755.9333491972916,8,12
2025_1163_1213,0.7642170246292781,1163,1213,Connecticut,Grand Canyon,1817.094753861221,1713.3482612768519,8,13
2025_1163_1423,0.8212435013906161,1163,1423,Connecticut,UNC Wilmington,1817.094753861221,1675.3212165451996,8,14
2025_1163_1303,0.9218154789720824,1163,1303,Connecticut,NE Omaha,1817.094753861221,1542.0616280843851,8,15
2025_1163_1313,0.9041465835062434,1163,1313,Connecticut,Norfolk St,1817.094753861221,1575.9738168627744,8,16
2025_1116_1328,0.5156897201161031,1328,1116,Oklahoma,Arkansas,1646.8371922255365,1652.2945168596477,9,10
2025_1179_1328,0.29617802219562456,1328,1179,Oklahoma,Drake,1646.8371922255365,1808.4056906385888,9,11
2025_1161_1328,0.3961155930311932,1328,1161,Oklahoma,Colorado St,1646.8371922255365,1755.9333491972916,9,12
2025_1213_1328,0.4892928581589819,1328,1213,Oklahoma,Grand Canyon,1646.8371922255365,1713.3482612768519,9,13
2025_1328_1423,0.5759134867452838,1328,1423,Oklahoma,UNC Wilmington,1646.8371922255365,1675.3212165451996,9,14
2025_1303_1328,0.7826866861416464,1328,1303,Oklahoma,NE Omaha,1646.8371922255365,1542.0616280843851,9,15
2025_1313_1328,0.7547444450330792,1328,1313,Oklahoma,Norfolk St,1646.8371922255365,1575.9738168627744,9,16
2025_1116_1179,0.2832607523235007,1116,1179,Arkansas,Drake,1652.2945168596477,1808.4056906385888,10,11
2025_1116_1161,0.38120040694851404,1116,1161,Arkansas,Colorado St,1652.2945168596477,1755.9333491972916,10,12
2025_1116_1213,0.47362086398434566,1116,1213,Arkansas,Grand Canyon,1652.2945168596477,1713.3482612768519,10,13
2025_1116_1423,0.5605120609395943,1116,1423,Arkansas,UNC Wilmington,1652.2945168596477,1675.3212165451996,10,14
2025_1116_1303,0.771819340105182,1116,1303,Arkansas,NE Omaha,1652.2945168596477,1542.0616280843851,10,15
2025_1116_1313,0.7491704760081633,1116,1313,Arkansas,Norfolk St,1652.2945168596477,1575.9738168627744,10,16
2025_1161_1179,0.6091850775341514,1179,1161,Drake,Colorado St,1808.4056906385888,1755.9333491972916,11,12
2025_1179_1213,0.6948154586724838,1179,1213,Drake,Grand Canyon,1808.4056906385888,1713.3482612768519,11,13
2025_1179_1423,0.763431343579087,1179,1423,Drake,UNC Wilmington,1808.4056906385888,1675.3212165451996,11,14
2025_1179_1303,0.8953840837951275,1179,1303,Drake,NE Omaha,1808.4056906385888,1542.0616280843851,11,15
2025_1179_1313,0.8831431150097185,1179,1313,Drake,Norfolk St,1808.4056906385888,1575.9738168627744,11,16
2025_1161_1213,0.593593684048864,1161,1213,Colorado St,Grand Canyon,1755.9333491972916,1713.3482612768519,12,13
2025_1161_1423,0.6742996276121483,1161,1423,Colorado St,UNC Wilmington,1755.9333491972916,1675.3212165451996,12,14
2025_1161_1303,0.8459351450025601,1161,1303,Colorado St,NE Omaha,1755.9333491972916,1542.0616280843851,12,15
2025_1161_1313,0.8290131356178235,1161,1313,Colorado St,Norfolk St,1755.9333491972916,1575.9738168627744,12,16
2025_1213_1423,0.5863399145679065,1213,1423,Grand Canyon,UNC Wilmington,1713.3482612768519,1675.3212165451996,13,14
2025_1213_1303,0.7898841811330062,1213,1303,Grand Canyon,NE Omaha,1713.3482612768519,1542.0616280843851,13,15
2025_1213_1313,0.7684905635077143,1213,1313,Grand Canyon,Norfolk St,1713.3482612768519,1575.9738168627744,13,16
2025_1303_1423,0.72618902262522,1423,1303,UNC Wilmington,NE Omaha,1675.3212165451996,1542.0616280843851,14,15
2025_1313_1423,0.700766924485836,1423,1313,UNC Wilmington,Norfolk St,1675.3212165451996,1575.9738168627744,14,16
2025_1303_1313,0.4689351184089871,1303,1313,NE Omaha,Norfolk St,1542.0616280843851,1575.9738168627744,15,16
