k_factor,recency_factor,recency_window,carry_over_factor,accuracy,brier_score,log_loss,num_seasons
10,3.0,25,0.7,0.7075481179958792,0.1945831166241031,0.5702467780723111,9
10,2.75,25,0.7,0.7075481179958792,0.19459379479272138,0.5702635157612734,9
10,3.0,30,0.7,0.7075481179958791,0.19460467425073372,0.5702802648451736,9
10,2.75,30,0.7,0.7075481179958792,0.19460924023969486,0.5702831881041258,9
10,2.5,25,0.7,0.7075481179958792,0.19460622466373628,0.5702849891215284,9
10,2.5,30,0.7,0.7075481179958792,0.19461645593532503,0.5702933860302127,9
10,2.25,30,0.7,0.7075481179958792,0.19462639519757388,0.5703110506583856,9
10,2.25,25,0.7,0.7075481179958792,0.1946204429127306,0.5703112900547451,9
10,3.0,20,0.7,0.7075481179958792,0.1946124267639564,0.570333731758478,9
10,2.0,30,0.7,0.705889743203176,0.19463913428293875,0.570336381446108,9
10,2.0,25,0.7,0.7075481179958792,0.19463648703653857,0.5703425133495119,9
10,2.75,20,0.7,0.7075481179958792,0.1946216633229911,0.5703455152088898,9
10,2.5,20,0.7,0.7075481179958792,0.19463205497791497,0.5703604494434262,9
10,1.75,30,0.7,0.705889743203176,0.19465475190706372,0.5703695855513833,9
10,2.25,20,0.7,0.7058897432031761,0.19464361988864812,0.5703785759982289,9
10,1.75,25,0.7,0.705889743203176,0.19465439536106618,0.5703787567529279,9
10,2.0,20,0.7,0.704231368410473,0.1946563765368147,0.5703999375881748,9
10,1.5,30,0.7,0.7075481179958794,0.1946733293076024,0.5704108781212304,9
10,1.5,25,0.7,0.704231368410473,0.19467420704836527,0.5704201210432033,9
10,1.75,20,0.7,0.704231368410473,0.19467034372564618,0.5704245781273192,9
10,1.5,20,0.7,0.704231368410473,0.1946855405794107,0.5704525427492718,9
10,2.25,15,0.7,0.7058897432031761,0.19469260140705122,0.5704880006990218,9
10,2.5,15,0.7,0.7058897432031761,0.19468936712340276,0.5704880550766332,9
10,2.0,15,0.7,0.7075481179958794,0.19469655366519545,0.5704899839742666,9
10,2.75,15,0.7,0.7058897432031761,0.19468684305385564,0.5704901309552763,9
10,1.75,15,0.7,0.7075481179958794,0.1947012317653514,0.5704940214624991,9
10,3.0,15,0.7,0.7058897432031761,0.1946850215460417,0.5704942125881776,9
10,1.5,15,0.7,0.7058897432031761,0.19470664368111684,0.570500130135277,9
10,1.75,10,0.7,0.7075481179958794,0.1947156826880073,0.5705136662094421,9
10,1.5,10,0.7,0.7058897432031761,0.19471665717371428,0.5705142042338556,9
10,2.0,10,0.7,0.7075481179958794,0.19471507005473945,0.5705142382617181,9
10,2.25,10,0.7,0.7075481179958794,0.19471481688868156,0.5705159154076448,9
10,1.0,30,0.7,0.7058897432031761,0.1947197013770695,0.5705186309955674,9
10,1.0,10,0.7,0.7058897432031761,0.1947197013770695,0.5705186309955674,9
10,1.0,20,0.7,0.7058897432031761,0.1947197013770695,0.5705186309955674,9
10,1.0,25,0.7,0.7058897432031761,0.1947197013770695,0.5705186309955674,9
10,1.0,15,0.7,0.7058897432031761,0.1947197013770695,0.5705186309955674,9
10,2.5,10,0.7,0.7075481179958794,0.19471492083166753,0.5705186927736505,9
10,2.75,10,0.7,0.7075481179958794,0.19471537955285198,0.5705225655950645,9
10,3.0,10,0.7,0.7092064927885824,0.1947161907489565,0.5705275292155393,9
15,3.0,25,0.7,0.7042313684104728,0.19478973796417998,0.5706842418426121,9
15,2.75,25,0.7,0.7042313684104728,0.19479686519815667,0.5706848459041064,9
15,2.5,25,0.7,0.7025478667269712,0.19480664851584958,0.5706927699843194,9
15,2.25,25,0.7,0.7025478667269712,0.19481915589819981,0.5707081826587189,9
15,2.0,25,0.7,0.7025478667269712,0.19483445728457718,0.5707312600717299,9
15,2.25,30,0.7,0.7042313684104728,0.19484155718436938,0.57075423627282,9
15,2.0,30,0.7,0.7025478667269712,0.1948488371808571,0.5707576875702759,9
15,1.75,25,0.7,0.7025478667269712,0.19485262458910307,0.5707621861648398,9
15,2.5,30,0.7,0.705889743203176,0.19483869585065933,0.5707632340644997,9
15,1.75,30,0.7,0.7025478667269712,0.19486067804176307,0.5707739749835948,9
15,2.75,20,0.7,0.7008894919342681,0.1948323410795416,0.5707816449091453,9
15,3.0,20,0.7,0.7025729936177698,0.1948263554553321,0.5707840475018782,9
15,2.5,20,0.7,0.7008894919342681,0.19484007103961454,0.570784057684712,9
15,2.75,30,0.7,0.705889743203176,0.19484011632798795,0.5707843123579933,9
15,2.25,20,0.7,0.7025478667269712,0.1948495797819814,0.570791359531349,9
15,1.5,25,0.7,0.7008894919342681,0.19487373171301378,0.5708011529051541,9
15,1.5,30,0.7,0.7025478667269712,0.19487722745945055,0.5708035047752126,9
15,2.0,20,0.7,0.7025478667269712,0.19486090260961897,0.5708036274254691,9
15,3.0,30,0.7,0.704231368410473,0.1948456869703782,0.5708171202359955,9
15,1.75,20,0.7,0.7025478667269712,0.19487407568646825,0.5708209416913913,9
15,1.5,20,0.7,0.7008894919342681,0.19488913603992372,0.5708433860740748,9
15,1.5,15,0.7,0.7008894919342681,0.19491568042538956,0.5709023265981629,9
15,1.0,15,0.7,0.7008894919342681,0.19492507100393874,0.5709040176984903,9
15,1.0,20,0.7,0.7008894919342681,0.19492507100393874,0.5709040176984903,9
15,1.0,10,0.7,0.7008894919342681,0.19492507100393874,0.5709040176984903,9
15,1.0,30,0.7,0.7008894919342681,0.19492507100393874,0.5709040176984903,9
15,1.0,25,0.7,0.7008894919342681,0.19492507100393874,0.5709040176984903,9
15,1.75,15,0.7,0.7008894919342681,0.19491267057315592,0.5709061950907663,9
15,1.5,10,0.7,0.7008894919342681,0.19492472478074446,0.5709102262590147,9
15,2.0,15,0.7,0.7025478667269712,0.19491076345396754,0.5709131651437145,9
15,1.75,10,0.7,0.7008894919342681,0.1949253515741442,0.5709157921290893,9
15,2.0,10,0.7,0.7008894919342681,0.19492650516745244,0.5709229868761561,9
15,2.25,15,0.7,0.7025478667269712,0.19490994380356114,0.5709232074725061,9
15,2.25,10,0.7,0.7025478667269712,0.1949281808110984,0.5709318017916574,9
15,2.5,15,0.7,0.7008894919342681,0.19491019668286402,0.5709362940304454,9
15,2.5,10,0.7,0.7025478667269712,0.19493037383899614,0.5709422285073456,9
15,2.75,15,0.7,0.7008894919342681,0.19491150747858466,0.570952397994509,9
15,2.75,10,0.7,0.7025478667269712,0.19493307966938953,0.5709542589930544,9
15,3.0,10,0.7,0.7008894919342681,0.1949362938056428,0.5709678855543944,9
15,3.0,15,0.7,0.7025729936177698,0.19491386190317947,0.5709714937501709,9
10,3.0,25,0.6,0.705889743203176,0.19499110287517527,0.57174209605478,9
10,2.75,25,0.6,0.7042313684104728,0.19499923594896124,0.5717549490620385,9
10,2.5,25,0.6,0.7025729936177697,0.19500860857004054,0.5717709395551146,9
10,3.0,20,0.6,0.7025729936177697,0.19500350370960107,0.5717837466960548,9
10,2.25,25,0.6,0.7025729936177697,0.1950192444338758,0.5717901236629525,9
10,2.75,20,0.6,0.7025729936177697,0.19501166619741844,0.5717954489606272,9
10,2.5,20,0.6,0.7042313684104728,0.19502064204280126,0.5718091960124383,9
10,2.0,25,0.6,0.7042313684104728,0.19503116772145826,0.5718125591397937,9
10,2.25,20,0.6,0.7042313684104728,0.19503044276572698,0.5718250122083105,9
10,1.75,25,0.6,0.7042313684104728,0.19504440310147808,0.5718383053986936,9
10,2.0,20,0.6,0.7042313684104728,0.1950410800734887,0.5718429225513828,9
10,2.25,30,0.6,0.7025729936177697,0.19504992560475415,0.571861549639114,9
10,1.75,20,0.6,0.7042313684104728,0.19505256586035885,0.5718629527002449,9
10,2.5,30,0.6,0.705889743203176,0.19504820234382458,0.5718640122944488,9
10,2.0,30,0.6,0.7025729936177697,0.19505382281077388,0.5718646914913701,9
10,1.5,25,0.6,0.7042313684104728,0.19505897573196082,0.5718674235451371,9
10,2.75,30,0.6,0.705889743203176,0.19504860146838252,0.5718719512226597,9
10,1.75,30,0.6,0.7025729936177697,0.19505994703288765,0.5718735705676663,9
10,1.5,20,0.6,0.7042313684104728,0.19506491220700642,0.5718851289779315,9
10,3.0,30,0.6,0.704231368410473,0.19505107289883405,0.5718852425306419,9
10,1.5,30,0.6,0.7025729936177697,0.19506835288465385,0.5718883242103138,9
10,2.25,15,0.6,0.7042313684104728,0.1950711191975603,0.5719163516928268,9
10,2.5,15,0.6,0.7025729936177697,0.1950684315014709,0.5719163711067637,9
10,2.0,15,0.6,0.7042313684104728,0.19507431250081242,0.5719176383814943,9
10,2.75,15,0.6,0.7025729936177697,0.19506624482118518,0.5719176878966202,9
10,1.75,15,0.6,0.7042313684104728,0.1950780160661557,0.5719202401241027,9
10,3.0,15,0.6,0.7025729936177697,0.19506455462923286,0.5719202935588822,9
10,1.5,15,0.6,0.7042313684104728,0.19508223461170335,0.5719241660980257,9
10,2.25,10,0.6,0.7042313684104728,0.19508363416651714,0.5719265272277794,9
10,2.5,10,0.6,0.7042313684104728,0.19508267186538406,0.5719267433027372,9
10,2.0,10,0.6,0.7042313684104728,0.19508484729378642,0.5719270129025277,9
10,2.75,10,0.6,0.7042313684104728,0.19508195903202413,0.5719276584646726,9
10,1.75,10,0.6,0.7042313684104728,0.1950863126226855,0.5719282030533668,9
10,3.0,10,0.6,0.7025729936177697,0.1950814943252951,0.5719292701142153,9
10,1.5,10,0.6,0.7042313684104728,0.1950880315457416,0.5719301004706246,9
10,1.0,10,0.6,0.7042313684104728,0.19509223582898752,0.5719360285870864,9
10,1.0,15,0.6,0.7042313684104728,0.19509223582898752,0.5719360285870864,9
10,1.0,20,0.6,0.7042313684104728,0.19509223582898752,0.5719360285870864,9
10,1.0,25,0.6,0.7042313684104728,0.19509223582898752,0.5719360285870864,9
10,1.0,30,0.6,0.7042313684104728,0.19509223582898752,0.5719360285870864,9
20,2.5,25,0.7,0.7025478667269712,0.1953372634770553,0.571992838064571,9
20,2.75,25,0.7,0.7025478667269712,0.19532958217015167,0.5719965389343415,9
20,2.25,25,0.7,0.7025478667269712,0.19534849338859622,0.57199905282344,9
20,3.0,25,0.7,0.7025478667269712,0.1953253522676623,0.5720099198084543,9
20,2.0,25,0.7,0.7042062415196744,0.1953633725601336,0.5720154332382992,9
20,1.75,25,0.7,0.7042062415196744,0.1953820051276315,0.5720422442578695,9
20,1.5,25,0.7,0.7058646163123775,0.19540449872058813,0.5720797662629044,9
20,1.75,30,0.7,0.7042062415196744,0.19539888492466775,0.5720829931354126,9
20,2.0,30,0.7,0.7042062415196744,0.19539127928695757,0.5720860782213038,9
20,1.5,30,0.7,0.7042062415196744,0.19541297764998763,0.5720985425060614,9
20,2.25,20,0.7,0.7042062415196743,0.19538711018843538,0.5721014532652123,9
20,2.5,20,0.7,0.7042062415196743,0.19537943869858157,0.5721039162785423,9
20,2.0,20,0.7,0.7058646163123775,0.1953971131612743,0.5721054368136488,9
20,2.25,30,0.7,0.7042062415196744,0.19538994882338911,0.5721071932432954,9
20,2.75,20,0.7,0.7042062415196743,0.19537404770851233,0.5721127223009189,9
20,1.75,20,0.7,0.7058646163123775,0.1954095002329724,0.5721159771473584,9
20,3.0,20,0.7,0.7025478667269712,0.19537088784845003,0.5721277742611363,9
20,1.5,20,0.7,0.7058646163123775,0.19542432566635917,0.5721331913422387,9
20,2.5,30,0.7,0.7058646163123776,0.19539469038375418,0.5721457681771854,9
20,1.0,25,0.7,0.7058646163123775,0.19546151695257774,0.5721881449145191,9
20,1.0,30,0.7,0.7058646163123775,0.19546151695257774,0.5721881449145191,9
20,1.0,20,0.7,0.7058646163123775,0.19546151695257774,0.5721881449145191,9
20,1.0,15,0.7,0.7058646163123775,0.19546151695257774,0.5721881449145191,9
20,1.0,10,0.7,0.7058646163123775,0.19546151695257774,0.5721881449145191,9
20,2.75,30,0.7,0.7058646163123776,0.19540530937303166,0.5722012659184036,9
20,1.5,15,0.7,0.7058646163123775,0.19545606105333815,0.5722041983657329,9
20,1.5,10,0.7,0.7042062415196744,0.19546335816258356,0.5722042999647279,9
20,1.75,10,0.7,0.7058646163123775,0.19546526271021394,0.5722154160422169,9
20,1.75,15,0.7,0.7058646163123775,0.1954554711543158,0.5722181861500881,9
20,2.0,10,0.7,0.7058646163123775,0.19546781356044524,0.5722285418378528,9
20,2.0,15,0.7,0.7058646163123775,0.19545627654293415,0.5722360943523084,9
20,2.25,10,0.7,0.7058646163123775,0.19547100369239823,0.5722436662943629,9
20,2.25,15,0.7,0.7058646163123775,0.19545845550987867,0.5722578860611408,9
20,2.5,10,0.7,0.7058646163123775,0.19547482626534382,0.5722607790908372,9
20,3.0,30,0.7,0.7075229911050807,0.19542161952772846,0.5722731807447743,9
20,2.75,10,0.7,0.7042062415196743,0.1954792746196864,0.5722798706358626,9
20,2.5,15,0.7,0.7042062415196743,0.195461987021722,0.572283526961282,9
20,3.0,10,0.7,0.7042062415196743,0.1954843422778183,0.5723009320604037,9
20,2.75,15,0.7,0.7025478667269712,0.1954668507153093,0.5723129852887598,9
20,3.0,15,0.7,0.7025478667269712,0.19547302689049154,0.5723462317823581,9
15,3.0,25,0.6,0.704231368410473,0.19539384402410806,0.5724033599661107,9
15,2.75,25,0.6,0.7058897432031761,0.19540214272118156,0.5724102102134885,9
15,2.5,25,0.6,0.7058897432031761,0.1954124043502514,0.5724221157816749,9
15,2.25,25,0.6,0.7058897432031761,0.1954246751677583,0.5724391872065446,9
15,3.0,20,0.6,0.7058897432031761,0.1954112581463824,0.5724487507551838,9
15,2.75,20,0.6,0.7058897432031761,0.19541997634031782,0.5724568104480456,9
15,2.0,25,0.6,0.7058897432031761,0.19543900269099643,0.5724615396309096,9
15,2.5,20,0.6,0.7058897432031761,0.19542996436844315,0.5724680943813746,9
15,2.25,20,0.6,0.7058897432031761,0.1954412450472519,0.5724826487276489,9
15,1.75,25,0.6,0.7075481179958794,0.19545543569851623,0.5724892929207781,9
15,2.0,20,0.6,0.7058897432031761,0.19545384172902075,0.5725005215909926,9
15,1.75,20,0.6,0.7075481179958794,0.19546777830176415,0.5725217630431468,9
15,1.5,25,0.6,0.7075481179958794,0.19547402422718052,0.572522571779548,9
15,1.5,20,0.6,0.7075481179958794,0.19548307918790378,0.5725464251578194,9
15,1.75,30,0.6,0.7042313684104731,0.1954866270431779,0.572568631208979,9
15,1.5,30,0.6,0.7058897432031761,0.1954930624110432,0.5725706151767322,9
15,2.0,30,0.6,0.704231368410473,0.1954840264008778,0.5725768048822606,9
15,2.25,30,0.6,0.704231368410473,0.19548515584136697,0.5725948584712686,9
15,1.75,15,0.6,0.7075481179958794,0.1955030986230771,0.5725993872992342,9
15,1.5,15,0.6,0.7058897432031761,0.19550722275441348,0.572599622339526,9
15,2.0,15,0.6,0.7075481179958794,0.19549976280630676,0.5726011747047548,9
15,1.75,10,0.6,0.7058897432031761,0.195510969232116,0.5726012807769725,9
15,2.0,10,0.6,0.7075481179958794,0.19550941653935827,0.5726017293243509,9
15,1.5,10,0.6,0.7058897432031761,0.1955128944295053,0.572601877663194,9
15,2.25,10,0.6,0.7075481179958794,0.19550823344479634,0.5726032180379936,9
15,2.25,15,0.6,0.7058897432031761,0.19549720598815734,0.572604967946245,9
15,2.5,10,0.6,0.7058897432031761,0.19550741709856093,0.5726057418626996,9
15,1.0,25,0.6,0.704231368410473,0.19551787424469236,0.5726062298739057,9
15,1.0,15,0.6,0.704231368410473,0.19551787424469236,0.5726062298739057,9
15,1.0,30,0.6,0.704231368410473,0.19551787424469236,0.5726062298739057,9
15,1.0,10,0.6,0.704231368410473,0.19551787424469236,0.5726062298739057,9
15,1.0,20,0.6,0.704231368410473,0.19551787424469236,0.5726062298739057,9
15,2.75,10,0.6,0.7058897432031761,0.19550696470765855,0.5726092959540873,9
15,2.5,15,0.6,0.7058897432031761,0.19549541905746065,0.5726107511416321,9
15,3.0,10,0.6,0.7058897432031761,0.19550687353625115,0.5726138756772178,9
15,2.75,15,0.6,0.7058897432031761,0.1954943931080096,0.5726185091293351,9
15,2.5,30,0.6,0.704231368410473,0.1954899143174374,0.5726225263012403,9
15,3.0,15,0.6,0.7058897432031761,0.1954941194383713,0.5726282274602108,9
15,2.75,30,0.6,0.704231368410473,0.19549820430983259,0.5726595543118272,9
22,2.5,25,0.7,0.7042062415196744,0.19561317680046766,0.5726921890510468,9
22,2.25,25,0.7,0.7042062415196744,0.1956242874773665,0.5726959763195454,9
22,2.75,25,0.7,0.7042062415196744,0.19560592559551843,0.5726992550962282,9
15,3.0,30,0.6,0.704231368410473,0.19550993175539372,0.5727056996304973,9
22,2.0,25,0.7,0.7008894919342681,0.19563936896312012,0.5727108915200544,9
22,3.0,25,0.7,0.7042062415196744,0.19560242663904356,0.572716917476774,9
22,1.75,25,0.7,0.7008894919342681,0.19565853673841616,0.5727372275924352,9
22,1.5,25,0.7,0.7008894919342681,0.19568191043987496,0.5727752964659281,9
22,1.75,30,0.7,0.7058646163123776,0.1956794445344662,0.5727921162771241,9
22,1.5,30,0.7,0.7025478667269712,0.19569266552420628,0.572802193348852,9
22,2.0,30,0.7,0.7058646163123776,0.1956734479024015,0.5728029332370361,9
22,2.25,20,0.7,0.7008894919342681,0.1956664635110557,0.57280739424557,9
22,2.0,20,0.7,0.7008894919342681,0.19567625814040462,0.5728090387599106,9
22,2.5,20,0.7,0.7025478667269712,0.19565918336403476,0.5728127356863325,9
22,1.75,20,0.7,0.7008894919342681,0.1956886254138895,0.5728177878884312,9
22,2.75,20,0.7,0.7008894919342681,0.1956543615211537,0.5728249527239904,9
22,1.5,20,0.7,0.7008894919342681,0.19570362549903567,0.5728337688386622,9
22,2.25,30,0.7,0.7042062415196744,0.19567443984910796,0.5728339617605583,9
22,3.0,20,0.7,0.7008894919342681,0.19565194375895986,0.5728439430416912,9
22,2.5,30,0.7,0.7058646163123775,0.19568219460676234,0.572884560901694,9
22,1.0,30,0.7,0.6992311171415648,0.19574177488451028,0.5728879791725492,9
22,1.0,25,0.7,0.6992311171415648,0.19574177488451028,0.5728879791725492,9
22,1.0,20,0.7,0.6992311171415648,0.19574177488451028,0.5728879791725492,9
22,1.0,15,0.7,0.6992311171415648,0.19574177488451028,0.5728879791725492,9
22,1.0,10,0.7,0.6992311171415648,0.19574177488451028,0.5728879791725492,9
22,1.5,10,0.7,0.6992311171415648,0.19574416220338786,0.572907448264332,9
22,1.5,15,0.7,0.6992311171415648,0.19573757432952815,0.5729104323720488,9
22,1.75,10,0.7,0.6992311171415648,0.19574639700517651,0.5729204044721492,9
22,1.75,15,0.7,0.6992311171415648,0.19573776428075285,0.572928044213552,9
22,2.0,10,0.7,0.6992311171415648,0.19574931518457012,0.5729354917218876,9
22,2.0,15,0.7,0.7008894919342681,0.19573944805277407,0.5729498566581153,9
22,2.25,10,0.7,0.6992311171415648,0.1957529089893458,0.5729526986568059,9
22,2.75,30,0.7,0.7075229911050807,0.1956964961962291,0.5729541292649949,9
22,2.5,10,0.7,0.6992311171415648,0.19575717089675948,0.5729720148624767,9
22,2.25,15,0.7,0.7008894919342681,0.19574260196607007,0.5729758317323136,9
22,2.75,10,0.7,0.7008894919342681,0.1957620936141088,0.5729934308564808,9
22,2.5,15,0.7,0.7008894919342681,0.1957472031870563,0.5730059347482495,9
22,3.0,10,0.7,0.7008894919342681,0.19576767007915222,0.5730169380777652,9
22,2.75,15,0.7,0.7008894919342681,0.1957532297174955,0.5730401342375919,9
22,3.0,30,0.7,0.7108648675812854,0.1957171381806352,0.5730421030763471,9
22,3.0,15,0.7,0.6975727423488617,0.19576066038170667,0.573078401879804,9
20,3.0,25,0.6,0.7025981205085682,0.19605595269113252,0.5738186566844944,9
20,2.75,25,0.6,0.7025981205085682,0.19606524298861927,0.5738218321467458,9
20,2.5,25,0.6,0.6992562440323634,0.1960771840349056,0.573831935398679,9
20,2.25,25,0.6,0.6992562440323634,0.1960918444027373,0.5738491313251083,9
20,3.0,20,0.6,0.7009146188250666,0.19608059153766325,0.5738729156877453,9
20,2.0,25,0.6,0.6992562440323634,0.19610929499296093,0.5738735939713058,9
20,2.75,20,0.6,0.7009146188250666,0.1960904812855303,0.5738792840072269,9
25,2.5,25,0.7,0.6992311171415648,0.19607577039198232,0.5738852416545622,9
25,2.25,25,0.7,0.6992311171415648,0.1960871743715561,0.5738869267466123,9
20,2.5,20,0.6,0.6992562440323634,0.1961020434904671,0.57388994339978,9
25,2.75,25,0.7,0.7009146188250666,0.1960686864044271,0.5738958198857148,9
25,2.0,25,0.7,0.6975727423488617,0.1961030234198015,0.5739011800902654,9
20,2.25,20,0.6,0.6975727423488617,0.19611531183991446,0.5739049587176629,9
20,1.75,25,0.6,0.6975727423488617,0.19612960902440124,0.5739055068193594,9
25,3.0,25,0.7,0.7009146188250666,0.1960658024392182,0.5739183794100116,9
20,2.0,20,0.6,0.6975727423488617,0.1961303210695861,0.5739243988011855,9
25,1.75,25,0.7,0.6975727423488617,0.19612344775935645,0.5739283304907586,9
20,1.5,25,0.6,0.6975727423488617,0.1961528620119569,0.5739450630530265,9
20,1.75,20,0.6,0.6975727423488617,0.1961471069652327,0.57394833657581,9
25,1.5,25,0.7,0.6959143675561585,0.19614858276829525,0.5739687315840336,9
20,1.5,20,0.6,0.6975727423488617,0.19616570636030262,0.5739768491422406,9
25,1.75,30,0.7,0.7008894919342681,0.19615113917193286,0.5740075885718262,9
25,1.5,30,0.7,0.6992311171415648,0.1961631875961363,0.5740097429891897,9
25,2.0,20,0.7,0.6975727423488617,0.19614480599032655,0.5740126508975563,9
25,2.25,20,0.7,0.6975727423488617,0.19613488339026902,0.5740131884094888,9
25,1.75,20,0.7,0.6975727423488617,0.19615756538198514,0.5740200024452711,9
25,2.5,20,0.7,0.6975727423488617,0.1961277326704495,0.5740214884030023,9
20,1.5,30,0.6,0.6975727423488617,0.1961819769458096,0.5740245204783752,9
25,2.0,30,0.7,0.7008894919342681,0.1961474674082964,0.5740298704576918,9
25,1.5,20,0.7,0.6959143675561585,0.19617322903380302,0.5740353810127679,9
20,1.75,30,0.6,0.6992311171415648,0.1961773377977689,0.5740361967006895,9
25,2.75,20,0.7,0.6975727423488617,0.19612329144034973,0.574037435307551,9
20,1.5,10,0.6,0.6975727423488617,0.19620227149883826,0.5740443827727266,9
20,1.75,10,0.6,0.6975727423488617,0.19619985600473497,0.5740445619962123,9
20,2.0,10,0.6,0.6975727423488617,0.19619789959689837,0.5740460320833647,9
20,1.5,15,0.6,0.6975727423488617,0.19619707369995482,0.5740463611414132,9
20,1.0,20,0.6,0.6975727423488617,0.19620849817686598,0.5740479284178439,9
20,1.0,25,0.6,0.6975727423488617,0.19620849817686598,0.5740479284178439,9
20,1.0,15,0.6,0.6975727423488617,0.19620849817686598,0.5740479284178439,9
20,1.0,30,0.6,0.6975727423488617,0.19620849817686598,0.5740479284178439,9
20,1.0,10,0.6,0.6975727423488617,0.19620849817686598,0.5740479284178439,9
20,2.25,10,0.6,0.6975727423488617,0.19619639782254167,0.5740487857535664,9
20,1.75,15,0.6,0.6975727423488617,0.19619290774464057,0.5740495138493941,9
20,2.5,10,0.6,0.6975727423488617,0.19619534635326188,0.5740528161971141,9
20,2.0,15,0.6,0.6975727423488617,0.1961897538186293,0.5740552588358354,9
20,2.75,10,0.6,0.6975727423488617,0.1961947409853019,0.574058117070992,9
25,3.0,20,0.7,0.6975727423488617,0.19612149978368676,0.5740609241657323,9
20,2.0,30,0.6,0.7042313684104728,0.19617822822274553,0.5740628358806719,9
20,2.25,15,0.6,0.6975727423488617,0.19618759835174845,0.5740635741529266,9
20,3.0,10,0.6,0.6975727423488617,0.19619457763974443,0.5740646824944623,9
20,2.5,15,0.6,0.6975727423488617,0.19618642821199905,0.5740744394399298,9
25,2.25,30,0.7,0.7042062415196744,0.1961519027878762,0.5740757914213107,9
20,2.75,15,0.6,0.6975727423488617,0.19618623070307026,0.5740878358979801,9
25,1.0,30,0.7,0.6959143675561585,0.19621355191906928,0.5740908300499217,9
25,1.0,15,0.7,0.6959143675561585,0.19621355191906928,0.5740908300499217,9
25,1.0,25,0.7,0.6959143675561585,0.19621355191906928,0.5740908300499217,9
25,1.0,10,0.7,0.6959143675561585,0.19621355191906928,0.5740908300499217,9
25,1.0,20,0.7,0.6959143675561585,0.19621355191906928,0.5740908300499217,9
20,3.0,15,0.6,0.6975727423488617,0.19618699356074198,0.5741037462620645,9
20,2.25,30,0.6,0.7059148700939745,0.19618449214559217,0.5741039998068064,9
25,1.5,10,0.7,0.6959143675561585,0.19621635240037608,0.5741143811953165,9
25,1.5,15,0.7,0.6959143675561585,0.1962107406909804,0.5741217181413693,9
25,1.75,10,0.7,0.6959143675561585,0.19621886559567633,0.574129614296406,9
10,3.0,20,0.5,0.704231368410473,0.19573932666976362,0.5741412298599532,9
25,1.75,15,0.7,0.6959143675561585,0.19621182897762773,0.5741441238546001,9
25,2.5,30,0.7,0.705889743203176,0.19616418748617287,0.5741446070904149,9
10,3.0,25,0.5,0.704231368410473,0.19574423102117955,0.5741461713132483,9
25,2.0,10,0.7,0.6959143675561585,0.19622210884324529,0.5741471356394696,9
10,2.75,20,0.5,0.7025729936177698,0.19574678523385713,0.5741528903979369,9
10,2.75,25,0.5,0.704231368410473,0.19574994046282687,0.5741543760453194,9
20,2.5,30,0.6,0.7042564953012714,0.19619597941169417,0.5741592729090919,9
10,2.5,25,0.5,0.704231368410473,0.1957565171355918,0.5741646658157259,9
10,2.5,20,0.5,0.7042313684104728,0.19575480267896483,0.5741658668973866,9
25,2.25,10,0.7,0.6959143675561585,0.196226073595252,0.5741669342885259,9
25,2.0,15,0.7,0.6975727423488617,0.1962145436158245,0.5741711136909571,9
10,2.25,25,0.5,0.7042313684104728,0.19576397613233604,0.5741770753832361,9
10,2.25,20,0.5,0.7042313684104728,0.1957633862004518,0.5741801739294463,9
25,2.5,10,0.7,0.6959143675561585,0.19623075161513986,0.5741890006039332,9
10,2.0,25,0.5,0.705889743203176,0.19577233283592618,0.5741916404338971,9
10,2.0,20,0.5,0.7042313684104728,0.19577254310450726,0.5741958264255913,9
25,2.25,15,0.7,0.6975727423488617,0.19621885884306367,0.5742026506290742,9
10,1.75,25,0.5,0.705889743203176,0.19578160291934715,0.5742083975964941,9
10,1.75,20,0.5,0.7042313684104728,0.19578228080773263,0.5742128396814774,9
25,2.75,10,0.7,0.6959143675561585,0.19623613497672487,0.5742133262244787,9
10,1.5,25,0.5,0.705889743203176,0.1957918023454416,0.5742273844577924,9
20,2.75,30,0.6,0.7042564953012714,0.1962125457108576,0.5742282613560706,9
10,1.5,20,0.5,0.7042313684104728,0.19579260683658925,0.5742312293606333,9
25,2.75,30,0.7,0.7075481179958792,0.19618407515525488,0.5742356232950341,9
25,2.5,15,0.7,0.6975727423488617,0.19622475001569595,0.5742387021046224,9
25,3.0,10,0.7,0.6959143675561585,0.19624221606321396,0.5742399040491477,9
10,3.0,10,0.5,0.7042564953012714,0.1957986053298398,0.5742500720246558,9
10,2.75,10,0.5,0.7042564953012714,0.19580007492048115,0.5742513143822706,9
10,2.5,10,0.5,0.7059148700939746,0.19580171048041636,0.5742529889684321,9
10,2.75,15,0.5,0.7025729936177698,0.1957923602667201,0.5742532463402941,9
10,2.5,15,0.5,0.7042313684104728,0.19579456440463183,0.5742534618692929,9
10,3.0,15,0.5,0.7025729936177698,0.19579049487325165,0.5742538485768691,9
10,2.25,15,0.5,0.7042313684104728,0.19579710994667401,0.5742544999052898,9
10,2.25,10,0.5,0.7059148700939746,0.1958035128050004,0.5742550973285584,9
10,2.0,15,0.5,0.7042313684104728,0.19579999959142538,0.5742563653158475,9
10,2.0,10,0.5,0.7059148700939746,0.19580548270085704,0.5742576410461728,9
10,1.75,15,0.5,0.7042313684104728,0.19580323607622757,0.5742590630953031,9
10,1.75,10,0.5,0.7059148700939746,0.19580762098584711,0.5742606217430448,9
10,1.5,15,0.5,0.7042313684104728,0.1958068221770177,0.5742625983653299,9
10,1.5,10,0.5,0.7059148700939746,0.195809928489033,0.5742640410793216,9
10,1.5,30,0.5,0.7042313684104728,0.195809638215016,0.5742708887205062,9
10,1.0,15,0.5,0.7042313684104728,0.19581505452201553,0.5742722025033062,9
10,1.0,10,0.5,0.7042313684104728,0.19581505452201553,0.5742722025033062,9
10,1.0,20,0.5,0.7042313684104728,0.19581505452201553,0.5742722025033062,9
10,1.0,30,0.5,0.7042313684104728,0.19581505452201553,0.5742722025033062,9
10,1.0,25,0.5,0.7042313684104728,0.19581505452201553,0.5742722025033062,9
10,1.75,30,0.5,0.7042313684104728,0.19580972431449245,0.574277112886716,9
25,2.75,15,0.7,0.6992311171415648,0.19623219358803734,0.5742792398996972,9
10,2.0,30,0.5,0.7025729936177698,0.19581162281607326,0.5742878002646274,9
10,2.25,30,0.5,0.704231368410473,0.19581529708140835,0.5743028612203452,9
20,3.0,30,0.6,0.7042564953012714,0.1962340524827986,0.5743105921603059,9
10,2.5,30,0.5,0.704231368410473,0.19582071140505605,0.5743222088219232,9
25,3.0,15,0.7,0.6992311171415648,0.19624116708841516,0.5743242400231765,9
10,2.75,30,0.5,0.704231368410473,0.19582783100028317,0.5743457587683257,9
25,3.0,30,0.7,0.7075481179958792,0.19621133066571772,0.5743481934631157,9
10,3.0,30,0.5,0.704231368410473,0.19583662198441232,0.57437342931961,9
22,3.0,25,0.6,0.7009146188250666,0.19636762369206934,0.5745308266576248,9
22,2.75,25,0.6,0.6992562440323634,0.19637760443585775,0.5745334764783905,9
22,2.5,25,0.6,0.6992562440323634,0.1963905098069996,0.5745438108284892,9
22,2.25,25,0.6,0.7009146188250666,0.1964064165175112,0.5745620147095301,9
22,2.0,25,0.6,0.7009146188250666,0.1964254040820094,0.5745882844802553,9
22,3.0,20,0.6,0.6992562440323634,0.1963955074073707,0.5745900007241593,9
22,2.75,20,0.6,0.6992562440323634,0.19640614552182356,0.5745965642640171,9
22,2.5,20,0.6,0.6992562440323634,0.19641860686909418,0.574607826115697,9
22,1.75,25,0.6,0.7009146188250666,0.19644755480024026,0.5746228282231431,9
22,2.25,20,0.6,0.6992562440323634,0.19643292890023956,0.5746238567752581,9
22,2.0,20,0.6,0.6992562440323634,0.19644915034776395,0.5746447317434045,9
22,1.5,25,0.6,0.6992311171415648,0.19647295372199025,0.5746658660929633,9
22,1.75,20,0.6,0.6975727423488617,0.19646731122833203,0.5746705316605616,9
22,1.5,20,0.6,0.6975727423488617,0.19648745283947444,0.574701342431273,9
22,1.5,30,0.6,0.7009146188250666,0.19650634973530018,0.5747593628028227,9
22,1.5,10,0.6,0.6992311171415648,0.19652693461299098,0.5747747591749021,9
22,1.75,10,0.6,0.6992311171415648,0.19652421701996875,0.5747750243598247,9
22,1.75,30,0.6,0.7009146188250666,0.19650235696384516,0.5747765230287831,9
22,2.0,10,0.6,0.6992311171415648,0.1965219858400059,0.5747766575554605,9
22,1.5,15,0.6,0.6975727423488617,0.19652191339722058,0.5747783340937022,9
22,1.0,10,0.6,0.7008894919342681,0.19653384978399832,0.5747783671371356,9
22,1.0,30,0.6,0.7008894919342681,0.19653384978399832,0.5747783671371356,9
22,1.0,25,0.6,0.7008894919342681,0.19653384978399832,0.5747783671371356,9
22,1.0,15,0.6,0.7008894919342681,0.19653384978399832,0.5747783671371356,9
22,1.0,20,0.6,0.7008894919342681,0.19653384978399832,0.5747783671371356,9
22,2.25,10,0.6,0.6992311171415648,0.1965202360841958,0.5747796509515891,9
22,1.75,15,0.6,0.6975727423488617,0.19651761138083282,0.5747825555224207,9
22,2.5,10,0.6,0.6992311171415648,0.1965189629217855,0.5747839973425944,9
22,2.0,15,0.6,0.6975727423488617,0.19651439929314196,0.5747895679976361,9
22,2.75,10,0.6,0.6992311171415648,0.19651816168019517,0.5747896901211913,9
22,3.0,10,0.6,0.6992311171415648,0.19651782784496954,0.5747967232719252,9
22,2.25,15,0.6,0.6975727423488617,0.19651226218558518,0.5747993484144411,9
22,2.0,30,0.6,0.7009146188250666,0.19650462256958925,0.5748107346551053,9
22,2.5,15,0.6,0.6975727423488617,0.1965111856611248,0.5748118756969932,9
22,2.75,15,0.6,0.6975727423488617,0.19651115586968648,0.5748271307606649,9
22,3.0,15,0.6,0.6959143675561585,0.19651215950205095,0.5748450964700991,9
22,2.25,30,0.6,0.7025729936177698,0.19651297025031764,0.5748614912865357,9
15,3.0,20,0.5,0.7009397457158651,0.19626672471102688,0.5749252542450689,9
22,2.5,30,0.6,0.7025729936177698,0.19652723051023732,0.5749283141645846,9
15,2.75,20,0.5,0.7026232473993669,0.19627683803623316,0.5749388326802934,9
15,3.0,25,0.5,0.7009397457158651,0.19627213353682382,0.5749428191165635,9
15,2.75,25,0.5,0.7009397457158651,0.19627958428638195,0.5749490891057192,9
15,2.5,20,0.5,0.7042816221920699,0.19628785782181637,0.5749545583886753,9
15,2.5,25,0.5,0.7009397457158651,0.19628847564629423,0.5749588750751278,9
15,2.25,25,0.5,0.7042816221920699,0.1962988386941097,0.5749722508213583,9
15,2.25,20,0.5,0.7042816221920699,0.19629979902600084,0.5749724612417434,9
15,2.0,25,0.5,0.7042816221920699,0.1963107053179793,0.5749892929651368,9
15,2.0,20,0.5,0.7042816221920699,0.19631267694487203,0.5749925722672072,9
15,1.75,25,0.5,0.7026232473993668,0.19632410821240528,0.575010081010839,9
22,2.75,30,0.6,0.7042564953012714,0.19654724060032686,0.5750107510294241,9
15,1.75,20,0.5,0.7042816221920699,0.19632650721074324,0.5750149236660875,9
15,1.5,25,0.5,0.7026232473993668,0.19633908087143034,0.5750346974033618,9
15,1.5,20,0.5,0.7026232473993668,0.1963413057896347,0.5750395488284171,9
15,3.0,10,0.5,0.7025981205085683,0.1963491175487241,0.5750671527606038,9
15,2.75,10,0.5,0.7025981205085683,0.1963513424091427,0.5750684633604294,9
15,2.5,10,0.5,0.7025981205085683,0.19635381219690107,0.5750704146929937,9
15,2.25,10,0.5,0.7025981205085683,0.19635652863047337,0.5750730098402886,9
15,2.0,10,0.5,0.7025981205085683,0.19635949346791526,0.57507625201752,9
15,1.75,10,0.5,0.7009397457158651,0.19636270850677842,0.5750801445738469,9
15,2.25,15,0.5,0.7026232473993668,0.19635045201387621,0.5750805224829771,9
15,2.0,15,0.5,0.7026232473993668,0.19635403985932073,0.5750809553509444,9
15,2.5,15,0.5,0.7026232473993668,0.19634740097127715,0.5750813771066137,9
15,1.75,15,0.5,0.7026232473993668,0.19635817011472054,0.5750826852943322,9
15,2.75,15,0.5,0.7009648726066637,0.19634488125705526,0.5750835100741276,9
15,1.5,10,0.5,0.7009397457158651,0.19636617558400693,0.5750846909930716,9
15,1.5,15,0.5,0.7026232473993668,0.19636284851972527,0.5750857223368556,9
15,3.0,15,0.5,0.7009648726066637,0.1963428875292499,0.5750869126695115,9
15,1.0,20,0.5,0.7009397457158651,0.1963738733975386,0.5750957600324189,9
15,1.0,15,0.5,0.7009397457158651,0.1963738733975386,0.5750957600324189,9
15,1.0,30,0.5,0.7009397457158651,0.1963738733975386,0.5750957600324189,9
15,1.0,10,0.5,0.7009397457158651,0.1963738733975386,0.5750957600324189,9
15,1.0,25,0.5,0.7009397457158651,0.1963738733975386,0.5750957600324189,9
22,3.0,30,0.6,0.7059148700939745,0.19657284442997794,0.5751083749867258,9
15,1.5,30,0.5,0.7026232473993668,0.19637173235669475,0.5751188795881169,9
15,1.75,30,0.5,0.7026232473993668,0.19637563857354273,0.575143061464249,9
15,2.0,30,0.5,0.7009648726066637,0.19638275981137554,0.5751753853421724,9
15,2.25,30,0.5,0.7009397457158651,0.19639302190804045,0.5752156565515018,9
28,2.5,25,0.7,0.7025729936177698,0.1965828276284207,0.5752158305630531,9
28,2.25,25,0.7,0.7025729936177698,0.19659504803324468,0.5752172072291467,9
28,2.75,25,0.7,0.7025729936177698,0.19657539408885724,0.5752281676398057,9
28,2.0,25,0.7,0.7008894919342681,0.19661219119810364,0.5752326247396125,9
28,3.0,25,0.7,0.7009146188250666,0.1965726175630634,0.5752539198556492,9
28,1.75,25,0.7,0.7008894919342681,0.19663439910776206,0.5752624400218537,9
15,2.5,30,0.5,0.7009397457158651,0.19640635302476434,0.5752636880356036,9
28,1.5,25,0.7,0.6992311171415648,0.19666181983905384,0.5753070411214399,9
15,2.75,30,0.5,0.7009397457158651,0.19642268361662246,0.5753193001130976,9
28,2.0,20,0.7,0.7025478667269712,0.19665894548033191,0.5753585046443549,9
28,2.25,20,0.7,0.7025478667269712,0.1966483546080795,0.5753595587357909,9
28,1.5,30,0.7,0.6975727423488617,0.1966809341084627,0.5753647811426222,9
28,1.75,20,0.7,0.7008894919342681,0.19667262348265035,0.575366102944736,9
28,2.5,20,0.7,0.7025478667269712,0.19664078131158236,0.5753691368604741,9
28,1.75,30,0.7,0.6975727423488617,0.19666997614702908,0.5753703068835628,9
15,3.0,30,0.5,0.7009397457158651,0.1964419463989629,0.5753823202411635,9
28,1.5,20,0.7,0.7008894919342681,0.19668946124947903,0.5753824964758755,9
28,2.75,20,0.7,0.7042313684104728,0.19663615906579895,0.5753871246065992,9
28,2.0,30,0.7,0.7009146188250666,0.19666861857950355,0.5754040326450465,9
28,3.0,20,0.7,0.7042313684104728,0.1966344243094038,0.5754134209472066,9
28,1.0,25,0.7,0.6992311171415648,0.19673292221018476,0.5754423159575199,9
28,1.0,30,0.7,0.6992311171415648,0.19673292221018476,0.5754423159575199,9
28,1.0,10,0.7,0.6992311171415648,0.19673292221018476,0.5754423159575199,9
28,1.0,20,0.7,0.6992311171415648,0.19673292221018476,0.5754423159575199,9
28,1.0,15,0.7,0.6992311171415648,0.19673292221018476,0.5754423159575199,9
28,2.25,30,0.7,0.7025729936177698,0.1966765600830393,0.5754650482688434,9
28,1.5,10,0.7,0.6992311171415648,0.19673564990223405,0.5754688254389307,9
28,1.5,15,0.7,0.6992311171415648,0.19673086320588362,0.575480062740911,9
28,1.75,10,0.7,0.6992311171415648,0.19673818545966557,0.5754857386178402,9
28,2.0,10,0.7,0.6992311171415648,0.1967414896202945,0.5755050754315243,9
28,1.75,15,0.7,0.6992311171415648,0.19673250874583942,0.5755064220308056,9
28,2.25,10,0.7,0.6992311171415648,0.1967455534812236,0.5755268265453537,9
28,2.0,15,0.7,0.6992311171415648,0.19673589969593908,0.5755377183369865,9
28,2.5,10,0.7,0.6992311171415648,0.19675036853537095,0.5755509843166533,9
28,2.5,30,0.7,0.7025729936177698,0.1966935123950707,0.57555250857426,9
28,2.25,15,0.7,0.6992311171415648,0.1967410093781359,0.575573918905398,9
28,2.75,10,0.7,0.6992311171415648,0.19675592666794556,0.5755775427659141,9
28,3.0,10,0.7,0.6992311171415648,0.19676222015312891,0.5756064975481388,9
28,2.5,15,0.7,0.7008894919342681,0.19674781250782536,0.5756149967419624,9
28,2.75,15,0.7,0.7008894919342681,0.1967562851600502,0.5756609304415152,9
28,2.75,30,0.7,0.704231368410473,0.19671920015570057,0.5756656299384942,9
28,3.0,15,0.7,0.7008894919342681,0.19676640473196616,0.5757117040047651,9
25,3.0,25,0.6,0.7009146188250666,0.19687009604409184,0.5757162076890316,9
25,2.75,25,0.6,0.6992562440323635,0.1968813841028554,0.5757190597803112,9
25,2.5,25,0.6,0.6992562440323635,0.1968960163876602,0.5757307650584731,9
25,2.25,25,0.6,0.6992562440323635,0.19691408070198468,0.5757515364849102,9
25,2.0,25,0.6,0.6992562440323635,0.19693566837146928,0.5757816019858704,9
25,3.0,20,0.6,0.7025729936177698,0.19690291489543385,0.5757837253299367,9
25,2.75,20,0.6,0.7025729936177698,0.1969149828496881,0.5757915858036944,9
28,3.0,30,0.7,0.704231368410473,0.19675336068223098,0.5758036869314143,9
25,2.5,20,0.6,0.7025729936177698,0.19692909580614396,0.5758047511564717,9
25,1.75,25,0.6,0.6992562440323635,0.19696087421069824,0.5758212049813357,9
25,2.25,20,0.6,0.7025729936177698,0.19694529602589927,0.575823297998929,9
25,2.0,20,0.6,0.7025729936177698,0.19696362740681866,0.5758473096371939,9
25,1.5,25,0.6,0.7009146188250666,0.196989796460259,0.5758706048833259,9
25,1.75,20,0.6,0.7009146188250666,0.19698413548672347,0.5758768762807519,9
25,1.5,20,0.6,0.7009146188250666,0.19700686743661955,0.5759120952326447,9
25,1.5,30,0.6,0.7025729936177698,0.19703003013071566,0.5759870647850219,9
25,1.5,10,0.6,0.6992311171415649,0.19705103919716704,0.5759957366224703,9
25,1.75,10,0.6,0.6992311171415649,0.19704775330651284,0.5759958662415099,9
25,2.0,10,0.6,0.6992311171415649,0.19704498911158147,0.5759974629599837,9
25,1.0,15,0.6,0.7008894919342681,0.1970591996821457,0.5759999157427205,9
25,1.0,20,0.6,0.7008894919342681,0.1970591996821457,0.5759999157427205,9
25,1.0,10,0.6,0.7008894919342681,0.1970591996821457,0.5759999157427205,9
25,1.0,30,0.6,0.7008894919342681,0.1970591996821457,0.5759999157427205,9
25,1.0,25,0.6,0.7008894919342681,0.1970591996821457,0.5759999157427205,9
25,2.25,10,0.6,0.6992311171415649,0.19704274097495855,0.5760005185681452,9
25,1.5,15,0.6,0.6992311171415649,0.1970462178436813,0.5760014779480859,9
25,2.5,10,0.6,0.6992311171415649,0.19704100347180223,0.5760050256881155,9
25,1.75,15,0.6,0.6992311171415649,0.1970415587660197,0.5760069140252048,9
25,2.75,10,0.6,0.6992311171415649,0.19703977138916062,0.5760109777633666,9
25,1.75,30,0.6,0.7025729936177698,0.19702700515555793,0.5760125405415017,9
25,2.0,15,0.6,0.6992311171415649,0.19703809763253327,0.576015417239547,9
25,3.0,10,0.6,0.6992311171415649,0.19703903972527817,0.5760183690480218,9
25,2.25,15,0.6,0.7009146188250666,0.19703581790414773,0.5760269640199953,9
25,2.5,15,0.6,0.7009146188250666,0.19703470377377236,0.5760415335789715,9
25,2.0,30,0.6,0.7025729936177698,0.19703139829741725,0.5760584035568473,9
25,2.75,15,0.6,0.7009146188250666,0.1970347401577223,0.5760591078484787,9
25,3.0,15,0.6,0.7009146188250666,0.1970359126848414,0.5760796714098612,9
25,2.25,30,0.6,0.7025729936177697,0.1970430031399234,0.5761240407249963,9
30,2.5,25,0.7,0.6992562440323635,0.196939455863451,0.576163546192138,9
30,2.25,25,0.7,0.6992562440323635,0.1969524650380251,0.5761656249262559,9
30,2.75,25,0.7,0.6992562440323635,0.1969315548278103,0.5761761886719788,9
30,2.0,25,0.7,0.6975978692396603,0.1969707238580295,0.5761827624337242,9
30,3.0,25,0.7,0.6992562440323635,0.1969286270245573,0.5762032471533888,9
25,2.5,30,0.6,0.705889743203176,0.19706162126563256,0.5762088747765832,9
30,1.75,25,0.7,0.6975727423488617,0.19699438047841006,0.5762153301997885,9
30,1.5,25,0.7,0.6992311171415648,0.1970235896941364,0.5762637351721334,9
25,2.75,30,0.6,0.705889743203176,0.197087062257526,0.5763123627435962,9
30,2.0,20,0.7,0.6992311171415648,0.1970207551023623,0.5763186726063796,9
30,2.25,20,0.7,0.7009146188250666,0.19700943320092643,0.5763191571064553,9
30,1.75,20,0.7,0.6992311171415648,0.19703532797499776,0.5763273503240646,9
30,2.5,20,0.7,0.7025729936177698,0.1970012908306411,0.5763286777607594,9
30,1.5,30,0.7,0.6992311171415648,0.19704615188368385,0.576334242923672,9
30,1.75,30,0.7,0.7025729936177698,0.19703594152214746,0.5763448703381385,9
30,1.5,20,0.7,0.6992311171415648,0.19705322664403302,0.5763453329616693,9
30,2.75,20,0.7,0.7025729936177698,0.19699625987858074,0.5763471244911703,9
30,3.0,20,0.7,0.7025729936177698,0.19699427548267912,0.5763744025183227,9
30,2.0,30,0.7,0.7009146188250666,0.1970361941171207,0.5763863478321382,9
30,1.0,25,0.7,0.6992311171415648,0.19709931781016948,0.5764098706349874,9
30,1.0,20,0.7,0.6992311171415648,0.19709931781016948,0.5764098706349874,9
30,1.0,30,0.7,0.6992311171415648,0.19709931781016948,0.5764098706349874,9
30,1.0,15,0.7,0.6992311171415648,0.19709931781016948,0.5764098706349874,9
30,1.0,10,0.7,0.6992311171415648,0.19709931781016948,0.5764098706349874,9
20,3.0,20,0.5,0.7042816221920699,0.1970287753730742,0.5764213566659049,9
25,3.0,30,0.6,0.705889743203176,0.19711914364928126,0.5764339944208486,9
30,1.5,10,0.7,0.6992311171415648,0.19710173966990388,0.5764377242457183,9
20,2.75,20,0.5,0.7042816221920699,0.19704236094455413,0.5764392284467851,9
20,3.0,25,0.5,0.7059399969847732,0.19703132653124913,0.5764448261919204,9
30,1.5,15,0.7,0.6992311171415648,0.19709740771379186,0.5764512741473804,9
20,2.75,25,0.5,0.7059399969847732,0.19704161887471902,0.5764519451342944,9
30,1.75,10,0.7,0.6992311171415648,0.197104156277903,0.5764554300656329,9
30,2.25,30,0.7,0.7009146188250666,0.1970465877345946,0.5764576901216445,9
20,2.5,20,0.5,0.7059399969847732,0.19705718716347,0.5764600562417713,9
20,2.5,25,0.5,0.7059399969847732,0.19705394920801952,0.5764640997679784,9
30,2.0,10,0.7,0.6992311171415648,0.1971073640923955,0.5764756417962053,9
30,1.75,15,0.7,0.6992311171415648,0.19709923986626518,0.5764797927160976,9
20,2.25,25,0.5,0.7059399969847732,0.197068365785711,0.5764814086163947,9
20,2.25,20,0.5,0.7059399969847732,0.19707327711112738,0.5764838856831774,9
30,2.25,10,0.7,0.6992311171415648,0.19711135424992213,0.5764983518826199,9
20,2.0,25,0.5,0.7059399969847732,0.19708491839999567,0.5765039960367083,9
20,2.0,20,0.5,0.7059399969847732,0.19709065454339963,0.5765107648803802,9
30,2.0,15,0.7,0.6992311171415648,0.19710289199343872,0.5765134736561057,9
30,2.5,10,0.7,0.6992311171415648,0.1971161183356808,0.5765235547389963,9
20,1.75,25,0.5,0.7059399969847732,0.1971036583600755,0.5765319923682295,9
20,1.75,20,0.5,0.7059399969847732,0.1971093438854148,0.5765407444698442,9
30,2.75,10,0.7,0.6992311171415648,0.19712164837765364,0.5765512467106879,9
30,2.25,15,0.7,0.6992311171415648,0.19710833748799,0.5765522889889636,9
30,2.5,30,0.7,0.7025729936177698,0.19706681421289207,0.5765579853617155,9
20,1.5,25,0.5,0.7059399969847732,0.19712463846195247,0.5765655340696303,9
20,1.5,20,0.5,0.7059399969847732,0.19712937022301305,0.576573877659332,9
30,3.0,10,0.7,0.6992311171415648,0.19712793684135607,0.5765814260375124,9
30,2.5,15,0.7,0.6992311171415648,0.1971155513067862,0.5765962174145384,9
20,3.0,10,0.5,0.7059399969847732,0.197138189085109,0.5766100561274006,9
20,2.75,10,0.5,0.7059399969847732,0.19714152497751644,0.5766122208354832,9
20,2.5,10,0.5,0.7059399969847732,0.19714516457597014,0.5766151778502421,9
20,2.25,10,0.5,0.7059399969847732,0.19714911058323548,0.5766189316577607,9
20,2.0,10,0.5,0.7059399969847732,0.19715336578938564,0.5766234870443576,9
20,1.75,10,0.5,0.7059399969847732,0.19715793307177046,0.5766288490990026,9
20,2.0,15,0.5,0.7059399969847732,0.19714794340535666,0.5766338150185919,9
20,2.25,15,0.5,0.7059399969847732,0.19714334641725095,0.5766340833196669,9
20,1.5,10,0.5,0.7042816221920699,0.19716281539494204,0.5766350232155877,9
20,1.75,15,0.5,0.7059399969847732,0.19715325213869347,0.5766352406492834,9
20,2.5,15,0.5,0.7059399969847732,0.1971394527426763,0.576636032090495,9
20,1.5,15,0.5,0.7059399969847732,0.19715928133765523,0.5766383746685902,9
20,2.75,15,0.5,0.7042816221920699,0.19713625423775577,0.5766396488492803,9
20,3.0,15,0.5,0.7042816221920699,0.1971337430447918,0.5766449220778166,9
30,2.75,15,0.7,0.6992311171415648,0.19712450992806985,0.5766452440920309,9
20,1.0,15,0.5,0.7042816221920699,0.1971735374571078,0.5766498307473265,9
20,1.0,10,0.5,0.7042816221920699,0.1971735374571078,0.5766498307473265,9
20,1.0,30,0.5,0.7042816221920699,0.1971735374571078,0.5766498307473265,9
20,1.0,20,0.5,0.7042816221920699,0.1971735374571078,0.5766498307473265,9
20,1.0,25,0.5,0.7042816221920699,0.1971735374571078,0.5766498307473265,9
30,2.75,30,0.7,0.7025729936177698,0.1970965790857871,0.5766863911802353,9
20,1.5,30,0.5,0.7059399969847732,0.19717246787908982,0.5766946674050183,9
30,3.0,15,0.7,0.6992311171415648,0.19713519130471335,0.5766993604078094,9
10,3.0,20,0.4,0.7059399969847732,0.1966094775298312,0.5767306881005165,9
20,1.75,30,0.5,0.7026232473993669,0.1971794483847071,0.5767366035384812,9
10,2.75,20,0.4,0.7059399969847732,0.19661609609991082,0.5767411846729861,9
10,2.5,20,0.4,0.7042816221920699,0.19662308461182687,0.5767525014283462,9
10,2.25,20,0.4,0.7042816221920699,0.19663044744437322,0.5767646470611917,9
10,2.0,20,0.4,0.7026232473993668,0.19663818904259295,0.5767776304671279,9
10,3.0,25,0.4,0.7059399969847732,0.1966323009903589,0.5767834774659272,9
10,2.75,25,0.4,0.7059399969847732,0.19663524234094287,0.5767853637731364,9
10,2.5,25,0.4,0.7059399969847732,0.19663877889047643,0.5767886188974196,9
20,2.0,30,0.5,0.7042816221920699,0.19719127822917015,0.576791089193692,9
10,1.75,20,0.4,0.7026232473993668,0.19664631391743492,0.5767914607443052,9
10,2.25,25,0.4,0.7059399969847732,0.1966429200105372,0.5767932641749518,9
10,2.0,25,0.4,0.7042816221920699,0.196647675246164,0.5767993214680807,9
10,1.5,20,0.4,0.7026232473993668,0.1966548266453253,0.5768061471948248,9
10,1.75,25,0.4,0.7042816221920699,0.19665305431551663,0.5768068131724569,9
10,3.0,10,0.4,0.7026232473993668,0.19665381865387904,0.5768074912733444,9
10,2.75,10,0.4,0.7026232473993668,0.19665585459718757,0.5768104299303664,9
10,2.5,10,0.4,0.7026232473993668,0.19665799413488091,0.5768136211141921,9
10,1.5,25,0.4,0.7026232473993668,0.19665906710928746,0.5768157622239068,9
10,2.25,10,0.4,0.7026232473993668,0.1966602377476623,0.5768170657881293,9
10,3.0,15,0.4,0.7026232473993668,0.1966516650412086,0.5768193231791177,9
10,2.75,15,0.4,0.7026232473993668,0.196653556088658,0.5768199114631458,9
10,2.0,10,0.4,0.7026232473993668,0.19666258592378316,0.5768207649386752,9
10,2.5,15,0.4,0.7026232473993668,0.19665566688370434,0.5768209976642819,9
10,2.25,15,0.4,0.7026232473993668,0.19665799896643812,0.5768225844726779,9
10,2.0,15,0.4,0.7026232473993668,0.19666055390117126,0.5768246746507608,9
10,1.75,10,0.4,0.7026232473993668,0.19666503915903188,0.5768247195755748,9
10,1.75,15,0.4,0.7026232473993668,0.19666333327637878,0.5768272710334987,9
10,1.5,10,0.4,0.7026232473993668,0.1966675979567199,0.5768289307318717,9
10,1.5,15,0.4,0.7026232473993668,0.19666633870461744,0.5768303765286154,9
10,1.0,25,0.4,0.7026232473993668,0.1966730342901756,0.5768381268515849,9
10,1.0,20,0.4,0.7026232473993668,0.1966730342901756,0.5768381268515849,9
10,1.0,30,0.4,0.7026232473993668,0.1966730342901756,0.5768381268515849,9
10,1.0,10,0.4,0.7026232473993668,0.1966730342901756,0.5768381268515849,9
10,1.0,15,0.4,0.7026232473993668,0.1966730342901756,0.5768381268515849,9
30,3.0,30,0.7,0.7009146188250666,0.19713560141364056,0.5768421307753009,9
20,2.25,30,0.5,0.7075983717774762,0.19720784164055266,0.5768577971277282,9
10,1.5,30,0.4,0.7059399969847732,0.19668445228274561,0.5768783116943135,9
10,1.75,30,0.4,0.7042816221920699,0.19669243545748577,0.5769038116846656,9
10,2.0,30,0.4,0.7059399969847732,0.19670190131266357,0.5769328352523433,9
20,2.5,30,0.5,0.7075983717774762,0.19722902675716872,0.5769364151022504,9
10,2.25,30,0.4,0.7075983717774762,0.19671282547010843,0.5769653233198462,9
10,2.5,30,0.4,0.7075983717774762,0.19672518410574458,0.5770012183870582,9
28,3.0,25,0.6,0.7009146188250666,0.19740425716314208,0.5770146193840393,9
28,2.75,25,0.6,0.7009146188250666,0.1974170932967157,0.5770187149224529,9
20,2.75,30,0.5,0.7092567465701793,0.19725472561698443,0.5770266453659657,9
28,2.5,25,0.6,0.7009146188250666,0.19743371273273394,0.5770328958265851,9
10,2.75,30,0.4,0.7075983717774762,0.19673895394362984,0.5770404644965664,9
28,2.25,25,0.6,0.7009146188250666,0.19745421302217878,0.5770574005700779,9
10,3.0,30,0.4,0.7092567465701793,0.19675411224955677,0.5770830071991555,9
28,3.0,20,0.6,0.7009146188250666,0.19744176143793002,0.5770909834136393,9
28,2.0,25,0.6,0.7009146188250666,0.19747869592134287,0.5770924864831404,9
28,2.75,20,0.6,0.7009146188250666,0.19745559329129336,0.5771013063489386,9
28,2.5,20,0.6,0.7009146188250666,0.19747169299563386,0.5771175519239459,9
20,3.0,30,0.5,0.710889994472084,0.19728483413021763,0.5771282041326377,9
28,1.75,25,0.6,0.6992562440323635,0.19750726733423862,0.5771384304673056,9
28,2.25,20,0.6,0.6992562440323635,0.19749010658207589,0.5771398000127997,9
22,3.0,20,0.5,0.7059399969847732,0.19737191271899446,0.5771508160807372,9
28,2.0,20,0.6,0.6992562440323635,0.19751088205289374,0.5771681390244796,9
22,2.75,20,0.5,0.7059399969847732,0.19738711428475128,0.5771711679652095,9
22,3.0,25,0.5,0.7026232473993669,0.19737283848758772,0.5771752583471296,9
22,2.75,25,0.5,0.7026232473993669,0.19738450850009887,0.5771835145395696,9
22,2.5,20,0.5,0.7075983717774763,0.19740368984532633,0.5771948013832264,9
28,1.5,25,0.6,0.6992562440323635,0.19754003720856836,0.5771955296646556,9
22,2.5,25,0.5,0.7042816221920699,0.1973984681612144,0.5771974531636902,9
28,1.75,20,0.6,0.6992562440323635,0.19753406938149964,0.5772026661999099,9
22,2.25,25,0.5,0.7059399969847732,0.19741477254802325,0.577217211554696,9
22,2.25,20,0.5,0.7075983717774763,0.19742166558965962,0.5772217679683509,9
22,2.0,25,0.5,0.7059399969847732,0.19743347859541116,0.5772429343567702,9
28,1.5,20,0.6,0.6992562440323635,0.19755972049692588,0.5772434878830739,9
22,2.0,20,0.5,0.7075983717774763,0.1974410685323675,0.5772521224924938,9
22,1.75,25,0.5,0.7059399969847732,0.19745464506346153,0.577274773721307,9
22,1.75,20,0.5,0.7075983717774763,0.19746192650539499,0.5772859229367875,9
22,1.5,25,0.5,0.7059399969847732,0.19747833249029045,0.5773128894880541,9
22,1.5,20,0.5,0.7059399969847732,0.19748426814475337,0.5773232305536529,9
28,1.5,30,0.6,0.7009146188250666,0.197587751796097,0.5773375565243087,9
28,1.75,10,0.6,0.6992562440323635,0.19760499518242663,0.577338814039854,9
28,1.5,10,0.6,0.6992562440323635,0.19760897985731896,0.5773391405818731,9
28,2.0,10,0.6,0.6992562440323635,0.1976015627144354,0.5773400393772651,9
28,2.25,10,0.6,0.6992562440323635,0.19759867640251377,0.5773428085271884,9
28,1.0,20,0.6,0.7009146188250667,0.19761863137451655,0.5773444870770094,9
28,1.0,25,0.6,0.7009146188250667,0.19761863137451655,0.5773444870770094,9
28,1.0,15,0.6,0.7009146188250667,0.19761863137451655,0.5773444870770094,9
28,1.0,30,0.6,0.7009146188250667,0.19761863137451655,0.5773444870770094,9
28,1.0,10,0.6,0.7009146188250667,0.19761863137451655,0.5773444870770094,9
28,1.5,15,0.6,0.6992562440323635,0.19760425955175406,0.5773467128713199,9
28,2.5,10,0.6,0.6992562440323635,0.19759633046213612,0.5773471145042857,9
28,1.75,15,0.6,0.6992562440323635,0.1975990595726574,0.5773528688488483,9
28,2.75,10,0.6,0.6992562440323635,0.19759451937332617,0.5773529513887614,9
28,3.0,10,0.6,0.6992562440323635,0.1975932378790889,0.5773603143104834,9
28,2.0,15,0.6,0.6992562440323635,0.19759515869418215,0.577362350804097,9
22,3.0,10,0.5,0.7042816221920699,0.19749336921634686,0.5773630617328017,9
22,2.75,10,0.5,0.7042816221920699,0.19749723456120172,0.5773657769057109,9
22,2.5,10,0.5,0.7042816221920699,0.19750142310218238,0.577369332871116,9
28,1.75,30,0.6,0.7025729936177698,0.19758580868656103,0.5773716445251409,9
22,2.25,10,0.5,0.7042816221920699,0.1975059379050768,0.5773737345663892,9
28,2.25,15,0.6,0.6992562440323635,0.1975925394267932,0.577375136342797,9
22,2.0,10,0.5,0.7025981205085683,0.19751078214594917,0.5773789873144164,9
22,1.75,10,0.5,0.7009397457158651,0.19751595911118253,0.577385096827101,9
28,2.5,15,0.6,0.6992562440323635,0.19759118519112517,0.5773912066963769,9
22,2.0,15,0.5,0.7042816221920699,0.1975052839091046,0.5773912366140133,9
22,2.25,15,0.5,0.7042816221920699,0.19750018488359128,0.5773915259025729,9
22,1.5,10,0.5,0.7009397457158651,0.1975214721974777,0.5773920692086844,9
22,1.75,15,0.5,0.7042816221920699,0.197511157048927,0.5773927857277159,9
22,2.5,15,0.5,0.7042816221920699,0.19749585054609897,0.5773936389801287,9
22,1.5,15,0.5,0.7009397457158651,0.19751781409289454,0.5773961891402201,9
22,2.75,15,0.5,0.7059399969847732,0.1974922718323734,0.5773975624944004,9
22,3.0,15,0.5,0.7042816221920699,0.19748944003757588,0.5774032843289032,9
22,1.0,10,0.5,0.7009397457158651,0.19753352087132203,0.5774086289758108,9
22,1.0,20,0.5,0.7009397457158651,0.19753352087132203,0.5774086289758108,9
22,1.0,25,0.5,0.7009397457158651,0.19753352087132203,0.5774086289758108,9
22,1.0,15,0.5,0.7009397457158651,0.19753352087132203,0.5774086289758108,9
22,1.0,30,0.5,0.7009397457158651,0.19753352087132203,0.5774086289758108,9
28,2.75,15,0.6,0.6992562440323635,0.19759108030518616,0.5774105466236712,9
28,2.0,30,0.6,0.7025729936177698,0.19759253303269791,0.57742972114267,9
28,3.0,15,0.6,0.6992562440323635,0.19759220996848134,0.5774331443042389,9
22,1.5,30,0.5,0.7059399969847732,0.1975324553197677,0.5774614478681898,9
22,1.75,30,0.5,0.7075983717774763,0.19754056343121484,0.5775104770037651,9
28,2.25,30,0.6,0.7009146188250666,0.19760768795711486,0.5775110601138684,9
22,2.0,30,0.5,0.7075983717774763,0.1975542470787066,0.5775740367159407,9
15,3.0,20,0.4,0.7075983717774763,0.1972209378024578,0.5776126702867214,9
28,2.5,30,0.6,0.7025729936177698,0.1976310455612595,0.577614980000725,9
15,2.75,20,0.4,0.7059399969847732,0.1972312334657886,0.5776278195258313,9
15,2.5,20,0.4,0.7059399969847732,0.19724216112916007,0.5776443733011927,9
22,2.25,30,0.5,0.7075983717774763,0.19757337301801886,0.5776517392920248,9
15,2.25,20,0.4,0.7059399969847732,0.19725373048400832,0.5776623511998819,9
15,2.0,20,0.4,0.7042816221920699,0.19726595143250372,0.5776817734971526,9
15,3.0,25,0.4,0.7075983717774763,0.1972511551477375,0.5776966500668858,9
15,2.75,25,0.4,0.7059399969847732,0.1972561268851658,0.5776974133707711,9
15,2.5,25,0.4,0.7042816221920699,0.19726215008814063,0.5777006301562496,9
15,1.75,20,0.4,0.7042816221920699,0.19727883408566182,0.5777026611644669,9
15,2.25,25,0.4,0.7026232473993669,0.197269245308545,0.5777063497349176,9
15,2.0,25,0.4,0.7026232473993669,0.1972774336093018,0.577714623127066,9
15,1.5,20,0.4,0.7026232473993668,0.19729238876083782,0.5777250358764053,9
15,1.75,25,0.4,0.7026232473993669,0.19728673655990225,0.5777255030921461,9
15,3.0,10,0.4,0.7042816221920699,0.19729059994062098,0.5777278026394795,9
15,2.75,10,0.4,0.7042816221920699,0.1972939137838636,0.5777322766525176,9
15,2.5,10,0.4,0.7026232473993668,0.19729738410013065,0.5777371297405226,9
15,1.5,25,0.4,0.7009648726066637,0.19729717623012033,0.5777390441569542,9
28,2.75,30,0.6,0.705889743203176,0.19766238704968467,0.5777408422197787,9
15,2.25,10,0.4,0.7026232473993668,0.19730101200754924,0.5777423640800264,9
22,2.5,30,0.5,0.7075983717774763,0.19759781250759353,0.5777432156145579,9
15,2.0,10,0.4,0.7026232473993668,0.19730479865159972,0.5777479819323479,9
15,3.0,15,0.4,0.7042816221920699,0.19728924102655512,0.5777515731110974,9
15,2.75,15,0.4,0.7042816221920699,0.19729202013006972,0.5777515941732427,9
15,2.5,15,0.4,0.7042816221920699,0.1972951525116337,0.5777524104889025,9
15,1.75,10,0.4,0.7026232473993668,0.19730874520508324,0.5777539856439273,9
15,2.25,15,0.4,0.7042816221920699,0.19729864147103449,0.5777540275831025,9
15,2.0,15,0.4,0.7042816221920699,0.19730249039422396,0.5777564512444178,9
15,1.75,15,0.4,0.7026232473993668,0.19730670275338213,0.577759687527398,9
15,1.5,10,0.4,0.7026232473993668,0.19731285286807582,0.5777603776466228,9
15,1.5,15,0.4,0.7026232473993668,0.19731128210682775,0.5777637427546061,9
15,1.0,10,0.4,0.7026232473993668,0.19732155645889937,0.577774336681387,9
15,1.0,15,0.4,0.7026232473993668,0.19732155645889937,0.577774336681387,9
15,1.0,20,0.4,0.7026232473993668,0.19732155645889937,0.577774336681387,9
15,1.0,30,0.4,0.7026232473993668,0.19732155645889937,0.577774336681387,9
15,1.0,25,0.4,0.7026232473993668,0.19732155645889937,0.577774336681387,9
22,2.75,30,0.5,0.7092567465701793,0.1976274413283957,0.5778481145047083,9
15,1.5,30,0.4,0.7009648726066637,0.19734202811930956,0.5778536007534849,9
28,3.0,30,0.6,0.705889743203176,0.19770150276923898,0.577888049058092,9
15,1.75,30,0.4,0.7075983717774763,0.19735654193032762,0.577903717103704,9
30,3.0,25,0.6,0.7009146188250666,0.19777363350515187,0.5779309941391746,9
30,2.75,25,0.6,0.7009146188250666,0.19778758001157518,0.5779363874977838,9
30,2.5,25,0.6,0.7009146188250666,0.19780561759745752,0.5779527344025062,9
15,2.0,30,0.4,0.7092567465701795,0.1973738353229395,0.5779606297816432,9
22,3.0,30,0.5,0.7075983717774762,0.19766213977729338,0.5779661020554431,9
30,2.25,25,0.6,0.7009146188250666,0.1978278496452812,0.5779802893084399,9
30,3.0,20,0.6,0.7009146188250666,0.1978139389621858,0.5780131371356818,9
30,2.0,25,0.6,0.7009146188250666,0.19785438415298068,0.5780193282330811,9
15,2.25,30,0.4,0.7092567465701795,0.1973938558253609,0.5780242000775822,9
30,2.75,20,0.6,0.7009146188250666,0.19782910371080498,0.5780257011524499,9
30,2.5,20,0.6,0.7009146188250666,0.19784668867917451,0.5780446143442185,9
30,2.25,20,0.6,0.7009146188250666,0.1978667418701104,0.5780699572847205,9
30,1.75,25,0.6,0.7009146188250666,0.19788533365271774,0.5780701495994963,9
15,2.5,30,0.4,0.7092567465701795,0.19741655242452416,0.5780942940899464,9
30,2.0,20,0.6,0.7009146188250666,0.19788931345317534,0.5781018203624059,9
30,1.5,25,0.6,0.7009146188250666,0.19792081506920325,0.5781330750230427,9
30,1.75,20,0.6,0.7009146188250666,0.1979144557583278,0.5781403041424678,9
15,2.75,30,0.4,0.7092567465701795,0.1974418755558592,0.5781707825959407,9
30,1.5,20,0.6,0.6992562440323635,0.197942223249294,0.578185519696991,9
15,3.0,30,0.4,0.7075983717774763,0.19746977708977773,0.5782535409211629,9
30,1.75,10,0.6,0.6992562440323635,0.19799057167905731,0.5782893798714197,9
30,2.0,10,0.6,0.6992562440323635,0.19798662563871586,0.5782901774133665,9
30,1.5,10,0.6,0.6992562440323635,0.19799508871756583,0.5782901857375538,9
30,2.25,10,0.6,0.6992562440323635,0.19798324442041332,0.578292570719062,9
30,1.5,30,0.6,0.7009146188250666,0.19797395092027886,0.5782937613364862,9
30,2.5,10,0.6,0.6992562440323635,0.19798042214605885,0.5782965533977039,9
30,1.0,20,0.6,0.7009146188250667,0.19800586200246323,0.5782966446646516,9
30,1.0,10,0.6,0.7009146188250667,0.19800586200246323,0.5782966446646516,9
30,1.0,25,0.6,0.7009146188250667,0.19800586200246323,0.5782966446646516,9
30,1.0,30,0.6,0.7009146188250667,0.19800586200246323,0.5782966446646516,9
30,1.0,15,0.6,0.7009146188250667,0.19800586200246323,0.5782966446646516,9
30,1.5,15,0.6,0.6992562440323635,0.19799037760487315,0.5782987754205651,9
30,2.75,10,0.6,0.6992562440323635,0.19797815323303908,0.578302120291917,9
30,1.75,15,0.6,0.6992562440323635,0.19798472062129494,0.5783051338682756,9
30,3.0,10,0.6,0.6992562440323635,0.19797643239211876,0.5783092674583482,9
30,2.0,15,0.6,0.6992562440323635,0.19798042839505,0.5783149862166223,9
30,2.25,15,0.6,0.6992562440323635,0.19797748317469238,0.5783283117993737,9
30,1.75,30,0.6,0.7009146188250666,0.1979728650086086,0.5783338869062672,9
30,2.5,15,0.6,0.6992562440323635,0.19797586822683572,0.5783450941710374,9
25,3.0,20,0.5,0.7042816221920699,0.19791340021165973,0.5783477090416319,9
30,2.75,15,0.6,0.6992562440323635,0.19797556782133097,0.578365320982268,9
25,2.75,20,0.5,0.7042816221920699,0.1979312282635106,0.5783725661466432,9
25,3.0,25,0.5,0.7042816221920699,0.19791179390065433,0.5783728366642545,9
25,2.75,25,0.5,0.7042816221920699,0.1979256879031771,0.5783835132583349,9
30,3.0,15,0.6,0.6992562440323635,0.19797656721289558,0.5783889838458467,9
30,2.0,30,0.6,0.7009146188250666,0.1979813333510826,0.5784005592805653,9
25,2.5,25,0.5,0.7042816221920699,0.19794226920696845,0.5784009004388152,9
25,2.5,20,0.5,0.7042564953012714,0.19795063444341643,0.5784012064659139,9
25,2.25,25,0.5,0.7075983717774763,0.19796160298864174,0.5784251647778986,9
25,2.25,20,0.5,0.7042564953012714,0.19797164937886633,0.5784336902358785,9
25,2.0,25,0.5,0.7042564953012714,0.19798375676163127,0.5784564826054966,9
25,2.0,20,0.5,0.7042564953012714,0.19799430474885343,0.5784700819383941,9
30,2.25,30,0.6,0.7009146188250666,0.19799909810448166,0.5784929723001997,9
25,1.75,25,0.5,0.7042564953012714,0.1980088003173287,0.5784950402951509,9
25,1.75,20,0.5,0.7042564953012714,0.19801863326769975,0.5785104504115673,9
25,1.5,25,0.5,0.7042564953012714,0.19803680564099788,0.5785410345211583,9
25,1.5,20,0.5,0.7042564953012714,0.19804466866031878,0.5785548689458789,9
25,3.0,10,0.5,0.7025981205085683,0.1980541375011957,0.5786005832014753,9
25,2.75,10,0.5,0.7025981205085683,0.19805886949081083,0.5786043216871576,9
25,2.5,10,0.5,0.7025981205085683,0.1980639513920078,0.578608965099105,9
30,2.5,30,0.6,0.7042313684104728,0.1980259109327394,0.5786103710536108,9
25,2.25,10,0.5,0.7025981205085683,0.19806938675182784,0.5786145188970768,9
25,2.0,10,0.5,0.7009397457158651,0.19807517926334833,0.5786209890695354,9
25,1.75,10,0.5,0.7009397457158651,0.19808133276584292,0.5786283821391476,9
25,2.0,15,0.5,0.7025981205085683,0.19806944598045614,0.578635676155387,9
25,2.25,15,0.5,0.7042564953012714,0.1980634978996746,0.5786357144195625,9
25,1.5,10,0.5,0.7009397457158651,0.1980878512449339,0.5786367051681159,9
25,1.75,15,0.5,0.7025981205085683,0.1980762587774241,0.5786376842784754,9
25,2.5,15,0.5,0.7042564953012714,0.19805840382148587,0.5786377832455827,9
25,1.5,15,0.5,0.7009397457158651,0.1980839474845202,0.5786417563918156,9
25,2.75,15,0.5,0.7059399969847732,0.19805415351028013,0.5786418685476838,9
25,3.0,15,0.5,0.7042816221920699,0.19805073720433905,0.5786479579373611,9
25,1.0,10,0.5,0.7009397457158651,0.1981019998079826,0.5786561720812988,9
25,1.0,15,0.5,0.7009397457158651,0.1981019998079826,0.5786561720812988,9
25,1.0,20,0.5,0.7009397457158651,0.1981019998079826,0.5786561720812988,9
25,1.0,25,0.5,0.7009397457158651,0.1981019998079826,0.5786561720812988,9
25,1.0,30,0.5,0.7009397457158651,0.1981019998079826,0.5786561720812988,9
35,2.5,25,0.7,0.7009146188250667,0.19787685131595145,0.5786937425862246,9
35,2.25,25,0.7,0.6992562440323635,0.19789243006219623,0.5787001935159058,9
35,2.75,25,0.7,0.7009146188250667,0.19786724136716075,0.5787047379298333,9
25,1.5,30,0.5,0.7042564953012715,0.19810075850413045,0.5787206117175567,9
35,2.0,25,0.7,0.6975978692396603,0.1979141281318317,0.578724441544389,9
35,3.0,25,0.7,0.6992562440323635,0.19786345730590502,0.5787328708567657,9
30,2.75,30,0.6,0.704231368410473,0.19806153325768389,0.5787520496076973,9
35,1.75,25,0.7,0.6959394944469571,0.1979421036878414,0.5787668818162568,9
25,1.75,30,0.5,0.699281370923162,0.19811059684903884,0.5787804959799495,9
35,1.5,25,0.7,0.6959394944469571,0.19797652245418418,0.5788279559247955,9
25,2.0,30,0.5,0.7026232473993669,0.19812718515791938,0.5788581308400084,9
35,2.25,20,0.7,0.6975978692396603,0.19795783427583494,0.5788821185672494,9
35,2.0,20,0.7,0.6959394944469571,0.19797185366296585,0.5788860336580285,9
35,2.5,20,0.7,0.6992562440323635,0.1979474105986774,0.5788885846048557,9
35,1.75,20,0.7,0.6959394944469571,0.1979895408976382,0.5789004385915513,9
35,2.75,20,0.7,0.6992562440323635,0.19794051431155524,0.5789053441982724,9
30,3.0,30,0.6,0.7009146188250667,0.19810573639375664,0.5789173487173849,9
35,1.5,20,0.7,0.6942559927634555,0.19801097198330722,0.578925464181752,9
35,3.0,20,0.7,0.6992562440323635,0.19793708083369335,0.5789323299169715,9
35,1.5,30,0.7,0.6959394944469571,0.19800955287530098,0.5789366946748046,9
25,2.25,30,0.5,0.7026232473993669,0.19815036275573403,0.578953029073702,9
35,1.75,30,0.7,0.6959394944469571,0.19800162319186676,0.578960683751867,9
35,1.0,30,0.7,0.6942559927634555,0.1980653891254308,0.5790080164607041,9
35,1.0,10,0.7,0.6942559927634555,0.1980653891254308,0.5790080164607041,9
35,1.0,20,0.7,0.6942559927634555,0.1980653891254308,0.5790080164607041,9
35,1.0,25,0.7,0.6942559927634555,0.1980653891254308,0.5790080164607041,9
35,1.0,15,0.7,0.6942559927634555,0.1980653891254308,0.5790080164607041,9
35,2.0,30,0.7,0.6959394944469571,0.19800649678975982,0.579022698843368,9
35,1.5,10,0.7,0.6942559927634555,0.19806623189905484,0.579037104058134,9
35,1.5,15,0.7,0.6942559927634555,0.19806270640387622,0.5790553865582995,9
35,1.75,10,0.7,0.6942559927634555,0.19806793405022644,0.5790557051930278,9
25,2.5,30,0.5,0.7042816221920699,0.19817997424919784,0.5790647280861725,9
35,2.0,10,0.7,0.6942559927634555,0.19807047881052303,0.5790770060129481,9
35,1.75,15,0.7,0.6942559927634555,0.19806441870909997,0.5790876921100384,9
35,2.25,10,0.7,0.6942559927634555,0.19807385845332912,0.5791010060318742,9
35,2.25,30,0.7,0.694281119654254,0.19802379967827727,0.5791215623379626,9
35,2.0,15,0.7,0.6942559927634555,0.19806813145888966,0.5791257166917071,9
35,2.5,10,0.7,0.6942559927634555,0.19807806579148238,0.5791277074145409,9
35,2.75,10,0.7,0.6942559927634555,0.19808309416482786,0.5791571149145428,9
35,2.25,15,0.7,0.6959143675561585,0.1980738205879813,0.5791694511105896,9
20,3.0,20,0.4,0.7075983717774763,0.19805752277644187,0.5791858001001519,9
35,3.0,10,0.7,0.6959143675561585,0.19808893743082462,0.579189235818691,9
25,2.75,30,0.5,0.7042816221920699,0.1982158696321965,0.5791927890260896,9
20,2.75,20,0.4,0.7075983717774763,0.19807246045362698,0.5792082668378273,9
35,2.5,15,0.7,0.6959143675561585,0.19808146391220371,0.5792188952033653,9
20,2.5,20,0.4,0.7075983717774763,0.19808831198918775,0.57923277126929,9
35,2.5,30,0.7,0.694281119654254,0.19805317276209403,0.5792561924603283,9
20,2.25,20,0.4,0.7075983717774763,0.19810509336720916,0.5792593465601605,9
35,2.75,15,0.7,0.6959143675561585,0.19809104107014852,0.5792740574869109,9
20,2.0,20,0.4,0.7059399969847732,0.19812282099287737,0.5792880274046245,9
20,3.0,25,0.4,0.70428162219207,0.19809075285246303,0.5792926811551784,9
20,2.75,25,0.4,0.7059399969847732,0.19809907362902146,0.5792954604755732,9
20,2.5,25,0.4,0.7059399969847732,0.19810897461990246,0.5793019735425344,9
20,2.25,25,0.4,0.7059399969847732,0.198120489829157,0.5793123066744599,9
20,1.75,20,0.4,0.7042816221920699,0.19814151168502445,0.5793188500510371,9
20,2.0,25,0.4,0.7042816221920699,0.19813365423815998,0.5793265498529205,9
10,3.0,20,0.3,0.7142318709482889,0.1975308741676434,0.5793317268515759,9
35,3.0,15,0.7,0.6942559927634555,0.1981025334620485,0.5793349547983683,9
25,3.0,30,0.5,0.705939996984773,0.1982579043429472,0.579336795876998,9
10,2.75,20,0.3,0.7142318709482889,0.19753630779156742,0.5793397915696373,9
20,1.75,25,0.4,0.7026232473993669,0.19814850378461907,0.5793447968012277,9
10,2.5,20,0.3,0.7142318709482889,0.1975419747101077,0.5793483418275792,9
20,1.5,20,0.4,0.7042816221920699,0.19816118266623256,0.5793518523230605,9
10,2.25,20,0.3,0.7125734961555857,0.19754787750141167,0.5793573827197287,9
20,3.0,10,0.4,0.7042816221920699,0.1981588025520615,0.5793579308405122,9
20,2.75,10,0.4,0.7026232473993669,0.19816368081540758,0.579364564277444,9
10,2.0,20,0.3,0.7125734961555857,0.19755401878266235,0.5793669194506449,9
20,1.5,25,0.4,0.7026232473993669,0.19816507533447492,0.5793671450538179,9
20,2.5,10,0.4,0.7026232473993669,0.19816875899859412,0.5793716741602445,9
10,1.75,20,0.3,0.7125734961555857,0.19756040120985033,0.5793769573357195,9
20,2.25,10,0.4,0.7026232473993669,0.19817403898897482,0.5793792641047192,9
10,3.0,10,0.3,0.7125734961555857,0.19756262791828988,0.5793794921893097,9
10,2.75,10,0.3,0.7125734961555857,0.1975647207029293,0.5793828530403218,9
10,2.5,10,0.3,0.7125734961555857,0.1975668718964326,0.5793863466949241,9
20,2.0,10,0.4,0.7026232473993669,0.1981795227342829,0.5793873379216037,9
10,1.5,20,0.3,0.7125734961555857,0.19756702747749547,0.5793875018016867,9
10,2.25,10,0.3,0.7125734961555857,0.19756908179366586,0.5793899737650543,9
20,3.0,15,0.4,0.7059399969847732,0.1981573928938817,0.5793913582913436,9
20,2.75,15,0.4,0.7059399969847732,0.19816144420547765,0.5793916988963471,9
20,2.5,15,0.4,0.7059399969847732,0.19816597510658418,0.5793931094896997,9
10,2.0,10,0.3,0.7125734961555857,0.19757135069445458,0.5793937348765823,9
20,2.25,15,0.4,0.7042816221920699,0.19817099079839864,0.5793955984475972,9
20,1.75,10,0.4,0.7026232473993669,0.19818521224255806,0.5793958996176471,9
10,3.0,15,0.3,0.7142318709482889,0.1975648715729306,0.5793974266514688,9
10,1.75,10,0.3,0.7125734961555857,0.19757367890357722,0.5793976306693239,9
10,2.75,15,0.3,0.7125734961555857,0.19756642097381855,0.5793980202342119,9
10,2.5,15,0.3,0.7125734961555857,0.1975681027238238,0.5793988948460317,9
20,2.0,15,0.4,0.7042816221920699,0.19817649666998716,0.5793991747550669,9
10,2.25,15,0.3,0.7125734961555857,0.19756991769614948,0.5794000520176915,9
10,2.0,15,0.3,0.7125734961555857,0.19757186677899866,0.5794014933211883,9
10,1.5,10,0.3,0.7125734961555857,0.1975760667307575,0.5794016617970529,9
10,1.75,15,0.3,0.7125734961555857,0.19757395087554858,0.579403220369872,9
20,1.75,15,0.4,0.7042816221920699,0.19818249829885756,0.5794038480159196,9
20,1.5,10,0.4,0.7026232473993669,0.19819110958204164,0.5794049533965806,9
10,1.5,15,0.3,0.7125734961555857,0.1975761709039106,0.5794052348185299,9
20,1.5,15,0.4,0.7042816221920699,0.1981890014509974,0.5794096284613134,9
10,1.5,25,0.3,0.7125734961555857,0.19757622537779113,0.5794100770547099,9
10,1.0,10,0.3,0.7109151213628827,0.1975810225028548,0.579410132742383,9
10,1.0,20,0.3,0.7109151213628827,0.1975810225028548,0.579410132742383,9
10,1.0,25,0.3,0.7109151213628827,0.1975810225028548,0.579410132742383,9
10,1.0,30,0.3,0.7109151213628827,0.1975810225028548,0.579410132742383,9
10,1.0,15,0.3,0.7109151213628827,0.1975810225028548,0.579410132742383,9
10,1.75,25,0.3,0.7125734961555857,0.19757447592127134,0.5794114864984447,9
10,2.0,25,0.3,0.7142318709482889,0.1975731511290514,0.5794138354094429,9
10,2.25,25,0.3,0.7142318709482889,0.19757224507169513,0.5794171101208133,9
10,2.5,25,0.3,0.7142318709482889,0.19757175192073292,0.5794212972633015,9
20,1.0,15,0.4,0.7026232473993669,0.1982035363277449,0.5794245550079248,9
20,1.0,20,0.4,0.7026232473993669,0.1982035363277449,0.5794245550079248,9
20,1.0,25,0.4,0.7026232473993669,0.1982035363277449,0.5794245550079248,9
20,1.0,30,0.4,0.7026232473993669,0.1982035363277449,0.5794245550079248,9
20,1.0,10,0.4,0.7026232473993669,0.1982035363277449,0.5794245550079248,9
35,2.75,30,0.7,0.6909643700688478,0.1980942721648196,0.5794255979235355,9
10,2.75,25,0.3,0.7125734961555857,0.19757166594905412,0.5794263837621197,9
10,3.0,25,0.3,0.7125734961555857,0.1975719815311489,0.5794323568335856,9
10,1.5,30,0.3,0.7125734961555857,0.19760868801802994,0.579489797844244,9
10,1.75,30,0.3,0.7109151213628826,0.19762443920238215,0.5795340656485668,9
20,1.5,30,0.4,0.7075983717774762,0.19822988205499997,0.5795384367713423,9
10,2.0,30,0.3,0.7125734961555856,0.19764144734573239,0.5795812362245906,9
20,1.75,30,0.4,0.7059399969847732,0.19824980771341885,0.5796123418538662,9
35,3.0,30,0.7,0.6926227448615508,0.1981467693625854,0.5796288726842551,9
10,2.25,30,0.3,0.7125734961555856,0.197659696355358,0.5796312701986025,9
28,3.0,20,0.5,0.699281370923162,0.19847808363301886,0.5796428532509618,9
28,3.0,25,0.5,0.7026232473993668,0.198474219043114,0.5796684906994073,9
28,2.75,20,0.5,0.699281370923162,0.19849872775093766,0.5796730765574466,9
28,2.75,25,0.5,0.7009397457158653,0.19849041918909083,0.5796822548788624,9
10,2.5,30,0.3,0.7125734961555856,0.19767917045749442,0.5796841291161738,9
20,2.0,30,0.4,0.7075983717774762,0.1982741156752105,0.579697205791487,9
28,2.5,25,0.5,0.699281370923162,0.19850973403585417,0.5797038421264555,9
28,2.5,20,0.5,0.7009397457158653,0.19852116322315244,0.5797076117499493,9
28,2.25,25,0.5,0.7009397457158653,0.19853223878398507,0.5797334499256039,9
10,2.75,30,0.3,0.7125734961555856,0.19769985419511393,0.579739775425245,9
28,2.25,20,0.5,0.7009397457158653,0.1985454248836467,0.5797465273425307,9
28,2.0,25,0.5,0.7009397457158653,0.19855801141469956,0.5797712881945405,9
28,2.0,20,0.5,0.7009397457158653,0.1985715488225498,0.5797898973074544,9
20,2.25,30,0.4,0.7092567465701793,0.1983027193113687,0.5797927785323809,9
10,3.0,30,0.3,0.7109151213628826,0.19772173242537733,0.579798172459095,9
28,1.75,25,0.5,0.7009397457158653,0.19858713259111752,0.5798175796683043,9
28,1.75,20,0.5,0.7009397457158653,0.19859957235562678,0.5798378012343073,9
28,1.5,25,0.5,0.699281370923162,0.19861968551919218,0.5798725602368342,9
28,1.5,20,0.5,0.699281370923162,0.19862953397985467,0.5798903244669323,9
20,2.5,30,0.4,0.7092567465701793,0.19833553447233643,0.579898820017189,9
22,3.0,20,0.4,0.7092567465701795,0.19842549536538903,0.5799361471413369,9
28,3.0,10,0.5,0.7009397457158653,0.19863934894141147,0.5799424950620167,9
28,2.75,10,0.5,0.7009397457158653,0.19864501665615122,0.5799474664407448,9
28,2.5,10,0.5,0.7009397457158653,0.1986510596353795,0.5799534007223816,9
28,2.25,10,0.5,0.7009397457158653,0.19865748181448004,0.579960303691982,9
22,2.75,20,0.4,0.7075983717774763,0.19844249081956322,0.5799622484951671,9
28,2.0,10,0.5,0.699281370923162,0.19866428730840932,0.5799681818185215,9
28,1.75,10,0.5,0.699281370923162,0.19867148041180752,0.5799770422624608,9
28,2.25,15,0.5,0.7009397457158653,0.1986512816640492,0.579984209022683,9
28,2.0,15,0.5,0.7009397457158653,0.19865817712159128,0.5799847462642609,9
28,2.5,15,0.5,0.7009397457158653,0.1986453290559266,0.5799859058891941,9
28,1.5,10,0.5,0.699281370923162,0.19867906559922643,0.5799868928833343,9
28,1.75,15,0.5,0.7009397457158653,0.1986660271644228,0.5799875340168493,9
28,2.75,15,0.5,0.699281370923162,0.19864030815038256,0.5799898227340742,9
22,2.5,20,0.4,0.7075983717774763,0.19846052101495001,0.5799906613533071,9
28,1.5,15,0.5,0.699281370923162,0.1986748441196209,0.5799925910145303,9
28,3.0,15,0.5,0.699281370923162,0.19863620838495763,0.579995947636712,9
28,1.0,15,0.5,0.699281370923162,0.1986954310260818,0.5800095996348973,9
28,1.0,30,0.5,0.699281370923162,0.1986954310260818,0.5800095996348973,9
28,1.0,10,0.5,0.699281370923162,0.1986954310260818,0.5800095996348973,9
28,1.0,20,0.5,0.699281370923162,0.1986954310260818,0.5800095996348973,9
28,1.0,25,0.5,0.699281370923162,0.1986954310260818,0.5800095996348973,9
20,2.75,30,0.4,0.7092567465701793,0.1983724795094539,0.580015099887613,9
22,2.25,20,0.4,0.7075983717774763,0.1984796046468268,0.5800214250038753,9
22,3.0,25,0.4,0.7059399969847732,0.1984592891773992,0.5800506272163036,9
22,2.0,20,0.4,0.7042816221920699,0.19849976092231725,0.5800545806920204,9
22,2.75,25,0.4,0.7059399969847732,0.19846917063072617,0.5800549429690851,9
22,2.5,25,0.4,0.7059399969847732,0.1984808684502531,0.5800635704813296,9
22,2.25,25,0.4,0.7042816221920699,0.19849442253876903,0.5800766134328499,9
28,1.5,30,0.5,0.7009397457158653,0.1986940843838438,0.5800857395344292,9
22,1.75,20,0.4,0.7026232473993668,0.19852100954834606,0.5800901716568698,9
22,2.0,25,0.4,0.7026232473993669,0.1985098739752516,0.58009418014719,9
22,1.75,25,0.4,0.7026232473993669,0.1985272649809782,0.5801163836964149,9
22,1.5,20,0.4,0.7026232473993668,0.1985433707157791,0.5801282431616678,9
22,3.0,10,0.4,0.7026232473993668,0.1985408810045485,0.5801363893144109,9
20,3.0,30,0.4,0.7092567465701793,0.19841347528271566,0.5801413971865506,9
22,1.5,25,0.4,0.7026232473993668,0.1985466388746082,0.5801433419918571,9
22,2.75,10,0.4,0.7026232473993668,0.1985464382735173,0.5801440261080032,9
22,2.5,10,0.4,0.7026232473993668,0.19855221145860924,0.5801521729491897,9
28,1.75,30,0.5,0.7009397457158653,0.19870585318578698,0.5801570085146248,9
22,2.25,10,0.4,0.7026232473993668,0.19855820276732264,0.5801608340596617,9
22,2.0,10,0.4,0.7026232473993668,0.19856441448308854,0.580170013912556,9
22,3.0,15,0.4,0.7059399969847732,0.19853921474825403,0.5801729092584398,9
22,2.75,15,0.4,0.7059399969847732,0.19854385380854334,0.5801736036318643,9
22,2.5,15,0.4,0.7059399969847732,0.19854902275169947,0.5801754754976065,9
22,2.25,15,0.4,0.7042816221920699,0.1985547275290556,0.5801785343034981,9
22,1.75,10,0.4,0.7026232473993668,0.1985708489651447,0.5801797172339767,9
22,2.0,15,0.4,0.7026232473993668,0.19856097432751416,0.5801827902857792,9
22,1.75,15,0.4,0.7026232473993668,0.19856776957029412,0.5801882544843288,9
22,1.5,10,0.4,0.7026232473993668,0.19857750864837462,0.5801899490043662,9
22,1.5,15,0.4,0.7026232473993668,0.19857511991689192,0.5801949387558664,9
22,1.0,15,0.4,0.7026232473993668,0.1985915137348918,0.5802120190926288,9
22,1.0,10,0.4,0.7026232473993668,0.1985915137348918,0.5802120190926288,9
22,1.0,25,0.4,0.7026232473993668,0.1985915137348918,0.5802120190926288,9
22,1.0,20,0.4,0.7026232473993668,0.1985915137348918,0.5802120190926288,9
22,1.0,30,0.4,0.7026232473993668,0.1985915137348918,0.5802120190926288,9
28,2.0,30,0.5,0.7025981205085683,0.19872565398797926,0.5802495574292632,9
15,3.0,20,0.3,0.7092567465701795,0.19821073927219912,0.5803166045224852,9
15,2.75,20,0.3,0.7075983717774763,0.1982201728627812,0.5803303315343612,9
22,1.5,30,0.4,0.7059399969847732,0.1986196487223863,0.5803388201150177,9
15,2.5,20,0.3,0.7059399969847732,0.19823003879956191,0.5803449605351342,9
15,2.25,20,0.3,0.7059399969847732,0.19824034333257406,0.5803605044681865,9
35,3.0,25,0.6,0.6975978692396603,0.19873037371839677,0.580361085580344,9
28,2.25,30,0.5,0.7025981205085683,0.19875329656358262,0.5803627876027682,9
35,2.75,25,0.6,0.6975978692396603,0.19874712036525632,0.5803708266039234,9
15,2.0,20,0.3,0.7059399969847732,0.19825109283851491,0.5803769766789357,9
35,2.5,25,0.6,0.6975978692396603,0.1987687942088578,0.5803938949301864,9
15,1.75,20,0.3,0.7059399969847732,0.1982622938190924,0.5803943909185496,9
15,3.0,10,0.3,0.7059399969847732,0.19826812050246187,0.5804035019440436,9
15,2.75,10,0.3,0.7059399969847732,0.1982716096483861,0.5804088840860181,9
15,1.5,20,0.3,0.7059399969847732,0.19827395289895905,0.5804127613468838,9
15,2.5,10,0.3,0.7059399969847732,0.1982751914995268,0.5804144726469747,9
15,2.25,10,0.3,0.7059399969847732,0.19827886680177884,0.5804202691796416,9
22,1.75,30,0.4,0.7059399969847732,0.19864159836862852,0.5804221879579801,9
15,2.0,10,0.3,0.7059399969847732,0.19828263631918924,0.5804262752895446,9
35,2.25,25,0.6,0.6975978692396603,0.19879551152277766,0.5804305836718339,9
15,3.0,15,0.3,0.7042816221920699,0.1982707937373287,0.5804312849487137,9
15,2.75,15,0.3,0.7059399969847732,0.19827347365224582,0.5804322471735226,9
15,1.75,10,0.3,0.7059399969847732,0.19828650083392246,0.5804324926351012,9
15,2.5,15,0.3,0.7059399969847732,0.19827637930546566,0.5804336820172882,9
15,2.25,15,0.3,0.7059399969847732,0.19827951274899813,0.5804355930905059,9
15,2.0,15,0.3,0.7059399969847732,0.19828287608935746,0.5804379841626729,9
15,1.5,10,0.3,0.7059399969847732,0.1982904611462174,0.5804389229276876,9
15,1.75,15,0.3,0.7059399969847732,0.19828647148756642,0.5804408591636414,9
15,1.75,25,0.3,0.7042816221920699,0.1982804832924413,0.5804440063229153,9
15,1.5,15,0.3,0.7059399969847732,0.19829030115906404,0.5804442221847173,9
15,1.5,25,0.3,0.7059399969847732,0.19828569751163092,0.5804448890364865,9
15,2.0,25,0.3,0.7026232473993669,0.19827609827581533,0.5804449990106431,9
15,2.25,25,0.3,0.7026232473993669,0.198272528104365,0.5804478312114101,9
15,1.0,30,0.3,0.7059399969847732,0.19829867245449348,0.5804524294644535,9
15,1.0,25,0.3,0.7059399969847732,0.19829867245449348,0.5804524294644535,9
15,1.0,20,0.3,0.7059399969847732,0.19829867245449348,0.5804524294644535,9
15,1.0,15,0.3,0.7059399969847732,0.19829867245449348,0.5804524294644535,9
15,1.0,10,0.3,0.7059399969847732,0.19829867245449348,0.5804524294644535,9
15,2.5,25,0.3,0.7026232473993669,0.19826975872146452,0.5804524680717824,9
35,3.0,20,0.6,0.6959394944469571,0.19877580551269192,0.5804555393174597,9
15,2.75,25,0.3,0.7042816221920699,0.1982677763758841,0.5804588757594207,9
15,3.0,25,0.3,0.7042816221920699,0.19826656762523587,0.5804670214477041,9
35,2.75,20,0.6,0.6959394944469571,0.19879470551808545,0.5804755176089629,9
35,2.0,25,0.6,0.6959394944469571,0.19882739396314056,0.5804812145060804,9
28,2.5,30,0.5,0.7042816221920699,0.1987885965872575,0.5804961318141848,9
35,2.5,20,0.6,0.6959394944469571,0.19881643146887754,0.5805029946428714,9
22,2.0,30,0.4,0.7042816221920699,0.19866866220236284,0.5805184399646717,9
35,2.25,20,0.6,0.6959394944469571,0.19884103479934245,0.580538048598789,9
35,1.75,25,0.6,0.6959394944469571,0.19886456838502195,0.580546138795083,9
30,3.0,20,0.5,0.6976229961304589,0.19886381284543572,0.5805502367807747,9
30,3.0,25,0.5,0.699281370923162,0.19885879437713735,0.5805765288266758,9
35,2.0,20,0.6,0.6959394944469571,0.1988685694396891,0.5805807707459486,9
30,2.75,20,0.5,0.6976229961304589,0.19888640826492662,0.580584460415039,9
15,1.5,30,0.3,0.7042816221920699,0.1983416967069513,0.5805859989650488,9
30,2.75,25,0.5,0.699281370923162,0.1988765193252495,0.5805926086161761,9
30,2.5,25,0.5,0.699281370923162,0.19889766297516315,0.5806173070129936,9
30,2.5,20,0.5,0.699281370923162,0.19891094429594325,0.5806233689776925,9
35,1.5,25,0.6,0.6959394944469571,0.19890716655175153,0.5806257386188461,9
22,2.25,30,0.4,0.7075983717774762,0.1987007382148567,0.5806272718848751,9
35,1.75,20,0.6,0.6959394944469571,0.1988990917649676,0.5806312659570099,9
28,2.75,30,0.5,0.7026232473993669,0.19883137589045374,0.5806490531714238,9
30,2.25,25,0.5,0.699281370923162,0.19892230726426666,0.5806508434184307,9
15,1.75,30,0.3,0.7042816221920699,0.19836702097946543,0.5806618767760086,9
30,2.25,20,0.5,0.699281370923162,0.19893745850223213,0.5806670364832871,9
35,1.5,20,0.6,0.6959394944469571,0.1989326605065984,0.5806896531747276,9
30,2.0,25,0.5,0.7009397457158653,0.1989505371680955,0.5806934515528279,9
30,2.0,20,0.5,0.699281370923162,0.19896598981684774,0.5807155432532857,9
15,2.0,30,0.3,0.7092567465701793,0.1983948355017208,0.5807436768189551,9
30,1.75,25,0.5,0.7009397457158653,0.1989824405647679,0.5807453798998092,9
22,2.5,30,0.4,0.705939996984773,0.1987377272415659,0.5807483920870141,9
30,1.75,20,0.5,0.699281370923162,0.1989965784964832,0.5807689761094693,9
30,1.5,25,0.5,0.699281370923162,0.1990181080461682,0.5808068920946646,9
35,2.0,10,0.6,0.6959394944469571,0.19898371495955725,0.5808168067890397,9
35,2.25,10,0.6,0.6959394944469571,0.19897889056825044,0.5808176633112231,9
35,1.75,10,0.6,0.6959394944469571,0.19898915032229184,0.5808176711609352,9
35,2.5,10,0.6,0.6959394944469571,0.19897467157578153,0.5808202369945819,9
35,1.5,10,0.6,0.6959394944469571,0.19899520257180545,0.580820261824373,9
28,3.0,30,0.5,0.7009648726066637,0.1988814626349145,0.5808210439443279,9
35,2.75,10,0.6,0.6959394944469571,0.19897105274881446,0.5808245257426946,9
30,1.5,20,0.5,0.6976229961304589,0.19902926605713026,0.5808274285393699,9
35,3.0,10,0.6,0.6959394944469571,0.1989680291917531,0.5808305290716355,9
35,1.0,15,0.6,0.6959394944469571,0.1990091831424393,0.580830652137843,9
35,1.0,30,0.6,0.6959394944469571,0.1990091831424393,0.580830652137843,9
35,1.0,20,0.6,0.6959394944469571,0.1990091831424393,0.580830652137843,9
35,1.0,10,0.6,0.6959394944469571,0.1990091831424393,0.580830652137843,9
35,1.0,25,0.6,0.6959394944469571,0.1990091831424393,0.580830652137843,9
35,1.5,15,0.6,0.6959394944469571,0.1989903264757269,0.5808306741334088,9
15,2.25,30,0.3,0.7075983717774762,0.19842510297525315,0.5808312981378677,9
35,1.75,15,0.6,0.6959394944469571,0.19898323157515335,0.5808366020374272,9
35,1.5,30,0.6,0.6959394944469571,0.19897567613705125,0.5808393755858714,9
35,2.0,15,0.6,0.6959394944469571,0.19897766743652406,0.5808464471520048,9
35,2.25,15,0.6,0.6959394944469571,0.19897361692533458,0.5808601963843533,9
35,2.5,15,0.6,0.6959394944469571,0.19897106410908735,0.5808778423922251,9
22,2.75,30,0.4,0.705939996984773,0.19877953301962561,0.5808815211880497,9
30,3.0,10,0.5,0.699281370923162,0.19903931427433044,0.5808842468456741,9
30,2.75,10,0.5,0.6976229961304589,0.19904563508701195,0.5808901418115833,9
35,1.75,30,0.6,0.6926227448615507,0.19897753056949907,0.5808962518932579,9
30,2.5,10,0.5,0.6976229961304589,0.1990523481589722,0.5808970370513951,9
35,2.75,15,0.6,0.6959394944469571,0.19896999424698886,0.5808993833935858,9
30,2.25,10,0.5,0.6976229961304589,0.1990594576285774,0.5809049384601328,9
30,2.0,10,0.5,0.6959646213377557,0.1990669678324234,0.5809138527228772,9
30,1.75,10,0.5,0.6959646213377557,0.19907488330513934,0.5809237873233294,9
15,2.5,30,0.3,0.7059399969847732,0.19845778697493477,0.5809246428175753,9
35,3.0,15,0.6,0.6959394944469571,0.19897039377532458,0.5809248229668909,9
30,2.25,15,0.5,0.699281370923162,0.1990529665247827,0.5809302705858039,9
30,2.0,15,0.5,0.699281370923162,0.19906053748499836,0.5809313594061651,9
30,2.5,15,0.5,0.699281370923162,0.19904639887176653,0.5809315532900698,9
30,1.5,10,0.5,0.6959646213377557,0.19908320877947636,0.5809347505527069,9
30,1.75,15,0.5,0.699281370923162,0.19906912402543347,0.5809348362009096,9
30,2.75,15,0.5,0.6976229961304589,0.1990408229067551,0.5809351937196894,9
30,1.5,15,0.5,0.6976229961304589,0.1990787390736043,0.5809407201431329,9
30,3.0,15,0.5,0.6976229961304589,0.19903622766069282,0.5809411806458764,9
30,1.0,30,0.5,0.6959646213377557,0.1991011096572117,0.5809598001562984,9
30,1.0,15,0.5,0.6959646213377557,0.1991011096572117,0.5809598001562984,9
30,1.0,10,0.5,0.6959646213377557,0.1991011096572117,0.5809598001562984,9
30,1.0,20,0.5,0.6959646213377557,0.1991011096572117,0.5809598001562984,9
30,1.0,25,0.5,0.6959646213377557,0.1991011096572117,0.5809598001562984,9
35,2.0,30,0.6,0.6959394944469571,0.19899135515254956,0.5809866494057747,9
15,2.75,30,0.3,0.7075983717774762,0.1984928519487527,0.5810236159151752,9
22,3.0,30,0.4,0.705939996984773,0.1988260622234553,0.5810263916687362,9
30,1.5,30,0.5,0.7009397457158653,0.19909989117918003,0.5810440778294451,9
35,2.25,30,0.6,0.6975978692396603,0.19901683502371043,0.5811095421477963,9
30,1.75,30,0.5,0.7009397457158653,0.19911314164407534,0.5811233857733373,9
15,3.0,30,0.3,0.7075983717774762,0.19853026321515335,0.5811281253898178,9
25,3.0,20,0.4,0.7026232473993669,0.1989988580181571,0.5811537472885648,9
25,2.75,20,0.4,0.7026232473993669,0.1990190824632618,0.5811859594223701,9
25,2.5,20,0.4,0.7026232473993669,0.19904053458859314,0.5812209236357435,9
30,2.0,30,0.5,0.7025981205085683,0.1991353405670328,0.5812265026604968,9
25,2.25,20,0.4,0.7009648726066637,0.19906323738258835,0.5812586892777377,9
35,2.5,30,0.6,0.7009146188250667,0.19905366579813932,0.5812639730799415,9
25,3.0,25,0.4,0.6993064978139606,0.19903332076229527,0.5812788368810334,9
25,2.75,25,0.4,0.6993064978139606,0.19904563928850605,0.5812860178491146,9
25,2.5,25,0.4,0.6993064978139606,0.19906015881813058,0.5812984589429083,9
25,2.0,20,0.4,0.6993064978139605,0.19908721447425826,0.5812993083808569,9
25,2.25,25,0.4,0.6993064978139606,0.19907692870849691,0.5813162930201012,9
25,2.0,25,0.4,0.6976481230212574,0.19909599977900086,0.5813396592400746,9
25,1.75,20,0.4,0.6993064978139605,0.1991124901098812,0.5813428357196874,9
30,2.25,30,0.5,0.7009397457158653,0.19916627640346832,0.5813527479986169,9
25,1.75,25,0.4,0.6993064978139605,0.1991174242477926,0.5813687032127759,9
25,1.5,20,0.4,0.6993064978139605,0.19913908912280157,0.5813893288579146,9
40,2.5,25,0.7,0.694281119654254,0.19885756721515166,0.5813916148033201,9
40,2.75,25,0.7,0.694281119654254,0.1988459583573309,0.5813986579622176,9
25,3.0,10,0.4,0.6993064978139605,0.19913660097700608,0.5814014622252608,9
25,1.5,25,0.4,0.6993064978139605,0.19914125564887156,0.5814035771234887,9
40,2.25,25,0.7,0.694281119654254,0.19887611477308337,0.5814051199795363,9
25,2.75,10,0.4,0.6993064978139605,0.19914321201234897,0.5814107199216912,9
25,2.5,10,0.4,0.6993064978139605,0.1991500627881792,0.5814205354887263,9
40,3.0,25,0.7,0.694281119654254,0.19884114218249943,0.5814259501347918,9
25,2.25,10,0.4,0.6993064978139605,0.19915715598976919,0.5814309140757362,9
40,2.0,25,0.7,0.6959394944469571,0.19890175495722665,0.5814395247804173,9
25,3.0,15,0.4,0.7026232473993669,0.1991343533022688,0.5814418203886844,9
25,2.0,10,0.4,0.6993064978139605,0.1991644944019311,0.5814418611787477,9
25,2.75,15,0.4,0.7026232473993669,0.1991399267881845,0.5814432448178863,9
25,2.5,15,0.4,0.7009648726066637,0.19914610746940145,0.5814460102480901,9
35,2.75,30,0.6,0.6992562440323635,0.19910155433234752,0.5814490511248803,9
25,2.25,15,0.4,0.6993064978139605,0.19915290240083838,0.5814501276613357,9
25,1.75,10,0.4,0.6993064978139605,0.19917208090868282,0.5814533826426369,9
25,2.0,15,0.4,0.6993064978139605,0.19916031894585365,0.5814556091357521,9
25,1.75,15,0.4,0.6993064978139605,0.19916836477676939,0.581462467871342,9
25,1.5,10,0.4,0.6993064978139605,0.19917991849289018,0.5814654846631433,9
25,1.5,15,0.4,0.6993064978139605,0.19917704787411064,0.5814707182125602,9
25,1.0,30,0.4,0.6993064978139605,0.19919635931707097,0.5814914569220432,9
25,1.0,10,0.4,0.6993064978139605,0.19919635931707097,0.5814914569220432,9
25,1.0,25,0.4,0.6993064978139605,0.19919635931707097,0.5814914569220432,9
25,1.0,20,0.4,0.6993064978139605,0.19919635931707097,0.5814914569220432,9
25,1.0,15,0.4,0.6993064978139605,0.19919635931707097,0.5814914569220432,9
40,1.75,25,0.7,0.6959394944469571,0.1989346495022798,0.5814952350216789,9
30,2.5,30,0.5,0.699281370923162,0.19920574383608008,0.5815014777705888,9
40,1.5,25,0.7,0.6942811196542541,0.19897496769462136,0.5815727135299587,9
40,2.5,20,0.7,0.694281119654254,0.19893455041572616,0.5816140307665061,9
40,2.25,20,0.7,0.6959394944469571,0.19894819005715983,0.5816141679622971,9
40,2.75,20,0.7,0.6959394944469571,0.19892489878235275,0.5816257301445751,9
40,2.0,20,0.7,0.6942811196542541,0.19896588193580547,0.5816261927856214,9
25,1.5,30,0.4,0.7009648726066636,0.19922694833028293,0.5816372403558194,9
40,3.0,20,0.7,0.6959394944469571,0.1989191747008191,0.5816492399201467,9
40,1.75,20,0.7,0.6942811196542541,0.19898769405676875,0.581650182367003,9
35,3.0,30,0.6,0.6992562440323635,0.19916021925358954,0.5816639481485559,9
30,2.75,30,0.5,0.7026232473993669,0.19925354417480026,0.5816720831516907,9
40,1.5,20,0.7,0.6942811196542541,0.1990136981525936,0.5816862410651519,9
40,1.5,30,0.7,0.694281119654254,0.19902154793900323,0.5817296466078905,9
25,1.75,30,0.4,0.7009648726066637,0.19925197535941935,0.5817350594789981,9
40,1.75,30,0.7,0.694281119654254,0.19901705819174512,0.5817690739292227,9
40,1.0,25,0.7,0.6925976179707525,0.1990785872132575,0.5817951259210729,9
40,1.0,10,0.7,0.6925976179707525,0.1990785872132575,0.5817951259210729,9
40,1.0,20,0.7,0.6925976179707525,0.1990785872132575,0.5817951259210729,9
40,1.0,30,0.7,0.6925976179707525,0.1990785872132575,0.5817951259210729,9
40,1.0,15,0.7,0.6925976179707525,0.1990785872132575,0.5817951259210729,9
40,1.5,10,0.7,0.6925976179707525,0.19907684499212744,0.5818226143120625,9
40,1.75,10,0.7,0.6925976179707525,0.1990773283695474,0.5818406956663158,9
40,1.5,15,0.7,0.6942811196542541,0.1990737153354886,0.5818441890317113,9
25,2.0,30,0.4,0.6993064978139605,0.19928331582330042,0.5818489377206417,9
40,2.0,30,0.7,0.6959394944469571,0.19902799081816477,0.5818545511594864,9
40,2.0,10,0.7,0.6925976179707525,0.19907870703416702,0.5818616766509233,9
30,3.0,30,0.5,0.7026232473993669,0.1993094856440867,0.581863989170116,9
40,1.75,15,0.7,0.6942811196542541,0.1990746040703095,0.5818781724909984,9
40,2.25,10,0.7,0.6925976179707525,0.19908097588591744,0.5818855675626315,9
40,2.5,10,0.7,0.6925976179707525,0.19908413033656774,0.5819123819011393,9
40,2.0,15,0.7,0.6942811196542541,0.19907768140723736,0.5819184628963564,9
40,2.75,10,0.7,0.6925976179707525,0.199088166295488,0.5819421362959641,9
40,2.25,15,0.7,0.6942811196542541,0.19908292892817805,0.5819650792414044,9
20,3.0,20,0.3,0.7009648726066637,0.19910935494276244,0.5819693837807141,9
40,3.0,10,0.7,0.6925976179707525,0.19909308016420246,0.5819748504531418,9
25,2.25,30,0.4,0.7026232473993669,0.19932084235302117,0.5819784778667383,9
40,2.25,30,0.7,0.694281119654254,0.19905391460895347,0.5819846924219958,9
20,2.75,20,0.3,0.6993064978139605,0.1991238466838963,0.5819916242448826,9
20,2.5,20,0.3,0.7009648726066636,0.19913901605969786,0.5820152884482571,9
40,2.5,15,0.7,0.6942811196542541,0.19909033013476332,0.5820180517725091,9
20,2.25,20,0.3,0.7009648726066636,0.1991548744188663,0.5820404011859532,9
20,2.0,20,0.3,0.7009648726066636,0.1991714333593466,0.5820669881874648,9
40,2.75,15,0.7,0.6942811196542541,0.19909987040821187,0.5820774215465395,9
20,1.75,20,0.3,0.7026232473993668,0.1991887047207995,0.5820950761293154,9
20,3.0,10,0.3,0.6993064978139605,0.19920025699738575,0.5821174555968345,9
25,2.5,30,0.4,0.7026232473993668,0.1993644308779004,0.5821232998868004,9
20,1.5,20,0.3,0.7026232473993668,0.19920670057529793,0.5821246926445175,9
20,2.75,10,0.3,0.6993064978139605,0.19920538639388044,0.5821253734546635,9
20,2.5,10,0.3,0.7009648726066636,0.1992106423677581,0.582133564842756,9
20,2.25,10,0.3,0.7009648726066636,0.19921602627661678,0.5821420326311268,9
40,3.0,15,0.7,0.6942811196542541,0.19911153697009962,0.5821432399909447,9
20,2.25,25,0.3,0.7009648726066636,0.1991911690337003,0.5821479557282392,9
20,2.5,25,0.3,0.7009648726066636,0.19918444040306643,0.5821490992247966,9
20,2.0,25,0.3,0.7009648726066636,0.19919920339008879,0.5821498113914392,9
20,2.0,10,0.3,0.7009648726066636,0.19922153951796018,0.5821507798141005,9
20,3.0,15,0.3,0.6993064978139605,0.19920202701180262,0.5821519285639142,9
20,2.75,25,0.3,0.7009648726066636,0.19917899261397615,0.5821531758820213,9
20,2.75,15,0.3,0.6993064978139605,0.19920621605836009,0.5821541015098467,9
20,1.75,25,0.3,0.7009648726066636,0.19920856892534264,0.5821547345132374,9
20,2.5,15,0.3,0.6993064978139605,0.19921073253597385,0.5821569505568351,9
40,2.5,30,0.7,0.6975978692396603,0.1990944137708786,0.5821582321050816,9
20,1.75,10,0.3,0.7026232473993668,0.19922718352903196,0.5821598095105769,9
20,3.0,25,0.3,0.7026232473993668,0.19917480136934496,0.582160121961384,9
20,2.25,15,0.3,0.6993064978139605,0.19921558000541575,0.5821604820761922,9
20,1.5,25,0.3,0.7026232473993668,0.19921929163829055,0.5821627957246562,9
20,2.0,15,0.3,0.6993064978139605,0.1992207621460506,0.5821647028205077,9
20,1.5,10,0.3,0.7026232473993668,0.1992329597866248,0.582169124964209,9
20,1.75,15,0.3,0.7009648726066636,0.19922628275577636,0.5821696199294379,9
20,1.5,15,0.3,0.7009648726066636,0.19923214575060214,0.5821752409345748,9
20,1.0,30,0.3,0.7026232473993668,0.19924491514496012,0.5821886267417544,9
20,1.0,15,0.3,0.7026232473993668,0.19924491514496012,0.5821886267417544,9
20,1.0,10,0.3,0.7026232473993668,0.19924491514496012,0.5821886267417544,9
20,1.0,25,0.3,0.7026232473993668,0.19924491514496012,0.5821886267417544,9
20,1.0,20,0.3,0.7026232473993668,0.19924491514496012,0.5821886267417544,9
25,2.75,30,0.4,0.7026232473993668,0.1994139607770493,0.5822830404393292,9
20,1.5,30,0.3,0.7059399969847732,0.19929955882957134,0.5823707041524915,9
40,2.75,30,0.7,0.6959394944469571,0.19914908899668943,0.5823740183432334,9
25,3.0,30,0.4,0.7009648726066637,0.19946931498997877,0.582457352348593,9
28,3.0,20,0.4,0.7009648726066637,0.1995896020471078,0.5824581837559832,9
20,1.75,30,0.3,0.7059399969847732,0.1993331509235928,0.5824770909274015,9
28,2.75,20,0.4,0.7009648726066637,0.19961315906047739,0.5824971851441888,9
28,2.5,20,0.4,0.7009648726066637,0.19963815314548208,0.5825394221737006,9
28,2.25,20,0.4,0.7009648726066637,0.19966461193312124,0.582584955570434,9
20,2.0,30,0.3,0.7059399969847732,0.19937083279086976,0.5825934361072056,9
28,3.0,25,0.4,0.7009648726066637,0.1996249610423078,0.5825937792438827,9
28,2.75,25,0.4,0.7009648726066637,0.19963970763228986,0.5826042729155417,9
28,2.5,25,0.4,0.7009648726066637,0.19965707938849336,0.5826210813740571,9
40,3.0,30,0.7,0.6975978692396603,0.19921755816357486,0.5826310066475844,9
28,2.0,20,0.4,0.6993064978139605,0.1996925637991552,0.5826338495520912,9
28,2.25,25,0.4,0.7026232473993669,0.19967713599082312,0.5826443710238116,9
28,2.0,25,0.4,0.7009648726066637,0.19969993882569956,0.5826743164281072,9
28,1.75,20,0.4,0.6993064978139605,0.19972203782167003,0.5826861719125168,9
28,1.75,25,0.4,0.7009648726066637,0.19972555087706845,0.5827111005019607,9
20,2.25,30,0.3,0.7059399969847732,0.19941253841011117,0.5827195431161407,9
28,1.5,20,0.4,0.7009648726066636,0.1997530637270562,0.5827419940879708,9
22,3.0,20,0.3,0.7042816221920699,0.19949883056589926,0.5827435814356661,9
28,1.5,25,0.4,0.7009648726066636,0.19975403658530963,0.5827549146669575,9
28,3.0,10,0.4,0.7009648726066637,0.19975077901752886,0.5827591973927289,9
22,2.75,20,0.3,0.7026232473993668,0.199515535536405,0.5827699082787435,9
28,2.75,10,0.4,0.7009648726066637,0.1997584692275252,0.582770187042561,9
28,2.5,10,0.4,0.7009648726066637,0.1997664239863415,0.582781782201459,9
28,2.25,10,0.4,0.7026232473993668,0.19977464644509407,0.5827939889688596,9
22,2.5,20,0.3,0.7026232473993668,0.19953303124805205,0.5827979032320529,9
28,3.0,15,0.4,0.7009648726066637,0.1997477904660207,0.5828025174597481,9
28,2.75,15,0.4,0.7009648726066637,0.1997543323899279,0.5828048665436687,9
28,2.0,10,0.4,0.7026232473993668,0.19978313987553695,0.5828068138947287,9
28,2.5,15,0.4,0.7009648726066637,0.1997615630508894,0.5828087274305145,9
28,2.25,15,0.4,0.6993064978139605,0.19976949059638485,0.5828141125935145,9
28,1.75,10,0.4,0.7009648726066636,0.19979190766917757,0.582820263982102,9
28,2.0,15,0.4,0.7009648726066636,0.19977812354944055,0.5828210359476954,9
22,2.25,20,0.3,0.7026232473993668,0.19955133151419382,0.5828275971459393,9
28,1.75,15,0.4,0.7009648726066636,0.19978747080749734,0.5828295128888779,9
28,1.5,10,0.4,0.7009648726066636,0.19980095333643189,0.5828343466895128,9
28,1.5,15,0.4,0.7009648726066636,0.19979754163933594,0.5828395603280874,9
20,2.5,30,0.3,0.7059399969847732,0.19945820324124897,0.5828552221306658,9
22,2.0,20,0.3,0.7026232473993668,0.19957045044653704,0.5828590220863983,9
28,1.0,20,0.4,0.7009648726066636,0.19981989292320726,0.5828644420896977,9
28,1.0,10,0.4,0.7009648726066636,0.19981989292320726,0.5828644420896977,9
28,1.0,30,0.4,0.7009648726066636,0.19981989292320726,0.5828644420896977,9
28,1.0,25,0.4,0.7009648726066636,0.19981989292320726,0.5828644420896977,9
28,1.0,15,0.4,0.7009648726066636,0.19981989292320726,0.5828644420896977,9
22,1.75,20,0.3,0.7026232473993668,0.19959040244260712,0.5828922113534718,9
22,3.0,10,0.3,0.7026232473993668,0.19960476327984203,0.5829217997519076,9
22,1.5,20,0.3,0.7026232473993668,0.1996112021703655,0.5829271994946873,9
22,2.75,10,0.3,0.7026232473993668,0.19961058817249916,0.5829308359455108,9
35,3.0,20,0.5,0.6942811196542541,0.1998501706440699,0.5829393388283501,9
22,2.5,10,0.3,0.7026232473993668,0.19961655403830134,0.5829401728763054,9
22,2.5,25,0.3,0.705939996984773,0.1995800311733414,0.5829405912900699,9
22,2.25,25,0.3,0.7026232473993668,0.1995886293148816,0.5829417224092688,9
22,2.75,25,0.3,0.7075983717774762,0.19957294658652192,0.5829429497377258,9
40,3.0,25,0.6,0.6926227448615508,0.19972023847017797,0.5829440406409537,9
22,2.0,25,0.3,0.7026232473993668,0.1995987712640283,0.5829464256864949,9
22,3.0,25,0.3,0.7075983717774762,0.19956734600076106,0.5829487180787086,9
22,2.25,10,0.3,0.7026232473993668,0.1996226625126737,0.5829498140370244,9
22,1.75,25,0.3,0.7026232473993668,0.19961048794233413,0.5829547866816323,9
22,3.0,15,0.3,0.7009648726066637,0.19960590599068329,0.5829581192264394,9
40,2.75,25,0.6,0.6926227448615508,0.19973942784226,0.5829588040683096,9
22,2.0,10,0.3,0.7026232473993668,0.1996289152809901,0.5829597630821097,9
22,2.75,15,0.3,0.7009648726066637,0.1996107608405952,0.5829609615810942,9
22,2.5,15,0.3,0.7009648726066637,0.19961598754654344,0.5829645679971424,9
22,1.5,25,0.3,0.7026232473993668,0.19962381090160225,0.5829668939638002,9
22,2.25,15,0.3,0.7009648726066637,0.19962159035247712,0.5829689461464898,9
22,1.75,10,0.3,0.7026232473993668,0.19963531407827315,0.5829700238280301,9
35,3.0,25,0.5,0.6976229961304589,0.19984426278875211,0.5829700250644385,9
22,2.0,15,0.3,0.7009648726066637,0.19962757365013895,0.5829741042010439,9
22,1.75,15,0.3,0.7009648726066637,0.1996339419787353,0.5829800508416221,9
22,1.5,10,0.3,0.7026232473993668,0.19964186068886303,0.5829806002534781,9
35,2.75,20,0.5,0.6959646213377557,0.19987777060619855,0.5829847803745669,9
22,1.5,15,0.3,0.7009648726066637,0.19964070002405873,0.5829867952654901,9
40,2.5,25,0.6,0.694281119654254,0.1997644916307869,0.5829896073456992,9
35,2.75,25,0.5,0.6959646213377557,0.19986552378120828,0.5829923070990476,9
20,2.75,30,0.3,0.7026232473993669,0.19950776426328448,0.5830002899230764,9
22,1.0,20,0.3,0.7026232473993668,0.19965540473169016,0.5830027168691455,9
22,1.0,10,0.3,0.7026232473993668,0.19965540473169016,0.5830027168691455,9
22,1.0,15,0.3,0.7026232473993668,0.19965540473169016,0.5830027168691455,9
22,1.0,30,0.3,0.7026232473993668,0.19965540473169016,0.5830027168691455,9
22,1.0,25,0.3,0.7026232473993668,0.19965540473169016,0.5830027168691455,9
35,2.5,25,0.5,0.6959646213377557,0.19989103813771233,0.5830254086477582,9
28,1.5,30,0.4,0.6993064978139605,0.19985300947525028,0.5830293614586067,9
35,2.5,20,0.5,0.6976229961304589,0.19990771637922122,0.5830359322318028,9
40,2.25,25,0.6,0.694281119654254,0.19979555798512197,0.5830367852466269,9
40,3.0,20,0.6,0.6909643700688477,0.1997670132029113,0.583045100247372,9
35,2.25,25,0.5,0.6926478717523493,0.19992090541970758,0.5830696106430034,9
40,2.75,20,0.6,0.6909643700688477,0.19978997676567312,0.5830745464843843,9
35,2.25,20,0.5,0.6976229961304589,0.1999400524723503,0.5830928831497048,9
40,2.0,25,0.6,0.694281119654254,0.1998327606926144,0.5831007083316256,9
40,2.5,20,0.6,0.6926227448615507,0.19981622203191526,0.5831128028092114,9
35,2.0,25,0.5,0.6976229961304589,0.19995522865711413,0.5831252133068276,9
28,1.75,30,0.4,0.6993064978139605,0.1998813427840903,0.5831422639685665,9
20,3.0,30,0.3,0.7042816221920699,0.19956116000158083,0.5831545696964581,9
35,2.0,20,0.5,0.6976229961304589,0.19997482491767235,0.5831557303742856,9
40,2.25,20,0.6,0.6926227448615507,0.19984580271007418,0.5831599415837627,9
40,1.75,25,0.6,0.694281119654254,0.19987623878770341,0.5831817841416523,9
35,1.75,25,0.5,0.6976229961304589,0.1999941140680213,0.5831925367013318,9
22,1.5,30,0.3,0.7059399969847732,0.1997140317312175,0.5832031230772858,9
40,2.0,20,0.6,0.6926227448615507,0.19987877501708728,0.5832160515124759,9
35,1.75,20,0.5,0.6959646213377557,0.20001208115464675,0.5832245799145449,9
35,1.5,25,0.5,0.6976229961304589,0.20003767068143377,0.5832719211853976,9
28,2.0,30,0.4,0.6976481230212573,0.1999173127081214,0.5832747487509733,9
40,1.5,25,0.6,0.694281119654254,0.19992613598682352,0.5832804582579416,9
40,1.75,20,0.6,0.6926227448615507,0.19991519750747253,0.5832812382169115,9
35,1.5,20,0.5,0.6943062465450525,0.2000518698783688,0.5832995467637221,9
22,1.75,30,0.3,0.7042816221920699,0.1997507615439769,0.5833216396603516,9
40,1.5,20,0.6,0.6926227448615507,0.1999551308359396,0.5833556247436886,9
30,3.0,20,0.4,0.7009648726066637,0.19998993299366677,0.5833663815402261,9
35,3.0,10,0.5,0.699281370923162,0.2000625251469261,0.5833691987803348,9
35,2.75,10,0.5,0.6976229961304589,0.20007054801248733,0.583377700295061,9
35,2.5,10,0.5,0.6976229961304589,0.20007900915237317,0.5833872991633516,9
35,2.25,10,0.5,0.6976229961304589,0.20008791302516463,0.5833980012380172,9
35,2.0,10,0.5,0.6959646213377557,0.20009726430925096,0.5834098134180761,9
30,2.75,20,0.4,0.7009648726066637,0.20001573510660525,0.5834102232527999,9
35,1.75,10,0.5,0.6959646213377557,0.2001070678994654,0.5834227436551492,9
35,2.5,15,0.5,0.6959646213377557,0.20007229289538253,0.5834254173169948,9
35,2.25,15,0.5,0.6959646213377557,0.2000804945751905,0.5834256723788971,9
28,2.25,30,0.4,0.6943313734358509,0.19996076312148028,0.5834263101118228,9
35,2.75,15,0.5,0.6943062465450525,0.20006524324366382,0.5834278851686485,9
35,2.0,15,0.5,0.6959646213377557,0.2000898607182051,0.5834286622865731,9
35,3.0,15,0.5,0.6943062465450525,0.20005933394703912,0.5834330675147665,9
35,1.75,15,0.5,0.6959646213377557,0.2001004045126583,0.5834344026013464,9
35,1.5,10,0.5,0.6959646213377557,0.2001173289049282,0.5834368009621311,9
35,1.5,15,0.5,0.6959646213377557,0.20011213988631055,0.5834429126209044,9
22,2.0,30,0.3,0.7026232473993669,0.1997923264550431,0.5834520224317413,9
30,2.5,20,0.4,0.6993064978139606,0.2000431242106741,0.5834576503985853,9
35,1.0,10,0.5,0.6959646213377557,0.20013924466572208,0.5834683382128102,9
35,1.0,30,0.5,0.6959646213377557,0.20013924466572208,0.5834683382128102,9
35,1.0,25,0.5,0.6959646213377557,0.20013924466572208,0.5834683382128102,9
35,1.0,20,0.5,0.6959646213377557,0.20013924466572208,0.5834683382128102,9
35,1.0,15,0.5,0.6959646213377557,0.20013924466572208,0.5834683382128102,9
40,2.25,10,0.6,0.694281119654254,0.200006580479687,0.5835067848980002,9
40,2.5,10,0.6,0.694281119654254,0.200000733884387,0.5835071993143772,9
40,2.0,10,0.6,0.694281119654254,0.20001308525941297,0.5835082268607823,9
30,2.25,20,0.4,0.6993064978139605,0.2000721312889508,0.5835087322096371,9
30,3.0,25,0.4,0.6993064978139606,0.20002623374348663,0.5835093611013803,9
40,2.75,10,0.6,0.694281119654254,0.1999955412470397,0.5835094725293566,9
40,1.75,10,0.6,0.6926227448615507,0.20002025274931956,0.5835115247375523,9
40,3.0,10,0.6,0.694281119654254,0.19999099864773962,0.5835136089079277,9
40,1.5,10,0.6,0.6926227448615507,0.2000280877726823,0.583516680038544,9
30,2.75,25,0.4,0.6976481230212574,0.20004253214889742,0.583522191815387,9
40,1.5,15,0.6,0.6926227448615507,0.2000228350586718,0.5835279404256222,9
40,1.75,15,0.6,0.6926227448615507,0.2000139615268244,0.5835322044552658,9
40,1.0,10,0.6,0.6926227448615508,0.20004578123363806,0.5835325790565792,9
40,1.0,20,0.6,0.6926227448615508,0.20004578123363806,0.5835325790565792,9
40,1.0,25,0.6,0.6926227448615508,0.20004578123363806,0.5835325790565792,9
40,1.0,15,0.6,0.6926227448615508,0.20004578123363806,0.5835325790565792,9
40,1.0,30,0.6,0.6926227448615508,0.20004578123363806,0.5835325790565792,9
40,2.0,15,0.6,0.6926227448615507,0.20000679925172105,0.5835408432399991,9
30,2.5,25,0.4,0.6993064978139606,0.20006176171557405,0.5835421033246042,9
40,2.25,15,0.6,0.6926227448615507,0.20000133332591621,0.5835538555082258,9
40,1.5,30,0.6,0.6959394944469571,0.20001305314035203,0.5835569526076267,9
30,2.0,20,0.4,0.6976481230212573,0.20010278811609192,0.5835635419834171,9
30,2.25,25,0.4,0.6993064978139606,0.2000839895906271,0.5835692872278115,9
40,2.5,15,0.6,0.6926227448615507,0.1999975500199828,0.5835712471989021,9
35,1.5,30,0.5,0.7009397457158653,0.2001396892083356,0.5835753859801401,9
40,2.75,15,0.6,0.6909643700688477,0.19999543680877924,0.5835930312407495,9
22,2.25,30,0.3,0.7009648726066637,0.19983864658922557,0.5835940254892175,9
28,2.5,30,0.4,0.6926729986431479,0.20001154152299705,0.5835964649294941,9
30,2.0,25,0.4,0.7009648726066637,0.20010928475243941,0.5836039446191942,9
40,3.0,15,0.6,0.6909643700688477,0.19999498239287472,0.5836192273267434,9
30,1.75,20,0.4,0.6976481230212573,0.2001351271968773,0.5836221571848097,9
40,1.75,30,0.6,0.6975978692396603,0.20001948611322468,0.5836339554885018,9
30,1.75,25,0.4,0.6976481230212573,0.2001377178593261,0.5836462863054328,9
35,1.75,30,0.5,0.699281370923162,0.20015765753444645,0.5836770051753629,9
30,1.5,20,0.4,0.6976481230212573,0.2001691816888838,0.5836846595247305,9
30,1.5,25,0.4,0.6976481230212573,0.20016936105517547,0.5836965329732338,9
30,3.0,10,0.4,0.6993064978139605,0.20016713783378937,0.5837058353061718,9
30,2.75,10,0.4,0.6993064978139605,0.20017555400327552,0.5837180280418486,9
30,2.5,10,0.4,0.6993064978139605,0.20018425240685006,0.5837308594238756,9
30,2.25,10,0.4,0.6993064978139605,0.2001932364972977,0.5837443362022179,9
22,2.5,30,0.3,0.7009648726066637,0.19988964375474894,0.5837474116777612,9
30,3.0,15,0.4,0.7009648726066637,0.2001636127174068,0.5837507033395766,9
40,2.0,30,0.6,0.6992562440323635,0.20004059311302824,0.5837523042057584,9
30,2.75,15,0.4,0.7009648726066637,0.200170804287645,0.5837537528773167,9
30,2.5,15,0.4,0.7009648726066637,0.20017874230988753,0.5837584345038626,9
30,2.0,10,0.4,0.6993064978139605,0.20020250985889315,0.5837584656490306,9
30,2.25,15,0.4,0.6993064978139605,0.20018743567120115,0.5837647617026765,9
30,2.0,15,0.4,0.6993064978139605,0.2001968936713205,0.5837727496459109,9
30,1.75,10,0.4,0.6976229961304588,0.20021207620580284,0.5837732555609426,9
30,1.75,15,0.4,0.6993064978139605,0.2002071260189213,0.5837824152430215,9
28,2.75,30,0.4,0.694331373435851,0.20006949934515006,0.583784752038494,9
30,1.5,10,0.4,0.6976229961304588,0.20022193938061242,0.5837887142613646,9
30,1.5,15,0.4,0.6993064978139605,0.20021814282540742,0.5837937771838106,9
35,2.0,30,0.5,0.6976229961304589,0.20018708433197002,0.5838093798135839,9
30,1.0,10,0.4,0.6976229961304588,0.20024257221847483,0.583821673969139,9
30,1.0,30,0.4,0.6976229961304588,0.20024257221847483,0.583821673969139,9
30,1.0,15,0.4,0.6976229961304588,0.20024257221847483,0.583821673969139,9
30,1.0,25,0.4,0.6976229961304588,0.20024257221847483,0.583821673969139,9
30,1.0,20,0.4,0.6976229961304588,0.20024257221847483,0.583821673969139,9
40,2.25,30,0.6,0.6975978692396603,0.20007599199024487,0.5839107167403439,9
22,2.75,30,0.3,0.7009648726066637,0.19994524151906629,0.5839119523928543,9
35,2.25,30,0.5,0.6959646213377557,0.20022769708249075,0.5839715945870955,9
25,3.0,20,0.3,0.7042816221920699,0.200100644021501,0.5839885069320521,9
28,3.0,30,0.4,0.6959897482285542,0.2001344921918329,0.5839907315632769,9
30,1.5,30,0.4,0.7009648726066637,0.200277595728937,0.5839997762736996,9
25,2.75,20,0.3,0.7009648726066637,0.20012078157834728,0.5840215546252474,9
25,2.5,20,0.3,0.7009648726066637,0.20014189732898513,0.584056680652598,9
22,3.0,30,0.3,0.7009648726066637,0.20000536526741297,0.5840874273692215,9
25,2.25,20,0.3,0.7009648726066637,0.2001640093086721,0.5840939266254402,9
40,2.5,30,0.6,0.6975978692396603,0.20012531187493005,0.5841080005300614,9
30,1.75,30,0.4,0.6993064978139605,0.20030835226149493,0.5841232580023363,9
25,2.0,20,0.3,0.7009648726066637,0.20018713591305864,0.5841333358611881,9
35,2.5,30,0.5,0.6976229961304589,0.20027923009725657,0.5841627851184087,9
25,1.75,20,0.3,0.7009648726066637,0.20021129587331776,0.5841749534124258,9
25,2.75,25,0.3,0.7026232473993669,0.20018127449657108,0.5842108528500396,9
25,2.5,25,0.3,0.7009648726066637,0.20019092220930185,0.5842116514823823,9
25,3.0,25,0.3,0.7026232473993669,0.20017349081550753,0.5842143757210353,9
25,2.25,25,0.3,0.7009648726066637,0.20020247250448633,0.5842168796531042,9
25,3.0,10,0.3,0.6993064978139605,0.20023033130185697,0.5842172989290049,9
25,1.5,20,0.3,0.6993064978139605,0.20023650822593167,0.5842188260872746,9
25,2.0,25,0.3,0.7009648726066637,0.20021596478039128,0.5842266494654792,9
25,2.75,10,0.3,0.6993064978139605,0.2002372203473406,0.5842280900902416,9
25,2.5,10,0.3,0.6993064978139605,0.2002442737846633,0.5842392253684208,9
25,1.75,25,0.3,0.7009648726066637,0.20023143922301642,0.5842410771595195,9
25,2.25,10,0.3,0.6993064978139605,0.2002514936928853,0.5842507092914172,9
25,3.0,15,0.3,0.6976481230212573,0.2002303633061963,0.58425563249803,9
25,2.75,15,0.3,0.6976481230212573,0.2002362457292065,0.5842596221221874,9
25,1.5,25,0.3,0.7009648726066637,0.20024893673192679,0.5842602831617026,9
25,2.0,10,0.3,0.6993064978139605,0.20025888221584787,0.5842625466129203,9
25,2.5,15,0.3,0.6993064978139605,0.20024257213149055,0.5842645181814531,9
30,2.0,30,0.4,0.6976481230212574,0.20034769674374786,0.5842688645033419,9
25,2.25,15,0.3,0.6993064978139605,0.20024934787418544,0.5842703305486969,9
25,1.75,10,0.3,0.6993064978139605,0.2002664415614857,0.5842747423126827,9
25,2.0,15,0.3,0.6993064978139605,0.20025657850892584,0.5842770698043984,9
25,1.75,15,0.3,0.6993064978139605,0.20026426977638023,0.5842847472517823,9
25,1.5,10,0.3,0.6993064978139605,0.20027417400110503,0.5842873015966005,9
25,1.5,15,0.3,0.6993064978139605,0.20027242760384845,0.58429337492971,9
25,1.0,30,0.3,0.6993064978139605,0.20029016755978118,0.5843135328704329,9
25,1.0,15,0.3,0.6993064978139605,0.20029016755978118,0.5843135328704329,9
25,1.0,25,0.3,0.6993064978139605,0.20029016755978118,0.5843135328704329,9
25,1.0,10,0.3,0.6993064978139605,0.20029016755978118,0.5843135328704329,9
25,1.0,20,0.3,0.6993064978139605,0.20029016755978118,0.5843135328704329,9
40,2.75,30,0.6,0.6975978692396603,0.20018819477895794,0.5843430489966244,9
35,2.75,30,0.5,0.6943062465450525,0.20034142546880856,0.5843821363418618,9
30,2.25,30,0.4,0.6976481230212574,0.2003954515893428,0.5844360082798343,9
25,1.5,30,0.3,0.7026232473993668,0.20035447289175778,0.5845409723492038,9
40,3.0,30,0.6,0.694281119654254,0.20026429676721502,0.5846148379872391,9
30,2.5,30,0.4,0.6959897482285542,0.20045144298788536,0.5846241285167602,9
35,3.0,30,0.5,0.6926478717523494,0.20041403379322692,0.584628880774813,9
25,1.75,30,0.3,0.7026232473993668,0.2003959384381865,0.5846779580035624,9
25,2.0,30,0.3,0.6993064978139605,0.2004434715532465,0.5848299887003319,9
30,2.75,30,0.4,0.6976481230212574,0.20051550136215854,0.5848326903911649,9
25,2.25,30,0.3,0.7009648726066637,0.20049696853983112,0.5849967310514221,9
30,3.0,30,0.4,0.6976481230212574,0.2005874617258978,0.5850611843134651,9
25,2.5,30,0.3,0.7009648726066637,0.20055632761099484,0.5851778640442852,9
28,3.0,20,0.3,0.7026232473993669,0.20071553918873883,0.5853110495743505,9
28,2.75,20,0.3,0.7026232473993669,0.20073916971458539,0.5853513970017935,9
25,2.75,30,0.3,0.7026232473993669,0.20062144906130372,0.5853730787860827,9
28,2.5,20,0.3,0.699281370923162,0.2007639885233204,0.5853942897844877,9
28,2.25,20,0.3,0.7025981205085683,0.2007900185994065,0.5854397826311627,9
40,3.0,20,0.5,0.6893059952761447,0.20085718346553025,0.5854620471956848,9
28,2.0,20,0.3,0.7025981205085683,0.20081728332301774,0.5854879325220157,9
40,3.0,25,0.5,0.6909894969596462,0.2008543156172498,0.5855034842407703,9
40,2.75,20,0.5,0.6909643700688477,0.2008897691224996,0.5855200085873005,9
40,2.75,25,0.5,0.6909894969596462,0.2008783848782479,0.585531809336723,9
28,1.75,20,0.3,0.7042564953012714,0.20084580642437028,0.585538798749751,9
28,2.75,25,0.3,0.6959646213377556,0.20080277946858843,0.585556565337223,9
28,3.0,25,0.3,0.6959646213377556,0.20079286382030742,0.5855575138493543,9
28,2.5,25,0.3,0.6943062465450525,0.20081498696540534,0.5855609753382229,9
28,2.25,25,0.3,0.6943062465450525,0.20082953535932416,0.5855708862940844,9
40,2.5,25,0.5,0.6909894969596462,0.20090765694071,0.5855734842589551,9
25,3.0,30,0.3,0.7009648726066637,0.20069223540478476,0.5855820782194077,9
40,2.5,20,0.5,0.6909643700688477,0.20092516039802177,0.5855848655015996,9
28,2.0,25,0.3,0.6976229961304588,0.2008464746488606,0.5855864460617493,9
28,1.5,20,0.3,0.7042564953012714,0.2008756119287597,0.5855924429464707,9
28,3.0,10,0.3,0.7025981205085682,0.20086997432776457,0.5855960942923669,9
28,1.75,25,0.3,0.7009397457158651,0.20086585567607165,0.585607807993852,9
28,2.75,10,0.3,0.7025981205085682,0.20087793713764218,0.585608706745893,9
28,2.5,10,0.3,0.7025981205085682,0.20088609074829866,0.5856217117068727,9
40,2.25,25,0.5,0.6926478717523493,0.20094225129202045,0.5856288652855047,9
28,2.25,10,0.3,0.7025981205085682,0.200894437709238,0.5856351148641683,9
28,1.5,25,0.3,0.7025981205085682,0.20088772999579832,0.5856351309883404,9
28,3.0,15,0.3,0.7009397457158651,0.20086880022126838,0.5856356843048314,9
28,2.75,15,0.3,0.7009397457158651,0.20087571393616416,0.5856409433829263,9
28,2.5,15,0.3,0.7025981205085682,0.20088315163847337,0.5856472668430048,9
28,2.0,10,0.3,0.7025981205085682,0.20090298064718837,0.585648922204236,9
28,2.25,15,0.3,0.7025981205085682,0.20089111993885236,0.5856546671212278,9
40,2.25,20,0.5,0.6926227448615508,0.20096340975905802,0.5856567250687064,9
28,1.75,10,0.3,0.7025981205085682,0.2009117222646408,0.585663140010875,9
28,2.0,15,0.3,0.7025981205085682,0.20089962567395447,0.5856631576006349,9
28,1.75,15,0.3,0.7025981205085682,0.2009086759021878,0.5856727526340885,9
28,1.5,10,0.3,0.7025981205085682,0.2009206653383674,0.5856777748647904,9
28,1.5,15,0.3,0.7025981205085682,0.200918277897966,0.5856834675638203,9
40,2.0,25,0.5,0.6909894969596463,0.20098229088960362,0.585698333265127,9
28,1.0,20,0.3,0.7042564953012714,0.20093916732412234,0.5857083235177334,9
28,1.0,30,0.3,0.7042564953012714,0.20093916732412234,0.5857083235177334,9
28,1.0,10,0.3,0.7042564953012714,0.20093916732412234,0.5857083235177334,9
28,1.0,25,0.3,0.7042564953012714,0.20093916732412234,0.5857083235177334,9
28,1.0,15,0.3,0.7042564953012714,0.20093916732412234,0.5857083235177334,9
40,2.0,20,0.5,0.6926227448615508,0.20100457109599482,0.5857357051150722,9
35,3.0,20,0.4,0.7009397457158651,0.20100517749388833,0.5857431334165591,9
40,1.75,25,0.5,0.6926478717523494,0.20102790161945416,0.5857822940981716,9
35,2.75,20,0.4,0.7009397457158651,0.20103654709165752,0.5857999177200014,9
40,1.75,20,0.5,0.694281119654254,0.20104869946276868,0.5858219344341369,9
35,2.5,20,0.4,0.7025981205085682,0.20106991848763145,0.5858612703404771,9
40,1.5,25,0.5,0.6943062465450525,0.20107921159489678,0.5858811790676405,9
35,3.0,25,0.4,0.699281370923162,0.20104583999495051,0.5859075747466769,9
40,1.5,20,0.5,0.694281119654254,0.20109585075090222,0.5859155529869995,9
35,2.75,25,0.4,0.7009648726066637,0.20106555759724587,0.5859262289890647,9
35,2.25,20,0.4,0.7025981205085682,0.20110533230421723,0.5859272860242803,9
35,2.5,25,0.4,0.7009648726066637,0.20108905586314396,0.5859541104137486,9
28,1.5,30,0.3,0.700939745715865,0.20100917499404,0.5859629388518685,9
35,2.25,25,0.4,0.7025981205085682,0.20111642319713932,0.585991485508106,9
35,2.0,20,0.4,0.700939745715865,0.20114282995478325,0.5859980650951835,9
40,3.0,10,0.5,0.6976229961304589,0.20110710752556316,0.5859996864138941,9
40,2.75,10,0.5,0.6976229961304589,0.2011168882905512,0.5860111340910162,9
40,2.5,10,0.5,0.699281370923162,0.20112716281920706,0.5860237927928025,9
40,2.25,10,0.5,0.6976229961304589,0.20113793568595373,0.5860376680499452,9
35,2.0,25,0.4,0.7025981205085682,0.20114774994567985,0.5860386339033838,9
40,2.0,10,0.5,0.6976229961304589,0.20114921164958294,0.5860527666544513,9
40,2.5,15,0.5,0.6943062465450525,0.20111958817808448,0.586063793524213,9
40,2.75,15,0.5,0.6943062465450525,0.20111103045278425,0.5860645573173515,9
40,2.25,15,0.5,0.6959646213377557,0.20112948083393478,0.5860661668922719,9
40,3.0,15,0.5,0.6943062465450525,0.20110379540209544,0.5860684536136118,9
40,1.75,10,0.5,0.6959646213377557,0.20116099563914677,0.586069096647717,9
40,2.0,15,0.5,0.6959646213377557,0.20114072143903206,0.5860716865544682,9
35,1.75,20,0.4,0.699281370923162,0.2011824535014838,0.5860737135890528,9
40,1.75,15,0.5,0.6959646213377557,0.2011533237243526,0.5860803662419805,9
40,1.5,10,0.5,0.6959646213377557,0.20117329274315407,0.5860866673156081,9
40,1.5,15,0.5,0.6943062465450525,0.20116730207571773,0.5860922243986051,9
35,1.75,25,0.4,0.6992562440323634,0.2011831280814823,0.5860958486028718,9
28,1.75,30,0.3,0.7009397457158651,0.20105560194975677,0.5861190708372153,9
40,1.0,15,0.5,0.6959646213377557,0.20119944740732765,0.5861255740670503,9
40,1.0,30,0.5,0.6959646213377557,0.20119944740732765,0.5861255740670503,9
40,1.0,20,0.5,0.6959646213377557,0.20119944740732765,0.5861255740670503,9
40,1.0,10,0.5,0.6959646213377557,0.20119944740732765,0.5861255740670503,9
40,1.0,25,0.5,0.6959646213377557,0.20119944740732765,0.5861255740670503,9
35,1.5,20,0.4,0.699281370923162,0.2012242454808952,0.5861543433475475,9
35,1.5,25,0.4,0.695939494446957,0.2012226508069233,0.5861634361211286,9
35,3.0,10,0.4,0.6992562440323634,0.20122310920192757,0.586187413123959,9
35,2.75,10,0.4,0.6975978692396603,0.2012333389327946,0.5862027374273715,9
35,2.5,10,0.4,0.695939494446957,0.20124390135506387,0.5862187935853325,9
30,3.0,20,0.3,0.699281370923162,0.20112983469774093,0.5862268751906856,9
35,3.0,15,0.4,0.7025981205085682,0.20121829288244764,0.5862349518855065,9
35,2.25,10,0.4,0.695939494446957,0.20125480065031875,0.5862355900790283,9
35,2.75,15,0.4,0.700939745715865,0.20122706782351787,0.5862399509886737,9
35,2.5,15,0.4,0.700939745715865,0.20123674892716034,0.5862469142881586,9
35,2.0,10,0.4,0.695939494446957,0.2012660411386528,0.5862531360887666,9
35,2.25,15,0.4,0.700939745715865,0.20124734708808856,0.5862558580924913,9
40,1.5,30,0.5,0.6959646213377557,0.20120443244378172,0.58626075199437,9
35,2.0,15,0.4,0.699281370923162,0.20125887366021866,0.5862668010543209,9
35,1.75,10,0.4,0.695939494446957,0.20127762727294254,0.5862714414916415,9
30,2.75,20,0.3,0.699281370923162,0.2011557917011172,0.5862723433774675,9
35,1.75,15,0.4,0.699281370923162,0.20127134043668382,0.5862797642405467,9
35,1.5,10,0.4,0.695939494446957,0.20128956363373665,0.5862905168601475,9
28,2.0,30,0.3,0.7025981205085682,0.20110946602185914,0.5862938055755935,9
35,1.5,15,0.4,0.695939494446957,0.20128475962550704,0.5862947711943121,9
30,2.5,20,0.3,0.699281370923162,0.20118309015359723,0.5863207018225434,9
35,1.0,30,0.4,0.695939494446957,0.20131450596948303,0.5863310232597982,9
35,1.0,10,0.4,0.695939494446957,0.20131450596948303,0.5863310232597982,9
35,1.0,25,0.4,0.695939494446957,0.20131450596948303,0.5863310232597982,9
35,1.0,20,0.4,0.695939494446957,0.20131450596948303,0.5863310232597982,9
35,1.0,15,0.4,0.695939494446957,0.20131450596948303,0.5863310232597982,9
30,2.25,20,0.3,0.699281370923162,0.20121175680785353,0.5863720154644719,9
40,1.75,30,0.5,0.6976229961304589,0.20122904489933335,0.5863887978194633,9
30,2.0,20,0.3,0.699281370923162,0.20124181881354464,0.5864263519272696,9
30,1.75,20,0.3,0.699281370923162,0.20127330365120888,0.5864837815688304,9
28,2.25,30,0.3,0.7009397457158651,0.20117063542625951,0.5864867044218683,9
30,3.0,25,0.3,0.7009397457158651,0.20121045666951107,0.5864874495583947,9
30,2.75,25,0.3,0.699281370923162,0.20122170125025196,0.5864882759967885,9
30,2.5,25,0.3,0.699281370923162,0.201235549743994,0.5864952234556012,9
30,2.25,25,0.3,0.699281370923162,0.20125205913402647,0.5865084610796241,9
30,2.0,25,0.3,0.7009397457158651,0.20127128738358016,0.5865281644356348,9
30,1.5,20,0.3,0.699281370923162,0.2013062390531487,0.5865443775104943,9
35,1.5,30,0.4,0.699281370923162,0.20135576748713355,0.5865449198195426,9
30,3.0,10,0.3,0.699281370923162,0.20130109457226064,0.5865521747414143,9
30,1.75,25,0.3,0.699281370923162,0.2012932932855077,0.5865545155938756,9
40,2.0,30,0.5,0.6976229961304589,0.2012679329112248,0.5865554315372719,9
30,2.75,10,0.3,0.699281370923162,0.20130977192945448,0.5865660261490984,9
30,2.5,10,0.3,0.699281370923162,0.20131865975034802,0.5865803060627772,9
30,1.5,25,0.3,0.699281370923162,0.2013181362787141,0.5865877031679961,9
30,3.0,15,0.3,0.7009397457158651,0.20129911943267115,0.5865922649236849,9
30,2.25,10,0.3,0.699281370923162,0.20132776091143134,0.5865950210201963,9
30,2.75,15,0.3,0.699281370923162,0.20130670813938845,0.5865984134308809,9
30,2.5,15,0.3,0.699281370923162,0.20131487919111365,0.586605741789691,9
30,2.0,10,0.3,0.699281370923162,0.20133707837203374,0.5866101779076035,9
30,2.25,15,0.3,0.699281370923162,0.20132364012280826,0.5866142643894083,9
30,2.0,15,0.3,0.699281370923162,0.20133299871150084,0.5866239967409297,9
30,1.75,10,0.3,0.699281370923162,0.2013466151720028,0.5866257839587247,9
30,1.75,15,0.3,0.699281370923162,0.2013429629686786,0.586634955505405,9
30,1.5,10,0.3,0.699281370923162,0.201356374429392,0.586641846753564,9
30,1.5,15,0.3,0.699281370923162,0.20135354113066609,0.586647158518565,9
30,1.0,30,0.3,0.699281370923162,0.201376573165907,0.5866753746173315,9
30,1.0,20,0.3,0.699281370923162,0.201376573165907,0.5866753746173315,9
30,1.0,25,0.3,0.699281370923162,0.201376573165907,0.5866753746173315,9
30,1.0,15,0.3,0.699281370923162,0.201376573165907,0.5866753746173315,9
30,1.0,10,0.3,0.699281370923162,0.201376573165907,0.5866753746173315,9
28,2.5,30,0.3,0.7009397457158651,0.20123898041549074,0.5866973456172636,9
35,1.75,30,0.4,0.699281370923162,0.20139369453748296,0.5866973517379204,9
40,2.25,30,0.5,0.6959646213377557,0.20132074889102464,0.5867594536733284,9
35,2.0,30,0.4,0.7009648726066637,0.20144282697066027,0.5868789347881127,9
28,2.75,30,0.3,0.7026232473993668,0.2013143736063695,0.5869253239833132,9
30,1.5,30,0.3,0.7009397457158651,0.20145058848543146,0.5869485520128277,9
40,2.5,30,0.5,0.6909894969596463,0.20138715266903262,0.5869997334919677,9
35,2.25,30,0.4,0.6993064978139605,0.20150292376514525,0.5870888402648977,9
30,1.75,30,0.3,0.6976229961304589,0.20150054415726526,0.5871180050675178,9
28,3.0,30,0.3,0.7009648726066636,0.201396690247885,0.5871702505653089,9
40,2.75,30,0.5,0.6943062465450525,0.20146681330584426,0.5872752072119072,9
30,2.0,30,0.3,0.6976229961304589,0.20155892522928937,0.5873086404629103,9
35,2.5,30,0.4,0.6976481230212574,0.2015737479095071,0.5873262785758566,9
30,2.25,30,0.3,0.6976229961304589,0.20162557845982765,0.5875199386857646,9
40,3.0,30,0.5,0.6943062465450525,0.2015594104869327,0.5875848760273256,9
35,2.75,30,0.4,0.6959897482285542,0.2016550674119989,0.5875904984218253,9
30,2.5,30,0.3,0.6976229961304589,0.20170035267830963,0.5877514006868765,9
35,3.0,30,0.4,0.6959897482285542,0.20174665610298023,0.5878807858389832,9
30,2.75,30,0.3,0.6976229961304589,0.2017830992586708,0.5880025475502453,9
40,3.0,20,0.4,0.699281370923162,0.20203338459981918,0.588239891480522,9
30,3.0,30,0.3,0.6976229961304589,0.20187367250787422,0.5882729200912542,9
40,2.75,20,0.4,0.6975978692396603,0.2020700842510682,0.5883104339024768,9
40,2.5,20,0.4,0.6975978692396603,0.2021092619125295,0.5883866976844097,9
40,3.0,25,0.4,0.6992562440323634,0.202082371319045,0.5884324168013801,9
40,2.75,25,0.4,0.7009146188250666,0.20210454760594534,0.5884561976903129,9
40,2.25,20,0.4,0.6975978692396603,0.20215097037808363,0.5884688111713663,9
40,2.5,25,0.4,0.7009146188250666,0.2021314767102362,0.5884916920573167,9
40,2.25,25,0.4,0.6992562440323634,0.20216327301423226,0.5885392619357604,9
40,2.0,20,0.4,0.6975978692396603,0.2021952630073237,0.5885569098567262,9
40,2.0,25,0.4,0.6975978692396603,0.20220005255341036,0.58859928658041,9
35,3.0,20,0.3,0.6976229961304588,0.2021738335215465,0.5886104122179859,9
40,1.75,20,0.4,0.694281119654254,0.2022421934294175,0.5886511364976328,9
35,2.75,20,0.3,0.6976229961304588,0.20220547483583495,0.5886693161499132,9
40,1.75,25,0.4,0.6959394944469571,0.20224193241234462,0.5886721625551985,9
35,2.5,20,0.3,0.6976229961304588,0.20223888774610072,0.5887320963079811,9
40,1.5,20,0.4,0.694281119654254,0.20229181518652214,0.5887516411633267,9
40,1.5,25,0.4,0.6959394944469571,0.2022890299839538,0.5887583036721187,9
35,2.25,20,0.3,0.6959646213377556,0.20227411039891663,0.5887988494178588,9
40,3.0,10,0.4,0.6959394944469571,0.2022918813224589,0.5887991543760168,9
40,2.75,10,0.4,0.6959394944469571,0.2023038960083283,0.588817728280561,9
40,2.5,10,0.4,0.694281119654254,0.2023163058220943,0.5888371496677789,9
40,3.0,15,0.4,0.6959394944469571,0.20228615411822576,0.5888481486199184,9
40,2.75,15,0.4,0.6959394944469571,0.20229638120791713,0.5888552406490789,9
40,2.25,10,0.4,0.694281119654254,0.20232911567881734,0.5888574290183479,9
40,2.5,15,0.4,0.6959394944469571,0.20230770105928586,0.5888646860974743,9
35,2.0,20,0.3,0.6959646213377556,0.20231118123090022,0.5888696760356218,9
40,2.25,15,0.4,0.6959394944469571,0.20232012707701452,0.5888765050473198,9
40,2.0,10,0.4,0.694281119654254,0.20234233059462334,0.5888785776702372,9
40,2.0,15,0.4,0.6959394944469571,0.20233367307534414,0.5888907206107559,9
40,1.75,10,0.4,0.694281119654254,0.20235595567049194,0.5889006078000181,9
40,1.75,15,0.4,0.694281119654254,0.20234835321673364,0.5889073590038625,9
35,3.0,25,0.3,0.699281370923162,0.2022646242803491,0.5889092805606133,9
35,2.75,25,0.3,0.699281370923162,0.20227864441938448,0.5889142908992385,9
40,1.5,10,0.4,0.694281119654254,0.20236999607777698,0.5889235324074411,9
40,1.5,15,0.4,0.694281119654254,0.20236418194298988,0.5889264496093998,9
35,2.5,25,0.3,0.699281370923162,0.20229614232824497,0.5889275797249669,9
35,1.75,20,0.3,0.6959646213377556,0.20235013881776776,0.5889446806031302,9
35,2.25,25,0.3,0.7009397457158651,0.20231719859023925,0.5889493979597353,9
40,1.0,30,0.4,0.694281119654254,0.20239934385107158,0.5889721211038056,9
40,1.0,10,0.4,0.694281119654254,0.20239934385107158,0.5889721211038056,9
40,1.0,20,0.4,0.694281119654254,0.20239934385107158,0.5889721211038056,9
40,1.0,15,0.4,0.694281119654254,0.20239934385107158,0.5889721211038056,9
40,1.0,25,0.4,0.694281119654254,0.20239934385107158,0.5889721211038056,9
35,2.0,25,0.3,0.699281370923162,0.20234189465042987,0.5889800058506942,9
35,1.75,25,0.3,0.6959646213377556,0.2023703124931313,0.5890196730042194,9
35,1.5,20,0.3,0.694281119654254,0.2023910216957257,0.5890239714679368,9
35,3.0,10,0.3,0.6959646213377556,0.20238747372481553,0.5890443807053699,9
35,2.75,10,0.3,0.6959646213377556,0.20239791321837672,0.5890613766966065,9
35,1.5,25,0.3,0.6959646213377556,0.20240253425413987,0.5890686783398813,9
35,2.5,10,0.3,0.6959646213377556,0.20240862097485543,0.5890789077326377,9
35,3.0,15,0.3,0.6976229961304588,0.2023837204646062,0.5890848835499234,9
35,2.75,15,0.3,0.6976229961304588,0.2023929028958649,0.5890933157509428,9
35,2.25,10,0.3,0.6959646213377556,0.2024196007382048,0.5890969827702892,9
35,2.5,15,0.3,0.6959646213377556,0.20240283337985873,0.5891032575794455,9
35,2.25,15,0.3,0.6959646213377556,0.20241352219106254,0.5891147293906919,9
35,2.0,10,0.3,0.6959646213377556,0.20243085633317615,0.589115611247528,9
35,2.0,15,0.3,0.6959646213377556,0.20242497984320587,0.589127753141101,9
35,1.75,10,0.3,0.694281119654254,0.2024423916588048,0.5891348030775476,9
35,1.75,15,0.3,0.694281119654254,0.20243721706417,0.5891423524299402,9
35,1.5,10,0.3,0.694281119654254,0.20245421068209302,0.5891545686429439,9
35,1.5,15,0.3,0.694281119654254,0.20245024476696394,0.5891585525336982,9
35,1.0,20,0.3,0.694281119654254,0.20247871599326026,0.5891958648231612,9
35,1.0,10,0.3,0.694281119654254,0.20247871599326026,0.5891958648231612,9
35,1.0,25,0.3,0.694281119654254,0.20247871599326026,0.5891958648231612,9
35,1.0,15,0.3,0.694281119654254,0.20247871599326026,0.5891958648231612,9
35,1.0,30,0.3,0.694281119654254,0.20247871599326026,0.5891958648231612,9
40,1.5,30,0.4,0.6975978692396603,0.2024499202263858,0.5892278027938294,9
40,1.75,30,0.4,0.6959394944469571,0.20249708100465674,0.5894136991242851,9
35,1.5,30,0.3,0.699281370923162,0.20256419239474185,0.5895184101514148,9
40,2.0,30,0.4,0.6959394944469571,0.2025583929505261,0.5896367030120032,9
35,1.75,30,0.3,0.699281370923162,0.20262409567123407,0.5897237957632964,9
40,2.25,30,0.4,0.6926227448615508,0.20263353494629233,0.5898956871642164,9
35,2.0,30,0.3,0.699281370923162,0.20269515071840813,0.5899575204702183,9
40,2.5,30,0.4,0.6909643700688478,0.2027221901620524,0.5901895796301299,9
35,2.25,30,0.3,0.6959646213377557,0.2027771395274168,0.5902188220620883,9
35,2.5,30,0.3,0.6943062465450525,0.20286984615317172,0.5905069701451291,9
40,2.75,30,0.4,0.6909894969596463,0.20282404791271397,0.5905173629751695,9
35,2.75,30,0.3,0.689331122166943,0.20297305772688737,0.5908212657929321,9
40,3.0,30,0.4,0.6909894969596463,0.20293880513522808,0.5908780732092069,9
40,3.0,20,0.3,0.6959646213377556,0.2032241963778619,0.5911017094348829,9
35,3.0,30,0.3,0.6876476204834414,0.20308656528643765,0.5911610410498035,9
40,2.75,20,0.3,0.6959646213377556,0.2032611752426453,0.5911745943752591,9
40,2.5,20,0.3,0.6959646213377556,0.20330042407199678,0.5912525245552249,9
40,2.25,20,0.3,0.694281119654254,0.20334199587729604,0.5913356391617186,9
40,2.0,20,0.3,0.6926227448615507,0.20338594364764756,0.5914240824908815,9
40,3.0,25,0.3,0.6959646213377556,0.20332902221628593,0.591445479052773,9
40,2.75,25,0.3,0.6959646213377556,0.2033447505326328,0.591453687910229,9
40,2.5,25,0.3,0.6976229961304588,0.20336496147015015,0.591472688230758,9
40,2.25,25,0.3,0.6976229961304588,0.2033897654756916,0.5915028373626926,9
40,1.75,20,0.3,0.6926227448615507,0.20343232004165107,0.5915180039686431,9
40,2.0,25,0.3,0.6959646213377556,0.2034192733637544,0.5915445054731543,9
40,1.75,25,0.3,0.694281119654254,0.2034535956913751,0.591598075398261,9
40,1.5,20,0.3,0.6909392431780491,0.20348117702534632,0.5916175581096195,9
40,3.0,10,0.3,0.6909392431780491,0.20347956185496438,0.591653460036242,9
40,1.5,25,0.3,0.6926227448615507,0.20349284201865125,0.5916639423519938,9
40,2.75,10,0.3,0.6909392431780491,0.2034917089801039,0.5916736207009824,9
40,3.0,15,0.3,0.694281119654254,0.20347464948216445,0.591693695004001,9
40,2.5,10,0.3,0.6909392431780491,0.2035041964529884,0.5916944511617511,9
40,2.75,15,0.3,0.694281119654254,0.2034852301747847,0.5917043732872425,9
40,2.25,10,0.3,0.6909392431780491,0.20351702898458698,0.5917159633026543,9
40,2.5,15,0.3,0.694281119654254,0.2034967557314048,0.5917169568705928,9
40,2.25,15,0.3,0.6909392431780491,0.20350924002316853,0.5917314740816555,9
40,2.0,10,0.3,0.6909392431780491,0.20353021132936286,0.5917381696214465,9
40,2.0,15,0.3,0.6909392431780491,0.2035226970700433,0.5917479553751899,9
40,1.75,10,0.3,0.6909392431780491,0.20354374826952237,0.5917610832110176,9
40,1.75,15,0.3,0.6909392431780491,0.20353714097614609,0.5917664333781993,9
40,1.5,10,0.3,0.6909392431780491,0.2035576445999109,0.5917847177417412,9
40,1.5,15,0.3,0.6909392431780491,0.20355258585766992,0.5917869429231358,9
40,1.0,10,0.3,0.6892557414945474,0.20358653458906115,0.5918342070975586,9
40,1.0,15,0.3,0.6892557414945474,0.20358653458906115,0.5918342070975586,9
40,1.0,20,0.3,0.6892557414945474,0.20358653458906115,0.5918342070975586,9
40,1.0,25,0.3,0.6892557414945474,0.20358653458906115,0.5918342070975586,9
40,1.0,30,0.3,0.6892557414945474,0.20358653458906115,0.5918342070975586,9
40,1.5,30,0.3,0.6909392431780491,0.2036865219920898,0.5922123198674468,9
40,1.75,30,0.3,0.6892557414945474,0.2037584523163184,0.5924583234534697,9
40,2.0,30,0.3,0.6875973667018442,0.20384460673884927,0.5927407907698503,9
40,2.25,30,0.3,0.6876224935926428,0.20394468425112885,0.5930586550200867,9
40,2.5,30,0.3,0.6843057440072364,0.20405838598735765,0.5934108967879538,9
40,2.75,30,0.3,0.6843057440072364,0.20418541706461674,0.5937965437531569,9
40,3.0,30,0.3,0.6809889944218303,0.20432548808291032,0.594214670139023,9
