k_factor,recency_factor,recency_window,carry_over_factor,accuracy,brier_score,log_loss,num_seasons
40,3.0,20,0.7,0.7791992418858089,0.15242069511798126,0.461799109689409,9
40,2.75,20,0.7,0.7791992418858089,0.15242623645971606,0.4618859888125736,9
40,2.5,20,0.7,0.7791992418858089,0.15243592591803004,0.4619805607585347,9
40,2.25,20,0.7,0.7808576166785122,0.15244979341640763,0.46208290468409036,9
40,2.0,20,0.7,0.7808576166785122,0.15246788393761143,0.46219313379325627,9
40,1.75,20,0.7,0.7808576166785122,0.1524902576780189,0.46231139532528837,9
40,2.75,25,0.7,0.7791992418858089,0.15260390080272795,0.4623982749015153,9
40,2.5,25,0.7,0.7791992418858089,0.15258179986836687,0.46240398745110767,9
40,3.0,25,0.7,0.7790939482481771,0.15263219422632895,0.46240508311129275,9
40,2.25,25,0.7,0.779093948248177,0.15256594462559236,0.4624224258927887,9
40,3.0,15,0.7,0.7774355734554739,0.15263393884902143,0.4624238329718647,9
40,1.5,20,0.7,0.7808576166785122,0.1525169901512464,0.4624378704424283,9
40,2.75,15,0.7,0.7774355734554739,0.15261822479515902,0.4624437720789866,9
40,2.0,25,0.7,0.779093948248177,0.15255641184843982,0.4624538470400085,9
40,2.5,15,0.7,0.779093948248177,0.15260519693156593,0.46246844684380517,9
40,2.25,15,0.7,0.7774355734554739,0.15259485480783141,0.46249784250954445,9
40,1.75,25,0.7,0.779093948248177,0.1525533027101685,0.4624985603578415,9
40,2.0,15,0.7,0.7774355734554739,0.15258720509400125,0.46253196219032133,9
40,3.0,10,0.7,0.7774355734554739,0.15262638550762692,0.4625369760674141,9
40,2.75,10,0.7,0.7774355734554739,0.15261322621554518,0.4625438682769993,9
40,2.5,10,0.7,0.7774355734554739,0.15260231633111118,0.4625552194098883,9
40,1.5,25,0.7,0.779093948248177,0.15255674354351195,0.4625569287999367,9
40,1.75,15,0.7,0.7774355734554739,0.1525822615362863,0.46257082661012955,9
40,2.25,10,0.7,0.7774355734554739,0.15259364885915172,0.46257100761602554,9
40,2.0,10,0.7,0.7774355734554739,0.15258721978004416,0.46259121984542134,9
40,1.5,15,0.7,0.7774355734554739,0.1525800449015096,0.4626144738443661,9
40,1.75,10,0.7,0.7774355734554739,0.15258302803666163,0.462615851810996,9
40,1.5,10,0.7,0.779093948248177,0.15258107551226077,0.46264490796514424,9
40,1.0,30,0.7,0.777330279817842,0.15258391015137954,0.4627163543009186,9
40,1.0,20,0.7,0.777330279817842,0.15258391015137954,0.4627163543009186,9
40,1.0,15,0.7,0.777330279817842,0.15258391015137954,0.4627163543009186,9
40,1.0,10,0.7,0.777330279817842,0.15258391015137954,0.4627163543009186,9
40,1.0,25,0.7,0.777330279817842,0.15258391015137954,0.4627163543009186,9
40,1.5,30,0.7,0.779093948248177,0.15276296869367997,0.4631451105495471,9
40,1.75,30,0.7,0.779093948248177,0.1528681926195502,0.46339376316493713,9
35,3.0,20,0.7,0.7859380346942536,0.15259474782859572,0.4635325269562613,9
35,2.75,20,0.7,0.7875964094869566,0.15260605461619728,0.4636336176583702,9
40,2.0,30,0.7,0.779093948248177,0.15298355093756125,0.4636642280958101,9
35,2.5,20,0.7,0.7875964094869566,0.15262130191090453,0.4637420708749976,9
35,2.25,20,0.7,0.7875964094869566,0.15264052892868588,0.46385797024987835,9
40,2.25,30,0.7,0.779093948248177,0.1531088425605519,0.4639558274238256,9
35,2.0,20,0.7,0.7875964094869566,0.15266378538443703,0.4639814227962449,9
35,3.0,25,0.7,0.7875964094869566,0.15278692508736075,0.4640643609356751,9
35,2.75,25,0.7,0.7875964094869566,0.15276783448918288,0.46408406560709586,9
35,1.75,20,0.7,0.7875964094869566,0.152691131598757,0.46411255895548403,9
35,2.5,25,0.7,0.7892547842796599,0.15275442201794612,0.46411513860736586,9
35,3.0,15,0.7,0.7841743662639185,0.15279818643203966,0.46414288594035685,9
35,2.25,25,0.7,0.7875964094869566,0.1527467598621301,0.4641577726011886,9
35,2.75,15,0.7,0.7841743662639185,0.15278905804664747,0.4641776090378623,9
35,2.0,25,0.7,0.7875964094869566,0.15274493754305193,0.46421219712637257,9
35,2.5,15,0.7,0.7841743662639185,0.152782524930411,0.46421705189985957,9
35,1.5,20,0.7,0.7875964094869566,0.15272263857398805,0.46425153260651897,9
35,2.25,15,0.7,0.7841743662639185,0.15277859249853676,0.4642612155658392,9
40,2.5,30,0.7,0.7808576166785122,0.15324390059068482,0.46426796048511804,9
35,1.75,25,0.7,0.7858327410566216,0.15274906244934977,0.4642786793815975,9
35,3.0,10,0.7,0.7858327410566216,0.15280162158585542,0.464282137459852,9
35,2.75,10,0.7,0.7858327410566216,0.15279397306447218,0.4643015345840116,9
35,2.0,15,0.7,0.7858327410566216,0.1527772710655736,0.464310113197175,9
35,2.5,10,0.7,0.7858327410566216,0.15278839567278635,0.46432508806449985,9
35,2.25,10,0.7,0.7858327410566216,0.1527848876194469,0.46435279078820163,9
35,1.5,25,0.7,0.7858327410566216,0.15275926033137954,0.4643575249722534,9
35,1.75,15,0.7,0.7858327410566216,0.15277857583833088,0.464363769968768,9
35,2.0,10,0.7,0.7858327410566216,0.1527834492307064,0.4643846417929169,9
35,1.75,10,0.7,0.7858327410566216,0.1527840829447289,0.4644206462671451,9
35,1.5,15,0.7,0.7858327410566216,0.15278252690005928,0.46442222296011615,9
35,1.5,10,0.7,0.7858327410566216,0.152786793298884,0.4644608155550439,9
35,1.0,20,0.7,0.7858327410566216,0.15279847244306827,0.46455372479176155,9
35,1.0,25,0.7,0.7858327410566216,0.15279847244306827,0.46455372479176155,9
35,1.0,15,0.7,0.7858327410566216,0.15279847244306827,0.46455372479176155,9
35,1.0,10,0.7,0.7858327410566216,0.15279847244306827,0.46455372479176155,9
35,1.0,30,0.7,0.7858327410566216,0.15279847244306827,0.46455372479176155,9
40,2.75,30,0.7,0.779093948248177,0.1533885904000257,0.46460010135937224,9
35,1.5,30,0.7,0.7858327410566216,0.15294909259626516,0.46489333938901517,9
40,3.0,30,0.7,0.7807523230408803,0.15354280767142992,0.4649517962454684,9
35,1.75,30,0.7,0.7858327410566216,0.1530382608104591,0.46509247750050015,9
35,2.0,30,0.7,0.7858327410566216,0.1531363576289863,0.4653103302306935,9
35,2.25,30,0.7,0.7892547842796599,0.1532431845736829,0.46554634195222927,9
35,2.5,30,0.7,0.7892547842796599,0.1533585690388842,0.46580001364699863,9
30,3.0,20,0.7,0.790913159072363,0.15300458343852127,0.4660626312961328,9
35,2.75,30,0.7,0.7875964094869566,0.15348236305087182,0.4660709009098471,9
30,2.75,20,0.7,0.790913159072363,0.15302312718833277,0.4661814794553511,9
30,2.5,20,0.7,0.7892547842796599,0.15304541308432557,0.46630741610691406,9
35,3.0,30,0.7,0.7875964094869566,0.15361444200930477,0.4663586119755373,9
30,2.25,20,0.7,0.7892547842796599,0.15307148617105698,0.4664405288883952,9
30,3.0,25,0.7,0.7943352022954013,0.1531740498007839,0.4665081824583512,9
30,2.75,25,0.7,0.790913159072363,0.15316587742090085,0.4665588543911405,9
30,2.0,20,0.7,0.7910184527099949,0.153101398491703,0.46658092084538644,9
30,2.5,25,0.7,0.790913159072363,0.1531629376503095,0.46661996275148154,9
30,3.0,15,0.7,0.7874911158493247,0.15320491580266962,0.4666772116847583,9
30,2.25,25,0.7,0.790913159072363,0.15316531388100105,0.46669169112470704,9
30,2.75,15,0.7,0.7874911158493247,0.15320307512562015,0.4667282960326165,9
30,1.75,20,0.7,0.7910184527099949,0.15313520917359622,0.46672871053944565,9
30,2.0,25,0.7,0.790913159072363,0.15317310173293963,0.46677424865222444,9
30,2.5,15,0.7,0.7874911158493247,0.15320372496996432,0.46678404707375915,9
30,2.25,15,0.7,0.7892547842796599,0.1532068756897002,0.4668444788339909,9
30,3.0,10,0.7,0.7892547842796599,0.15322425237898094,0.46685579680442946,9
30,1.75,25,0.7,0.7892547842796599,0.15318640942838258,0.46686787071446173,9
30,1.5,20,0.7,0.7892547842796599,0.15317298449877378,0.4668840321364109,9
30,2.75,10,0.7,0.7892547842796599,0.15322217665080784,0.46688760848085953,9
30,2.0,15,0.7,0.7892547842796599,0.1532125408524721,0.46690961316906754,9
30,2.5,10,0.7,0.7892547842796599,0.15322198852656965,0.4669232454271273,9
30,2.25,10,0.7,0.7892547842796599,0.15322369033890007,0.4669627112360238,9
30,1.5,25,0.7,0.7892547842796599,0.15320535815248915,0.46697281962259396,9
30,1.75,15,0.7,0.7892547842796599,0.15322073725179874,0.4669794797418725,9
30,2.0,10,0.7,0.7892547842796599,0.15322728585415468,0.4670060135894749,9
30,1.75,10,0.7,0.7892547842796599,0.1532327802718044,0.4670531642740196,9
30,1.5,15,0.7,0.7892547842796599,0.15323148491377314,0.46705411599852487,9
30,1.5,10,0.7,0.7892547842796599,0.1532401802193561,0.46710417919777936,9
30,1.0,15,0.7,0.7892547842796599,0.15326073029050408,0.46721788611522364,9
30,1.0,10,0.7,0.7892547842796599,0.15326073029050408,0.46721788611522364,9
30,1.0,20,0.7,0.7892547842796599,0.15326073029050408,0.46721788611522364,9
30,1.0,30,0.7,0.7892547842796599,0.15326073029050408,0.46721788611522364,9
30,1.0,25,0.7,0.7892547842796599,0.15326073029050408,0.46721788611522364,9
28,3.0,20,0.7,0.7944404959330332,0.15325394791501468,0.46735873688620383,9
30,1.5,30,0.7,0.7892547842796599,0.15337876769312678,0.46745450077305173,9
28,2.75,20,0.7,0.7944404959330332,0.15327589300442077,0.46748581296888425,9
30,1.75,30,0.7,0.790913159072363,0.1534500153390653,0.46759809067045865,9
28,2.5,20,0.7,0.7926768275026981,0.15330149841651863,0.4676198704366916,9
30,2.0,30,0.7,0.7926768275026981,0.15352912969035226,0.4677578510957129,9
28,2.25,20,0.7,0.7926768275026981,0.1533308107599778,0.46776099844822183,9
28,3.0,25,0.7,0.7960988707257364,0.1534128546394179,0.4677652353837503,9
28,2.75,25,0.7,0.7960988707257364,0.1534096965182139,0.46782982787646765,9
28,2.5,25,0.7,0.7944404959330332,0.15341160467365858,0.4679045291517904,9
28,2.0,20,0.7,0.7910184527099949,0.15336388253506142,0.4679092990874808,9
30,2.25,30,0.7,0.7910184527099949,0.15361592144673122,0.4679333225234505,9
28,3.0,15,0.7,0.7892547842796599,0.1534553730892694,0.46798108020058954,9
28,2.25,25,0.7,0.7926768275026981,0.15341866521131772,0.46798952014267914,9
28,2.75,15,0.7,0.7892547842796599,0.153456676999442,0.4680391613743956,9
28,1.75,20,0.7,0.7910184527099949,0.15340077221588694,0.4680648874871472,9
28,2.0,25,0.7,0.790913159072363,0.15343097478692125,0.46808500375191514,9
28,2.5,15,0.7,0.7892547842796599,0.15346042220343423,0.46810186799153164,9
30,2.5,30,0.7,0.7910184527099949,0.1537102203532991,0.4681240863129504,9
28,2.25,15,0.7,0.7892547842796599,0.15346662076168627,0.46816921849363435,9
28,3.0,10,0.7,0.7892547842796599,0.15348260686523418,0.4681793317752285,9
28,1.75,25,0.7,0.790913159072363,0.1534486409421071,0.4681912055054683,9
28,2.75,10,0.7,0.7892547842796599,0.15348278527239956,0.4682160485278428,9
28,1.5,20,0.7,0.7892547842796599,0.15344154432255144,0.4682278919401432,9
28,2.0,15,0.7,0.7892547842796599,0.1534752874156254,0.46824123780659366,9
28,2.5,10,0.7,0.7892547842796599,0.15348477439773994,0.4682564452642195,9
28,2.25,10,0.7,0.7892547842796599,0.15348857791304205,0.46830052882093515,9
28,1.5,25,0.7,0.7892547842796599,0.15347178243471543,0.4683083742263936,9
28,1.75,15,0.7,0.7892547842796599,0.15348643960463268,0.46831795733966136,9
30,2.75,30,0.7,0.7926768275026981,0.1538118743247544,0.4683297630075416,9
28,2.0,10,0.7,0.7892547842796599,0.15349420069952288,0.4683483094533661,9
28,1.5,15,0.7,0.7892547842796599,0.15350009747878587,0.46839941498390963,9
28,1.75,10,0.7,0.7892547842796599,0.15350164884903603,0.46839980085419,9
28,1.5,10,0.7,0.7892547842796599,0.1535109296617971,0.4684550201727957,9
30,3.0,30,0.7,0.7926768275026981,0.15392074858331803,0.4685500107299213,9
28,1.0,15,0.7,0.7892547842796599,0.15353502448038261,0.4685767285671684,9
28,1.0,10,0.7,0.7892547842796599,0.15353502448038261,0.4685767285671684,9
28,1.0,20,0.7,0.7892547842796599,0.15353502448038261,0.4685767285671684,9
28,1.0,25,0.7,0.7892547842796599,0.15353502448038261,0.4685767285671684,9
28,1.0,30,0.7,0.7892547842796599,0.15353502448038261,0.4685767285671684,9
28,1.5,30,0.7,0.7892547842796599,0.1536384571686408,0.468767508036992,9
28,1.75,30,0.7,0.790913159072363,0.15370180299453287,0.4688867862312897,9
28,2.0,30,0.7,0.7926768275026981,0.15377262606678915,0.46902135552943075,9
28,2.25,30,0.7,0.7944404959330332,0.15385074180494496,0.4691707875708061,9
28,2.5,30,0.7,0.7960988707257364,0.1539359824265363,0.4693346899019926,9
28,2.75,30,0.7,0.7960988707257364,0.15402819615935023,0.4695127043603825,9
25,3.0,20,0.7,0.7960988707257364,0.15374458169255872,0.46968393237130684,9
28,3.0,30,0.7,0.7960988707257364,0.1541272464776838,0.46970450556826626,9
25,2.75,20,0.7,0.7944404959330332,0.15377226979435493,0.4698246529810111,9
25,2.5,20,0.7,0.7944404959330332,0.15380348739688823,0.46997218279439107,9
25,3.0,25,0.7,0.7978625391560715,0.15388547045384804,0.4700258210752984,9
25,2.75,25,0.7,0.7978625391560715,0.15389070584458694,0.4701131942627988,9
25,2.25,20,0.7,0.7927821211403301,0.15383828276606118,0.47012661312779563,9
25,2.5,25,0.7,0.7960988707257364,0.15390076319172363,0.47021021528636,9
25,2.0,20,0.7,0.7927821211403301,0.1538767086957616,0.4702880451845623,9
25,2.25,25,0.7,0.7943352022954013,0.1539157310974873,0.47031706201621937,9
25,3.0,15,0.7,0.7910184527099949,0.15395062629468986,0.47032518012785396,9
25,2.75,15,0.7,0.7910184527099949,0.1539569269253815,0.47039422939521347,9
25,2.0,25,0.7,0.7926768275026981,0.15393570659344633,0.47043392984555193,9
25,1.75,20,0.7,0.7910184527099949,0.1539188225888756,0.4704565901978159,9
25,2.5,15,0.7,0.7910184527099949,0.15396558331876345,0.47046781075962457,9
25,2.25,15,0.7,0.7910184527099949,0.15397660978383454,0.47054594844318576,9
25,3.0,10,0.7,0.7910184527099949,0.1539915163290694,0.4705572898688975,9
25,1.75,25,0.7,0.7926768275026981,0.15396079543590283,0.47056103230560253,9
25,2.75,10,0.7,0.7910184527099949,0.15399510996271062,0.4706012496854251,9
25,2.0,15,0.7,0.7910184527099949,0.15399002265271455,0.4706286714957343,9
25,1.5,20,0.7,0.7892547842796599,0.15396468653396447,0.47063236957056176,9
25,2.5,10,0.7,0.7910184527099949,0.15400039314573064,0.4706486531233277,9
25,1.5,25,0.7,0.7927821211403301,0.15399111240519797,0.4706986017121309,9
25,2.25,10,0.7,0.7892547842796599,0.1540073712196984,0.47069951085901646,9
25,1.75,15,0.7,0.7892547842796599,0.1540058403028066,0.47071601381814243,9
25,2.0,10,0.7,0.7892547842796599,0.15401605045089772,0.4707538361374765,9
25,1.5,15,0.7,0.7875964094869566,0.15402408317657013,0.47080801418599244,9
25,1.75,10,0.7,0.7910184527099949,0.15402643803412536,0.47081164479341975,9
25,1.5,10,0.7,0.7893600779172918,0.1540385420943432,0.4708729552730316,9
25,1.0,15,0.7,0.7893600779172918,0.15406793679076475,0.47100616868028694,9
25,1.0,30,0.7,0.7893600779172918,0.15406793679076475,0.47100616868028694,9
25,1.0,25,0.7,0.7893600779172918,0.15406793679076475,0.47100616868028694,9
25,1.0,20,0.7,0.7893600779172918,0.15406793679076475,0.47100616868028694,9
25,1.0,10,0.7,0.7893600779172918,0.15406793679076475,0.47100616868028694,9
25,1.5,30,0.7,0.7944404959330332,0.15414730988958575,0.4711224930018202,9
25,1.75,30,0.7,0.7962041643633683,0.1541977754241653,0.4712026640736946,9
25,2.0,30,0.7,0.7978625391560715,0.1542551663322709,0.47129693624752605,9
25,2.25,30,0.7,0.7960988707257364,0.15431930569771496,0.4714049205481117,9
25,2.5,30,0.7,0.7960988707257364,0.15439003055235037,0.4715262577192952,9
25,2.75,30,0.7,0.7960988707257364,0.15446719118188615,0.4716606167181042,9
25,3.0,30,0.7,0.7960988707257364,0.15455065046677768,0.47180769332878225,9
22,3.0,20,0.7,0.7978625391560715,0.15440959964662937,0.47256897463907105,9
22,2.75,20,0.7,0.7978625391560715,0.15444390403972633,0.47272495077391535,9
22,3.0,25,0.7,0.7996262075864066,0.1545291532301118,0.47283778841761837,9
22,2.5,20,0.7,0.7978625391560715,0.154481591045044,0.47288753375318393,9
22,2.75,25,0.7,0.7996262075864066,0.15454402706132592,0.4729504403133363,9
22,2.25,20,0.7,0.7978625391560715,0.1545227098210079,0.4730568167314946,9
22,2.5,25,0.7,0.7996262075864066,0.1545634762493634,0.47307229505558035,9
40,3.0,20,0.6,0.7739082365948037,0.15608618384991862,0.47310546261876163,9
40,2.75,20,0.6,0.7721445681644686,0.156095265420228,0.47317857040123873,9
22,2.25,25,0.7,0.7978625391560715,0.1545875902147355,0.4732035281773055,9
22,2.0,20,0.7,0.7978625391560715,0.15456731301899743,0.47323290045510397,9
22,3.0,15,0.7,0.7960988707257364,0.15462433811171641,0.4732384157590166,9
40,2.5,20,0.6,0.7754613177498749,0.15610723019003697,0.4732567549767654,9
22,2.75,15,0.7,0.7960988707257364,0.15463600717330894,0.4733189563882645,9
40,2.25,20,0.6,0.7754613177498749,0.15612212306533382,0.4733401376262321,9
22,2.0,25,0.7,0.7978625391560715,0.15461646513805707,0.47334432929528625,9
22,2.5,15,0.7,0.7960988707257364,0.15464992792458312,0.4734038869575978,9
22,1.75,20,0.7,0.7944404959330332,0.1546154568659455,0.4734158934207906,9
40,2.0,20,0.6,0.7754613177498749,0.15613999801363543,0.47342886001152096,9
22,2.25,15,0.7,0.7960988707257364,0.15466611651041534,0.4734932364204065,9
22,1.75,25,0.7,0.7960988707257364,0.15465020422837508,0.4734949026887777,9
22,3.0,10,0.7,0.7944404959330332,0.1546812325000029,0.4735096455716917,9
40,1.75,20,0.6,0.7754613177498749,0.15616091818394395,0.47352308424737255,9
40,3.0,15,0.6,0.7721445681644686,0.15625605564457723,0.4735379791653486,9
22,2.75,10,0.7,0.7944404959330332,0.15468828820739042,0.47356063950506944,9
40,2.75,15,0.6,0.7754613177498749,0.15624842593605504,0.47356659310717464,9
22,2.0,15,0.7,0.7960988707257364,0.15468459059685322,0.4735870372964989,9
40,2.5,15,0.6,0.7754613177498749,0.1562424570212808,0.4735977598563197,9
22,1.5,20,0.7,0.7944404959330332,0.1546672012468341,0.4736059120383709,9
22,2.5,10,0.7,0.7944404959330332,0.15469690294989963,0.4736148138988663,9
40,1.5,20,0.6,0.7754613177498749,0.1561849560181957,0.4736229929080403,9
40,2.25,15,0.6,0.7754613177498749,0.15623816533402582,0.4736315088599171,9
40,3.0,10,0.6,0.7754613177498749,0.15625322928990978,0.4736426595968488,9
22,1.5,25,0.7,0.7960988707257364,0.15468891800136675,0.4736554679140937,9
40,2.75,10,0.6,0.7754613177498749,0.15624657982448462,0.473657715198138,9
40,2.0,15,0.6,0.7754613177498749,0.1562355713531927,0.4736678793461498,9
22,2.25,10,0.7,0.7944404959330332,0.154707083326411,0.4736721821238253,9
40,2.5,10,0.6,0.7754613177498749,0.15624144941438922,0.47367553343444285,9
22,1.75,15,0.7,0.7944404959330332,0.15470536939697177,0.4736853257120644,9
40,2.25,10,0.6,0.7754613177498749,0.15623783881209008,0.47369611296841285,9
40,1.75,15,0.6,0.7754613177498749,0.15623469956361227,0.47370692019191324,9
40,2.0,10,0.6,0.7754613177498749,0.15623575037855683,0.473719456935282,9
22,2.0,10,0.7,0.7944404959330332,0.15471883663497557,0.4737327594431805,9
40,1.75,10,0.6,0.7736976493195399,0.1562351880778273,0.47374557292719327,9
40,1.5,15,0.6,0.7754613177498749,0.15623557841928623,0.47374868979339824,9
40,1.5,10,0.6,0.7736976493195399,0.15623615747115932,0.47377447298511793,9
22,1.5,15,0.7,0.7944404959330332,0.1547284736959158,0.4737881414412198,9
22,1.75,10,0.7,0.7944404959330332,0.15473217087895852,0.4737965630350424,9
40,1.5,25,0.6,0.7754613177498749,0.15625695036207007,0.4738312562591238,9
40,1.0,20,0.6,0.7719339808892047,0.1562427215318099,0.47384069571326365,9
40,1.0,15,0.6,0.7719339808892047,0.1562427215318099,0.47384069571326365,9
40,1.0,30,0.6,0.7719339808892047,0.1562427215318099,0.47384069571326365,9
40,1.0,10,0.6,0.7719339808892047,0.1562427215318099,0.47384069571326365,9
40,1.0,25,0.6,0.7719339808892047,0.1562427215318099,0.47384069571326365,9
40,1.75,25,0.6,0.7754613177498749,0.15627213529187098,0.4738434585210593,9
22,1.5,10,0.7,0.7944404959330332,0.1547470947721035,0.4738636120154387,9
40,2.0,25,0.6,0.7754613177498749,0.15629253604742926,0.47386643626194963,9
40,2.25,25,0.6,0.7754613177498749,0.15631804840467142,0.47389985128000434,9
40,2.5,25,0.6,0.7755666113875068,0.15634858266848017,0.47394339767945265,9
40,2.75,25,0.6,0.7721445681644686,0.15638406302477098,0.47399680125101334,9
22,1.0,15,0.7,0.7944404959330332,0.15478174993551075,0.47400753243884314,9
22,1.0,25,0.7,0.7944404959330332,0.15478174993551075,0.47400753243884314,9
22,1.0,30,0.7,0.7944404959330332,0.15478174993551075,0.47400753243884314,9
22,1.0,10,0.7,0.7944404959330332,0.15478174993551075,0.47400753243884314,9
22,1.0,20,0.7,0.7944404959330332,0.15478174993551075,0.47400753243884314,9
22,1.5,30,0.7,0.7978625391560715,0.15483392928627226,0.4740418414831701,9
40,3.0,25,0.6,0.7721445681644686,0.15642442691327674,0.47405981877467884,9
22,1.75,30,0.7,0.7978625391560715,0.15486999613879307,0.4740793422921221,9
22,2.0,30,0.7,0.7978625391560715,0.15491246847230927,0.47412988604958467,9
22,2.25,30,0.7,0.7978625391560715,0.15496117743581317,0.4741931152562595,9
22,2.5,30,0.7,0.7978625391560715,0.15501596586104838,0.47426869729160814,9
22,2.75,30,0.7,0.7978625391560715,0.1550766876339819,0.47435632301561853,9
22,3.0,30,0.7,0.7978625391560715,0.15514320710696833,0.4744557054882807,9
40,1.5,30,0.6,0.7736976493195399,0.1565327899698437,0.4745804995352856,9
20,3.0,20,0.7,0.7996262075864066,0.1549759429904044,0.4748791567971262,9
40,1.75,30,0.6,0.7738029429571718,0.1566921122716169,0.47498116902002213,9
35,3.0,20,0.6,0.7722498618021005,0.15630096838908958,0.4749958217992106,9
20,2.75,20,0.7,0.7996262075864066,0.15501520272773697,0.47504618533179155,9
35,2.75,20,0.6,0.7739082365948037,0.1563150793937375,0.4750823539673353,9
20,3.0,25,0.7,0.8013898760167417,0.15507897769778947,0.475093844638961,9
35,2.5,20,0.6,0.7739082365948037,0.15633194148493984,0.4751737473138173,9
20,2.5,20,0.7,0.7978625391560715,0.1550577340186216,0.47521965838482116,9
20,2.75,25,0.7,0.8013898760167417,0.1551010888415821,0.47522482423174206,9
35,2.25,20,0.6,0.7755666113875068,0.15635159880384075,0.47527010363364475,9
20,2.5,25,0.7,0.8013898760167417,0.1551276041804701,0.4753647052172465,9
35,2.0,20,0.6,0.7755666113875068,0.1563741020128235,0.47537153884994093,9
20,2.25,20,0.7,0.7978625391560715,0.15510358618960285,0.4753996699841878,9
40,2.0,30,0.6,0.7755666113875068,0.1568607055215646,0.47540143491975073,9
35,3.0,15,0.6,0.7755666113875068,0.15646384780477296,0.47542620044284717,9
35,2.75,15,0.6,0.7755666113875068,0.1564616022276316,0.4754669854883178,9
35,1.75,20,0.6,0.7755666113875068,0.1563995083908906,0.4754781831111953,9
35,2.5,15,0.6,0.7755666113875068,0.1564610309808895,0.47551049982986604,9
20,2.25,25,0.7,0.7996262075864067,0.15515861280313673,0.4755136616106809,9
35,3.0,10,0.6,0.7755666113875068,0.15646955922803005,0.4755520441461243,9
35,2.25,15,0.6,0.7755666113875068,0.15646214929512098,0.47555677040269273,9
20,3.0,15,0.7,0.7960988707257364,0.15519901530198613,0.47557272172622844,9
35,2.75,10,0.6,0.7755666113875068,0.15646755405214335,0.4755775130396925,9
20,2.0,20,0.7,0.7978625391560715,0.1551528115327723,0.4755863205799197,9
35,1.5,20,0.6,0.7772249861802101,0.15642788192417859,0.47559018086329563,9
35,2.5,10,0.6,0.7755666113875068,0.15646698050477487,0.47560564851437664,9
35,2.0,15,0.6,0.7755666113875068,0.15646497530398434,0.47560583098411807,9
35,2.25,10,0.6,0.7772249861802101,0.15646784094341332,0.4756364541036513,9
35,1.75,15,0.6,0.7755666113875068,0.1564695300417337,0.47565772215561225,9
20,2.75,15,0.7,0.7960988707257364,0.15521449054769473,0.47566116556425697,9
35,2.0,10,0.6,0.7772249861802101,0.1564701389386398,0.4756699366049961,9
20,2.0,25,0.7,0.7996262075864067,0.1551942096723046,0.47567187969932867,9
35,1.75,10,0.6,0.7772249861802101,0.15647387927632617,0.4757061060863741,9
35,1.5,15,0.6,0.7772249861802101,0.15647583744151167,0.47571249126789006,9
35,1.5,10,0.6,0.7772249861802101,0.15647906795891423,0.4757449758963868,9
20,2.5,15,0.7,0.7960988707257364,0.15523213485393395,0.4757538706061822,9
35,2.0,25,0.6,0.7755666113875068,0.15651376338961084,0.47576421159266896,9
35,1.75,25,0.6,0.7755666113875068,0.15650161486474243,0.4757665182658808,9
35,2.25,25,0.6,0.7739082365948037,0.15653051231812942,0.4757710159087569,9
35,1.5,25,0.6,0.7772249861802101,0.15649416582370043,0.4757782022166707,9
20,1.75,20,0.7,0.7960988707257364,0.15520546539025687,0.4757797172117812,9
35,2.5,25,0.6,0.7739082365948037,0.15655177362788356,0.4757866881601119,9
35,2.75,25,0.6,0.7739082365948037,0.15657746992357052,0.47581100799943715,9
35,1.0,10,0.6,0.7772249861802101,0.1564938204514656,0.47583088638699345,9
35,1.0,30,0.6,0.7772249861802101,0.1564938204514656,0.47583088638699345,9
35,1.0,25,0.6,0.7772249861802101,0.1564938204514656,0.47583088638699345,9
35,1.0,15,0.6,0.7772249861802101,0.1564938204514656,0.47583088638699345,9
35,1.0,20,0.6,0.7772249861802101,0.1564938204514656,0.47583088638699345,9
20,1.75,25,0.7,0.7978625391560715,0.15523449587903732,0.4758395585953642,9
40,2.25,30,0.6,0.7755666113875068,0.1570384056929107,0.47584067669791924,9
35,3.0,25,0.6,0.7740135302324356,0.15660753401624553,0.4758437772444409,9
20,2.25,15,0.7,0.7960988707257364,0.15525196532873956,0.47585086833423723,9
20,3.0,10,0.7,0.7960988707257364,0.1552679880654578,0.4758728877310811,9
20,2.75,10,0.7,0.7960988707257364,0.1552773799993329,0.475928399512193,9
20,2.0,15,0.7,0.7960988707257364,0.15527400034422592,0.4759521931504886,9
20,1.5,20,0.7,0.7960988707257364,0.15526160624069738,0.4759799736836699,9
20,2.5,10,0.7,0.7960988707257364,0.15528823733102604,0.4759868987818334,9
20,1.5,25,0.7,0.7978625391560715,0.15527957890932756,0.47601691082524805,9
20,2.25,10,0.7,0.7960988707257364,0.15530056726484132,0.4760484001155904,9
20,1.75,15,0.7,0.7960988707257364,0.15529825956431215,0.47605788242474145,9
20,2.0,10,0.7,0.7960988707257364,0.15531437758413286,0.4761129196190869,9
20,1.5,15,0.7,0.7960988707257364,0.15532476397249206,0.4761679765447734,9
20,1.75,10,0.7,0.7944404959330332,0.15532967665875763,0.4761804749506079,9
20,1.5,10,0.7,0.7944404959330332,0.15534647345198593,0.4762510853444868,9
40,2.5,30,0.6,0.7721445681644686,0.1572250682082908,0.4762983244456206,9
20,1.5,30,0.7,0.7978625391560715,0.15541655290639897,0.47637661973267087,9
20,1.75,30,0.7,0.7978625391560715,0.155441992432379,0.47638348402756214,9
20,1.0,20,0.7,0.7944404959330332,0.1553845990521807,0.476401556283115,9
20,1.0,25,0.7,0.7944404959330332,0.1553845990521807,0.476401556283115,9
20,1.0,30,0.7,0.7944404959330332,0.1553845990521807,0.476401556283115,9
20,1.0,10,0.7,0.7944404959330332,0.1553845990521807,0.476401556283115,9
20,1.0,15,0.7,0.7944404959330332,0.1553845990521807,0.476401556283115,9
20,2.0,30,0.7,0.7996262075864067,0.15547350389996517,0.47640274318636977,9
20,2.25,30,0.7,0.7996262075864067,0.15551092400985925,0.47643405711425874,9
35,1.5,30,0.6,0.7772249861802101,0.1567470138085999,0.47645908108864343,9
20,2.5,30,0.7,0.7996262075864067,0.155554099921247,0.47647710798723086,9
20,2.75,30,0.7,0.7996262075864067,0.1556028886594335,0.47653159893107155,9
20,3.0,30,0.7,0.7996262075864067,0.1556571565653125,0.4765972528119118,9
40,2.75,30,0.6,0.7687225249414303,0.157420566369757,0.47677385704305153,9
35,1.75,30,0.6,0.7755666113875068,0.1568857548687614,0.4767984026354289,9
35,2.0,30,0.6,0.777330279817842,0.15703235597554546,0.47715382936546047,9
40,3.0,30,0.6,0.7687225249414303,0.15762478988282552,0.47726680026457363,9
35,2.25,30,0.6,0.777330279817842,0.15718666103514994,0.4775248762808344,9
30,3.0,20,0.6,0.777330279817842,0.1567550873463036,0.47767340036485845,9
30,2.75,20,0.6,0.777330279817842,0.15677555957052666,0.47777648590801647,9
30,2.5,20,0.6,0.777330279817842,0.15679867210614237,0.4778843028334295,9
35,2.5,30,0.6,0.777330279817842,0.15734852950498493,0.47791109523514763,9
30,2.25,20,0.6,0.7756719050251388,0.1568244674028529,0.4779969387508657,9
30,2.0,20,0.6,0.7739082365948037,0.1568529923675342,0.47811449066329614,9
30,3.0,15,0.6,0.7739082365948037,0.1569168060745814,0.47811789146611783,9
30,2.75,15,0.6,0.7739082365948037,0.15692065586490062,0.47817237856287775,9
30,2.5,15,0.6,0.7739082365948037,0.1569261812761482,0.4782297427841224,9
30,1.75,20,0.6,0.7739082365948037,0.15688429843710236,0.47823706506979174,9
30,3.0,10,0.6,0.7739082365948038,0.15693577039225992,0.4782768049283999,9
30,2.25,15,0.6,0.7739082365948037,0.1569333970553978,0.47829001028246665,9
35,2.75,30,0.6,0.777330279817842,0.15751783536802894,0.47831207355120675,9
30,2.75,10,0.6,0.7739082365948038,0.15693851700921108,0.4783127516920918,9
30,2.5,10,0.6,0.7739082365948038,0.1569426017777525,0.4783512407691495,9
30,2.0,15,0.6,0.7739082365948037,0.1569423199318524,0.4783532117800179,9
30,1.5,20,0.6,0.7739082365948037,0.1569184416495523,0.47836477806183464,9
30,2.25,10,0.6,0.7739082365948038,0.15694802852764533,0.47839227946516616,9
30,3.0,25,0.6,0.7807523230408803,0.15702682476086083,0.4784037605600528,9
30,2.75,25,0.6,0.7789886546105451,0.15700854845772189,0.47840505112120124,9
30,2.5,25,0.6,0.7772249861802101,0.15699421965773355,0.4784139044555217,9
30,1.75,15,0.6,0.7739082365948037,0.15695296862946975,0.4784193825767471,9
30,2.25,25,0.6,0.7772249861802101,0.15698390635121906,0.47843048475364114,9
30,2.0,10,0.6,0.7756719050251389,0.15695480195698458,0.47843587735518767,9
30,2.0,25,0.6,0.7755666113875068,0.15697768394559194,0.4784549715032129,9
30,1.75,10,0.6,0.7756719050251389,0.1569629276372008,0.4784820462987581,9
30,1.75,25,0.6,0.7739082365948037,0.15697563554689054,0.47848755991917596,9
30,1.5,15,0.6,0.7740135302324358,0.15696536387963736,0.4784885625611363,9
30,1.5,25,0.6,0.7739082365948037,0.1569778522494167,0.47852846138734495,9
30,1.5,10,0.6,0.7756719050251389,0.1569724120171726,0.4785308004565337,9
30,1.0,25,0.6,0.7740135302324358,0.15699548707683528,0.4786361326736177,9
30,1.0,20,0.6,0.7740135302324358,0.15699548707683528,0.4786361326736177,9
30,1.0,15,0.6,0.7740135302324358,0.15699548707683528,0.4786361326736177,9
30,1.0,10,0.6,0.7740135302324358,0.15699548707683528,0.4786361326736177,9
30,1.0,30,0.6,0.7740135302324358,0.15699548707683528,0.4786361326736177,9
35,3.0,30,0.6,0.7721445681644686,0.15769446615885857,0.47872743266765627,9
28,3.0,20,0.6,0.7807523230408803,0.157022885652807,0.4790219984054944,9
28,2.75,20,0.6,0.7807523230408803,0.15704635691036983,0.4791326793808375,9
30,1.5,30,0.6,0.7739082365948037,0.15720733177780505,0.4791386365530348,9
28,2.5,20,0.6,0.7807523230408803,0.15707242542884087,0.4792480520111064,9
28,2.25,20,0.6,0.7807523230408803,0.15710113279888907,0.4793681995324184,9
30,1.75,30,0.6,0.7756719050251388,0.15732355829295425,0.47941065611462313,9
28,3.0,15,0.6,0.7790939482481771,0.157186151433817,0.4794773673394993,9
28,2.0,20,0.6,0.7807523230408803,0.15713252438532568,0.4794932130728843,9
28,2.75,15,0.6,0.7790939482481771,0.15719266875921817,0.47953776425773587,9
28,2.5,15,0.6,0.7790939482481771,0.15720085558569827,0.47960108102364946,9
28,1.75,20,0.6,0.7807523230408803,0.15716664939265654,0.47962319175468504,9
28,3.0,10,0.6,0.7756719050251389,0.15721189832376423,0.4796530250157001,9
28,2.25,15,0.6,0.7790939482481771,0.15721072658706345,0.47966734378124076,9
28,2.75,10,0.6,0.7756719050251389,0.1572165808679743,0.4796931432259879,9
30,2.0,30,0.6,0.777330279817842,0.15744644223932905,0.47969597107424217,9
28,3.0,25,0.6,0.7825159914712154,0.1572793157566924,0.47970111075333993,9
28,2.75,25,0.6,0.7842796599015505,0.15726631995091758,0.47971733539104694,9
28,2.5,10,0.6,0.7756719050251389,0.15722256060873516,0.4797357417949912,9
28,2.0,15,0.6,0.7790939482481771,0.15722229811273739,0.47973658250739526,9
28,2.5,25,0.6,0.7807523230408803,0.15725712358126656,0.47974083121234595,9
28,1.5,20,0.6,0.7807523230408803,0.15720356092973797,0.47975824279350615,9
28,2.25,25,0.6,0.7807523230408803,0.1572517941149398,0.479771751647565,9
28,2.25,10,0.6,0.7756719050251389,0.1572298418887074,0.47978082920478077,9
28,1.75,15,0.6,0.7790939482481771,0.15723558820279745,0.4798088310299926,9
28,2.0,25,0.6,0.7807523230408803,0.15725040545436902,0.47981026321408987,9
28,2.0,10,0.6,0.7773302798178421,0.1572384297975098,0.47982841586868,9
28,1.75,25,0.6,0.7807523230408803,0.1572530381790971,0.47985654591146776,9
28,1.75,10,0.6,0.7773302798178421,0.15724833017707004,0.4798785141473823,9
28,1.5,15,0.6,0.7773302798178421,0.15725061660296466,0.4798841270480041,9
28,1.5,25,0.6,0.7807523230408803,0.15725977979588932,0.4799107936346992,9
28,1.5,10,0.6,0.7773302798178421,0.15725954962619618,0.47993113836616985,9
30,2.25,30,0.6,0.7789886546105451,0.15757584044776862,0.47999420360775946,9
28,1.0,20,0.6,0.7773302798178421,0.1572859759341784,0.48004403185915984,9
28,1.0,25,0.6,0.7773302798178421,0.1572859759341784,0.48004403185915984,9
28,1.0,30,0.6,0.7773302798178421,0.1572859759341784,0.48004403185915984,9
28,1.0,10,0.6,0.7773302798178421,0.1572859759341784,0.48004403185915984,9
28,1.0,15,0.6,0.7773302798178421,0.1572859759341784,0.48004403185915984,9
30,2.5,30,0.6,0.7789886546105451,0.15771162155132468,0.4803050020365375,9
28,1.5,30,0.6,0.7789886546105451,0.15747962610534394,0.4804915915296917,9
30,2.75,30,0.6,0.7789886546105451,0.157853665306898,0.4806280397517393,9
28,1.75,30,0.6,0.7807523230408804,0.1575860986681637,0.48073463670636785,9
30,3.0,30,0.6,0.7789886546105451,0.15800186195364688,0.4809630142033547,9
28,2.0,30,0.6,0.7807523230408804,0.1576988012138293,0.48099002855618195,9
28,2.25,30,0.6,0.7807523230408804,0.15781759650005525,0.48125742442036984,9
25,3.0,20,0.6,0.7841743662639185,0.15754140803886785,0.4814134229582863,9
28,2.5,30,0.6,0.7807523230408804,0.15794235773952633,0.48153650434502776,9
25,2.75,20,0.6,0.7841743662639185,0.15756994803626848,0.4815366014985586,9
25,2.5,20,0.6,0.7841743662639185,0.15760101680995034,0.4816644118914841,9
25,2.25,20,0.6,0.7824106978335834,0.1576346545145674,0.48179693198589724,9
28,2.75,30,0.6,0.7807523230408804,0.1580729680173096,0.48182697009746434,9
25,3.0,15,0.6,0.7790939482481771,0.15770953250822772,0.4818912623159321,9
25,2.0,20,0.6,0.7824106978335834,0.15767090421000302,0.48193424566049853,9
25,2.75,15,0.6,0.7790939482481771,0.15772032773037992,0.48196096121493515,9
25,3.0,25,0.6,0.7875964094869568,0.15777284543040565,0.48201005479838976,9
25,2.5,15,0.6,0.7807523230408803,0.15773277243782952,0.48203361725147986,9
25,2.75,25,0.6,0.7859380346942536,0.157768534064174,0.4820502946421692,9
25,1.75,20,0.6,0.7807523230408803,0.15770981191818173,0.4820764429235289,9
25,3.0,10,0.6,0.7807523230408803,0.15774720117637386,0.482095901207988,9
25,2.5,25,0.6,0.7859380346942536,0.15776781443070242,0.48209741925349103,9
25,2.25,15,0.6,0.7807523230408803,0.15774688124590658,0.4821092567188196,9
28,3.0,30,0.6,0.7823054041959514,0.1582093197424005,0.48212854425244195,9
25,2.75,10,0.6,0.7807523230408803,0.15775483004066582,0.4821422033030647,9
25,2.25,25,0.6,0.7859380346942536,0.1577707525077547,0.48215156864257086,9
25,2.0,15,0.6,0.7807523230408803,0.1577626700516382,0.4821879088112484,9
25,2.5,10,0.6,0.7807523230408803,0.1577636887614016,0.4821908752072443,9
25,2.0,25,0.6,0.7824106978335834,0.15777741941543455,0.48221289314134086,9
25,1.5,20,0.6,0.7807523230408803,0.1577514266801117,0.482223620013541,9
25,2.25,10,0.6,0.7807523230408803,0.15777378233312822,0.482241926790852,9
25,1.75,15,0.6,0.7807523230408803,0.15778015605017756,0.48226960565079224,9
25,1.75,25,0.6,0.7824106978335834,0.15778789161238793,0.48228155375412257,9
25,2.0,10,0.6,0.7807523230408803,0.15778511633489697,0.4822953694114848,9
25,1.75,10,0.6,0.7807523230408803,0.15779769693570944,0.48235121593023167,9
25,1.5,15,0.6,0.7807523230408803,0.1577993577512049,0.4823543823156036,9
25,1.5,25,0.6,0.7824106978335834,0.15780225110053453,0.4823577225297344,9
25,1.5,10,0.6,0.7807523230408803,0.157811530899404,0.48240948072858014,9
15,3.0,20,0.7,0.7996262075864067,0.1570042055139276,0.4825163749456532,9
25,1.0,20,0.6,0.7807523230408803,0.1578429889700382,0.4825333303983455,9
25,1.0,15,0.6,0.7807523230408803,0.1578429889700382,0.4825333303983455,9
25,1.0,30,0.6,0.7807523230408803,0.1578429889700382,0.4825333303983455,9
25,1.0,25,0.6,0.7807523230408803,0.1578429889700382,0.4825333303983455,9
25,1.0,10,0.6,0.7807523230408803,0.1578429889700382,0.4825333303983455,9
15,3.0,25,0.7,0.7996262075864067,0.15705556299333115,0.48257394419437727,9
15,2.75,20,0.7,0.7996262075864067,0.15705798546114186,0.48271359714033235,9
15,2.75,25,0.7,0.7996262075864067,0.15709915180815034,0.48275582020329416,9
25,1.5,30,0.6,0.7841743662639185,0.15800711835783368,0.48289277105952877,9
15,2.5,20,0.7,0.7996262075864067,0.15711468999565628,0.48291670291098665,9
15,2.5,25,0.7,0.7996262075864067,0.15714666304105285,0.48294574854070416,9
25,1.75,30,0.6,0.7841743662639185,0.15809792385430738,0.48308977562362354,9
15,2.25,20,0.7,0.7996262075864067,0.1571743671105796,0.4831257858333246,9
15,2.25,25,0.7,0.7996262075864067,0.15719818167255825,0.4831438967516008,9
15,3.0,15,0.7,0.7978625391560716,0.15725790343900245,0.48328763541668707,9
25,2.0,30,0.6,0.7841743662639185,0.15819437034089837,0.48329787339488295,9
15,2.0,20,0.7,0.7996262075864067,0.15723706690180198,0.48334094395963983,9
15,2.0,25,0.7,0.7996262075864067,0.15725379697502065,0.4833504413680396,9
40,3.0,20,0.5,0.7667482692358314,0.1595957623191964,0.48337891401933386,9
15,2.75,15,0.7,0.7978625391560716,0.15728377475064417,0.48339622481837335,9
40,2.75,20,0.5,0.7685119376661665,0.15959755039512563,0.48341564939766485,9
40,2.5,20,0.5,0.7701703124588697,0.15960146464165756,0.48345612280630096,9
40,2.25,20,0.5,0.7701703124588697,0.1596075524597809,0.4835004594672032,9
15,2.5,15,0.7,0.7978625391560716,0.15731154638736367,0.4835086000017614,9
25,2.25,30,0.6,0.7841743662639185,0.15829632976004013,0.48351676661393633,9
40,2.0,20,0.5,0.7701703124588697,0.15961586669395236,0.4835487974561922,9
15,1.75,20,0.7,0.7996262075864067,0.15730284165678815,0.483562279998288,9
15,1.75,25,0.7,0.7996262075864067,0.15731360273571485,0.4835655683836012,9
40,3.0,15,0.5,0.7701703124588697,0.15969068889692373,0.4835714216510926,9
40,2.75,15,0.5,0.7701703124588697,0.1596847268178844,0.4835930664098277,9
40,1.75,20,0.5,0.7684066440285346,0.15962646569994676,0.4836012877741097,9
40,2.5,15,0.5,0.7701703124588697,0.15967976869996553,0.4836160594204194,9
15,2.25,15,0.7,0.7978625391560716,0.1573412367389488,0.4836247961745211,9
40,3.0,10,0.5,0.7684066440285346,0.15967756858743706,0.48362869341924664,9
40,2.25,15,0.5,0.7701703124588697,0.15967583927111162,0.4836404485005401,9
40,2.75,10,0.5,0.7684066440285346,0.15967335104100103,0.48364214919685306,9
40,2.5,10,0.5,0.7684066440285346,0.15967014815293484,0.4836573294711818,9
40,1.5,20,0.5,0.7684066440285346,0.15963941341483054,0.48365809436170626,9
40,2.0,15,0.5,0.7701703124588697,0.159672965447947,0.48366628678711826,9
15,3.0,10,0.7,0.7978625391560716,0.15736246719201705,0.4836688807387222,9
40,2.25,10,0.5,0.7684066440285346,0.15966796611313905,0.48367424502700523,9
40,2.0,10,0.5,0.7684066440285346,0.15966681188161594,0.4836929087486669,9
40,1.75,15,0.5,0.7684066440285346,0.1596711762974506,0.48369363265929066,9
40,1.75,10,0.5,0.7684066440285346,0.1596666931865095,0.4837133356200279,9
40,1.5,15,0.5,0.7684066440285346,0.15967050300163393,0.48372254965865263,9
15,2.75,10,0.7,0.7978625391560716,0.15737779320838152,0.48373469714686074,9
40,1.5,10,0.5,0.7684066440285346,0.1596676185226293,0.4837355427271189,9
15,2.0,15,0.7,0.7978625391560716,0.1573728650362652,0.48374485038895276,9
25,2.5,30,0.6,0.7841743662639185,0.15840368271621857,0.48374617592030966,9
15,3.0,30,0.7,0.8012845823791097,0.15753316148704305,0.48376358625624327,9
40,1.0,20,0.5,0.7701703124588697,0.15967263909557775,0.48378537653955433,9
40,1.0,25,0.5,0.7701703124588697,0.15967263909557775,0.48378537653955433,9
40,1.0,15,0.5,0.7701703124588697,0.15967263909557775,0.48378537653955433,9
40,1.0,10,0.5,0.7701703124588697,0.15967263909557775,0.48378537653955433,9
40,1.0,30,0.5,0.7701703124588697,0.15967263909557775,0.48378537653955433,9
15,1.5,25,0.7,0.7996262075864067,0.15737769749448988,0.4837894737611632,9
15,1.5,20,0.7,0.7996262075864067,0.1573717459485455,0.48378990150433077,9
15,2.75,30,0.7,0.8012845823791097,0.15751398541422248,0.4837900955704092,9
15,2.5,10,0.7,0.7978625391560716,0.1573943203355355,0.48380294587332107,9
15,2.5,30,0.7,0.8012845823791097,0.15749951932964562,0.48382636958107195,9
15,1.75,15,0.7,0.7978625391560716,0.15740645138141407,0.48386880159973195,9
15,2.25,30,0.7,0.7995209139487747,0.15748988843952674,0.4838726630658112,9
15,2.25,10,0.7,0.7978625391560716,0.15741205644670678,0.48387364257394794,9
15,2.0,30,0.7,0.7995209139487747,0.1574852251232003,0.48392924591879943,9
15,2.0,10,0.7,0.7978625391560716,0.1574310097811814,0.4839468037869126,9
40,1.5,25,0.5,0.7684066440285346,0.1597464429875851,0.4839568639374802,9
25,2.75,30,0.6,0.7874911158493247,0.15851631800201657,0.4839858394827097,9
15,1.75,30,0.7,0.7995209139487747,0.15748566939951003,0.4839964041526739,9
15,1.5,15,0.7,0.7978625391560716,0.1574420167792538,0.483996690725047,9
15,1.75,10,0.7,0.7978625391560716,0.15745118895341387,0.48402244695361063,9
40,1.75,25,0.5,0.7684066440285346,0.1597902152776161,0.48405722771494175,9
15,1.5,30,0.7,0.7995209139487747,0.1574913694316262,0.48407444098785046,9
15,1.5,10,0.7,0.7978625391560716,0.1574726029623369,0.48410059044044307,9
40,2.0,25,0.5,0.7701703124588697,0.1598384455577454,0.4841669138675134,9
25,3.0,30,0.6,0.7892547842796599,0.1586341321555654,0.48423551220043964,9
15,1.0,25,0.7,0.7978625391560716,0.15751917346583805,0.484264456602506,9
15,1.0,20,0.7,0.7978625391560716,0.15751917346583805,0.484264456602506,9
15,1.0,30,0.7,0.7978625391560716,0.15751917346583805,0.484264456602506,9
15,1.0,15,0.7,0.7978625391560716,0.15751917346583805,0.484264456602506,9
15,1.0,10,0.7,0.7978625391560716,0.15751917346583805,0.484264456602506,9
40,2.25,25,0.5,0.7666429755981995,0.15989105277955862,0.4842856301467249,9
22,3.0,20,0.6,0.7841743662639185,0.1582336748878815,0.4843414422723519,9
40,2.5,25,0.5,0.7684066440285346,0.15994796376419876,0.4844131047028267,9
22,2.75,20,0.6,0.7841743662639185,0.1582680538241697,0.48447845010639834,9
40,2.75,25,0.5,0.7685119376661665,0.16000911274127994,0.4845490856804137,9
22,2.5,20,0.6,0.7841743662639185,0.15830488214399283,0.484620014097919,9
40,3.0,25,0.5,0.7702756060965016,0.16007444093787834,0.48469334075156606,9
22,2.25,20,0.6,0.7841743662639185,0.15834419840566066,0.4847662078331343,9
22,3.0,25,0.6,0.7910184527099949,0.15843702343052413,0.48484770648393233,9
22,3.0,15,0.6,0.7825159914712153,0.1584100938753139,0.4848494903217243,9
40,1.5,30,0.5,0.7684066440285346,0.16008785743347528,0.4848527712109405,9
22,2.75,25,0.6,0.7893600779172919,0.15844248646133868,0.48491406485089544,9
22,2.0,20,0.6,0.7841743662639185,0.1583860433875539,0.4849171094977715,9
22,2.75,15,0.6,0.7825159914712153,0.15842553063753753,0.48492895915234346,9
22,2.5,25,0.6,0.7875964094869568,0.15845134274135464,0.4849869630331168,9
22,2.5,15,0.6,0.7807523230408803,0.15844257939975623,0.4850113797367135,9
22,2.25,25,0.6,0.7859380346942536,0.158463656070382,0.48506653044525483,9
22,1.75,20,0.6,0.7841743662639185,0.1584304601390247,0.4850728019745127,9
22,3.0,10,0.6,0.7807523230408803,0.1584619491266497,0.48508773101023756,9
22,2.25,15,0.6,0.7807523230408803,0.15846125470132097,0.48509677854572675,9
22,2.75,10,0.6,0.7807523230408803,0.1584725785058527,0.48514005343435085,9
22,2.0,25,0.6,0.7859380346942536,0.15847949433111236,0.48515290467327193,9
22,2.0,15,0.6,0.7807523230408803,0.15848157204691316,0.4851851842145744,9
22,2.5,10,0.6,0.7807523230408803,0.15848436090664286,0.48519460914812623,9
22,1.5,20,0.6,0.7825159914712153,0.158477494032422,0.4852333729437157,9
22,1.75,25,0.6,0.7859380346942536,0.15849892965296555,0.4852462317889706,9
22,2.25,10,0.6,0.7807523230408803,0.158497301799315,0.485251408938622,9
22,1.75,15,0.6,0.7807523230408803,0.15850354792292587,0.4852766275733229,9
35,3.0,20,0.5,0.7719339808892047,0.15980933320944982,0.4852837736123705,9
22,2.0,10,0.6,0.7807523230408803,0.15851140710105088,0.4853104647106792,9
35,2.75,20,0.5,0.7736976493195399,0.15981618106357517,0.48533458567184806,9
22,1.5,25,0.6,0.7859380346942536,0.1585220385846011,0.48534666668618104,9
22,1.5,15,0.6,0.7807523230408803,0.15852719981397417,0.485371141679086,9
22,1.75,10,0.6,0.7807523230408803,0.158526683181214,0.4853717895021526,9
35,2.5,20,0.5,0.7736976493195399,0.1598249960157496,0.48538879885132374,9
40,1.75,30,0.5,0.7701703124588697,0.16030943037485657,0.48541632688972364,9
22,1.5,10,0.6,0.7807523230408803,0.15854313686632052,0.4854353974996417,9
35,2.25,20,0.5,0.7736976493195399,0.1598358197503803,0.4854465094920499,9
35,3.0,15,0.5,0.7720392745268367,0.15990089526518456,0.4854859649386152,9
35,2.0,20,0.5,0.7719339808892047,0.15984869795178414,0.48550782274976506,9
35,2.75,15,0.5,0.7720392745268367,0.1598997123427466,0.485518528653218,9
35,2.5,15,0.5,0.7720392745268367,0.15989957129081628,0.48555261855095083,9
35,3.0,10,0.5,0.7702756060965016,0.1598952539056773,0.4855617982869505,9
22,1.0,30,0.6,0.7807523230408803,0.15857960667062496,0.48556952570081013,9
22,1.0,25,0.6,0.7807523230408803,0.15857960667062496,0.48556952570081013,9
22,1.0,20,0.6,0.7807523230408803,0.15857960667062496,0.48556952570081013,9
22,1.0,15,0.6,0.7807523230408803,0.15857960667062496,0.48556952570081013,9
22,1.0,10,0.6,0.7807523230408803,0.15857960667062496,0.48556952570081013,9
35,1.75,20,0.5,0.7719339808892047,0.15986368037126406,0.4855728526817058,9
35,2.75,10,0.5,0.7702756060965016,0.15989514155399356,0.4855844679259788,9
35,2.25,15,0.5,0.7702756060965016,0.1599004916546315,0.48558827115722397,9
35,2.5,10,0.5,0.7702756060965016,0.15989599762227893,0.4856088408567652,9
35,2.0,15,0.5,0.7702756060965016,0.15990249461330153,0.4856255267901432,9
35,2.25,10,0.5,0.7702756060965016,0.1598978274350013,0.48563492702062416,9
35,1.5,20,0.5,0.7701703124588697,0.15988082089581607,0.48564172231336994,9
35,2.0,10,0.5,0.7702756060965016,0.1599006369414424,0.48566273797423865,9
35,1.75,15,0.5,0.7702756060965016,0.1599056029746505,0.4856644295459125,9
35,1.75,10,0.5,0.7685119376661665,0.15990443271864507,0.48569228689859667,9
35,1.5,15,0.5,0.7685119376661665,0.1599098411717259,0.48570502728475456,9
35,1.5,10,0.5,0.7667482692358314,0.1599092219744552,0.48572358860944564,9
35,1.0,20,0.5,0.7667482692358314,0.15992181292595647,0.4857915179012018,9
35,1.0,15,0.5,0.7667482692358314,0.15992181292595647,0.4857915179012018,9
35,1.0,25,0.5,0.7667482692358314,0.15992181292595647,0.4857915179012018,9
35,1.0,30,0.5,0.7667482692358314,0.15992181292595647,0.4857915179012018,9
35,1.0,10,0.5,0.7667482692358314,0.15992181292595647,0.4857915179012018,9
22,1.5,30,0.6,0.7859380346942536,0.1587110019227036,0.48583332325366196,9
35,1.5,25,0.5,0.7701703124588697,0.15997961587107443,0.4859136420066166,9
22,1.75,30,0.6,0.7859380346942536,0.15878461909994931,0.4859808171539553,9
35,1.75,25,0.5,0.7736976493195399,0.16001439740370432,0.48598658911822096,9
40,2.0,30,0.5,0.7684066440285346,0.1605401219702723,0.4859990098422197,9
35,2.0,25,0.5,0.7754613177498749,0.16005298890640687,0.48606714506664694,9
22,2.0,30,0.6,0.7859380346942536,0.15886334459327373,0.48613833220059693,9
35,2.25,25,0.5,0.7736976493195399,0.16009531625225992,0.4861550924787512,9
35,2.5,25,0.5,0.7736976493195399,0.16014131162723952,0.4862502283882638,9
22,2.25,30,0.6,0.7893600779172919,0.1589470594856009,0.4863056067900832,9
35,2.75,25,0.5,0.7719339808892047,0.16019091320860826,0.48635236388455233,9
35,3.0,25,0.5,0.7720392745268367,0.16024406486915624,0.4864613237503616,9
22,2.5,30,0.6,0.7910184527099949,0.15903565203388978,0.48648239435624174,9
40,2.25,30,0.5,0.7667482692358314,0.16077980428729385,0.48660028320726695,9
20,3.0,20,0.6,0.7877017031245886,0.15881705067487906,0.4866608328873628,9
22,2.75,30,0.6,0.7910184527099949,0.15912901727178047,0.48666846259346375,9
35,1.5,30,0.5,0.7701703124588697,0.1602916453325269,0.4867263704752165,9
20,2.75,20,0.6,0.7877017031245886,0.15885579751727266,0.4868077607952663,9
22,3.0,30,0.6,0.7910184527099949,0.159227056641251,0.4868635927469417,9
20,2.5,20,0.6,0.7860433283318856,0.15889693066125365,0.4869591752965372,9
20,3.0,25,0.6,0.7910184527099949,0.15899952468264475,0.4871018020751554,9
20,2.25,20,0.6,0.7860433283318856,0.15894048750305767,0.48711514755643864,9
20,2.75,25,0.6,0.7910184527099949,0.15901221374601004,0.48718679638230294,9
20,3.0,15,0.6,0.7859380346942536,0.15900111857851867,0.4871933579040658,9
35,1.75,30,0.5,0.7738029429571718,0.16048792959174826,0.48721717690823446,9
40,2.5,30,0.5,0.7686172313037984,0.16102835979974342,0.48721964606563944,9
20,2.0,20,0.6,0.7860433283318856,0.15898650729961894,0.4872757526015509,9
20,2.5,25,0.6,0.7893600779172919,0.15902816368146577,0.4872781104927145,9
20,2.75,15,0.6,0.7859380346942536,0.159019868985044,0.48727954233945525,9
20,2.5,15,0.6,0.7842796599015505,0.15904019376337655,0.4873686445717498,9
20,2.25,25,0.6,0.7877017031245886,0.1590474365134304,0.4873758679906373,9
20,1.75,20,0.6,0.7860433283318856,0.15903503121706553,0.48744106941631216,9
20,3.0,10,0.6,0.7825159914712153,0.1590637853741916,0.4874564697354684,9
20,2.25,15,0.6,0.7826212851088472,0.15906210734565568,0.4874606911048742,9
20,2.0,25,0.6,0.7860433283318856,0.15907009777416892,0.4874801995037201,9
20,2.75,10,0.6,0.7825159914712153,0.15907644538165072,0.48751265545066264,9
20,2.0,15,0.6,0.7826212851088472,0.1590856249599023,0.4875557102156859,9
20,2.5,10,0.6,0.7825159914712153,0.1590902003881833,0.48757096612490564,9
20,1.75,25,0.6,0.7860433283318856,0.15909621665176926,0.4875912429969225,9
20,1.5,20,0.6,0.7860433283318856,0.1590861023808434,0.4876111810437902,9
20,2.25,10,0.6,0.7825159914712153,0.1591050560637884,0.48763141288198003,9
20,1.75,15,0.6,0.7826212851088472,0.1591107626460644,0.4876537319855641,9
20,2.0,10,0.6,0.7826212851088472,0.15912101844772678,0.4876940077569297,9
20,1.5,25,0.6,0.7860433283318856,0.15912586614673996,0.48770914408727795,9
35,2.0,30,0.5,0.7738029429571718,0.1606916182140162,0.48772298819447485,9
20,1.5,15,0.6,0.7826212851088472,0.1591375372723394,0.4877547883335958,9
20,1.75,10,0.6,0.7826212851088472,0.1591380939536638,0.4877587637102947,9
20,1.5,10,0.6,0.7826212851088472,0.15915628937463583,0.4878256946427959,9
40,2.75,30,0.5,0.7669588565110952,0.16128568025304815,0.487856632101527,9
30,3.0,20,0.5,0.7703808997341335,0.16025699233919344,0.4879453994998621,9
20,1.0,10,0.6,0.7843849535391825,0.15919606905919126,0.48796614184041154,9
20,1.0,15,0.6,0.7843849535391825,0.15919606905919126,0.48796614184041154,9
20,1.0,20,0.6,0.7843849535391825,0.15919606905919126,0.48796614184041154,9
20,1.0,25,0.6,0.7843849535391825,0.15919606905919126,0.48796614184041154,9
20,1.0,30,0.6,0.7843849535391825,0.15919606905919126,0.48796614184041154,9
30,2.75,20,0.5,0.7721445681644687,0.16027007876407848,0.4880130407094414,9
30,2.5,20,0.5,0.7721445681644687,0.16028501380663981,0.48808388080046533,9
30,2.25,20,0.5,0.7721445681644687,0.16030183372626342,0.48815799500792334,9
20,1.5,30,0.6,0.7860433283318856,0.15930350619396716,0.4881616492273539,9
30,3.0,15,0.5,0.7721445681644687,0.16035046775576534,0.48817217034728155,9
30,2.75,15,0.5,0.7721445681644687,0.16035473375872444,0.4882170652061316,9
30,2.0,20,0.5,0.7721445681644687,0.16032057755776893,0.4882354643705489,9
35,2.25,30,0.5,0.7739082365948037,0.16090259292828757,0.4882434012731484,9
30,2.5,15,0.5,0.7721445681644687,0.16036007495886775,0.4882636595506984,9
20,1.75,30,0.6,0.7877017031245886,0.15936463816901741,0.48827401009161875,9
30,3.0,10,0.5,0.7721445681644687,0.16035666745110239,0.4882773687661457,9
30,2.75,10,0.5,0.7738029429571718,0.16036078907357,0.4883093883727403,9
30,2.25,15,0.5,0.7721445681644687,0.16036650725156543,0.48831198239393875,9
30,1.75,20,0.5,0.7738029429571718,0.1603412871652634,0.4883163758132286,9
30,2.5,10,0.5,0.7738029429571718,0.16036582949678463,0.48834307162294954,9
30,2.0,15,0.5,0.7738029429571718,0.16037404768913516,0.48836206534114524,9
30,2.25,10,0.5,0.7738029429571718,0.16037179358636264,0.4883784279960579,9
20,2.0,30,0.6,0.7893600779172919,0.1594305503689751,0.4883957629835577,9
30,1.5,20,0.5,0.7738029429571718,0.16036400729758327,0.48840082222515263,9
30,1.75,15,0.5,0.7738029429571718,0.16038271448891667,0.4884139426031147,9
30,2.0,10,0.5,0.7738029429571718,0.16037868668411506,0.4884154681518314,9
30,1.75,10,0.5,0.7720392745268367,0.16038651461249506,0.4884542039421524,9
30,1.5,15,0.5,0.7738029429571718,0.16039252704224782,0.4884676510106842,9
30,1.5,10,0.5,0.7720392745268367,0.1603952836789627,0.488494648423426,9
40,3.0,30,0.5,0.7669588565110952,0.16155166566939028,0.4885108082182247,9
20,2.25,30,0.6,0.7910184527099949,0.1595011297942436,0.4885266661155986,9
30,1.0,10,0.5,0.7720392745268367,0.16041567290641398,0.4885807217870515,9
30,1.0,15,0.5,0.7720392745268367,0.16041567290641398,0.4885807217870515,9
30,1.0,20,0.5,0.7720392745268367,0.16041567290641398,0.4885807217870515,9
30,1.0,25,0.5,0.7720392745268367,0.16041567290641398,0.4885807217870515,9
30,1.0,30,0.5,0.7720392745268367,0.16041567290641398,0.4885807217870515,9
30,1.5,25,0.5,0.7738029429571718,0.1604533155156783,0.4886416820250449,9
20,2.5,30,0.6,0.7910184527099949,0.15957626979958586,0.48866649095515335,9
30,1.75,25,0.5,0.7738029429571718,0.1604772050434483,0.4886819884913737,9
30,2.0,25,0.5,0.7721445681644687,0.16050437816873223,0.4887286141708157,9
35,2.5,30,0.5,0.7721445681644686,0.16112074442509192,0.48877803857657454,9
30,2.25,25,0.5,0.7721445681644687,0.1605347696880962,0.48878139798527176,9
20,2.75,30,0.6,0.7910184527099949,0.1596558697351662,0.48881502150278394,9
30,2.5,25,0.5,0.7720392745268367,0.16056831908767014,0.48884018864498024,9
30,2.75,25,0.5,0.7720392745268367,0.160604970330349,0.48890484436523046,9
20,3.0,30,0.6,0.7910184527099949,0.15973983461487634,0.48897205363271784,9
30,3.0,25,0.5,0.7738029429571718,0.16064467165730775,0.48897523259234593,9
28,3.0,20,0.5,0.7703808997341335,0.16052016393761967,0.4892749446841125,9
35,2.75,30,0.5,0.7721445681644686,0.161345971591718,0.4893265470578684,9
28,2.75,20,0.5,0.7703808997341335,0.16053614891419354,0.4893501728871051,9
30,1.5,30,0.5,0.7738029429571718,0.1607352445325353,0.4893683226905481,9
28,2.5,20,0.5,0.7721445681644687,0.16055394283595983,0.4894285474481836,9
28,2.25,20,0.5,0.7721445681644687,0.16057357991761606,0.48951013706261887,9
28,3.0,15,0.5,0.7721445681644687,0.16061622657690552,0.48951633470097683,9
28,2.75,15,0.5,0.7721445681644687,0.16062288673034156,0.4895665547629794,9
28,2.0,20,0.5,0.7721445681644687,0.16059509673144995,0.48959501528114124,9
28,2.5,15,0.5,0.7721445681644687,0.16063063164637448,0.4896185358064604,9
28,3.0,10,0.5,0.7721445681644687,0.16062854437572166,0.4896364766858727,9
28,2.75,10,0.5,0.7721445681644687,0.1606343987739059,0.48967223798320464,9
28,2.25,15,0.5,0.7721445681644687,0.1606394760915449,0.48967230465408385,9
28,1.75,20,0.5,0.7721445681644687,0.1606185322552348,0.4896832605876418,9
28,2.5,10,0.5,0.7721445681644687,0.16064114969951138,0.48970963846648335,9
28,2.0,15,0.5,0.7721445681644687,0.1606494358228822,0.48972789032395003,9
28,2.25,10,0.5,0.7721445681644687,0.1606488019046359,0.4897486874731253,9
28,1.5,20,0.5,0.7721445681644687,0.1606439279216721,0.4897749564756675,9
30,1.75,30,0.5,0.7755666113875068,0.16090420127038246,0.48978031504911335,9
28,1.75,15,0.5,0.7721445681644687,0.1606605275979484,0.48978532404762354,9
28,2.0,10,0.5,0.7721445681644687,0.1606573605600454,0.4897893953640879,9
28,1.75,10,0.5,0.7738029429571718,0.16066683125964232,0.4898317735354485,9
28,1.5,15,0.5,0.7721445681644687,0.16067276918557735,0.48984463928953637,9
28,1.5,10,0.5,0.7755666113875068,0.1606772200248288,0.48987583443056404,9
35,3.0,30,0.5,0.7721445681644686,0.16157818082107375,0.4898885972354552,9
28,1.0,30,0.5,0.7738029429571718,0.16070077800032262,0.4899690594789944,9
28,1.0,25,0.5,0.7738029429571718,0.16070077800032262,0.4899690594789944,9
28,1.0,10,0.5,0.7738029429571718,0.16070077800032262,0.4899690594789944,9
28,1.0,15,0.5,0.7738029429571718,0.16070077800032262,0.4899690594789944,9
28,1.0,20,0.5,0.7738029429571718,0.16070077800032262,0.4899690594789944,9
28,1.5,25,0.5,0.7721445681644687,0.16072897112811518,0.4900019559958559,9
28,1.75,25,0.5,0.7721445681644687,0.16074785606758063,0.49002757629592547,9
28,2.0,25,0.5,0.7721445681644687,0.16076984415605214,0.4900591057579222,9
28,2.25,25,0.5,0.7721445681644687,0.16079487396431957,0.4900964010340903,9
28,2.5,25,0.5,0.7721445681644687,0.1608228881469828,0.4901393270869174,9
28,2.75,25,0.5,0.7721445681644687,0.16085383326338779,0.490187756932676,9
30,2.0,30,0.5,0.7722498618021006,0.16107911948588238,0.490204006998131,9
28,3.0,25,0.5,0.7720392745268367,0.1608876596102129,0.49024157139723834,9
30,2.25,30,0.5,0.7721445681644686,0.16125989448110076,0.49063910026933183,9
28,1.5,30,0.5,0.7721445681644687,0.1609984580077147,0.4906928692466129,9
28,1.75,30,0.5,0.7739082365948038,0.16115569857660206,0.49107123285744453,9
30,2.5,30,0.5,0.7721445681644686,0.16144642862566955,0.49108531406931,9
28,2.0,30,0.5,0.7722498618021006,0.16131839642808998,0.4914601905517501,9
30,2.75,30,0.5,0.7739082365948037,0.16163863086157051,0.4915423843736464,9
25,3.0,20,0.5,0.7704861933717655,0.16102888366923696,0.4916188811775199,9
25,2.75,20,0.5,0.7704861933717655,0.161049722656203,0.49170645652257655,9
25,2.5,20,0.5,0.7704861933717655,0.16107231506537653,0.49179711873632453,9
28,2.25,30,0.5,0.7704861933717655,0.16148645280707136,0.4918594782030781,9
25,3.0,15,0.5,0.7721445681644687,0.16113112856698078,0.49188782208308,9
25,2.25,20,0.5,0.7722498618021008,0.16109669220913692,0.49189092845308796,9
25,2.75,15,0.5,0.7721445681644687,0.16114163704011594,0.4919464264841155,9
25,2.0,20,0.5,0.7739082365948039,0.16112288721494775,0.49198794998822987,9
25,2.5,15,0.5,0.7739082365948039,0.16115323752144695,0.4920068681070284,9
30,3.0,30,0.5,0.7739082365948037,0.1618364162490789,0.49201006326087593,9
25,3.0,10,0.5,0.7739082365948039,0.1611542632490736,0.4920338987651413,9
25,2.25,15,0.5,0.7739082365948039,0.16116594335290974,0.4920691711449325,9
25,2.75,10,0.5,0.7739082365948039,0.16116276113288608,0.4920752238847473,9
25,1.75,20,0.5,0.7739082365948039,0.16115093506496767,0.49208825140781415,9
25,2.5,10,0.5,0.7739082365948039,0.16117211778572893,0.4921181385054107,9
25,2.0,15,0.5,0.7739082365948039,0.16117976864563466,0.492133361474726,9
25,2.25,10,0.5,0.7739082365948039,0.16118233782425448,0.4921626517416976,9
25,1.5,20,0.5,0.7739082365948039,0.16118087263710212,0.4921919045995419,9
25,1.75,15,0.5,0.7739082365948039,0.16119472829084242,0.4921994666781571,9
25,2.0,10,0.5,0.7739082365948039,0.16119342620201252,0.49220877351702114,9
25,1.75,10,0.5,0.7739082365948039,0.16120538821360056,0.49225651457438396,9
25,1.5,15,0.5,0.7739082365948039,0.16121083797120964,0.49226751606412134,9
28,2.5,30,0.5,0.7704861933717655,0.16165977526080383,0.4922688466023763,9
25,1.5,10,0.5,0.7739082365948039,0.16121822949871212,0.4923058864875007,9
25,1.5,25,0.5,0.7739082365948039,0.16125887774249145,0.49239631168678305,9
25,1.75,25,0.5,0.7739082365948039,0.16126943989802506,0.4923980286751592,9
25,2.0,25,0.5,0.7722498618021008,0.16128286211887857,0.4924051377417294,9
25,1.0,30,0.5,0.7739082365948039,0.16124657419720795,0.4924095733988982,9
25,1.0,25,0.5,0.7739082365948039,0.16124657419720795,0.4924095733988982,9
25,1.0,20,0.5,0.7739082365948039,0.16124657419720795,0.4924095733988982,9
25,1.0,15,0.5,0.7739082365948039,0.16124657419720795,0.4924095733988982,9
25,1.0,10,0.5,0.7739082365948039,0.16124657419720795,0.4924095733988982,9
25,2.25,25,0.5,0.7722498618021008,0.16129908856672004,0.49241751746741336,9
25,2.5,25,0.5,0.7722498618021006,0.16131806666638787,0.4924350529018886,9
25,2.75,25,0.5,0.7722498618021006,0.1613397469675441,0.4924576353441398,9
25,3.0,25,0.5,0.7704861933717655,0.16136408301515073,0.4924851621366347,9
40,3.0,10,0.4,0.7580352207217879,0.16283437370656348,0.4925207569567027,9
40,2.75,10,0.4,0.7580352207217879,0.16283024180538616,0.49252804925922017,9
40,3.0,15,0.4,0.759798889152123,0.16286669832518566,0.49253001776411753,9
40,2.5,10,0.4,0.7580352207217879,0.16282678300743436,0.492536425888903,9
40,2.75,15,0.4,0.759798889152123,0.16285862562625766,0.49253713621146833,9
40,2.5,15,0.4,0.7580352207217879,0.16285116064707,0.4925449830135289,9
40,2.25,10,0.4,0.7580352207217879,0.16282400585720241,0.4925459020849906,9
40,2.25,15,0.4,0.7580352207217879,0.1628443293154926,0.49255360821499866,9
40,2.0,10,0.4,0.7580352207217879,0.16282191919831343,0.4925564939544736,9
40,2.0,15,0.4,0.7580352207217879,0.16283815873726826,0.4925630649073754,9
40,1.75,10,0.4,0.759798889152123,0.1628205321718331,0.49256821847595006,9
40,1.75,15,0.4,0.759798889152123,0.16283267714904773,0.49257340915752823,9
40,2.0,20,0.4,0.7545078838611177,0.1628270523978738,0.4925744839937264,9
40,2.25,20,0.4,0.7545078838611177,0.16283340749134323,0.4925745987345472,9
40,1.75,20,0.4,0.7580352207217879,0.1628225471292616,0.4925778612090041,9
40,2.5,20,0.4,0.7562715522914528,0.16284156417227852,0.492578076284117,9
40,1.5,10,0.4,0.759798889152123,0.1628198542147599,0.4925810935039964,9
40,1.5,15,0.4,0.759798889152123,0.16282791387328277,0.492584699930593,9
40,2.75,20,0.4,0.7580352207217879,0.16285147765443872,0.49258479654593124,9
40,1.5,20,0.4,0.7580352207217879,0.1628199433855767,0.49258486855066785,9
40,3.0,20,0.4,0.7581405143594198,0.16286310659554562,0.49259464845064777,9
40,1.0,30,0.4,0.759798889152123,0.1628206647289273,0.4926103709086185,9
40,1.0,15,0.4,0.759798889152123,0.1628206647289273,0.4926103709086185,9
40,1.0,10,0.4,0.759798889152123,0.1628206647289273,0.4926103709086185,9
40,1.0,25,0.4,0.759798889152123,0.1628206647289273,0.4926103709086185,9
40,1.0,20,0.4,0.759798889152123,0.1628206647289273,0.4926103709086185,9
28,2.75,30,0.5,0.7739082365948037,0.16183827722419242,0.49268806083470423,9
40,1.5,25,0.4,0.7580352207217879,0.1629624217233874,0.4929711569276377,9
25,1.5,30,0.5,0.7756719050251389,0.1615090249690735,0.49303170170131616,9
28,3.0,30,0.5,0.7739082365948037,0.162021877638665,0.4931168996982478,9
40,1.75,25,0.4,0.7562715522914528,0.163039565904842,0.49316514202799233,9
25,1.75,30,0.5,0.7756719050251389,0.1616476073102921,0.49335696759428643,9
40,2.0,25,0.4,0.7562715522914528,0.16312080208161017,0.4933678380914188,9
40,2.25,25,0.4,0.7545078838611177,0.16320607194895953,0.493579000419323,9
25,2.0,30,0.5,0.7740135302324358,0.16179096515002522,0.49369138621347286,9
40,2.5,25,0.4,0.7562715522914528,0.16329532120423734,0.4937983986072815,9
40,1.5,30,0.4,0.759798889152123,0.16336457191056442,0.4939995850848329,9
40,2.75,25,0.4,0.7546131774987496,0.16338849927172744,0.494025816314842,9
25,2.25,30,0.5,0.7740135302324358,0.1619390086993709,0.49403473677300397,9
15,3.0,20,0.6,0.7943352022954013,0.16087824057254538,0.49420578226276046,9
40,3.0,25,0.4,0.7546131774987496,0.1634855590852003,0.49426105097815815,9
10,3.0,25,0.7,0.8010739951038458,0.1604907936490113,0.4942712317231294,9
15,2.75,20,0.6,0.7943352022954013,0.16092972323527482,0.49437928720295293,9
25,2.5,30,0.5,0.7722498618021008,0.1620916533969637,0.4943868102226712,9
35,3.0,15,0.4,0.7634315196504251,0.1630565692450404,0.49439762676230764,9
10,3.0,20,0.7,0.802837663534181,0.16051050204793813,0.49440379686271085,9
35,3.0,10,0.4,0.7634315196504251,0.16303135610138358,0.4944053201028173,9
35,2.75,15,0.4,0.76166785122009,0.16305294951508495,0.4944149319024073,9
35,2.75,10,0.4,0.76166785122009,0.16303093677471253,0.49442095982823225,9
35,2.5,15,0.4,0.7634315196504251,0.16304995591690627,0.4944330573128334,9
35,2.5,10,0.4,0.76166785122009,0.1630311567611631,0.4944376719825455,9
35,3.0,20,0.4,0.759798889152123,0.1630523179062854,0.4944414079224463,9
35,2.75,20,0.4,0.759798889152123,0.16304612156178955,0.4944467242625426,9
35,2.25,15,0.4,0.7634315196504251,0.1630476076671401,0.49445203858580844,9
35,2.5,20,0.4,0.7633262260127931,0.1630414052994552,0.49445462443404953,9
35,2.25,10,0.4,0.7599041827897549,0.16303202249290305,0.4944554683782694,9
15,3.0,25,0.6,0.7960988707257364,0.16099872691460296,0.4944630940317002,9
35,2.25,20,0.4,0.7633262260127931,0.16303820327288057,0.49446518830406305,9
22,3.0,20,0.5,0.7739082365948038,0.16170706406126267,0.4944694564250023,9
35,2.0,15,0.4,0.7634315196504251,0.16304592488527683,0.49447191346307107,9
35,2.0,10,0.4,0.7599041827897549,0.16303354067606424,0.4944743615450031,9
35,2.0,20,0.4,0.7633262260127931,0.16303655217527951,0.49447850169975793,9
35,1.75,15,0.4,0.76166785122009,0.16304492858057418,0.49449272181744075,9
35,1.75,10,0.4,0.76166785122009,0.16303571829232652,0.4944943647364298,9
35,1.75,20,0.4,0.76166785122009,0.1630364912717903,0.4944946564592729,9
10,2.75,25,0.7,0.802837663534181,0.16056135662067716,0.4945084499306267,9
35,1.5,20,0.4,0.76166785122009,0.16303806243439753,0.49451375046337237,9
35,1.5,15,0.4,0.76166785122009,0.1630446406399822,0.49451450563288546,9
35,1.5,10,0.4,0.76166785122009,0.16303856260060026,0.49451549193771616,9
15,2.5,20,0.6,0.7960988707257364,0.16098337623567416,0.4945569805974809,9
35,1.0,30,0.4,0.76166785122009,0.16304628172580612,0.4945611780154976,9
35,1.0,25,0.4,0.76166785122009,0.16304628172580612,0.4945611780154976,9
35,1.0,10,0.4,0.76166785122009,0.16304628172580612,0.4945611780154976,9
35,1.0,20,0.4,0.76166785122009,0.16304628172580612,0.4945611780154976,9
35,1.0,15,0.4,0.76166785122009,0.16304628172580612,0.4945611780154976,9
22,2.75,20,0.5,0.7739082365948038,0.16173344003100218,0.4945705365247481,9
15,2.75,25,0.6,0.7943352022954013,0.16103242131131623,0.49459869898273745,9
10,2.75,20,0.7,0.802837663534181,0.1605818720703422,0.49463158296885834,9
22,2.5,20,0.5,0.7739082365948038,0.16176151341574058,0.494674653477261,9
40,1.75,30,0.4,0.7580352207217879,0.16365087529087552,0.49472466815575483,9
15,2.25,20,0.6,0.7960988707257364,0.16103923352146315,0.4947389276983853,9
15,2.5,25,0.6,0.7960988707257364,0.16106901716576505,0.4947400333716486,9
25,2.75,30,0.5,0.7722498618021008,0.16224881958922818,0.4947474087263515,9
10,2.5,25,0.7,0.802837663534181,0.16063521129538516,0.494752528681784,9
22,3.0,15,0.5,0.7721445681644686,0.16181861128040323,0.49477301170407756,9
22,2.25,20,0.5,0.7739082365948038,0.16179131283330028,0.49478186161935156,9
15,3.0,15,0.6,0.7910184527099949,0.16108948673401732,0.4948128996401715,9
22,2.75,15,0.5,0.7721445681644686,0.16183330299650678,0.4948404172398886,9
10,2.5,20,0.7,0.802837663534181,0.16065566658375807,0.4948643261870537,9
35,1.5,25,0.4,0.761562557582458,0.16316986114460091,0.4948670378893816,9
15,2.25,25,0.6,0.7960988707257364,0.16110857089855574,0.4948872081914116,9
22,2.0,20,0.5,0.7721445681644686,0.16182286827834702,0.49489221806530953,9
22,2.5,15,0.5,0.7721445681644686,0.16184908161013378,0.49490970792837197,9
15,2.75,15,0.6,0.7910184527099949,0.16111733749239845,0.4949160428112671,9
15,2.0,20,0.6,0.7960988707257364,0.1610973302983609,0.49492519637695903,9
22,3.0,10,0.5,0.7704861933717655,0.16185469232161454,0.49494922707118616,9
22,2.25,15,0.5,0.7721445681644686,0.1618659592768571,0.49498090590778454,9
22,2.75,10,0.5,0.7704861933717655,0.16186588671967014,0.49499598294152214,9
10,2.25,25,0.7,0.802837663534181,0.16071243210491498,0.49500361661640063,9
22,1.75,20,0.5,0.7739082365948038,0.1618562111552139,0.4950057827688423,9
15,2.5,15,0.6,0.7927821211403301,0.16114660844970732,0.49502187803874,9
35,1.75,25,0.4,0.761562557582458,0.1632366833750173,0.49503027075082645,9
15,2.0,25,0.6,0.7960988707257364,0.16115114141147474,0.49504033948668685,9
22,2.5,10,0.5,0.7704861933717655,0.1618778948022629,0.4950442587312975,9
22,2.0,15,0.5,0.7721445681644686,0.16188394873590656,0.49505403458375213,9
10,3.0,30,0.7,0.7976519518808076,0.16083901958177746,0.4950838564091576,9
22,2.25,10,0.5,0.7722498618021008,0.16189072105213004,0.49509406326468763,9
10,2.25,20,0.7,0.802837663534181,0.16073192848877632,0.4951021113383958,9
15,1.75,20,0.6,0.7960988707257364,0.1611577030762265,0.4951158572181806,9
25,3.0,30,0.5,0.7740135302324358,0.16241043223625454,0.4951163451820633,9
22,1.5,20,0.5,0.7739082365948038,0.16189137431204143,0.4951226185872669,9
22,1.75,15,0.5,0.7722498618021008,0.16190306332044296,0.4951291186501144,9
15,2.25,15,0.6,0.7927821211403301,0.16117731333428092,0.495130431052155,9
15,3.0,10,0.6,0.7892547842796599,0.16118427682536887,0.4951453821820797,9
22,2.0,10,0.5,0.7722498618021008,0.16190437021466486,0.4951454059866856,9
22,1.75,10,0.5,0.7722498618021008,0.16191884730153175,0.4951982969724569,9
15,1.75,25,0.6,0.7960988707257364,0.1611967902079691,0.49519954860009885,9
35,2.0,25,0.4,0.7633262260127931,0.16330678551576627,0.4952001276806729,9
22,1.5,15,0.5,0.7722498618021008,0.16192331696816434,0.495206184110799,9
15,2.75,10,0.6,0.7910184527099949,0.16120209420013062,0.4952102663253386,9
10,2.75,30,0.7,0.7994156203111427,0.16086360547902362,0.49521399202802563,9
22,3.0,25,0.5,0.7739082365948037,0.16200687339626793,0.4952275470001662,9
22,2.75,25,0.5,0.7739082365948037,0.1619930036613143,0.4952281809645004,9
22,2.5,25,0.5,0.7739082365948037,0.16198159096311415,0.49523339984799886,9
15,2.0,15,0.6,0.7927821211403301,0.16120946637594613,0.4952417286697855,9
22,2.25,25,0.5,0.7739082365948037,0.1619726784511305,0.49524329356823277,9
22,1.5,10,0.5,0.7722498618021008,0.16193415759421137,0.4952527469369591,9
22,2.0,25,0.5,0.7721445681644686,0.1619663116391765,0.4952579567272257,9
10,2.0,25,0.7,0.802837663534181,0.16079309668802766,0.49526186889966567,9
10,3.0,15,0.7,0.7977572455184396,0.16080802880775708,0.495264742705847,9
15,2.5,10,0.6,0.7910184527099949,0.16122082993217435,0.49527693037274695,9
22,1.75,25,0.5,0.7739082365948038,0.1619625385067318,0.49527748878645195,9
22,1.5,25,0.5,0.7739082365948038,0.16196140960714256,0.49530199425463906,9
15,1.5,20,0.6,0.7944404959330332,0.16122038971774547,0.4953109836206595,9
10,2.0,20,0.7,0.8011792887414777,0.1608107023006511,0.4953450265279081,9
15,2.25,10,0.6,0.7910184527099949,0.16124048969086666,0.49534538524761396,9
10,2.5,30,0.7,0.7994156203111427,0.16089210623879452,0.49535240046044016,9
15,1.75,15,0.6,0.7910184527099949,0.16124308232099796,0.4953557988292482,9
15,1.5,25,0.6,0.7960988707257364,0.1612455815216457,0.49536496243584754,9
22,1.0,25,0.5,0.7722498618021008,0.1619673002927279,0.4953663699205751,9
22,1.0,10,0.5,0.7722498618021008,0.1619673002927279,0.4953663699205751,9
22,1.0,15,0.5,0.7722498618021008,0.1619673002927279,0.4953663699205751,9
22,1.0,20,0.5,0.7722498618021008,0.1619673002927279,0.4953663699205751,9
22,1.0,30,0.5,0.7722498618021008,0.1619673002927279,0.4953663699205751,9
35,2.25,25,0.4,0.761562557582458,0.16338011596967103,0.49537643765306594,9
10,2.75,15,0.7,0.7977572455184396,0.16084560071016785,0.4953920720654974,9
15,2.0,10,0.6,0.7910184527099949,0.16126107936767056,0.495415642393743,9
40,2.0,30,0.4,0.7562715522914528,0.163946608606115,0.495469412367034,9
15,1.5,15,0.6,0.7910184527099949,0.1612781764477816,0.4954726706197359,9
15,1.75,10,0.6,0.7910184527099949,0.16128260508074596,0.4954877137864814,9
10,2.25,30,0.7,0.8010739951038458,0.16092463149938985,0.49549930432496986,9
10,2.5,15,0.7,0.7977572455184396,0.16088468146394272,0.4955224202042059,9
10,1.75,25,0.7,0.802837663534181,0.16087728606989316,0.4955274475795907,9
35,2.5,25,0.4,0.7633262260127931,0.163456626619643,0.4955590393003969,9
15,1.5,10,0.6,0.7910184527099949,0.16130507317961715,0.4955616119441544,9
10,1.75,20,0.7,0.8011792887414777,0.16089203423135517,0.49559316330413733,9
10,2.0,30,0.7,0.8010739951038458,0.160961296395217,0.49565493745947886,9
10,2.25,15,0.7,0.7977572455184396,0.16092528843498563,0.4956558207249048,9
15,1.0,20,0.6,0.7910184527099949,0.16135286311818722,0.49571494141393097,9
15,1.0,10,0.6,0.7910184527099949,0.16135286311818722,0.49571494141393097,9
15,1.0,15,0.6,0.7910184527099949,0.16135286311818722,0.49571494141393097,9
15,1.0,30,0.6,0.7910184527099949,0.16135286311818722,0.49571494141393097,9
15,1.0,25,0.6,0.7910184527099949,0.16135286311818722,0.49571494141393097,9
15,1.5,30,0.6,0.7944404959330332,0.16139109953561726,0.4957230376317715,9
10,3.0,10,0.7,0.7977572455184396,0.16095628203878543,0.4957323762899202,9
15,1.75,30,0.6,0.7944404959330332,0.16141647141669366,0.4957395568498382,9
35,2.75,25,0.4,0.7633262260127931,0.1635362726157442,0.4957477806959768,9
15,2.0,30,0.6,0.7944404959330332,0.16144587202678196,0.4957641016671795,9
10,2.0,15,0.7,0.7994156203111427,0.16096743959369497,0.495792308457901,9
15,2.25,30,0.6,0.7944404959330332,0.16147920257369683,0.4957964691508096,9
35,1.5,30,0.4,0.761562557582458,0.1635365705452192,0.49579864368886667,9
10,1.5,25,0.7,0.8011792887414777,0.16096508485416638,0.4958005219694892,9
10,2.75,10,0.7,0.7977572455184396,0.16097759573568995,0.49580581855535183,9
10,1.75,30,0.7,0.8010739951038458,0.16100222191355743,0.4958195456383156,9
15,2.5,30,0.6,0.7944404959330332,0.16151636908552033,0.49583646632888745,9
10,1.5,20,0.7,0.8011792887414777,0.16097597227709753,0.4958466168293348,9
22,1.5,30,0.5,0.7756719050251388,0.16219109055957937,0.49587888151344767,9
10,2.5,10,0.7,0.7977572455184396,0.16099979009968132,0.4958810161067562,9
15,2.75,30,0.6,0.7962041643633683,0.16155728212465562,0.4958839096050385,9
10,1.75,15,0.7,0.7994156203111427,0.16101115354131665,0.4959319195106877,9
15,3.0,30,0.6,0.7962041643633683,0.16160185652388892,0.49593862421969515,9
35,3.0,25,0.4,0.7633262260127931,0.1636190121914873,0.49594251912343373,9
10,2.25,10,0.7,0.7977572455184396,0.161022872298629,0.4959579828135733,9
10,1.5,30,0.7,0.8010739951038458,0.16104753528000307,0.4959933873469758,9
10,2.0,10,0.7,0.7977572455184396,0.16104684973003733,0.49603673303107015,9
10,1.5,15,0.7,0.7994156203111427,0.16105644953771522,0.4960746913205551,9
10,1.75,10,0.7,0.7977572455184396,0.1610717300283919,0.49611728161485175,9
22,1.75,30,0.5,0.7756719050251388,0.16230942710555982,0.4961474624153067,9
10,1.5,10,0.7,0.7994156203111427,0.16109752107277786,0.4961996439359589,9
40,2.25,30,0.4,0.7545078838611177,0.16425167741385693,0.4962333628353103,9
10,1.0,25,0.7,0.7994156203111427,0.16115186818671,0.4963698739464377,9
10,1.0,30,0.7,0.7994156203111427,0.16115186818671,0.4963698739464377,9
10,1.0,10,0.7,0.7994156203111427,0.16115186818671,0.4963698739464377,9
10,1.0,20,0.7,0.7994156203111427,0.16115186818671,0.4963698739464377,9
10,1.0,15,0.7,0.7994156203111427,0.16115186818671,0.4963698739464377,9
22,2.0,30,0.5,0.777330279817842,0.16243194198868405,0.49642399529615816,9
35,1.75,30,0.4,0.7633262260127931,0.16379297932887582,0.496440364148959,9
22,2.25,30,0.5,0.777330279817842,0.16255855403893307,0.4967082939255751,9
20,3.0,20,0.5,0.7772249861802101,0.16227805909853169,0.4967151095575072,9
20,2.75,20,0.5,0.7772249861802101,0.16230854571145478,0.49682579174787517,9
20,2.5,20,0.5,0.7772249861802101,0.16234068855290906,0.4969394734274839,9
30,3.0,15,0.4,0.7634315196504251,0.1634766783017576,0.49699837465985053,9
22,2.5,30,0.5,0.777330279817842,0.1626891863796881,0.4970001813505021,9
30,3.0,20,0.4,0.7634315196504251,0.16346671775148192,0.49700689971335343,9
40,2.5,30,0.4,0.7545078838611177,0.1645659925536601,0.4970160933484661,9
30,2.75,15,0.4,0.7651951880807601,0.16347811338845253,0.49702714096031314,9
30,2.75,20,0.4,0.7634315196504251,0.16346700007190523,0.49702986238280605,9
30,3.0,10,0.4,0.7651951880807601,0.16346254165900095,0.49703294811803533,9
20,3.0,15,0.5,0.7772249861802101,0.16239773584041958,0.49704569619534245,9
30,2.5,20,0.4,0.7634315196504251,0.16346858671950557,0.4970550423230382,9
20,2.25,20,0.5,0.7772249861802101,0.16237451455020457,0.4970562054909873,9
30,2.5,15,0.4,0.7651951880807601,0.16348019735792285,0.4970568401958919,9
30,2.75,10,0.4,0.7651951880807601,0.16346596377150374,0.4970570922473385,9
30,2.5,10,0.4,0.7669588565110952,0.16346999171069604,0.49708229001930193,9
30,2.25,20,0.4,0.7634315196504251,0.16347150542889968,0.49708249696804807,9
30,2.25,15,0.4,0.7651951880807601,0.16348294452943515,0.49708749804142116,9
35,2.0,30,0.4,0.7633262260127931,0.16405677415438824,0.4970969394251407,9
30,2.25,10,0.4,0.7669588565110952,0.16347463043397503,0.4971085508120257,9
30,2.0,20,0.4,0.7634315196504251,0.16347578569030252,0.4971122875213272,9
20,2.75,15,0.5,0.7772249861802101,0.16241541483494315,0.49711914020082454,9
30,2.0,15,0.4,0.7669588565110952,0.16348636987537252,0.4971191416336774,9
30,2.0,10,0.4,0.7669588565110952,0.16347988512634115,0.49713588455970875,9
30,1.75,20,0.4,0.7669588565110952,0.16348145878229137,0.4971444790088331,9
30,1.75,15,0.4,0.7669588565110952,0.16349048902251762,0.49715179957648875,9
30,1.75,10,0.4,0.7687225249414303,0.16348576120303251,0.49716430176004267,9
20,2.0,20,0.5,0.7772249861802101,0.16241005177268752,0.4971760411414832,9
30,1.5,20,0.4,0.7687225249414303,0.1634885578064577,0.49717914032741906,9
30,1.5,15,0.4,0.7687225249414303,0.16349531825397212,0.49718550194607364,9
30,1.5,10,0.4,0.7687225249414303,0.16349226431219455,0.4971938134818761,9
20,2.5,15,0.5,0.7772249861802101,0.16243416786181164,0.4971944796223786,9
20,3.0,10,0.5,0.7772249861802101,0.16244371780398287,0.49724423891215774,9
30,1.0,30,0.4,0.7669588565110952,0.16350717540129484,0.49725616766922887,9
30,1.0,15,0.4,0.7669588565110952,0.16350717540129484,0.49725616766922887,9
30,1.0,20,0.4,0.7669588565110952,0.16350717540129484,0.49725616766922887,9
30,1.0,10,0.4,0.7669588565110952,0.16350717540129484,0.49725616766922887,9
30,1.0,25,0.4,0.7669588565110952,0.16350717540129484,0.49725616766922887,9
20,2.25,15,0.5,0.7772249861802101,0.16245400636909696,0.49727173542428704,9
20,2.75,10,0.5,0.7772249861802101,0.16245673643323855,0.4972944813134872,9
20,1.75,20,0.5,0.7772249861802101,0.16244732946105805,0.4972990359479744,9
22,2.75,30,0.5,0.7755666113875068,0.16282376617676636,0.4972994894530351,9
20,2.5,10,0.5,0.7772249861802101,0.16247053323670543,0.49734618350130444,9
20,2.0,15,0.5,0.7772249861802101,0.16247494228511464,0.49735092961001903,9
20,3.0,25,0.5,0.7806470294032484,0.162552117053964,0.49739601000587413,9
20,2.25,10,0.5,0.7772249861802101,0.16248511258533876,0.49739935403602764,9
20,2.75,25,0.5,0.7789886546105451,0.1625458641666478,0.49741651188123864,9
20,1.5,20,0.5,0.7772249861802101,0.16248637805793614,0.49742524790531195,9
20,1.75,15,0.5,0.7772249861802101,0.16249698802790802,0.49743208524192334,9
20,2.5,25,0.5,0.7789886546105451,0.16254194633788205,0.4974413922200398,9
20,2.0,10,0.5,0.7772249861802101,0.16250047906840714,0.49745400198897627,9
20,2.25,25,0.5,0.7789886546105451,0.16254040453729926,0.4974707342007218,9
30,1.5,25,0.4,0.7669588565110952,0.1636082938032077,0.49749498690733673,9
20,2.0,25,0.5,0.7789886546105451,0.1625412817489017,0.49750462498157577,9
20,1.75,10,0.5,0.7772249861802101,0.16251663749671189,0.49751013695065055,9
20,1.5,15,0.5,0.7789886546105451,0.1625201565150163,0.49751522646182306,9
20,1.75,25,0.5,0.7772249861802101,0.16254462305820727,0.4975431558588624,9
20,1.5,10,0.5,0.7789886546105451,0.16253359290576622,0.49756776903922817,9
20,1.5,25,0.5,0.7789886546105451,0.16255047574530382,0.4975864224366248,9
22,3.0,30,0.5,0.7772249861802101,0.16296222440764035,0.4976060585459561,9
30,1.75,25,0.4,0.7669588565110952,0.1636628830053236,0.4976222061238889,9
20,1.0,15,0.5,0.7789886546105451,0.1625699159504818,0.4976875677607466,9
20,1.0,25,0.5,0.7789886546105451,0.1625699159504818,0.4976875677607466,9
20,1.0,10,0.5,0.7789886546105451,0.1625699159504818,0.4976875677607466,9
20,1.0,20,0.5,0.7789886546105451,0.1625699159504818,0.4976875677607466,9
20,1.0,30,0.5,0.7789886546105451,0.1625699159504818,0.4976875677607466,9
30,2.0,25,0.4,0.7634315196504251,0.16372009621940697,0.49775446505259224,9
35,2.25,30,0.4,0.7580352207217879,0.16432786966730548,0.49776804221609094,9
40,2.75,30,0.4,0.7528495090684145,0.16488946940551774,0.4978172053645838,9
30,2.25,25,0.4,0.7634315196504251,0.1637798900441723,0.4978916467244228,9
30,2.5,25,0.4,0.7634315196504251,0.1638422237533938,0.49803364038644826,9
20,1.5,30,0.5,0.7807523230408803,0.16276566521202376,0.49812221119804345,9
30,2.75,25,0.4,0.7634315196504251,0.16390705915149367,0.4981803413273759,9
28,3.0,20,0.4,0.7668535628734633,0.16371347444876028,0.4982834448546517,9
28,3.0,15,0.4,0.7650898944431282,0.16372746755248538,0.49829367011097503,9
28,2.75,20,0.4,0.7650898944431282,0.16371670715498177,0.4983142404551519,9
30,1.5,30,0.4,0.7669588565110952,0.16393851523953956,0.4983263042043493,9
28,2.75,15,0.4,0.7668535628734633,0.16373111564449108,0.49832737378699066,9
30,3.0,25,0.4,0.76166785122009,0.1639743604437412,0.4983316507071592,9
28,3.0,10,0.4,0.7686172313037984,0.16371902642203495,0.4983419498927915,9
28,2.5,20,0.4,0.7668535628734633,0.16372118824299825,0.49834715089341697,9
20,1.75,30,0.5,0.7807523230408803,0.1628694371172245,0.49835079589060677,9
28,2.5,15,0.4,0.7668535628734633,0.16373542133500676,0.4983620567454975,9
28,2.75,10,0.4,0.7686172313037984,0.16372402199882957,0.4983695051640649,9
28,2.25,20,0.4,0.7668535628734633,0.1637269431318603,0.4983822267771099,9
28,2.25,15,0.4,0.7668535628734633,0.16374039739595395,0.49839774170736706,9
28,2.5,10,0.4,0.7686172313037984,0.16372960907641054,0.49839810221535635,9
28,2.0,20,0.4,0.7668535628734633,0.1637339987249764,0.49841952181411464,9
28,2.25,10,0.4,0.7686172313037984,0.1637357921599804,0.49842774965675535,9
28,2.0,15,0.4,0.7686172313037984,0.16374605716204657,0.49843445263055247,9
35,2.5,30,0.4,0.7563768459290847,0.16460618560180088,0.49845336468528806,9
28,2.0,10,0.4,0.7669588565110952,0.16374257596044334,0.4984584565906494,9
28,1.75,20,0.4,0.7687225249414303,0.16374238344021796,0.4984590928627141,9
28,1.75,15,0.4,0.7669588565110952,0.1637524145345918,0.4984722147194002,9
28,1.75,10,0.4,0.7704861933717655,0.16374996539706965,0.49849023261878167,9
28,1.5,20,0.4,0.7687225249414303,0.16375212724169952,0.4985009999800572,9
28,1.5,15,0.4,0.7704861933717655,0.16375948398582263,0.49851105443445815,9
28,1.5,10,0.4,0.7704861933717655,0.16375796560018052,0.4985230878495312,9
20,2.0,30,0.5,0.7807523230408803,0.16297703273756645,0.49858665162434346,9
28,1.0,20,0.4,0.7704861933717655,0.1637758198986018,0.4985920789309161,9
28,1.0,25,0.4,0.7704861933717655,0.1637758198986018,0.4985920789309161,9
28,1.0,15,0.4,0.7704861933717655,0.1637758198986018,0.4985920789309161,9
28,1.0,30,0.4,0.7704861933717655,0.1637758198986018,0.4985920789309161,9
28,1.0,10,0.4,0.7704861933717655,0.1637758198986018,0.4985920789309161,9
40,3.0,30,0.4,0.7528495090684145,0.16522202729603813,0.49863632696485793,9
28,1.5,25,0.4,0.7669588565110952,0.16386652420726713,0.49880035479400714,9
20,2.25,30,0.5,0.7807523230408803,0.1630883762884765,0.4988296108500564,9
30,1.75,30,0.4,0.7687225249414303,0.1641628421357636,0.49887833604144194,9
28,1.75,25,0.4,0.7669588565110952,0.16391556750381128,0.498911512600655,9
28,2.0,25,0.4,0.7651951880807601,0.16396701401631197,0.49902720762925235,9
20,2.5,30,0.5,0.7807523230408803,0.16320339575086212,0.4990795140101459,9
28,2.25,25,0.4,0.7668535628734633,0.16402082371016735,0.49914733954142143,9
35,2.75,30,0.4,0.7563768459290847,0.1648916462498885,0.49915261775884684,9
28,2.5,25,0.4,0.7668535628734633,0.16407695888788934,0.49927181314499525,9
20,2.75,30,0.5,0.7824106978335834,0.16332202265450194,0.49933620913997284,9
28,2.75,25,0.4,0.7686172313037984,0.1641353840687543,0.4994005382388606,9
30,2.0,30,0.4,0.7687225249414305,0.16439283524832637,0.4994413496330241,9
28,3.0,25,0.4,0.7686172313037984,0.16419606587958108,0.49953342946447066,9
28,1.5,30,0.4,0.7687225249414305,0.164181638307083,0.49959008100951013,9
20,3.0,30,0.5,0.7824106978335834,0.1634441918788207,0.4995995515034045,9
35,3.0,30,0.4,0.7563768459290847,0.1651841800063552,0.4998655304266994,9
30,2.25,30,0.4,0.7670641501487272,0.1646284215867879,0.500015116041559,9
28,1.75,30,0.4,0.7704861933717655,0.16439229520714435,0.5001040324696528,9
40,2.5,10,0.3,0.7528495090684145,0.16571368110033635,0.5004497328267841,9
40,2.75,10,0.3,0.7528495090684145,0.16571859601820327,0.5004499262668519,9
40,2.25,10,0.3,0.7528495090684145,0.16570921828276008,0.5004502397250592,9
40,3.0,10,0.3,0.7528495090684145,0.1657239543390081,0.5004508048774107,9
40,2.0,10,0.3,0.7528495090684145,0.1657052163314373,0.5004514624122723,9
40,1.75,10,0.3,0.7528495090684145,0.1657016840775899,0.5004534166223382,9
40,1.5,10,0.3,0.7528495090684145,0.16569863041427332,0.500456118372951,9
40,1.0,10,0.3,0.7510858406380794,0.16569399471982085,0.5004638299879342,9
40,1.0,25,0.3,0.7510858406380794,0.16569399471982085,0.5004638299879342,9
40,1.0,30,0.3,0.7510858406380794,0.16569399471982085,0.5004638299879342,9
40,1.0,20,0.3,0.7510858406380794,0.16569399471982085,0.5004638299879342,9
40,1.0,15,0.3,0.7510858406380794,0.16569399471982085,0.5004638299879342,9
40,1.5,15,0.3,0.7528495090684145,0.1657127530885415,0.5004778168192254,9
40,1.75,15,0.3,0.7528495090684145,0.1657229101270137,0.5004858937133475,9
40,2.0,15,0.3,0.7528495090684145,0.1657335515634479,0.5004946221943237,9
40,2.25,15,0.3,0.7510858406380794,0.1657446523732789,0.5005039512989886,9
40,2.5,15,0.3,0.7510858406380794,0.16575618807998577,0.500513831845934,9
40,2.75,15,0.3,0.7510858406380794,0.16576813481192826,0.500524216524306,9
25,3.0,20,0.4,0.7669588565110952,0.16419356823404765,0.5005274719699471,9
40,3.0,15,0.3,0.7510858406380794,0.16578046936049481,0.5005350599766207,9
40,1.5,20,0.3,0.7510858406380794,0.1657294291150654,0.5005423888393277,9
25,2.75,20,0.4,0.7669588565110952,0.16420167770116226,0.5005708957217258,9
25,3.0,15,0.4,0.7687225249414303,0.1642158284981453,0.5005713109239118,9
40,1.75,20,0.3,0.7510858406380794,0.16574973830932904,0.5005869618995374,9
30,2.5,30,0.4,0.7670641501487272,0.16486953235703186,0.5005994189446022,9
25,2.75,15,0.4,0.7687225249414303,0.16422302234649344,0.5006127737562777,9
25,2.5,20,0.4,0.7669588565110952,0.1642109640273413,0.5006163195740638,9
28,2.0,30,0.4,0.7687225249414305,0.16460802008480568,0.5006276693827503,9
40,2.0,20,0.3,0.7510858406380794,0.16577171923079306,0.5006348975965325,9
25,3.0,10,0.4,0.7686172313037984,0.1642174386917209,0.5006434161128452,9
25,2.5,15,0.4,0.7669588565110952,0.1642308842815568,0.5006552810904041,9
25,2.25,20,0.4,0.7668535628734633,0.16422144945786665,0.5006637858763174,9
25,2.75,10,0.4,0.7686172313037984,0.16422483298752721,0.5006760493740214,9
40,2.25,20,0.3,0.7510858406380794,0.16579533244043992,0.5006860797340834,9
25,2.25,15,0.4,0.7686172313037984,0.1642394251149688,0.5006988520748067,9
25,2.5,10,0.4,0.7686172313037984,0.1642327950167312,0.5007096991321602,9
25,2.0,20,0.4,0.7686172313037984,0.1642331573675485,0.5007133392653085,9
40,2.5,20,0.3,0.7510858406380794,0.16582054074046962,0.500740399165072,9
25,2.0,15,0.4,0.7686172313037984,0.1642486560982996,0.5007435068057664,9
25,2.25,10,0.4,0.7686172313037984,0.16424132871772354,0.5007443730036801,9
25,1.75,20,0.4,0.7686172313037984,0.1642461122858895,0.5007650267095737,9
25,2.0,10,0.4,0.7686172313037984,0.1642504382002793,0.500780079004933,9
25,1.75,15,0.4,0.7686172313037984,0.16425858892852785,0.5007892663393622,9
40,2.75,20,0.3,0.7493221722077443,0.1658473092124632,0.5007977538536096,9
25,1.75,10,0.4,0.7703808997341335,0.16426012774801757,0.5008168255584264,9
25,1.5,20,0.4,0.7703808997341335,0.1642603399236198,0.5008188975541712,9
25,1.5,15,0.4,0.7703808997341335,0.16426923575390628,0.5008361527041264,9
25,1.5,10,0.4,0.7703808997341335,0.1642704018208651,0.5008546214992076,9
40,3.0,20,0.3,0.7493221722077443,0.16587560526028408,0.5008580488916137,9
25,1.0,30,0.4,0.7703808997341335,0.16429272227792077,0.50093339898503,9
25,1.0,25,0.4,0.7703808997341335,0.16429272227792077,0.50093339898503,9
25,1.0,15,0.4,0.7703808997341335,0.16429272227792077,0.50093339898503,9
25,1.0,20,0.4,0.7703808997341335,0.16429272227792077,0.50093339898503,9
25,1.0,10,0.4,0.7703808997341335,0.16429272227792077,0.50093339898503,9
40,1.5,25,0.3,0.7528495090684145,0.16590652045106502,0.501011347293001,9
25,1.5,25,0.4,0.7703808997341335,0.16436603281242393,0.5010916099658593,9
28,2.25,30,0.4,0.7703808997341335,0.1648287452584693,0.5011607943869163,9
25,1.75,25,0.4,0.7668535628734633,0.1644059338764549,0.5011767539558981,9
30,2.75,30,0.4,0.7670641501487272,0.16511610261630508,0.5011940541589455,9
25,2.0,25,0.4,0.7668535628734633,0.1644479486215783,0.5012658099846082,9
40,1.75,25,0.3,0.7510858406380794,0.1660188527885045,0.5012984842802752,9
25,2.25,25,0.4,0.7669588565110952,0.16449204188148003,0.5013586978430531,9
25,2.5,25,0.4,0.7669588565110952,0.16453818034714054,0.5014553411645014,9
25,2.75,25,0.4,0.7669588565110952,0.16458633247709,0.5015556672968553,9
40,2.0,25,0.3,0.7493221722077443,0.16613517427539376,0.5015942395452218,9
25,3.0,25,0.4,0.7669588565110952,0.16463646841512808,0.5016596071830003,9
28,2.5,30,0.4,0.7721445681644686,0.16505440680674352,0.5017032206000649,9
30,3.0,30,0.4,0.7651951880807601,0.1653680709662489,0.5017988291860589,9
25,1.5,30,0.4,0.7721445681644686,0.16465767459409053,0.5018167969596923,9
40,2.25,25,0.3,0.7510858406380794,0.16625544455781452,0.5018984020973085,9
40,1.5,30,0.3,0.7546131774987496,0.16636450460566007,0.5021592849112947,9
40,2.5,25,0.3,0.7510858406380794,0.16637962503902656,0.5022107724070787,9
35,3.0,10,0.3,0.7528495090684145,0.1658898887488938,0.5022532795746677,9
28,2.75,30,0.4,0.7721445681644686,0.16528494428397153,0.5022547712149061,9
35,2.75,10,0.3,0.7528495090684145,0.16588787701152496,0.5022599204130009,9
35,2.5,10,0.3,0.7528495090684145,0.1658862736472522,0.5022672173476246,9
25,1.75,30,0.4,0.7721445681644686,0.16484667629491445,0.5022708327535262,9
35,2.25,10,0.3,0.7546131774987496,0.16588508482358252,0.5022751812958718,9
35,2.0,10,0.3,0.7528495090684145,0.16588431679762994,0.5022838234401056,9
35,1.75,10,0.3,0.7528495090684145,0.16588397591571447,0.5022931552305097,9
35,1.5,10,0.3,0.7528495090684145,0.1658840686129619,0.5023031883878972,9
35,2.25,15,0.3,0.7494274658453762,0.16591614801563553,0.5023193714937118,9
35,2.0,15,0.3,0.7510858406380794,0.16590916009310228,0.5023194448444033,9
35,2.5,15,0.3,0.7494274658453762,0.1659235378090201,0.5023197975220871,9
35,1.75,15,0.3,0.7528495090684145,0.16590259138635643,0.502320050398266,9
35,2.75,15,0.3,0.7511911342757114,0.16593131261841879,0.5023206913871534,9
35,1.5,15,0.3,0.7528495090684145,0.16589645970941358,0.5023212222288473,9
35,3.0,15,0.3,0.7511911342757114,0.16593945610063945,0.5023220228583498,9
35,1.0,10,0.3,0.7528495090684145,0.16588558092721156,0.5023254070572958,9
35,1.0,15,0.3,0.7528495090684145,0.16588558092721156,0.5023254070572958,9
35,1.0,20,0.3,0.7528495090684145,0.16588558092721156,0.5023254070572958,9
35,1.0,25,0.3,0.7528495090684145,0.16588558092721156,0.5023254070572958,9
35,1.0,30,0.3,0.7528495090684145,0.16588558092721156,0.5023254070572958,9
35,1.5,20,0.3,0.7528495090684145,0.1659138230924658,0.5023829513872371,9
35,1.75,20,0.3,0.7510858406380794,0.16592998273485435,0.5024155697053627,9
35,2.0,20,0.3,0.7510858406380794,0.1659474578236941,0.5024506424087224,9
35,2.25,20,0.3,0.7493221722077443,0.16596621782291687,0.5024880928072915,9
35,2.5,20,0.3,0.7493221722077443,0.1659862339097841,0.5025278487080824,9
40,2.75,25,0.3,0.7493221722077443,0.16650767875047146,0.502531162258173,9
35,2.75,20,0.3,0.7510858406380794,0.16600747896908674,0.5025698424122726,9
35,3.0,20,0.3,0.7510858406380794,0.16602992758976923,0.5026140106945592,9
25,2.0,30,0.4,0.7703808997341335,0.16503994296906827,0.5027328688731694,9
35,1.5,25,0.3,0.7546131774987496,0.16607789789306393,0.5028131819009157,9
28,3.0,30,0.4,0.7703808997341335,0.1655203004647348,0.5028152791171973,9
40,3.0,25,0.3,0.7476637974150413,0.16663957028007936,0.5028593945497493,9
40,1.75,30,0.3,0.7528495090684145,0.1667149569579279,0.5030390495353063,9
35,1.75,25,0.3,0.7545078838611177,0.1661786565566332,0.503066633327674,9
25,2.25,30,0.4,0.7704861933717655,0.16523741480990395,0.50320274751928,9
22,3.0,20,0.4,0.7670641501487272,0.16483750093152494,0.5032472109020304,9
22,2.75,20,0.4,0.7670641501487272,0.16485109445319093,0.5033043163546078,9
35,2.0,25,0.3,0.7527442154307826,0.166282432900806,0.5033262645772054,9
22,3.0,15,0.4,0.7704861933717655,0.16487104836506455,0.5033316060716374,9
22,2.5,20,0.4,0.7688278185790623,0.16486580425293523,0.5033633428307714,9
22,2.75,15,0.4,0.7704861933717655,0.164882077574698,0.5033811914475392,9
22,2.25,20,0.4,0.7688278185790623,0.16488164977472675,0.5034243264410456,9
22,3.0,10,0.4,0.7704861933717655,0.16488466901533916,0.5034314449772194,9
22,2.5,15,0.4,0.7704861933717655,0.16489377936847047,0.5034318742358511,9
22,2.75,10,0.4,0.7704861933717655,0.1648945029569762,0.5034690364019686,9
22,2.25,15,0.4,0.7704861933717655,0.16490616295461882,0.5034836708241062,9
22,2.0,20,0.4,0.7704861933717655,0.1648986513031533,0.5034873049712707,9
22,2.5,10,0.4,0.7687225249414303,0.16490487651274024,0.5035076066840856,9
22,2.0,15,0.4,0.7687225249414303,0.16491923787542626,0.5035365983109942,9
22,2.25,10,0.4,0.7687225249414303,0.164915793152287,0.5035471625763708,9
22,1.75,20,0.4,0.7687225249414303,0.16491682998365725,0.5035523179202603,9
22,2.0,10,0.4,0.7687225249414303,0.16492725648241652,0.503587711145396,9
22,1.75,15,0.4,0.7687225249414303,0.16493301401277086,0.5035906745183016,9
35,2.25,25,0.3,0.7510858406380794,0.16638919264215865,0.5035919378846553,9
22,1.5,20,0.4,0.7704861933717654,0.16493620784383878,0.503619406538809,9
22,1.75,10,0.4,0.7704861933717654,0.16493927024915184,0.5036292597766555,9
22,1.5,15,0.4,0.7704861933717654,0.16494750159394958,0.5036459180034095,9
22,1.5,10,0.4,0.7721445681644686,0.16495183833981655,0.503671816179832,9
25,2.5,30,0.4,0.7704861933717655,0.165439035115501,0.5036803187589486,9
22,1.0,15,0.4,0.7721445681644686,0.1649786537611772,0.5037599847940488,9
22,1.0,20,0.4,0.7721445681644686,0.1649786537611772,0.5037599847940488,9
22,1.0,10,0.4,0.7721445681644686,0.1649786537611772,0.5037599847940488,9
22,1.0,25,0.4,0.7721445681644686,0.1649786537611772,0.5037599847940488,9
22,1.0,30,0.4,0.7721445681644686,0.1649786537611772,0.5037599847940488,9
35,1.5,30,0.3,0.7563768459290847,0.16649477532849696,0.5038517678094858,9
22,1.5,25,0.4,0.7704861933717654,0.16503218924146384,0.5038628920740105,9
35,2.5,25,0.3,0.7510858406380794,0.16649890333205197,0.5038635228186638,9
22,1.75,25,0.4,0.7704861933717655,0.1650618274151944,0.5039196214264537,9
40,2.0,30,0.3,0.7528495090684145,0.1670754429593919,0.5039395995521423,9
15,3.0,20,0.5,0.7807523230408803,0.16429338932585583,0.5039598997824,9
22,2.0,25,0.4,0.7704861933717655,0.16509333568945908,0.5039797759479915,9
22,2.25,25,0.4,0.7687225249414305,0.16512668333168648,0.5040432904107874,9
15,2.75,20,0.5,0.7807523230408803,0.16433571168152483,0.5040959700914267,9
22,2.5,25,0.4,0.7670641501487272,0.16516184104902232,0.5041101024517352,9
35,2.75,25,0.3,0.7528495090684145,0.16661153422838504,0.5041408961332426,9
25,2.75,30,0.4,0.7704861933717655,0.16564475007840745,0.5041654402074859,9
22,2.75,25,0.4,0.7670641501487272,0.16519878092223758,0.5041801524689105,9
15,2.5,20,0.5,0.7807523230408803,0.1643795528075761,0.5042348783135611,9
22,3.0,25,0.4,0.7670641501487272,0.16523747634469066,0.5042533835253463,9
15,3.0,15,0.5,0.7807523230408803,0.16444071326834173,0.504370209057855,9
15,2.25,20,0.5,0.7807523230408803,0.16442493557001042,0.5043766680476629,9
35,3.0,25,0.3,0.7546131774987496,0.1667270561956991,0.5044239416058818,9
15,3.0,25,0.5,0.7825159914712153,0.1644931652798037,0.5044271322371445,9
15,2.75,15,0.5,0.7807523230408803,0.16446655252725964,0.5044587649921562,9
15,2.75,25,0.5,0.7825159914712153,0.1645085922653586,0.5045008566299352,9
22,1.5,30,0.4,0.7704861933717654,0.16529905480698937,0.5045202782416436,9
15,2.0,20,0.5,0.779093948248177,0.16447188356832723,0.5045213843945375,9
15,2.5,15,0.5,0.779093948248177,0.16449338587090556,0.5045491337397078,9
15,2.5,25,0.5,0.7825159914712153,0.16452606047655405,0.504578488596427,9
15,3.0,10,0.5,0.779093948248177,0.16451611582780093,0.5046308478822674,9
35,1.75,30,0.3,0.7580352207217879,0.16681102204124704,0.5046385490405425,9
15,2.25,15,0.5,0.779093948248177,0.1645212230239722,0.50464133340393,9
25,3.0,30,0.4,0.7704861933717655,0.16585450859496306,0.5046579767331447,9
15,2.25,25,0.5,0.7825159914712153,0.16454560547363034,0.5046600983828808,9
15,1.75,20,0.5,0.779093948248177,0.16452042115905233,0.5046690740050617,9
15,2.75,10,0.5,0.779093948248177,0.16453373124508067,0.5046888786405475,9
15,2.0,15,0.5,0.779093948248177,0.1645500740000604,0.5047353827066018,9
15,2.0,25,0.5,0.7825159914712153,0.16456726419450962,0.5047457589912263,9
15,2.5,10,0.5,0.779093948248177,0.16455200952452456,0.5047481572212673,9
30,3.0,10,0.3,0.7599041827897549,0.16627972159541582,0.5047589715700052,9
30,2.75,10,0.3,0.7581405143594198,0.1662811693861956,0.5047732823153883,9
30,2.5,10,0.3,0.7581405143594198,0.16628299412866462,0.5047882228471761,9
30,3.0,15,0.3,0.7599041827897549,0.16631874643399575,0.5048029192068049,9
30,2.25,10,0.3,0.7581405143594198,0.16628520016213225,0.5048038010232502,9
15,2.25,10,0.5,0.779093948248177,0.1645709545689452,0.5048086911189192,9
30,2.75,15,0.3,0.7599041827897549,0.1663153193426329,0.5048122500910706,9
15,1.5,20,0.5,0.779093948248177,0.16457057348041804,0.5048197851307532,9
30,2.0,10,0.3,0.7581405143594198,0.16628779191387855,0.5048200249250951,9
30,2.5,15,0.3,0.7599041827897549,0.16631225360112328,0.5048220383920063,9
15,1.75,15,0.5,0.779093948248177,0.16457994910896356,0.5048313010032235,9
30,2.25,15,0.3,0.7599041827897549,0.16630956054365503,0.5048323040082927,9
15,1.75,25,0.5,0.779093948248177,0.16459107501769354,0.5048355463020696,9
30,1.75,10,0.3,0.7581405143594198,0.16629077389997657,0.5048369028611039,9
30,2.0,15,0.3,0.7599041827897549,0.16630725187345383,0.5048430676882113,9
30,1.75,15,0.3,0.7599041827897549,0.16630533965775982,0.504854351024217,9
30,1.5,10,0.3,0.7581405143594198,0.16629415072613465,0.504854443369948,9
40,2.25,30,0.3,0.7493221722077443,0.16744589312693267,0.5048605386747911,9
30,1.5,15,0.3,0.7581405143594198,0.16630383632311602,0.5048661764471121,9
15,2.0,10,0.5,0.779093948248177,0.16459057040889633,0.5048704881177056,9
30,1.0,15,0.3,0.7581405143594198,0.16630210777486112,0.5048915474329851,9
30,1.0,25,0.3,0.7581405143594198,0.16630210777486112,0.5048915474329851,9
30,1.0,20,0.3,0.7581405143594198,0.16630210777486112,0.5048915474329851,9
30,1.0,30,0.3,0.7581405143594198,0.16630210777486112,0.5048915474329851,9
30,1.0,10,0.3,0.7581405143594198,0.16630210777486112,0.5048915474329851,9
22,1.75,30,0.4,0.7722498618021006,0.16546472532854528,0.5049106091481602,9
30,1.5,20,0.3,0.759798889152123,0.16632024508538473,0.5049202207311086,9
15,1.5,15,0.5,0.779093948248177,0.16461085896419686,0.5049291082990337,9
15,1.5,25,0.5,0.779093948248177,0.16461707782927046,0.5049295392060688,9
15,1.75,10,0.5,0.779093948248177,0.16461086120493612,0.5049335562970168,9
30,1.75,20,0.3,0.761562557582458,0.16633091900425914,0.5049373691432499,9
30,2.0,20,0.3,0.761562557582458,0.1663426307496366,0.5049563221866478,9
30,2.25,20,0.3,0.761562557582458,0.16635535757751893,0.5049770308668061,9
15,1.5,10,0.5,0.779093948248177,0.16463183124990827,0.5049979040370483,9
30,2.5,20,0.3,0.761562557582458,0.16636907793438743,0.5049994488964359,9
30,2.75,20,0.3,0.761562557582458,0.1663837714401188,0.5050235326712194,9
30,3.0,20,0.3,0.759798889152123,0.16639941887236304,0.5050492412406606,9
15,1.0,10,0.5,0.779093948248177,0.16467582693329286,0.5051304732588809,9
15,1.0,20,0.5,0.779093948248177,0.16467582693329286,0.5051304732588809,9
15,1.0,15,0.5,0.779093948248177,0.16467582693329286,0.5051304732588809,9
15,1.0,25,0.5,0.779093948248177,0.16467582693329286,0.5051304732588809,9
15,1.0,30,0.5,0.779093948248177,0.16467582693329286,0.5051304732588809,9
30,1.5,25,0.3,0.7581405143594198,0.16646975003107065,0.5053069624142417,9
22,2.0,30,0.4,0.7704861933717655,0.16563396808834424,0.5053075499550023,9
15,1.5,30,0.5,0.7808576166785122,0.16479173545364895,0.5053527849936226,9
20,3.0,20,0.4,0.7705914870093975,0.1653819287542561,0.5053836250595242,9
35,2.0,30,0.3,0.759798889152123,0.1671349479919542,0.5054406717812525,9
20,2.75,20,0.4,0.7705914870093975,0.16539954812927832,0.5054503945149568,9
15,1.75,30,0.5,0.7825159914712153,0.16485442139372652,0.5054730639819393,9
20,3.0,15,0.4,0.7688278185790623,0.16542487500730782,0.505498983224359,9
20,2.5,20,0.4,0.7688278185790623,0.1654182466494962,0.5055190442748887,9
30,1.75,25,0.3,0.7599041827897549,0.16655697163898983,0.5055213047003785,9
20,2.75,15,0.4,0.7688278185790623,0.16543862742133614,0.5055541232858852,9
20,2.25,20,0.4,0.7688278185790623,0.1654380420911735,0.5055896071813832,9
15,2.0,30,0.5,0.7825159914712153,0.16492017200139142,0.5055992385728502,9
20,2.5,15,0.4,0.7688278185790623,0.16545305004984673,0.5056103843398083,9
20,3.0,10,0.4,0.7688278185790623,0.1654476646428242,0.5056193846871275,9
20,2.75,10,0.4,0.7688278185790623,0.16545914050346083,0.5056601549845766,9
20,2.0,20,0.4,0.7688278185790623,0.16545895291525717,0.5056621174383927,9
20,2.25,15,0.4,0.7688278185790623,0.16546815118662545,0.5056677812593249,9
10,3.0,20,0.6,0.7962041643633684,0.1643833992067657,0.5056731471428463,9
20,2.5,10,0.4,0.7688278185790623,0.16547113371514152,0.5057018699967563,9
22,2.25,30,0.4,0.7704861933717655,0.16580673065726803,0.5057109737794167,9
10,3.0,25,0.6,0.7962041643633684,0.16442344012738402,0.5057159895879361,9
20,2.0,15,0.4,0.7688278185790623,0.16548393939895664,0.5057263294976146,9
15,2.25,30,0.5,0.7825159914712153,0.16498892363933873,0.5057311765103282,9
20,1.75,20,0.4,0.7688278185790623,0.16548099828469817,0.5057366106451624,9
30,2.0,25,0.3,0.7599041827897549,0.16664642137552363,0.5057399490700843,9
20,2.25,10,0.4,0.7688278185790623,0.16548364746874342,0.5057445359387681,9
20,1.75,15,0.4,0.7688278185790623,0.16550042353273275,0.50578604509881,9
20,2.0,10,0.4,0.7688278185790623,0.1654966850704014,0.5057881592865239,9
40,2.5,30,0.3,0.7493221722077443,0.1678262404127488,0.5058014962576078,9
20,1.5,20,0.4,0.7705914870093974,0.16550419808265554,0.5058131238310712,9
20,1.75,10,0.4,0.7688278185790622,0.16551024994328975,0.505832746781125,9
20,1.5,15,0.4,0.7688278185790622,0.16551761271777518,0.5058469447094388,9
15,2.5,30,0.5,0.7825159914712153,0.16506061542727793,0.5058687512192326,9
10,2.75,20,0.6,0.7944404959330333,0.16444990980812252,0.5058719466588036,9
20,1.5,10,0.4,0.7688278185790622,0.16552434562940554,0.5058783054333358,9
10,2.75,25,0.6,0.7962041643633684,0.16448265401565354,0.5059045588784692,9
30,2.25,25,0.3,0.7599041827897549,0.16673807214167563,0.5059628103308002,9
20,1.0,30,0.4,0.7688278185790622,0.16555414421410505,0.5059723656294588,9
20,1.0,25,0.4,0.7688278185790622,0.16555414421410505,0.5059723656294588,9
20,1.0,10,0.4,0.7688278185790622,0.16555414421410505,0.5059723656294588,9
20,1.0,15,0.4,0.7688278185790622,0.16555414421410505,0.5059723656294588,9
20,1.0,20,0.4,0.7688278185790622,0.16555414421410505,0.5059723656294588,9
28,3.0,10,0.3,0.7633262260127931,0.16651617815085132,0.506004513888377,9
15,2.75,30,0.5,0.7825159914712153,0.1651351890866877,0.5060118415019407,9
28,2.75,10,0.3,0.7633262260127931,0.16651903981600893,0.5060219025512592,9
20,1.5,25,0.4,0.7705914870093974,0.1655930326752369,0.5060355159803769,9
28,3.0,15,0.3,0.7633262260127931,0.16654983463535175,0.5060357627027012,9
28,2.5,10,0.3,0.7633262260127931,0.16652226629087974,0.5060399097828486,9
28,2.75,15,0.3,0.7633262260127931,0.1665484587110454,0.5060496767294953,9
28,2.25,10,0.3,0.7633262260127931,0.16652586134338274,0.5060585424808199,9
28,2.5,15,0.3,0.7633262260127931,0.16654744375825245,0.5060640648881216,9
20,1.75,25,0.4,0.7688278185790623,0.1656151315074876,0.5060719616213285,9
10,2.5,20,0.6,0.7944404959330333,0.1645182357110455,0.506074316425672,9
28,2.0,10,0.3,0.7633262260127931,0.1665298288244927,0.5060778077459995,9
28,2.25,15,0.3,0.7633262260127931,0.16654679953605758,0.5060789440329766,9
28,2.0,15,0.3,0.7633262260127931,0.16654653612004233,0.5060943317235836,9
28,1.75,10,0.3,0.761562557582458,0.1665341726692383,0.5060977128855696,9
10,2.5,25,0.6,0.7944404959330333,0.16454429747607496,0.5060980097861179,9
28,1.75,15,0.3,0.7633262260127931,0.16654666390054654,0.5061102462241225,9
20,2.0,25,0.4,0.7688278185790623,0.1656389604813651,0.506111573199359,9
28,1.5,10,0.3,0.761562557582458,0.16653889689771936,0.5061182654163418,9
22,2.5,30,0.4,0.7704861933717655,0.16598296311215732,0.5061207596290584,9
28,1.5,15,0.3,0.7633262260127931,0.16654719358120132,0.5061267065028991,9
20,2.25,25,0.4,0.7688278185790623,0.1656644914983344,0.5061542930451521,9
15,3.0,30,0.5,0.7825159914712153,0.1652125887972832,0.5061603312586276,9
28,1.0,30,0.3,0.759798889152123,0.16654950301789773,0.5061613437870333,9
28,1.0,25,0.3,0.759798889152123,0.16654950301789773,0.5061613437870333,9
28,1.0,20,0.3,0.759798889152123,0.16654950301789773,0.5061613437870333,9
28,1.0,15,0.3,0.759798889152123,0.16654950301789773,0.5061613437870333,9
28,1.0,10,0.3,0.759798889152123,0.16654950301789773,0.5061613437870333,9
28,1.5,20,0.3,0.7633262260127931,0.16656267466439179,0.5061761705031453,9
28,1.75,20,0.3,0.7633262260127931,0.16657072488544417,0.5061860882028989,9
30,2.5,25,0.3,0.7581405143594198,0.16683189834005685,0.5061898076630826,9
28,2.0,20,0.3,0.7633262260127931,0.16657972299056867,0.5061976174226787,9
20,2.5,25,0.4,0.7687225249414305,0.16569169766585487,0.5062000658595512,9
28,2.25,20,0.3,0.7633262260127931,0.16658964897316,0.5062107173827163,9
28,2.5,20,0.3,0.7633262260127931,0.1666004838267572,0.5062253494749099,9
30,1.5,30,0.3,0.7581405143594198,0.16684414271536882,0.5062321810360815,9
28,2.75,20,0.3,0.7650898944431282,0.1666122095278476,0.5062414772367207,9
20,2.75,25,0.4,0.7687225249414305,0.16572055324343854,0.5062488386236601,9
35,2.25,30,0.3,0.759798889152123,0.16746649214849416,0.5062578633961257,9
28,3.0,20,0.3,0.7650898944431282,0.16662480901990767,0.506259066322724,9
10,2.25,20,0.6,0.7944404959330333,0.16458840551151596,0.5062803119025076,9
10,2.25,25,0.6,0.7944404959330333,0.16460841818432304,0.5062964362071098,9
20,3.0,25,0.4,0.7703808997341335,0.16575103359261745,0.5063005605153842,9
10,3.0,15,0.6,0.7926768275026982,0.16463199819950275,0.5063604865224991,9
30,2.75,25,0.3,0.7581405143594198,0.16692787578130033,0.5064208645064419,9
10,2.75,15,0.6,0.7926768275026982,0.16466990433995815,0.5064784398379081,9
10,2.0,20,0.6,0.7944404959330333,0.1646604487154301,0.5064899903836083,9
10,2.0,25,0.6,0.7944404959330333,0.1646750656085572,0.5064999356271472,9
22,2.75,30,0.4,0.7704861933717655,0.16616261788092337,0.5065367921499778,9
28,1.5,25,0.3,0.7633262260127931,0.16670578194984825,0.5065438955764351,9
10,2.5,15,0.6,0.7944404959330333,0.16470895513799133,0.5065985840477004,9
20,1.5,30,0.4,0.7705914870093974,0.16584242854970282,0.5066454450838748,9
30,3.0,25,0.3,0.7581405143594198,0.1670259816036146,0.5066559084456723,9
10,1.75,20,0.6,0.7944404959330333,0.16473439577861532,0.5067034110768166,9
10,1.75,25,0.6,0.7944404959330333,0.16474429110056243,0.5067086093002043,9
10,2.25,15,0.6,0.7944404959330333,0.16474916235044867,0.5067209413406342,9
10,3.0,30,0.6,0.7962041643633684,0.164857135062022,0.5067290283989637,9
28,1.75,25,0.3,0.7633262260127931,0.16678691744509608,0.5067408716131927,9
40,2.75,30,0.3,0.7461107162599699,0.1682164197653488,0.5067621264406831,9
10,3.0,10,0.6,0.789149490642028,0.16476576979596794,0.5067644113368175,9
10,2.75,30,0.6,0.7962041643633684,0.1648600116052322,0.5067864734729693,9
10,2.75,10,0.6,0.7926768275026982,0.16478862849386638,0.5068350735180265,9
10,2.0,15,0.6,0.7944404959330333,0.16479053806325267,0.5068455345767864,9
10,2.5,30,0.6,0.7962041643633684,0.16486587255452426,0.5068499752664364,9
10,2.5,10,0.6,0.7926768275026982,0.1648121681003715,0.5069070400045026,9
30,1.75,30,0.3,0.7599041827897549,0.16712379715362216,0.5069192554742509,9
10,2.25,30,0.6,0.7962041643633684,0.16487478997077282,0.5069196784851384,9
10,1.5,20,0.6,0.7944404959330333,0.16481027814919683,0.5069206351864229,9
10,1.5,25,0.6,0.7944404959330333,0.16481614799280125,0.5069225624388721,9
28,2.0,25,0.3,0.7633262260127931,0.16687001561896386,0.5069415492171391,9
22,3.0,30,0.4,0.7704861933717655,0.16634564960119322,0.5069589613949131,9
10,1.75,15,0.6,0.7944404959330333,0.16483309470334562,0.506972387310823,9
10,2.25,10,0.6,0.7944404959330333,0.16483639336712605,0.506980319736437,9
20,1.75,30,0.4,0.7705914870093974,0.1659914260332111,0.5069909700124557,9
10,2.0,30,0.6,0.7944404959330333,0.16488683909515006,0.5069957342155775,9
10,2.0,10,0.6,0.7944404959330333,0.16486130917066283,0.5070549219200455,9
10,1.75,30,0.6,0.7944404959330333,0.16490209853883617,0.5070783002977775,9
35,2.5,30,0.3,0.759798889152123,0.16780559638344913,0.5070898678994644,9
10,1.5,15,0.6,0.7944404959330333,0.1648768450511833,0.507101523816399,9
10,1.75,10,0.6,0.7944404959330333,0.16488692051564327,0.5071308560342446,9
28,2.25,25,0.3,0.7633262260127931,0.166955052250124,0.5071458590000266,9
10,1.5,30,0.6,0.7944404959330333,0.16492065048690868,0.5071675417259405,9
10,1.5,10,0.6,0.7944404959330333,0.16491323253819223,0.5072081318375482,9
20,2.0,30,0.4,0.7705914870093974,0.16614359258602449,0.5073423290783005,9
28,2.5,25,0.3,0.7633262260127931,0.1670420044354957,0.5073537350550934,9
10,1.0,15,0.6,0.7944404959330333,0.16496797983853442,0.5073667489865801,9
10,1.0,30,0.6,0.7944404959330333,0.16496797983853442,0.5073667489865801,9
10,1.0,20,0.6,0.7944404959330333,0.16496797983853442,0.5073667489865801,9
10,1.0,25,0.6,0.7944404959330333,0.16496797983853442,0.5073667489865801,9
10,1.0,10,0.6,0.7944404959330333,0.16496797983853442,0.5073667489865801,9
28,1.5,30,0.3,0.759798889152123,0.16706256348370244,0.5074221214356855,9
28,2.75,25,0.3,0.761562557582458,0.16713085051218599,0.5075651148588238,9
30,2.0,30,0.3,0.7599041827897549,0.16740913837910182,0.5076172458770442,9
20,2.25,30,0.4,0.7688278185790623,0.1662988802628788,0.5076994117442069,9
40,3.0,30,0.3,0.7462160098976018,0.1686163678300516,0.5077421072549165,9
28,3.0,25,0.3,0.761562557582458,0.16722156998896798,0.5077799391754658,9
35,2.75,30,0.3,0.759798889152123,0.1681522051216799,0.5079364453855908,9
20,2.5,30,0.4,0.7688278185790623,0.16645724327766193,0.5080621123516257,9
28,1.75,30,0.3,0.759798889152123,0.16732667791209851,0.508066967866576,9
25,3.0,10,0.3,0.7650898944431282,0.16698012653648708,0.5081906746183197,9
25,3.0,15,0.3,0.7650898944431282,0.16700435603383257,0.5081997857989462,9
25,2.75,10,0.3,0.7633262260127931,0.16698513664412318,0.5082126445354221,9
25,2.75,15,0.3,0.7650898944431282,0.16700624812633283,0.5082208907736308,9
25,2.5,10,0.3,0.7633262260127931,0.16699049300960964,0.508235213624792,9
25,2.5,15,0.3,0.7650898944431282,0.16700850210702067,0.5082425006599881,9
25,2.25,10,0.3,0.7633262260127931,0.1669961986840961,0.5082583875675478,9
25,2.25,15,0.3,0.7650898944431282,0.1670111257582767,0.5082646286892829,9
25,2.0,10,0.3,0.7633262260127931,0.16700225679148534,0.5082821722152103,9
25,2.0,15,0.3,0.7633262260127931,0.16701412710698216,0.5082872886174972,9
25,1.75,10,0.3,0.7633262260127931,0.1670086705294796,0.5083065735925496,9
25,1.75,15,0.3,0.7633262260127931,0.16701751442551058,0.5083104947288986,9
30,2.25,30,0.3,0.7581405143594198,0.16770011659640163,0.508325973602688,9
25,1.5,10,0.3,0.7633262260127931,0.16701544317064293,0.5083315979004915,9
25,1.5,15,0.3,0.7633262260127931,0.16702129623293704,0.508334261839806,9
25,2.0,20,0.3,0.7650898944431282,0.16704275245208072,0.5083723727852054,9
25,2.25,20,0.3,0.7650898944431282,0.16704800700690967,0.5083730478665758,9
25,1.75,20,0.3,0.7633262260127931,0.16703831559359583,0.5083730526825133,9
25,2.5,20,0.3,0.7650898944431282,0.16705406364387887,0.5083750483653369,9
25,1.5,20,0.3,0.7633262260127931,0.16703471279198406,0.5083751186530177,9
25,2.75,20,0.3,0.7650898944431282,0.16706090747988514,0.5083783462283394,9
25,3.0,20,0.3,0.7650898944431282,0.16706852434866093,0.508382914885278,9
25,1.0,25,0.3,0.7650898944431282,0.16703007863352137,0.5083835410105364,9
25,1.0,20,0.3,0.7650898944431282,0.16703007863352137,0.5083835410105364,9
25,1.0,30,0.3,0.7650898944431282,0.16703007863352137,0.5083835410105364,9
25,1.0,15,0.3,0.7650898944431282,0.16703007863352137,0.5083835410105364,9
25,1.0,10,0.3,0.7650898944431282,0.16703007863352137,0.5083835410105364,9
20,2.75,30,0.4,0.7688278185790623,0.16661863787638115,0.5084303299035993,9
25,1.5,25,0.3,0.7633262260127931,0.16716745964784344,0.5087122836269359,9
28,2.0,30,0.3,0.7599041827897549,0.1675957841335251,0.5087212399996479,9
35,3.0,30,0.3,0.7564821395667166,0.16850626505783575,0.5087973714557309,9
20,3.0,30,0.4,0.7688278185790623,0.1667830222208205,0.5088039678655918,9
25,1.75,25,0.3,0.76166785122009,0.16723861916900062,0.5088811923842538,9
30,2.5,30,0.3,0.7581405143594198,0.16799668455584443,0.5090452701326056,9
25,2.0,25,0.3,0.76166785122009,0.16731139596252836,0.5090530543151313,9
25,2.25,25,0.3,0.7634315196504251,0.1673857698673905,0.5092278187267123,9
28,2.25,30,0.3,0.7582458079970517,0.16786983708763317,0.5093847889242349,9
25,2.5,25,0.3,0.7651951880807601,0.16746172175844445,0.5094054373489779,9
25,1.5,30,0.3,0.7634315196504251,0.16749689066645107,0.5095176764621183,9
25,2.75,25,0.3,0.7651951880807601,0.16753923348973104,0.5095858642590552,9
25,3.0,25,0.3,0.7651951880807601,0.16761828784360214,0.5097690558095727,9
30,2.75,30,0.3,0.7581405143594198,0.16829879731779723,0.5097749767193792,9
28,2.5,30,0.3,0.7582458079970517,0.1681487940008274,0.5100574738612306,9
25,1.75,30,0.3,0.7634315196504251,0.16773646596682448,0.5100962063078311,9
30,3.0,30,0.3,0.7564821395667166,0.1686064120495767,0.5105149440443976,9
25,2.0,30,0.3,0.7634315196504251,0.1679800998319556,0.5106822179969123,9
28,2.75,30,0.3,0.7582458079970517,0.16843261419372316,0.5107391618781746,9
22,3.0,15,0.3,0.7669588565110952,0.1676196762500977,0.5108165673903633,9
22,3.0,10,0.3,0.7687225249414303,0.16760665475853403,0.510833303343474,9
22,2.75,15,0.3,0.7669588565110952,0.16762507470303706,0.5108451833495895,9
22,2.75,10,0.3,0.7687225249414303,0.16761383586136303,0.5108597414134126,9
22,2.5,15,0.3,0.7687225249414303,0.1676308359074868,0.5108743368720639,9
22,2.5,10,0.3,0.7687225249414303,0.16762134320519595,0.5108867539041978,9
22,2.25,15,0.3,0.7687225249414303,0.16763696606556752,0.5109040384853547,9
22,2.25,10,0.3,0.7687225249414303,0.16762917926326057,0.5109143454943942,9
22,2.0,15,0.3,0.7687225249414303,0.16764347156157017,0.5109342990990491,9
22,2.0,10,0.3,0.7687225249414303,0.16763734656908336,0.5109425209994545,9
22,3.0,20,0.3,0.7669588565110952,0.16766995738003942,0.5109523196559786,9
22,2.75,20,0.3,0.7669588565110952,0.16766787284755155,0.5109617871726448,9
22,1.75,15,0.3,0.7687225249414303,0.16765035896395453,0.5109651300096218,9
22,1.75,10,0.3,0.7687225249414303,0.16764584771741864,0.5109712853740536,9
22,2.5,20,0.3,0.7669588565110952,0.16766648142577578,0.5109723923960844,9
22,2.25,20,0.3,0.7669588565110952,0.16766579483390878,0.5109841563096461,9
22,1.5,15,0.3,0.7687225249414303,0.1676576350275106,0.5109965429055574,9
22,2.0,20,0.3,0.7669588565110952,0.16766582530463622,0.5109971009189279,9
22,1.5,10,0.3,0.7687225249414303,0.16765468536518793,0.5110006437144669,9
22,1.75,20,0.3,0.7669588565110952,0.16766658559561262,0.5110112492727993,9
22,1.5,20,0.3,0.7687225249414303,0.16766808900165273,0.5110266254850384,9
22,1.0,30,0.3,0.7687225249414303,0.1676733811032605,0.5110611634004462,9
22,1.0,20,0.3,0.7687225249414303,0.1676733811032605,0.5110611634004462,9
22,1.0,10,0.3,0.7687225249414303,0.1676733811032605,0.5110611634004462,9
22,1.0,15,0.3,0.7687225249414303,0.1676733811032605,0.5110611634004462,9
22,1.0,25,0.3,0.7687225249414303,0.1676733811032605,0.5110611634004462,9
25,2.25,30,0.3,0.7651951880807601,0.1682277541014846,0.511275599351447,9
22,1.5,25,0.3,0.7669588565110952,0.16778937673083766,0.5113304700325477,9
28,3.0,30,0.3,0.7582458079970517,0.1687212589122408,0.5114297276155465,9
22,1.75,25,0.3,0.7669588565110952,0.16784940926308833,0.5114687648977106,9
22,2.0,25,0.3,0.7669588565110952,0.1679107747412922,0.5116094347938669,9
22,2.25,25,0.3,0.7669588565110952,0.16797345655308082,0.5117524423871106,9
25,2.5,30,0.3,0.7651951880807601,0.16847939247478363,0.5118762439286233,9
22,2.5,25,0.3,0.7669588565110952,0.16803743886318853,0.511897752002906,9
22,2.75,25,0.3,0.7669588565110952,0.1681027065741177,0.5120453295694806,9
22,1.5,30,0.3,0.7669588565110952,0.1680900009130032,0.5120595413080108,9
22,3.0,25,0.3,0.7669588565110952,0.1681692452903309,0.5121951425650759,9
15,3.0,20,0.4,0.7774355734554739,0.16731249021010056,0.5122433604516275,9
15,2.75,20,0.4,0.7774355734554739,0.16734150036036588,0.5123354873891075,9
15,2.5,20,0.4,0.7774355734554739,0.1673714903153264,0.512429387063332,9
15,3.0,15,0.4,0.7756719050251388,0.16738607203466593,0.5124484686016682,9
25,2.75,30,0.3,0.7651951880807601,0.16873498037399298,0.5124840508162891,9
15,2.75,15,0.4,0.7756719050251388,0.16740715393681063,0.5125173796370166,9
15,2.25,20,0.4,0.7774355734554739,0.16740247419603807,0.5125250859712692,9
22,1.75,30,0.3,0.7651951880807601,0.16830326147552216,0.5125677209969158,9
15,2.5,15,0.4,0.7756719050251388,0.16742886916411662,0.5125874021990398,9
15,2.0,20,0.4,0.7774355734554739,0.1674344665322024,0.5126226114354648,9
15,3.0,10,0.4,0.7756719050251388,0.1674359290337181,0.5126259663049759,9
15,2.25,15,0.4,0.7756719050251388,0.167451224046582,0.5126585479367848,9
15,2.75,10,0.4,0.7756719050251388,0.16745147171154365,0.5126737728868438,9
15,1.75,20,0.4,0.7774355734554739,0.16746748227383013,0.5127219916278556,9
15,2.5,10,0.4,0.7756719050251388,0.1674674576044761,0.5127223957075884,9
15,2.0,15,0.4,0.7756719050251388,0.16747422507085227,0.5127308288302905,9
15,2.25,10,0.4,0.7756719050251388,0.16748388922645888,0.5127718396147167,9
15,1.75,15,0.4,0.7774355734554739,0.1674978788836437,0.5128042571979174,9
15,2.0,10,0.4,0.7756719050251388,0.16750076915824616,0.5128221096030773,9
15,1.5,20,0.4,0.7774355734554739,0.16750153680343188,0.5128232555946606,9
20,3.0,15,0.3,0.7687225249414303,0.16814277005740413,0.5128670671585707,9
15,1.75,10,0.4,0.7774355734554739,0.16751810004845838,0.5128732108173795,9
15,1.5,15,0.4,0.7774355734554739,0.1675221922952705,0.5128788457039393,9
20,2.75,15,0.3,0.7687225249414303,0.168150636861404,0.512900807210914,9
20,3.0,10,0.3,0.7687225249414303,0.16813826863531547,0.5129030074345855,9
15,3.0,25,0.4,0.779093948248177,0.16759410544805026,0.5129155569819575,9
15,2.75,25,0.4,0.779093948248177,0.1675865681941967,0.5129209987178666,9
15,1.5,10,0.4,0.7774355734554739,0.16753588461464503,0.5129251485547666,9
15,2.5,25,0.4,0.779093948248177,0.16758038190747587,0.512928944320623,9
20,2.75,10,0.3,0.7687225249414303,0.168146898283299,0.5129323037422964,9
20,2.5,15,0.3,0.7687225249414303,0.16815886558837814,0.5129351041160103,9
15,2.25,25,0.4,0.7774355734554739,0.16757556693986608,0.5129394340391786,9
15,2.0,25,0.4,0.7774355734554739,0.16757214435747453,0.5129525095384726,9
20,2.5,10,0.3,0.7687225249414303,0.1681558392704272,0.512962153479723,9
20,3.0,20,0.3,0.763642106925689,0.16818187685637218,0.512967110517893,9
15,1.75,25,0.4,0.7774355734554739,0.1675701359716288,0.5129682139575095,9
20,2.25,15,0.3,0.7687225249414303,0.16816746156982118,0.5129699669913198,9
20,2.75,20,0.3,0.765300481718392,0.1681838116495357,0.5129864639616565,9
15,1.5,25,0.4,0.7774355734554739,0.16756956437200599,0.512986591971326,9
20,2.25,10,0.3,0.7687225249414303,0.1681650937450748,0.5129925607461049,9
20,2.0,15,0.3,0.7687225249414303,0.16817643028372375,0.5130054052591088,9
20,2.5,20,0.3,0.765300481718392,0.16818639589970483,0.5130068922417708,9
20,2.0,10,0.3,0.7687225249414303,0.1681746639070849,0.5130235297556536,9
20,2.25,20,0.3,0.765300481718392,0.16818963993582547,0.5130284135997072,9
15,1.0,25,0.4,0.7774355734554739,0.16757282599620316,0.5130315555653227,9
15,1.0,20,0.4,0.7774355734554739,0.16757282599620316,0.5130315555653227,9
15,1.0,30,0.4,0.7774355734554739,0.16757282599620316,0.5130315555653227,9
15,1.0,15,0.4,0.7774355734554739,0.16757282599620316,0.5130315555653227,9
15,1.0,10,0.4,0.7774355734554739,0.16757282599620316,0.5130315555653227,9
20,1.75,15,0.3,0.7687225249414303,0.1681857773566673,0.5130414286512501,9
20,2.0,20,0.3,0.7670641501487272,0.1681935544911574,0.5130510470712635,9
20,1.75,10,0.3,0.7687225249414303,0.16818455200856944,0.5130550648395039,9
20,1.75,20,0.3,0.7670641501487272,0.1681981507128267,0.5130748125046142,9
20,1.5,15,0.3,0.7687225249414303,0.1681955085660445,0.5130780472142494,9
22,2.0,30,0.3,0.7651951880807601,0.16851977735225843,0.5130817754091737,9
20,1.5,10,0.3,0.7687225249414303,0.1681947603547172,0.5130871704477009,9
25,3.0,30,0.3,0.76166785122009,0.168994484821512,0.5130989244397839,9
20,1.5,20,0.3,0.7670641501487272,0.16820344017193686,0.5130997305791053,9
20,1.0,10,0.3,0.7687225249414303,0.16821614727204232,0.5131531116440464,9
20,1.0,30,0.3,0.7687225249414303,0.16821614727204232,0.5131531116440464,9
20,1.0,15,0.3,0.7687225249414303,0.16821614727204232,0.5131531116440464,9
20,1.0,20,0.3,0.7687225249414303,0.16821614727204232,0.5131531116440464,9
20,1.0,25,0.3,0.7687225249414303,0.16821614727204232,0.5131531116440464,9
20,1.5,25,0.3,0.7687225249414303,0.16831636023712815,0.5133796431320558,9
15,1.5,30,0.4,0.7774355734554739,0.16777062839962464,0.5134676000382108,9
20,1.75,25,0.3,0.7670641501487272,0.16836826055123286,0.5134960862382678,9
22,2.25,30,0.3,0.7651951880807601,0.16873951666757098,0.5136016204174018,9
20,2.0,25,0.3,0.765300481718392,0.1684213361599494,0.5136146040725799,9
15,1.75,30,0.4,0.7774355734554739,0.16787312692760514,0.5136922995314391,9
20,2.25,25,0.3,0.765300481718392,0.16847557245578423,0.5137351656873106,9
20,2.5,25,0.3,0.765300481718392,0.16853095546084973,0.5138577414237093,9
15,2.0,30,0.4,0.777330279817842,0.16797796993384423,0.5139213369918176,9
20,2.75,25,0.3,0.765300481718392,0.16858747179659703,0.5139823028657693,9
20,1.5,30,0.3,0.7687225249414303,0.16859674394317944,0.5140554613579084,9
20,3.0,25,0.3,0.763642106925689,0.16864510865604806,0.5141088227973813,9
22,2.5,30,0.3,0.7669588565110952,0.16896244899321414,0.5141271758612761,9
15,2.25,30,0.4,0.7807523230408803,0.16808511910279864,0.5141546314255747,9
15,2.5,30,0.4,0.7807523230408803,0.16819453760598385,0.5143921049713724,9
20,1.75,30,0.3,0.7669588565110952,0.1687912875957782,0.5145142535331896,9
15,2.75,30,0.4,0.7825159914712153,0.16830619002282624,0.5146336827523429,9
22,2.75,30,0.3,0.7669588565110952,0.16918854525424434,0.5146583654019733,9
10,3.0,20,0.5,0.7840690726262864,0.16770870326802087,0.51482227596081,9
15,3.0,30,0.4,0.7825159914712153,0.1684200422673615,0.5148792927392181,9
20,2.0,30,0.3,0.7669588565110952,0.16898862172227005,0.5149780255824927,9
10,2.75,20,0.5,0.7840690726262864,0.16776447218510115,0.5149816611641866,9
10,3.0,25,0.5,0.7840690726262864,0.16781565833423062,0.5150443244963878,9
10,2.5,20,0.5,0.7840690726262864,0.16782151694743214,0.5151434860478441,9
10,2.75,25,0.5,0.7840690726262864,0.1678565252771311,0.5151727609260313,9
22,3.0,30,0.3,0.7669588565110952,0.16941777764372923,0.5151951163864303,9
10,2.5,25,0.5,0.7840690726262864,0.16789908315715485,0.5153045031955812,9
10,2.25,20,0.5,0.7840690726262864,0.16787985551665294,0.5153077851637808,9
10,3.0,15,0.5,0.7840690726262864,0.16789250832028102,0.515316671910935,9
10,2.75,15,0.5,0.7840690726262864,0.16792700471329833,0.5154176846809277,9
10,2.25,25,0.5,0.7840690726262864,0.16794336073838131,0.5154396077196904,9
20,2.25,30,0.3,0.7669588565110952,0.16918871814547512,0.5154467078013906,9
10,2.0,20,0.5,0.7840690726262864,0.16793950633358012,0.5154745940287221,9
10,2.5,15,0.5,0.7840690726262864,0.16796231214484056,0.5155202007127772,9
10,2.0,25,0.5,0.7840690726262864,0.16798938771853159,0.5155781327661283,9
10,2.25,15,0.5,0.7840690726262864,0.16799843808223897,0.5156242339905618,9
10,3.0,10,0.5,0.7858327410566216,0.16800272891602022,0.5156394925536805,9
10,1.75,20,0.5,0.7840690726262864,0.16800048833556364,0.5156439491584915,9
10,2.75,10,0.5,0.7858327410566216,0.16802459087949054,0.5157022490912323,9
10,1.75,25,0.5,0.7840690726262864,0.16803719477064036,0.5157201385366661,9
10,2.0,15,0.5,0.7840690726262864,0.16803539015962596,0.515729798841104,9
10,2.5,10,0.5,0.7858327410566216,0.1680469465656852,0.5157659273934428,9
10,1.5,20,0.5,0.7840690726262864,0.16806282097468694,0.5158158881040724,9
10,2.25,10,0.5,0.7858327410566216,0.1680697989258994,0.5158305329802917,9
10,1.75,15,0.5,0.7840690726262864,0.16807317618270598,0.5158369099435639,9
10,1.5,25,0.5,0.7840690726262864,0.16808681358711047,0.515865687252595,9
10,2.0,10,0.5,0.7858327410566216,0.16809315097509778,0.5158960715076412,9
20,2.5,30,0.3,0.7687225249414303,0.16939154989214222,0.5159202335715046,9
10,1.5,15,0.5,0.7840690726262864,0.16811180413370053,0.5159455823394151,9
10,1.75,10,0.5,0.7858327410566216,0.16811700579319336,0.5159625487699898,9
10,1.5,10,0.5,0.7840690726262864,0.16814136652635375,0.5160299707032961,9
10,1.5,30,0.5,0.7840690726262864,0.1682114903905326,0.5161570943588121,9
10,1.75,30,0.5,0.7840690726262864,0.1682251285813129,0.5161590756237987,9
10,2.0,30,0.5,0.7840690726262864,0.16824116421573077,0.5161657623740123,9
10,1.0,25,0.5,0.7858327410566216,0.16819161866185497,0.5161676730514091,9
10,1.0,10,0.5,0.7858327410566216,0.16819161866185497,0.5161676730514091,9
10,1.0,30,0.5,0.7858327410566216,0.16819161866185497,0.5161676730514091,9
10,1.0,20,0.5,0.7858327410566216,0.16819161866185497,0.5161676730514091,9
10,1.0,15,0.5,0.7858327410566216,0.16819161866185497,0.5161676730514091,9
10,2.25,30,0.5,0.7858327410566216,0.16825954676481028,0.5161770534774015,9
10,2.5,30,0.5,0.7858327410566216,0.16828022761399047,0.5161928516046296,9
10,2.75,30,0.5,0.7840690726262864,0.16830315996529524,0.5162130630401184,9
10,3.0,30,0.5,0.7858327410566216,0.16832829874567437,0.516237597505063,9
20,2.75,30,0.3,0.7670641501487272,0.1695970911205226,0.5163985392443057,9
20,3.0,30,0.3,0.7670641501487272,0.16980531705427201,0.5168815640333514,9
15,3.0,20,0.3,0.7756719050251388,0.1700092307278655,0.5194130401195226,9
15,3.0,15,0.3,0.7756719050251388,0.17000538984387173,0.519415721889832,9
15,2.75,20,0.3,0.7756719050251388,0.1700223614970862,0.5194583207458829,9
15,2.75,15,0.3,0.7739082365948037,0.17001977947850377,0.5194620979695613,9
15,2.5,20,0.3,0.7756719050251388,0.17003605277309408,0.5195045708018066,9
15,3.0,10,0.3,0.7756719050251388,0.17002582336648767,0.5195051108450341,9
15,2.5,15,0.3,0.7739082365948037,0.17003451533086,0.5195090497202943,9
15,2.75,10,0.3,0.7756719050251388,0.1700379608940351,0.5195406845094842,9
15,2.25,20,0.3,0.7739082365948037,0.170050312104437,0.5195518038949671,9
15,2.25,15,0.3,0.7739082365948037,0.170049601017752,0.5195565835826313,9
15,2.5,10,0.3,0.7756719050251388,0.17005036274106877,0.5195767352434979,9
15,2.0,20,0.3,0.7739082365948037,0.17006514725371946,0.5196000340569511,9
15,2.0,15,0.3,0.7739082365948037,0.17006504023381047,0.5196047061590368,9
15,2.25,10,0.3,0.7739082365948037,0.1700630303796241,0.5196132658826239,9
15,1.75,20,0.3,0.7739082365948037,0.17008056620307688,0.5196492757543901,9
15,2.0,10,0.3,0.7739082365948037,0.17007596531169522,0.5196502793273045,9
15,1.75,15,0.3,0.7739082365948037,0.1700808367529268,0.5196534242169899,9
15,1.75,10,0.3,0.7739082365948037,0.17008916906967178,0.5196877785438997,9
15,1.5,20,0.3,0.7739082365948037,0.17009657715990312,0.5196995439005923,9
15,1.5,15,0.3,0.7739082365948037,0.17009699442974424,0.5197027446922482,9
15,1.5,10,0.3,0.7739082365948037,0.17010264321677931,0.5197257665657274,9
15,1.0,20,0.3,0.7755666113875068,0.170130409088132,0.5198032214995044,9
15,1.0,15,0.3,0.7755666113875068,0.170130409088132,0.5198032214995044,9
15,1.0,10,0.3,0.7755666113875068,0.170130409088132,0.5198032214995044,9
15,1.0,30,0.3,0.7755666113875068,0.170130409088132,0.5198032214995044,9
15,1.0,25,0.3,0.7755666113875068,0.170130409088132,0.5198032214995044,9
15,1.5,25,0.3,0.7739082365948037,0.17018542670893055,0.5199128597289291,9
15,1.75,25,0.3,0.7739082365948037,0.17021427230989045,0.5199700630403106,9
15,2.0,25,0.3,0.7739082365948037,0.1702439940017894,0.5200288261424572,9
15,2.25,25,0.3,0.7739082365948037,0.17027458093573233,0.5200891277154669,9
15,2.5,25,0.3,0.7756719050251388,0.17030602262558633,0.5201509471527949,9
15,2.75,25,0.3,0.7756719050251388,0.17033830893275972,0.5202142645344012,9
15,3.0,25,0.3,0.7756719050251388,0.17037143005197286,0.5202790606016479,9
15,1.5,30,0.3,0.7739082365948037,0.1704103130022009,0.520445004829781,9
15,1.75,30,0.3,0.7739082365948037,0.17055309677090935,0.5207709201855757,9
15,2.0,30,0.3,0.7739082365948037,0.17069773942798355,0.5211001214404135,9
15,2.25,30,0.3,0.7756719050251388,0.17084422021822865,0.5214325633536885,9
15,2.5,30,0.3,0.7740135302324356,0.17099251912516594,0.5217682023427751,9
15,2.75,30,0.3,0.7739082365948037,0.1711426168338851,0.5221069964172137,9
10,3.0,20,0.4,0.7789886546105451,0.17058602737320308,0.5224269876423986,9
15,3.0,30,0.3,0.7721445681644686,0.1712944946966068,0.5224489051175861,9
10,2.75,20,0.4,0.7807523230408803,0.1706274813233516,0.5225422078675992,9
10,2.5,20,0.4,0.7807523230408803,0.1706697555834906,0.5226589595425281,9
10,3.0,15,0.4,0.7807523230408803,0.1706987461846226,0.5227277281957994,9
10,2.25,20,0.4,0.7807523230408803,0.17071286046984396,0.522777262395798,9
10,2.75,15,0.4,0.7807523230408803,0.17072719708865047,0.5228075049631532,9
10,3.0,25,0.4,0.7789886546105451,0.17076110073208436,0.5228210763661865,9
10,2.75,25,0.4,0.7789886546105451,0.17077969962094428,0.5228850648075346,9
10,2.5,15,0.4,0.7807523230408803,0.17075617012466907,0.5228882231475811,9
10,2.0,20,0.4,0.7807523230408803,0.17075680653256214,0.5228971366280204,9
10,2.5,25,0.4,0.7789886546105451,0.17079938481802207,0.5229511244876327,9
10,3.0,10,0.4,0.7825159914712153,0.1707797012212234,0.522961554237475,9
10,2.25,15,0.4,0.7807523230408803,0.17078566963937541,0.522969890874986,9
10,2.75,10,0.4,0.7825159914712153,0.1707987271866807,0.5230133206288152,9
10,1.75,20,0.4,0.7825159914712153,0.17080160456256613,0.5230186029256009,9
10,2.25,25,0.4,0.7807523230408803,0.170820172067343,0.523019286244185,9
10,2.0,15,0.4,0.7807523230408803,0.17081570005807084,0.5230525164341058,9
10,2.5,10,0.4,0.7825159914712153,0.17081808230804146,0.5230656906073852,9
10,2.0,25,0.4,0.7807523230408803,0.1708420775558254,0.5230895817902752,9
10,2.25,10,0.4,0.7825159914712153,0.17083776827625533,0.5231186673577325,9
10,1.75,15,0.4,0.7825159914712153,0.17084626588639415,0.5231361082801184,9
10,1.5,20,0.4,0.7825159914712153,0.17084726559865596,0.5231416824750779,9
10,1.75,25,0.4,0.7825159914712153,0.17086511793047138,0.5231620437473876,9
10,2.0,10,0.4,0.7842796599015505,0.17085778681225705,0.523172254128164,9
10,1.5,15,0.4,0.7825159914712153,0.17087737171210102,0.5232206750383512,9
10,1.75,10,0.4,0.7842796599015505,0.17087813966742715,0.5232264542317725,9
10,1.5,25,0.4,0.7825159914712153,0.17088931031642302,0.5232367056800956,9
10,1.5,10,0.4,0.7842796599015505,0.17089882862405895,0.5232812710474892,9
10,1.0,30,0.4,0.7825159914712153,0.17094122212828952,0.5233927686666024,9
10,1.0,20,0.4,0.7825159914712153,0.17094122212828952,0.5233927686666024,9
10,1.0,10,0.4,0.7825159914712153,0.17094122212828952,0.5233927686666024,9
10,1.0,25,0.4,0.7825159914712153,0.17094122212828952,0.5233927686666024,9
10,1.0,15,0.4,0.7825159914712153,0.17094122212828952,0.5233927686666024,9
10,1.5,30,0.4,0.7825159914712153,0.17103236022979093,0.5235693865549373,9
10,1.75,30,0.4,0.7825159914712153,0.1710805322702402,0.5236626321476502,9
10,2.0,30,0.4,0.7807523230408803,0.17113039966659396,0.5237590887014225,9
10,2.25,30,0.4,0.7807523230408803,0.17118193368454376,0.5238586985847568,9
10,2.5,30,0.4,0.7807523230408803,0.17123510653009844,0.5239614060401634,9
10,2.75,30,0.4,0.7807523230408803,0.1712898913071543,0.524067157103669,9
10,3.0,30,0.4,0.7807523230408803,0.17134626197748798,0.5241758995289403,9
10,3.0,20,0.3,0.7775408670931059,0.17310827983429433,0.5288909545205213,9
10,2.75,20,0.3,0.7775408670931059,0.17313334319524085,0.5289603384968375,9
10,3.0,15,0.3,0.7775408670931059,0.173148716635454,0.5290057060431296,9
10,2.5,20,0.3,0.7775408670931059,0.17315886658995552,0.5290305578049472,9
10,2.75,15,0.3,0.7775408670931059,0.1731693457578264,0.5290619450235442,9
10,2.25,20,0.3,0.7775408670931059,0.17318485513638804,0.529101622087746,9
10,2.5,15,0.3,0.7775408670931059,0.1731902636661771,0.529118688232876,9
10,3.0,10,0.3,0.7758824923004027,0.17319718510266313,0.5291482508134276,9
10,2.0,20,0.3,0.7775408670931059,0.17321131405583245,0.5291735411965681,9
10,2.25,15,0.3,0.7775408670931059,0.17321147256834415,0.5291759397646314,9
10,2.75,10,0.3,0.7758824923004027,0.17321209761467193,0.5291872275888525,9
10,2.5,10,0.3,0.7758824923004027,0.17322720395291782,0.5292265547681224,9
10,2.0,15,0.3,0.7775408670931059,0.17323297470579346,0.5292337037823371,9
10,1.75,20,0.3,0.7775408670931059,0.17323824867540732,0.5292463251962963,9
10,2.25,10,0.3,0.7758824923004027,0.17324250498230973,0.5292662339998624,9
10,1.75,15,0.3,0.7758824923004027,0.17325477235420358,0.529291984520794,9
10,2.0,10,0.3,0.7758824923004027,0.17325800158019958,0.5293062669589551,9
10,1.5,20,0.3,0.7758824923004027,0.1732656644306153,0.5293199843706387,9
10,1.75,10,0.3,0.7758824923004027,0.17327369463653428,0.5293466553468873,9
10,1.5,15,0.3,0.7758824923004027,0.17327686782406337,0.5293507862873646,9
10,1.5,10,0.3,0.7758824923004027,0.17328958505400804,0.5293874008920996,9
10,2.75,25,0.3,0.7757771986627708,0.1733438893843559,0.5294443666347548,9
10,2.5,25,0.3,0.7757771986627708,0.17333882559160796,0.5294444548197147,9
10,3.0,25,0.3,0.7757771986627708,0.17334957691679767,0.5294454293134785,9
10,2.25,25,0.3,0.7775408670931059,0.1733343928090803,0.5294457080221558,9
10,2.0,25,0.3,0.7775408670931059,0.17333059848971977,0.5294481407550928,9
10,1.75,25,0.3,0.7775408670931059,0.17332745027517582,0.5294517679026234,9
10,1.5,25,0.3,0.7775408670931059,0.17332495600237843,0.52945660473235,9
10,1.0,25,0.3,0.7758824923004027,0.17332196164781316,0.5294699705050375,9
10,1.0,20,0.3,0.7758824923004027,0.17332196164781316,0.5294699705050375,9
10,1.0,15,0.3,0.7758824923004027,0.17332196164781316,0.5294699705050375,9
10,1.0,30,0.3,0.7758824923004027,0.17332196164781316,0.5294699705050375,9
10,1.0,10,0.3,0.7758824923004027,0.17332196164781316,0.5294699705050375,9
10,1.5,30,0.3,0.779199241885809,0.17348463269114736,0.5298258698232634,9
10,1.75,30,0.3,0.779199241885809,0.17356777747486873,0.5300070935382496,9
10,2.0,30,0.3,0.779199241885809,0.17365210845223583,0.5301904595941456,9
10,2.25,30,0.3,0.777435573455474,0.17373761117375852,0.5303759388061443,9
10,2.5,30,0.3,0.777435573455474,0.17382427159823804,0.5305635028210752,9
10,2.75,30,0.3,0.777435573455474,0.17391207607655168,0.5307531240874628,9
10,3.0,30,0.3,0.777435573455474,0.17400101133629947,0.5309447758271757,9
