ID,Pred,Team1ID,Team2ID,Team1Name,Team2Name,Team1ELO,Team2ELO,Team1Seed,Team2Seed
2025_3181_3376,0.7504011927809562,3376,3181,South Carolina,Duke,2029.9502031752472,1877.6323496468428,1,2
2025_3314_3376,0.8384266496817061,3376,3314,South Carolina,North Carolina,2029.9502031752472,1809.6668329023476,1,3
2025_3268_3376,0.8703866255257962,3376,3268,South Carolina,Maryland,2029.9502031752472,1785.478366188461,1,4
2025_3104_3376,0.9018459010452392,3376,3104,South Carolina,Alabama,2029.9502031752472,1752.8218398927406,1,5
2025_3376_3452,0.8953669815765332,3376,3452,South Carolina,West Virginia,2029.9502031752472,1778.6338908344471,1,6
2025_3376_3435,0.9343301595218496,3376,3435,South Carolina,Vanderbilt,2029.9502031752472,1716.3531609099473,1,7
2025_3376_3428,0.9278575564252264,3376,3428,South Carolina,Utah,2029.9502031752472,1741.6985419928524,1,8
2025_3231_3376,0.9289142383404696,3376,3231,South Carolina,Indiana,2029.9502031752472,1739.282653639833,1,9
2025_3332_3376,0.9607674138725517,3376,3332,South Carolina,Oregon,2029.9502031752472,1643.8102383927396,1,10
2025_3162_3376,0.9071828413248264,3376,3162,South Carolina,Columbia,2029.9502031752472,1783.4269080012543,1,11
2025_3376_3449,0.9603828919323023,3376,3449,South Carolina,Washington,2029.9502031752472,1645.3536274676324,1,11
2025_3376_3453,0.9125754721572351,3376,3453,South Carolina,WI Green Bay,2029.9502031752472,1773.4277794623615,1,12
2025_3313_3376,0.9211981267743943,3376,3313,South Carolina,Norfolk St,2029.9502031752472,1756.2144264957496,1,13
2025_3333_3376,0.9545506951124769,3376,3333,South Carolina,Oregon St,2029.9502031752472,1667.1550896856745,1,14
2025_3250_3376,0.9592622369804878,3376,3250,South Carolina,Lehigh,2029.9502031752472,1649.77114346928,1,15
2025_3376_3399,0.9565331786418811,3376,3399,South Carolina,Tennessee Tech,2029.9502031752472,1660.0604484176497,1,16
2025_3376_3400,0.5953561619634545,3376,3400,South Carolina,Texas,2029.9502031752472,1971.253830593616,1,1
2025_3376_3395,0.7899873301147404,3376,3395,South Carolina,TCU,2029.9502031752472,1843.5690826914229,1,2
2025_3323_3376,0.7652562181366455,3376,3323,South Carolina,Notre Dame,2029.9502031752472,1880.3257336324496,1,3
2025_3326_3376,0.8252965804366286,3376,3326,South Carolina,Ohio St,2029.9502031752472,1838.9421792110422,1,4
2025_3376_3397,0.9024147465264973,3376,3397,South Carolina,Tennessee,2029.9502031752472,1751.8425070034982,1,5
2025_3276_3376,0.9095504222136485,3376,3276,South Carolina,Michigan,2029.9502031752472,1754.103120625063,1,6
2025_3257_3376,0.9089052547578649,3376,3257,South Carolina,Louisville,2029.9502031752472,1770.291352149283,1,7
2025_3228_3376,0.9432498012022595,3376,3228,South Carolina,Illinois,2029.9502031752472,1702.7194358808865,1,8
2025_3166_3376,0.8559301293067875,3376,3166,South Carolina,Creighton,2029.9502031752472,1859.0974014739336,1,9
2025_3304_3376,0.9432153592087213,3376,3304,South Carolina,Nebraska,2029.9502031752472,1702.8172097273407,1,10
2025_3235_3376,0.928925921874186,3376,3235,South Carolina,Iowa St,2029.9502031752472,1739.2557567978145,1,11
2025_3343_3376,0.911478167960177,3376,3343,South Carolina,Princeton,2029.9502031752472,1775.506646128416,1,11
2025_3376_3378,0.9496789817670424,3376,3378,South Carolina,South Florida,2029.9502031752472,1683.410611086055,1,12
2025_3286_3376,0.9368222318135542,3376,3286,South Carolina,Montana St,2029.9502031752472,1720.0676852052384,1,13
2025_3372_3376,0.9405829406384622,3376,3372,South Carolina,SF Austin,2029.9502031752472,1710.1301229301325,1,14
2025_3192_3376,0.9669980698802377,3376,3192,South Carolina,F Dickinson,2029.9502031752472,1616.5400097680608,1,15
2025_3219_3376,0.9794824579954615,3376,3219,South Carolina,High Point,2029.9502031752472,1542.3452372503477,1,16
2025_3376_3456,0.9856674964662121,3376,3456,South Carolina,William & Mary,2029.9502031752472,1486.8572709106484,1,16
2025_3376_3417,0.6157414909552132,3376,3417,South Carolina,UCLA,2029.9502031752472,1958.278979203148,1,1
2025_3301_3376,0.7429518621539891,3376,3301,South Carolina,NC State,2029.9502031752472,1883.6190284342556,1,2
2025_3261_3376,0.7705392999052485,3376,3261,South Carolina,LSU,2029.9502031752472,1875.8199352842041,1,3
2025_3124_3376,0.839025958930277,3376,3124,South Carolina,Baylor,2029.9502031752472,1823.9933602644464,1,4
2025_3279_3376,0.894767728373683,3376,3279,South Carolina,Mississippi,2029.9502031752472,1764.6037249112856,1,5
2025_3199_3376,0.9052045506430378,3376,3199,South Carolina,Florida St,2029.9502031752472,1761.9644695309794,1,6
2025_3277_3376,0.9345131917601405,3376,3277,South Carolina,Michigan St,2029.9502031752472,1715.8991388129386,1,7
2025_3350_3376,0.8989571051451354,3376,3350,South Carolina,Richmond,2029.9502031752472,1797.7185869664368,1,8
2025_3210_3376,0.9574999072327004,3376,3210,South Carolina,Georgia Tech,2029.9502031752472,1656.4881012812837,1,9
2025_3217_3376,0.9125745949166141,3376,3217,South Carolina,Harvard,2029.9502031752472,1773.429450810923,1,10
2025_3206_3376,0.9223458371110616,3376,3206,South Carolina,George Mason,2029.9502031752472,1753.7950358153073,1,11
2025_3123_3376,0.9147590381161317,3376,3123,South Carolina,Ball St,2029.9502031752472,1769.2197745940423,1,12
2025_3213_3376,0.9184382046563132,3376,3213,South Carolina,Grand Canyon,2029.9502031752472,1761.903095765611,1,13
2025_3361_3376,0.9533905322940978,3376,3361,South Carolina,San Diego St,2029.9502031752472,1671.1713611028213,1,14
2025_3376_3436,0.9657013680978525,3376,3436,South Carolina,Vermont,2029.9502031752472,1622.6020859062485,1,15
2025_3376_3380,0.9779528372808318,3376,3380,South Carolina,Southern Univ,2029.9502031752472,1553.512381915605,1,16
2025_3376_3471,0.9816956029582665,3376,3471,South Carolina,UC San Diego,2029.9502031752472,1524.6527067841912,1,16
2025_3376_3425,0.6529599788808513,3376,3425,South Carolina,USC,2029.9502031752472,1933.8727523760726,1,1
2025_3163_3376,0.6130979798493884,3376,3163,South Carolina,Connecticut,2029.9502031752472,1974.97509244384,1,2
2025_3328_3376,0.8235130338748066,3376,3328,South Carolina,Oklahoma,2029.9502031752472,1825.81495927408,1,3
2025_3246_3376,0.9157056589338954,3376,3246,South Carolina,Kentucky,2029.9502031752472,1712.3650858848432,1,4
2025_3243_3376,0.8968998896221225,3376,3243,South Carolina,Kansas St,2029.9502031752472,1761.130509058621,1,5
2025_3234_3376,0.8662646511080309,3376,3234,South Carolina,Iowa,2029.9502031752472,1820.9586709265081,1,6
2025_3329_3376,0.9260964521278681,3376,3329,South Carolina,Oklahoma St,2029.9502031752472,1735.6533768195266,1,7
2025_3143_3376,0.9316031588474374,3376,3143,South Carolina,California,2029.9502031752472,1732.981985453007,1,8
2025_3280_3376,0.9530645033727444,3376,3280,South Carolina,Mississippi St,2029.9502031752472,1672.2828961738294,1,9
2025_3355_3376,0.8741979291306932,3376,3355,South Carolina,S Dakota St,2029.9502031752472,1835.2775090793496,1,10
2025_3293_3376,0.9455926548100331,3376,3293,South Carolina,Murray St,2029.9502031752472,1695.9339089127072,1,11
2025_3193_3376,0.9103891412421992,3376,3193,South Carolina,Fairfield,2029.9502031752472,1777.546952772885,1,12
2025_3251_3376,0.9308306905218303,3376,3251,South Carolina,Liberty,2029.9502031752472,1734.815164305803,1,13
2025_3195_3376,0.8922838095399315,3376,3195,South Carolina,FGCU,2029.9502031752472,1808.5724936397603,1,14
2025_3117_3376,0.9728129590352784,3376,3117,South Carolina,Arkansas St,2029.9502031752472,1586.1666111780894,1,15
2025_3376_3422,0.959564414600242,3376,3422,South Carolina,UNC Greensboro,2029.9502031752472,1648.591563566133,1,16
2025_3181_3314,0.6331640367453857,3181,3314,Duke,North Carolina,1877.6323496468428,1809.6668329023476,2,3
2025_3181_3268,0.6907500964165687,3181,3268,Duke,Maryland,1877.6323496468428,1785.478366188461,2,4
2025_3104_3181,0.7534600322511862,3181,3104,Duke,Alabama,1877.6323496468428,1752.8218398927406,2,5
2025_3181_3452,0.7400101623053236,3181,3452,Duke,West Virginia,1877.6323496468428,1778.6338908344471,2,6
2025_3181_3435,0.8255536438661777,3181,3435,Duke,Vanderbilt,1877.6323496468428,1716.3531609099473,2,7
2025_3181_3428,0.8155338003232177,3181,3428,Duke,Utah,1877.6323496468428,1741.6985419928524,2,8
2025_3181_3231,0.8275066485649571,3181,3231,Duke,Indiana,1877.6323496468428,1739.282653639833,2,9
2025_3181_3332,0.899903585431244,3181,3332,Duke,Oregon,1877.6323496468428,1643.8102383927396,2,10
2025_3162_3181,0.7820480546773643,3181,3162,Duke,Columbia,1877.6323496468428,1783.4269080012543,2,11
2025_3181_3449,0.8989852510135847,3181,3449,Duke,Washington,1877.6323496468428,1645.3536274676324,2,11
2025_3181_3453,0.7930524527288747,3181,3453,Duke,WI Green Bay,1877.6323496468428,1773.4277794623615,2,12
2025_3181_3313,0.8110224414323041,3181,3313,Duke,Norfolk St,1877.6323496468428,1756.2144264957496,2,13
2025_3181_3333,0.8851949383075254,3181,3333,Duke,Oregon St,1877.6323496468428,1667.1550896856745,2,14
2025_3181_3250,0.8963153361528703,3181,3250,Duke,Lehigh,1877.6323496468428,1649.77114346928,2,15
2025_3181_3399,0.8898536078530354,3181,3399,Duke,Tennessee Tech,1877.6323496468428,1660.0604484176497,2,16
2025_3181_3400,0.3285830784004227,3181,3400,Duke,Texas,1877.6323496468428,1971.253830593616,2,1
2025_3181_3395,0.5557906949487842,3181,3395,Duke,TCU,1877.6323496468428,1843.5690826914229,2,2
2025_3181_3323,0.5202296868718757,3181,3323,Duke,Notre Dame,1877.6323496468428,1880.3257336324496,2,3
2025_3181_3326,0.6110908554178722,3181,3326,Duke,Ohio St,1877.6323496468428,1838.9421792110422,2,4
2025_3181_3397,0.7546548878211189,3181,3397,Duke,Tennessee,1877.6323496468428,1751.8425070034982,2,5
2025_3181_3276,0.769839429582165,3181,3276,Duke,Michigan,1877.6323496468428,1754.103120625063,2,6
2025_3181_3257,0.7684514130698044,3181,3257,Duke,Louisville,1877.6323496468428,1770.291352149283,2,7
2025_3181_3228,0.8510440077515598,3181,3228,Duke,Illinois,1877.6323496468428,1702.7194358808865,2,8
2025_3166_3181,0.6856411982271963,3181,3166,Duke,Creighton,1877.6323496468428,1859.0974014739336,2,9
2025_3181_3304,0.8591148797602841,3181,3304,Duke,Nebraska,1877.6323496468428,1702.8172097273407,2,10
2025_3181_3235,0.8275319047423864,3181,3235,Duke,Iowa St,1877.6323496468428,1739.2557567978145,2,11
2025_3181_3343,0.7907988684886472,3181,3343,Duke,Princeton,1877.6323496468428,1775.506646128416,2,11
2025_3181_3378,0.8738712954145059,3181,3378,Duke,South Florida,1877.6323496468428,1683.410611086055,2,12
2025_3181_3286,0.8448111255472409,3181,3286,Duke,Montana St,1877.6323496468428,1720.0676852052384,2,13
2025_3181_3372,0.8531905648401243,3181,3372,Duke,SF Austin,1877.6323496468428,1710.1301229301325,2,14
2025_3181_3192,0.9149445090967399,3181,3192,Duke,F Dickinson,1877.6323496468428,1616.5400097680608,2,15
2025_3181_3219,0.9460211789108419,3181,3219,Duke,High Point,1877.6323496468428,1542.3452372503477,2,16
2025_3181_3456,0.9619008068586513,3181,3456,Duke,William & Mary,1877.6323496468428,1486.8572709106484,2,16
2025_3181_3417,0.34768255925541397,3181,3417,Duke,UCLA,1877.6323496468428,1958.278979203148,2,1
2025_3181_3301,0.4901549602205211,3181,3301,Duke,NC State,1877.6323496468428,1883.6190284342556,2,2
2025_3181_3261,0.5276232837098666,3181,3261,Duke,LSU,1877.6323496468428,1875.8199352842041,2,3
2025_3124_3181,0.634192523908219,3181,3124,Duke,Baylor,1877.6323496468428,1823.9933602644464,2,4
2025_3181_3279,0.7387807339307204,3181,3279,Duke,Mississippi,1877.6323496468428,1764.6037249112856,2,5
2025_3181_3199,0.7605480289692852,3181,3199,Duke,Florida St,1877.6323496468428,1761.9644695309794,2,6
2025_3181_3277,0.8259833874566361,3181,3277,Duke,Michigan St,1877.6323496468428,1715.8991388129386,2,7
2025_3181_3350,0.7535861925720412,3181,3350,Duke,Richmond,1877.6323496468428,1797.7185869664368,2,8
2025_3181_3210,0.8921361001992909,3181,3210,Duke,Georgia Tech,1877.6323496468428,1656.4881012812837,2,9
2025_3181_3217,0.7930506481400156,3181,3217,Duke,Harvard,1877.6323496468428,1773.429450810923,2,10
2025_3181_3206,0.8134498505416258,3181,3206,Duke,George Mason,1877.6323496468428,1753.7950358153073,2,11
2025_3123_3181,0.7975590572224988,3181,3123,Duke,Ball St,1877.6323496468428,1769.2197745940423,2,12
2025_3181_3213,0.805219676770686,3181,3213,Duke,Grand Canyon,1877.6323496468428,1761.903095765611,2,13
2025_3181_3361,0.8824823248339079,3181,3361,Duke,San Diego St,1877.6323496468428,1671.1713611028213,2,14
2025_3181_3436,0.9117891072466904,3181,3436,Duke,Vermont,1877.6323496468428,1622.6020859062485,2,15
2025_3181_3380,0.942144308021729,3181,3380,Duke,Southern Univ,1877.6323496468428,1553.512381915605,2,16
2025_3181_3471,0.9516655482911937,3181,3471,Duke,UC San Diego,1877.6323496468428,1524.6527067841912,2,16
2025_3181_3425,0.3849293334692542,3181,3425,Duke,USC,1877.6323496468428,1933.8727523760726,2,1
2025_3163_3181,0.3451561577186598,3181,3163,Duke,Connecticut,1877.6323496468428,1974.97509244384,2,2
2025_3181_3328,0.6081587627466064,3181,3328,Duke,Oklahoma,1877.6323496468428,1825.81495927408,2,3
2025_3181_3246,0.7832363845349696,3181,3246,Duke,Kentucky,1877.6323496468428,1712.3650858848432,2,4
2025_3181_3243,0.7431662256869596,3181,3243,Duke,Kansas St,1877.6323496468428,1761.130509058621,2,5
2025_3181_3234,0.682995974968558,3181,3234,Duke,Iowa,1877.6323496468428,1820.9586709265081,2,6
2025_3181_3329,0.8065059361633605,3181,3329,Duke,Oklahoma St,1877.6323496468428,1735.6533768195266,2,7
2025_3143_3181,0.8240050316353918,3181,3143,Duke,California,1877.6323496468428,1732.981985453007,2,8
2025_3181_3280,0.8817218331392588,3181,3280,Duke,Mississippi St,1877.6323496468428,1672.2828961738294,2,9
2025_3181_3355,0.718397411320314,3181,3355,Duke,S Dakota St,1877.6323496468428,1835.2775090793496,2,10
2025_3181_3293,0.8645072784550318,3181,3293,Duke,Murray St,1877.6323496468428,1695.9339089127072,2,11
2025_3181_3193,0.7885695858983284,3181,3193,Duke,Fairfield,1877.6323496468428,1777.546952772885,2,12
2025_3181_3251,0.8316615781744725,3181,3251,Duke,Liberty,1877.6323496468428,1734.815164305803,2,13
2025_3181_3195,0.752541534886356,3181,3195,Duke,FGCU,1877.6323496468428,1808.5724936397603,2,14
2025_3117_3181,0.9292602044322125,3181,3117,Duke,Arkansas St,1877.6323496468428,1586.1666111780894,2,15
2025_3181_3422,0.897034312435467,3181,3422,Duke,UNC Greensboro,1877.6323496468428,1648.591563566133,2,16
2025_3268_3314,0.5640987640430857,3314,3268,North Carolina,Maryland,1809.6668329023476,1785.478366188461,3,4
2025_3104_3314,0.6390716475760577,3314,3104,North Carolina,Alabama,1809.6668329023476,1752.8218398927406,3,5
2025_3314_3452,0.6225078877708692,3314,3452,North Carolina,West Virginia,1809.6668329023476,1778.6338908344471,3,6
2025_3314_3435,0.7327504281858923,3314,3435,North Carolina,Vanderbilt,1809.6668329023476,1716.3531609099473,3,7
2025_3314_3428,0.7192131390952696,3314,3428,North Carolina,Utah,1809.6668329023476,1741.6985419928524,3,8
2025_3231_3314,0.7417602713753494,3314,3231,North Carolina,Indiana,1809.6668329023476,1739.282653639833,3,9
2025_3314_3332,0.8518293082567704,3314,3332,North Carolina,Oregon,1809.6668329023476,1643.8102383927396,3,10
2025_3162_3314,0.6964625560472196,3314,3162,North Carolina,Columbia,1809.6668329023476,1783.4269080012543,3,11
2025_3314_3449,0.8505431676747257,3314,3449,North Carolina,Washington,1809.6668329023476,1645.3536274676324,3,11
2025_3314_3453,0.710186802206919,3314,3453,North Carolina,WI Green Bay,1809.6668329023476,1773.4277794623615,3,12
2025_3313_3314,0.7329291232962745,3314,3313,North Carolina,Norfolk St,1809.6668329023476,1756.2144264957496,3,13
2025_3314_3333,0.8313800668604764,3314,3333,North Carolina,Oregon St,1809.6668329023476,1667.1550896856745,3,14
2025_3250_3314,0.846811060631701,3314,3250,North Carolina,Lehigh,1809.6668329023476,1649.77114346928,3,15
2025_3314_3399,0.8378224000762324,3314,3399,North Carolina,Tennessee Tech,1809.6668329023476,1660.0604484176497,3,16
2025_3314_3400,0.22090240405656186,3314,3400,North Carolina,Texas,1809.6668329023476,1971.253830593616,3,1
2025_3314_3395,0.42025691240660423,3314,3395,North Carolina,TCU,1809.6668329023476,1843.5690826914229,3,2
2025_3314_3323,0.38583547403712076,3314,3323,North Carolina,Notre Dame,1809.6668329023476,1880.3257336324496,3,3
2025_3314_3326,0.4765385276426552,3314,3326,North Carolina,Ohio St,1809.6668329023476,1838.9421792110422,3,4
2025_3314_3397,0.640556413772417,3314,3397,North Carolina,Tennessee,1809.6668329023476,1751.8425070034982,3,5
2025_3276_3314,0.6596174724693356,3314,3276,North Carolina,Michigan,1809.6668329023476,1754.103120625063,3,6
2025_3257_3314,0.6578601634365685,3314,3257,North Carolina,Louisville,1809.6668329023476,1770.291352149283,3,7
2025_3228_3314,0.7679903465754532,3314,3228,North Carolina,Illinois,1809.6668329023476,1702.7194358808865,3,8
2025_3166_3314,0.5663313986595538,3314,3166,North Carolina,Creighton,1809.6668329023476,1859.0974014739336,3,9
2025_3304_3314,0.7958937996198896,3314,3304,North Carolina,Nebraska,1809.6668329023476,1702.8172097273407,3,10
2025_3235_3314,0.7541932296817606,3314,3235,North Carolina,Iowa St,1809.6668329023476,1739.2557567978145,3,11
2025_3314_3343,0.7073638178305005,3314,3343,North Carolina,Princeton,1809.6668329023476,1775.506646128416,3,11
2025_3314_3378,0.8158526821656826,3314,3378,North Carolina,South Florida,1809.6668329023476,1683.410611086055,3,12
2025_3286_3314,0.7768386522691275,3314,3286,North Carolina,Montana St,1809.6668329023476,1720.0676852052384,3,13
2025_3314_3372,0.7879671208341621,3314,3372,North Carolina,SF Austin,1809.6668329023476,1710.1301229301325,3,14
2025_3192_3314,0.8730752113768796,3314,3192,North Carolina,F Dickinson,1809.6668329023476,1616.5400097680608,3,15
2025_3219_3314,0.9180799463774869,3314,3219,North Carolina,High Point,1809.6668329023476,1542.3452372503477,3,16
2025_3314_3456,0.9416726004902547,3314,3456,North Carolina,William & Mary,1809.6668329023476,1486.8572709106484,3,16
2025_3314_3417,0.23594227099852433,3314,3417,North Carolina,UCLA,1809.6668329023476,1958.278979203148,3,1
2025_3301_3314,0.3577369538702781,3314,3301,North Carolina,NC State,1809.6668329023476,1883.6190284342556,3,2
2025_3261_3314,0.39288316065414863,3314,3261,North Carolina,LSU,1809.6668329023476,1875.8199352842041,3,3
2025_3124_3314,0.5011076610855398,3314,3124,North Carolina,Baylor,1809.6668329023476,1823.9933602644464,3,4
2025_3279_3314,0.621007387955607,3314,3279,North Carolina,Mississippi,1809.6668329023476,1764.6037249112856,3,5
2025_3199_3314,0.6479115247737277,3314,3199,North Carolina,Florida St,1809.6668329023476,1761.9644695309794,3,6
2025_3277_3314,0.7333349430915422,3314,3277,North Carolina,Michigan St,1809.6668329023476,1715.8991388129386,3,7
2025_3314_3350,0.639228315295183,3314,3350,North Carolina,Richmond,1809.6668329023476,1797.7185869664368,3,8
2025_3210_3314,0.831994313383269,3314,3210,North Carolina,Georgia Tech,1809.6668329023476,1656.4881012812837,3,9
2025_3217_3314,0.7101845390928933,3314,3217,North Carolina,Harvard,1809.6668329023476,1773.429450810923,3,10
2025_3206_3314,0.7360331529989579,3314,3206,North Carolina,George Mason,1809.6668329023476,1753.7950358153073,3,11
2025_3123_3314,0.7158513772459529,3314,3123,North Carolina,Ball St,1809.6668329023476,1769.2197745940423,3,12
2025_3213_3314,0.7255399103296144,3314,3213,North Carolina,Grand Canyon,1809.6668329023476,1761.903095765611,3,13
2025_3314_3361,0.8276434972058234,3314,3361,North Carolina,San Diego St,1809.6668329023476,1671.1713611028213,3,14
2025_3314_3436,0.8685896272291658,3314,3436,North Carolina,Vermont,1809.6668329023476,1622.6020859062485,3,15
2025_3314_3380,0.9123821422120282,3314,3380,North Carolina,Southern Univ,1809.6668329023476,1553.512381915605,3,16
2025_3314_3471,0.9264187791072079,3314,3471,North Carolina,UC San Diego,1809.6668329023476,1524.6527067841912,3,16
2025_3314_3425,0.26610165111265127,3314,3425,North Carolina,USC,1809.6668329023476,1933.8727523760726,3,1
2025_3163_3314,0.23393663474035248,3314,3163,North Carolina,Connecticut,1809.6668329023476,1974.97509244384,3,2
2025_3314_3328,0.4734660682544293,3314,3328,North Carolina,Oklahoma,1809.6668329023476,1825.81495927408,3,3
2025_3246_3314,0.676736099122213,3314,3246,North Carolina,Kentucky,1809.6668329023476,1712.3650858848432,3,4
2025_3243_3314,0.6263701549808658,3314,3243,North Carolina,Kansas St,1809.6668329023476,1761.130509058621,3,5
2025_3234_3314,0.5552138491412962,3314,3234,North Carolina,Iowa,1809.6668329023476,1820.9586709265081,3,6
2025_3314_3329,0.7071639576020693,3314,3329,North Carolina,Oklahoma St,1809.6668329023476,1735.6533768195266,3,7
2025_3143_3314,0.7306467688832624,3314,3143,North Carolina,California,1809.6668329023476,1732.981985453007,3,8
2025_3280_3314,0.8169646843062941,3314,3280,North Carolina,Mississippi St,1809.6668329023476,1672.2828961738294,3,9
2025_3314_3355,0.6199635615968982,3314,3355,North Carolina,S Dakota St,1809.6668329023476,1835.2775090793496,3,10
2025_3293_3314,0.8031515480868198,3314,3293,North Carolina,Murray St,1809.6668329023476,1695.9339089127072,3,11
2025_3193_3314,0.7045775817283667,3314,3193,North Carolina,Fairfield,1809.6668329023476,1777.546952772885,3,12
2025_3251_3314,0.7595687590539177,3314,3251,North Carolina,Liberty,1809.6668329023476,1734.815164305803,3,13
2025_3195_3314,0.6604008191742295,3314,3195,North Carolina,FGCU,1809.6668329023476,1808.5724936397603,3,14
2025_3117_3314,0.8936185670544708,3314,3117,North Carolina,Arkansas St,1809.6668329023476,1586.1666111780894,3,15
2025_3314_3422,0.8478150277849479,3314,3422,North Carolina,UNC Greensboro,1809.6668329023476,1648.591563566133,3,16
2025_3104_3268,0.5777450611726811,3268,3104,Maryland,Alabama,1785.478366188461,1752.8218398927406,4,5
2025_3268_3452,0.5603032747190992,3268,3452,Maryland,West Virginia,1785.478366188461,1778.6338908344471,4,6
2025_3268_3435,0.6793548550757691,3268,3435,Maryland,Vanderbilt,1785.478366188461,1716.3531609099473,4,7
2025_3268_3428,0.6643517948162952,3268,3428,Maryland,Utah,1785.478366188461,1741.6985419928524,4,8
2025_3231_3268,0.6894017930839044,3268,3231,Maryland,Indiana,1785.478366188461,1739.282653639833,4,9
2025_3268_3332,0.8211416755488726,3268,3332,Maryland,Oregon,1785.478366188461,1643.8102383927396,4,10
2025_3162_3268,0.6618115622805271,3268,3162,Maryland,Columbia,1785.478366188461,1783.4269080012543,4,11
2025_3268_3449,0.8291671436319719,3268,3449,Maryland,Washington,1785.478366188461,1645.3536274676324,4,11
2025_3268_3453,0.6763745211862772,3268,3453,Maryland,WI Green Bay,1785.478366188461,1773.4277794623615,4,12
2025_3268_3313,0.7006517763188662,3268,3313,Maryland,Norfolk St,1785.478366188461,1756.2144264957496,4,13
2025_3268_3333,0.8078823269776204,3268,3333,Maryland,Oregon St,1785.478366188461,1667.1550896856745,4,14
2025_3250_3268,0.8250110724616321,3268,3250,Maryland,Lehigh,1785.478366188461,1649.77114346928,4,15
2025_3268_3399,0.8150226738901782,3268,3399,Maryland,Tennessee Tech,1785.478366188461,1660.0604484176497,4,16
2025_3268_3400,0.1797224586735519,3268,3400,Maryland,Texas,1785.478366188461,1971.253830593616,4,1
2025_3268_3395,0.3590401753614129,3268,3395,Maryland,TCU,1785.478366188461,1843.5690826914229,4,2
2025_3268_3323,0.32680630087198953,3268,3323,Maryland,Notre Dame,1785.478366188461,1880.3257336324496,4,3
2025_3268_3326,0.41296332449808276,3268,3326,Maryland,Ohio St,1785.478366188461,1838.9421792110422,4,4
2025_3268_3397,0.5793160387219471,3268,3397,Maryland,Tennessee,1785.478366188461,1751.8425070034982,4,5
2025_3268_3276,0.5995946317599834,3268,3276,Maryland,Michigan,1785.478366188461,1754.103120625063,4,6
2025_3257_3268,0.5977164294134373,3268,3257,Maryland,Louisville,1785.478366188461,1770.291352149283,4,7
2025_3228_3268,0.7189349064559096,3268,3228,Maryland,Illinois,1785.478366188461,1702.7194358808865,4,8
2025_3166_3268,0.5022712620673979,3268,3166,Maryland,Creighton,1785.478366188461,1859.0974014739336,4,9
2025_3268_3304,0.7569271329943232,3268,3304,Maryland,Nebraska,1785.478366188461,1702.8172097273407,4,10
2025_3235_3268,0.7235163446620277,3268,3235,Maryland,Iowa St,1785.478366188461,1739.2557567978145,4,11
2025_3268_3343,0.6733736572613748,3268,3343,Maryland,Princeton,1785.478366188461,1775.506646128416,4,11
2025_3268_3378,0.7907357920120232,3268,3378,Maryland,South Florida,1785.478366188461,1683.410611086055,4,12
2025_3268_3286,0.7480437859553574,3268,3286,Maryland,Montana St,1785.478366188461,1720.0676852052384,4,13
2025_3268_3372,0.7601648625785214,3268,3372,Maryland,SF Austin,1785.478366188461,1710.1301229301325,4,14
2025_3192_3268,0.854370046772153,3268,3192,Maryland,F Dickinson,1785.478366188461,1616.5400097680608,4,15
2025_3219_3268,0.9052877260310837,3268,3219,Maryland,High Point,1785.478366188461,1542.3452372503477,4,16
2025_3268_3456,0.9322927911306416,3268,3456,Maryland,William & Mary,1785.478366188461,1486.8572709106484,4,16
2025_3268_3417,0.19265192337268644,3268,3417,Maryland,UCLA,1785.478366188461,1958.278979203148,4,1
2025_3268_3301,0.3009004536338543,3268,3301,Maryland,NC State,1785.478366188461,1883.6190284342556,4,2
2025_3261_3268,0.3333610078908841,3268,3261,Maryland,LSU,1785.478366188461,1875.8199352842041,4,3
2025_3124_3268,0.43699100256113854,3268,3124,Maryland,Baylor,1785.478366188461,1823.9933602644464,4,4
2025_3268_3279,0.5587307874723676,3268,3279,Maryland,Mississippi,1785.478366188461,1764.6037249112856,4,5
2025_3199_3268,0.5871165499270169,3268,3199,Maryland,Florida St,1785.478366188461,1761.9644695309794,4,6
2025_3268_3277,0.6800051540453587,3268,3277,Maryland,Michigan St,1785.478366188461,1715.8991388129386,4,7
2025_3268_3350,0.5779107670991569,3268,3350,Maryland,Richmond,1785.478366188461,1797.7185869664368,4,8
2025_3210_3268,0.7928209681269187,3268,3210,Maryland,Georgia Tech,1785.478366188461,1656.4881012812837,4,9
2025_3217_3268,0.6618078181086249,3268,3217,Maryland,Harvard,1785.478366188461,1773.429450810923,4,10
2025_3206_3268,0.7039794337945823,3268,3206,Maryland,George Mason,1785.478366188461,1753.7950358153073,4,11
2025_3123_3268,0.6824044315324641,3268,3123,Maryland,Ball St,1785.478366188461,1769.2197745940423,4,12
2025_3213_3268,0.6927439023034727,3268,3213,Maryland,Grand Canyon,1785.478366188461,1761.903095765611,4,13
2025_3268_3361,0.8037479690846869,3268,3361,Maryland,San Diego St,1785.478366188461,1671.1713611028213,4,14
2025_3268_3436,0.8493374872082287,3268,3436,Maryland,Vermont,1785.478366188461,1622.6020859062485,4,15
2025_3268_3380,0.8987982594446553,3268,3380,Maryland,Southern Univ,1785.478366188461,1553.512381915605,4,16
2025_3268_3471,0.9148078771858138,3268,3471,Maryland,UC San Diego,1785.478366188461,1524.6527067841912,4,16
2025_3268_3425,0.21886279233043643,3268,3425,Maryland,USC,1785.478366188461,1933.8727523760726,4,1
2025_3163_3268,0.19092232491215735,3268,3163,Maryland,Connecticut,1785.478366188461,1974.97509244384,4,2
2025_3268_3328,0.4099797273325587,3268,3328,Maryland,Oklahoma,1785.478366188461,1825.81495927408,4,3
2025_3246_3268,0.6179836784012547,3268,3246,Maryland,Kentucky,1785.478366188461,1712.3650858848432,4,4
2025_3243_3268,0.5643565883550574,3268,3243,Maryland,Kansas St,1785.478366188461,1761.130509058621,4,5
2025_3234_3268,0.49098749910702616,3268,3234,Maryland,Iowa,1785.478366188461,1820.9586709265081,4,6
2025_3268_3329,0.6510904878936477,3268,3329,Maryland,Oklahoma St,1785.478366188461,1735.6533768195266,4,7
2025_3143_3268,0.6770161545186502,3268,3143,Maryland,California,1785.478366188461,1732.981985453007,4,8
2025_3268_3280,0.7752336581996521,3268,3280,Maryland,Mississippi St,1785.478366188461,1672.2828961738294,4,9
2025_3268_3355,0.5657357763164843,3268,3355,Maryland,S Dakota St,1785.478366188461,1835.2775090793496,4,10
2025_3268_3293,0.7767762713210131,3268,3293,Maryland,Murray St,1785.478366188461,1695.9339089127072,4,11
2025_3193_3268,0.6704145838913965,3268,3193,Maryland,Fairfield,1785.478366188461,1777.546952772885,4,12
2025_3251_3268,0.7293219707827752,3268,3251,Maryland,Liberty,1785.478366188461,1734.815164305803,4,13
2025_3195_3268,0.6238564575160583,3268,3195,Maryland,FGCU,1785.478366188461,1808.5724936397603,4,14
2025_3117_3268,0.8775161880592744,3268,3117,Maryland,Arkansas St,1785.478366188461,1586.1666111780894,4,15
2025_3268_3422,0.8261285767524322,3268,3422,Maryland,UNC Greensboro,1785.478366188461,1648.591563566133,4,16
2025_3104_3452,0.4822248743554941,3104,3452,Alabama,West Virginia,1752.8218398927406,1778.6338908344471,5,6
2025_3104_3435,0.6076119376119963,3104,3435,Alabama,Vanderbilt,1752.8218398927406,1716.3531609099473,5,7
2025_3104_3428,0.5912716419941989,3104,3428,Alabama,Utah,1752.8218398927406,1741.6985419928524,5,8
2025_3104_3231,0.6186449447811705,3104,3231,Alabama,Indiana,1752.8218398927406,1739.282653639833,5,9
2025_3104_3332,0.7704012391641591,3104,3332,Alabama,Oregon,1752.8218398927406,1643.8102383927396,5,10
2025_3104_3162,0.5964628103913582,3104,3162,Alabama,Columbia,1752.8218398927406,1783.4269080012543,5,11
2025_3104_3449,0.7856846120367298,3104,3449,Alabama,Washington,1752.8218398927406,1645.3536274676324,5,11
2025_3104_3453,0.6276898192630553,3104,3453,Alabama,WI Green Bay,1752.8218398927406,1773.4277794623615,5,12
2025_3104_3313,0.6537496149945262,3104,3313,Alabama,Norfolk St,1752.8218398927406,1756.2144264957496,5,13
2025_3104_3333,0.7723216318791417,3104,3333,Alabama,Oregon St,1752.8218398927406,1667.1550896856745,5,14
2025_3104_3250,0.7918038241977363,3104,3250,Alabama,Lehigh,1752.8218398927406,1649.77114346928,5,15
2025_3104_3399,0.7804244283193128,3104,3399,Alabama,Tennessee Tech,1752.8218398927406,1660.0604484176497,5,16
2025_3104_3400,0.13802964097762277,3104,3400,Alabama,Texas,1752.8218398927406,1971.253830593616,5,1
2025_3104_3395,0.2904795922748064,3104,3395,Alabama,TCU,1752.8218398927406,1843.5690826914229,5,2
2025_3104_3323,0.2618860157752407,3104,3323,Alabama,Notre Dame,1752.8218398927406,1880.3257336324496,5,3
2025_3104_3326,0.33956082032713236,3104,3326,Alabama,Ohio St,1752.8218398927406,1838.9421792110422,5,4
2025_3104_3397,0.5016107067938651,3104,3397,Alabama,Tennessee,1752.8218398927406,1751.8425070034982,5,5
2025_3104_3276,0.5225479240558636,3104,3276,Alabama,Michigan,1752.8218398927406,1754.103120625063,5,6
2025_3104_3257,0.5205972757671614,3104,3257,Alabama,Louisville,1752.8218398927406,1770.291352149283,5,7
2025_3104_3228,0.6515049752860701,3104,3228,Alabama,Illinois,1752.8218398927406,1702.7194358808865,5,8
2025_3104_3166,0.4244728547402137,3104,3166,Alabama,Creighton,1752.8218398927406,1859.0974014739336,5,9
2025_3104_3304,0.6947417978870112,3104,3304,Alabama,Nebraska,1752.8218398927406,1702.8172097273407,5,10
2025_3104_3235,0.6640381642114958,3104,3235,Alabama,Iowa St,1752.8218398927406,1739.2557567978145,5,11
2025_3104_3343,0.6089389132782937,3104,3343,Alabama,Princeton,1752.8218398927406,1775.506646128416,5,11
2025_3104_3378,0.7529717591714846,3104,3378,Alabama,South Florida,1752.8218398927406,1683.410611086055,5,12
2025_3104_3286,0.7054453944165914,3104,3286,Alabama,Montana St,1752.8218398927406,1720.0676852052384,5,13
2025_3104_3372,0.718845546761441,3104,3372,Alabama,SF Austin,1752.8218398927406,1710.1301229301325,5,14
2025_3104_3192,0.8255561464264928,3104,3192,Alabama,F Dickinson,1752.8218398927406,1616.5400097680608,5,15
2025_3104_3219,0.8851944988424537,3104,3219,Alabama,High Point,1752.8218398927406,1542.3452372503477,5,16
2025_3104_3456,0.9174059960613434,3104,3456,Alabama,William & Mary,1752.8218398927406,1486.8572709106484,5,16
2025_3104_3417,0.1485026871597653,3104,3417,Alabama,UCLA,1752.8218398927406,1958.278979203148,5,1
2025_3104_3301,0.23929708107548747,3104,3301,Alabama,NC State,1752.8218398927406,1883.6190284342556,5,2
2025_3104_3261,0.2676563290532128,3104,3261,Alabama,LSU,1752.8218398927406,1875.8199352842041,5,3
2025_3104_3124,0.3619509508593581,3104,3124,Alabama,Baylor,1752.8218398927406,1823.9933602644464,5,4
2025_3104_3279,0.4806319866837609,3104,3279,Alabama,Mississippi,1752.8218398927406,1764.6037249112856,5,5
2025_3104_3199,0.5096324464272887,3104,3199,Alabama,Florida St,1752.8218398927406,1761.9644695309794,5,6
2025_3104_3277,0.6083238504481006,3104,3277,Alabama,Michigan St,1752.8218398927406,1715.8991388129386,5,7
2025_3104_3350,0.500169820456981,3104,3350,Alabama,Richmond,1752.8218398927406,1797.7185869664368,5,8
2025_3104_3210,0.7366231769785084,3104,3210,Alabama,Georgia Tech,1752.8218398927406,1656.4881012812837,5,9
2025_3104_3217,0.5885168388357509,3104,3217,Alabama,Harvard,1752.8218398927406,1773.429450810923,5,10
2025_3104_3206,0.6423758132847492,3104,3206,Alabama,George Mason,1752.8218398927406,1753.7950358153073,5,11
2025_3104_3123,0.6341361672515038,3104,3123,Alabama,Ball St,1752.8218398927406,1769.2197745940423,5,12
2025_3104_3213,0.6452300930880854,3104,3213,Alabama,Grand Canyon,1752.8218398927406,1761.903095765611,5,13
2025_3104_3361,0.7676421106331632,3104,3361,Alabama,San Diego St,1752.8218398927406,1671.1713611028213,5,14
2025_3104_3436,0.8197379466103789,3104,3436,Alabama,Vermont,1752.8218398927406,1622.6020859062485,5,15
2025_3104_3380,0.877514563815421,3104,3380,Alabama,Southern Univ,1752.8218398927406,1553.512381915605,5,16
2025_3104_3471,0.89650345052873,3104,3471,Alabama,UC San Diego,1752.8218398927406,1524.6527067841912,5,16
2025_3104_3425,0.169971501543012,3104,3425,Alabama,USC,1752.8218398927406,1933.8727523760726,5,1
2025_3104_3163,0.14709723665186872,3104,3163,Alabama,Connecticut,1752.8218398927406,1974.97509244384,5,2
2025_3104_3328,0.33680328102119067,3104,3328,Alabama,Oklahoma,1752.8218398927406,1825.81495927408,5,3
2025_3104_3246,0.5417712283754742,3104,3246,Alabama,Kentucky,1752.8218398927406,1712.3650858848432,5,4
2025_3104_3243,0.4863381030648878,3104,3243,Alabama,Kansas St,1752.8218398927406,1761.130509058621,5,5
2025_3104_3234,0.413484914606227,3104,3234,Alabama,Iowa,1752.8218398927406,1820.9586709265081,5,6
2025_3104_3329,0.5769615543904879,3104,3329,Alabama,Oklahoma St,1752.8218398927406,1735.6533768195266,5,7
2025_3104_3143,0.6050541707032672,3104,3143,Alabama,California,1752.8218398927406,1732.981985453007,5,8
2025_3104_3280,0.7159743208522347,3104,3280,Alabama,Mississippi St,1752.8218398927406,1672.2828961738294,5,9
2025_3104_3355,0.4877400916259951,3104,3355,Alabama,S Dakota St,1752.8218398927406,1835.2775090793496,5,10
2025_3104_3293,0.7243910699829912,3104,3293,Alabama,Murray St,1752.8218398927406,1695.9339089127072,5,11
2025_3104_3193,0.6213352453847466,3104,3193,Alabama,Fairfield,1752.8218398927406,1777.546952772885,5,12
2025_3104_3251,0.6848916352991952,3104,3251,Alabama,Liberty,1752.8218398927406,1734.815164305803,5,13
2025_3104_3195,0.5722674274975648,3104,3195,Alabama,FGCU,1752.8218398927406,1808.5724936397603,5,14
2025_3104_3117,0.8524912311069335,3104,3117,Alabama,Arkansas St,1752.8218398927406,1586.1666111780894,5,15
2025_3104_3422,0.7930802067056691,3104,3422,Alabama,UNC Greensboro,1752.8218398927406,1648.591563566133,5,16
2025_3435_3452,0.6244349785283453,3452,3435,West Virginia,Vanderbilt,1778.6338908344471,1716.3531609099473,6,7
2025_3428_3452,0.6083436757303055,3452,3428,West Virginia,Utah,1778.6338908344471,1741.6985419928524,6,8
2025_3231_3452,0.6352788961845839,3452,3231,West Virginia,Indiana,1778.6338908344471,1739.282653639833,6,9
2025_3332_3452,0.7827404911264253,3452,3332,West Virginia,Oregon,1778.6338908344471,1643.8102383927396,6,10
2025_3162_3452,0.6134597660695341,3452,3162,West Virginia,Columbia,1778.6338908344471,1783.4269080012543,6,11
2025_3449_3452,0.7974184785218954,3452,3449,West Virginia,Washington,1778.6338908344471,1645.3536274676324,6,11
2025_3452_3453,0.6516598664476216,3452,3453,West Virginia,WI Green Bay,1778.6338908344471,1773.4277794623615,6,12
2025_3313_3452,0.6911230601873899,3452,3313,West Virginia,Norfolk St,1778.6338908344471,1756.2144264957496,6,13
2025_3333_3452,0.8007964796175898,3452,3333,West Virginia,Oregon St,1778.6338908344471,1667.1550896856745,6,14
2025_3250_3452,0.8184149841525542,3452,3250,West Virginia,Lehigh,1778.6338908344471,1649.77114346928,6,15
2025_3399_3452,0.8081376389030667,3452,3399,West Virginia,Tennessee Tech,1778.6338908344471,1660.0604484176497,6,16
2025_3400_3452,0.1467124615752888,3452,3400,West Virginia,Texas,1778.6338908344471,1971.253830593616,6,1
2025_3395_3452,0.30535509149304285,3452,3395,West Virginia,TCU,1778.6338908344471,1843.5690826914229,6,2
2025_3323_3452,0.2758665568595541,3452,3323,West Virginia,Notre Dame,1778.6338908344471,1880.3257336324496,6,3
2025_3326_3452,0.35568975480128157,3452,3326,West Virginia,Ohio St,1778.6338908344471,1838.9421792110422,6,4
2025_3397_3452,0.5193836125870778,3452,3397,West Virginia,Tennessee,1778.6338908344471,1751.8425070034982,6,5
2025_3276_3452,0.5402585085182974,3452,3276,West Virginia,Michigan,1778.6338908344471,1754.103120625063,6,6
2025_3257_3452,0.5383162881020905,3452,3257,West Virginia,Louisville,1778.6338908344471,1770.291352149283,6,7
2025_3228_3452,0.6674760356950927,3452,3228,West Virginia,Illinois,1778.6338908344471,1702.7194358808865,6,8
2025_3166_3452,0.44193617660875795,3452,3166,West Virginia,Creighton,1778.6338908344471,1859.0974014739336,6,9
2025_3304_3452,0.7096145502239397,3452,3304,West Virginia,Nebraska,1778.6338908344471,1702.8172097273407,6,10
2025_3235_3452,0.67971721279346,3452,3235,West Virginia,Iowa St,1778.6338908344471,1739.2557567978145,6,11
2025_3343_3452,0.6257401049220669,3452,3343,West Virginia,Princeton,1778.6338908344471,1775.506646128416,6,11
2025_3378_3452,0.7718082066746579,3452,3378,West Virginia,South Florida,1778.6338908344471,1683.410611086055,6,12
2025_3286_3452,0.7394626723895881,3452,3286,West Virginia,Montana St,1778.6338908344471,1720.0676852052384,6,13
2025_3372_3452,0.7518596281477091,3452,3372,West Virginia,SF Austin,1778.6338908344471,1710.1301229301325,6,14
2025_3192_3452,0.8486776417818026,3452,3192,West Virginia,F Dickinson,1778.6338908344471,1616.5400097680608,6,15
2025_3219_3452,0.9013558044882768,3452,3219,West Virginia,High Point,1778.6338908344471,1542.3452372503477,6,16
2025_3452_3456,0.9293945311282049,3452,3456,West Virginia,William & Mary,1778.6338908344471,1486.8572709106484,6,16
2025_3417_3452,0.1577237699900865,3452,3417,West Virginia,UCLA,1778.6338908344471,1958.278979203148,6,1
2025_3301_3452,0.25248422749067334,3452,3301,West Virginia,NC State,1778.6338908344471,1883.6190284342556,6,2
2025_3261_3452,0.2818272957798915,3452,3261,West Virginia,LSU,1778.6338908344471,1875.8199352842041,6,3
2025_3124_3452,0.3785338428352869,3452,3124,West Virginia,Baylor,1778.6338908344471,1823.9933602644464,6,4
2025_3279_3452,0.4984049157768935,3452,3279,West Virginia,Mississippi,1778.6338908344471,1764.6037249112856,6,5
2025_3199_3452,0.5273888142457741,3452,3199,West Virginia,Florida St,1778.6338908344471,1761.9644695309794,6,6
2025_3277_3452,0.6251351997741361,3452,3277,West Virginia,Michigan St,1778.6338908344471,1715.8991388129386,6,7
2025_3350_3452,0.5179447294310843,3452,3350,West Virginia,Richmond,1778.6338908344471,1797.7185869664368,6,8
2025_3210_3452,0.7501891142584657,3452,3210,West Virginia,Georgia Tech,1778.6338908344471,1656.4881012812837,6,9
2025_3217_3452,0.6056271900705935,3452,3217,West Virginia,Harvard,1778.6338908344471,1773.429450810923,6,10
2025_3206_3452,0.6585459792685917,3452,3206,West Virginia,George Mason,1778.6338908344471,1753.7950358153073,6,11
2025_3123_3452,0.657917371051732,3452,3123,West Virginia,Ball St,1778.6338908344471,1769.2197745940423,6,12
2025_3213_3452,0.6830773256383298,3452,3213,West Virginia,Grand Canyon,1778.6338908344471,1761.903095765611,6,13
2025_3361_3452,0.79654803615669,3452,3361,West Virginia,San Diego St,1778.6338908344471,1671.1713611028213,6,14
2025_3436_3452,0.8434844055399064,3452,3436,West Virginia,Vermont,1778.6338908344471,1622.6020859062485,6,15
2025_3380_3452,0.8946282894616748,3452,3380,West Virginia,Southern Univ,1778.6338908344471,1553.512381915605,6,16
2025_3452_3471,0.9112324254070676,3452,3471,West Virginia,UC San Diego,1778.6338908344471,1524.6527067841912,6,16
2025_3425_3452,0.18024347899519785,3452,3425,West Virginia,USC,1778.6338908344471,1933.8727523760726,6,1
2025_3163_3452,0.156247063547839,3452,3163,West Virginia,Connecticut,1778.6338908344471,1974.97509244384,6,2
2025_3328_3452,0.35287121714620046,3452,3328,West Virginia,Oklahoma,1778.6338908344471,1825.81495927408,6,3
2025_3246_3452,0.5593700276897532,3452,3246,West Virginia,Kentucky,1778.6338908344471,1712.3650858848432,6,4
2025_3243_3452,0.5041172280518943,3452,3243,West Virginia,Kansas St,1778.6338908344471,1761.130509058621,6,5
2025_3234_3452,0.4308345853838265,3452,3234,West Virginia,Iowa,1778.6338908344471,1820.9586709265081,6,6
2025_3329_3452,0.5942211016770114,3452,3329,West Virginia,Oklahoma St,1778.6338908344471,1735.6533768195266,6,7
2025_3143_3452,0.6219186367538959,3452,3143,West Virginia,California,1778.6338908344471,1732.981985453007,6,8
2025_3280_3452,0.7302143026562719,3452,3280,West Virginia,Mississippi St,1778.6338908344471,1672.2828961738294,6,9
2025_3355_3452,0.5055200290005515,3452,3355,West Virginia,S Dakota St,1778.6338908344471,1835.2775090793496,6,10
2025_3293_3452,0.7383632722187974,3452,3293,West Virginia,Murray St,1778.6338908344471,1695.9339089127072,6,11
2025_3193_3452,0.6454833431341055,3452,3193,West Virginia,Fairfield,1778.6338908344471,1777.546952772885,6,12
2025_3251_3452,0.7203416091204625,3452,3251,West Virginia,Liberty,1778.6338908344471,1734.815164305803,6,13
2025_3195_3452,0.6132326258016447,3452,3195,West Virginia,FGCU,1778.6338908344471,1808.5724936397603,6,14
2025_3117_3452,0.8725936051485162,3452,3117,West Virginia,Arkansas St,1778.6338908344471,1586.1666111780894,6,15
2025_3422_3452,0.8195653993436587,3452,3422,West Virginia,UNC Greensboro,1778.6338908344471,1648.591563566133,6,16
2025_3428_3435,0.48299147917835467,3435,3428,Vanderbilt,Utah,1716.3531609099473,1741.6985419928524,7,8
2025_3231_3435,0.5116267926995495,3435,3231,Vanderbilt,Indiana,1716.3531609099473,1739.282653639833,7,9
2025_3332_3435,0.6842328241339143,3435,3332,Vanderbilt,Oregon,1716.3531609099473,1643.8102383927396,7,10
2025_3162_3435,0.48836788163736944,3435,3162,Vanderbilt,Columbia,1716.3531609099473,1783.4269080012543,7,11
2025_3435_3449,0.7030411059288153,3435,3449,Vanderbilt,Washington,1716.3531609099473,1645.3536274676324,7,11
2025_3435_3453,0.5294478205206586,3435,3453,Vanderbilt,WI Green Bay,1716.3531609099473,1773.4277794623615,7,12
2025_3313_3435,0.5817237150270038,3435,3313,Vanderbilt,Norfolk St,1716.3531609099473,1756.2144264957496,7,13
2025_3333_3435,0.727414956447477,3435,3333,Vanderbilt,Oregon St,1716.3531609099473,1667.1550896856745,7,14
2025_3250_3435,0.7494933917749296,3435,3250,Vanderbilt,Lehigh,1716.3531609099473,1649.77114346928,7,15
2025_3399_3435,0.7365708098512617,3435,3399,Vanderbilt,Tennessee Tech,1716.3531609099473,1660.0604484176497,7,16
2025_3400_3435,0.0937199278823565,3435,3400,Vanderbilt,Texas,1716.3531609099473,1971.253830593616,7,1
2025_3395_3435,0.20910295734779896,3435,3395,Vanderbilt,TCU,1716.3531609099473,1843.5690826914229,7,2
2025_3323_3435,0.18641515414050283,3435,3323,Vanderbilt,Notre Dame,1716.3531609099473,1880.3257336324496,7,3
2025_3326_3435,0.24926482537131014,3435,3326,Vanderbilt,Ohio St,1716.3531609099473,1838.9421792110422,7,4
2025_3397_3435,0.39392522487609605,3435,3397,Vanderbilt,Tennessee,1716.3531609099473,1751.8425070034982,7,5
2025_3276_3435,0.4141022887540615,3435,3276,Vanderbilt,Michigan,1716.3531609099473,1754.103120625063,7,6
2025_3257_3435,0.4122069605886014,3435,3257,Vanderbilt,Louisville,1716.3531609099473,1770.291352149283,7,7
2025_3228_3435,0.5469552212941535,3435,3228,Vanderbilt,Illinois,1716.3531609099473,1702.7194358808865,7,8
2025_3166_3435,0.32262738762903903,3435,3166,Vanderbilt,Creighton,1716.3531609099473,1859.0974014739336,7,9
2025_3304_3435,0.5951018871196826,3435,3304,Vanderbilt,Nebraska,1716.3531609099473,1702.8172097273407,7,10
2025_3235_3435,0.5607131753355716,3435,3235,Vanderbilt,Iowa St,1716.3531609099473,1739.2557567978145,7,11
2025_3343_3435,0.501392262342326,3435,3343,Vanderbilt,Princeton,1716.3531609099473,1775.506646128416,7,11
2025_3378_3435,0.6704307721005647,3435,3378,Vanderbilt,South Florida,1716.3531609099473,1683.410611086055,7,12
2025_3286_3435,0.6382221667003721,3435,3286,Vanderbilt,Montana St,1716.3531609099473,1720.0676852052384,7,13
2025_3372_3435,0.6679264690300696,3435,3372,Vanderbilt,SF Austin,1716.3531609099473,1710.1301229301325,7,14
2025_3192_3435,0.788270813404554,3435,3192,Vanderbilt,F Dickinson,1716.3531609099473,1616.5400097680608,7,15
2025_3219_3435,0.8584708856135099,3435,3219,Vanderbilt,High Point,1716.3531609099473,1542.3452372503477,7,16
2025_3435_3456,0.897310525056376,3435,3456,Vanderbilt,William & Mary,1716.3531609099473,1486.8572709106484,7,16
2025_3417_3435,0.10122577875726448,3435,3417,Vanderbilt,UCLA,1716.3531609099473,1958.278979203148,7,1
2025_3301_3435,0.16884681748077496,3435,3301,Vanderbilt,NC State,1716.3531609099473,1883.6190284342556,7,2
2025_3261_3435,0.19095276494586905,3435,3261,Vanderbilt,LSU,1716.3531609099473,1875.8199352842041,7,3
2025_3124_3435,0.2681181083236857,3435,3124,Vanderbilt,Baylor,1716.3531609099473,1823.9933602644464,7,4
2025_3279_3435,0.3740699178108161,3435,3279,Vanderbilt,Mississippi,1716.3531609099473,1764.6037249112856,7,5
2025_3199_3435,0.4016125684617038,3435,3199,Vanderbilt,Florida St,1716.3531609099473,1761.9644695309794,7,6
2025_3277_3435,0.5007467312394377,3435,3277,Vanderbilt,Michigan St,1716.3531609099473,1715.8991388129386,7,7
2025_3350_3435,0.39255002837737935,3435,3350,Vanderbilt,Richmond,1716.3531609099473,1797.7185869664368,7,8
2025_3210_3435,0.6436417097520601,3435,3210,Vanderbilt,Georgia Tech,1716.3531609099473,1656.4881012812837,7,9
2025_3217_3435,0.4801485227352498,3435,3217,Vanderbilt,Harvard,1716.3531609099473,1773.429450810923,7,10
2025_3206_3435,0.5370334857551541,3435,3206,Vanderbilt,George Mason,1716.3531609099473,1753.7950358153073,7,11
2025_3123_3435,0.536338677185965,3435,3123,Vanderbilt,Ball St,1716.3531609099473,1769.2197745940423,7,12
2025_3213_3435,0.5725906233208519,3435,3213,Vanderbilt,Grand Canyon,1716.3531609099473,1761.903095765611,7,13
2025_3361_3435,0.7221445148848837,3435,3361,Vanderbilt,San Diego St,1716.3531609099473,1671.1713611028213,7,14
2025_3435_3436,0.7815381203407511,3435,3436,Vanderbilt,Vermont,1716.3531609099473,1622.6020859062485,7,15
2025_3380_3435,0.8493075981187329,3435,3380,Vanderbilt,Southern Univ,1716.3531609099473,1553.512381915605,7,16
2025_3435_3471,0.8720316991959098,3435,3471,Vanderbilt,UC San Diego,1716.3531609099473,1524.6527067841912,7,16
2025_3425_3435,0.1167973428832005,3435,3425,Vanderbilt,USC,1716.3531609099473,1933.8727523760726,7,1
2025_3163_3435,0.10021510369835107,3435,3163,Vanderbilt,Connecticut,1716.3531609099473,1974.97509244384,7,2
2025_3328_3435,0.24696636435732852,3435,3328,Vanderbilt,Oklahoma,1716.3531609099473,1825.81495927408,7,3
2025_3246_3435,0.4329537774708162,3435,3246,Vanderbilt,Kentucky,1716.3531609099473,1712.3650858848432,7,4
2025_3243_3435,0.37943517497425666,3435,3243,Vanderbilt,Kansas St,1716.3531609099473,1761.130509058621,7,5
2025_3234_3435,0.312842754710974,3435,3234,Vanderbilt,Iowa,1716.3531609099473,1820.9586709265081,7,6
2025_3329_3435,0.46829944301029663,3435,3329,Vanderbilt,Oklahoma St,1716.3531609099473,1735.6533768195266,7,7
2025_3143_3435,0.4973210919827971,3435,3143,Vanderbilt,California,1716.3531609099473,1732.981985453007,7,8
2025_3280_3435,0.6194688872615156,3435,3280,Vanderbilt,Mississippi St,1716.3531609099473,1672.2828961738294,7,9
2025_3355_3435,0.3807574268806425,3435,3355,Vanderbilt,S Dakota St,1716.3531609099473,1835.2775090793496,7,10
2025_3293_3435,0.6292646256360114,3435,3293,Vanderbilt,Murray St,1716.3531609099473,1695.9339089127072,7,11
2025_3193_3435,0.5226915228235783,3435,3193,Vanderbilt,Fairfield,1716.3531609099473,1777.546952772885,7,12
2025_3251_3435,0.6155340917746982,3435,3251,Vanderbilt,Liberty,1716.3531609099473,1734.815164305803,7,13
2025_3195_3435,0.5127940983299758,3435,3195,Vanderbilt,FGCU,1716.3531609099473,1808.5724936397603,7,14
2025_3117_3435,0.8197056653066461,3435,3117,Vanderbilt,Arkansas St,1716.3531609099473,1586.1666111780894,7,15
2025_3422_3435,0.7509475772148673,3435,3422,Vanderbilt,UNC Greensboro,1716.3531609099473,1648.591563566133,7,16
2025_3231_3428,0.5286126803707606,3428,3231,Utah,Indiana,1741.6985419928524,1739.282653639833,8,9
2025_3332_3428,0.6987501879782955,3428,3332,Utah,Oregon,1741.6985419928524,1643.8102383927396,8,10
2025_3162_3428,0.5053806606089488,3428,3162,Utah,Columbia,1741.6985419928524,1783.4269080012543,8,11
2025_3428_3449,0.7170513412707866,3428,3449,Utah,Washington,1741.6985419928524,1645.3536274676324,8,11
2025_3428_3453,0.5463634542261452,3428,3453,Utah,WI Green Bay,1741.6985419928524,1773.4277794623615,8,12
2025_3313_3428,0.5981863201018547,3428,3313,Utah,Norfolk St,1741.6985419928524,1756.2144264957496,8,13
2025_3333_3428,0.7469669557594436,3428,3333,Utah,Oregon St,1741.6985419928524,1667.1550896856745,8,14
2025_3250_3428,0.7794827717712038,3428,3250,Utah,Lehigh,1741.6985419928524,1649.77114346928,8,15
2025_3399_3428,0.7676275769104873,3428,3399,Utah,Tennessee Tech,1741.6985419928524,1660.0604484176497,8,16
2025_3400_3428,0.10265347306766902,3428,3400,Utah,Texas,1741.6985419928524,1971.253830593616,8,1
2025_3395_3428,0.22058153139124656,3428,3395,Utah,TCU,1741.6985419928524,1843.5690826914229,8,2
2025_3323_3428,0.19695844784062272,3428,3323,Utah,Notre Dame,1741.6985419928524,1880.3257336324496,8,3
2025_3326_3428,0.2622171179218746,3428,3326,Utah,Ohio St,1741.6985419928524,1838.9421792110422,8,4
2025_3397_3428,0.4102863088954872,3428,3397,Utah,Tennessee,1741.6985419928524,1751.8425070034982,8,5
2025_3276_3428,0.4307058565387117,3428,3276,Utah,Michigan,1741.6985419928524,1754.103120625063,8,6
2025_3257_3428,0.42879015075186877,3428,3257,Utah,Louisville,1741.6985419928524,1770.291352149283,8,7
2025_3228_3428,0.563760057078841,3428,3228,Utah,Illinois,1741.6985419928524,1702.7194358808865,8,8
2025_3166_3428,0.33767709578237687,3428,3166,Utah,Creighton,1741.6985419928524,1859.0974014739336,8,9
2025_3304_3428,0.611389697693416,3428,3304,Utah,Nebraska,1741.6985419928524,1702.8172097273407,8,10
2025_3235_3428,0.5774019822209253,3428,3235,Utah,Iowa St,1741.6985419928524,1739.2557567978145,8,11
2025_3343_3428,0.5183990403830918,3428,3343,Utah,Princeton,1741.6985419928524,1775.506646128416,8,11
2025_3378_3428,0.6852908270050313,3428,3378,Utah,South Florida,1741.6985419928524,1683.410611086055,8,12
2025_3286_3428,0.6537845257687511,3428,3286,Utah,Montana St,1741.6985419928524,1720.0676852052384,8,13
2025_3372_3428,0.6899265813554951,3428,3372,Utah,SF Austin,1741.6985419928524,1710.1301229301325,8,14
2025_3192_3428,0.8147652700477568,3428,3192,Utah,F Dickinson,1741.6985419928524,1616.5400097680608,8,15
2025_3219_3428,0.8775455648863529,3428,3219,Utah,High Point,1741.6985419928524,1542.3452372503477,8,16
2025_3428_3456,0.9116890539152624,3428,3456,Utah,William & Mary,1741.6985419928524,1486.8572709106484,8,16
2025_3417_3428,0.11078733257572775,3428,3417,Utah,UCLA,1741.6985419928524,1958.278979203148,8,1
2025_3301_3428,0.17861462110300996,3428,3301,Utah,NC State,1741.6985419928524,1883.6190284342556,8,2
2025_3261_3428,0.20168907625596566,3428,3261,Utah,LSU,1741.6985419928524,1875.8199352842041,8,3
2025_3124_3428,0.2816824799080768,3428,3124,Utah,Baylor,1741.6985419928524,1823.9933602644464,8,4
2025_3279_3428,0.3901371848215983,3428,3279,Utah,Mississippi,1741.6985419928524,1764.6037249112856,8,5
2025_3199_3428,0.4180726925711654,3428,3199,Utah,Florida St,1741.6985419928524,1761.9644695309794,8,6
2025_3277_3428,0.5177543500837227,3428,3277,Utah,Michigan St,1741.6985419928524,1715.8991388129386,8,7
2025_3350_3428,0.408892529875453,3428,3350,Utah,Richmond,1741.6985419928524,1797.7185869664368,8,8
2025_3210_3428,0.6590954650434027,3428,3210,Utah,Georgia Tech,1741.6985419928524,1656.4881012812837,8,9
2025_3217_3428,0.49715319873241554,3428,3217,Utah,Harvard,1741.6985419928524,1773.429450810923,8,10
2025_3206_3428,0.553906187820538,3428,3206,Utah,George Mason,1741.6985419928524,1753.7950358153073,8,11
2025_3123_3428,0.5532156346655194,3428,3123,Utah,Ball St,1741.6985419928524,1769.2197745940423,8,12
2025_3213_3428,0.5891588211330082,3428,3213,Utah,Grand Canyon,1741.6985419928524,1761.903095765611,8,13
2025_3361_3428,0.7419404388751425,3428,3361,Utah,San Diego St,1741.6985419928524,1671.1713611028213,8,14
2025_3428_3436,0.8086705750303368,3428,3436,Utah,Vermont,1741.6985419928524,1622.6020859062485,8,15
2025_3380_3428,0.8694294278888394,3428,3380,Utah,Southern Univ,1741.6985419928524,1553.512381915605,8,16
2025_3428_3471,0.8895139335705928,3428,3471,Utah,UC San Diego,1741.6985419928524,1524.6527067841912,8,16
2025_3425_3428,0.12762089774239255,3428,3425,Utah,USC,1741.6985419928524,1933.8727523760726,8,1
2025_3163_3428,0.10652140051289848,3428,3163,Utah,Connecticut,1741.6985419928524,1974.97509244384,8,2
2025_3328_3428,0.25984056171706393,3428,3328,Utah,Oklahoma,1741.6985419928524,1825.81495927408,8,3
2025_3246_3428,0.44973300901786295,3428,3246,Utah,Kentucky,1741.6985419928524,1712.3650858848432,8,4
2025_3243_3428,0.3955872483895448,3428,3243,Utah,Kansas St,1741.6985419928524,1761.130509058621,8,5
2025_3234_3428,0.32765681744704284,3428,3234,Utah,Iowa,1741.6985419928524,1820.9586709265081,8,6
2025_3329_3428,0.48527620876142485,3428,3329,Utah,Oklahoma St,1741.6985419928524,1735.6533768195266,8,7
2025_3143_3428,0.514332224953499,3428,3143,Utah,California,1741.6985419928524,1732.981985453007,8,8
2025_3280_3428,0.63537706919076,3428,3280,Utah,Mississippi St,1741.6985419928524,1672.2828961738294,8,9
2025_3355_3428,0.39692978448220284,3428,3355,Utah,S Dakota St,1741.6985419928524,1835.2775090793496,8,10
2025_3293_3428,0.6449979762112186,3428,3293,Utah,Murray St,1741.6985419928524,1695.9339089127072,8,11
2025_3193_3428,0.5396388493104108,3428,3193,Utah,Fairfield,1741.6985419928524,1777.546952772885,8,12
2025_3251_3428,0.6315089188251698,3428,3251,Utah,Liberty,1741.6985419928524,1734.815164305803,8,13
2025_3195_3428,0.5379622974023237,3428,3195,Utah,FGCU,1741.6985419928524,1808.5724936397603,8,14
2025_3117_3428,0.8430497618110651,3428,3117,Utah,Arkansas St,1741.6985419928524,1586.1666111780894,8,15
2025_3422_3428,0.7808137807322157,3428,3422,Utah,UNC Greensboro,1741.6985419928524,1648.591563566133,8,16
2025_3231_3332,0.6740977264195761,3231,3332,Indiana,Oregon,1739.282653639833,1643.8102383927396,9,10
2025_3162_3231,0.4767536646686028,3231,3162,Indiana,Columbia,1739.282653639833,1783.4269080012543,9,11
2025_3231_3449,0.6932390438958249,3231,3449,Indiana,Washington,1739.282653639833,1645.3536274676324,9,11
2025_3231_3453,0.51784546781063,3231,3453,Indiana,WI Green Bay,1739.282653639833,1773.4277794623615,9,12
2025_3231_3313,0.5703643588744677,3231,3313,Indiana,Norfolk St,1739.282653639833,1756.2144264957496,9,13
2025_3231_3333,0.724705704887109,3231,3333,Indiana,Oregon St,1739.282653639833,1667.1550896856745,9,14
2025_3231_3250,0.7651226950152802,3231,3250,Indiana,Lehigh,1739.282653639833,1649.77114346928,9,15
2025_3231_3399,0.7647804834234847,3231,3399,Indiana,Tennessee Tech,1739.282653639833,1660.0604484176497,9,16
2025_3231_3400,0.10119863325259179,3231,3400,Indiana,Texas,1739.282653639833,1971.253830593616,9,1
2025_3231_3395,0.20685917682946967,3231,3395,Indiana,TCU,1739.282653639833,1843.5690826914229,9,2
2025_3231_3323,0.17946305430248605,3231,3323,Indiana,Notre Dame,1739.282653639833,1880.3257336324496,9,3
2025_3231_3326,0.24066216688834965,3231,3326,Indiana,Ohio St,1739.282653639833,1838.9421792110422,9,4
2025_3231_3397,0.38287623156469164,3231,3397,Indiana,Tennessee,1739.282653639833,1751.8425070034982,9,5
2025_3231_3276,0.40286354255705287,3231,3276,Indiana,Michigan,1739.282653639833,1754.103120625063,9,6
2025_3231_3257,0.4009844489660163,3231,3257,Indiana,Louisville,1739.282653639833,1770.291352149283,9,7
2025_3228_3231,0.5354057460517498,3231,3228,Indiana,Illinois,1739.282653639833,1702.7194358808865,9,8
2025_3166_3231,0.31254691387825356,3231,3166,Indiana,Creighton,1739.282653639833,1859.0974014739336,9,9
2025_3231_3304,0.5838459382729149,3231,3304,Indiana,Nebraska,1739.282653639833,1702.8172097273407,9,10
2025_3231_3235,0.5492253753080312,3231,3235,Indiana,Iowa St,1739.282653639833,1739.2557567978145,9,11
2025_3231_3343,0.4897648069121557,3231,3343,Indiana,Princeton,1739.282653639833,1775.506646128416,9,11
2025_3231_3378,0.6600727565723934,3231,3378,Indiana,South Florida,1739.282653639833,1683.410611086055,9,12
2025_3231_3286,0.6274144350056352,3231,3286,Indiana,Montana St,1739.282653639833,1720.0676852052384,9,13
2025_3231_3372,0.6648983347163632,3231,3372,Indiana,SF Austin,1739.282653639833,1710.1301229301325,9,14
2025_3192_3231,0.8021195182673788,3231,3192,Indiana,F Dickinson,1739.282653639833,1616.5400097680608,9,15
2025_3219_3231,0.8758273662305218,3231,3219,Indiana,High Point,1739.282653639833,1542.3452372503477,9,16
2025_3231_3456,0.9104010190549984,3231,3456,Indiana,William & Mary,1739.282653639833,1486.8572709106484,9,16
2025_3231_3417,0.10923124911908193,3231,3417,Indiana,UCLA,1739.282653639833,1958.278979203148,9,1
2025_3231_3301,0.16694382504831906,3231,3301,Indiana,NC State,1739.282653639833,1883.6190284342556,9,2
2025_3231_3261,0.1838696856080169,3231,3261,Indiana,LSU,1739.282653639833,1875.8199352842041,9,3
2025_3124_3231,0.2590893373435984,3231,3124,Indiana,Baylor,1739.282653639833,1823.9933602644464,9,4
2025_3231_3279,0.36324405705627616,3231,3279,Indiana,Mississippi,1739.282653639833,1764.6037249112856,9,5
2025_3199_3231,0.3904868772667045,3231,3199,Indiana,Florida St,1739.282653639833,1761.9644695309794,9,6
2025_3231_3277,0.489119560680104,3231,3277,Indiana,Michigan St,1739.282653639833,1715.8991388129386,9,7
2025_3231_3350,0.38151532659846926,3231,3350,Indiana,Richmond,1739.282653639833,1797.7185869664368,9,8
2025_3210_3231,0.6329027565778984,3231,3210,Indiana,Georgia Tech,1739.282653639833,1656.4881012812837,9,9
2025_3217_3231,0.46855076510290566,3231,3217,Indiana,Harvard,1739.282653639833,1773.429450810923,9,10
2025_3206_3231,0.5254505270747704,3231,3206,Indiana,George Mason,1739.282653639833,1753.7950358153073,9,11
2025_3123_3231,0.524753718495101,3231,3123,Indiana,Ball St,1739.282653639833,1769.2197745940423,9,12
2025_3213_3231,0.5611703407445636,3231,3213,Indiana,Grand Canyon,1739.282653639833,1761.903095765611,9,13
2025_3231_3361,0.7194030865292417,3231,3361,Indiana,San Diego St,1739.282653639833,1671.1713611028213,9,14
2025_3231_3436,0.7957130692997816,3231,3436,Indiana,Vermont,1739.282653639833,1622.6020859062485,9,15
2025_3231_3380,0.8676145288625411,3231,3380,Indiana,Southern Univ,1739.282653639833,1553.512381915605,9,16
2025_3231_3471,0.8879422230349139,3231,3471,Indiana,UC San Diego,1739.282653639833,1524.6527067841912,9,16
2025_3231_3425,0.1258618416819616,3231,3425,Indiana,USC,1739.282653639833,1933.8727523760726,9,1
2025_3163_3231,0.09899349814233163,3231,3163,Indiana,Connecticut,1739.282653639833,1974.97509244384,9,2
2025_3231_3328,0.23841783875186706,3231,3328,Indiana,Oklahoma,1739.282653639833,1825.81495927408,9,3
2025_3231_3246,0.4215715349306639,3231,3246,Indiana,Kentucky,1739.282653639833,1712.3650858848432,9,4
2025_3231_3243,0.3685454647993455,3231,3243,Indiana,Kansas St,1739.282653639833,1761.130509058621,9,5
2025_3231_3234,0.302931278506522,3231,3234,Indiana,Iowa,1739.282653639833,1820.9586709265081,9,6
2025_3231_3329,0.4567364339254468,3231,3329,Indiana,Oklahoma St,1739.282653639833,1735.6533768195266,9,7
2025_3143_3231,0.48569608138604947,3231,3143,Indiana,California,1739.282653639833,1732.981985453007,9,8
2025_3231_3280,0.6084446302729327,3231,3280,Indiana,Mississippi St,1739.282653639833,1672.2828961738294,9,9
2025_3231_3355,0.3698523853111183,3231,3355,Indiana,S Dakota St,1739.282653639833,1835.2775090793496,9,10
2025_3231_3293,0.6183493173172331,3231,3293,Indiana,Murray St,1739.282653639833,1695.9339089127072,9,11
2025_3193_3231,0.5110764192745091,3231,3193,Indiana,Fairfield,1739.282653639833,1777.546952772885,9,12
2025_3231_3251,0.6044686261088389,3231,3251,Indiana,Liberty,1739.282653639833,1734.815164305803,9,13
2025_3195_3231,0.5093904166294891,3231,3195,Indiana,FGCU,1739.282653639833,1808.5724936397603,9,14
2025_3117_3231,0.8319366574651796,3231,3117,Indiana,Arkansas St,1739.282653639833,1586.1666111780894,9,15
2025_3231_3422,0.7780815416268604,3231,3422,Indiana,UNC Greensboro,1739.282653639833,1648.591563566133,9,16
2025_3162_3332,0.30579975599042347,3332,3162,Oregon,Columbia,1643.8102383927396,1783.4269080012543,10,11
2025_3332_3449,0.5221176935712737,3332,3449,Oregon,Washington,1643.8102383927396,1645.3536274676324,10,11
2025_3332_3453,0.34178149332089214,3332,3453,Oregon,WI Green Bay,1643.8102383927396,1773.4277794623615,10,12
2025_3313_3332,0.39092167456563776,3332,3313,Oregon,Norfolk St,1643.8102383927396,1756.2144264957496,10,13
2025_3332_3333,0.5599963948891892,3332,3333,Oregon,Oregon St,1643.8102383927396,1667.1550896856745,10,14
2025_3250_3332,0.6116362641761534,3332,3250,Oregon,Lehigh,1643.8102383927396,1649.77114346928,10,15
2025_3332_3399,0.6189717682294849,3332,3399,Oregon,Tennessee Tech,1643.8102383927396,1660.0604484176497,10,16
2025_3332_3400,0.056675296577621125,3332,3400,Oregon,Texas,1643.8102383927396,1971.253830593616,10,1
2025_3332_3395,0.12216802551585279,3332,3395,Oregon,TCU,1643.8102383927396,1843.5690826914229,10,2
2025_3323_3332,0.09851158494874783,3332,3323,Oregon,Notre Dame,1643.8102383927396,1880.3257336324496,10,3
2025_3326_3332,0.1328685644136575,3332,3326,Oregon,Ohio St,1643.8102383927396,1838.9421792110422,10,4
2025_3332_3397,0.23074037739500802,3332,3397,Oregon,Tennessee,1643.8102383927396,1751.8425070034982,10,5
2025_3276_3332,0.2459509502787616,3332,3276,Oregon,Michigan,1643.8102383927396,1754.103120625063,10,6
2025_3257_3332,0.244504068719971,3332,3257,Oregon,Louisville,1643.8102383927396,1770.291352149283,10,7
2025_3228_3332,0.3578019504578113,3332,3228,Oregon,Illinois,1643.8102383927396,1702.7194358808865,10,8
2025_3166_3332,0.18019653187790335,3332,3166,Oregon,Creighton,1643.8102383927396,1859.0974014739336,10,9
2025_3304_3332,0.4041516711710279,3332,3304,Oregon,Nebraska,1643.8102383927396,1702.8172097273407,10,10
2025_3235_3332,0.37069506221308796,3332,3235,Oregon,Iowa St,1643.8102383927396,1739.2557567978145,10,11
2025_3332_3343,0.31697165081226936,3332,3343,Oregon,Princeton,1643.8102383927396,1775.506646128416,10,11
2025_3332_3378,0.48421547888550426,3332,3378,Oregon,South Florida,1643.8102383927396,1683.410611086055,10,12
2025_3286_3332,0.4487711606710291,3332,3286,Oregon,Montana St,1643.8102383927396,1720.0676852052384,10,13
2025_3332_3372,0.4896071600217371,3332,3372,Oregon,SF Austin,1643.8102383927396,1710.1301229301325,10,14
2025_3192_3332,0.6621336158971046,3332,3192,Oregon,F Dickinson,1643.8102383927396,1616.5400097680608,10,15
2025_3219_3332,0.7789594351666329,3332,3219,Oregon,High Point,1643.8102383927396,1542.3452372503477,10,16
2025_3332_3456,0.8354364927393836,3332,3456,Oregon,William & Mary,1643.8102383927396,1486.8572709106484,10,16
2025_3332_3417,0.061415365104045175,3332,3417,Oregon,UCLA,1643.8102383927396,1958.278979203148,10,1
2025_3301_3332,0.09660416011236916,3332,3301,Oregon,NC State,1643.8102383927396,1883.6190284342556,10,2
2025_3261_3332,0.10117558554685059,3332,3261,Oregon,LSU,1643.8102383927396,1875.8199352842041,10,3
2025_3124_3332,0.14461400636846783,3332,3124,Oregon,Baylor,1643.8102383927396,1823.9933602644464,10,4
2025_3279_3332,0.2161764365650772,3332,3279,Oregon,Mississippi,1643.8102383927396,1764.6037249112856,10,5
2025_3199_3332,0.23648578392853564,3332,3199,Oregon,Florida St,1643.8102383927396,1761.9644695309794,10,6
2025_3277_3332,0.3164128810195015,3332,3277,Oregon,Michigan St,1643.8102383927396,1715.8991388129386,10,7
2025_3332_3350,0.2297189364324825,3332,3350,Oregon,Richmond,1643.8102383927396,1797.7185869664368,10,8
2025_3210_3332,0.45460347904776666,3332,3210,Oregon,Georgia Tech,1643.8102383927396,1656.4881012812837,10,9
2025_3217_3332,0.29885823663307265,3332,3217,Oregon,Harvard,1643.8102383927396,1773.429450810923,10,10
2025_3206_3332,0.348670713688579,3332,3206,Oregon,George Mason,1643.8102383927396,1753.7950358153073,10,11
2025_3123_3332,0.34803640341202813,3332,3123,Oregon,Ball St,1643.8102383927396,1769.2197745940423,10,12
2025_3213_3332,0.382048041477343,3332,3213,Oregon,Grand Canyon,1643.8102383927396,1761.903095765611,10,13
2025_3332_3361,0.5534759704305084,3332,3361,Oregon,San Diego St,1643.8102383927396,1671.1713611028213,10,14
2025_3332_3436,0.6531548008011279,3332,3436,Oregon,Vermont,1643.8102383927396,1622.6020859062485,10,15
2025_3332_3380,0.7660510999146126,3332,3380,Oregon,Southern Univ,1643.8102383927396,1553.512381915605,10,16
2025_3332_3471,0.7983492008607574,3332,3471,Oregon,UC San Diego,1643.8102383927396,1524.6527067841912,10,16
2025_3332_3425,0.07134904797788555,3332,3425,Oregon,USC,1643.8102383927396,1933.8727523760726,10,1
2025_3163_3332,0.05538055434259844,3332,3163,Oregon,Connecticut,1643.8102383927396,1974.97509244384,10,2
2025_3328_3332,0.13525687359439634,3332,3328,Oregon,Oklahoma,1643.8102383927396,1825.81495927408,10,3
2025_3246_3332,0.260551723838942,3332,3246,Oregon,Kentucky,1643.8102383927396,1712.3650858848432,10,4
2025_3243_3332,0.2200732782089481,3332,3243,Oregon,Kansas St,1643.8102383927396,1761.130509058621,10,5
2025_3234_3332,0.1736243264775882,3332,3234,Oregon,Iowa,1643.8102383927396,1820.9586709265081,10,6
2025_3329_3332,0.28899591331679203,3332,3329,Oregon,Oklahoma St,1643.8102383927396,1735.6533768195266,10,7
2025_3143_3332,0.3134565365741694,3332,3143,Oregon,California,1643.8102383927396,1732.981985453007,10,8
2025_3280_3332,0.428983768389808,3332,3280,Oregon,Mississippi St,1643.8102383927396,1672.2828961738294,10,9
2025_3332_3355,0.22103799401551016,3332,3355,Oregon,S Dakota St,1643.8102383927396,1835.2775090793496,10,10
2025_3293_3332,0.439244261617583,3332,3293,Oregon,Murray St,1643.8102383927396,1695.9339089127072,10,11
2025_3193_3332,0.3357114502265216,3332,3193,Oregon,Fairfield,1643.8102383927396,1777.546952772885,10,12
2025_3251_3332,0.4249078722143016,3332,3251,Oregon,Liberty,1643.8102383927396,1734.815164305803,10,13
2025_3195_3332,0.33420851323848244,3332,3195,Oregon,FGCU,1643.8102383927396,1808.5724936397603,10,14
2025_3117_3332,0.7052942778879817,3332,3117,Oregon,Arkansas St,1643.8102383927396,1586.1666111780894,10,15
2025_3332_3422,0.6366001154655612,3332,3422,Oregon,UNC Greensboro,1643.8102383927396,1648.591563566133,10,16
2025_3162_3449,0.7126641451306182,3162,3449,Columbia,Washington,1783.4269080012543,1645.3536274676324,11,11
2025_3162_3453,0.5410237297221764,3162,3453,Columbia,WI Green Bay,1783.4269080012543,1773.4277794623615,11,12
2025_3162_3313,0.5930021944327915,3162,3313,Columbia,Norfolk St,1783.4269080012543,1756.2144264957496,11,13
2025_3162_3333,0.7428772805499937,3162,3333,Columbia,Oregon St,1783.4269080012543,1667.1550896856745,11,14
2025_3162_3250,0.7814310446819337,3162,3250,Columbia,Lehigh,1783.4269080012543,1649.77114346928,11,15
2025_3162_3399,0.7866779825585094,3162,3399,Columbia,Tennessee Tech,1783.4269080012543,1660.0604484176497,11,16
2025_3162_3400,0.13083909918376846,3162,3400,Columbia,Texas,1783.4269080012543,1971.253830593616,11,1
2025_3162_3395,0.2585448164974397,3162,3395,Columbia,TCU,1783.4269080012543,1843.5690826914229,11,2
2025_3162_3323,0.21494681203486213,3162,3323,Columbia,Notre Dame,1783.4269080012543,1880.3257336324496,11,3
2025_3162_3326,0.2644228059716604,3162,3326,Columbia,Ohio St,1783.4269080012543,1838.9421792110422,11,4
2025_3162_3397,0.40508890980380674,3162,3397,Columbia,Tennessee,1783.4269080012543,1751.8425070034982,11,5
2025_3162_3276,0.4254363995669178,3162,3276,Columbia,Michigan,1783.4269080012543,1754.103120625063,11,6
2025_3162_3257,0.42352669497498785,3162,3257,Columbia,Louisville,1783.4269080012543,1770.291352149283,11,7
2025_3162_3228,0.5584596197238949,3162,3228,Columbia,Illinois,1783.4269080012543,1702.7194358808865,11,8
2025_3162_3166,0.33288028757991783,3162,3166,Columbia,Creighton,1783.4269080012543,1859.0974014739336,11,9
2025_3162_3304,0.6062637939715576,3162,3304,Columbia,Nebraska,1783.4269080012543,1702.8172097273407,11,10
2025_3162_3235,0.5721415017926076,3162,3235,Columbia,Iowa St,1783.4269080012543,1739.2557567978145,11,11
2025_3162_3343,0.5130235370422921,3162,3343,Columbia,Princeton,1783.4269080012543,1775.506646128416,11,11
2025_3162_3378,0.6806305115223104,3162,3378,Columbia,South Florida,1783.4269080012543,1683.410611086055,11,12
2025_3162_3286,0.6488966907765167,3162,3286,Columbia,Montana St,1783.4269080012543,1720.0676852052384,11,13
2025_3162_3372,0.6853033894697459,3162,3372,Columbia,SF Austin,1783.4269080012543,1710.1301229301325,11,14
2025_3162_3192,0.8164752146013473,3162,3192,Columbia,F Dickinson,1783.4269080012543,1616.5400097680608,11,15
2025_3162_3219,0.8888890027940928,3162,3219,Columbia,High Point,1783.4269080012543,1542.3452372503477,11,16
2025_3162_3456,0.920157413928878,3162,3456,Columbia,William & Mary,1783.4269080012543,1486.8572709106484,11,16
2025_3162_3417,0.140855715285534,3162,3417,Columbia,UCLA,1783.4269080012543,1958.278979203148,11,1
2025_3162_3301,0.21131337595754857,3162,3301,Columbia,NC State,1783.4269080012543,1883.6190284342556,11,2
2025_3162_3261,0.2199911328445165,3162,3261,Columbia,LSU,1783.4269080012543,1875.8199352842041,11,3
2025_3124_3162,0.2839888786807071,3162,3124,Columbia,Baylor,1783.4269080012543,1823.9933602644464,11,4
2025_3162_3279,0.3850283789895764,3162,3279,Columbia,Mississippi,1783.4269080012543,1764.6037249112856,11,5
2025_3162_3199,0.4128457104362782,3162,3199,Columbia,Florida St,1783.4269080012543,1761.9644695309794,11,6
2025_3162_3277,0.5123784195229844,3162,3277,Columbia,Michigan St,1783.4269080012543,1715.8991388129386,11,7
2025_3162_3350,0.4037007000121809,3162,3350,Columbia,Richmond,1783.4269080012543,1797.7185869664368,11,8
2025_3162_3210,0.6542429561943969,3162,3210,Columbia,Georgia Tech,1783.4269080012543,1656.4881012812837,11,9
2025_3162_3217,0.4917730421948133,3162,3217,Columbia,Harvard,1783.4269080012543,1773.429450810923,11,10
2025_3162_3206,0.5485818920979653,3162,3206,Columbia,George Mason,1783.4269080012543,1753.7950358153073,11,11
2025_3123_3162,0.5478898242394376,3162,3123,Columbia,Ball St,1783.4269080012543,1769.2197745940423,11,12
2025_3162_3213,0.5839392343266661,3162,3213,Columbia,Grand Canyon,1783.4269080012543,1761.903095765611,11,13
2025_3162_3361,0.7377980396371732,3162,3361,Columbia,San Diego St,1783.4269080012543,1671.1713611028213,11,14
2025_3162_3436,0.8104236904122807,3162,3436,Columbia,Vermont,1783.4269080012543,1622.6020859062485,11,15
2025_3162_3380,0.8814231058559107,3162,3380,Columbia,Southern Univ,1783.4269080012543,1553.512381915605,11,16
2025_3162_3471,0.899875190331699,3162,3471,Columbia,UC San Diego,1783.4269080012543,1524.6527067841912,11,16
2025_3162_3425,0.16142860334896617,3162,3425,Columbia,USC,1783.4269080012543,1933.8727523760726,11,1
2025_3162_3163,0.12808013062066173,3162,3163,Columbia,Connecticut,1783.4269080012543,1974.97509244384,11,2
2025_3162_3328,0.28155839029264074,3162,3328,Columbia,Oklahoma,1783.4269080012543,1825.81495927408,11,3
2025_3162_3246,0.4525485068931607,3162,3246,Columbia,Kentucky,1783.4269080012543,1712.3650858848432,11,4
2025_3162_3243,0.39045276652137123,3162,3243,Columbia,Kansas St,1783.4269080012543,1761.130509058621,11,5
2025_3162_3234,0.32293294823480934,3162,3234,Columbia,Iowa,1783.4269080012543,1820.9586709265081,11,6
2025_3162_3329,0.47990191713231856,3162,3329,Columbia,Oklahoma St,1783.4269080012543,1735.6533768195266,11,7
2025_3143_3162,0.5089543264619317,3162,3143,Columbia,California,1783.4269080012543,1732.981985453007,11,8
2025_3162_3280,0.6303762823382657,3162,3280,Columbia,Mississippi St,1783.4269080012543,1672.2828961738294,11,9
2025_3162_3355,0.39178917264731117,3162,3355,Columbia,S Dakota St,1783.4269080012543,1835.2775090793496,11,10
2025_3162_3293,0.6400543888792259,3162,3293,Columbia,Murray St,1783.4269080012543,1695.9339089127072,11,11
2025_3162_3193,0.534287440440854,3162,3193,Columbia,Fairfield,1783.4269080012543,1777.546952772885,11,12
2025_3162_3251,0.6264862674059996,3162,3251,Columbia,Liberty,1783.4269080012543,1734.815164305803,11,13
2025_3162_3195,0.5326082793538811,3162,3195,Columbia,FGCU,1783.4269080012543,1808.5724936397603,11,14
2025_3117_3162,0.844548421894182,3162,3117,Columbia,Arkansas St,1783.4269080012543,1586.1666111780894,11,15
2025_3162_3422,0.7990661232599334,3162,3422,Columbia,UNC Greensboro,1783.4269080012543,1648.591563566133,11,16
2025_3449_3453,0.3221532476873511,3449,3453,Washington,WI Green Bay,1645.3536274676324,1773.4277794623615,11,12
2025_3313_3449,0.3700579534377118,3449,3313,Washington,Norfolk St,1645.3536274676324,1756.2144264957496,11,13
2025_3333_3449,0.5380808316116368,3449,3333,Washington,Oregon St,1645.3536274676324,1667.1550896856745,11,14
2025_3250_3449,0.5904115242490523,3449,3250,Washington,Lehigh,1645.3536274676324,1649.77114346928,11,15
2025_3399_3449,0.5978843588711075,3449,3399,Washington,Tennessee Tech,1645.3536274676324,1660.0604484176497,11,16
2025_3400_3449,0.057220594272442055,3449,3400,Washington,Texas,1645.3536274676324,1971.253830593616,11,1
2025_3395_3449,0.12326111972724448,3449,3395,Washington,TCU,1645.3536274676324,1843.5690826914229,11,2
2025_3323_3449,0.09941698565985121,3449,3323,Washington,Notre Dame,1645.3536274676324,1880.3257336324496,11,3
2025_3326_3449,0.12658855564236,3449,3326,Washington,Ohio St,1645.3536274676324,1838.9421792110422,11,4
2025_3397_3449,0.21540225943664287,3449,3397,Washington,Tennessee,1645.3536274676324,1751.8425070034982,11,5
2025_3276_3449,0.22990391369180485,3449,3276,Washington,Michigan,1645.3536274676324,1754.103120625063,11,6
2025_3257_3449,0.22852282428863763,3449,3257,Washington,Louisville,1645.3536274676324,1770.291352149283,11,7
2025_3228_3449,0.33772572752642194,3449,3228,Washington,Illinois,1645.3536274676324,1702.7194358808865,11,8
2025_3166_3449,0.1674867230523381,3449,3166,Washington,Creighton,1645.3536274676324,1859.0974014739336,11,9
2025_3304_3449,0.3830258918191862,3449,3304,Washington,Nebraska,1645.3536274676324,1702.8172097273407,11,10
2025_3235_3449,0.350290007238433,3449,3235,Washington,Iowa St,1645.3536274676324,1739.2557567978145,11,11
2025_3343_3449,0.2981228846844001,3449,3343,Washington,Princeton,1645.3536274676324,1775.506646128416,11,11
2025_3378_3449,0.46215064076368273,3449,3378,Washington,South Florida,1645.3536274676324,1683.410611086055,11,12
2025_3286_3449,0.42698439245804154,3449,3286,Washington,Montana St,1645.3536274676324,1720.0676852052384,11,13
2025_3372_3449,0.4675193312106349,3449,3372,Washington,SF Austin,1645.3536274676324,1710.1301229301325,11,14
2025_3192_3449,0.6420535507505513,3449,3192,Washington,F Dickinson,1645.3536274676324,1616.5400097680608,11,15
2025_3219_3449,0.7633409318606441,3449,3219,Washington,High Point,1645.3536274676324,1542.3452372503477,11,16
2025_3449_3456,0.822901324207366,3449,3456,Washington,William & Mary,1645.3536274676324,1486.8572709106484,11,16
2025_3417_3449,0.06200327143217993,3449,3417,Washington,UCLA,1645.3536274676324,1958.278979203148,11,1
2025_3301_3449,0.09749392596767899,3449,3301,Washington,NC State,1645.3536274676324,1883.6190284342556,11,2
2025_3261_3449,0.1021026974704182,3449,3261,Washington,LSU,1645.3536274676324,1875.8199352842041,11,3
2025_3124_3449,0.13786711530130633,3449,3124,Washington,Baylor,1645.3536274676324,1823.9933602644464,11,4
2025_3279_3449,0.20155277968085164,3449,3279,Washington,Mississippi,1645.3536274676324,1764.6037249112856,11,5
2025_3199_3449,0.22087540759613095,3449,3199,Washington,Florida St,1645.3536274676324,1761.9644695309794,11,6
2025_3277_3449,0.2975828656853377,3449,3277,Washington,Michigan St,1645.3536274676324,1715.8991388129386,11,7
2025_3350_3449,0.2144297905610389,3449,3350,Washington,Richmond,1645.3536274676324,1797.7185869664368,11,8
2025_3210_3449,0.4327558558033914,3449,3210,Washington,Georgia Tech,1645.3536274676324,1656.4881012812837,11,9
2025_3217_3449,0.28064401948727113,3449,3217,Washington,Harvard,1645.3536274676324,1773.429450810923,11,10
2025_3206_3449,0.32884448762265983,3449,3206,Washington,George Mason,1645.3536274676324,1753.7950358153073,11,11
2025_3123_3449,0.32822806956975226,3449,3123,Washington,Ball St,1645.3536274676324,1769.2197745940423,11,12
2025_3213_3449,0.36137692146979444,3449,3213,Washington,Grand Canyon,1645.3536274676324,1761.903095765611,11,13
2025_3361_3449,0.5315073399912309,3449,3361,Washington,San Diego St,1645.3536274676324,1671.1713611028213,11,14
2025_3436_3449,0.6328370120552615,3449,3436,Washington,Vermont,1645.3536274676324,1622.6020859062485,11,15
2025_3380_3449,0.7498134521289952,3449,3380,Washington,Southern Univ,1645.3536274676324,1553.512381915605,11,16
2025_3449_3471,0.783720358588063,3449,3471,Washington,UC San Diego,1645.3536274676324,1524.6527067841912,11,16
2025_3425_3449,0.07202474864821992,3449,3425,Washington,USC,1645.3536274676324,1933.8727523760726,11,1
2025_3163_3449,0.05591413314506075,3449,3163,Washington,Connecticut,1645.3536274676324,1974.97509244384,11,2
2025_3328_3449,0.13644887610906384,3449,3328,Washington,Oklahoma,1645.3536274676324,1825.81495927408,11,3
2025_3246_3449,0.249976539942729,3449,3246,Washington,Kentucky,1645.3536274676324,1712.3650858848432,11,4
2025_3243_3449,0.2052550419163607,3449,3243,Washington,Kansas St,1645.3536274676324,1761.130509058621,11,5
2025_3234_3449,0.16128687565200794,3449,3234,Washington,Iowa,1645.3536274676324,1820.9586709265081,11,6
2025_3329_3449,0.271150315833492,3449,3329,Washington,Oklahoma St,1645.3536274676324,1735.6533768195266,11,7
2025_3143_3449,0.29472660221543623,3449,3143,Washington,California,1645.3536274676324,1732.981985453007,11,8
2025_3280_3449,0.40744756887824046,3449,3280,Washington,Mississippi St,1645.3536274676324,1672.2828961738294,11,9
2025_3355_3449,0.20617197167754955,3449,3355,Washington,S Dakota St,1645.3536274676324,1835.2775090793496,11,10
2025_3293_3449,0.41756964006887143,3449,3293,Washington,Murray St,1645.3536274676324,1695.9339089127072,11,11
2025_3193_3449,0.3162643063106623,3449,3193,Washington,Fairfield,1645.3536274676324,1777.546952772885,11,12
2025_3251_3449,0.4034317259820297,3449,3251,Washington,Liberty,1645.3536274676324,1734.815164305803,11,13
2025_3195_3449,0.31480717272277364,3449,3195,Washington,FGCU,1645.3536274676324,1808.5724936397603,11,14
2025_3117_3449,0.6865650807527001,3449,3117,Washington,Arkansas St,1645.3536274676324,1586.1666111780894,11,15
2025_3422_3449,0.6158828801733541,3449,3422,Washington,UNC Greensboro,1645.3536274676324,1648.591563566133,11,16
2025_3313_3453,0.5527840114084623,3453,3313,WI Green Bay,Norfolk St,1773.4277794623615,1756.2144264957496,12,13
2025_3333_3453,0.7102323457580649,3453,3333,WI Green Bay,Oregon St,1773.4277794623615,1667.1550896856745,12,14
2025_3250_3453,0.7520472090618997,3453,3250,WI Green Bay,Lehigh,1773.4277794623615,1649.77114346928,12,15
2025_3399_3453,0.7577808843881495,3453,3399,WI Green Bay,Tennessee Tech,1773.4277794623615,1660.0604484176497,12,16
2025_3400_3453,0.12353823703358018,3453,3400,WI Green Bay,Texas,1773.4277794623615,1971.253830593616,12,1
2025_3395_3453,0.24613593880623527,3453,3395,WI Green Bay,TCU,1773.4277794623615,1843.5690826914229,12,2
2025_3323_3453,0.20405455353002155,3453,3323,WI Green Bay,Notre Dame,1773.4277794623615,1880.3257336324496,12,3
2025_3326_3453,0.25182763104265055,3453,3326,WI Green Bay,Ohio St,1773.4277794623615,1838.9421792110422,12,4
2025_3397_3453,0.37381707893154154,3453,3397,WI Green Bay,Tennessee,1773.4277794623615,1751.8425070034982,12,5
2025_3276_3453,0.3858098444030854,3453,3276,WI Green Bay,Michigan,1773.4277794623615,1754.103120625063,12,6
2025_3257_3453,0.38395914806989895,3453,3257,WI Green Bay,Louisville,1773.4277794623615,1770.291352149283,12,7
2025_3228_3453,0.5176047712796547,3453,3228,WI Green Bay,Illinois,1773.4277794623615,1702.7194358808865,12,8
2025_3166_3453,0.297412222883116,3453,3166,WI Green Bay,Creighton,1773.4277794623615,1859.0974014739336,12,9
2025_3304_3453,0.5663978670061545,3453,3304,WI Green Bay,Nebraska,1773.4277794623615,1702.8172097273407,12,10
2025_3235_3453,0.5314905590048041,3453,3235,WI Green Bay,Iowa St,1773.4277794623615,1739.2557567978145,12,11
2025_3343_3453,0.4719398400573991,3453,3343,WI Green Bay,Princeton,1773.4277794623615,1775.506646128416,12,11
2025_3378_3453,0.6438712032700712,3453,3378,WI Green Bay,South Florida,1773.4277794623615,1683.410611086055,12,12
2025_3286_3453,0.6105746525941185,3453,3286,WI Green Bay,Montana St,1773.4277794623615,1720.0676852052384,12,13
2025_3372_3453,0.6488044066275401,3453,3372,WI Green Bay,SF Austin,1773.4277794623615,1710.1301229301325,12,14
2025_3192_3453,0.790539789888366,3453,3192,WI Green Bay,F Dickinson,1773.4277794623615,1616.5400097680608,12,15
2025_3219_3453,0.8715773752842232,3453,3219,WI Green Bay,High Point,1773.4277794623615,1542.3452372503477,12,16
2025_3453_3456,0.9072089918783441,3453,3456,WI Green Bay,William & Mary,1773.4277794623615,1486.8572709106484,12,16
2025_3417_3453,0.13308150342779063,3453,3417,WI Green Bay,UCLA,1773.4277794623615,1958.278979203148,12,1
2025_3301_3453,0.20055820126215965,3453,3301,WI Green Bay,NC State,1773.4277794623615,1883.6190284342556,12,2
2025_3261_3453,0.20891127987665,3453,3261,WI Green Bay,LSU,1773.4277794623615,1875.8199352842041,12,3
2025_3124_3453,0.27080483162763525,3453,3124,WI Green Bay,Baylor,1773.4277794623615,1823.9933602644464,12,4
2025_3279_3453,0.35438267118909617,3453,3279,WI Green Bay,Mississippi,1773.4277794623615,1764.6037249112856,12,5
2025_3199_3453,0.37362928116341837,3453,3199,WI Green Bay,Florida St,1773.4277794623615,1761.9644695309794,12,6
2025_3277_3453,0.47129638599395385,3453,3277,WI Green Bay,Michigan St,1773.4277794623615,1715.8991388129386,12,7
2025_3350_3453,0.3648132222794951,3453,3350,WI Green Bay,Richmond,1773.4277794623615,1797.7185869664368,12,8
2025_3210_3453,0.6161592740812887,3453,3210,WI Green Bay,Georgia Tech,1773.4277794623615,1656.4881012812837,12,9
2025_3217_3453,0.4508157113593789,3453,3217,WI Green Bay,Harvard,1773.4277794623615,1773.429450810923,12,10
2025_3206_3453,0.5076189005683961,3453,3206,WI Green Bay,George Mason,1773.4277794623615,1753.7950358153073,12,11
2025_3123_3453,0.5069204789406282,3453,3123,WI Green Bay,Ball St,1773.4277794623615,1769.2197745940423,12,12
2025_3213_3453,0.5435148786230776,3453,3213,WI Green Bay,Grand Canyon,1773.4277794623615,1761.903095765611,12,13
2025_3361_3453,0.7047645183343086,3453,3361,WI Green Bay,San Diego St,1773.4277794623615,1671.1713611028213,12,14
2025_3436_3453,0.7838594638090708,3453,3436,WI Green Bay,Vermont,1773.4277794623615,1622.6020859062485,12,15
2025_3380_3453,0.8631273706971331,3453,3380,WI Green Bay,Southern Univ,1773.4277794623615,1553.512381915605,12,16
2025_3453_3471,0.884051986833345,3453,3471,WI Green Bay,UC San Diego,1773.4277794623615,1524.6527067841912,12,16
2025_3425_3453,0.15272075845599878,3453,3425,WI Green Bay,USC,1773.4277794623615,1933.8727523760726,12,1
2025_3163_3453,0.12091180310215652,3453,3163,WI Green Bay,Connecticut,1773.4277794623615,1974.97509244384,12,2
2025_3328_3453,0.26844487399269407,3453,3328,WI Green Bay,Oklahoma,1773.4277794623615,1825.81495927408,12,3
2025_3246_3453,0.43630757426893785,3453,3246,WI Green Bay,Kentucky,1773.4277794623615,1712.3650858848432,12,4
2025_3243_3453,0.3596277927263232,3453,3243,WI Green Bay,Kansas St,1773.4277794623615,1761.130509058621,12,5
2025_3234_3453,0.28806709923195595,3453,3234,WI Green Bay,Iowa,1773.4277794623615,1820.9586709265081,12,6
2025_3329_3453,0.4390791041152592,3453,3329,WI Green Bay,Oklahoma St,1773.4277794623615,1735.6533768195266,12,7
2025_3143_3453,0.4678834059179531,3453,3143,WI Green Bay,California,1773.4277794623615,1732.981985453007,12,8
2025_3280_3453,0.5913059601315489,3453,3280,WI Green Bay,Mississippi St,1773.4277794623615,1672.2828961738294,12,9
2025_3355_3453,0.3533691445810965,3453,3355,WI Green Bay,S Dakota St,1773.4277794623615,1835.2775090793496,12,10
2025_3293_3453,0.6013601395326051,3453,3293,WI Green Bay,Murray St,1773.4277794623615,1695.9339089127072,12,11
2025_3193_3453,0.49322559524326537,3453,3193,WI Green Bay,Fairfield,1773.4277794623615,1777.546952772885,12,12
2025_3251_3453,0.5872739748174546,3453,3251,WI Green Bay,Liberty,1773.4277794623615,1734.815164305803,12,13
2025_3195_3453,0.4915392775499759,3453,3195,WI Green Bay,FGCU,1773.4277794623615,1808.5724936397603,12,14
2025_3117_3453,0.8217139638778966,3453,3117,WI Green Bay,Arkansas St,1773.4277794623615,1586.1666111780894,12,15
2025_3422_3453,0.7713594198139245,3453,3422,WI Green Bay,UNC Greensboro,1773.4277794623615,1648.591563566133,12,16
2025_3313_3333,0.6647617157937048,3313,3333,Norfolk St,Oregon St,1756.2144264957496,1667.1550896856745,13,14
2025_3250_3313,0.7104632635183439,3313,3250,Norfolk St,Lehigh,1756.2144264957496,1649.77114346928,13,15
2025_3313_3399,0.7167964160869505,3313,3399,Norfolk St,Tennessee Tech,1756.2144264957496,1660.0604484176497,13,16
2025_3313_3400,0.11179002723516133,3313,3400,Norfolk St,Texas,1756.2144264957496,1971.253830593616,13,1
2025_3313_3395,0.22573166329814062,3313,3395,Norfolk St,TCU,1756.2144264957496,1843.5690826914229,13,2
2025_3313_3323,0.18627676831726797,3313,3323,Norfolk St,Notre Dame,1756.2144264957496,1880.3257336324496,13,3
2025_3313_3326,0.2310961629681874,3313,3326,Norfolk St,Ohio St,1756.2144264957496,1838.9421792110422,13,4
2025_3313_3397,0.347710236270496,3313,3397,Norfolk St,Tennessee,1756.2144264957496,1751.8425070034982,13,5
2025_3276_3313,0.3443447988007562,3313,3276,Norfolk St,Michigan,1756.2144264957496,1754.103120625063,13,6
2025_3257_3313,0.3352124974772441,3313,3257,Norfolk St,Louisville,1756.2144264957496,1770.291352149283,13,7
2025_3228_3313,0.4646895107192496,3313,3228,Norfolk St,Illinois,1756.2144264957496,1702.7194358808865,13,8
2025_3166_3313,0.25510331974675904,3313,3166,Norfolk St,Creighton,1756.2144264957496,1859.0974014739336,13,9
2025_3304_3313,0.5138074216075621,3313,3304,Norfolk St,Nebraska,1756.2144264957496,1702.8172097273407,13,10
2025_3235_3313,0.47856402425005384,3313,3235,Norfolk St,Iowa St,1756.2144264957496,1739.2557567978145,13,11
2025_3313_3343,0.4196319699439402,3313,3343,Norfolk St,Princeton,1756.2144264957496,1775.506646128416,13,11
2025_3313_3378,0.5939407741045687,3313,3378,Norfolk St,South Florida,1756.2144264957496,1683.410611086055,13,12
2025_3286_3313,0.5591720902543504,3313,3286,Norfolk St,Montana St,1756.2144264957496,1720.0676852052384,13,13
2025_3313_3372,0.5991350165916778,3313,3372,Norfolk St,SF Austin,1756.2144264957496,1710.1301229301325,13,14
2025_3192_3313,0.7532936796455192,3313,3192,Norfolk St,F Dickinson,1756.2144264957496,1616.5400097680608,13,15
2025_3219_3313,0.8459329741427944,3313,3219,Norfolk St,High Point,1756.2144264957496,1542.3452372503477,13,16
2025_3313_3456,0.8877635301848954,3313,3456,Norfolk St,William & Mary,1756.2144264957496,1486.8572709106484,13,16
2025_3313_3417,0.1205505759565456,3313,3417,Norfolk St,UCLA,1756.2144264957496,1958.278979203148,13,1
2025_3301_3313,0.18301498711909764,3313,3301,Norfolk St,NC State,1756.2144264957496,1883.6190284342556,13,2
2025_3261_3313,0.19081180063776504,3313,3261,Norfolk St,LSU,1756.2144264957496,1875.8199352842041,13,3
2025_3124_3313,0.2490310925743314,3313,3124,Norfolk St,Baylor,1756.2144264957496,1823.9933602644464,13,4
2025_3279_3313,0.3289201547695545,3313,3279,Norfolk St,Mississippi,1756.2144264957496,1764.6037249112856,13,5
2025_3199_3313,0.3327640787041483,3313,3199,Norfolk St,Florida St,1756.2144264957496,1761.9644695309794,13,6
2025_3277_3313,0.4190032446935436,3313,3277,Norfolk St,Michigan St,1756.2144264957496,1715.8991388129386,13,7
2025_3313_3350,0.31724553531093946,3313,3350,Norfolk St,Richmond,1756.2144264957496,1797.7185869664368,13,8
2025_3210_3313,0.5649686453230854,3313,3210,Norfolk St,Georgia Tech,1756.2144264957496,1656.4881012812837,13,9
2025_3217_3313,0.39907971434848993,3313,3217,Norfolk St,Harvard,1756.2144264957496,1773.429450810923,13,10
2025_3206_3313,0.4547621183935303,3313,3206,Norfolk St,George Mason,1756.2144264957496,1753.7950358153073,13,11
2025_3123_3313,0.4540693553940296,3313,3123,Norfolk St,Ball St,1756.2144264957496,1769.2197745940423,13,12
2025_3213_3313,0.4906449168323323,3313,3213,Norfolk St,Grand Canyon,1756.2144264957496,1761.903095765611,13,13
2025_3313_3361,0.6588480100580104,3313,3361,Norfolk St,San Diego St,1756.2144264957496,1671.1713611028213,13,14
2025_3313_3436,0.7458074198165513,3313,3436,Norfolk St,Vermont,1756.2144264957496,1622.6020859062485,13,15
2025_3313_3380,0.8361128917246923,3313,3380,Norfolk St,Southern Univ,1756.2144264957496,1553.512381915605,13,16
2025_3313_3471,0.8604999101636233,3313,3471,Norfolk St,UC San Diego,1756.2144264957496,1524.6527067841912,13,16
2025_3313_3425,0.13863632856224986,3313,3425,Norfolk St,USC,1756.2144264957496,1933.8727523760726,13,1
2025_3163_3313,0.10938219031417147,3313,3163,Norfolk St,Connecticut,1756.2144264957496,1974.97509244384,13,2
2025_3313_3328,0.24679666362532468,3313,3328,Norfolk St,Oklahoma,1756.2144264957496,1825.81495927408,13,3
2025_3246_3313,0.4086848567234056,3313,3246,Norfolk St,Kentucky,1756.2144264957496,1712.3650858848432,13,4
2025_3243_3313,0.3339833673838888,3313,3243,Norfolk St,Kansas St,1756.2144264957496,1761.130509058621,13,5
2025_3234_3313,0.25278345191661644,3313,3234,Norfolk St,Iowa,1756.2144264957496,1820.9586709265081,13,6
2025_3313_3329,0.38773905994359803,3313,3329,Norfolk St,Oklahoma St,1756.2144264957496,1735.6533768195266,13,7
2025_3143_3313,0.4156712254566194,3313,3143,Norfolk St,California,1756.2144264957496,1732.981985453007,13,8
2025_3280_3313,0.5392791717862554,3313,3280,Norfolk St,Mississippi St,1756.2144264957496,1672.2828961738294,13,9
2025_3313_3355,0.30657343752868643,3313,3355,Norfolk St,S Dakota St,1756.2144264957496,1835.2775090793496,13,10
2025_3293_3313,0.5496384291791877,3313,3293,Norfolk St,Murray St,1756.2144264957496,1695.9339089127072,13,11
2025_3193_3313,0.44052664981840295,3313,3193,Norfolk St,Fairfield,1756.2144264957496,1777.546952772885,13,12
2025_3251_3313,0.535137429648961,3313,3251,Norfolk St,Liberty,1756.2144264957496,1734.815164305803,13,13
2025_3195_3313,0.4388644764082682,3313,3195,Norfolk St,FGCU,1756.2144264957496,1808.5724936397603,13,14
2025_3117_3313,0.7885283608785452,3313,3117,Norfolk St,Arkansas St,1756.2144264957496,1586.1666111780894,13,15
2025_3313_3422,0.7318595103499348,3313,3422,Norfolk St,UNC Greensboro,1756.2144264957496,1648.591563566133,13,16
2025_3250_3333,0.5530614433808971,3333,3250,Oregon St,Lehigh,1667.1550896856745,1649.77114346928,14,15
2025_3333_3399,0.5607086982701226,3333,3399,Oregon St,Tennessee Tech,1667.1550896856745,1660.0604484176497,14,16
2025_3333_3400,0.06546761569795015,3333,3400,Oregon St,Texas,1667.1550896856745,1971.253830593616,14,1
2025_3333_3395,0.13961679340206326,3333,3395,Oregon St,TCU,1667.1550896856745,1843.5690826914229,14,2
2025_3323_3333,0.1130165967235831,3333,3323,Oregon St,Notre Dame,1667.1550896856745,1880.3257336324496,14,3
2025_3326_3333,0.14331357893149027,3333,3326,Oregon St,Ohio St,1667.1550896856745,1838.9421792110422,14,4
2025_3333_3397,0.2288132720485708,3333,3397,Oregon St,Tennessee,1667.1550896856745,1751.8425070034982,14,5
2025_3276_3333,0.2261995540642656,3333,3276,Oregon St,Michigan,1667.1550896856745,1754.103120625063,14,6
2025_3257_3333,0.20810339287351126,3333,3257,Oregon St,Louisville,1667.1550896856745,1770.291352149283,14,7
2025_3228_3333,0.3044778432776898,3333,3228,Oregon St,Illinois,1667.1550896856745,1702.7194358808865,14,8
2025_3166_3333,0.1472714273119527,3333,3166,Oregon St,Creighton,1667.1550896856745,1859.0974014739336,14,9
2025_3304_3333,0.3476594467075076,3333,3304,Oregon St,Nebraska,1667.1550896856745,1702.8172097273407,14,10
2025_3235_3333,0.3163961376106846,3333,3235,Oregon St,Iowa St,1667.1550896856745,1739.2557567978145,14,11
2025_3333_3343,0.26720076768817375,3333,3343,Oregon St,Princeton,1667.1550896856745,1775.506646128416,14,11
2025_3333_3378,0.424505063154097,3333,3378,Oregon St,South Florida,1667.1550896856745,1683.410611086055,14,12
2025_3286_3333,0.3901255819509932,3333,3286,Oregon St,Montana St,1667.1550896856745,1720.0676852052384,14,13
2025_3333_3372,0.4297858883759219,3333,3372,Oregon St,SF Austin,1667.1550896856745,1710.1301229301325,14,14
2025_3192_3333,0.6062722453575405,3333,3192,Oregon St,F Dickinson,1667.1550896856745,1616.5400097680608,14,15
2025_3219_3333,0.7346735526593721,3333,3219,Oregon St,High Point,1667.1550896856745,1542.3452372503477,14,16
2025_3333_3456,0.7995541862095995,3333,3456,Oregon St,William & Mary,1667.1550896856745,1486.8572709106484,14,16
2025_3333_3417,0.07088777532761581,3333,3417,Oregon St,UCLA,1667.1550896856745,1958.278979203148,14,1
2025_3301_3333,0.1108628579925181,3333,3301,Oregon St,NC State,1667.1550896856745,1883.6190284342556,14,2
2025_3261_3333,0.11602236608349684,3333,3261,Oregon St,LSU,1667.1550896856745,1875.8199352842041,14,3
2025_3124_3333,0.1558164346714578,3333,3124,Oregon St,Baylor,1667.1550896856745,1823.9933602644464,14,4
2025_3279_3333,0.21433707577788744,3333,3279,Oregon St,Mississippi,1667.1550896856745,1764.6037249112856,14,5
2025_3199_3333,0.21727547717614035,3333,3199,Oregon St,Florida St,1667.1550896856745,1761.9644695309794,14,6
2025_3277_3333,0.27317770088921045,3333,3277,Oregon St,Michigan St,1667.1550896856745,1715.8991388129386,14,7
2025_3333_3350,0.1898405846705834,3333,3350,Oregon St,Richmond,1667.1550896856745,1797.7185869664368,14,8
2025_3210_3333,0.3957429140645927,3333,3210,Oregon St,Georgia Tech,1667.1550896856745,1656.4881012812837,14,9
2025_3217_3333,0.25088681485873554,3333,3217,Oregon St,Harvard,1667.1550896856745,1773.429450810923,14,10
2025_3206_3333,0.2960800483765756,3333,3206,Oregon St,George Mason,1667.1550896856745,1753.7950358153073,14,11
2025_3123_3333,0.295498006410047,3333,3123,Oregon St,Ball St,1667.1550896856745,1769.2197745940423,14,12
2025_3213_3333,0.3269501293246309,3333,3213,Oregon St,Grand Canyon,1667.1550896856745,1761.903095765611,14,13
2025_3333_3361,0.4933948080632066,3333,3361,Oregon St,San Diego St,1667.1550896856745,1671.1713611028213,14,14
2025_3333_3436,0.5967130900865623,3333,3436,Oregon St,Vermont,1667.1550896856745,1622.6020859062485,14,15
2025_3333_3380,0.7201082720548994,3333,3380,Oregon St,Southern Univ,1667.1550896856745,1553.512381915605,14,16
2025_3333_3471,0.7567348977955934,3333,3471,Oregon St,UC San Diego,1667.1550896856745,1524.6527067841912,14,16
2025_3333_3425,0.08221936866314786,3333,3425,Oregon St,USC,1667.1550896856745,1933.8727523760726,14,1
2025_3163_3333,0.06398563799688717,3333,3163,Oregon St,Connecticut,1667.1550896856745,1974.97509244384,14,2
2025_3328_3333,0.15424658609819109,3333,3328,Oregon St,Oklahoma,1667.1550896856745,1825.81495927408,14,3
2025_3246_3333,0.27781826597124804,3333,3246,Oregon St,Kentucky,1667.1550896856745,1712.3650858848432,14,4
2025_3243_3333,0.2182099912710212,3333,3243,Oregon St,Kansas St,1667.1550896856745,1761.130509058621,14,5
2025_3234_3333,0.15846062110216722,3333,3234,Oregon St,Iowa,1667.1550896856745,1820.9586709265081,14,6
2025_3329_3333,0.24814709894474601,3333,3329,Oregon St,Oklahoma St,1667.1550896856745,1735.6533768195266,14,7
2025_3143_3333,0.26402424328692026,3333,3143,Oregon St,California,1667.1550896856745,1732.981985453007,14,8
2025_3280_3333,0.3711827886802468,3333,3280,Oregon St,Mississippi St,1667.1550896856745,1672.2828961738294,14,9
2025_3333_3355,0.182309950007379,3333,3355,Oregon St,S Dakota St,1667.1550896856745,1835.2775090793496,14,10
2025_3293_3333,0.38098319143505854,3333,3293,Oregon St,Murray St,1667.1550896856745,1695.9339089127072,14,11
2025_3193_3333,0.28422248994407245,3333,3193,Oregon St,Fairfield,1667.1550896856745,1777.546952772885,14,12
2025_3251_3333,0.36730281695072753,3333,3251,Oregon St,Liberty,1667.1550896856745,1734.815164305803,14,13
2025_3195_3333,0.28285191223100187,3333,3195,Oregon St,FGCU,1667.1550896856745,1808.5724936397603,14,14
2025_3117_3333,0.6528273288308282,3333,3117,Oregon St,Arkansas St,1667.1550896856745,1586.1666111780894,14,15
2025_3333_3422,0.5792000615789566,3333,3422,Oregon St,UNC Greensboro,1667.1550896856745,1648.591563566133,14,16
2025_3250_3399,0.5077470772550107,3250,3399,Lehigh,Tennessee Tech,1649.77114346928,1660.0604484176497,15,16
2025_3250_3400,0.058808709682228025,3250,3400,Lehigh,Texas,1649.77114346928,1971.253830593616,15,1
2025_3250_3395,0.12643632984058836,3250,3395,Lehigh,TCU,1649.77114346928,1843.5690826914229,15,2
2025_3250_3323,0.10204946396917842,3250,3323,Lehigh,Notre Dame,1649.77114346928,1880.3257336324496,15,3
2025_3250_3326,0.12983678704060309,3250,3326,Lehigh,Ohio St,1649.77114346928,1838.9421792110422,15,4
2025_3250_3397,0.20926027982497228,3250,3397,Lehigh,Tennessee,1649.77114346928,1751.8425070034982,15,5
2025_3250_3276,0.20681001761942425,3250,3276,Lehigh,Michigan,1649.77114346928,1754.103120625063,15,6
2025_3250_3257,0.18988438920800965,3250,3257,Lehigh,Louisville,1649.77114346928,1770.291352149283,15,7
2025_3228_3250,0.26772055765701275,3250,3228,Lehigh,Illinois,1649.77114346928,1702.7194358808865,15,8
2025_3166_3250,0.12247355722778333,3250,3166,Lehigh,Creighton,1649.77114346928,1859.0974014739336,15,9
2025_3250_3304,0.3010313826861227,3250,3304,Lehigh,Nebraska,1649.77114346928,1702.8172097273407,15,10
2025_3235_3250,0.2722114201526578,3250,3235,Lehigh,Iowa St,1649.77114346928,1739.2557567978145,15,11
2025_3250_3343,0.22759884337174918,3250,3343,Lehigh,Princeton,1649.77114346928,1775.506646128416,15,11
2025_3250_3378,0.3734710539697716,3250,3378,Lehigh,South Florida,1649.77114346928,1683.410611086055,15,12
2025_3250_3286,0.34077727319895496,3250,3286,Lehigh,Montana St,1649.77114346928,1720.0676852052384,15,13
2025_3250_3372,0.3785346011312521,3250,3372,Lehigh,SF Austin,1649.77114346928,1710.1301229301325,15,14
2025_3192_3250,0.5544387125911057,3250,3192,Lehigh,F Dickinson,1649.77114346928,1616.5400097680608,15,15
2025_3219_3250,0.6911321070426638,3250,3219,Lehigh,High Point,1649.77114346928,1542.3452372503477,15,16
2025_3250_3456,0.7632285817751259,3250,3456,Lehigh,William & Mary,1649.77114346928,1486.8572709106484,15,16
2025_3250_3417,0.06371515567418617,3250,3417,Lehigh,UCLA,1649.77114346928,1958.278979203148,15,1
2025_3250_3301,0.1000811420857119,3250,3301,Lehigh,NC State,1649.77114346928,1883.6190284342556,15,2
2025_3250_3261,0.1047980156986245,3250,3261,Lehigh,LSU,1649.77114346928,1875.8199352842041,15,3
2025_3124_3250,0.14135791280667442,3250,3124,Lehigh,Baylor,1649.77114346928,1823.9933602644464,15,4
2025_3250_3279,0.1957072006841575,3250,3279,Lehigh,Mississippi,1649.77114346928,1764.6037249112856,15,5
2025_3199_3250,0.19845471364443382,3250,3199,Lehigh,Florida St,1649.77114346928,1761.9644695309794,15,6
2025_3250_3277,0.2510678307215524,3250,3277,Lehigh,Michigan St,1649.77114346928,1715.8991388129386,15,7
2025_3250_3350,0.16366600544308998,3250,3350,Lehigh,Richmond,1649.77114346928,1797.7185869664368,15,8
2025_3210_3250,0.34608727092258756,3250,3210,Lehigh,Georgia Tech,1649.77114346928,1656.4881012812837,15,9
2025_3217_3250,0.21299998652414218,3250,3217,Lehigh,Harvard,1649.77114346928,1773.429450810923,15,10
2025_3206_3250,0.25367963321375125,3250,3206,Lehigh,George Mason,1649.77114346928,1753.7950358153073,15,11
2025_3123_3250,0.2531509672462631,3250,3123,Lehigh,Ball St,1649.77114346928,1769.2197745940423,15,12
2025_3213_3250,0.28189932812911883,3250,3213,Lehigh,Grand Canyon,1649.77114346928,1761.903095765611,15,13
2025_3250_3361,0.44041689567054726,3250,3361,Lehigh,San Diego St,1649.77114346928,1671.1713611028213,15,14
2025_3250_3436,0.5445664599609832,3250,3436,Lehigh,Vermont,1649.77114346928,1622.6020859062485,15,15
2025_3250_3380,0.6752332072600538,3250,3380,Lehigh,Southern Univ,1649.77114346928,1553.512381915605,15,16
2025_3250_3471,0.7154114156729668,3250,3471,Lehigh,UC San Diego,1649.77114346928,1524.6527067841912,15,16
2025_3250_3425,0.07399149576780764,3250,3425,Lehigh,USC,1649.77114346928,1933.8727523760726,15,1
2025_3163_3250,0.057468198951053234,3250,3163,Lehigh,Connecticut,1649.77114346928,1974.97509244384,15,2
2025_3250_3328,0.13990959133566705,3250,3328,Lehigh,Oklahoma,1649.77114346928,1825.81495927408,15,3
2025_3246_3250,0.2554648200954219,3250,3246,Lehigh,Kentucky,1649.77114346928,1712.3650858848432,15,4
2025_3243_3250,0.19932889311501542,3250,3243,Lehigh,Kansas St,1649.77114346928,1761.130509058621,15,5
2025_3234_3250,0.14379853444435672,3250,3234,Lehigh,Iowa,1649.77114346928,1820.9586709265081,15,6
2025_3250_3329,0.22742918810123222,3250,3329,Lehigh,Oklahoma St,1649.77114346928,1735.6533768195266,15,7
2025_3143_3250,0.2305319170389376,3250,3143,Lehigh,California,1649.77114346928,1732.981985453007,15,8
2025_3250_3280,0.3229617324029932,3250,3280,Lehigh,Mississippi St,1649.77114346928,1672.2828961738294,15,9
2025_3250_3355,0.15266850342933233,3250,3355,Lehigh,S Dakota St,1649.77114346928,1835.2775090793496,15,10
2025_3250_3293,0.33216148564732184,3250,3293,Lehigh,Murray St,1649.77114346928,1695.9339089127072,15,11
2025_3193_3250,0.24293411513377272,3250,3193,Lehigh,Fairfield,1649.77114346928,1777.546952772885,15,12
2025_3250_3251,0.3193298430753414,3250,3251,Lehigh,Liberty,1649.77114346928,1734.815164305803,15,13
2025_3195_3250,0.24169540818559807,3250,3195,Lehigh,FGCU,1649.77114346928,1808.5724936397603,15,14
2025_3117_3250,0.6031104752570242,3250,3117,Lehigh,Arkansas St,1649.77114346928,1586.1666111780894,15,15
2025_3250_3422,0.5265855175128692,3250,3422,Lehigh,UNC Greensboro,1649.77114346928,1648.591563566133,15,16
2025_3399_3400,0.06266926793935998,3399,3400,Tennessee Tech,Texas,1660.0604484176497,1971.253830593616,16,1
2025_3395_3399,0.13410382141106703,3399,3395,Tennessee Tech,TCU,1660.0604484176497,1843.5690826914229,16,2
2025_3323_3399,0.10842161211003919,3399,3323,Tennessee Tech,Notre Dame,1660.0604484176497,1880.3257336324496,16,3
2025_3326_3399,0.13767799249306778,3399,3326,Tennessee Tech,Ohio St,1660.0604484176497,1838.9421792110422,16,4
2025_3397_3399,0.2206816266715862,3399,3397,Tennessee Tech,Tennessee,1660.0604484176497,1751.8425070034982,16,5
2025_3276_3399,0.21813452222935031,3399,3276,Tennessee Tech,Michigan,1660.0604484176497,1754.103120625063,16,6
2025_3257_3399,0.2005163762267739,3399,3257,Tennessee Tech,Louisville,1660.0604484176497,1770.291352149283,16,7
2025_3228_3399,0.28119797315209166,3399,3228,Tennessee Tech,Illinois,1660.0604484176497,1702.7194358808865,16,8
2025_3166_3399,0.12267825734406744,3399,3166,Tennessee Tech,Creighton,1660.0604484176497,1859.0974014739336,16,9
2025_3304_3399,0.29455104227492157,3399,3304,Tennessee Tech,Nebraska,1660.0604484176497,1702.8172097273407,16,10
2025_3235_3399,0.2661152843300192,3399,3235,Tennessee Tech,Iowa St,1660.0604484176497,1739.2557567978145,16,11
2025_3343_3399,0.22219677294575602,3399,3343,Tennessee Tech,Princeton,1660.0604484176497,1775.506646128416,16,11
2025_3378_3399,0.3662484057587919,3399,3378,Tennessee Tech,South Florida,1660.0604484176497,1683.410611086055,16,12
2025_3286_3399,0.333849987261403,3399,3286,Tennessee Tech,Montana St,1660.0604484176497,1720.0676852052384,16,13
2025_3372_3399,0.3712720567961555,3399,3372,Tennessee Tech,SF Austin,1660.0604484176497,1710.1301229301325,16,14
2025_3192_3399,0.5467705355293504,3399,3192,Tennessee Tech,F Dickinson,1660.0604484176497,1616.5400097680608,16,15
2025_3219_3399,0.6844776653194384,3399,3219,Tennessee Tech,High Point,1660.0604484176497,1542.3452372503477,16,16
2025_3399_3456,0.7575826080784253,3399,3456,Tennessee Tech,William & Mary,1660.0604484176497,1486.8572709106484,16,16
2025_3399_3417,0.06787457500718411,3399,3417,Tennessee Tech,UCLA,1660.0604484176497,1958.278979203148,16,1
2025_3301_3399,0.10634494053030977,3399,3301,Tennessee Tech,NC State,1660.0604484176497,1883.6190284342556,16,2
2025_3261_3399,0.11132051166652321,3399,3261,Tennessee Tech,LSU,1660.0604484176497,1875.8199352842041,16,3
2025_3124_3399,0.14977514915807724,3399,3124,Tennessee Tech,Baylor,1660.0604484176497,1823.9933602644464,16,4
2025_3279_3399,0.20658207919791233,3399,3279,Tennessee Tech,Mississippi,1660.0604484176497,1764.6037249112856,16,5
2025_3199_3399,0.20944250695504593,3399,3199,Tennessee Tech,Florida St,1660.0604484176497,1761.9644695309794,16,6
2025_3277_3399,0.26400916572038263,3399,3277,Tennessee Tech,Michigan St,1660.0604484176497,1715.8991388129386,16,7
2025_3350_3399,0.1731437305872129,3399,3350,Tennessee Tech,Richmond,1660.0604484176497,1797.7185869664368,16,8
2025_3210_3399,0.3465181307802115,3399,3210,Tennessee Tech,Georgia Tech,1660.0604484176497,1656.4881012812837,16,9
2025_3217_3399,0.20785117721719856,3399,3217,Tennessee Tech,Harvard,1660.0604484176497,1773.429450810923,16,10
2025_3206_3399,0.24785717516236572,3399,3206,Tennessee Tech,George Mason,1660.0604484176497,1753.7950358153073,16,11
2025_3123_3399,0.24733662185395394,3399,3123,Tennessee Tech,Ball St,1660.0604484176497,1769.2197745940423,16,12
2025_3213_3399,0.27566841184410895,3399,3213,Tennessee Tech,Grand Canyon,1660.0604484176497,1761.903095765611,16,13
2025_3361_3399,0.4327939063791094,3399,3361,Tennessee Tech,San Diego St,1660.0604484176497,1671.1713611028213,16,14
2025_3399_3436,0.5368703020396292,3399,3436,Tennessee Tech,Vermont,1660.0604484176497,1622.6020859062485,16,15
2025_3380_3399,0.6684005755733822,3399,3380,Tennessee Tech,Southern Univ,1660.0604484176497,1553.512381915605,16,16
2025_3399_3471,0.7090598622351761,3399,3471,Tennessee Tech,UC San Diego,1660.0604484176497,1524.6527067841912,16,16
2025_3399_3425,0.07876533382581442,3399,3425,Tennessee Tech,USC,1660.0604484176497,1933.8727523760726,16,1
2025_3163_3399,0.06124648440641635,3399,3163,Tennessee Tech,Connecticut,1660.0604484176497,1974.97509244384,16,2
2025_3328_3399,0.1482554771967517,3399,3328,Tennessee Tech,Oklahoma,1660.0604484176497,1825.81495927408,16,3
2025_3246_3399,0.26855152899257306,3399,3246,Tennessee Tech,Kentucky,1660.0604484176497,1712.3650858848432,16,4
2025_3243_3399,0.21035238499501377,3399,3243,Tennessee Tech,Kansas St,1660.0604484176497,1761.130509058621,16,5
2025_3234_3399,0.15233531569579495,3399,3234,Tennessee Tech,Iowa,1660.0604484176497,1820.9586709265081,16,6
2025_3329_3399,0.2395417821409269,3399,3329,Tennessee Tech,Oklahoma St,1660.0604484176497,1735.6533768195266,16,7
2025_3143_3399,0.2427578343473066,3399,3143,Tennessee Tech,California,1660.0604484176497,1732.981985453007,16,8
2025_3280_3399,0.32337803969668555,3399,3280,Tennessee Tech,Mississippi St,1660.0604484176497,1672.2828961738294,16,9
2025_3355_3399,0.1487025167780135,3399,3355,Tennessee Tech,S Dakota St,1660.0604484176497,1835.2775090793496,16,10
2025_3293_3399,0.3253229094857634,3399,3293,Tennessee Tech,Murray St,1660.0604484176497,1695.9339089127072,16,11
2025_3193_3399,0.237279876126868,3399,3193,Tennessee Tech,Fairfield,1660.0604484176497,1777.546952772885,16,12
2025_3251_3399,0.3126317772912593,3399,3251,Tennessee Tech,Liberty,1660.0604484176497,1734.815164305803,16,13
2025_3195_3399,0.23606101012306915,3399,3195,Tennessee Tech,FGCU,1660.0604484176497,1808.5724936397603,16,14
2025_3117_3399,0.5956690816954346,3399,3117,Tennessee Tech,Arkansas St,1660.0604484176497,1586.1666111780894,16,15
2025_3399_3422,0.5188539729192851,3399,3422,Tennessee Tech,UNC Greensboro,1660.0604484176497,1648.591563566133,16,16
2025_3395_3400,0.7188362804523059,3400,3395,Texas,TCU,1971.253830593616,1843.5690826914229,1,2
2025_3323_3400,0.689024676931356,3400,3323,Texas,Notre Dame,1971.253830593616,1880.3257336324496,1,3
2025_3326_3400,0.7625118772354085,3400,3326,Texas,Ohio St,1971.253830593616,1838.9421792110422,1,4
2025_3397_3400,0.8627351267054615,3400,3397,Texas,Tennessee,1971.253830593616,1751.8425070034982,1,5
2025_3276_3400,0.872361888518296,3400,3276,Texas,Michigan,1971.253830593616,1754.103120625063,1,6
2025_3257_3400,0.8714889381697872,3400,3257,Texas,Louisville,1971.253830593616,1770.291352149283,1,7
2025_3228_3400,0.9186780254888237,3400,3228,Texas,Illinois,1971.253830593616,1702.7194358808865,1,8
2025_3166_3400,0.8015066710666007,3400,3166,Texas,Creighton,1971.253830593616,1859.0974014739336,1,9
2025_3304_3400,0.918629957212577,3400,3304,Texas,Nebraska,1971.253830593616,1702.8172097273407,1,10
2025_3235_3400,0.8988174604755383,3400,3235,Texas,Iowa St,1971.253830593616,1739.2557567978145,1,11
2025_3343_3400,0.8749732807011188,3400,3343,Texas,Princeton,1971.253830593616,1775.506646128416,1,11
2025_3378_3400,0.9276774831866395,3400,3378,Texas,South Florida,1971.253830593616,1683.410611086055,1,12
2025_3286_3400,0.9097337652459992,3400,3286,Texas,Montana St,1971.253830593616,1720.0676852052384,1,13
2025_3372_3400,0.9149605670953208,3400,3372,Texas,SF Austin,1971.253830593616,1710.1301229301325,1,14
2025_3192_3400,0.9521876385633308,3400,3192,Texas,F Dickinson,1971.253830593616,1616.5400097680608,1,15
2025_3219_3400,0.9701014755482323,3400,3219,Texas,High Point,1971.253830593616,1542.3452372503477,1,16
2025_3400_3456,0.9790539484990988,3400,3456,Texas,William & Mary,1971.253830593616,1486.8572709106484,1,16
2025_3400_3417,0.5213268375846671,3400,3417,Texas,UCLA,1971.253830593616,1958.278979203148,1,1
2025_3301_3400,0.6626699733805814,3400,3301,Texas,NC State,1971.253830593616,1883.6190284342556,1,2
2025_3261_3400,0.6953403817049184,3400,3261,Texas,LSU,1971.253830593616,1875.8199352842041,1,3
2025_3124_3400,0.7798591881427864,3400,3124,Texas,Baylor,1971.253830593616,1823.9933602644464,1,4
2025_3279_3400,0.8524869928463175,3400,3279,Texas,Mississippi,1971.253830593616,1764.6037249112856,1,5
2025_3199_3400,0.866491480572841,3400,3199,Texas,Florida St,1971.253830593616,1761.9644695309794,1,6
2025_3277_3400,0.9065334635806211,3400,3277,Texas,Michigan St,1971.253830593616,1715.8991388129386,1,7
2025_3350_3400,0.8580926431348715,3400,3350,Texas,Richmond,1971.253830593616,1797.7185869664368,1,8
2025_3210_3400,0.9386971641976098,3400,3210,Texas,Georgia Tech,1971.253830593616,1656.4881012812837,1,9
2025_3217_3400,0.8764605724076253,3400,3217,Texas,Harvard,1971.253830593616,1773.429450810923,1,10
2025_3206_3400,0.8897806537293369,3400,3206,Texas,George Mason,1971.253830593616,1753.7950358153073,1,11
2025_3123_3400,0.8794281517740578,3400,3123,Texas,Ball St,1971.253830593616,1769.2197745940423,1,12
2025_3213_3400,0.8844396233718398,3400,3213,Texas,Grand Canyon,1971.253830593616,1761.903095765611,1,13
2025_3361_3400,0.9328971456225935,3400,3361,Texas,San Diego St,1971.253830593616,1671.1713611028213,1,14
2025_3400_3436,0.9503388952381854,3400,3436,Texas,Vermont,1971.253830593616,1622.6020859062485,1,15
2025_3380_3400,0.9678954085420575,3400,3380,Texas,Southern Univ,1971.253830593616,1553.512381915605,1,16
2025_3400_3471,0.9732989249730084,3400,3471,Texas,UC San Diego,1971.253830593616,1524.6527067841912,1,16
2025_3400_3425,0.5611728038314461,3400,3425,Texas,USC,1971.253830593616,1933.8727523760726,1,1
2025_3163_3400,0.5185416752968064,3400,3163,Texas,Connecticut,1971.253830593616,1974.97509244384,1,2
2025_3328_3400,0.7602735460648493,3400,3328,Texas,Oklahoma,1971.253830593616,1825.81495927408,1,3
2025_3246_3400,0.8807159671304743,3400,3246,Texas,Kentucky,1971.253830593616,1712.3650858848432,1,4
2025_3243_3400,0.855337321038317,3400,3243,Texas,Kansas St,1971.253830593616,1761.130509058621,1,5
2025_3234_3400,0.8149008881375424,3400,3234,Texas,Iowa,1971.253830593616,1820.9586709265081,1,6
2025_3329_3400,0.8949249499968583,3400,3329,Texas,Oklahoma St,1971.253830593616,1735.6533768195266,1,7
2025_3143_3400,0.9025098042586538,3400,3143,Texas,California,1971.253830593616,1732.981985453007,1,8
2025_3280_3400,0.932437925814017,3400,3280,Texas,Mississippi St,1971.253830593616,1672.2828961738294,1,9
2025_3355_3400,0.8252665071159397,3400,3355,Texas,S Dakota St,1971.253830593616,1835.2775090793496,1,10
2025_3293_3400,0.9219513540265994,3400,3293,Texas,Murray St,1971.253830593616,1695.9339089127072,1,11
2025_3193_3400,0.8734974872874643,3400,3193,Texas,Fairfield,1971.253830593616,1777.546952772885,1,12
2025_3251_3400,0.901443519000495,3400,3251,Texas,Liberty,1971.253830593616,1734.815164305803,1,13
2025_3195_3400,0.8491733012247191,3400,3195,Texas,FGCU,1971.253830593616,1808.5724936397603,1,14
2025_3117_3400,0.9605055216654043,3400,3117,Texas,Arkansas St,1971.253830593616,1586.1666111780894,1,15
2025_3400_3422,0.9416193536339259,3400,3422,Texas,UNC Greensboro,1971.253830593616,1648.591563566133,1,16
2025_3323_3395,0.46427772323464644,3395,3323,TCU,Notre Dame,1843.5690826914229,1880.3257336324496,2,3
2025_3326_3395,0.556705977879502,3395,3326,TCU,Ohio St,1843.5690826914229,1838.9421792110422,2,4
2025_3395_3397,0.7108464920431445,3395,3397,TCU,Tennessee,1843.5690826914229,1751.8425070034982,2,5
2025_3276_3395,0.7277642701480124,3395,3276,TCU,Michigan,1843.5690826914229,1754.103120625063,2,6
2025_3257_3395,0.7262127540363994,3395,3257,TCU,Louisville,1843.5690826914229,1770.291352149283,2,7
2025_3228_3395,0.820349476921742,3395,3228,TCU,Illinois,1843.5690826914229,1702.7194358808865,2,8
2025_3166_3395,0.6354624703852464,3395,3166,TCU,Creighton,1843.5690826914229,1859.0974014739336,2,9
2025_3304_3395,0.8297507655931752,3395,3304,TCU,Nebraska,1843.5690826914229,1702.8172097273407,2,10
2025_3235_3395,0.7931698534692304,3395,3235,TCU,Iowa St,1843.5690826914229,1739.2557567978145,2,11
2025_3343_3395,0.7513175473777429,3395,3343,TCU,Princeton,1843.5690826914229,1775.506646128416,2,11
2025_3378_3395,0.8470351891169474,3395,3378,TCU,South Florida,1843.5690826914229,1683.410611086055,2,12
2025_3286_3395,0.8131142629221997,3395,3286,TCU,Montana St,1843.5690826914229,1720.0676852052384,2,13
2025_3372_3395,0.8228462876426803,3395,3372,TCU,SF Austin,1843.5690826914229,1710.1301229301325,2,14
2025_3192_3395,0.8958054677966977,3395,3192,TCU,F Dickinson,1843.5690826914229,1616.5400097680608,2,15
2025_3219_3395,0.933365678063016,3395,3219,TCU,High Point,1843.5690826914229,1542.3452372503477,2,16
2025_3395_3456,0.9527825111920657,3395,3456,TCU,William & Mary,1843.5690826914229,1486.8572709106484,2,16
2025_3395_3417,0.298733240176498,3395,3417,TCU,UCLA,1843.5690826914229,1958.278979203148,2,1
2025_3301_3395,0.4345081538993483,3395,3301,TCU,NC State,1843.5690826914229,1883.6190284342556,2,2
2025_3261_3395,0.4716578740436298,3395,3261,TCU,LSU,1843.5690826914229,1875.8199352842041,2,3
2025_3124_3395,0.580822193126412,3395,3124,TCU,Baylor,1843.5690826914229,1823.9933602644464,2,4
2025_3279_3395,0.6932898709921613,3395,3279,TCU,Mississippi,1843.5690826914229,1764.6037249112856,2,5
2025_3199_3395,0.7173978499177884,3395,3199,TCU,Florida St,1843.5690826914229,1761.9644695309794,2,6
2025_3277_3395,0.7913905882120515,3395,3277,TCU,Michigan St,1843.5690826914229,1715.8991388129386,2,7
2025_3350_3395,0.7096603886016605,3395,3350,TCU,Richmond,1843.5690826914229,1797.7185869664368,2,8
2025_3210_3395,0.8686018174465827,3395,3210,TCU,Georgia Tech,1843.5690826914229,1656.4881012812837,2,9
2025_3217_3395,0.753862020941076,3395,3217,TCU,Harvard,1843.5690826914229,1773.429450810923,2,10
2025_3206_3395,0.7770380622314595,3395,3206,TCU,George Mason,1843.5690826914229,1753.7950358153073,2,11
2025_3123_3395,0.7589646804591849,3395,3123,TCU,Ball St,1843.5690826914229,1769.2197745940423,2,12
2025_3213_3395,0.7676603081276665,3395,3213,TCU,Grand Canyon,1843.5690826914229,1761.903095765611,2,13
2025_3361_3395,0.857178929917967,3395,3361,TCU,San Diego St,1843.5690826914229,1671.1713611028213,2,14
2025_3395_3436,0.8920238354065855,3395,3436,TCU,Vermont,1843.5690826914229,1622.6020859062485,2,15
2025_3380_3395,0.9286484179948628,3395,3380,TCU,Southern Univ,1843.5690826914229,1553.512381915605,2,16
2025_3395_3471,0.9402498057915182,3395,3471,TCU,UC San Diego,1843.5690826914229,1524.6527067841912,2,16
2025_3395_3425,0.33341641986991355,3395,3425,TCU,USC,1843.5690826914229,1933.8727523760726,2,1
2025_3163_3395,0.29640090725119606,3395,3163,TCU,Connecticut,1843.5690826914229,1974.97509244384,2,2
2025_3328_3395,0.5536633403896917,3395,3328,TCU,Oklahoma,1843.5690826914229,1825.81495927408,2,3
2025_3246_3395,0.7427920452132885,3395,3246,TCU,Kentucky,1843.5690826914229,1712.3650858848432,2,4
2025_3243_3395,0.6981270225744176,3395,3243,TCU,Kansas St,1843.5690826914229,1761.130509058621,2,5
2025_3234_3395,0.632621252190084,3395,3234,TCU,Iowa,1843.5690826914229,1820.9586709265081,2,6
2025_3329_3395,0.7691234801476831,3395,3329,TCU,Oklahoma St,1843.5690826914229,1735.6533768195266,2,7
2025_3143_3395,0.7891193618043522,3395,3143,TCU,California,1843.5690826914229,1732.981985453007,2,8
2025_3280_3395,0.856281359642099,3395,3280,TCU,Mississippi St,1843.5690826914229,1672.2828961738294,2,9
2025_3355_3395,0.6709379182748035,3395,3355,TCU,S Dakota St,1843.5690826914229,1835.2775090793496,2,10
2025_3293_3395,0.8360525999455177,3395,3293,TCU,Murray St,1843.5690826914229,1695.9339089127072,2,11
2025_3193_3395,0.7488011875762771,3395,3193,TCU,Fairfield,1843.5690826914229,1777.546952772885,2,12
2025_3251_3395,0.7979213919717543,3395,3251,TCU,Liberty,1843.5690826914229,1734.815164305803,2,13
2025_3195_3395,0.7085015429878576,3395,3195,TCU,FGCU,1843.5690826914229,1808.5724936397603,2,14
2025_3117_3395,0.9130362786941246,3395,3117,TCU,Arkansas St,1843.5690826914229,1586.1666111780894,2,15
2025_3395_3422,0.8744183079791281,3395,3422,TCU,UNC Greensboro,1843.5690826914229,1648.591563566133,2,16
2025_3323_3326,0.5916853587558671,3323,3326,Notre Dame,Ohio St,1880.3257336324496,1838.9421792110422,3,4
2025_3323_3397,0.7393574861769668,3323,3397,Notre Dame,Tennessee,1880.3257336324496,1751.8425070034982,3,5
2025_3276_3323,0.7551816515947901,3323,3276,Notre Dame,Michigan,1880.3257336324496,1754.103120625063,3,6
2025_3257_3323,0.7537335164775726,3323,3257,Notre Dame,Louisville,1880.3257336324496,1770.291352149283,3,7
2025_3228_3323,0.8404861855700085,3323,3228,Notre Dame,Illinois,1880.3257336324496,1702.7194358808865,3,8
2025_3166_3323,0.6751893055328424,3323,3166,Notre Dame,Creighton,1880.3257336324496,1859.0974014739336,3,9
2025_3304_3323,0.8612459424412927,3323,3304,Notre Dame,Nebraska,1880.3257336324496,1702.8172097273407,3,10
2025_3235_3323,0.8300461922447978,3323,3235,Notre Dame,Iowa St,1880.3257336324496,1739.2557567978145,3,11
2025_3323_3343,0.7937151713153969,3323,3343,Notre Dame,Princeton,1880.3257336324496,1775.506646128416,3,11
2025_3323_3378,0.8758114147525944,3323,3378,Notre Dame,South Florida,1880.3257336324496,1683.410611086055,3,12
2025_3286_3323,0.8471200485556352,3323,3286,Notre Dame,Montana St,1880.3257336324496,1720.0676852052384,3,13
2025_3323_3372,0.8553961568024908,3323,3372,Notre Dame,SF Austin,1880.3257336324496,1710.1301229301325,3,14
2025_3192_3323,0.9163133414875513,3323,3192,Notre Dame,F Dickinson,1880.3257336324496,1616.5400097680608,3,15
2025_3219_3323,0.9469188972284369,3323,3219,Notre Dame,High Point,1880.3257336324496,1542.3452372503477,3,16
2025_3323_3456,0.962544888140951,3323,3456,Notre Dame,William & Mary,1880.3257336324496,1486.8572709106484,3,16
2025_3323_3417,0.32955368062932405,3323,3417,Notre Dame,UCLA,1880.3257336324496,1958.278979203148,3,1
2025_3301_3323,0.46994921325645533,3323,3301,Notre Dame,NC State,1880.3257336324496,1883.6190284342556,3,2
2025_3261_3323,0.5074101603360388,3323,3261,Notre Dame,LSU,1880.3257336324496,1875.8199352842041,3,3
2025_3124_3323,0.6152139092710471,3323,3124,Notre Dame,Baylor,1880.3257336324496,1823.9933602644464,3,4
2025_3279_3323,0.7228570549525902,3323,3279,Notre Dame,Mississippi,1880.3257336324496,1764.6037249112856,3,5
2025_3199_3323,0.7454941492961245,3323,3199,Notre Dame,Florida St,1880.3257336324496,1761.9644695309794,3,6
2025_3277_3323,0.8140374325551917,3323,3277,Notre Dame,Michigan St,1880.3257336324496,1715.8991388129386,3,7
2025_3323_3350,0.7382452693426969,3323,3350,Notre Dame,Richmond,1880.3257336324496,1797.7185869664368,3,8
2025_3210_3323,0.887422526200548,3323,3210,Notre Dame,Georgia Tech,1880.3257336324496,1656.4881012812837,3,9
2025_3217_3323,0.7959436606170814,3323,3217,Notre Dame,Harvard,1880.3257336324496,1773.429450810923,3,10
2025_3206_3323,0.8161238145670443,3323,3206,Notre Dame,George Mason,1880.3257336324496,1753.7950358153073,3,11
2025_3123_3323,0.8004049071985705,3323,3123,Notre Dame,Ball St,1880.3257336324496,1769.2197745940423,3,12
2025_3213_3323,0.8079837632318456,3323,3213,Notre Dame,Grand Canyon,1880.3257336324496,1761.903095765611,3,13
2025_3323_3361,0.8843075246644495,3323,3361,Notre Dame,San Diego St,1880.3257336324496,1671.1713611028213,3,14
2025_3323_3436,0.9132039034466115,3323,3436,Notre Dame,Vermont,1880.3257336324496,1622.6020859062485,3,15
2025_3323_3380,0.9431026244951667,3323,3380,Notre Dame,Southern Univ,1880.3257336324496,1553.512381915605,3,16
2025_3323_3471,0.9524741113295393,3323,3471,Notre Dame,UC San Diego,1880.3257336324496,1524.6527067841912,3,16
2025_3323_3425,0.365947856271053,3323,3425,Notre Dame,USC,1880.3257336324496,1933.8727523760726,3,1
2025_3163_3323,0.3270929562966143,3323,3163,Notre Dame,Connecticut,1880.3257336324496,1974.97509244384,3,2
2025_3323_3328,0.5887054321693845,3323,3328,Notre Dame,Oklahoma,1880.3257336324496,1825.81495927408,3,3
2025_3246_3323,0.7691759778284069,3323,3246,Notre Dame,Kentucky,1880.3257336324496,1712.3650858848432,3,4
2025_3243_3323,0.7274112430803858,3323,3243,Notre Dame,Kansas St,1880.3257336324496,1761.130509058621,3,5
2025_3234_3323,0.6652127259407528,3323,3234,Notre Dame,Iowa,1880.3257336324496,1820.9586709265081,3,6
2025_3323_3329,0.7935570742910245,3323,3329,Notre Dame,Oklahoma St,1880.3257336324496,1735.6533768195266,3,7
2025_3143_3323,0.8119541849589951,3323,3143,Notre Dame,California,1880.3257336324496,1732.981985453007,3,8
2025_3280_3323,0.8766161037562067,3323,3280,Notre Dame,Mississippi St,1880.3257336324496,1672.2828961738294,3,9
2025_3323_3355,0.7219681543103722,3323,3355,Notre Dame,S Dakota St,1880.3257336324496,1835.2775090793496,3,10
2025_3293_3323,0.8665694426638737,3323,3293,Notre Dame,Murray St,1880.3257336324496,1695.9339089127072,3,11
2025_3193_3323,0.7915087721045982,3323,3193,Notre Dame,Fairfield,1880.3257336324496,1777.546952772885,3,12
2025_3251_3323,0.8341277294801738,3323,3251,Notre Dame,Liberty,1880.3257336324496,1734.815164305803,3,13
2025_3195_3323,0.7558264815833136,3323,3195,Notre Dame,FGCU,1880.3257336324496,1808.5724936397603,3,14
2025_3117_3323,0.9304161701593421,3323,3117,Notre Dame,Arkansas St,1880.3257336324496,1586.1666111780894,3,15
2025_3323_3422,0.8986594554299835,3323,3422,Notre Dame,UNC Greensboro,1880.3257336324496,1648.591563566133,3,16
2025_3326_3397,0.6618825514023207,3326,3397,Ohio St,Tennessee,1838.9421792110422,1751.8425070034982,4,5
2025_3276_3326,0.6803769977491093,3326,3276,Ohio St,Michigan,1838.9421792110422,1754.103120625063,4,6
2025_3257_3326,0.6786746552108923,3326,3257,Ohio St,Louisville,1838.9421792110422,1770.291352149283,4,7
2025_3228_3326,0.7843016904301678,3326,3228,Ohio St,Illinois,1838.9421792110422,1702.7194358808865,4,8
2025_3166_3326,0.5892373746860242,3326,3166,Ohio St,Creighton,1838.9421792110422,1859.0974014739336,4,9
2025_3304_3326,0.8157229193519817,3326,3304,Ohio St,Nebraska,1838.9421792110422,1702.8172097273407,4,10
2025_3235_3326,0.7881316313435616,3326,3235,Ohio St,Iowa St,1838.9421792110422,1739.2557567978145,4,11
2025_3326_3343,0.7455868418870932,3326,3343,Ohio St,Princeton,1838.9421792110422,1775.506646128416,4,11
2025_3326_3378,0.8430494460936764,3326,3378,Ohio St,South Florida,1838.9421792110422,1683.410611086055,4,12
2025_3286_3326,0.808444540100198,3326,3286,Ohio St,Montana St,1838.9421792110422,1720.0676852052384,4,13
2025_3326_3372,0.8183654187177344,3326,3372,Ohio St,SF Austin,1838.9421792110422,1710.1301229301325,4,14
2025_3192_3326,0.8929298775823908,3326,3192,Ohio St,F Dickinson,1838.9421792110422,1616.5400097680608,4,15
2025_3219_3326,0.9314473582553414,3326,3219,Ohio St,High Point,1838.9421792110422,1542.3452372503477,4,16
2025_3326_3456,0.9513940682457703,3326,3456,Ohio St,William & Mary,1838.9421792110422,1486.8572709106484,4,16
2025_3326_3417,0.2532900911137469,3326,3417,Ohio St,UCLA,1838.9421792110422,1958.278979203148,4,1
2025_3301_3326,0.3795908677320448,3326,3301,Ohio St,NC State,1838.9421792110422,1883.6190284342556,4,2
2025_3261_3326,0.4154951501154725,3326,3261,Ohio St,LSU,1838.9421792110422,1875.8199352842041,4,3
2025_3124_3326,0.5245665797606818,3326,3124,Ohio St,Baylor,1838.9421792110422,1823.9933602644464,4,4
2025_3279_3326,0.6428466867741084,3326,3279,Ohio St,Mississippi,1838.9421792110422,1764.6037249112856,4,5
2025_3199_3326,0.6690267555667584,3326,3199,Ohio St,Florida St,1838.9421792110422,1761.9644695309794,4,6
2025_3277_3326,0.7512937051894647,3326,3277,Ohio St,Michigan St,1838.9421792110422,1715.8991388129386,4,7
2025_3326_3350,0.6605914983192611,3326,3350,Ohio St,Richmond,1838.9421792110422,1797.7185869664368,4,8
2025_3210_3326,0.8447157188298886,3326,3210,Ohio St,Georgia Tech,1838.9421792110422,1656.4881012812837,4,9
2025_3217_3326,0.7355739402319321,3326,3217,Ohio St,Harvard,1838.9421792110422,1773.429450810923,4,10
2025_3206_3326,0.7717199783062684,3326,3206,Ohio St,George Mason,1838.9421792110422,1753.7950358153073,4,11
2025_3123_3326,0.7533523460080032,3326,3123,Ohio St,Ball St,1838.9421792110422,1769.2197745940423,4,12
2025_3213_3326,0.7621870029882941,3326,3213,Ohio St,Grand Canyon,1838.9421792110422,1761.903095765611,4,13
2025_3326_3361,0.8534117564640724,3326,3361,Ohio St,San Diego St,1838.9421792110422,1671.1713611028213,4,14
2025_3326_3436,0.8890568041597824,3326,3436,Ohio St,Vermont,1838.9421792110422,1622.6020859062485,4,15
2025_3326_3380,0.926604973025531,3326,3380,Ohio St,Southern Univ,1838.9421792110422,1553.512381915605,4,16
2025_3326_3471,0.9385166164862179,3326,3471,Ohio St,UC San Diego,1838.9421792110422,1524.6527067841912,4,16
2025_3326_3425,0.2848402818976987,3326,3425,Ohio St,USC,1838.9421792110422,1933.8727523760726,4,1
2025_3163_3326,0.2511854687213283,3326,3163,Ohio St,Connecticut,1838.9421792110422,1974.97509244384,4,2
2025_3326_3328,0.4969198707806968,3326,3328,Ohio St,Oklahoma,1838.9421792110422,1825.81495927408,4,3
2025_3246_3326,0.6969312778874894,3326,3246,Ohio St,Kentucky,1838.9421792110422,1712.3650858848432,4,4
2025_3243_3326,0.6480755520428456,3326,3243,Ohio St,Kansas St,1838.9421792110422,1761.130509058621,4,5
2025_3234_3326,0.5782697594779217,3326,3234,Ohio St,Iowa,1838.9421792110422,1820.9586709265081,4,6
2025_3326_3329,0.726227236343156,3326,3329,Ohio St,Oklahoma St,1838.9421792110422,1735.6533768195266,4,7
2025_3143_3326,0.7487245361828225,3326,3143,Ohio St,California,1838.9421792110422,1732.981985453007,4,8
2025_3280_3326,0.8305924101344592,3326,3280,Ohio St,Mississippi St,1838.9421792110422,1672.2828961738294,4,9
2025_3326_3355,0.6493543733723892,3326,3355,Ohio St,S Dakota St,1838.9421792110422,1835.2775090793496,4,10
2025_3293_3326,0.8318375013035026,3326,3293,Ohio St,Murray St,1838.9421792110422,1695.9339089127072,4,11
2025_3193_3326,0.743032327513882,3326,3193,Ohio St,Fairfield,1838.9421792110422,1777.546952772885,4,12
2025_3251_3326,0.792968702473822,3326,3251,Ohio St,Liberty,1838.9421792110422,1734.815164305803,4,13
2025_3195_3326,0.7021752905745978,3326,3195,Ohio St,FGCU,1838.9421792110422,1808.5724936397603,4,14
2025_3117_3326,0.9105887650794988,3326,3117,Ohio St,Arkansas St,1838.9421792110422,1586.1666111780894,4,15
2025_3326_3422,0.8710374426836658,3326,3422,Ohio St,UNC Greensboro,1838.9421792110422,1648.591563566133,4,16
2025_3276_3397,0.5209402593032605,3397,3276,Tennessee,Michigan,1751.8425070034982,1754.103120625063,5,6
2025_3257_3397,0.5189890889144171,3397,3257,Tennessee,Louisville,1751.8425070034982,1770.291352149283,5,7
2025_3228_3397,0.6500407263017763,3397,3228,Tennessee,Illinois,1751.8425070034982,1702.7194358808865,5,8
2025_3166_3397,0.422899665612384,3397,3166,Tennessee,Creighton,1751.8425070034982,1859.0974014739336,5,9
2025_3304_3397,0.6933737147237226,3397,3304,Tennessee,Nebraska,1751.8425070034982,1702.8172097273407,5,10
2025_3235_3397,0.6625993036692608,3397,3235,Tennessee,Iowa St,1751.8425070034982,1739.2557567978145,5,11
2025_3343_3397,0.6074035903354602,3397,3343,Tennessee,Princeton,1751.8425070034982,1775.506646128416,5,11
2025_3378_3397,0.7517714028355739,3397,3378,Tennessee,South Florida,1751.8425070034982,1683.410611086055,5,12
2025_3286_3397,0.7041048508391775,3397,3286,Tennessee,Montana St,1751.8425070034982,1720.0676852052384,5,13
2025_3372_3397,0.7175415701085742,3397,3372,Tennessee,SF Austin,1751.8425070034982,1710.1301229301325,5,14
2025_3192_3397,0.8246263440343811,3397,3192,Tennessee,F Dickinson,1751.8425070034982,1616.5400097680608,5,15
2025_3219_3397,0.8845381162827776,3397,3219,Tennessee,High Point,1751.8425070034982,1542.3452372503477,5,16
2025_3397_3456,0.9169164922398304,3397,3456,Tennessee,William & Mary,1751.8425070034982,1486.8572709106484,5,16
2025_3397_3417,0.1476898348039279,3397,3417,Tennessee,UCLA,1751.8425070034982,1958.278979203148,5,1
2025_3301_3397,0.23812623417953574,3397,3301,Tennessee,NC State,1751.8425070034982,1883.6190284342556,5,2
2025_3261_3397,0.26639531681722184,3397,3261,Tennessee,LSU,1751.8425070034982,1875.8199352842041,5,3
2025_3124_3397,0.36046435072295907,3397,3124,Tennessee,Baylor,1751.8425070034982,1823.9933602644464,5,4
2025_3279_3397,0.47902389738787904,3397,3279,Tennessee,Mississippi,1751.8425070034982,1764.6037249112856,5,5
2025_3199_3397,0.5080222374949875,3397,3199,Tennessee,Florida St,1751.8425070034982,1761.9644695309794,5,6
2025_3277_3397,0.6067876720357074,3397,3277,Tennessee,Michigan St,1751.8425070034982,1715.8991388129386,5,7
2025_3350_3397,0.4985591120866061,3397,3350,Tennessee,Richmond,1751.8425070034982,1797.7185869664368,5,8
2025_3210_3397,0.7353712989633894,3397,3210,Tennessee,Georgia Tech,1751.8425070034982,1656.4881012812837,5,9
2025_3217_3397,0.5869557227770855,3397,3217,Tennessee,Harvard,1751.8425070034982,1773.429450810923,5,10
2025_3206_3397,0.6408943492661878,3397,3206,Tennessee,George Mason,1751.8425070034982,1753.7950358153073,5,11
2025_3123_3397,0.6326400901648451,3397,3123,Tennessee,Ball St,1751.8425070034982,1769.2197745940423,5,12
2025_3213_3397,0.6437538957205425,3397,3213,Tennessee,Grand Canyon,1751.8425070034982,1761.903095765611,5,13
2025_3361_3397,0.7664909333066191,3397,3361,Tennessee,San Diego St,1751.8425070034982,1671.1713611028213,5,14
2025_3397_3436,0.8187839399389912,3397,3436,Tennessee,Vermont,1751.8425070034982,1622.6020859062485,5,15
2025_3380_3397,0.8768203825763478,3397,3380,Tennessee,Southern Univ,1751.8425070034982,1553.512381915605,5,16
2025_3397_3471,0.8959041216734517,3397,3471,Tennessee,UC San Diego,1751.8425070034982,1524.6527067841912,5,16
2025_3397_3425,0.1690644684562946,3397,3425,Tennessee,USC,1751.8425070034982,1933.8727523760726,5,1
2025_3163_3397,0.14629075556549573,3397,3163,Tennessee,Connecticut,1751.8425070034982,1974.97509244384,5,2
2025_3328_3397,0.3353656786973342,3397,3328,Tennessee,Oklahoma,1751.8425070034982,1825.81495927408,5,3
2025_3246_3397,0.5401713326836973,3397,3246,Tennessee,Kentucky,1751.8425070034982,1712.3650858848432,5,4
2025_3243_3397,0.48472874046623604,3397,3243,Tennessee,Kansas St,1751.8425070034982,1761.130509058621,5,5
2025_3234_3397,0.41192330191741394,3397,3234,Tennessee,Iowa,1751.8425070034982,1820.9586709265081,5,6
2025_3329_3397,0.5753882288494524,3397,3329,Tennessee,Oklahoma St,1751.8425070034982,1735.6533768195266,5,7
2025_3143_3397,0.6035135266119543,3397,3143,Tennessee,California,1751.8425070034982,1732.981985453007,5,8
2025_3280_3397,0.7146623134956601,3397,3280,Tennessee,Mississippi St,1751.8425070034982,1672.2828961738294,5,9
2025_3355_3397,0.48613048036427725,3397,3355,Tennessee,S Dakota St,1751.8425070034982,1835.2775090793496,5,10
2025_3293_3397,0.7231029059346082,3397,3293,Tennessee,Murray St,1751.8425070034982,1695.9339089127072,5,11
2025_3193_3397,0.6198182055164522,3397,3193,Tennessee,Fairfield,1751.8425070034982,1777.546952772885,5,12
2025_3251_3397,0.6834995176912111,3397,3251,Tennessee,Liberty,1751.8425070034982,1734.815164305803,5,13
2025_3195_3397,0.5706896342601302,3397,3195,Tennessee,FGCU,1751.8425070034982,1808.5724936397603,5,14
2025_3117_3397,0.8516792018768485,3397,3117,Tennessee,Arkansas St,1751.8425070034982,1586.1666111780894,5,15
2025_3397_3422,0.7920209128158878,3397,3422,Tennessee,UNC Greensboro,1751.8425070034982,1648.591563566133,5,16
2025_3257_3276,0.49804572124131774,3276,3257,Michigan,Louisville,1754.103120625063,1770.291352149283,6,7
2025_3228_3276,0.6307435958811692,3276,3228,Michigan,Illinois,1754.103120625063,1702.7194358808865,6,8
2025_3166_3276,0.4025884902267209,3276,3166,Michigan,Creighton,1754.103120625063,1859.0974014739336,6,9
2025_3276_3304,0.675272374124096,3276,3304,Michigan,Nebraska,1754.103120625063,1702.8172097273407,6,10
2025_3235_3276,0.6436150069898284,3276,3235,Michigan,Iowa St,1754.103120625063,1739.2557567978145,6,11
2025_3276_3343,0.5872482367718552,3276,3343,Michigan,Princeton,1754.103120625063,1775.506646128416,6,11
2025_3276_3378,0.7421486339471562,3276,3378,Michigan,South Florida,1754.103120625063,1683.410611086055,6,12
2025_3276_3286,0.7071939005026813,3276,3286,Michigan,Montana St,1754.103120625063,1720.0676852052384,6,13
2025_3276_3372,0.7205460188745819,3276,3372,Michigan,SF Austin,1754.103120625063,1710.1301229301325,6,14
2025_3192_3276,0.8267667487357598,3276,3192,Michigan,F Dickinson,1754.103120625063,1616.5400097680608,6,15
2025_3219_3276,0.8860483515208184,3276,3219,Michigan,High Point,1754.103120625063,1542.3452372503477,6,16
2025_3276_3456,0.9180424604553162,3276,3456,Michigan,William & Mary,1754.103120625063,1486.8572709106484,6,16
2025_3276_3417,0.1374484235262879,3276,3417,Michigan,UCLA,1754.103120625063,1958.278979203148,6,1
2025_3276_3301,0.22325629768669136,3276,3301,Michigan,NC State,1754.103120625063,1883.6190284342556,6,2
2025_3261_3276,0.25034014455575565,3276,3261,Michigan,LSU,1754.103120625063,1875.8199352842041,6,3
2025_3124_3276,0.3413780098359216,3276,3124,Michigan,Baylor,1754.103120625063,1823.9933602644464,6,4
2025_3276_3279,0.4581571551308613,3276,3279,Michigan,Mississippi,1754.103120625063,1764.6037249112856,6,5
2025_3199_3276,0.4870732920782739,3276,3199,Michigan,Florida St,1754.103120625063,1761.9644695309794,6,6
2025_3276_3277,0.586622217821431,3276,3277,Michigan,Michigan St,1754.103120625063,1715.8991388129386,6,7
2025_3276_3350,0.477621553643992,3276,3350,Michigan,Richmond,1754.103120625063,1797.7185869664368,6,8
2025_3210_3276,0.71874355665875,3276,3210,Michigan,Georgia Tech,1754.103120625063,1656.4881012812837,6,9
2025_3217_3276,0.5664998149780568,3276,3217,Michigan,Harvard,1754.103120625063,1773.429450810923,6,10
2025_3206_3276,0.6213866290253511,3276,3206,Michigan,George Mason,1754.103120625063,1753.7950358153073,6,11
2025_3123_3276,0.6207290098635336,3276,3123,Michigan,Ball St,1754.103120625063,1769.2197745940423,6,12
2025_3213_3276,0.6471572604249499,3276,3213,Michigan,Grand Canyon,1754.103120625063,1761.903095765611,6,13
2025_3276_3361,0.7691422337601375,3276,3361,Michigan,San Diego St,1754.103120625063,1671.1713611028213,6,14
2025_3276_3436,0.8209801702959115,3276,3436,Michigan,Vermont,1754.103120625063,1622.6020859062485,6,15
2025_3276_3380,0.8784176898265079,3276,3380,Michigan,Southern Univ,1754.103120625063,1553.512381915605,6,16
2025_3276_3471,0.8972829541062004,3276,3471,Michigan,UC San Diego,1754.103120625063,1524.6527067841912,6,16
2025_3276_3425,0.15761495262842956,3276,3425,Michigan,USC,1754.103120625063,1933.8727523760726,6,1
2025_3163_3276,0.13613086643499142,3276,3163,Michigan,Connecticut,1754.103120625063,1974.97509244384,6,2
2025_3276_3328,0.31694967270148794,3276,3328,Michigan,Oklahoma,1754.103120625063,1825.81495927408,6,3
2025_3246_3276,0.5192960004177647,3276,3246,Michigan,Kentucky,1754.103120625063,1712.3650858848432,6,4
2025_3243_3276,0.46383474146657544,3276,3243,Michigan,Kansas St,1754.103120625063,1761.130509058621,6,5
2025_3234_3276,0.3917814139332924,3276,3234,Michigan,Iowa,1754.103120625063,1820.9586709265081,6,6
2025_3276_3329,0.5547939713517788,3276,3329,Michigan,Oklahoma St,1754.103120625063,1735.6533768195266,6,7
2025_3143_3276,0.5832954724021457,3276,3143,Michigan,California,1754.103120625063,1732.981985453007,6,8
2025_3276_3280,0.6972690178153582,3276,3280,Michigan,Mississippi St,1754.103120625063,1672.2828961738294,6,9
2025_3276_3355,0.4652306135386845,3276,3355,Michigan,S Dakota St,1754.103120625063,1835.2775090793496,6,10
2025_3276_3293,0.7060124698048187,3276,3293,Michigan,Murray St,1754.103120625063,1695.9339089127072,6,11
2025_3193_3276,0.6077491570454714,3276,3193,Michigan,Fairfield,1754.103120625063,1777.546952772885,6,12
2025_3251_3276,0.6867079656557623,3276,3251,Michigan,Liberty,1754.103120625063,1734.815164305803,6,13
2025_3195_3276,0.5743294635044693,3276,3195,Michigan,FGCU,1754.103120625063,1808.5724936397603,6,14
2025_3117_3276,0.8535480696588319,3276,3117,Michigan,Arkansas St,1754.103120625063,1586.1666111780894,6,15
2025_3276_3422,0.7944600727765101,3276,3422,Michigan,UNC Greensboro,1754.103120625063,1648.591563566133,6,16
2025_3228_3257,0.6325623908749233,3257,3228,Louisville,Illinois,1770.291352149283,1702.7194358808865,7,8
2025_3166_3257,0.4044700251088524,3257,3166,Louisville,Creighton,1770.291352149283,1859.0974014739336,7,9
2025_3257_3304,0.6769841625789778,3257,3304,Louisville,Nebraska,1770.291352149283,1702.8172097273407,7,10
2025_3235_3257,0.6454060449207366,3257,3235,Louisville,Iowa St,1770.291352149283,1739.2557567978145,7,11
2025_3257_3343,0.5891417182487061,3257,3343,Louisville,Princeton,1770.291352149283,1775.506646128416,7,11
2025_3257_3378,0.7436417223814735,3257,3378,Louisville,South Florida,1770.291352149283,1683.410611086055,7,12
2025_3257_3286,0.7155523435296396,3257,3286,Louisville,Montana St,1770.291352149283,1720.0676852052384,7,13
2025_3257_3372,0.7414792134852141,3257,3372,Louisville,SF Austin,1770.291352149283,1710.1301229301325,7,14
2025_3192_3257,0.8414935448616016,3257,3192,Louisville,F Dickinson,1770.291352149283,1616.5400097680608,7,15
2025_3219_3257,0.8963672375622631,3257,3219,Louisville,High Point,1770.291352149283,1542.3452372503477,7,16
2025_3257_3456,0.9257070466218648,3257,3456,Louisville,William & Mary,1770.291352149283,1486.8572709106484,7,16
2025_3257_3417,0.13837782621371766,3257,3417,Louisville,UCLA,1770.291352149283,1958.278979203148,7,1
2025_3257_3301,0.2246148254098611,3257,3301,Louisville,NC State,1770.291352149283,1883.6190284342556,7,2
2025_3257_3261,0.2518100508932271,3257,3261,Louisville,LSU,1770.291352149283,1875.8199352842041,7,3
2025_3124_3257,0.3431377847269964,3257,3124,Louisville,Baylor,1770.291352149283,1823.9933602644464,7,4
2025_3257_3279,0.46009838245622486,3257,3279,Louisville,Mississippi,1770.291352149283,1764.6037249112856,7,5
2025_3199_3257,0.489026461965735,3257,3199,Louisville,Florida St,1770.291352149283,1761.9644695309794,7,6
2025_3257_3277,0.5885165588455726,3257,3277,Louisville,Michigan St,1770.291352149283,1715.8991388129386,7,7
2025_3257_3350,0.47957225887803906,3257,3350,Louisville,Richmond,1770.291352149283,1797.7185869664368,7,8
2025_3210_3257,0.72032109877664,3257,3210,Louisville,Georgia Tech,1770.291352149283,1656.4881012812837,7,9
2025_3217_3257,0.5684185272750639,3257,3217,Louisville,Harvard,1770.291352149283,1773.429450810923,7,10
2025_3206_3257,0.6232239813807541,3257,3206,Louisville,George Mason,1770.291352149283,1753.7950358153073,7,11
2025_3123_3257,0.6225676151219004,3257,3123,Louisville,Ball St,1770.291352149283,1769.2197745940423,7,12
2025_3213_3257,0.656396825233103,3257,3213,Louisville,Grand Canyon,1770.291352149283,1761.903095765611,7,13
2025_3257_3361,0.7875087205266869,3257,3361,Louisville,San Diego St,1770.291352149283,1671.1713611028213,7,14
2025_3257_3436,0.8361013719504298,3257,3436,Louisville,Vermont,1770.291352149283,1622.6020859062485,7,15
2025_3257_3380,0.8893412716876105,3257,3380,Louisville,Southern Univ,1770.291352149283,1553.512381915605,7,16
2025_3257_3471,0.906691626680845,3257,3471,Louisville,UC San Diego,1770.291352149283,1524.6527067841912,7,16
2025_3257_3425,0.1586556357229591,3257,3425,Louisville,USC,1770.291352149283,1933.8727523760726,7,1
2025_3163_3257,0.13705277561348814,3257,3163,Louisville,Connecticut,1770.291352149283,1974.97509244384,7,2
2025_3257_3328,0.3186444451784413,3257,3328,Louisville,Oklahoma,1770.291352149283,1825.81495927408,7,3
2025_3246_3257,0.5212470742878403,3257,3246,Louisville,Kentucky,1770.291352149283,1712.3650858848432,7,4
2025_3243_3257,0.46577934577301405,3257,3243,Louisville,Kansas St,1770.291352149283,1761.130509058621,7,5
2025_3234_3257,0.3936457215311407,3257,3234,Louisville,Iowa,1770.291352149283,1820.9586709265081,7,6
2025_3257_3329,0.5567239534953707,3257,3329,Louisville,Oklahoma St,1770.291352149283,1735.6533768195266,7,7
2025_3143_3257,0.585194278585537,3257,3143,Louisville,California,1770.291352149283,1732.981985453007,7,8
2025_3257_3280,0.6989165524100447,3257,3280,Louisville,Mississippi St,1770.291352149283,1672.2828961738294,7,9
2025_3257_3355,0.46717597084790036,3257,3355,Louisville,S Dakota St,1770.291352149283,1835.2775090793496,7,10
2025_3257_3293,0.7076323725788088,3257,3293,Louisville,Murray St,1770.291352149283,1695.9339089127072,7,11
2025_3193_3257,0.6096111117287979,3257,3193,Louisville,Fairfield,1770.291352149283,1777.546952772885,7,12
2025_3251_3257,0.6953993203423161,3257,3251,Louisville,Liberty,1770.291352149283,1734.815164305803,7,13
2025_3195_3257,0.6001372280735261,3257,3195,Louisville,FGCU,1770.291352149283,1808.5724936397603,7,14
2025_3117_3257,0.8663661444868986,3257,3117,Louisville,Arkansas St,1770.291352149283,1586.1666111780894,7,15
2025_3257_3422,0.8113064830905148,3257,3422,Louisville,UNC Greensboro,1770.291352149283,1648.591563566133,7,16
2025_3166_3228,0.2829045453289918,3228,3166,Illinois,Creighton,1702.7194358808865,1859.0974014739336,8,9
2025_3228_3304,0.549022308207847,3228,3304,Illinois,Nebraska,1702.7194358808865,1702.8172097273407,8,10
2025_3228_3235,0.5139166483989138,3228,3235,Illinois,Iowa St,1702.7194358808865,1739.2557567978145,8,11
2025_3228_3343,0.4544251234027241,3228,3343,Illinois,Princeton,1702.7194358808865,1775.506646128416,8,11
2025_3228_3378,0.6275587653686553,3228,3378,Illinois,South Florida,1702.7194358808865,1683.410611086055,8,12
2025_3228_3286,0.5936994784758809,3228,3286,Illinois,Montana St,1702.7194358808865,1720.0676852052384,8,13
2025_3228_3372,0.6325889916605081,3228,3372,Illinois,SF Austin,1702.7194358808865,1710.1301229301325,8,14
2025_3192_3228,0.7729141633189284,3228,3192,Illinois,F Dickinson,1702.7194358808865,1616.5400097680608,8,15
2025_3219_3228,0.847218983090141,3228,3219,Illinois,High Point,1702.7194358808865,1542.3452372503477,8,16
2025_3228_3456,0.8887462968466895,3228,3456,Illinois,William & Mary,1702.7194358808865,1486.8572709106484,8,16
2025_3228_3417,0.0879312351117881,3228,3417,Illinois,UCLA,1702.7194358808865,1958.278979203148,8,1
2025_3228_3301,0.1440319153874773,3228,3301,Illinois,NC State,1702.7194358808865,1883.6190284342556,8,2
2025_3228_3261,0.1635282245871053,3228,3261,Illinois,LSU,1702.7194358808865,1875.8199352842041,8,3
2025_3124_3228,0.23280004932795487,3228,3124,Illinois,Baylor,1702.7194358808865,1823.9933602644464,8,4
2025_3228_3279,0.33110934878319764,3228,3279,Illinois,Mississippi,1702.7194358808865,1764.6037249112856,8,5
2025_3199_3228,0.3572944339306883,3228,3199,Illinois,Florida St,1702.7194358808865,1761.9644695309794,8,6
2025_3228_3277,0.4537850282158916,3228,3277,Illinois,Michigan St,1702.7194358808865,1715.8991388129386,8,7
2025_3228_3350,0.34864926897451665,3228,3350,Illinois,Richmond,1702.7194358808865,1797.7185869664368,8,8
2025_3210_3228,0.5993673104900052,3228,3210,Illinois,Georgia Tech,1702.7194358808865,1656.4881012812837,8,9
2025_3217_3228,0.4334414664000366,3228,3217,Illinois,Harvard,1702.7194358808865,1773.429450810923,8,10
2025_3206_3228,0.49000876883328454,3228,3206,Illinois,George Mason,1702.7194358808865,1753.7950358153073,8,11
2025_3123_3228,0.4893104983055399,3228,3123,Illinois,Ball St,1702.7194358808865,1769.2197745940423,8,12
2025_3213_3228,0.5259897471523318,3228,3213,Illinois,Grand Canyon,1702.7194358808865,1761.903095765611,8,13
2025_3228_3361,0.689897948245436,3228,3361,Illinois,San Diego St,1702.7194358808865,1671.1713611028213,8,14
2025_3228_3436,0.7658382093440933,3228,3436,Illinois,Vermont,1702.7194358808865,1622.6020859062485,8,15
2025_3228_3380,0.837465120375808,3228,3380,Illinois,Southern Univ,1702.7194358808865,1553.512381915605,8,16
2025_3228_3471,0.8616842088144638,3228,3471,Illinois,UC San Diego,1702.7194358808865,1524.6527067841912,8,16
2025_3228_3425,0.10168908589120466,3228,3425,Illinois,USC,1702.7194358808865,1933.8727523760726,8,1
2025_3163_3228,0.08446179560832096,3228,3163,Illinois,Connecticut,1702.7194358808865,1974.97509244384,8,2
2025_3228_3328,0.2136212915887563,3228,3328,Illinois,Oklahoma,1702.7194358808865,1825.81495927408,8,3
2025_3228_3246,0.38741628694554914,3228,3246,Illinois,Kentucky,1702.7194358808865,1712.3650858848432,8,4
2025_3228_3243,0.33618937839736124,3228,3243,Illinois,Kansas St,1702.7194358808865,1761.130509058621,8,5
2025_3228_3234,0.27383760292703313,3228,3234,Illinois,Iowa,1702.7194358808865,1820.9586709265081,8,6
2025_3228_3329,0.42180976844052553,3228,3329,Illinois,Oklahoma St,1702.7194358808865,1735.6533768195266,8,7
2025_3143_3228,0.4503908317834813,3228,3143,Illinois,California,1702.7194358808865,1732.981985453007,8,8
2025_3228_3280,0.5741781306565996,3228,3280,Illinois,Mississippi St,1702.7194358808865,1672.2828961738294,8,9
2025_3228_3355,0.3374428748900116,3228,3355,Illinois,S Dakota St,1702.7194358808865,1835.2775090793496,8,10
2025_3228_3293,0.5843574856910265,3228,3293,Illinois,Murray St,1702.7194358808865,1695.9339089127072,8,11
2025_3193_3228,0.47563244844036595,3228,3193,Illinois,Fairfield,1702.7194358808865,1777.546952772885,8,12
2025_3228_3251,0.5701000209844028,3228,3251,Illinois,Liberty,1702.7194358808865,1734.815164305803,8,13
2025_3195_3228,0.4739500267488949,3228,3195,Illinois,FGCU,1702.7194358808865,1808.5724936397603,8,14
2025_3117_3228,0.8060680547542485,3228,3117,Illinois,Arkansas St,1702.7194358808865,1586.1666111780894,8,15
2025_3228_3422,0.7337980628724299,3228,3422,Illinois,UNC Greensboro,1702.7194358808865,1648.591563566133,8,16
2025_3166_3304,0.7552516782213536,3166,3304,Creighton,Nebraska,1859.0974014739336,1702.8172097273407,9,10
2025_3166_3235,0.7282536656358981,3166,3235,Creighton,Iowa St,1859.0974014739336,1739.2557567978145,9,11
2025_3166_3343,0.6785884655921975,3166,3343,Creighton,Princeton,1859.0974014739336,1775.506646128416,9,11
2025_3166_3378,0.8102841355066585,3166,3378,Creighton,South Florida,1859.0974014739336,1683.410611086055,9,12
2025_3166_3286,0.7874093209109149,3166,3286,Creighton,Montana St,1859.0974014739336,1720.0676852052384,9,13
2025_3166_3372,0.813579563413704,3166,3372,Creighton,SF Austin,1859.0974014739336,1710.1301229301325,9,14
2025_3166_3192,0.8991516140364259,3166,3192,Creighton,F Dickinson,1859.0974014739336,1616.5400097680608,9,15
2025_3166_3219,0.9394448845134896,3166,3219,Creighton,High Point,1859.0974014739336,1542.3452372503477,9,16
2025_3166_3456,0.9571715586337638,3166,3456,Creighton,William & Mary,1859.0974014739336,1486.8572709106484,9,16
2025_3166_3417,0.21242348717678927,3166,3417,Creighton,UCLA,1859.0974014739336,1958.278979203148,9,1
2025_3166_3301,0.30593250790513393,3166,3301,Creighton,NC State,1859.0974014739336,1883.6190284342556,9,2
2025_3166_3261,0.33134507643971567,3166,3261,Creighton,LSU,1859.0974014739336,1875.8199352842041,9,3
2025_3124_3166,0.4347570881320624,3166,3124,Creighton,Baylor,1859.0974014739336,1823.9933602644464,9,4
2025_3166_3279,0.5564896667116249,3166,3279,Creighton,Mississippi,1859.0974014739336,1764.6037249112856,9,5
2025_3166_3199,0.5849124925363307,3166,3199,Creighton,Florida St,1859.0974014739336,1761.9644695309794,9,6
2025_3166_3277,0.6780250261860354,3166,3277,Creighton,Michigan St,1859.0974014739336,1715.8991388129386,9,7
2025_3166_3350,0.5756930823424234,3166,3350,Creighton,Richmond,1859.0974014739336,1797.7185869664368,9,8
2025_3166_3210,0.7913247150518464,3166,3210,Creighton,Georgia Tech,1859.0974014739336,1656.4881012812837,9,9
2025_3166_3217,0.6597714251229466,3166,3217,Creighton,Harvard,1859.0974014739336,1773.429450810923,9,10
2025_3166_3206,0.7089168284204559,3166,3206,Creighton,George Mason,1859.0974014739336,1753.7950358153073,9,11
2025_3123_3166,0.7083398822931904,3166,3123,Creighton,Ball St,1859.0974014739336,1769.2197745940423,9,12
2025_3166_3213,0.7377200913992121,3166,3213,Creighton,Grand Canyon,1859.0974014739336,1761.903095765611,9,13
2025_3166_3361,0.8493793727969854,3166,3361,Creighton,San Diego St,1859.0974014739336,1671.1713611028213,9,14
2025_3166_3436,0.8954772563373473,3166,3436,Creighton,Vermont,1859.0974014739336,1622.6020859062485,9,15
2025_3166_3380,0.9351280793378105,3166,3380,Creighton,Southern Univ,1859.0974014739336,1553.512381915605,9,16
2025_3166_3471,0.9457374698984414,3166,3471,Creighton,UC San Diego,1859.0974014739336,1524.6527067841912,9,16
2025_3166_3425,0.2405229447755141,3166,3425,Creighton,USC,1859.0974014739336,1933.8727523760726,9,1
2025_3163_3166,0.19462720740643738,3166,3163,Creighton,Connecticut,1859.0974014739336,1974.97509244384,9,2
2025_3166_3328,0.4077838831579028,3166,3328,Creighton,Oklahoma,1859.0974014739336,1825.81495927408,9,3
2025_3166_3246,0.6158365801060721,3166,3246,Creighton,Kentucky,1859.0974014739336,1712.3650858848432,9,4
2025_3166_3243,0.5621216477411143,3166,3243,Creighton,Kansas St,1859.0974014739336,1761.130509058621,9,5
2025_3166_3234,0.4887171608672772,3166,3234,Creighton,Iowa,1859.0974014739336,1820.9586709265081,9,6
2025_3166_3329,0.6490237854676768,3166,3329,Creighton,Oklahoma St,1859.0974014739336,1735.6533768195266,9,7
2025_3143_3166,0.6750263699133073,3166,3143,Creighton,California,1859.0974014739336,1732.981985453007,9,8
2025_3166_3280,0.7736466526164338,3166,3280,Creighton,Mississippi St,1859.0974014739336,1672.2828961738294,9,9
2025_3166_3355,0.5635024387120217,3166,3355,Creighton,S Dakota St,1859.0974014739336,1835.2775090793496,9,10
2025_3166_3293,0.7808774046041397,3166,3293,Creighton,Murray St,1859.0974014739336,1695.9339089127072,9,11
2025_3166_3193,0.6968942521835834,3166,3193,Creighton,Fairfield,1859.0974014739336,1777.546952772885,9,12
2025_3166_3251,0.770716021272254,3166,3251,Creighton,Liberty,1859.0974014739336,1734.815164305803,9,13
2025_3166_3195,0.6954672083038733,3166,3195,Creighton,FGCU,1859.0974014739336,1808.5724936397603,9,14
2025_3117_3166,0.91588102956656,3166,3117,Creighton,Arkansas St,1859.0974014739336,1586.1666111780894,9,15
2025_3166_3422,0.8852140433132261,3166,3422,Creighton,UNC Greensboro,1859.0974014739336,1648.591563566133,9,16
2025_3235_3304,0.4647982780392335,3304,3235,Nebraska,Iowa St,1702.8172097273407,1739.2557567978145,10,11
2025_3304_3343,0.4062407177654751,3304,3343,Nebraska,Princeton,1702.8172097273407,1775.506646128416,10,11
2025_3304_3378,0.5805512782645192,3304,3378,Nebraska,South Florida,1702.8172097273407,1683.410611086055,10,12
2025_3286_3304,0.5455134090157553,3304,3286,Nebraska,Montana St,1702.8172097273407,1720.0676852052384,10,13
2025_3304_3372,0.5857973522939632,3304,3372,Nebraska,SF Austin,1702.8172097273407,1710.1301229301325,10,14
2025_3192_3304,0.7428840431917275,3304,3192,Nebraska,F Dickinson,1702.8172097273407,1616.5400097680608,10,15
2025_3219_3304,0.8385946642070875,3304,3219,Nebraska,High Point,1702.8172097273407,1542.3452372503477,10,16
2025_3304_3456,0.8821400419490802,3304,3456,Nebraska,William & Mary,1702.8172097273407,1486.8572709106484,10,16
2025_3304_3417,0.08798283588564793,3304,3417,Nebraska,UCLA,1702.8172097273407,1958.278979203148,10,1
2025_3301_3304,0.1361851504649486,3304,3301,Nebraska,NC State,1702.8172097273407,1883.6190284342556,10,2
2025_3261_3304,0.1423344925065412,3304,3261,Nebraska,LSU,1702.8172097273407,1875.8199352842041,10,3
2025_3124_3304,0.19952133100026745,3304,3124,Nebraska,Baylor,1702.8172097273407,1823.9933602644464,10,4
2025_3279_3304,0.2890724624563595,3304,3279,Nebraska,Mississippi,1702.8172097273407,1764.6037249112856,10,5
2025_3199_3304,0.31349120596372554,3304,3199,Nebraska,Florida St,1702.8172097273407,1761.9644695309794,10,6
2025_3277_3304,0.4056180337707719,3304,3277,Nebraska,Michigan St,1702.8172097273407,1715.8991388129386,10,7
2025_3304_3350,0.30540228029537725,3304,3350,Nebraska,Richmond,1702.8172097273407,1797.7185869664368,10,8
2025_3210_3304,0.551345461392729,3304,3210,Nebraska,Georgia Tech,1702.8172097273407,1656.4881012812837,10,9
2025_3217_3304,0.3859082170337653,3304,3217,Nebraska,Harvard,1702.8172097273407,1773.429450810923,10,10
2025_3206_3304,0.4411018522776369,3304,3206,Nebraska,George Mason,1702.8172097273407,1753.7950358153073,10,11
2025_3123_3304,0.4404130899925319,3304,3123,Nebraska,Ball St,1702.8172097273407,1769.2197745940423,10,12
2025_3213_3304,0.4768494566084025,3304,3213,Nebraska,Grand Canyon,1702.8172097273407,1761.903095765611,10,13
2025_3304_3361,0.6463243100278094,3304,3361,Nebraska,San Diego St,1702.8172097273407,1671.1713611028213,10,14
2025_3304_3436,0.7351929463011512,3304,3436,Nebraska,Vermont,1702.8172097273407,1622.6020859062485,10,15
2025_3304_3380,0.8284017258728192,3304,3380,Nebraska,Southern Univ,1702.8172097273407,1553.512381915605,10,16
2025_3304_3471,0.8537354667573853,3304,3471,Nebraska,UC San Diego,1702.8172097273407,1524.6527067841912,10,16
2025_3304_3425,0.10174785953732136,3304,3425,Nebraska,USC,1702.8172097273407,1933.8727523760726,10,1
2025_3163_3304,0.07955873080958473,3304,3163,Nebraska,Connecticut,1702.8172097273407,1974.97509244384,10,2
2025_3304_3328,0.1873897629715971,3304,3328,Nebraska,Oklahoma,1702.8172097273407,1825.81495927408,10,3
2025_3246_3304,0.34188460594885584,3304,3246,Nebraska,Kentucky,1702.8172097273407,1712.3650858848432,10,4
2025_3243_3304,0.29379081823989434,3304,3243,Nebraska,Kansas St,1702.8172097273407,1761.130509058621,10,5
2025_3234_3304,0.23650095332318954,3304,3234,Nebraska,Iowa,1702.8172097273407,1820.9586709265081,10,6
2025_3304_3329,0.374708462970131,3304,3329,Nebraska,Oklahoma St,1702.8172097273407,1735.6533768195266,10,7
2025_3143_3304,0.40231874956230007,3304,3143,Nebraska,California,1702.8172097273407,1732.981985453007,10,8
2025_3280_3304,0.5255271281265044,3304,3280,Nebraska,Mississippi St,1702.8172097273407,1672.2828961738294,10,9
2025_3304_3355,0.2949564730353073,3304,3355,Nebraska,S Dakota St,1702.8172097273407,1835.2775090793496,10,10
2025_3293_3304,0.5359295088547263,3304,3293,Nebraska,Murray St,1702.8172097273407,1695.9339089127072,10,11
2025_3193_3304,0.42695914510384125,3304,3193,Nebraska,Fairfield,1702.8172097273407,1777.546952772885,10,12
2025_3251_3304,0.521371482164193,3304,3251,Nebraska,Liberty,1702.8172097273407,1734.815164305803,10,13
2025_3195_3304,0.42530924781159873,3304,3195,Nebraska,FGCU,1702.8172097273407,1808.5724936397603,10,14
2025_3117_3304,0.7791695992109475,3304,3117,Nebraska,Arkansas St,1702.8172097273407,1586.1666111780894,10,15
2025_3304_3422,0.720880581221456,3304,3422,Nebraska,UNC Greensboro,1702.8172097273407,1648.591563566133,10,16
2025_3235_3343,0.4406590229518342,3235,3343,Iowa St,Princeton,1739.2557567978145,1775.506646128416,11,11
2025_3235_3378,0.614454833496581,3235,3378,Iowa St,South Florida,1739.2557567978145,1683.410611086055,11,12
2025_3235_3286,0.5802011537440492,3235,3286,Iowa St,Montana St,1739.2557567978145,1720.0676852052384,11,13
2025_3235_3372,0.6195547502741122,3235,3372,Iowa St,SF Austin,1739.2557567978145,1710.1301229301325,11,14
2025_3192_3235,0.7688898021553318,3235,3192,Iowa St,F Dickinson,1739.2557567978145,1616.5400097680608,11,15
2025_3219_3235,0.8567860881823702,3235,3219,Iowa St,High Point,1739.2557567978145,1542.3452372503477,11,16
2025_3235_3456,0.8960320890529688,3235,3456,Iowa St,William & Mary,1739.2557567978145,1486.8572709106484,11,16
2025_3235_3417,0.10921403317752422,3235,3417,Iowa St,UCLA,1739.2557567978145,1958.278979203148,11,1
2025_3235_3301,0.16691921752025088,3235,3301,Iowa St,NC State,1739.2557567978145,1883.6190284342556,11,2
2025_3235_3261,0.17417650828864592,3235,3261,Iowa St,LSU,1739.2557567978145,1875.8199352842041,11,3
2025_3124_3235,0.22875501702459236,3235,3124,Iowa St,Baylor,1739.2557567978145,1823.9933602644464,11,4
2025_3235_3279,0.3188953677623557,3235,3279,Iowa St,Mississippi,1739.2557567978145,1764.6037249112856,11,5
2025_3199_3235,0.3446121759561814,3235,3199,Iowa St,Florida St,1739.2557567978145,1761.9644695309794,11,6
2025_3235_3277,0.44002267927473454,3235,3277,Iowa St,Michigan St,1739.2557567978145,1715.8991388129386,11,7
2025_3235_3350,0.33611339466522056,3235,3350,Iowa St,Richmond,1739.2557567978145,1797.7185869664368,11,8
2025_3210_3235,0.5859259563363493,3235,3210,Iowa St,Georgia Tech,1739.2557567978145,1656.4881012812837,11,9
2025_3217_3235,0.4198218848803273,3235,3217,Iowa St,Harvard,1739.2557567978145,1773.429450810923,11,10
2025_3206_3235,0.4761054100749438,3235,3206,Iowa St,George Mason,1739.2557567978145,1753.7950358153073,11,11
2025_3123_3235,0.4754084830432125,3235,3123,Iowa St,Ball St,1739.2557567978145,1769.2197745940423,11,12
2025_3213_3235,0.5120905909451451,3235,3213,Iowa St,Grand Canyon,1739.2557567978145,1761.903095765611,11,13
2025_3235_3361,0.6778614684331339,3235,3361,Iowa St,San Diego St,1739.2557567978145,1671.1713611028213,11,14
2025_3235_3436,0.7617271074420202,3235,3436,Iowa St,Vermont,1739.2557567978145,1622.6020859062485,11,15
2025_3235_3380,0.8475330919403289,3235,3380,Iowa St,Southern Univ,1739.2557567978145,1553.512381915605,11,16
2025_3235_3471,0.8704839781727635,3235,3471,Iowa St,UC San Diego,1739.2557567978145,1524.6527067841912,11,16
2025_3235_3425,0.12584237489189246,3235,3425,Iowa St,USC,1739.2557567978145,1933.8727523760726,11,1
2025_3163_3235,0.09897771648112196,3235,3163,Iowa St,Connecticut,1739.2557567978145,1974.97509244384,11,2
2025_3235_3328,0.2266476081667916,3235,3328,Iowa St,Oklahoma,1739.2557567978145,1825.81495927408,11,3
2025_3235_3246,0.38202245835305587,3235,3246,Iowa St,Kentucky,1739.2557567978145,1712.3650858848432,11,4
2025_3235_3243,0.32387874089020313,3235,3243,Iowa St,Kansas St,1739.2557567978145,1761.130509058621,11,5
2025_3234_3235,0.26290589585805885,3235,3234,Iowa St,Iowa,1739.2557567978145,1820.9586709265081,11,6
2025_3235_3329,0.40829228555780545,3235,3329,Iowa St,Oklahoma St,1739.2557567978145,1735.6533768195266,11,7
2025_3143_3235,0.43664913145836187,3235,3143,Iowa St,California,1739.2557567978145,1732.981985453007,11,8
2025_3235_3280,0.5605113483709803,3235,3280,Iowa St,Mississippi St,1739.2557567978145,1672.2828961738294,11,9
2025_3235_3355,0.3251088170538488,3235,3355,Iowa St,S Dakota St,1739.2557567978145,1835.2775090793496,11,10
2025_3235_3293,0.5707731806374204,3235,3293,Iowa St,Murray St,1739.2557567978145,1695.9339089127072,11,11
2025_3193_3235,0.4617676606265953,3235,3193,Iowa St,Fairfield,1739.2557567978145,1777.546952772885,11,12
2025_3235_3251,0.5564034718705102,3235,3251,Iowa St,Liberty,1739.2557567978145,1734.815164305803,11,13
2025_3195_3235,0.4600912505573025,3235,3195,Iowa St,FGCU,1739.2557567978145,1808.5724936397603,11,14
2025_3117_3235,0.8024810912173955,3235,3117,Iowa St,Arkansas St,1739.2557567978145,1586.1666111780894,11,15
2025_3235_3422,0.7483579951996954,3235,3422,Iowa St,UNC Greensboro,1739.2557567978145,1648.591563566133,11,16
2025_3343_3378,0.669199102952169,3343,3378,Princeton,South Florida,1775.506646128416,1683.410611086055,11,12
2025_3286_3343,0.6369353125154444,3343,3286,Princeton,Montana St,1775.506646128416,1720.0676852052384,11,13
2025_3343_3372,0.6739591184563759,3343,3372,Princeton,SF Austin,1775.506646128416,1710.1301229301325,11,14
2025_3192_3343,0.8085383979303162,3343,3192,Princeton,F Dickinson,1775.506646128416,1616.5400097680608,11,15
2025_3219_3343,0.8836375173450475,3343,3219,Princeton,High Point,1775.506646128416,1542.3452372503477,11,16
2025_3343_3456,0.9162445300078943,3343,3456,Princeton,William & Mary,1775.506646128416,1486.8572709106484,11,16
2025_3343_3417,0.13466730296451132,3343,3417,Princeton,UCLA,1775.506646128416,1958.278979203148,11,1
2025_3301_3343,0.2027599967747599,3343,3301,Princeton,NC State,1775.506646128416,1883.6190284342556,11,2
2025_3261_3343,0.21118055405877872,3343,3261,Princeton,LSU,1775.506646128416,1875.8199352842041,11,3
2025_3124_3343,0.27351396976689474,3343,3124,Princeton,Baylor,1775.506646128416,1823.9933602644464,11,4
2025_3279_3343,0.37276688543155356,3343,3279,Princeton,Mississippi,1775.506646128416,1764.6037249112856,11,5
2025_3199_3343,0.40027494791504437,3343,3199,Princeton,Florida St,1775.506646128416,1761.9644695309794,11,6
2025_3277_3343,0.4993544662126057,3343,3277,Princeton,Michigan St,1775.506646128416,1715.8991388129386,11,7
2025_3343_3350,0.39122285764577136,3343,3350,Princeton,Richmond,1775.506646128416,1797.7185869664368,11,8
2025_3210_3343,0.64236333063905,3343,3210,Princeton,Georgia Tech,1775.506646128416,1656.4881012812837,11,9
2025_3217_3343,0.4787586087106575,3343,3217,Princeton,Harvard,1775.506646128416,1773.429450810923,11,10
2025_3206_3343,0.5356485756217813,3343,3206,Princeton,George Mason,1775.506646128416,1753.7950358153073,11,11
2025_3123_3343,0.5349534884470624,3343,3123,Princeton,Ball St,1775.506646128416,1769.2197745940423,11,12
2025_3213_3343,0.5712271553228269,3343,3213,Princeton,Grand Canyon,1775.506646128416,1761.903095765611,11,13
2025_3343_3361,0.7275939100780484,3343,3361,Princeton,San Diego St,1775.506646128416,1671.1713611028213,11,14
2025_3343_3436,0.802288539244997,3343,3436,Princeton,Vermont,1775.506646128416,1622.6020859062485,11,15
2025_3343_3380,0.8758680334842333,3343,3380,Princeton,Southern Univ,1775.506646128416,1553.512381915605,11,16
2025_3343_3471,0.8950816615731458,3343,3471,Princeton,UC San Diego,1775.506646128416,1524.6527067841912,11,16
2025_3343_3425,0.15449887301180804,3343,3425,Princeton,USC,1775.506646128416,1933.8727523760726,11,1
2025_3163_3343,0.12237305846677568,3343,3163,Princeton,Connecticut,1775.506646128416,1974.97509244384,11,2
2025_3328_3343,0.27113918170241974,3343,3328,Princeton,Oklahoma,1775.506646128416,1825.81495927408,11,3
2025_3246_3343,0.43967409218386716,3343,3246,Princeton,Kentucky,1775.506646128416,1712.3650858848432,11,4
2025_3243_3343,0.3781247435136686,3343,3243,Princeton,Kansas St,1775.506646128416,1761.130509058621,11,5
2025_3234_3343,0.31164681062617383,3343,3234,Princeton,Iowa,1775.506646128416,1820.9586709265081,11,6
2025_3329_3343,0.4669130219081621,3343,3329,Princeton,Oklahoma St,1775.506646128416,1735.6533768195266,11,7
2025_3143_3343,0.4959288903772375,3343,3143,Princeton,California,1775.506646128416,1732.981985453007,11,8
2025_3280_3343,0.618155236922169,3343,3280,Princeton,Mississippi St,1775.506646128416,1672.2828961738294,11,9
2025_3343_3355,0.3794452210823138,3343,3355,Princeton,S Dakota St,1775.506646128416,1835.2775090793496,11,10
2025_3293_3343,0.6279644825037912,3343,3293,Princeton,Murray St,1775.506646128416,1695.9339089127072,11,11
2025_3193_3343,0.5213019524134707,3343,3193,Princeton,Fairfield,1775.506646128416,1777.546952772885,11,12
2025_3251_3343,0.6142153172877042,3343,3251,Princeton,Liberty,1775.506646128416,1734.815164305803,11,13
2025_3195_3343,0.5196180675334273,3343,3195,Princeton,FGCU,1775.506646128416,1808.5724936397603,11,14
2025_3117_3343,0.8375841684199954,3343,3117,Princeton,Arkansas St,1775.506646128416,1586.1666111780894,11,15
2025_3343_3422,0.7905695419829046,3343,3422,Princeton,UNC Greensboro,1775.506646128416,1648.591563566133,11,16
2025_3286_3378,0.4644406654456151,3378,3286,South Florida,Montana St,1683.410611086055,1720.0676852052384,12,13
2025_3372_3378,0.505395221394233,3378,3372,South Florida,SF Austin,1683.410611086055,1710.1301229301325,12,14
2025_3192_3378,0.6761152790776719,3378,3192,South Florida,F Dickinson,1683.410611086055,1616.5400097680608,12,15
2025_3219_3378,0.789642493363196,3378,3219,South Florida,High Point,1683.410611086055,1542.3452372503477,12,16
2025_3378_3456,0.8439368382868315,3378,3456,South Florida,William & Mary,1683.410611086055,1486.8572709106484,12,16
2025_3378_3417,0.07826267599813437,3378,3417,South Florida,UCLA,1683.410611086055,1958.278979203148,12,1
2025_3301_3378,0.12185119172375036,3378,3301,South Florida,NC State,1683.410611086055,1883.6190284342556,12,2
2025_3261_3378,0.12744878909955243,3378,3261,South Florida,LSU,1683.410611086055,1875.8199352842041,12,3
2025_3124_3378,0.17040646769206655,3378,3124,South Florida,Baylor,1683.410611086055,1823.9933602644464,12,4
2025_3279_3378,0.2328950155307528,3378,3279,South Florida,Mississippi,1683.410611086055,1764.6037249112856,12,5
2025_3199_3378,0.2480788964315148,3378,3199,South Florida,Florida St,1683.410611086055,1761.9644695309794,12,6
2025_3277_3378,0.3302295351193737,3378,3277,South Florida,Michigan St,1683.410611086055,1715.8991388129386,12,7
2025_3350_3378,0.24108506680209033,3378,3350,South Florida,Richmond,1683.410611086055,1797.7185869664368,12,8
2025_3210_3378,0.4703028808129837,3378,3210,South Florida,Georgia Tech,1683.410611086055,1656.4881012812837,12,9
2025_3217_3378,0.31225849590854104,3378,3217,South Florida,Harvard,1683.410611086055,1773.429450810923,12,10
2025_3206_3378,0.3631476597867323,3378,3206,South Florida,George Mason,1683.410611086055,1753.7950358153073,12,11
2025_3123_3378,0.3625016706262277,3378,3123,South Florida,Ball St,1683.410611086055,1769.2197745940423,12,12
2025_3213_3378,0.397065986153854,3378,3213,South Florida,Grand Canyon,1683.410611086055,1761.903095765611,12,13
2025_3361_3378,0.5690274293799708,3378,3361,South Florida,San Diego St,1683.410611086055,1671.1713611028213,12,14
2025_3378_3436,0.6673213411536246,3378,3436,South Florida,Vermont,1683.410611086055,1622.6020859062485,12,15
2025_3378_3380,0.7771795705722071,3378,3380,South Florida,Southern Univ,1683.410611086055,1553.512381915605,12,16
2025_3378_3471,0.8083257294563898,3378,3471,South Florida,UC San Diego,1683.410611086055,1524.6527067841912,12,16
2025_3378_3425,0.0906581353140455,3378,3425,South Florida,USC,1683.410611086055,1933.8727523760726,12,1
2025_3163_3378,0.0706971048446881,3378,3163,South Florida,Connecticut,1683.410611086055,1974.97509244384,12,2
2025_3328_3378,0.16871900310654783,3378,3328,South Florida,Oklahoma,1683.410611086055,1825.81495927408,12,3
2025_3246_3378,0.2997754079446828,3378,3246,South Florida,Kentucky,1683.410611086055,1712.3650858848432,12,4
2025_3243_3378,0.2370021047512601,3378,3243,South Florida,Kansas St,1683.410611086055,1761.130509058621,12,5
2025_3234_3378,0.18287391443605575,3378,3234,South Florida,Iowa,1683.410611086055,1820.9586709265081,12,6
2025_3329_3378,0.3021445258804837,3378,3329,South Florida,Oklahoma St,1683.410611086055,1735.6533768195266,12,7
2025_3143_3378,0.32720588917862925,3378,3143,South Florida,California,1683.410611086055,1732.981985453007,12,8
2025_3280_3378,0.44451952454901383,3378,3280,South Florida,Mississippi St,1683.410611086055,1672.2828961738294,12,9
2025_3355_3378,0.2321040294599604,3378,3355,South Florida,S Dakota St,1683.410611086055,1835.2775090793496,12,10
2025_3293_3378,0.4548556088049604,3378,3293,South Florida,Murray St,1683.410611086055,1695.9339089127072,12,11
2025_3193_3378,0.3499394132330418,3378,3193,South Florida,Fairfield,1683.410611086055,1777.546952772885,12,12
2025_3251_3378,0.44040986618897393,3378,3251,South Florida,Liberty,1683.410611086055,1734.815164305803,12,13
2025_3195_3378,0.3484061871737446,3378,3195,South Florida,FGCU,1683.410611086055,1808.5724936397603,12,14
2025_3117_3378,0.7182498687662359,3378,3117,South Florida,Arkansas St,1683.410611086055,1586.1666111780894,12,15
2025_3378_3422,0.651081607627518,3378,3422,South Florida,UNC Greensboro,1683.410611086055,1648.591563566133,12,16
2025_3286_3372,0.54092315144321,3286,3372,Montana St,SF Austin,1720.0676852052384,1710.1301229301325,13,14
2025_3192_3286,0.7065017109734437,3286,3192,Montana St,F Dickinson,1720.0676852052384,1616.5400097680608,13,15
2025_3219_3286,0.8123342870524939,3286,3219,Montana St,High Point,1720.0676852052384,1542.3452372503477,13,16
2025_3286_3456,0.861796832850137,3286,3456,Montana St,William & Mary,1720.0676852052384,1486.8572709106484,13,16
2025_3286_3417,0.09752525094495676,3286,3417,Montana St,UCLA,1720.0676852052384,1958.278979203148,13,1
2025_3286_3301,0.1500950943602621,3286,3301,Montana St,NC State,1720.0676852052384,1883.6190284342556,13,2
2025_3261_3286,0.15675854824097707,3286,3261,Montana St,LSU,1720.0676852052384,1875.8199352842041,13,3
2025_3124_3286,0.20724883692723153,3286,3124,Montana St,Baylor,1720.0676852052384,1823.9933602644464,13,4
2025_3279_3286,0.2787087253895989,3286,3279,Montana St,Mississippi,1720.0676852052384,1764.6037249112856,13,5
2025_3199_3286,0.28221262183602847,3286,3199,Montana St,Florida St,1720.0676852052384,1761.9644695309794,13,6
2025_3277_3286,0.3624677830925958,3286,3277,Montana St,Michigan St,1720.0676852052384,1715.8991388129386,13,7
2025_3286_3350,0.26810429210646475,3286,3350,Montana St,Richmond,1720.0676852052384,1797.7185869664368,13,8
2025_3210_3286,0.5058870826351098,3286,3210,Montana St,Georgia Tech,1720.0676852052384,1656.4881012812837,13,9
2025_3217_3286,0.34364248248505713,3286,3217,Montana St,Harvard,1720.0676852052384,1773.429450810923,13,10
2025_3206_3286,0.39669613158885103,3286,3206,Montana St,George Mason,1720.0676852052384,1753.7950358153073,13,11
2025_3123_3286,0.3960275752573852,3286,3123,Montana St,Ball St,1720.0676852052384,1769.2197745940423,13,12
2025_3213_3286,0.4316242269020893,3286,3213,Montana St,Grand Canyon,1720.0676852052384,1761.903095765611,13,13
2025_3286_3361,0.6035698860197312,3286,3361,Montana St,San Diego St,1720.0676852052384,1671.1713611028213,13,14
2025_3286_3436,0.6981644911721647,3286,3436,Montana St,Vermont,1720.0676852052384,1622.6020859062485,13,15
2025_3286_3380,0.800876753569874,3286,3380,Montana St,Southern Univ,1720.0676852052384,1553.512381915605,13,16
2025_3286_3471,0.8294374429426102,3286,3471,Montana St,UC San Diego,1720.0676852052384,1524.6527067841912,13,16
2025_3286_3425,0.11259887899138361,3286,3425,Montana St,USC,1720.0676852052384,1933.8727523760726,13,1
2025_3163_3286,0.08827592173498432,3286,3163,Montana St,Connecticut,1720.0676852052384,1974.97509244384,13,2
2025_3286_3328,0.2052868176989407,3286,3328,Montana St,Oklahoma,1720.0676852052384,1825.81495927408,13,3
2025_3246_3286,0.35269647174055935,3286,3246,Montana St,Kentucky,1720.0676852052384,1712.3650858848432,13,4
2025_3243_3286,0.2833253357351638,3286,3243,Montana St,Kansas St,1720.0676852052384,1761.130509058621,13,5
2025_3234_3286,0.21054813931228467,3286,3234,Montana St,Iowa,1720.0676852052384,1820.9586709265081,13,6
2025_3286_3329,0.33300419158588773,3286,3329,Montana St,Oklahoma St,1720.0676852052384,1735.6533768195266,13,7
2025_3143_3286,0.3593073105544994,3286,3143,Montana St,California,1720.0676852052384,1732.981985453007,13,8
2025_3280_3286,0.47992040306954376,3286,3280,Montana St,Mississippi St,1720.0676852052384,1672.2828961738294,13,9
2025_3286_3355,0.2584595095752425,3286,3355,Montana St,S Dakota St,1720.0676852052384,1835.2775090793496,13,10
2025_3286_3293,0.4903529978551502,3286,3293,Montana St,Murray St,1720.0676852052384,1695.9339089127072,13,11
2025_3193_3286,0.38300150638332947,3286,3193,Montana St,Fairfield,1720.0676852052384,1777.546952772885,13,12
2025_3251_3286,0.4757637759132814,3286,3251,Montana St,Liberty,1720.0676852052384,1734.815164305803,13,13
2025_3195_3286,0.381408414329836,3286,3195,Montana St,FGCU,1720.0676852052384,1808.5724936397603,13,14
2025_3117_3286,0.7461673609106333,3286,3117,Montana St,Arkansas St,1720.0676852052384,1586.1666111780894,13,15
2025_3286_3422,0.6827145086652165,3286,3422,Montana St,UNC Greensboro,1720.0676852052384,1648.591563566133,13,16
2025_3192_3372,0.6713713929959227,3372,3192,SF Austin,F Dickinson,1710.1301229301325,1616.5400097680608,14,15
2025_3219_3372,0.7860352040917825,3372,3219,SF Austin,High Point,1710.1301229301325,1542.3452372503477,14,16
2025_3372_3456,0.8410732197528903,3372,3456,SF Austin,William & Mary,1710.1301229301325,1486.8572709106484,14,16
2025_3372_3417,0.09192059140844146,3372,3417,SF Austin,UCLA,1710.1301229301325,1958.278979203148,14,1
2025_3301_3372,0.14194448238820112,3372,3301,SF Austin,NC State,1710.1301229301325,1883.6190284342556,14,2
2025_3261_3372,0.1483092332020301,3372,3261,SF Austin,LSU,1710.1301229301325,1875.8199352842041,14,3
2025_3124_3372,0.19671294758789487,3372,3124,SF Austin,Baylor,1710.1301229301325,1823.9933602644464,14,4
2025_3279_3372,0.26575787780441473,3372,3279,SF Austin,Mississippi,1710.1301229301325,1764.6037249112856,14,5
2025_3199_3372,0.26915971484540435,3372,3199,SF Austin,Florida St,1710.1301229301325,1761.9644695309794,14,6
2025_3277_3372,0.33273636548642116,3372,3277,SF Austin,Michigan St,1710.1301229301325,1715.8991388129386,14,7
2025_3350_3372,0.23715850212224504,3372,3350,SF Austin,Richmond,1710.1301229301325,1797.7185869664368,14,8
2025_3210_3372,0.46493013534890604,3372,3210,SF Austin,Georgia Tech,1710.1301229301325,1656.4881012812837,14,9
2025_3217_3372,0.3076426349846064,3372,3217,SF Austin,Harvard,1710.1301229301325,1773.429450810923,14,10
2025_3206_3372,0.3581713144799242,3372,3206,SF Austin,George Mason,1710.1301229301325,1753.7950358153073,14,11
2025_3123_3372,0.35752920790148146,3372,3123,SF Austin,Ball St,1710.1301229301325,1769.2197745940423,14,12
2025_3213_3372,0.391910874718039,3372,3213,SF Austin,Grand Canyon,1710.1301229301325,1761.903095765611,14,13
2025_3361_3372,0.5637271405899544,3372,3361,SF Austin,San Diego St,1710.1301229301325,1671.1713611028213,14,14
2025_3372_3436,0.6625129446936162,3372,3436,SF Austin,Vermont,1710.1301229301325,1622.6020859062485,14,15
2025_3372_3380,0.773419886952521,3372,3380,SF Austin,Southern Univ,1710.1301229301325,1553.512381915605,14,16
2025_3372_3471,0.8049596922545307,3372,3471,SF Austin,UC San Diego,1710.1301229301325,1524.6527067841912,14,16
2025_3372_3425,0.1062299235764695,3372,3425,SF Austin,USC,1710.1301229301325,1933.8727523760726,14,1
2025_3163_3372,0.083153833375946,3372,3163,SF Austin,Connecticut,1710.1301229301325,1974.97509244384,14,2
2025_3328_3372,0.19482615855423202,3372,3328,SF Austin,Oklahoma,1710.1301229301325,1825.81495927408,14,3
2025_3246_3372,0.3379182888093349,3372,3246,SF Austin,Kentucky,1710.1301229301325,1712.3650858848432,14,4
2025_3243_3372,0.2702403396699105,3372,3243,SF Austin,Kansas St,1710.1301229301325,1761.130509058621,14,5
2025_3234_3372,0.19988681470361885,3372,3234,SF Austin,Iowa,1710.1301229301325,1820.9586709265081,14,6
2025_3329_3372,0.3045350962151363,3372,3329,SF Austin,Oklahoma St,1710.1301229301325,1735.6533768195266,14,7
2025_3143_3372,0.3224726760400928,3372,3143,SF Austin,California,1710.1301229301325,1732.981985453007,14,8
2025_3280_3372,0.43919710354454017,3372,3280,SF Austin,Mississippi St,1710.1301229301325,1672.2828961738294,14,9
2025_3355_3372,0.22827974034784332,3372,3355,SF Austin,S Dakota St,1710.1301229301325,1835.2775090793496,14,10
2025_3293_3372,0.44950957800431124,3372,3293,SF Austin,Murray St,1710.1301229301325,1695.9339089127072,14,11
2025_3193_3372,0.34504600112157735,3372,3193,SF Austin,Fairfield,1710.1301229301325,1777.546952772885,14,12
2025_3251_3372,0.43509810913647423,3372,3251,SF Austin,Liberty,1710.1301229301325,1734.815164305803,14,13
2025_3195_3372,0.3435228851561191,3372,3195,SF Austin,FGCU,1710.1301229301325,1808.5724936397603,14,14
2025_3117_3372,0.7138619425631979,3372,3117,SF Austin,Arkansas St,1710.1301229301325,1586.1666111780894,14,15
2025_3372_3422,0.6461629468509006,3372,3422,SF Austin,UNC Greensboro,1710.1301229301325,1648.591563566133,14,16
2025_3192_3219,0.6426296316432802,3192,3219,F Dickinson,High Point,1616.5400097680608,1542.3452372503477,15,16
2025_3192_3456,0.7214852486961979,3192,3456,F Dickinson,William & Mary,1616.5400097680608,1486.8572709106484,15,16
2025_3192_3417,0.05185191845919043,3192,3417,F Dickinson,UCLA,1616.5400097680608,1958.278979203148,15,1
2025_3192_3301,0.08204015769533017,3192,3301,F Dickinson,NC State,1616.5400097680608,1883.6190284342556,15,2
2025_3192_3261,0.08598799582046641,3192,3261,F Dickinson,LSU,1616.5400097680608,1875.8199352842041,15,3
2025_3124_3192,0.11684230431986221,3192,3124,F Dickinson,Baylor,1616.5400097680608,1823.9933602644464,15,4
2025_3192_3279,0.16356132924040528,3192,3279,F Dickinson,Mississippi,1616.5400097680608,1764.6037249112856,15,5
2025_3192_3199,0.16595066537866207,3192,3199,F Dickinson,Florida St,1616.5400097680608,1761.9644695309794,15,6
2025_3192_3277,0.21222813380126293,3192,3277,F Dickinson,Michigan St,1616.5400097680608,1715.8991388129386,15,7
2025_3192_3350,0.13589383104333475,3192,3350,F Dickinson,Richmond,1616.5400097680608,1797.7185869664368,15,8
2025_3192_3210,0.29840506173340486,3192,3210,F Dickinson,Georgia Tech,1616.5400097680608,1656.4881012812837,15,9
2025_3192_3217,0.17864458769570668,3192,3217,F Dickinson,Harvard,1616.5400097680608,1773.429450810923,15,10
2025_3192_3206,0.21455164386850442,3192,3206,F Dickinson,George Mason,1616.5400097680608,1753.7950358153073,15,11
2025_3123_3192,0.21408112993084025,3192,3123,F Dickinson,Ball St,1616.5400097680608,1769.2197745940423,15,12
2025_3192_3213,0.23981733532010016,3192,3213,F Dickinson,Grand Canyon,1616.5400097680608,1761.903095765611,15,13
2025_3192_3361,0.3874386119309006,3192,3361,F Dickinson,San Diego St,1616.5400097680608,1671.1713611028213,15,14
2025_3192_3436,0.490031002608438,3192,3436,F Dickinson,Vermont,1616.5400097680608,1622.6020859062485,15,15
2025_3192_3380,0.6255866137081377,3192,3380,F Dickinson,Southern Univ,1616.5400097680608,1553.512381915605,15,16
2025_3192_3471,0.6688950426805562,3192,3471,F Dickinson,UC San Diego,1616.5400097680608,1524.6527067841912,15,16
2025_3192_3425,0.060338194393349344,3192,3425,F Dickinson,USC,1616.5400097680608,1933.8727523760726,15,1
2025_3163_3192,0.04671006644802816,3192,3163,F Dickinson,Connecticut,1616.5400097680608,1974.97509244384,15,2
2025_3192_3328,0.11561134410397864,3192,3328,F Dickinson,Oklahoma,1616.5400097680608,1825.81495927408,15,3
2025_3192_3246,0.21614122439441216,3192,3246,F Dickinson,Kentucky,1616.5400097680608,1712.3650858848432,15,4
2025_3192_3243,0.16671144600104038,3192,3243,F Dickinson,Kansas St,1616.5400097680608,1761.130509058621,15,5
2025_3192_3234,0.11891827241341589,3192,3234,F Dickinson,Iowa,1616.5400097680608,1820.9586709265081,15,6
2025_3192_3329,0.19131221205069332,3192,3329,F Dickinson,Oklahoma St,1616.5400097680608,1735.6533768195266,15,7
2025_3143_3192,0.19404596956402878,3192,3143,F Dickinson,California,1616.5400097680608,1732.981985453007,15,8
2025_3192_3280,0.2771154298309006,3192,3280,F Dickinson,Mississippi St,1616.5400097680608,1672.2828961738294,15,9
2025_3192_3355,0.1264802538941608,3192,3355,F Dickinson,S Dakota St,1616.5400097680608,1835.2775090793496,15,10
2025_3192_3293,0.2855600494393259,3192,3293,F Dickinson,Murray St,1616.5400097680608,1695.9339089127072,15,11
2025_3192_3193,0.20500825662985214,3192,3193,F Dickinson,Fairfield,1616.5400097680608,1777.546952772885,15,12
2025_3192_3251,0.27379061552205236,3192,3251,F Dickinson,Liberty,1616.5400097680608,1734.815164305803,15,13
2025_3192_3195,0.20391084529675707,3192,3195,F Dickinson,FGCU,1616.5400097680608,1808.5724936397603,15,14
2025_3117_3192,0.5497896807132824,3192,3117,F Dickinson,Arkansas St,1616.5400097680608,1586.1666111780894,15,15
2025_3192_3422,0.4719846203763332,3192,3422,F Dickinson,UNC Greensboro,1616.5400097680608,1648.591563566133,15,16
2025_3219_3456,0.5902611451230744,3219,3456,High Point,William & Mary,1542.3452372503477,1486.8572709106484,16,16
2025_3219_3417,0.03247620319198903,3219,3417,High Point,UCLA,1542.3452372503477,1958.278979203148,16,1
2025_3219_3301,0.052002580463396834,3219,3301,High Point,NC State,1542.3452372503477,1883.6190284342556,16,2
2025_3219_3261,0.054590945963531444,3219,3261,High Point,LSU,1542.3452372503477,1875.8199352842041,16,3
2025_3124_3219,0.07510505959350948,3219,3124,High Point,Baylor,1542.3452372503477,1823.9933602644464,16,4
2025_3219_3279,0.1071605282204121,3219,3279,High Point,Mississippi,1542.3452372503477,1764.6037249112856,16,5
2025_3199_3219,0.10883315384953626,3219,3199,High Point,Florida St,1542.3452372503477,1761.9644695309794,16,6
2025_3219_3277,0.14189241064997063,3219,3277,High Point,Michigan St,1542.3452372503477,1715.8991388129386,16,7
2025_3219_3350,0.08802952353730928,3219,3350,High Point,Richmond,1542.3452372503477,1797.7185869664368,16,8
2025_3210_3219,0.19642241983270403,3219,3210,High Point,Georgia Tech,1542.3452372503477,1656.4881012812837,16,9
2025_3217_3219,0.10790191219644606,3219,3217,High Point,Harvard,1542.3452372503477,1773.429450810923,16,10
2025_3206_3219,0.13187283698099916,3219,3206,High Point,George Mason,1542.3452372503477,1753.7950358153073,16,11
2025_3123_3219,0.13155327032123273,3219,3123,High Point,Ball St,1542.3452372503477,1769.2197745940423,16,12
2025_3213_3219,0.14925234546387214,3219,3213,High Point,Grand Canyon,1542.3452372503477,1761.903095765611,16,13
2025_3219_3361,0.26020802688748773,3219,3361,High Point,San Diego St,1542.3452372503477,1671.1713611028213,16,14
2025_3219_3436,0.34826436702917973,3219,3436,High Point,Vermont,1542.3452372503477,1622.6020859062485,16,15
2025_3219_3380,0.4816416130027701,3219,3380,High Point,Southern Univ,1542.3452372503477,1553.512381915605,16,16
2025_3219_3471,0.5290661609318379,3219,3471,High Point,UC San Diego,1542.3452372503477,1524.6527067841912,16,16
2025_3219_3425,0.03791819640309645,3219,3425,High Point,USC,1542.3452372503477,1933.8727523760726,16,1
2025_3163_3219,0.029196562305430645,3219,3163,High Point,Connecticut,1542.3452372503477,1974.97509244384,16,2
2025_3219_3328,0.07427682937962024,3219,3328,High Point,Oklahoma,1542.3452372503477,1825.81495927408,16,3
2025_3219_3246,0.14474692960771793,3219,3246,High Point,Kentucky,1542.3452372503477,1712.3650858848432,16,4
2025_3219_3243,0.10936642158385064,3219,3243,High Point,Kansas St,1542.3452372503477,1761.130509058621,16,5
2025_3219_3234,0.07650370852259274,3219,3234,High Point,Iowa,1542.3452372503477,1820.9586709265081,16,6
2025_3219_3329,0.1267926622106138,3219,3329,High Point,Oklahoma St,1542.3452372503477,1735.6533768195266,16,7
2025_3143_3219,0.12875125121914502,3219,3143,High Point,California,1542.3452372503477,1732.981985453007,16,8
2025_3219_3280,0.1805364508827425,3219,3280,High Point,Mississippi St,1542.3452372503477,1672.2828961738294,16,9
2025_3219_3355,0.07452031545409182,3219,3355,High Point,S Dakota St,1542.3452372503477,1835.2775090793496,16,10
2025_3219_3293,0.18185313081388652,3219,3293,High Point,Murray St,1542.3452372503477,1695.9339089127072,16,11
2025_3193_3219,0.12541981619556952,3219,3193,High Point,Fairfield,1542.3452372503477,1777.546952772885,16,12
2025_3219_3251,0.17332107043253211,3219,3251,High Point,Liberty,1542.3452372503477,1734.815164305803,16,13
2025_3195_3219,0.12468162546726694,3219,3195,High Point,FGCU,1542.3452372503477,1808.5724936397603,16,14
2025_3117_3219,0.4044457409724236,3219,3117,High Point,Arkansas St,1542.3452372503477,1586.1666111780894,16,15
2025_3219_3422,0.3320395498379204,3219,3422,High Point,UNC Greensboro,1542.3452372503477,1648.591563566133,16,16
2025_3417_3456,0.022770015782760326,3456,3417,William & Mary,UCLA,1486.8572709106484,1958.278979203148,16,1
2025_3301_3456,0.03668178532637124,3456,3301,William & Mary,NC State,1486.8572709106484,1883.6190284342556,16,2
2025_3261_3456,0.03853857742368777,3456,3261,William & Mary,LSU,1486.8572709106484,1875.8199352842041,16,3
2025_3124_3456,0.05336102066302778,3456,3124,William & Mary,Baylor,1486.8572709106484,1823.9933602644464,16,4
2025_3279_3456,0.07690765453911907,3456,3279,William & Mary,Mississippi,1486.8572709106484,1764.6037249112856,16,5
2025_3199_3456,0.07814940687741084,3456,3199,William & Mary,Florida St,1486.8572709106484,1761.9644695309794,16,6
2025_3277_3456,0.10296503020398318,3456,3277,William & Mary,Michigan St,1486.8572709106484,1715.8991388129386,16,7
2025_3350_3456,0.06279771809587038,3456,3350,William & Mary,Richmond,1486.8572709106484,1797.7185869664368,16,8
2025_3210_3456,0.14506404435351636,3456,3210,William & Mary,Georgia Tech,1486.8572709106484,1656.4881012812837,16,9
2025_3217_3456,0.07745789371116411,3456,3217,William & Mary,Harvard,1486.8572709106484,1773.429450810923,16,10
2025_3206_3456,0.09538870711385387,3456,3206,William & Mary,George Mason,1486.8572709106484,1753.7950358153073,16,11
2025_3123_3456,0.0951478621834526,3456,3123,William & Mary,Ball St,1486.8572709106484,1769.2197745940423,16,12
2025_3213_3456,0.10856125687181097,3456,3213,William & Mary,Grand Canyon,1486.8572709106484,1761.903095765611,16,13
2025_3361_3456,0.19624467863716766,3456,3361,William & Mary,San Diego St,1486.8572709106484,1671.1713611028213,16,14
2025_3436_3456,0.2705720486084703,3456,3436,William & Mary,Vermont,1486.8572709106484,1622.6020859062485,16,15
2025_3380_3456,0.3920956788835384,3456,3380,William & Mary,Southern Univ,1486.8572709106484,1553.512381915605,16,16
2025_3456_3471,0.4381560138940617,3456,3471,William & Mary,UC San Diego,1486.8572709106484,1524.6527067841912,16,16
2025_3425_3456,0.02663032318244981,3456,3425,William & Mary,USC,1486.8572709106484,1933.8727523760726,16,1
2025_3163_3456,0.020449846112256184,3456,3163,William & Mary,Connecticut,1486.8572709106484,1974.97509244384,16,2
2025_3328_3456,0.05275889740491304,3456,3328,William & Mary,Oklahoma,1486.8572709106484,1825.81495927408,16,3
2025_3246_3456,0.1051323733204167,3456,3246,William & Mary,Kentucky,1486.8572709106484,1712.3650858848432,16,4
2025_3243_3456,0.07854557960162524,3456,3243,William & Mary,Kansas St,1486.8572709106484,1761.130509058621,16,5
2025_3234_3456,0.05437854735478415,3456,3234,William & Mary,Iowa,1486.8572709106484,1820.9586709265081,16,6
2025_3329_3456,0.09156577684136388,3456,3329,William & Mary,Oklahoma St,1486.8572709106484,1735.6533768195266,16,7
2025_3143_3456,0.09303818837377861,3456,3143,William & Mary,California,1486.8572709106484,1732.981985453007,16,8
2025_3280_3456,0.13264611683793898,3456,3280,William & Mary,Mississippi St,1486.8572709106484,1672.2828961738294,16,9
2025_3355_3456,0.052935879354821753,3456,3355,William & Mary,S Dakota St,1486.8572709106484,1835.2775090793496,16,10
2025_3293_3456,0.13367049824551125,3456,3293,William & Mary,Murray St,1486.8572709106484,1695.9339089127072,16,11
2025_3193_3456,0.09053480372164432,3456,3193,William & Mary,Fairfield,1486.8572709106484,1777.546952772885,16,12
2025_3251_3456,0.1270479946413002,3456,3251,William & Mary,Liberty,1486.8572709106484,1734.815164305803,16,13
2025_3195_3456,0.08998081299569034,3456,3195,William & Mary,FGCU,1486.8572709106484,1808.5724936397603,16,14
2025_3117_3456,0.32038132298104344,3456,3117,William & Mary,Arkansas St,1486.8572709106484,1586.1666111780894,16,15
2025_3422_3456,0.25654199291399277,3456,3422,William & Mary,UNC Greensboro,1486.8572709106484,1648.591563566133,16,16
2025_3301_3417,0.6433321480463414,3417,3301,UCLA,NC State,1958.278979203148,1883.6190284342556,1,2
2025_3261_3417,0.6769624409949011,3417,3261,UCLA,LSU,1958.278979203148,1875.8199352842041,1,3
2025_3124_3417,0.7648555234577553,3417,3124,UCLA,Baylor,1958.278979203148,1823.9933602644464,1,4
2025_3279_3417,0.8414267664166656,3417,3279,UCLA,Mississippi,1958.278979203148,1764.6037249112856,1,5
2025_3199_3417,0.856304288901368,3417,3199,UCLA,Florida St,1958.278979203148,1761.9644695309794,1,6
2025_3277_3417,0.8990456457522207,3417,3277,UCLA,Michigan St,1958.278979203148,1715.8991388129386,1,7
2025_3350_3417,0.8473774697647545,3417,3350,UCLA,Richmond,1958.278979203148,1797.7185869664368,1,8
2025_3210_3417,0.9335973126259278,3417,3210,UCLA,Georgia Tech,1958.278979203148,1656.4881012812837,1,9
2025_3217_3417,0.8669172280081702,3417,3217,UCLA,Harvard,1958.278979203148,1773.429450810923,1,10
2025_3206_3417,0.8811267196930928,3417,3206,UCLA,George Mason,1958.278979203148,1753.7950358153073,1,11
2025_3123_3417,0.8700800696863664,3417,3123,UCLA,Ball St,1958.278979203148,1769.2197745940423,1,12
2025_3213_3417,0.8754250475584133,3417,3213,UCLA,Grand Canyon,1958.278979203148,1761.903095765611,1,13
2025_3361_3417,0.9273521265409498,3417,3361,UCLA,San Diego St,1958.278979203148,1671.1713611028213,1,14
2025_3417_3436,0.9461519753086856,3417,3436,UCLA,Vermont,1958.278979203148,1622.6020859062485,1,15
2025_3380_3417,0.9651343710209446,3417,3380,UCLA,Southern Univ,1958.278979203148,1553.512381915605,1,16
2025_3417_3471,0.9709886680142498,3417,3471,UCLA,UC San Diego,1958.278979203148,1524.6527067841912,1,16
2025_3417_3425,0.5400549928185479,3417,3425,UCLA,USC,1958.278979203148,1933.8727523760726,1,1
2025_3163_3417,0.4972104253269751,3417,3163,UCLA,Connecticut,1958.278979203148,1974.97509244384,1,2
2025_3328_3417,0.7443725729748534,3417,3328,UCLA,Oklahoma,1958.278979203148,1825.81495927408,1,3
2025_3246_3417,0.8714531363636657,3417,3246,UCLA,Kentucky,1958.278979203148,1712.3650858848432,1,4
2025_3243_3417,0.844451811725654,3417,3243,UCLA,Kansas St,1958.278979203148,1761.130509058621,1,5
2025_3234_3417,0.8016781391248566,3417,3234,UCLA,Iowa,1958.278979203148,1820.9586709265081,1,6
2025_3329_3417,0.886623457094168,3417,3329,UCLA,Oklahoma St,1958.278979203148,1735.6533768195266,1,7
2025_3143_3417,0.8947370712064231,3417,3143,UCLA,California,1958.278979203148,1732.981985453007,1,8
2025_3280_3417,0.9268579344762539,3417,3280,UCLA,Mississippi St,1958.278979203148,1672.2828961738294,1,9
2025_3355_3417,0.8126139642290785,3417,3355,UCLA,S Dakota St,1958.278979203148,1835.2775090793496,1,10
2025_3293_3417,0.9155836804138993,3417,3293,UCLA,Murray St,1958.278979203148,1695.9339089127072,1,11
2025_3193_3417,0.863760826624852,3417,3193,UCLA,Fairfield,1958.278979203148,1777.546952772885,1,12
2025_3251_3417,0.8935957956699516,3417,3251,UCLA,Liberty,1958.278979203148,1734.815164305803,1,13
2025_3195_3417,0.8379118608427774,3417,3195,UCLA,FGCU,1958.278979203148,1808.5724936397603,1,14
2025_3117_3417,0.9571370887260064,3417,3117,UCLA,Arkansas St,1958.278979203148,1586.1666111780894,1,15
2025_3417_3422,0.93674622105193,3417,3422,UCLA,UNC Greensboro,1958.278979203148,1648.591563566133,1,16
2025_3261_3301,0.5374276093874831,3301,3261,NC State,LSU,1883.6190284342556,1875.8199352842041,2,3
2025_3124_3301,0.6432803951520999,3301,3124,NC State,Baylor,1883.6190284342556,1823.9933602644464,2,4
2025_3279_3301,0.7463096688935106,3301,3279,NC State,Mississippi,1883.6190284342556,1764.6037249112856,2,5
2025_3199_3301,0.7676468983997246,3301,3199,NC State,Florida St,1883.6190284342556,1761.9644695309794,2,6
2025_3277_3301,0.8315719460971994,3301,3277,NC State,Michigan St,1883.6190284342556,1715.8991388129386,2,7
2025_3301_3350,0.7608265494108528,3301,3350,NC State,Richmond,1883.6190284342556,1797.7185869664368,2,8
2025_3210_3301,0.8958679951672226,3301,3210,NC State,Georgia Tech,1883.6190284342556,1656.4881012812837,2,9
2025_3217_3301,0.7994400357740853,3301,3217,NC State,Harvard,1883.6190284342556,1773.429450810923,2,10
2025_3206_3301,0.8193528924293128,3301,3206,NC State,George Mason,1883.6190284342556,1753.7950358153073,2,11
2025_3123_3301,0.8038436801477715,3301,3123,NC State,Ball St,1883.6190284342556,1769.2197745940423,2,12
2025_3213_3301,0.8113227418968895,3301,3213,NC State,Grand Canyon,1883.6190284342556,1761.903095765611,2,13
2025_3301_3361,0.8865057322482904,3301,3361,NC State,San Diego St,1883.6190284342556,1671.1713611028213,2,14
2025_3301_3436,0.9149058999477266,3301,3436,NC State,Vermont,1883.6190284342556,1622.6020859062485,2,15
2025_3301_3380,0.944254122432179,3301,3380,NC State,Southern Univ,1883.6190284342556,1553.512381915605,2,16
2025_3301_3471,0.953445309987431,3301,3471,NC State,UC San Diego,1883.6190284342556,1524.6527067841912,2,16
2025_3301_3425,0.39429537260732,3301,3425,NC State,USC,1883.6190284342556,1933.8727523760726,2,1
2025_3163_3301,0.3541116028557284,3301,3163,NC State,Connecticut,1883.6190284342556,1974.97509244384,2,2
2025_3301_3328,0.6175033195458952,3301,3328,NC State,Oklahoma,1883.6190284342556,1825.81495927408,2,3
2025_3246_3301,0.7898484850675467,3301,3246,NC State,Kentucky,1883.6190284342556,1712.3650858848432,2,4
2025_3243_3301,0.7506114293006072,3301,3243,NC State,Kansas St,1883.6190284342556,1761.130509058621,2,5
2025_3234_3301,0.6914612662471284,3301,3234,NC State,Iowa,1883.6190284342556,1820.9586709265081,2,6
2025_3301_3329,0.8125780795848144,3301,3329,NC State,Oklahoma St,1883.6190284342556,1735.6533768195266,2,7
2025_3143_3301,0.8296440214752079,3301,3143,NC State,California,1883.6190284342556,1732.981985453007,2,8
2025_3280_3301,0.8857679069239824,3301,3280,NC State,Mississippi St,1883.6190284342556,1672.2828961738294,2,9
2025_3301_3355,0.7262961851453286,3301,3355,NC State,S Dakota St,1883.6190284342556,1835.2775090793496,2,10
2025_3293_3301,0.869054775116368,3301,3293,NC State,Murray St,1883.6190284342556,1695.9339089127072,2,11
2025_3193_3301,0.7950615707116652,3301,3193,NC State,Fairfield,1883.6190284342556,1777.546952772885,2,12
2025_3251_3301,0.8371037444710213,3301,3251,NC State,Liberty,1883.6190284342556,1734.815164305803,2,13
2025_3195_3301,0.7598028030986281,3301,3195,NC State,FGCU,1883.6190284342556,1808.5724936397603,2,14
2025_3117_3301,0.9318058533454836,3301,3117,NC State,Arkansas St,1883.6190284342556,1586.1666111780894,2,15
2025_3301_3422,0.9006156171128692,3301,3422,NC State,UNC Greensboro,1883.6190284342556,1648.591563566133,2,16
2025_3124_3261,0.6081731618146141,3261,3124,LSU,Baylor,1875.8199352842041,1823.9933602644464,3,4
2025_3261_3279,0.716879519618204,3261,3279,LSU,Mississippi,1875.8199352842041,1764.6037249112856,3,5
2025_3199_3261,0.7398291305784942,3261,3199,LSU,Florida St,1875.8199352842041,1761.9644695309794,3,6
2025_3261_3277,0.809508258941335,3261,3277,LSU,Michigan St,1875.8199352842041,1715.8991388129386,3,7
2025_3261_3350,0.7324768003265089,3261,3350,LSU,Richmond,1875.8199352842041,1797.7185869664368,3,8
2025_3210_3261,0.8844269139349916,3261,3210,LSU,Georgia Tech,1875.8199352842041,1656.4881012812837,3,9
2025_3217_3261,0.7910869029215926,3261,3217,LSU,Harvard,1875.8199352842041,1773.429450810923,3,10
2025_3206_3261,0.8116336970649288,3261,3206,LSU,George Mason,1875.8199352842041,1753.7950358153073,3,11
2025_3123_3261,0.795627067657806,3261,3123,LSU,Ball St,1875.8199352842041,1769.2197745940423,3,12
2025_3213_3261,0.8033427693697913,3261,3213,LSU,Grand Canyon,1875.8199352842041,1761.903095765611,3,13
2025_3261_3361,0.8812401168214908,3261,3361,LSU,San Diego St,1875.8199352842041,1671.1713611028213,3,14
2025_3261_3436,0.9108253798248745,3261,3436,LSU,Vermont,1875.8199352842041,1622.6020859062485,3,15
2025_3261_3380,0.9414909381383686,3261,3380,LSU,Southern Univ,1875.8199352842041,1553.512381915605,3,16
2025_3261_3471,0.9511141234805773,3261,3471,LSU,UC San Diego,1875.8199352842041,1524.6527067841912,3,16
2025_3261_3425,0.35909755650824177,3261,3425,LSU,USC,1875.8199352842041,1933.8727523760726,3,1
2025_3163_3261,0.32060222314169734,3261,3163,LSU,Connecticut,1875.8199352842041,1974.97509244384,3,2
2025_3261_3328,0.5815095838328495,3261,3328,LSU,Oklahoma,1875.8199352842041,1825.81495927408,3,3
2025_3246_3261,0.7638711261006571,3261,3246,LSU,Kentucky,1875.8199352842041,1712.3650858848432,3,4
2025_3243_3261,0.7214940891448183,3261,3243,LSU,Kansas St,1875.8199352842041,1761.130509058621,3,5
2025_3234_3261,0.6585791293702058,3261,3234,LSU,Iowa,1875.8199352842041,1820.9586709265081,3,6
2025_3261_3329,0.7886585958891704,3261,3329,LSU,Oklahoma St,1875.8199352842041,1735.6533768195266,3,7
2025_3143_3261,0.8073862786454312,3261,3143,LSU,California,1875.8199352842041,1732.981985453007,3,8
2025_3261_3280,0.8733739703902986,3261,3280,LSU,Mississippi St,1875.8199352842041,1672.2828961738294,3,9
2025_3261_3355,0.7159789798223066,3261,3355,LSU,S Dakota St,1875.8199352842041,1835.2775090793496,3,10
2025_3261_3293,0.8631045414841172,3261,3293,LSU,Murray St,1875.8199352842041,1695.9339089127072,3,11
2025_3193_3261,0.7865747630036054,3261,3193,LSU,Fairfield,1875.8199352842041,1777.546952772885,3,12
2025_3251_3261,0.8299856680676917,3261,3251,LSU,Liberty,1875.8199352842041,1734.815164305803,3,13
2025_3195_3261,0.7503144207024902,3261,3195,LSU,FGCU,1875.8199352842041,1808.5724936397603,3,14
2025_3117_3261,0.9284723796017001,3261,3117,LSU,Arkansas St,1875.8199352842041,1586.1666111780894,3,15
2025_3261_3422,0.8959277844442411,3261,3422,LSU,UNC Greensboro,1875.8199352842041,1648.591563566133,3,16
2025_3124_3279,0.6199640444767044,3124,3279,Baylor,Mississippi,1823.9933602644464,1764.6037249112856,4,5
2025_3124_3199,0.646900133715457,3124,3199,Baylor,Florida St,1823.9933602644464,1761.9644695309794,4,6
2025_3124_3277,0.7324676126369785,3124,3277,Baylor,Michigan St,1823.9933602644464,1715.8991388129386,4,7
2025_3124_3350,0.6382059094475858,3124,3350,Baylor,Richmond,1823.9933602644464,1797.7185869664368,4,8
2025_3124_3210,0.8313740865882988,3124,3210,Baylor,Georgia Tech,1823.9933602644464,1656.4881012812837,4,9
2025_3124_3217,0.7160077197120411,3124,3217,Baylor,Harvard,1823.9933602644464,1773.429450810923,4,10
2025_3124_3206,0.7539336614531624,3124,3206,Baylor,George Mason,1823.9933602644464,1753.7950358153073,4,11
2025_3123_3124,0.7346270416542426,3124,3123,Baylor,Ball St,1823.9933602644464,1769.2197745940423,4,12
2025_3124_3213,0.7439044135344335,3124,3213,Baylor,Grand Canyon,1823.9933602644464,1761.903095765611,4,13
2025_3124_3361,0.8406763457799632,3124,3361,Baylor,San Diego St,1823.9933602644464,1671.1713611028213,4,14
2025_3124_3436,0.8789790403223031,3124,3436,Baylor,Vermont,1823.9933602644464,1622.6020859062485,4,15
2025_3124_3380,0.9196296458467929,3124,3380,Baylor,Southern Univ,1823.9933602644464,1553.512381915605,4,16
2025_3124_3471,0.9325909942389935,3124,3471,Baylor,UC San Diego,1823.9933602644464,1524.6527067841912,4,16
2025_3124_3425,0.26523727942269854,3124,3425,Baylor,USC,1823.9933602644464,1933.8727523760726,4,1
2025_3124_3163,0.23314355261281122,3124,3163,Baylor,Connecticut,1823.9933602644464,1974.97509244384,4,2
2025_3124_3328,0.4723616563992976,3124,3328,Baylor,Oklahoma,1823.9933602644464,1825.81495927408,4,3
2025_3124_3246,0.6757660725030074,3124,3246,Baylor,Kentucky,1823.9933602644464,1712.3650858848432,4,4
2025_3124_3243,0.6253326678079579,3124,3243,Baylor,Kansas St,1823.9933602644464,1761.130509058621,4,5
2025_3124_3234,0.5541194274497717,3124,3234,Baylor,Iowa,1823.9933602644464,1820.9586709265081,4,6
2025_3124_3329,0.7062456031304595,3124,3329,Baylor,Oklahoma St,1823.9933602644464,1735.6533768195266,4,7
2025_3124_3143,0.7297739169346835,3124,3143,Baylor,California,1823.9933602644464,1732.981985453007,4,8
2025_3124_3280,0.8163012233061682,3124,3280,Baylor,Mississippi St,1823.9933602644464,1672.2828961738294,4,9
2025_3124_3355,0.6266465218602353,3124,3355,Baylor,S Dakota St,1823.9933602644464,1835.2775090793496,4,10
2025_3124_3293,0.8176282876058367,3124,3293,Baylor,Murray St,1823.9933602644464,1695.9339089127072,4,11
2025_3124_3193,0.7238107725027343,3124,3193,Baylor,Fairfield,1823.9933602644464,1777.546952772885,4,12
2025_3124_3251,0.7763581863773572,3124,3251,Baylor,Liberty,1823.9933602644464,1734.815164305803,4,13
2025_3124_3195,0.6812087897552087,3124,3195,Baylor,FGCU,1823.9933602644464,1808.5724936397603,4,14
2025_3117_3124,0.9022518598468235,3124,3117,Baylor,Arkansas St,1823.9933602644464,1586.1666111780894,4,15
2025_3124_3422,0.8595813737463152,3124,3422,Baylor,UNC Greensboro,1823.9933602644464,1648.591563566133,4,16
2025_3199_3279,0.5289788344215655,3279,3199,Mississippi,Florida St,1764.6037249112856,1761.9644695309794,5,6
2025_3277_3279,0.6266291826586418,3279,3277,Mississippi,Michigan St,1764.6037249112856,1715.8991388129386,5,7
2025_3279_3350,0.5195375767302278,3279,3350,Mississippi,Richmond,1764.6037249112856,1797.7185869664368,5,8
2025_3210_3279,0.7513829182329236,3279,3210,Mississippi,Georgia Tech,1764.6037249112856,1656.4881012812837,5,9
2025_3217_3279,0.6071500618962586,3279,3217,Mississippi,Harvard,1764.6037249112856,1773.429450810923,5,10
2025_3206_3279,0.6599792322181961,3279,3206,Mississippi,George Mason,1764.6037249112856,1753.7950358153073,5,11
2025_3123_3279,0.651925401527769,3279,3123,Mississippi,Ball St,1764.6037249112856,1769.2197745940423,5,12
2025_3213_3279,0.6627667729242378,3279,3213,Mississippi,Grand Canyon,1764.6037249112856,1761.903095765611,5,13
2025_3279_3361,0.7811799191035712,3279,3361,Mississippi,San Diego St,1764.6037249112856,1671.1713611028213,5,14
2025_3279_3436,0.8309090918098081,3279,3436,Mississippi,Vermont,1764.6037249112856,1622.6020859062485,5,15
2025_3279_3380,0.8856048580203947,3279,3380,Mississippi,Southern Univ,1764.6037249112856,1553.512381915605,5,16
2025_3279_3471,0.9034774686096099,3279,3471,Mississippi,UC San Diego,1764.6037249112856,1524.6527067841912,5,16
2025_3279_3425,0.18118813781799606,3279,3425,Mississippi,USC,1764.6037249112856,1933.8727523760726,5,1
2025_3163_3279,0.15709005726688785,3279,3163,Mississippi,Connecticut,1764.6037249112856,1974.97509244384,5,2
2025_3279_3328,0.3543295559784142,3279,3328,Mississippi,Oklahoma,1764.6037249112856,1825.81495927408,5,3
2025_3246_3279,0.5609420270256112,3279,3246,Mississippi,Kentucky,1764.6037249112856,1712.3650858848432,5,4
2025_3243_3279,0.5057121622204861,3279,3243,Mississippi,Kansas St,1764.6037249112856,1761.130509058621,5,5
2025_3234_3279,0.4323998377468238,3279,3234,Mississippi,Iowa,1764.6037249112856,1820.9586709265081,5,6
2025_3279_3329,0.5957586194214156,3279,3329,Mississippi,Oklahoma St,1764.6037249112856,1735.6533768195266,5,7
2025_3143_3279,0.6234177165597772,3279,3143,Mississippi,California,1764.6037249112856,1732.981985453007,5,8
2025_3279_3280,0.7314693942613137,3279,3280,Mississippi,Mississippi St,1764.6037249112856,1672.2828961738294,5,9
2025_3279_3355,0.5071148626407239,3279,3355,Mississippi,S Dakota St,1764.6037249112856,1835.2775090793496,5,10
2025_3279_3293,0.7395939728283584,3279,3293,Mississippi,Murray St,1764.6037249112856,1695.9339089127072,5,11
2025_3193_3279,0.6393929523210911,3279,3193,Mississippi,Fairfield,1764.6037249112856,1777.546952772885,5,12
2025_3251_3279,0.7013751639335323,3279,3251,Mississippi,Liberty,1764.6037249112856,1734.815164305803,5,13
2025_3195_3279,0.5911252572897556,3279,3195,Mississippi,FGCU,1764.6037249112856,1808.5724936397603,5,14
2025_3117_3279,0.8619743689278236,3279,3117,Mississippi,Arkansas St,1764.6037249112856,1586.1666111780894,5,15
2025_3279_3422,0.8055114226593678,3279,3422,Mississippi,UNC Greensboro,1764.6037249112856,1648.591563566133,5,16
2025_3199_3277,0.5991050381979374,3199,3277,Florida St,Michigan St,1761.9644695309794,1715.8991388129386,6,7
2025_3199_3350,0.49053731211394574,3199,3350,Florida St,Richmond,1761.9644695309794,1797.7185869664368,6,8
2025_3199_3210,0.7290792553548255,3199,3210,Florida St,Georgia Tech,1761.9644695309794,1656.4881012812837,6,9
2025_3199_3217,0.5791543510799242,3199,3217,Florida St,Harvard,1761.9644695309794,1773.429450810923,6,10
2025_3199_3206,0.6334755750979413,3199,3206,Florida St,George Mason,1761.9644695309794,1753.7950358153073,6,11
2025_3123_3199,0.6328265461327229,3199,3123,Florida St,Ball St,1761.9644695309794,1769.2197745940423,6,12
2025_3199_3213,0.6588750821751528,3199,3213,Florida St,Grand Canyon,1761.9644695309794,1761.903095765611,6,13
2025_3199_3361,0.778197409606338,3199,3361,Florida St,San Diego St,1761.9644695309794,1671.1713611028213,6,14
2025_3199_3436,0.8284555450113535,3199,3436,Florida St,Vermont,1761.9644695309794,1622.6020859062485,6,15
2025_3199_3380,0.8838340023464091,3199,3380,Florida St,Southern Univ,1761.9644695309794,1553.512381915605,6,16
2025_3199_3471,0.9019526530194013,3199,3471,Florida St,UC San Diego,1761.9644695309794,1524.6527067841912,6,16
2025_3199_3425,0.16460392720199724,3199,3425,Florida St,USC,1761.9644695309794,1933.8727523760726,6,1
2025_3163_3199,0.14232815016841968,3199,3163,Florida St,Connecticut,1761.9644695309794,1974.97509244384,6,2
2025_3199_3328,0.3282507824433356,3199,3328,Florida St,Oklahoma,1761.9644695309794,1825.81495927408,6,3
2025_3199_3246,0.5321905906590443,3199,3246,Florida St,Kentucky,1761.9644695309794,1712.3650858848432,6,4
2025_3199_3243,0.4767179120949502,3199,3243,Florida St,Kansas St,1761.9644695309794,1761.130509058621,6,5
2025_3199_3234,0.40417190229777494,3199,3234,Florida St,Iowa,1761.9644695309794,1820.9586709265081,6,6
2025_3199_3329,0.5675293535791248,3199,3329,Florida St,Oklahoma St,1761.9644695309794,1735.6533768195266,6,7
2025_3143_3199,0.5958095339334487,3199,3143,Florida St,California,1761.9644695309794,1732.981985453007,6,8
2025_3199_3280,0.7080733451773866,3199,3280,Florida St,Mississippi St,1761.9644695309794,1672.2828961738294,6,9
2025_3199_3355,0.4781179816436578,3199,3355,Florida St,S Dakota St,1761.9644695309794,1835.2775090793496,6,10
2025_3199_3293,0.7166315636968815,3199,3293,Florida St,Murray St,1761.9644695309794,1695.9339089127072,6,11
2025_3193_3199,0.6200072604134351,3199,3193,Florida St,Fairfield,1761.9644695309794,1777.546952772885,6,12
2025_3199_3251,0.697725813281039,3199,3251,Florida St,Liberty,1761.9644695309794,1734.815164305803,6,13
2025_3195_3199,0.5869221001497723,3199,3195,Florida St,FGCU,1761.9644695309794,1808.5724936397603,6,14
2025_3117_3199,0.8598955802708309,3199,3117,Florida St,Arkansas St,1761.9644695309794,1586.1666111780894,6,15
2025_3199_3422,0.8027768226874159,3199,3422,Florida St,UNC Greensboro,1761.9644695309794,1648.591563566133,6,16
2025_3277_3350,0.3918380111876519,3277,3350,Michigan St,Richmond,1715.8991388129386,1797.7185869664368,7,8
2025_3210_3277,0.6429563134911767,3277,3210,Michigan St,Georgia Tech,1715.8991388129386,1656.4881012812837,7,9
2025_3217_3277,0.4794030127915507,3277,3217,Michigan St,Harvard,1715.8991388129386,1773.429450810923,7,10
2025_3206_3277,0.5362907688642191,3277,3206,Michigan St,George Mason,1715.8991388129386,1753.7950358153073,7,11
2025_3123_3277,0.5355958095477965,3277,3123,Michigan St,Ball St,1715.8991388129386,1769.2197745940423,7,12
2025_3213_3277,0.5718594728495354,3277,3213,Michigan St,Grand Canyon,1715.8991388129386,1761.903095765611,7,13
2025_3277_3361,0.7215447850341706,3277,3361,Michigan St,San Diego St,1715.8991388129386,1671.1713611028213,7,14
2025_3277_3436,0.7810277146474169,3277,3436,Michigan St,Vermont,1715.8991388129386,1622.6020859062485,7,15
2025_3277_3380,0.8489249196421654,3277,3380,Michigan St,Southern Univ,1715.8991388129386,1553.512381915605,7,16
2025_3277_3471,0.8716980102216128,3277,3471,Michigan St,UC San Diego,1715.8991388129386,1524.6527067841912,7,16
2025_3277_3425,0.11648957674628434,3277,3425,Michigan St,USC,1715.8991388129386,1933.8727523760726,7,1
2025_3163_3277,0.09994608783071456,3277,3163,Michigan St,Connecticut,1715.8991388129386,1974.97509244384,7,2
2025_3277_3328,0.24641129355560254,3277,3328,Michigan St,Oklahoma,1715.8991388129386,1825.81495927408,7,3
2025_3246_3277,0.43222061986800164,3277,3246,Michigan St,Kentucky,1715.8991388129386,1712.3650858848432,7,4
2025_3243_3277,0.37873211449350697,3277,3243,Michigan St,Kansas St,1715.8991388129386,1761.130509058621,7,5
2025_3234_3277,0.3122010077368889,3277,3234,Michigan St,Iowa,1715.8991388129386,1820.9586709265081,7,6
2025_3277_3329,0.4675557838223534,3277,3329,Michigan St,Oklahoma St,1715.8991388129386,1735.6533768195266,7,7
2025_3143_3277,0.49657438815406824,3277,3143,Michigan St,California,1715.8991388129386,1732.981985453007,7,8
2025_3277_3280,0.6187645365057245,3277,3280,Michigan St,Mississippi St,1715.8991388129386,1672.2828961738294,7,9
2025_3277_3355,0.38005341684992044,3277,3355,Michigan St,S Dakota St,1715.8991388129386,1835.2775090793496,7,10
2025_3277_3293,0.6285675348021491,3277,3293,Michigan St,Murray St,1715.8991388129386,1695.9339089127072,7,11
2025_3193_3277,0.521946279056318,3277,3193,Michigan St,Fairfield,1715.8991388129386,1777.546952772885,7,12
2025_3251_3277,0.6148269863708519,3277,3251,Michigan St,Liberty,1715.8991388129386,1734.815164305803,7,13
2025_3195_3277,0.5120478274984058,3277,3195,Michigan St,FGCU,1715.8991388129386,1808.5724936397603,7,14
2025_3117_3277,0.8192638108389324,3277,3117,Michigan St,Arkansas St,1715.8991388129386,1586.1666111780894,7,15
2025_3277_3422,0.7503885275961565,3277,3422,Michigan St,UNC Greensboro,1715.8991388129386,1648.591563566133,7,16
2025_3210_3350,0.7364913686836032,3350,3210,Richmond,Georgia Tech,1797.7185869664368,1656.4881012812837,8,9
2025_3217_3350,0.5883523308171227,3350,3217,Richmond,Harvard,1797.7185869664368,1773.429450810923,8,10
2025_3206_3350,0.6422197473692455,3350,3206,Richmond,George Mason,1797.7185869664368,1753.7950358153073,8,11
2025_3123_3350,0.6415774414549564,3350,3123,Richmond,Ball St,1797.7185869664368,1769.2197745940423,8,12
2025_3213_3350,0.6745933790004999,3350,3213,Richmond,Grand Canyon,1797.7185869664368,1761.903095765611,8,13
2025_3350_3361,0.806062296755087,3350,3361,Richmond,San Diego St,1797.7185869664368,1671.1713611028213,8,14
2025_3350_3436,0.8593546758085967,3350,3436,Richmond,Vermont,1797.7185869664368,1622.6020859062485,8,15
2025_3350_3380,0.9058912971617297,3350,3380,Richmond,Southern Univ,1797.7185869664368,1553.512381915605,8,16
2025_3350_3471,0.9208776097126737,3350,3471,Richmond,UC San Diego,1797.7185869664368,1524.6527067841912,8,16
2025_3350_3425,0.17456484080833642,3350,3425,Richmond,USC,1797.7185869664368,1933.8727523760726,8,1
2025_3163_3350,0.14701203462320342,3350,3163,Richmond,Connecticut,1797.7185869664368,1974.97509244384,8,2
2025_3328_3350,0.33665156881028413,3350,3328,Richmond,Oklahoma,1797.7185869664368,1825.81495927408,8,3
2025_3246_3350,0.5416025883684895,3350,3246,Richmond,Kentucky,1797.7185869664368,1712.3650858848432,8,4
2025_3243_3350,0.48616841096890256,3350,3243,Richmond,Kansas St,1797.7185869664368,1761.130509058621,8,5
2025_3234_3350,0.4133201881592935,3350,3234,Richmond,Iowa,1797.7185869664368,1820.9586709265081,8,6
2025_3329_3350,0.5767957487066099,3350,3329,Richmond,Oklahoma St,1797.7185869664368,1735.6533768195266,8,7
2025_3143_3350,0.6048918354733714,3350,3143,Richmond,California,1797.7185869664368,1732.981985453007,8,8
2025_3280_3350,0.7158361651646596,3350,3280,Richmond,Mississippi St,1797.7185869664368,1672.2828961738294,8,9
2025_3350_3355,0.48757037468210057,3350,3355,Richmond,S Dakota St,1797.7185869664368,1835.2775090793496,8,10
2025_3293_3350,0.7242554316099823,3350,3293,Richmond,Murray St,1797.7185869664368,1695.9339089127072,8,11
2025_3193_3350,0.6288845078224482,3350,3193,Richmond,Fairfield,1797.7185869664368,1777.546952772885,8,12
2025_3251_3350,0.7124352633453295,3350,3251,Richmond,Liberty,1797.7185869664368,1734.815164305803,8,13
2025_3195_3350,0.6273085058440745,3350,3195,Richmond,FGCU,1797.7185869664368,1808.5724936397603,8,14
2025_3117_3350,0.8859115077180114,3350,3117,Richmond,Arkansas St,1797.7185869664368,1586.1666111780894,8,15
2025_3350_3422,0.8373934410370302,3350,3422,Richmond,UNC Greensboro,1797.7185869664368,1648.591563566133,8,16
2025_3210_3217,0.33835058628359654,3210,3217,Georgia Tech,Harvard,1656.4881012812837,1773.429450810923,9,10
2025_3206_3210,0.3910740259424436,3210,3206,Georgia Tech,George Mason,1656.4881012812837,1753.7950358153073,9,11
2025_3123_3210,0.39040881316625387,3210,3123,Georgia Tech,Ball St,1656.4881012812837,1769.2197745940423,9,12
2025_3210_3213,0.4258565252933045,3210,3213,Georgia Tech,Grand Canyon,1656.4881012812837,1761.903095765611,9,13
2025_3210_3361,0.5979216242293008,3210,3361,Georgia Tech,San Diego St,1656.4881012812837,1671.1713611028213,9,14
2025_3210_3436,0.6931788666956074,3210,3436,Georgia Tech,Vermont,1656.4881012812837,1622.6020859062485,9,15
2025_3210_3380,0.7917224982960223,3210,3380,Georgia Tech,Southern Univ,1656.4881012812837,1553.512381915605,9,16
2025_3210_3471,0.8213032344525092,3210,3471,Georgia Tech,UC San Diego,1656.4881012812837,1524.6527067841912,9,16
2025_3210_3425,0.07707680445522216,3210,3425,Georgia Tech,USC,1656.4881012812837,1933.8727523760726,9,1
2025_3163_3210,0.05990909167762238,3210,3163,Georgia Tech,Connecticut,1656.4881012812837,1974.97509244384,9,2
2025_3210_3328,0.15367502040156916,3210,3328,Georgia Tech,Oklahoma,1656.4881012812837,1825.81495927408,9,3
2025_3210_3246,0.2971272409137039,3210,3246,Georgia Tech,Kentucky,1656.4881012812837,1712.3650858848432,9,4
2025_3210_3243,0.2529100184266932,3210,3243,Georgia Tech,Kansas St,1656.4881012812837,1761.130509058621,9,5
2025_3210_3234,0.20131946156800204,3210,3234,Georgia Tech,Iowa,1656.4881012812837,1820.9586709265081,9,6
2025_3210_3329,0.32779430311732083,3210,3329,Georgia Tech,Oklahoma St,1656.4881012812837,1735.6533768195266,9,7
2025_3143_3210,0.35390425451318147,3210,3143,Georgia Tech,California,1656.4881012812837,1732.981985453007,9,8
2025_3210_3280,0.4740455927419436,3210,3280,Georgia Tech,Mississippi St,1656.4881012812837,1672.2828961738294,9,9
2025_3210_3355,0.2539718046374648,3210,3355,Georgia Tech,S Dakota St,1656.4881012812837,1835.2775090793496,9,10
2025_3210_3293,0.48446944330895425,3210,3293,Georgia Tech,Murray St,1656.4881012812837,1695.9339089127072,9,11
2025_3193_3210,0.37745205793637093,3210,3193,Georgia Tech,Fairfield,1656.4881012812837,1777.546952772885,9,12
2025_3210_3251,0.46989387552428524,3210,3251,Georgia Tech,Liberty,1656.4881012812837,1734.815164305803,9,13
2025_3195_3210,0.37586798695729484,3210,3195,Georgia Tech,FGCU,1656.4881012812837,1808.5724936397603,9,14
2025_3117_3210,0.7416812635671693,3210,3117,Georgia Tech,Arkansas St,1656.4881012812837,1586.1666111780894,9,15
2025_3210_3422,0.6703638849371144,3210,3422,Georgia Tech,UNC Greensboro,1656.4881012812837,1648.591563566133,9,16
2025_3206_3217,0.55671817315847,3217,3206,Harvard,George Mason,1773.429450810923,1753.7950358153073,10,11
2025_3123_3217,0.5560284839411672,3217,3123,Harvard,Ball St,1773.429450810923,1769.2197745940423,10,12
2025_3213_3217,0.5919123066132715,3217,3213,Harvard,Grand Canyon,1773.429450810923,1761.903095765611,10,13
2025_3217_3361,0.7441146979512427,3217,3361,Harvard,San Diego St,1773.429450810923,1671.1713611028213,10,14
2025_3217_3436,0.8154284299671896,3217,3436,Harvard,Vermont,1773.429450810923,1622.6020859062485,10,15
2025_3217_3380,0.8848198787398145,3217,3380,Harvard,Southern Univ,1773.429450810923,1553.512381915605,10,16
2025_3217_3471,0.9028016707712807,3217,3471,Harvard,UC San Diego,1773.429450810923,1524.6527067841912,10,16
2025_3217_3425,0.15272218124655246,3217,3425,Harvard,USC,1773.429450810923,1933.8727523760726,10,1
2025_3163_3217,0.1209129718414171,3217,3163,Harvard,Connecticut,1773.429450810923,1974.97509244384,10,2
2025_3217_3328,0.2684470333174072,3217,3328,Harvard,Oklahoma,1773.429450810923,1825.81495927408,10,3
2025_3217_3246,0.45255265139774287,3217,3246,Harvard,Kentucky,1773.429450810923,1712.3650858848432,10,4
2025_3217_3243,0.3983131470991686,3217,3243,Harvard,Kansas St,1773.429450810923,1761.130509058621,10,5
2025_3217_3234,0.33017032676454766,3217,3234,Harvard,Iowa,1773.429450810923,1820.9586709265081,10,6
2025_3217_3329,0.4881210183653279,3217,3329,Harvard,Oklahoma St,1773.429450810923,1735.6533768195266,10,7
2025_3143_3217,0.5171762229930496,3217,3143,Harvard,California,1773.429450810923,1732.981985453007,10,8
2025_3217_3280,0.6380111171505979,3217,3280,Harvard,Mississippi St,1773.429450810923,1672.2828961738294,10,9
2025_3217_3355,0.3996588171416421,3217,3355,Harvard,S Dakota St,1773.429450810923,1835.2775090793496,10,10
2025_3217_3293,0.647601070150425,3217,3293,Harvard,Murray St,1773.429450810923,1695.9339089127072,10,11
2025_3193_3217,0.5424664822395994,3217,3193,Harvard,Fairfield,1773.429450810923,1777.546952772885,10,12
2025_3217_3251,0.6341548206961657,3217,3251,Harvard,Liberty,1773.429450810923,1734.815164305803,10,13
2025_3195_3217,0.540791465153199,3217,3195,Harvard,FGCU,1773.429450810923,1808.5724936397603,10,14
2025_3117_3217,0.8488203356758391,3217,3117,Harvard,Arkansas St,1773.429450810923,1586.1666111780894,10,15
2025_3217_3422,0.8042982936506489,3217,3422,Harvard,UNC Greensboro,1773.429450810923,1648.591563566133,10,16
2025_3123_3206,0.4993014310400121,3206,3123,George Mason,Ball St,1753.7950358153073,1769.2197745940423,11,12
2025_3206_3213,0.5359436444360139,3206,3213,George Mason,Grand Canyon,1753.7950358153073,1761.903095765611,11,13
2025_3206_3361,0.6983835952840693,3206,3361,George Mason,San Diego St,1753.7950358153073,1671.1713611028213,11,14
2025_3206_3436,0.7786511149960853,3206,3436,George Mason,Vermont,1753.7950358153073,1622.6020859062485,11,15
2025_3206_3380,0.8594867392320977,3206,3380,George Mason,Southern Univ,1753.7950358153073,1553.512381915605,11,16
2025_3206_3471,0.8808911180317025,3206,3471,George Mason,UC San Diego,1753.7950358153073,1524.6527067841912,11,16
2025_3206_3425,0.1367465220330484,3206,3425,George Mason,USC,1753.7950358153073,1933.8727523760726,11,1
2025_3163_3206,0.10784123259370311,3206,3163,George Mason,Connecticut,1753.7950358153073,1974.97509244384,11,2
2025_3206_3328,0.243849873041598,3206,3328,George Mason,Oklahoma,1753.7950358153073,1825.81495927408,11,3
2025_3206_3246,0.4048440603959086,3206,3246,George Mason,Kentucky,1753.7950358153073,1712.3650858848432,11,4
2025_3206_3243,0.3451669673773681,3206,3243,George Mason,Kansas St,1753.7950358153073,1761.130509058621,11,5
2025_3206_3234,0.28185713603961254,3206,3234,George Mason,Iowa,1753.7950358153073,1820.9586709265081,11,6
2025_3206_3329,0.43158721878441114,3206,3329,George Mason,Oklahoma St,1753.7950358153073,1735.6533768195266,11,7
2025_3143_3206,0.4603033593316761,3206,3143,George Mason,California,1753.7950358153073,1732.981985453007,11,8
2025_3206_3280,0.5839205773078407,3206,3280,George Mason,Mississippi St,1753.7950358153073,1672.2828961738294,11,9
2025_3206_3355,0.34643646778412784,3206,3355,George Mason,S Dakota St,1753.7950358153073,1835.2775090793496,11,10
2025_3206_3293,0.5940317039601867,3206,3293,George Mason,Murray St,1753.7950358153073,1695.9339089127072,11,11
2025_3193_3206,0.48560966561789937,3206,3193,George Mason,Fairfield,1753.7950358153073,1777.546952772885,11,12
2025_3206_3251,0.5798674999908436,3206,3251,George Mason,Liberty,1753.7950358153073,1734.815164305803,11,13
2025_3195_3206,0.48392452197305535,3206,3195,George Mason,FGCU,1753.7950358153073,1808.5724936397603,11,14
2025_3117_3206,0.8172050772730679,3206,3117,George Mason,Arkansas St,1753.7950358153073,1586.1666111780894,11,15
2025_3206_3422,0.7659397993011586,3206,3422,George Mason,UNC Greensboro,1753.7950358153073,1648.591563566133,11,16
2025_3123_3213,0.5366385335514932,3123,3213,Ball St,Grand Canyon,1769.2197745940423,1761.903095765611,12,13
2025_3123_3361,0.6989718664805683,3123,3361,Ball St,San Diego St,1769.2197745940423,1671.1713611028213,12,14
2025_3123_3436,0.7791323436756952,3123,3436,Ball St,Vermont,1769.2197745940423,1622.6020859062485,12,15
2025_3123_3380,0.8598238632826394,3123,3380,Ball St,Southern Univ,1769.2197745940423,1553.512381915605,12,16
2025_3123_3471,0.8811839872139858,3123,3471,Ball St,UC San Diego,1769.2197745940423,1524.6527067841912,12,16
2025_3123_3425,0.14917290482335463,3123,3425,Ball St,USC,1769.2197745940423,1933.8727523760726,12,1
2025_3123_3163,0.11799998931133397,3123,3163,Ball St,Connecticut,1769.2197745940423,1974.97509244384,12,2
2025_3123_3328,0.2630432615599726,3123,3328,Ball St,Oklahoma,1769.2197745940423,1825.81495927408,12,3
2025_3123_3246,0.42951137582092486,3123,3246,Ball St,Kentucky,1769.2197745940423,1712.3650858848432,12,4
2025_3123_3243,0.3532774441288944,3123,3243,Ball St,Kansas St,1769.2197745940423,1761.130509058621,12,5
2025_3123_3234,0.28242308069810046,3123,3234,Ball St,Iowa,1769.2197745940423,1820.9586709265081,12,6
2025_3123_3329,0.43227284073742006,3123,3329,Ball St,Oklahoma St,1769.2197745940423,1735.6533768195266,12,7
2025_3123_3143,0.4609976020144775,3123,3143,Ball St,California,1769.2197745940423,1732.981985453007,12,8
2025_3123_3280,0.584599307963466,3123,3280,Ball St,Mississippi St,1769.2197745940423,1672.2828961738294,12,9
2025_3123_3355,0.34706941440295824,3123,3355,Ball St,S Dakota St,1769.2197745940423,1835.2775090793496,12,10
2025_3123_3293,0.594705389030096,3123,3293,Ball St,Murray St,1769.2197745940423,1695.9339089127072,12,11
2025_3123_3193,0.48630768400214264,3123,3193,Ball St,Fairfield,1769.2197745940423,1777.546952772885,12,12
2025_3123_3251,0.5805480928858917,3123,3251,Ball St,Liberty,1769.2197745940423,1734.815164305803,12,13
2025_3123_3195,0.48462240018171815,3123,3195,Ball St,FGCU,1769.2197745940423,1808.5724936397603,12,14
2025_3117_3123,0.8176221191731051,3123,3117,Ball St,Arkansas St,1769.2197745940423,1586.1666111780894,12,15
2025_3123_3422,0.7664403739796958,3123,3422,Ball St,UNC Greensboro,1769.2197745940423,1648.591563566133,12,16
2025_3213_3361,0.6672091775652854,3213,3361,Grand Canyon,San Diego St,1761.903095765611,1671.1713611028213,13,14
2025_3213_3436,0.7528368601347003,3213,3436,Grand Canyon,Vermont,1761.903095765611,1622.6020859062485,13,15
2025_3213_3380,0.8411768381461932,3213,3380,Grand Canyon,Southern Univ,1761.903095765611,1553.512381915605,13,16
2025_3213_3471,0.8649320502782274,3213,3471,Grand Canyon,UC San Diego,1761.903095765611,1524.6527067841912,13,16
2025_3213_3425,0.14316618035696266,3213,3425,Grand Canyon,USC,1761.903095765611,1933.8727523760726,13,1
2025_3163_3213,0.11308166952402236,3213,3163,Grand Canyon,Connecticut,1761.903095765611,1974.97509244384,13,2
2025_3213_3328,0.25381919521837565,3213,3328,Grand Canyon,Oklahoma,1761.903095765611,1825.81495927408,13,3
2025_3213_3246,0.41775891857625136,3213,3246,Grand Canyon,Kentucky,1761.903095765611,1712.3650858848432,13,4
2025_3213_3243,0.3423591227406414,3213,3243,Grand Canyon,Kansas St,1761.903095765611,1761.130509058621,13,5
2025_3213_3234,0.25991755023461544,3213,3234,Grand Canyon,Iowa,1761.903095765611,1820.9586709265081,13,6
2025_3213_3329,0.3966600282462864,3213,3329,Grand Canyon,Oklahoma St,1761.903095765611,1735.6533768195266,13,7
2025_3143_3213,0.42478897189192644,3213,3143,Grand Canyon,California,1761.903095765611,1732.981985453007,13,8
2025_3213_3280,0.5485628753130428,3213,3280,Grand Canyon,Mississippi St,1761.903095765611,1672.2828961738294,13,9
2025_3213_3355,0.3145864816465401,3213,3355,Grand Canyon,S Dakota St,1761.903095765611,1835.2775090793496,13,10
2025_3213_3293,0.5588841358574849,3213,3293,Grand Canyon,Murray St,1761.903095765611,1695.9339089127072,13,11
2025_3193_3213,0.4497699453691611,3213,3193,Grand Canyon,Fairfield,1761.903095765611,1777.546952772885,13,12
2025_3213_3251,0.5444340884640494,3213,3251,Grand Canyon,Liberty,1761.903095765611,1734.815164305803,13,13
2025_3195_3213,0.44810082923935796,3213,3195,Grand Canyon,FGCU,1761.903095765611,1808.5724936397603,13,14
2025_3117_3213,0.7947016017619857,3213,3117,Grand Canyon,Arkansas St,1761.903095765611,1586.1666111780894,13,15
2025_3213_3422,0.739139754825968,3213,3422,Grand Canyon,UNC Greensboro,1761.903095765611,1648.591563566133,13,16
2025_3361_3436,0.603054952495463,3361,3436,San Diego St,Vermont,1671.1713611028213,1622.6020859062485,14,15
2025_3361_3380,0.7254026507591568,3361,3380,San Diego St,Southern Univ,1671.1713611028213,1553.512381915605,14,16
2025_3361_3471,0.7615658537302227,3361,3471,San Diego St,UC San Diego,1671.1713611028213,1524.6527067841912,14,16
2025_3361_3425,0.0842353146506595,3361,3425,San Diego St,USC,1671.1713611028213,1933.8727523760726,14,1
2025_3163_3361,0.06558645795820155,3361,3163,San Diego St,Connecticut,1671.1713611028213,1974.97509244384,14,2
2025_3328_3361,0.15772507239075104,3361,3328,San Diego St,Oklahoma,1671.1713611028213,1825.81495927408,14,3
2025_3246_3361,0.28315050540431175,3361,3246,San Diego St,Kentucky,1671.1713611028213,1712.3650858848432,14,4
2025_3243_3361,0.2227510346139074,3361,3243,San Diego St,Kansas St,1671.1713611028213,1761.130509058621,14,5
2025_3234_3361,0.16201593521310853,3361,3234,San Diego St,Iowa,1671.1713611028213,1820.9586709265081,14,6
2025_3329_3361,0.2531094448332564,3361,3329,San Diego St,Oklahoma St,1671.1713611028213,1735.6533768195266,14,7
2025_3143_3361,0.26919041578859987,3361,3143,San Diego St,California,1671.1713611028213,1732.981985453007,14,8
2025_3280_3361,0.3773706176921641,3361,3280,San Diego St,Mississippi St,1671.1713611028213,1672.2828961738294,14,9
2025_3355_3361,0.18628191309586692,3361,3355,San Diego St,S Dakota St,1671.1713611028213,1835.2775090793496,14,10
2025_3293_3361,0.38723378827604693,3361,3293,San Diego St,Murray St,1671.1713611028213,1695.9339089127072,14,11
2025_3193_3361,0.28962835153978217,3361,3193,San Diego St,Fairfield,1671.1713611028213,1777.546952772885,14,12
2025_3251_3361,0.37346437988081893,3361,3251,San Diego St,Liberty,1671.1713611028213,1734.815164305803,14,13
2025_3195_3361,0.2882422032719944,3361,3195,San Diego St,FGCU,1671.1713611028213,1808.5724936397603,14,14
2025_3117_3361,0.6587913506130082,3361,3117,San Diego St,Arkansas St,1671.1713611028213,1586.1666111780894,14,15
2025_3361_3422,0.5856260786827916,3361,3422,San Diego St,UNC Greensboro,1671.1713611028213,1648.591563566133,14,16
2025_3380_3436,0.6348801460977036,3436,3380,Vermont,Southern Univ,1622.6020859062485,1553.512381915605,15,16
2025_3436_3471,0.6776674750413202,3436,3471,Vermont,UC San Diego,1622.6020859062485,1524.6527067841912,15,16
2025_3425_3436,0.06263940793967099,3436,3425,Vermont,USC,1622.6020859062485,1933.8727523760726,15,1
2025_3163_3436,0.048518359520634956,3436,3163,Vermont,Connecticut,1622.6020859062485,1974.97509244384,15,2
2025_3328_3436,0.11975194569732425,3436,3328,Vermont,Oklahoma,1622.6020859062485,1825.81495927408,15,3
2025_3246_3436,0.2229745290443259,3436,3246,Vermont,Kentucky,1622.6020859062485,1712.3650858848432,15,4
2025_3243_3436,0.1723255812604246,3436,3243,Vermont,Kansas St,1622.6020859062485,1761.130509058621,15,5
2025_3234_3436,0.12316081744421793,3436,3234,Vermont,Iowa,1622.6020859062485,1820.9586709265081,15,6
2025_3329_3436,0.19755838574489992,3436,3329,Vermont,Oklahoma St,1622.6020859062485,1735.6533768195266,15,7
2025_3143_3436,0.20035928438642417,3436,3143,Vermont,California,1622.6020859062485,1732.981985453007,15,8
2025_3280_3436,0.28517511893367736,3436,3280,Vermont,Mississippi St,1622.6020859062485,1672.2828961738294,15,9
2025_3355_3436,0.13095248431992723,3436,3355,Vermont,S Dakota St,1622.6020859062485,1835.2775090793496,15,10
2025_3293_3436,0.2937655348404665,3436,3293,Vermont,Murray St,1622.6020859062485,1695.9339089127072,15,11
2025_3193_3436,0.211584598363483,3436,3193,Vermont,Fairfield,1622.6020859062485,1777.546952772885,15,12
2025_3251_3436,0.28179129994566243,3436,3251,Vermont,Liberty,1622.6020859062485,1734.815164305803,15,13
2025_3195_3436,0.2104613032935567,3436,3195,Vermont,FGCU,1622.6020859062485,1808.5724936397603,15,14
2025_3117_3436,0.5596402675549236,3436,3117,Vermont,Arkansas St,1622.6020859062485,1586.1666111780894,15,15
2025_3422_3436,0.4819334348675172,3436,3422,Vermont,UNC Greensboro,1622.6020859062485,1648.591563566133,15,16
2025_3380_3471,0.5473235390848993,3380,3471,Southern Univ,UC San Diego,1553.512381915605,1524.6527067841912,16,16
2025_3380_3425,0.04069117568782183,3380,3425,Southern Univ,USC,1553.512381915605,1933.8727523760726,16,1
2025_3163_3380,0.03135250886365903,3380,3163,Southern Univ,Connecticut,1553.512381915605,1974.97509244384,16,2
2025_3328_3380,0.07948905047798611,3380,3328,Southern Univ,Oklahoma,1553.512381915605,1825.81495927408,16,3
2025_3246_3380,0.1540811611828384,3380,3246,Southern Univ,Kentucky,1553.512381915605,1712.3650858848432,16,4
2025_3243_3380,0.1167304890069145,3380,3243,Southern Univ,Kansas St,1553.512381915605,1761.130509058621,16,5
2025_3234_3380,0.08185837811235769,3380,3234,Southern Univ,Iowa,1553.512381915605,1820.9586709265081,16,6
2025_3329_3380,0.13515204852388518,3380,3329,Southern Univ,Oklahoma St,1553.512381915605,1735.6533768195266,16,7
2025_3143_3380,0.13721947460807774,3380,3143,Southern Univ,California,1553.512381915605,1732.981985453007,16,8
2025_3280_3380,0.19166141766690872,3380,3280,Southern Univ,Mississippi St,1553.512381915605,1672.2828961738294,16,9
2025_3355_3380,0.07974815076209832,3380,3355,Southern Univ,S Dakota St,1553.512381915605,1835.2775090793496,16,10
2025_3293_3380,0.19304012054400743,3380,3293,Southern Univ,Murray St,1553.512381915605,1695.9339089127072,16,11
2025_3193_3380,0.13370255011610455,3380,3193,Southern Univ,Fairfield,1553.512381915605,1777.546952772885,16,12
2025_3251_3380,0.18410130265772426,3380,3251,Southern Univ,Liberty,1553.512381915605,1734.815164305803,16,13
2025_3195_3380,0.132923018509398,3380,3195,Southern Univ,FGCU,1553.512381915605,1808.5724936397603,16,14
2025_3117_3380,0.42225862543066717,3380,3117,Southern Univ,Arkansas St,1553.512381915605,1586.1666111780894,16,15
2025_3380_3422,0.3485297126446336,3380,3422,Southern Univ,UNC Greensboro,1553.512381915605,1648.591563566133,16,16
2025_3425_3471,0.033893060410753545,3471,3425,UC San Diego,USC,1524.6527067841912,1933.8727523760726,16,1
2025_3163_3471,0.026072165523921397,3471,3163,UC San Diego,Connecticut,1524.6527067841912,1974.97509244384,16,2
2025_3328_3471,0.06665952798341267,3471,3328,UC San Diego,Oklahoma,1524.6527067841912,1825.81495927408,16,3
2025_3246_3471,0.1309248180857796,3471,3246,UC San Diego,Kentucky,1524.6527067841912,1712.3650858848432,16,4
2025_3243_3471,0.09853360907272873,3471,3243,UC San Diego,Kansas St,1524.6527067841912,1761.130509058621,16,5
2025_3234_3471,0.06867497618634674,3471,3234,UC San Diego,Iowa,1524.6527067841912,1820.9586709265081,16,6
2025_3329_3471,0.11445558872284835,3471,3329,UC San Diego,Oklahoma St,1524.6527067841912,1735.6533768195266,16,7
2025_3143_3471,0.11624897548115506,3471,3143,UC San Diego,California,1524.6527067841912,1732.981985453007,16,8
2025_3280_3471,0.1639518947730227,3471,3280,UC San Diego,Mississippi St,1524.6527067841912,1672.2828961738294,16,9
2025_3355_3471,0.06687984786221728,3471,3355,UC San Diego,S Dakota St,1524.6527067841912,1835.2775090793496,16,10
2025_3293_3471,0.16517200056674278,3471,3293,UC San Diego,Murray St,1524.6527067841912,1695.9339089127072,16,11
2025_3193_3471,0.1131990055232151,3471,3193,UC San Diego,Fairfield,1524.6527067841912,1777.546952772885,16,12
2025_3251_3471,0.15727212853991915,3471,3251,UC San Diego,Liberty,1524.6527067841912,1734.815164305803,16,13
2025_3195_3471,0.1125234891814757,3471,3195,UC San Diego,FGCU,1524.6527067841912,1808.5724936397603,16,14
2025_3117_3471,0.37674884879698467,3471,3117,UC San Diego,Arkansas St,1524.6527067841912,1586.1666111780894,16,15
2025_3422_3471,0.3067472028404891,3471,3422,UC San Diego,UNC Greensboro,1524.6527067841912,1648.591563566133,16,16
2025_3163_3425,0.45717457314341453,3425,3163,USC,Connecticut,1933.8727523760726,1974.97509244384,1,2
2025_3328_3425,0.7126432804765581,3425,3328,USC,Oklahoma,1933.8727523760726,1825.81495927408,1,3
2025_3246_3425,0.8523691132434507,3425,3246,USC,Kentucky,1933.8727523760726,1712.3650858848432,1,4
2025_3243_3425,0.8221771506267852,3425,3243,USC,Kansas St,1933.8727523760726,1761.130509058621,1,5
2025_3234_3425,0.7749109283038734,3425,3234,USC,Iowa,1933.8727523760726,1820.9586709265081,1,6
2025_3329_3425,0.869454232518724,3425,3329,USC,Oklahoma St,1933.8727523760726,1735.6533768195266,1,7
2025_3143_3425,0.8786283375628345,3425,3143,USC,California,1933.8727523760726,1732.981985453007,1,8
2025_3280_3425,0.91519887697596,3425,3280,USC,Mississippi St,1933.8727523760726,1672.2828961738294,1,9
2025_3355_3425,0.7869304573327454,3425,3355,USC,S Dakota St,1933.8727523760726,1835.2775090793496,1,10
2025_3293_3425,0.9023168786440308,3425,3293,USC,Murray St,1933.8727523760726,1695.9339089127072,1,11
2025_3193_3425,0.843739577658963,3425,3193,USC,Fairfield,1933.8727523760726,1777.546952772885,1,12
2025_3251_3425,0.8773363528726085,3425,3251,USC,Liberty,1933.8727523760726,1734.815164305803,1,13
2025_3195_3425,0.8149059480509999,3425,3195,USC,FGCU,1933.8727523760726,1808.5724936397603,1,14
2025_3117_3425,0.9500444743720878,3425,3117,USC,Arkansas St,1933.8727523760726,1586.1666111780894,1,15
2025_3422_3425,0.9265384558727175,3425,3422,USC,UNC Greensboro,1933.8727523760726,1648.591563566133,1,16
2025_3163_3328,0.7464900230500597,3163,3328,Connecticut,Oklahoma,1974.97509244384,1825.81495927408,2,3
2025_3163_3246,0.8726979581133533,3163,3246,Connecticut,Kentucky,1974.97509244384,1712.3650858848432,2,4
2025_3163_3243,0.8459118754198743,3163,3243,Connecticut,Kansas St,1974.97509244384,1761.130509058621,2,5
2025_3163_3234,0.8034462485494911,3163,3234,Connecticut,Iowa,1974.97509244384,1820.9586709265081,2,6
2025_3163_3329,0.887740296856078,3163,3329,Connecticut,Oklahoma St,1974.97509244384,1735.6533768195266,2,7
2025_3143_3163,0.8988144887582792,3163,3143,Connecticut,California,1974.97509244384,1732.981985453007,2,8
2025_3163_3280,0.9339639651434768,3163,3280,Connecticut,Mississippi St,1974.97509244384,1672.2828961738294,2,9
2025_3163_3355,0.8287687167636831,3163,3355,Connecticut,S Dakota St,1974.97509244384,1835.2775090793496,2,10
2025_3163_3293,0.9236948724385222,3163,3293,Connecticut,Murray St,1974.97509244384,1695.9339089127072,2,11
2025_3163_3193,0.8761780387379893,3163,3193,Connecticut,Fairfield,1974.97509244384,1777.546952772885,2,12
2025_3163_3251,0.9035972562731737,3163,3251,Connecticut,Liberty,1974.97509244384,1734.815164305803,2,13
2025_3163_3195,0.8522821115865642,3163,3195,Connecticut,FGCU,1974.97509244384,1808.5724936397603,2,14
2025_3117_3163,0.9614238202012156,3163,3117,Connecticut,Arkansas St,1974.97509244384,1586.1666111780894,2,15
2025_3163_3422,0.9429506983456952,3163,3422,Connecticut,UNC Greensboro,1974.97509244384,1648.591563566133,2,16
2025_3246_3328,0.6995272950020555,3328,3246,Oklahoma,Kentucky,1825.81495927408,1712.3650858848432,3,4
2025_3243_3328,0.6508804199520375,3328,3243,Oklahoma,Kansas St,1825.81495927408,1761.130509058621,3,5
2025_3234_3328,0.581271516631947,3328,3234,Oklahoma,Iowa,1825.81495927408,1820.9586709265081,3,6
2025_3328_3329,0.7286700081730082,3328,3329,Oklahoma,Oklahoma St,1825.81495927408,1735.6533768195266,3,7
2025_3143_3328,0.7510353888297703,3328,3143,Oklahoma,California,1825.81495927408,1732.981985453007,3,8
2025_3280_3328,0.8323189810912949,3328,3280,Oklahoma,Mississippi St,1825.81495927408,1672.2828961738294,3,9
2025_3328_3355,0.644655676539213,3328,3355,Oklahoma,S Dakota St,1825.81495927408,1835.2775090793496,3,10
2025_3293_3328,0.8194084460243106,3328,3293,Oklahoma,Murray St,1825.81495927408,1695.9339089127072,3,11
2025_3193_3328,0.7262000343093173,3328,3193,Oklahoma,Fairfield,1825.81495927408,1777.546952772885,3,12
2025_3251_3328,0.7784320225204245,3328,3251,Oklahoma,Liberty,1825.81495927408,1734.815164305803,3,13
2025_3195_3328,0.6838055970954202,3328,3195,Oklahoma,FGCU,1825.81495927408,1808.5724936397603,3,14
2025_3117_3328,0.9033036837218651,3328,3117,Oklahoma,Arkansas St,1825.81495927408,1586.1666111780894,3,15
2025_3328_3422,0.8610216291770678,3328,3422,Oklahoma,UNC Greensboro,1825.81495927408,1648.591563566133,3,16
2025_3243_3246,0.4446931235231083,3246,3243,Kentucky,Kansas St,1712.3650858848432,1761.130509058621,4,5
2025_3234_3246,0.3735416873679035,3246,3234,Kentucky,Iowa,1712.3650858848432,1820.9586709265081,4,6
2025_3246_3329,0.535648737214276,3246,3329,Kentucky,Oklahoma St,1712.3650858848432,1735.6533768195266,4,7
2025_3143_3246,0.5644135919838453,3246,3143,Kentucky,California,1712.3650858848432,1732.981985453007,4,8
2025_3246_3280,0.6807247344086698,3246,3280,Kentucky,Mississippi St,1712.3650858848432,1672.2828961738294,4,9
2025_3246_3355,0.4460793168437026,3246,3355,Kentucky,S Dakota St,1712.3650858848432,1835.2775090793496,4,10
2025_3246_3293,0.6826504557917649,3246,3293,Kentucky,Murray St,1712.3650858848432,1695.9339089127072,4,11
2025_3193_3246,0.5570164263707956,3246,3193,Kentucky,Fairfield,1712.3650858848432,1777.546952772885,4,12
2025_3246_3251,0.6248502057215306,3246,3251,Kentucky,Liberty,1712.3650858848432,1734.815164305803,4,13
2025_3195_3246,0.5062373666813021,3246,3195,Kentucky,FGCU,1712.3650858848432,1808.5724936397603,4,14
2025_3117_3246,0.8157955991183399,3246,3117,Kentucky,Arkansas St,1712.3650858848432,1586.1666111780894,4,15
2025_3246_3422,0.7460083937808563,3246,3422,Kentucky,UNC Greensboro,1712.3650858848432,1648.591563566133,4,16
2025_3234_3243,0.4268007370854632,3243,3234,Kansas St,Iowa,1761.130509058621,1820.9586709265081,5,6
2025_3243_3329,0.5902439068146139,3243,3329,Kansas St,Oklahoma St,1761.130509058621,1735.6533768195266,5,7
2025_3143_3243,0.6180384141769422,3243,3143,Kansas St,California,1761.130509058621,1732.981985453007,5,8
2025_3243_3280,0.7269575567505652,3243,3280,Kansas St,Mississippi St,1761.130509058621,1672.2828961738294,5,9
2025_3243_3355,0.5014029284873048,3243,3355,Kansas St,S Dakota St,1761.130509058621,1835.2775090793496,5,10
2025_3243_3293,0.7351692206506137,3243,3293,Kansas St,Murray St,1761.130509058621,1695.9339089127072,5,11
2025_3193_3243,0.6341079158498221,3243,3193,Kansas St,Fairfield,1761.130509058621,1777.546952772885,5,12
2025_3243_3251,0.696567438062116,3243,3251,Kansas St,Liberty,1761.130509058621,1734.815164305803,5,13
2025_3195_3243,0.5855913037820621,3243,3195,Kansas St,FGCU,1761.130509058621,1808.5724936397603,5,14
2025_3117_3243,0.8592332906350592,3243,3117,Kansas St,Arkansas St,1761.130509058621,1586.1666111780894,5,15
2025_3243_3422,0.8019067273612422,3243,3422,Kansas St,UNC Greensboro,1761.130509058621,1648.591563566133,5,16
2025_3234_3329,0.6592356619721249,3234,3329,Iowa,Oklahoma St,1820.9586709265081,1735.6533768195266,6,7
2025_3143_3234,0.6848490535607175,3234,3143,Iowa,California,1820.9586709265081,1732.981985453007,6,8
2025_3234_3280,0.7814535281121217,3234,3280,Iowa,Mississippi St,1820.9586709265081,1672.2828961738294,6,9
2025_3234_3355,0.5745715593944559,3234,3355,Iowa,S Dakota St,1820.9586709265081,1835.2775090793496,6,10
2025_3234_3293,0.7885030696880568,3234,3293,Iowa,Murray St,1820.9586709265081,1695.9339089127072,6,11
2025_3193_3234,0.7063435013602551,3234,3193,Iowa,Fairfield,1820.9586709265081,1777.546952772885,6,12
2025_3234_3251,0.7728726844263583,3234,3251,Iowa,Liberty,1820.9586709265081,1734.815164305803,6,13
2025_3195_3234,0.6768576000875764,3234,3195,Iowa,FGCU,1820.9586709265081,1808.5724936397603,6,14
2025_3117_3234,0.900476912593309,3234,3117,Iowa,Arkansas St,1820.9586709265081,1586.1666111780894,6,15
2025_3234_3422,0.8571542714567427,3234,3422,Iowa,UNC Greensboro,1820.9586709265081,1648.591563566133,6,16
2025_3143_3329,0.5290315107300751,3329,3143,Oklahoma St,California,1735.6533768195266,1732.981985453007,7,8
2025_3280_3329,0.6489135644166478,3329,3280,Oklahoma St,Mississippi St,1735.6533768195266,1672.2828961738294,7,9
2025_3329_3355,0.41111400776267043,3329,3355,Oklahoma St,S Dakota St,1735.6533768195266,1835.2775090793496,7,10
2025_3293_3329,0.6583693439736835,3329,3293,Oklahoma St,Murray St,1735.6533768195266,1695.9339089127072,7,11
2025_3193_3329,0.5542360245662933,3329,3193,Oklahoma St,Fairfield,1735.6533768195266,1777.546952772885,7,12
2025_3251_3329,0.6451088076000868,3329,3251,Oklahoma St,Liberty,1735.6533768195266,1734.815164305803,7,13
2025_3195_3329,0.5444225876595836,3329,3195,Oklahoma St,FGCU,1735.6533768195266,1808.5724936397603,7,14
2025_3117_3329,0.8377154439835095,3329,3117,Oklahoma St,Arkansas St,1735.6533768195266,1586.1666111780894,7,15
2025_3329_3422,0.7739314407503715,3329,3422,Oklahoma St,UNC Greensboro,1735.6533768195266,1648.591563566133,7,16
2025_3143_3280,0.6219916234761886,3143,3280,California,Mississippi St,1732.981985453007,1672.2828961738294,8,9
2025_3143_3355,0.38328720400927146,3143,3355,California,S Dakota St,1732.981985453007,1835.2775090793496,8,10
2025_3143_3293,0.6317610245843759,3143,3293,California,Murray St,1732.981985453007,1695.9339089127072,8,11
2025_3143_3193,0.525364263418429,3143,3193,California,Fairfield,1732.981985453007,1777.546952772885,8,12
2025_3143_3251,0.6180668305976041,3143,3251,California,Liberty,1732.981985453007,1734.815164305803,8,13
2025_3143_3195,0.5236816116103409,3143,3195,California,FGCU,1732.981985453007,1808.5724936397603,8,14
2025_3117_3143,0.8353120058907681,3143,3117,California,Arkansas St,1732.981985453007,1586.1666111780894,8,15
2025_3143_3422,0.7708417683706877,3143,3422,California,UNC Greensboro,1732.981985453007,1648.591563566133,8,16
2025_3280_3355,0.27415773430996737,3280,3355,Mississippi St,S Dakota St,1672.2828961738294,1835.2775090793496,9,10
2025_3280_3293,0.51044068455854,3280,3293,Mississippi St,Murray St,1672.2828961738294,1695.9339089127072,9,11
2025_3193_3280,0.40216170409164576,3280,3193,Mississippi St,Fairfield,1672.2828961738294,1777.546952772885,9,12
2025_3251_3280,0.4958352657118204,3280,3251,Mississippi St,Liberty,1672.2828961738294,1734.815164305803,9,13
2025_3195_3280,0.4005406525256922,3280,3195,Mississippi St,FGCU,1672.2828961738294,1808.5724936397603,9,14
2025_3117_3280,0.7610848494129521,3280,3117,Mississippi St,Arkansas St,1672.2828961738294,1586.1666111780894,9,15
2025_3280_3422,0.6929064001750483,3280,3422,Mississippi St,UNC Greensboro,1672.2828961738294,1648.591563566133,9,16
2025_3293_3355,0.7340752017679149,3355,3293,S Dakota St,Murray St,1835.2775090793496,1695.9339089127072,10,11
2025_3193_3355,0.6404143656688631,3355,3193,S Dakota St,Fairfield,1835.2775090793496,1777.546952772885,10,12
2025_3251_3355,0.7225146966896918,3355,3251,S Dakota St,Liberty,1835.2775090793496,1734.815164305803,10,13
2025_3195_3355,0.6388592095602201,3355,3195,S Dakota St,FGCU,1835.2775090793496,1808.5724936397603,10,14
2025_3117_3355,0.8939998872613419,3355,3117,S Dakota St,Arkansas St,1835.2775090793496,1586.1666111780894,10,15
2025_3355_3422,0.8605979848236037,3355,3422,S Dakota St,UNC Greensboro,1835.2775090793496,1648.591563566133,10,16
2025_3193_3293,0.3921616465214645,3293,3193,Murray St,Fairfield,1695.9339089127072,1777.546952772885,11,12
2025_3251_3293,0.4853971210423548,3293,3251,Murray St,Liberty,1695.9339089127072,1734.815164305803,11,13
2025_3195_3293,0.3905545708653776,3293,3195,Murray St,FGCU,1695.9339089127072,1808.5724936397603,11,14
2025_3117_3293,0.7534072204410369,3293,3117,Murray St,Arkansas St,1695.9339089127072,1586.1666111780894,11,15
2025_3293_3422,0.6910147443493793,3293,3422,Murray St,UNC Greensboro,1695.9339089127072,1648.591563566133,11,16
2025_3193_3251,0.5938264877257688,3193,3251,Fairfield,Liberty,1777.546952772885,1734.815164305803,12,13
2025_3193_3195,0.49831329560369564,3193,3195,Fairfield,FGCU,1777.546952772885,1808.5724936397603,12,14
2025_3117_3193,0.825649460058726,3193,3117,Fairfield,Arkansas St,1777.546952772885,1586.1666111780894,12,15
2025_3193_3422,0.776103581324083,3193,3422,Fairfield,UNC Greensboro,1777.546952772885,1648.591563566133,12,16
2025_3195_3251,0.404547232362262,3251,3195,Liberty,FGCU,1734.815164305803,1808.5724936397603,13,14
2025_3117_3251,0.7641009042586976,3251,3117,Liberty,Arkansas St,1734.815164305803,1586.1666111780894,13,15
2025_3251_3422,0.703348767413317,3251,3422,Liberty,UNC Greensboro,1734.815164305803,1648.591563566133,13,16
2025_3117_3195,0.8266185516505236,3195,3117,FGCU,Arkansas St,1808.5724936397603,1586.1666111780894,14,15
2025_3195_3422,0.7772737744498346,3195,3422,FGCU,UNC Greensboro,1808.5724936397603,1648.591563566133,14,16
2025_3117_3422,0.4226266448571774,3117,3422,Arkansas St,UNC Greensboro,1586.1666111780894,1648.591563566133,15,16
