ID,Pred,Team1ID,Team2ID,Team1Name,Team2Name,Team1ELO,Team2ELO,Team1Seed,Team2Seed
2024_3323_3376,0.633651157902454,3376,3323,South Carolina,Notre Dame,2056.742730683973,1885.4805541450594,1,2
2024_3333_3376,0.6700401444808008,3376,3333,South Carolina,Oregon St,2056.742730683973,1741.8279233342764,1,3
2024_3231_3376,0.7097229156854457,3376,3231,South Carolina,Indiana,2056.742730683973,1838.1832459027808,1,4
2024_3328_3376,0.7639045423139775,3376,3328,South Carolina,Oklahoma,2056.742730683973,1776.8071144497774,1,5
2024_3304_3376,0.7942421099678715,3376,3304,South Carolina,Nebraska,2056.742730683973,1695.9924981824245,1,6
2024_3279_3376,0.821602170229133,3376,3279,South Carolina,Mississippi,2056.742730683973,1786.3703767977413,1,7
2024_3314_3376,0.8481755599485502,3376,3314,South Carolina,North Carolina,2056.742730683973,1700.0865157365076,1,8
2024_3277_3376,0.8824366078268117,3376,3277,South Carolina,Michigan St,2056.742730683973,1693.8584548587664,1,9
2024_3266_3376,0.9155819547765953,3376,3266,South Carolina,Marquette,2056.742730683973,1727.920990711213,1,10
2024_3376_3401,0.9293354245280385,3376,3401,South Carolina,Texas A&M,2056.742730683973,1611.1750967639034,1,11
2024_3195_3376,0.9552033255810999,3376,3195,South Carolina,FL Gulf Coast,2056.742730683973,1807.876806976903,1,12
2024_3193_3376,0.9742728126049042,3376,3193,South Carolina,Fairfield,2056.742730683973,1743.9307213061684,1,13
2024_3186_3376,0.9707324755191803,3376,3186,South Carolina,E Washington,2056.742730683973,1702.9960322081502,1,14
2024_3245_3376,0.9731364500522613,3376,3245,South Carolina,Kent,2056.742730683973,1666.6651185549856,1,15
2024_3342_3376,0.9753395569324493,3376,3342,South Carolina,Presbyterian,2056.742730683973,1440.0319648053332,1,16
2024_3357_3376,0.9688246202468872,3376,3357,South Carolina,Sacred Heart,2056.742730683973,1573.6005456379667,1,16
2024_3376_3400,0.5954443424940106,3376,3400,South Carolina,Texas,2056.742730683973,1876.178422728389,1,1
2024_3376_3390,0.6328350511061893,3376,3390,South Carolina,Stanford,2056.742730683973,1875.2135534976353,1,2
2024_3301_3376,0.6628916849270823,3376,3301,South Carolina,NC State,2056.742730683973,1832.4819635554175,1,3
2024_3211_3376,0.7179772053125208,3376,3211,South Carolina,Gonzaga,2056.742730683973,1858.1876334071728,1,4
2024_3376_3428,0.7414730197061742,3376,3428,South Carolina,Utah,2056.742730683973,1762.0370348912932,1,5
2024_3376_3397,0.7922825476662357,3376,3397,South Carolina,Tennessee,2056.742730683973,1755.5161230419328,1,6
2024_3235_3376,0.8322208569051583,3376,3235,South Carolina,Iowa St,2056.742730683973,1747.7944117468137,1,7
2024_3104_3376,0.851817433546649,3376,3104,South Carolina,Alabama,2056.742730683973,1728.2235991545258,1,8
2024_3199_3376,0.8787137315164631,3376,3199,South Carolina,Florida St,2056.742730683973,1731.3318438886506,1,9
2024_3268_3376,0.9101678562753899,3376,3268,South Carolina,Maryland,2056.742730683973,1738.6415489962658,1,10
2024_3376_3453,0.9350475760554433,3376,3453,South Carolina,WI Green Bay,2056.742730683973,1755.8193922713324,1,11
2024_3355_3376,0.9536131332631372,3376,3355,South Carolina,S Dakota St,2056.742730683973,1807.0444786381895,1,12
2024_3376_3414,0.9743645143508911,3376,3414,South Carolina,UC Irvine,2056.742730683973,1656.3752788526392,1,13
2024_3151_3376,0.9711541485786438,3376,3151,South Carolina,Chattanooga,2056.742730683973,1688.4139365134167,1,14
2024_3313_3376,0.9722033989429474,3376,3313,South Carolina,Norfolk St,2056.742730683973,1676.7668098191193,1,15
2024_3180_3376,0.9747768890857696,3376,3180,South Carolina,Drexel,2056.742730683973,1619.9611285709493,1,16
2024_3234_3376,0.5973889291286465,3376,3234,South Carolina,Iowa,2056.742730683973,1913.1483914363243,1,1
2024_3376_3417,0.6476472374665485,3376,3417,South Carolina,UCLA,2056.742730683973,1831.0311295413612,1,2
2024_3261_3376,0.6601699729338648,3376,3261,South Carolina,LSU,2056.742730683973,1895.2037149888847,1,3
2024_3243_3376,0.6999347303273982,3376,3243,South Carolina,Kansas St,2056.742730683973,1733.6226327573718,1,4
2024_3160_3376,0.7559988802541936,3376,3160,South Carolina,Colorado,2056.742730683973,1740.8455561689786,1,5
2024_3257_3376,0.7922486922280033,3376,3257,South Carolina,Louisville,2056.742730683973,1777.859589035021,1,6
2024_3166_3376,0.8149875745775064,3376,3166,South Carolina,Creighton,2056.742730683973,1818.159394610845,1,7
2024_3376_3452,0.8542059406744108,3376,3452,South Carolina,West Virginia,2056.742730683973,1705.972421133595,1,8
2024_3343_3376,0.8857579276453084,3376,3343,South Carolina,Princeton,2056.742730683973,1851.7261643002205,1,9
2024_3376_3424,0.9093961847418053,3376,3424,South Carolina,UNLV,2056.742730683973,1834.6954708399526,1,10
2024_3292_3376,0.9324059876059652,3376,3292,South Carolina,MTSU,2056.742730683973,1825.9686936108571,1,11
2024_3179_3376,0.9599362323994898,3376,3179,South Carolina,Drake,2056.742730683973,1793.7637493219408,1,12
2024_3339_3376,0.9742303740978241,3376,3339,South Carolina,Portland,2056.742730683973,1660.2154003231187,1,13
2024_3349_3376,0.9741998267173767,3376,3349,South Carolina,Rice,2056.742730683973,1602.7806164848662,1,14
2024_3376_3465,0.9725926768779755,3376,3465,South Carolina,Cal Baptist,2056.742730683973,1748.2794249498818,1,15
2024_3221_3376,0.9744963598251343,3376,3221,South Carolina,Holy Cross,2056.742730683973,1555.6375404933337,1,16
2024_3376_3404,0.9726780903339386,3376,3404,South Carolina,TN Martin,2056.742730683973,1460.6304570200384,1,16
2024_3376_3425,0.6073436498641964,3376,3425,South Carolina,USC,2056.742730683973,1838.1292755662923,1,1
2024_3326_3376,0.634043892906879,3376,3326,South Carolina,Ohio St,2056.742730683973,1849.2050670726867,1,2
2024_3163_3376,0.6484595526829722,3376,3163,South Carolina,Connecticut,2056.742730683973,1921.3336140603578,1,3
2024_3376_3439,0.6965608541133708,3376,3439,South Carolina,Virginia Tech,2056.742730683973,1847.229227065635,1,4
2024_3124_3376,0.762879431830808,3376,3124,South Carolina,Baylor,2056.742730683973,1761.3275962097346,1,5
2024_3376_3393,0.7906589469448765,3376,3393,South Carolina,Syracuse,2056.742730683973,1730.6665843168998,1,6
2024_3181_3376,0.8274442300798257,3376,3181,South Carolina,Duke,2056.742730683973,1752.688159118207,1,7
2024_3242_3376,0.849080000828372,3376,3242,South Carolina,Kansas,2056.742730683973,1705.528887123695,1,8
2024_3276_3376,0.883226250160796,3376,3276,South Carolina,Michigan,2056.742730683973,1680.1913479376847,1,9
2024_3350_3376,0.9148759079569084,3376,3350,South Carolina,Richmond,2056.742730683973,1778.4365011097805,1,10
2024_3112_3376,0.9333354326342702,3376,3112,South Carolina,Arizona,2056.742730683973,1663.5246475881788,1,11
2024_3120_3376,0.9364182742690206,3376,3120,South Carolina,Auburn,2056.742730683973,1670.9243359044353,1,11
2024_3162_3376,0.9602181027646326,3376,3162,South Carolina,Columbia,2056.742730683973,1784.2973369270142,1,12
2024_3376_3435,0.9581460664983057,3376,3435,South Carolina,Vanderbilt,2056.742730683973,1649.7364456557825,1,12
2024_3267_3376,0.9714690697193146,3376,3267,South Carolina,Marshall,2056.742730683973,1711.538083968918,1,13
2024_3238_3376,0.9723417115211487,3376,3238,South Carolina,Jackson St,2056.742730683973,1694.6207667651774,1,14
2024_3263_3376,0.9741640341281891,3376,3263,South Carolina,Maine,2056.742730683973,1644.585593286405,1,15
2024_3376_3394,0.9745568287372589,3376,3394,South Carolina,TAM C. Christi,2056.742730683973,1580.4352854776812,1,16
2024_3323_3333,0.5556685533988224,3323,3333,Notre Dame,Oregon St,1885.4805541450594,1741.8279233342764,2,3
2024_3231_3323,0.5638658244982722,3323,3231,Notre Dame,Indiana,1885.4805541450594,1838.1832459027808,2,4
2024_3323_3328,0.681409010684759,3323,3328,Notre Dame,Oklahoma,1885.4805541450594,1776.8071144497774,2,5
2024_3304_3323,0.7320019608606542,3323,3304,Notre Dame,Nebraska,1885.4805541450594,1695.9924981824245,2,6
2024_3279_3323,0.7292765340344151,3323,3279,Notre Dame,Mississippi,1885.4805541450594,1786.3703767977413,2,7
2024_3314_3323,0.802084301471885,3323,3314,Notre Dame,North Carolina,1885.4805541450594,1700.0865157365076,2,8
2024_3277_3323,0.816378761838542,3323,3277,Notre Dame,Michigan St,1885.4805541450594,1693.8584548587664,2,9
2024_3266_3323,0.865600769270522,3323,3266,Notre Dame,Marquette,1885.4805541450594,1727.920990711213,2,10
2024_3323_3401,0.8873400521867973,3323,3401,Notre Dame,Texas A&M,1885.4805541450594,1611.1750967639034,2,11
2024_3195_3323,0.906124958619988,3323,3195,Notre Dame,FL Gulf Coast,1885.4805541450594,1807.876806976903,2,12
2024_3193_3323,0.9522976587529444,3323,3193,Notre Dame,Fairfield,1885.4805541450594,1743.9307213061684,2,13
2024_3186_3323,0.9663098406791687,3323,3186,Notre Dame,E Washington,1885.4805541450594,1702.9960322081502,2,14
2024_3245_3323,0.9680969071388245,3323,3245,Notre Dame,Kent,1885.4805541450594,1666.6651185549856,2,15
2024_3323_3342,0.9738940250873566,3323,3342,Notre Dame,Presbyterian,1885.4805541450594,1440.0319648053332,2,16
2024_3323_3357,0.9616900634765625,3323,3357,Notre Dame,Sacred Heart,1885.4805541450594,1573.6005456379667,2,16
2024_3323_3400,0.41184337319257314,3323,3400,Notre Dame,Texas,1885.4805541450594,1876.178422728389,2,1
2024_3323_3390,0.4409093767404552,3323,3390,Notre Dame,Stanford,1885.4805541450594,1875.2135534976353,2,2
2024_3301_3323,0.545885523842548,3323,3301,Notre Dame,NC State,1885.4805541450594,1832.4819635554175,2,3
2024_3211_3323,0.5792574276104929,3323,3211,Notre Dame,Gonzaga,1885.4805541450594,1858.1876334071728,2,4
2024_3323_3428,0.633984232342512,3323,3428,Notre Dame,Utah,1885.4805541450594,1762.0370348912932,2,5
2024_3323_3397,0.7039068198074544,3323,3397,Notre Dame,Tennessee,1885.4805541450594,1755.5161230419328,2,6
2024_3235_3323,0.7769886216656406,3323,3235,Notre Dame,Iowa St,1885.4805541450594,1747.7944117468137,2,7
2024_3104_3323,0.7847989991905053,3323,3104,Notre Dame,Alabama,1885.4805541450594,1728.2235991545258,2,8
2024_3199_3323,0.8089907661186323,3323,3199,Notre Dame,Florida St,1885.4805541450594,1731.3318438886506,2,9
2024_3268_3323,0.8395219490419453,3323,3268,Notre Dame,Maryland,1885.4805541450594,1738.6415489962658,2,10
2024_3323_3453,0.8994591069811089,3323,3453,Notre Dame,WI Green Bay,1885.4805541450594,1755.8193922713324,2,11
2024_3323_3355,0.9099877270316243,3323,3355,Notre Dame,S Dakota St,1885.4805541450594,1807.0444786381895,2,12
2024_3323_3414,0.9565774808640741,3323,3414,Notre Dame,UC Irvine,1885.4805541450594,1656.3752788526392,2,13
2024_3151_3323,0.9685618531703949,3323,3151,Notre Dame,Chattanooga,1885.4805541450594,1688.4139365134167,2,14
2024_3313_3323,0.9660846543312073,3323,3313,Notre Dame,Norfolk St,1885.4805541450594,1676.7668098191193,2,15
2024_3180_3323,0.9704376709461212,3323,3180,Notre Dame,Drexel,1885.4805541450594,1619.9611285709493,2,16
2024_3234_3323,0.40470944227101857,3323,3234,Notre Dame,Iowa,1885.4805541450594,1913.1483914363243,2,1
2024_3323_3417,0.5137652516365048,3323,3417,Notre Dame,UCLA,1885.4805541450594,1831.0311295413612,2,2
2024_3261_3323,0.45120359032032353,3323,3261,Notre Dame,LSU,1885.4805541450594,1895.2037149888847,2,3
2024_3243_3323,0.594409449853039,3323,3243,Notre Dame,Kansas St,1885.4805541450594,1733.6226327573718,2,4
2024_3160_3323,0.678869748509199,3323,3160,Notre Dame,Colorado,1885.4805541450594,1740.8455561689786,2,5
2024_3257_3323,0.7129184460510457,3323,3257,Notre Dame,Louisville,1885.4805541450594,1777.859589035021,2,6
2024_3166_3323,0.725797604633971,3323,3166,Notre Dame,Creighton,1885.4805541450594,1818.159394610845,2,7
2024_3323_3452,0.7769372359515985,3323,3452,Notre Dame,West Virginia,1885.4805541450594,1705.972421133595,2,8
2024_3323_3343,0.7752244964347944,3323,3343,Notre Dame,Princeton,1885.4805541450594,1851.7261643002205,2,9
2024_3323_3424,0.7759171173463887,3323,3424,Notre Dame,UNLV,1885.4805541450594,1834.6954708399526,2,10
2024_3292_3323,0.8667757642858727,3323,3292,Notre Dame,MTSU,1885.4805541450594,1825.9686936108571,2,11
2024_3179_3323,0.9252456816290975,3323,3179,Notre Dame,Drake,1885.4805541450594,1793.7637493219408,2,12
2024_3323_3339,0.9576425562615656,3323,3339,Notre Dame,Portland,1885.4805541450594,1660.2154003231187,2,13
2024_3323_3349,0.9719519567489624,3323,3349,Notre Dame,Rice,1885.4805541450594,1602.7806164848662,2,14
2024_3323_3465,0.9649202477931976,3323,3465,Notre Dame,Cal Baptist,1885.4805541450594,1748.2794249498818,2,15
2024_3221_3323,0.972338969707489,3323,3221,Notre Dame,Holy Cross,1885.4805541450594,1555.6375404933337,2,16
2024_3323_3404,0.9709162962436676,3323,3404,Notre Dame,TN Martin,1885.4805541450594,1460.6304570200384,2,16
2024_3323_3425,0.4842323723566776,3323,3425,Notre Dame,USC,1885.4805541450594,1838.1292755662923,2,1
2024_3323_3326,0.4894950300455089,3323,3326,Notre Dame,Ohio St,1885.4805541450594,1849.2050670726867,2,2
2024_3163_3323,0.45522342442152364,3323,3163,Notre Dame,Connecticut,1885.4805541450594,1921.3336140603578,2,3
2024_3323_3439,0.5735991288796427,3323,3439,Notre Dame,Virginia Tech,1885.4805541450594,1847.229227065635,2,4
2024_3124_3323,0.6717768255832499,3323,3124,Notre Dame,Baylor,1885.4805541450594,1761.3275962097346,2,5
2024_3323_3393,0.7182599758972371,3323,3393,Notre Dame,Syracuse,1885.4805541450594,1730.6665843168998,2,6
2024_3181_3323,0.7333392164246281,3323,3181,Notre Dame,Duke,1885.4805541450594,1752.688159118207,2,7
2024_3242_3323,0.7985727981330712,3323,3242,Notre Dame,Kansas,1885.4805541450594,1705.528887123695,2,8
2024_3276_3323,0.8304857060419187,3323,3276,Notre Dame,Michigan,1885.4805541450594,1680.1913479376847,2,9
2024_3323_3350,0.8642714664827412,3323,3350,Notre Dame,Richmond,1885.4805541450594,1778.4365011097805,2,10
2024_3112_3323,0.8967284989946587,3323,3112,Notre Dame,Arizona,1885.4805541450594,1663.5246475881788,2,11
2024_3120_3323,0.903509272395919,3323,3120,Notre Dame,Auburn,1885.4805541450594,1670.9243359044353,2,11
2024_3162_3323,0.9265569540118337,3323,3162,Notre Dame,Columbia,1885.4805541450594,1784.2973369270142,2,12
2024_3323_3435,0.9237376245116353,3323,3435,Notre Dame,Vanderbilt,1885.4805541450594,1649.7364456557825,2,12
2024_3267_3323,0.9491383741612696,3323,3267,Notre Dame,Marshall,1885.4805541450594,1711.538083968918,2,13
2024_3238_3323,0.965721960067749,3323,3238,Notre Dame,Jackson St,1885.4805541450594,1694.6207667651774,2,14
2024_3263_3323,0.9728958559036255,3323,3263,Notre Dame,Maine,1885.4805541450594,1644.585593286405,2,15
2024_3323_3394,0.9723506224155426,3323,3394,Notre Dame,TAM C. Christi,1885.4805541450594,1580.4352854776812,2,16
2024_3231_3333,0.49616755365011556,3333,3231,Oregon St,Indiana,1741.8279233342764,1838.1832459027808,3,4
2024_3328_3333,0.6183810074702265,3333,3328,Oregon St,Oklahoma,1741.8279233342764,1776.8071144497774,3,5
2024_3304_3333,0.653708273566038,3333,3304,Oregon St,Nebraska,1741.8279233342764,1695.9924981824245,3,6
2024_3279_3333,0.7007377451528752,3333,3279,Oregon St,Mississippi,1741.8279233342764,1786.3703767977413,3,7
2024_3314_3333,0.7047500720755299,3333,3314,Oregon St,North Carolina,1741.8279233342764,1700.0865157365076,3,8
2024_3277_3333,0.7577871576549371,3333,3277,Oregon St,Michigan St,1741.8279233342764,1693.8584548587664,3,9
2024_3266_3333,0.8030377820240125,3333,3266,Oregon St,Marquette,1741.8279233342764,1727.920990711213,3,10
2024_3333_3401,0.8171968505273884,3333,3401,Oregon St,Texas A&M,1741.8279233342764,1611.1750967639034,3,11
2024_3195_3333,0.8443712574833138,3333,3195,Oregon St,FL Gulf Coast,1741.8279233342764,1807.876806976903,3,12
2024_3193_3333,0.9251515360926748,3333,3193,Oregon St,Fairfield,1741.8279233342764,1743.9307213061684,3,13
2024_3186_3333,0.9411757598634027,3333,3186,Oregon St,E Washington,1741.8279233342764,1702.9960322081502,3,14
2024_3245_3333,0.962093288898468,3333,3245,Oregon St,Kent,1741.8279233342764,1666.6651185549856,3,15
2024_3333_3342,0.9739341688156128,3333,3342,Oregon St,Presbyterian,1741.8279233342764,1440.0319648053332,3,16
2024_3333_3357,0.9618444693088531,3333,3357,Oregon St,Sacred Heart,1741.8279233342764,1573.6005456379667,3,16
2024_3333_3400,0.35340161427106764,3333,3400,Oregon St,Texas,1741.8279233342764,1876.178422728389,3,1
2024_3333_3390,0.4202323544156795,3333,3390,Oregon St,Stanford,1741.8279233342764,1875.2135534976353,3,2
2024_3301_3333,0.45750305652618367,3333,3301,Oregon St,NC State,1741.8279233342764,1832.4819635554175,3,3
2024_3211_3333,0.5146317836510883,3333,3211,Oregon St,Gonzaga,1741.8279233342764,1858.1876334071728,3,4
2024_3333_3428,0.5621178288832667,3333,3428,Oregon St,Utah,1741.8279233342764,1762.0370348912932,3,5
2024_3333_3397,0.6258349511983698,3333,3397,Oregon St,Tennessee,1741.8279233342764,1755.5161230419328,3,6
2024_3235_3333,0.7261920428146565,3333,3235,Oregon St,Iowa St,1741.8279233342764,1747.7944117468137,3,7
2024_3104_3333,0.7325821331278523,3333,3104,Oregon St,Alabama,1741.8279233342764,1728.2235991545258,3,8
2024_3199_3333,0.7500282124282678,3333,3199,Oregon St,Florida St,1741.8279233342764,1731.3318438886506,3,9
2024_3268_3333,0.7713594481454954,3333,3268,Oregon St,Maryland,1741.8279233342764,1738.6415489962658,3,10
2024_3333_3453,0.8363455281148976,3333,3453,Oregon St,WI Green Bay,1741.8279233342764,1755.8193922713324,3,11
2024_3333_3355,0.8782010806196434,3333,3355,Oregon St,S Dakota St,1741.8279233342764,1807.0444786381895,3,12
2024_3333_3414,0.938539931402123,3333,3414,Oregon St,UC Irvine,1741.8279233342764,1656.3752788526392,3,13
2024_3151_3333,0.9461277137513422,3333,3151,Oregon St,Chattanooga,1741.8279233342764,1688.4139365134167,3,14
2024_3313_3333,0.9527372968196869,3333,3313,Oregon St,Norfolk St,1741.8279233342764,1676.7668098191193,3,15
2024_3180_3333,0.9709660065174103,3333,3180,Oregon St,Drexel,1741.8279233342764,1619.9611285709493,3,16
2024_3234_3333,0.3359979297145834,3333,3234,Oregon St,Iowa,1741.8279233342764,1913.1483914363243,3,1
2024_3333_3417,0.4635734173786884,3333,3417,Oregon St,UCLA,1741.8279233342764,1831.0311295413612,3,2
2024_3261_3333,0.42339031994342763,3333,3261,Oregon St,LSU,1741.8279233342764,1895.2037149888847,3,3
2024_3243_3333,0.4740150999891506,3333,3243,Oregon St,Kansas St,1741.8279233342764,1733.6226327573718,3,4
2024_3160_3333,0.6096708168164255,3333,3160,Oregon St,Colorado,1741.8279233342764,1740.8455561689786,3,5
2024_3257_3333,0.6469213459852046,3333,3257,Oregon St,Louisville,1741.8279233342764,1777.859589035021,3,6
2024_3166_3333,0.6546097999681676,3333,3166,Oregon St,Creighton,1741.8279233342764,1818.159394610845,3,7
2024_3333_3452,0.7195062300698002,3333,3452,Oregon St,West Virginia,1741.8279233342764,1705.972421133595,3,8
2024_3333_3343,0.7060121045114358,3333,3343,Oregon St,Princeton,1741.8279233342764,1851.7261643002205,3,9
2024_3333_3424,0.7249322131382093,3333,3424,Oregon St,UNLV,1741.8279233342764,1834.6954708399526,3,10
2024_3292_3333,0.7728870556245869,3333,3292,Oregon St,MTSU,1741.8279233342764,1825.9686936108571,3,11
2024_3179_3333,0.9013177884214623,3333,3179,Oregon St,Drake,1741.8279233342764,1793.7637493219408,3,12
2024_3333_3339,0.929620424137032,3333,3339,Oregon St,Portland,1741.8279233342764,1660.2154003231187,3,13
2024_3333_3349,0.9578986774201654,3333,3349,Oregon St,Rice,1741.8279233342764,1602.7806164848662,3,14
2024_3333_3465,0.9595183682441711,3333,3465,Oregon St,Cal Baptist,1741.8279233342764,1748.2794249498818,3,15
2024_3221_3333,0.9725762557983398,3333,3221,Oregon St,Holy Cross,1741.8279233342764,1555.6375404933337,3,16
2024_3333_3404,0.9692332398891449,3333,3404,Oregon St,TN Martin,1741.8279233342764,1460.6304570200384,3,16
2024_3333_3425,0.3908681030496588,3333,3425,Oregon St,USC,1741.8279233342764,1838.1292755662923,3,1
2024_3326_3333,0.4074433210623508,3333,3326,Oregon St,Ohio St,1741.8279233342764,1849.2050670726867,3,2
2024_3163_3333,0.4093472123146053,3333,3163,Oregon St,Connecticut,1741.8279233342764,1921.3336140603578,3,3
2024_3333_3439,0.49098631559488637,3333,3439,Oregon St,Virginia Tech,1741.8279233342764,1847.229227065635,3,4
2024_3124_3333,0.6121807386055949,3333,3124,Oregon St,Baylor,1741.8279233342764,1761.3275962097346,3,5
2024_3333_3393,0.6686752829912013,3333,3393,Oregon St,Syracuse,1741.8279233342764,1730.6665843168998,3,6
2024_3181_3333,0.6780824816097463,3333,3181,Oregon St,Duke,1741.8279233342764,1752.688159118207,3,7
2024_3242_3333,0.7215575984255512,3333,3242,Oregon St,Kansas,1741.8279233342764,1705.528887123695,3,8
2024_3276_3333,0.7735544637443383,3333,3276,Oregon St,Michigan,1741.8279233342764,1680.1913479376847,3,9
2024_3333_3350,0.7896004513012037,3333,3350,Oregon St,Richmond,1741.8279233342764,1778.4365011097805,3,10
2024_3112_3333,0.8263744012008732,3333,3112,Oregon St,Arizona,1741.8279233342764,1663.5246475881788,3,11
2024_3120_3333,0.8421266571174687,3333,3120,Oregon St,Auburn,1741.8279233342764,1670.9243359044353,3,11
2024_3162_3333,0.8996860814684136,3333,3162,Oregon St,Columbia,1741.8279233342764,1784.2973369270142,3,12
2024_3333_3435,0.9053678644293053,3333,3435,Oregon St,Vanderbilt,1741.8279233342764,1649.7364456557825,3,12
2024_3267_3333,0.921119699106133,3333,3267,Oregon St,Marshall,1741.8279233342764,1711.538083968918,3,13
2024_3238_3333,0.9509931812997126,3333,3238,Oregon St,Jackson St,1741.8279233342764,1694.6207667651774,3,14
2024_3263_3333,0.9689394187927246,3333,3263,Oregon St,Maine,1741.8279233342764,1644.585593286405,3,15
2024_3333_3394,0.9729042899608612,3333,3394,Oregon St,TAM C. Christi,1741.8279233342764,1580.4352854776812,3,16
2024_3231_3328,0.6035271641480671,3231,3328,Indiana,Oklahoma,1838.1832459027808,1776.8071144497774,4,5
2024_3231_3304,0.6480735082999232,3231,3304,Indiana,Nebraska,1838.1832459027808,1695.9924981824245,4,6
2024_3231_3279,0.6478758994701213,3231,3279,Indiana,Mississippi,1838.1832459027808,1786.3703767977413,4,7
2024_3231_3314,0.7113356149067128,3231,3314,Indiana,North Carolina,1838.1832459027808,1700.0865157365076,4,8
2024_3231_3277,0.7438811174170216,3231,3277,Indiana,Michigan St,1838.1832459027808,1693.8584548587664,4,9
2024_3231_3266,0.7726245418788751,3231,3266,Indiana,Marquette,1838.1832459027808,1727.920990711213,4,10
2024_3231_3401,0.8078185513721571,3231,3401,Indiana,Texas A&M,1838.1832459027808,1611.1750967639034,4,11
2024_3195_3231,0.8294631287942952,3231,3195,Indiana,FL Gulf Coast,1838.1832459027808,1807.876806976903,4,12
2024_3193_3231,0.9139751327627403,3231,3193,Indiana,Fairfield,1838.1832459027808,1743.9307213061684,4,13
2024_3186_3231,0.9342716725920797,3231,3186,Indiana,E Washington,1838.1832459027808,1702.9960322081502,4,14
2024_3231_3245,0.9540084908719324,3231,3245,Indiana,Kent,1838.1832459027808,1666.6651185549856,4,15
2024_3231_3342,0.9744225692749023,3231,3342,Indiana,Presbyterian,1838.1832459027808,1440.0319648053332,4,16
2024_3231_3357,0.9618844044208527,3231,3357,Indiana,Sacred Heart,1838.1832459027808,1573.6005456379667,4,16
2024_3231_3400,0.3534002851483511,3231,3400,Indiana,Texas,1838.1832459027808,1876.178422728389,4,1
2024_3231_3390,0.4037764872535696,3231,3390,Indiana,Stanford,1838.1832459027808,1875.2135534976353,4,2
2024_3231_3301,0.48941681416156346,3231,3301,Indiana,NC State,1838.1832459027808,1832.4819635554175,4,3
2024_3211_3231,0.5143150299787518,3231,3211,Indiana,Gonzaga,1838.1832459027808,1858.1876334071728,4,4
2024_3231_3428,0.564909583018993,3231,3428,Indiana,Utah,1838.1832459027808,1762.0370348912932,4,5
2024_3231_3397,0.6402399976626398,3231,3397,Indiana,Tennessee,1838.1832459027808,1755.5161230419328,4,6
2024_3231_3235,0.7046027276876277,3231,3235,Indiana,Iowa St,1838.1832459027808,1747.7944117468137,4,7
2024_3104_3231,0.7234628057350362,3231,3104,Indiana,Alabama,1838.1832459027808,1728.2235991545258,4,8
2024_3199_3231,0.7424057832495411,3231,3199,Indiana,Florida St,1838.1832459027808,1731.3318438886506,4,9
2024_3231_3268,0.7664056614639123,3231,3268,Indiana,Maryland,1838.1832459027808,1738.6415489962658,4,10
2024_3231_3453,0.8297831758962736,3231,3453,Indiana,WI Green Bay,1838.1832459027808,1755.8193922713324,4,11
2024_3231_3355,0.8521417722593373,3231,3355,Indiana,S Dakota St,1838.1832459027808,1807.0444786381895,4,12
2024_3231_3414,0.9193957281702263,3231,3414,Indiana,UC Irvine,1838.1832459027808,1656.3752788526392,4,13
2024_3151_3231,0.9408928843592763,3231,3151,Indiana,Chattanooga,1838.1832459027808,1688.4139365134167,4,14
2024_3231_3313,0.9542373131032251,3231,3313,Indiana,Norfolk St,1838.1832459027808,1676.7668098191193,4,15
2024_3180_3231,0.9710808348655701,3231,3180,Indiana,Drexel,1838.1832459027808,1619.9611285709493,4,16
2024_3231_3234,0.31060286869975795,3231,3234,Indiana,Iowa,1838.1832459027808,1913.1483914363243,4,1
2024_3231_3417,0.4585517923459044,3231,3417,Indiana,UCLA,1838.1832459027808,1831.0311295413612,4,2
2024_3231_3261,0.416217407895351,3231,3261,Indiana,LSU,1838.1832459027808,1895.2037149888847,4,3
2024_3231_3243,0.4910716027021404,3231,3243,Indiana,Kansas St,1838.1832459027808,1733.6226327573718,4,4
2024_3160_3231,0.5887390282618747,3231,3160,Indiana,Colorado,1838.1832459027808,1740.8455561689786,4,5
2024_3231_3257,0.6481378515139582,3231,3257,Indiana,Louisville,1838.1832459027808,1777.859589035021,4,6
2024_3166_3231,0.6540164593818492,3231,3166,Indiana,Creighton,1838.1832459027808,1818.159394610845,4,7
2024_3231_3452,0.6875612592567647,3231,3452,Indiana,West Virginia,1838.1832459027808,1705.972421133595,4,8
2024_3231_3343,0.7428669592873295,3231,3343,Indiana,Princeton,1838.1832459027808,1851.7261643002205,4,9
2024_3231_3424,0.740634580016311,3231,3424,Indiana,UNLV,1838.1832459027808,1834.6954708399526,4,10
2024_3231_3292,0.8012346968160734,3231,3292,Indiana,MTSU,1838.1832459027808,1825.9686936108571,4,11
2024_3179_3231,0.8640083417783803,3231,3179,Indiana,Drake,1838.1832459027808,1793.7637493219408,4,12
2024_3231_3339,0.9140925539129479,3231,3339,Indiana,Portland,1838.1832459027808,1660.2154003231187,4,13
2024_3231_3349,0.9369050952052236,3231,3349,Indiana,Rice,1838.1832459027808,1602.7806164848662,4,14
2024_3231_3465,0.9560012231583856,3231,3465,Indiana,Cal Baptist,1838.1832459027808,1748.2794249498818,4,15
2024_3221_3231,0.9734485995769501,3231,3221,Indiana,Holy Cross,1838.1832459027808,1555.6375404933337,4,16
2024_3231_3404,0.9713547778129578,3231,3404,Indiana,TN Martin,1838.1832459027808,1460.6304570200384,4,16
2024_3231_3425,0.42960612734529247,3231,3425,Indiana,USC,1838.1832459027808,1838.1292755662923,4,1
2024_3231_3326,0.41694769068803694,3231,3326,Indiana,Ohio St,1838.1832459027808,1849.2050670726867,4,2
2024_3163_3231,0.4101828846466785,3231,3163,Indiana,Connecticut,1838.1832459027808,1921.3336140603578,4,3
2024_3231_3439,0.49276815950870473,3231,3439,Indiana,Virginia Tech,1838.1832459027808,1847.229227065635,4,4
2024_3124_3231,0.5996344742047535,3231,3124,Indiana,Baylor,1838.1832459027808,1761.3275962097346,4,5
2024_3231_3393,0.6400370289460184,3231,3393,Indiana,Syracuse,1838.1832459027808,1730.6665843168998,4,6
2024_3181_3231,0.6659936402204341,3231,3181,Indiana,Duke,1838.1832459027808,1752.688159118207,4,7
2024_3231_3242,0.7107649600376332,3231,3242,Indiana,Kansas,1838.1832459027808,1705.528887123695,4,8
2024_3231_3276,0.7593131920830448,3231,3276,Indiana,Michigan,1838.1832459027808,1680.1913479376847,4,9
2024_3231_3350,0.7958237127067407,3231,3350,Indiana,Richmond,1838.1832459027808,1778.4365011097805,4,10
2024_3112_3231,0.8244203522907362,3231,3112,Indiana,Arizona,1838.1832459027808,1663.5246475881788,4,11
2024_3120_3231,0.8298996135698423,3231,3120,Indiana,Auburn,1838.1832459027808,1670.9243359044353,4,11
2024_3162_3231,0.8673284397016591,3231,3162,Indiana,Columbia,1838.1832459027808,1784.2973369270142,4,12
2024_3231_3435,0.8634575650583333,3231,3435,Indiana,Vanderbilt,1838.1832459027808,1649.7364456557825,4,12
2024_3231_3267,0.9067207706564171,3231,3267,Indiana,Marshall,1838.1832459027808,1711.538083968918,4,13
2024_3231_3238,0.9362546595191121,3231,3238,Indiana,Jackson St,1838.1832459027808,1694.6207667651774,4,14
2024_3231_3263,0.9604258249516748,3231,3263,Indiana,Maine,1838.1832459027808,1644.585593286405,4,15
2024_3231_3394,0.974032427072525,3231,3394,Indiana,TAM C. Christi,1838.1832459027808,1580.4352854776812,4,16
2024_3304_3328,0.5665299948918567,3328,3304,Oklahoma,Nebraska,1776.8071144497774,1695.9924981824245,5,6
2024_3279_3328,0.5605665434971812,3328,3279,Oklahoma,Mississippi,1776.8071144497774,1786.3703767977413,5,7
2024_3314_3328,0.6014480088117427,3328,3314,Oklahoma,North Carolina,1776.8071144497774,1700.0865157365076,5,8
2024_3277_3328,0.6637986010183538,3328,3277,Oklahoma,Michigan St,1776.8071144497774,1693.8584548587664,5,9
2024_3266_3328,0.7208037039772709,3328,3266,Oklahoma,Marquette,1776.8071144497774,1727.920990711213,5,10
2024_3328_3401,0.7252859369518121,3328,3401,Oklahoma,Texas A&M,1776.8071144497774,1611.1750967639034,5,11
2024_3195_3328,0.7433757528768644,3328,3195,Oklahoma,FL Gulf Coast,1776.8071144497774,1807.876806976903,5,12
2024_3193_3328,0.8648367271314686,3328,3193,Oklahoma,Fairfield,1776.8071144497774,1743.9307213061684,5,13
2024_3186_3328,0.890665901958297,3328,3186,Oklahoma,E Washington,1776.8071144497774,1702.9960322081502,5,14
2024_3245_3328,0.9206584485625386,3328,3245,Oklahoma,Kent,1776.8071144497774,1666.6651185549856,5,15
2024_3328_3342,0.9581941078419947,3328,3342,Oklahoma,Presbyterian,1776.8071144497774,1440.0319648053332,5,16
2024_3328_3357,0.9361311505551599,3328,3357,Oklahoma,Sacred Heart,1776.8071144497774,1573.6005456379667,5,16
2024_3328_3400,0.2620504276583939,3328,3400,Oklahoma,Texas,1776.8071144497774,1876.178422728389,5,1
2024_3328_3390,0.32307365795346965,3328,3390,Oklahoma,Stanford,1776.8071144497774,1875.2135534976353,5,2
2024_3301_3328,0.3693376834615698,3328,3301,Oklahoma,NC State,1776.8071144497774,1832.4819635554175,5,3
2024_3211_3328,0.427097155464912,3328,3211,Oklahoma,Gonzaga,1776.8071144497774,1858.1876334071728,5,4
2024_3328_3428,0.46478833109140355,3328,3428,Oklahoma,Utah,1776.8071144497774,1762.0370348912932,5,5
2024_3328_3397,0.5337179508673893,3328,3397,Oklahoma,Tennessee,1776.8071144497774,1755.5161230419328,5,6
2024_3235_3328,0.6226943720952036,3328,3235,Oklahoma,Iowa St,1776.8071144497774,1747.7944117468137,5,7
2024_3104_3328,0.6402549091937846,3328,3104,Oklahoma,Alabama,1776.8071144497774,1728.2235991545258,5,8
2024_3199_3328,0.69167177437441,3328,3199,Oklahoma,Florida St,1776.8071144497774,1731.3318438886506,5,9
2024_3268_3328,0.6956816277043064,3328,3268,Oklahoma,Maryland,1776.8071144497774,1738.6415489962658,5,10
2024_3328_3453,0.7538923815490564,3328,3453,Oklahoma,WI Green Bay,1776.8071144497774,1755.8193922713324,5,11
2024_3328_3355,0.764891688536273,3328,3355,Oklahoma,S Dakota St,1776.8071144497774,1807.0444786381895,5,12
2024_3328_3414,0.865241174448592,3328,3414,Oklahoma,UC Irvine,1776.8071144497774,1656.3752788526392,5,13
2024_3151_3328,0.9001684320562584,3328,3151,Oklahoma,Chattanooga,1776.8071144497774,1688.4139365134167,5,14
2024_3313_3328,0.9099479707335592,3328,3313,Oklahoma,Norfolk St,1776.8071144497774,1676.7668098191193,5,15
2024_3180_3328,0.956209183764007,3328,3180,Oklahoma,Drexel,1776.8071144497774,1619.9611285709493,5,16
2024_3234_3328,0.2627741621564179,3328,3234,Oklahoma,Iowa,1776.8071144497774,1913.1483914363243,5,1
2024_3328_3417,0.3355393063065695,3328,3417,Oklahoma,UCLA,1776.8071144497774,1831.0311295413612,5,2
2024_3261_3328,0.3314266073628893,3328,3261,Oklahoma,LSU,1776.8071144497774,1895.2037149888847,5,3
2024_3243_3328,0.41818906993987615,3328,3243,Oklahoma,Kansas St,1776.8071144497774,1733.6226327573718,5,4
2024_3160_3328,0.49093346893787343,3328,3160,Oklahoma,Colorado,1776.8071144497774,1740.8455561689786,5,5
2024_3257_3328,0.5227866080271946,3328,3257,Oklahoma,Louisville,1776.8071144497774,1777.859589035021,5,6
2024_3166_3328,0.5707260508910181,3328,3166,Oklahoma,Creighton,1776.8071144497774,1818.159394610845,5,7
2024_3328_3452,0.6180463824632472,3328,3452,Oklahoma,West Virginia,1776.8071144497774,1705.972421133595,5,8
2024_3328_3343,0.6349042212833608,3328,3343,Oklahoma,Princeton,1776.8071144497774,1851.7261643002205,5,9
2024_3328_3424,0.6590139380232533,3328,3424,Oklahoma,UNLV,1776.8071144497774,1834.6954708399526,5,10
2024_3292_3328,0.703360860109504,3328,3292,Oklahoma,MTSU,1776.8071144497774,1825.9686936108571,5,11
2024_3179_3328,0.8149010136829481,3328,3179,Oklahoma,Drake,1776.8071144497774,1793.7637493219408,5,12
2024_3328_3339,0.8660803482423848,3328,3339,Oklahoma,Portland,1776.8071144497774,1660.2154003231187,5,13
2024_3328_3349,0.913010073959182,3328,3349,Oklahoma,Rice,1776.8071144497774,1602.7806164848662,5,14
2024_3328_3465,0.9249487014865041,3328,3465,Oklahoma,Cal Baptist,1776.8071144497774,1748.2794249498818,5,15
2024_3221_3328,0.9560114453549646,3328,3221,Oklahoma,Holy Cross,1776.8071144497774,1555.6375404933337,5,16
2024_3328_3404,0.9515907476659082,3328,3404,Oklahoma,TN Martin,1776.8071144497774,1460.6304570200384,5,16
2024_3328_3425,0.28313943387372786,3328,3425,Oklahoma,USC,1776.8071144497774,1838.1292755662923,5,1
2024_3326_3328,0.3121758054730581,3328,3326,Oklahoma,Ohio St,1776.8071144497774,1849.2050670726867,5,2
2024_3163_3328,0.3200173842832079,3328,3163,Oklahoma,Connecticut,1776.8071144497774,1921.3336140603578,5,3
2024_3328_3439,0.4089920210969692,3328,3439,Oklahoma,Virginia Tech,1776.8071144497774,1847.229227065635,5,4
2024_3124_3328,0.4904624432325359,3328,3124,Oklahoma,Baylor,1776.8071144497774,1761.3275962097346,5,5
2024_3328_3393,0.5527218934762226,3328,3393,Oklahoma,Syracuse,1776.8071144497774,1730.6665843168998,5,6
2024_3181_3328,0.5547686357871058,3328,3181,Oklahoma,Duke,1776.8071144497774,1752.688159118207,5,7
2024_3242_3328,0.6475417111280268,3328,3242,Oklahoma,Kansas,1776.8071144497774,1705.528887123695,5,8
2024_3276_3328,0.6743573552240575,3328,3276,Oklahoma,Michigan,1776.8071144497774,1680.1913479376847,5,9
2024_3328_3350,0.7096750697628696,3328,3350,Oklahoma,Richmond,1776.8071144497774,1778.4365011097805,5,10
2024_3112_3328,0.741921697616752,3328,3112,Oklahoma,Arizona,1776.8071144497774,1663.5246475881788,5,11
2024_3120_3328,0.7409764424564202,3328,3120,Oklahoma,Auburn,1776.8071144497774,1670.9243359044353,5,11
2024_3162_3328,0.7963952764974699,3328,3162,Oklahoma,Columbia,1776.8071144497774,1784.2973369270142,5,12
2024_3328_3435,0.804240380238162,3328,3435,Oklahoma,Vanderbilt,1776.8071144497774,1649.7364456557825,5,12
2024_3267_3328,0.823952888001067,3328,3267,Oklahoma,Marshall,1776.8071144497774,1711.538083968918,5,13
2024_3238_3328,0.8896594477289421,3328,3238,Oklahoma,Jackson St,1776.8071144497774,1694.6207667651774,5,14
2024_3263_3328,0.9295247288798452,3328,3263,Oklahoma,Maine,1776.8071144497774,1644.585593286405,5,15
2024_3328_3394,0.9574061642403864,3328,3394,Oklahoma,TAM C. Christi,1776.8071144497774,1580.4352854776812,5,16
2024_3279_3304,0.48559490411159856,3304,3279,Nebraska,Mississippi,1695.9924981824245,1786.3703767977413,6,7
2024_3304_3314,0.5469397147074702,3304,3314,Nebraska,North Carolina,1695.9924981824245,1700.0865157365076,6,8
2024_3277_3304,0.6019721869590586,3304,3277,Nebraska,Michigan St,1695.9924981824245,1693.8584548587664,6,9
2024_3266_3304,0.6380002951492513,3304,3266,Nebraska,Marquette,1695.9924981824245,1727.920990711213,6,10
2024_3304_3401,0.681639667464896,3304,3401,Nebraska,Texas A&M,1695.9924981824245,1611.1750967639034,6,11
2024_3195_3304,0.6988506809474786,3304,3195,Nebraska,FL Gulf Coast,1695.9924981824245,1807.876806976903,6,12
2024_3193_3304,0.8317183897005186,3304,3193,Nebraska,Fairfield,1695.9924981824245,1743.9307213061684,6,13
2024_3186_3304,0.8467426196228093,3304,3186,Nebraska,E Washington,1695.9924981824245,1702.9960322081502,6,14
2024_3245_3304,0.8933151496046288,3304,3245,Nebraska,Kent,1695.9924981824245,1666.6651185549856,6,15
2024_3304_3342,0.9434426220511556,3304,3342,Nebraska,Presbyterian,1695.9924981824245,1440.0319648053332,6,16
2024_3304_3357,0.9138191434001088,3304,3357,Nebraska,Sacred Heart,1695.9924981824245,1573.6005456379667,6,16
2024_3304_3400,0.21624774946410982,3304,3400,Nebraska,Texas,1695.9924981824245,1876.178422728389,6,1
2024_3304_3390,0.2560343706737309,3304,3390,Nebraska,Stanford,1695.9924981824245,1875.2135534976353,6,2
2024_3301_3304,0.3357535626527952,3304,3301,Nebraska,NC State,1695.9924981824245,1832.4819635554175,6,3
2024_3211_3304,0.3511775861605635,3304,3211,Nebraska,Gonzaga,1695.9924981824245,1858.1876334071728,6,4
2024_3304_3428,0.4036182004344707,3304,3428,Nebraska,Utah,1695.9924981824245,1762.0370348912932,6,5
2024_3304_3397,0.4656668886542316,3304,3397,Nebraska,Tennessee,1695.9924981824245,1755.5161230419328,6,6
2024_3235_3304,0.5954473969208942,3304,3235,Nebraska,Iowa St,1695.9924981824245,1747.7944117468137,6,7
2024_3104_3304,0.5593324889317515,3304,3104,Nebraska,Alabama,1695.9924981824245,1728.2235991545258,6,8
2024_3199_3304,0.6325410399797267,3304,3199,Nebraska,Florida St,1695.9924981824245,1731.3318438886506,6,9
2024_3268_3304,0.6288364833463872,3304,3268,Nebraska,Maryland,1695.9924981824245,1738.6415489962658,6,10
2024_3304_3453,0.7207795044914921,3304,3453,Nebraska,WI Green Bay,1695.9924981824245,1755.8193922713324,6,11
2024_3304_3355,0.7238411203624566,3304,3355,Nebraska,S Dakota St,1695.9924981824245,1807.0444786381895,6,12
2024_3304_3414,0.8336579546438322,3304,3414,Nebraska,UC Irvine,1695.9924981824245,1656.3752788526392,6,13
2024_3151_3304,0.8663945243249959,3304,3151,Nebraska,Chattanooga,1695.9924981824245,1688.4139365134167,6,14
2024_3304_3313,0.8851052952402336,3304,3313,Nebraska,Norfolk St,1695.9924981824245,1676.7668098191193,6,15
2024_3180_3304,0.9350094290827871,3304,3180,Nebraska,Drexel,1695.9924981824245,1619.9611285709493,6,16
2024_3234_3304,0.21542345447976916,3304,3234,Nebraska,Iowa,1695.9924981824245,1913.1483914363243,6,1
2024_3304_3417,0.29404469968183333,3304,3417,Nebraska,UCLA,1695.9924981824245,1831.0311295413612,6,2
2024_3261_3304,0.2768255870577978,3304,3261,Nebraska,LSU,1695.9924981824245,1895.2037149888847,6,3
2024_3243_3304,0.36891305252160933,3304,3243,Nebraska,Kansas St,1695.9924981824245,1733.6226327573718,6,4
2024_3160_3304,0.43507085622670705,3304,3160,Nebraska,Colorado,1695.9924981824245,1740.8455561689786,6,5
2024_3257_3304,0.4980014920234676,3304,3257,Nebraska,Louisville,1695.9924981824245,1777.859589035021,6,6
2024_3166_3304,0.4868801516163097,3304,3166,Nebraska,Creighton,1695.9924981824245,1818.159394610845,6,7
2024_3304_3452,0.551384895004368,3304,3452,Nebraska,West Virginia,1695.9924981824245,1705.972421133595,6,8
2024_3304_3343,0.5664359647991961,3304,3343,Nebraska,Princeton,1695.9924981824245,1851.7261643002205,6,9
2024_3304_3424,0.6420528000463689,3304,3424,Nebraska,UNLV,1695.9924981824245,1834.6954708399526,6,10
2024_3292_3304,0.677136059714957,3304,3292,Nebraska,MTSU,1695.9924981824245,1825.9686936108571,6,11
2024_3179_3304,0.7727438107730706,3304,3179,Nebraska,Drake,1695.9924981824245,1793.7637493219408,6,12
2024_3304_3339,0.8384317800508604,3304,3339,Nebraska,Portland,1695.9924981824245,1660.2154003231187,6,13
2024_3304_3349,0.8721886322389668,3304,3349,Nebraska,Rice,1695.9924981824245,1602.7806164848662,6,14
2024_3304_3465,0.89064784175093,3304,3465,Nebraska,Cal Baptist,1695.9924981824245,1748.2794249498818,6,15
2024_3221_3304,0.941049525365746,3304,3221,Nebraska,Holy Cross,1695.9924981824245,1555.6375404933337,6,16
2024_3304_3404,0.9357860179995656,3304,3404,Nebraska,TN Martin,1695.9924981824245,1460.6304570200384,6,16
2024_3304_3425,0.22891947342593996,3304,3425,Nebraska,USC,1695.9924981824245,1838.1292755662923,6,1
2024_3304_3326,0.26097978295190627,3304,3326,Nebraska,Ohio St,1695.9924981824245,1849.2050670726867,6,2
2024_3163_3304,0.28549342861148586,3304,3163,Nebraska,Connecticut,1695.9924981824245,1921.3336140603578,6,3
2024_3304_3439,0.34266814767565634,3304,3439,Nebraska,Virginia Tech,1695.9924981824245,1847.229227065635,6,4
2024_3124_3304,0.4555729839337116,3304,3124,Nebraska,Baylor,1695.9924981824245,1761.3275962097346,6,5
2024_3304_3393,0.5022739082574841,3304,3393,Nebraska,Syracuse,1695.9924981824245,1730.6665843168998,6,6
2024_3181_3304,0.4739244413244472,3304,3181,Nebraska,Duke,1695.9924981824245,1752.688159118207,6,7
2024_3242_3304,0.5805772532597544,3304,3242,Nebraska,Kansas,1695.9924981824245,1705.528887123695,6,8
2024_3276_3304,0.6316580716731852,3304,3276,Nebraska,Michigan,1695.9924981824245,1680.1913479376847,6,9
2024_3304_3350,0.6656396394838536,3304,3350,Nebraska,Richmond,1695.9924981824245,1778.4365011097805,6,10
2024_3112_3304,0.6767178139225681,3304,3112,Nebraska,Arizona,1695.9924981824245,1663.5246475881788,6,11
2024_3120_3304,0.6875328979031284,3304,3120,Nebraska,Auburn,1695.9924981824245,1670.9243359044353,6,11
2024_3162_3304,0.7513575897218545,3304,3162,Nebraska,Columbia,1695.9924981824245,1784.2973369270142,6,12
2024_3304_3435,0.7346121416093667,3304,3435,Nebraska,Vanderbilt,1695.9924981824245,1649.7364456557825,6,12
2024_3267_3304,0.7963552221761808,3304,3267,Nebraska,Marshall,1695.9924981824245,1711.538083968918,6,13
2024_3238_3304,0.8374393776546544,3304,3238,Nebraska,Jackson St,1695.9924981824245,1694.6207667651774,6,14
2024_3263_3304,0.9082833958261711,3304,3263,Nebraska,Maine,1695.9924981824245,1644.585593286405,6,15
2024_3304_3394,0.93769551239959,3304,3394,Nebraska,TAM C. Christi,1695.9924981824245,1580.4352854776812,6,16
2024_3279_3314,0.5559206363427387,3279,3314,Mississippi,North Carolina,1786.3703767977413,1700.0865157365076,7,8
2024_3277_3279,0.6294337202683451,3279,3277,Mississippi,Michigan St,1786.3703767977413,1693.8584548587664,7,9
2024_3266_3279,0.6804538462522334,3279,3266,Mississippi,Marquette,1786.3703767977413,1727.920990711213,7,10
2024_3279_3401,0.7199688559641088,3279,3401,Mississippi,Texas A&M,1786.3703767977413,1611.1750967639034,7,11
2024_3195_3279,0.7162992468611439,3279,3195,Mississippi,FL Gulf Coast,1786.3703767977413,1807.876806976903,7,12
2024_3193_3279,0.8278557107450326,3279,3193,Mississippi,Fairfield,1786.3703767977413,1743.9307213061684,7,13
2024_3186_3279,0.8332617625700102,3279,3186,Mississippi,E Washington,1786.3703767977413,1702.9960322081502,7,14
2024_3245_3279,0.875303511370284,3279,3245,Mississippi,Kent,1786.3703767977413,1666.6651185549856,7,15
2024_3279_3342,0.9228271675699455,3279,3342,Mississippi,Presbyterian,1786.3703767977413,1440.0319648053332,7,16
2024_3279_3357,0.9117804599397881,3279,3357,Mississippi,Sacred Heart,1786.3703767977413,1573.6005456379667,7,16
2024_3279_3400,0.23737969243508916,3279,3400,Mississippi,Texas,1786.3703767977413,1876.178422728389,7,1
2024_3279_3390,0.2682622083886418,3279,3390,Mississippi,Stanford,1786.3703767977413,1875.2135534976353,7,2
2024_3279_3301,0.35562529803617293,3279,3301,Mississippi,NC State,1786.3703767977413,1832.4819635554175,7,3
2024_3211_3279,0.3904239412185835,3279,3211,Mississippi,Gonzaga,1786.3703767977413,1858.1876334071728,7,4
2024_3279_3428,0.40656661792840865,3279,3428,Mississippi,Utah,1786.3703767977413,1762.0370348912932,7,5
2024_3279_3397,0.5065501544010883,3279,3397,Mississippi,Tennessee,1786.3703767977413,1755.5161230419328,7,6
2024_3235_3279,0.5775789231061932,3279,3235,Mississippi,Iowa St,1786.3703767977413,1747.7944117468137,7,7
2024_3104_3279,0.598160987781261,3279,3104,Mississippi,Alabama,1786.3703767977413,1728.2235991545258,7,8
2024_3199_3279,0.6355280567780497,3279,3199,Mississippi,Florida St,1786.3703767977413,1731.3318438886506,7,9
2024_3268_3279,0.6574307326438731,3279,3268,Mississippi,Maryland,1786.3703767977413,1738.6415489962658,7,10
2024_3279_3453,0.7307610964645589,3279,3453,Mississippi,WI Green Bay,1786.3703767977413,1755.8193922713324,7,11
2024_3279_3355,0.7357308527962406,3279,3355,Mississippi,S Dakota St,1786.3703767977413,1807.0444786381895,7,12
2024_3279_3414,0.8301398799421151,3279,3414,Mississippi,UC Irvine,1786.3703767977413,1656.3752788526392,7,13
2024_3151_3279,0.84878927917348,3279,3151,Mississippi,Chattanooga,1786.3703767977413,1688.4139365134167,7,14
2024_3279_3313,0.8720530912767476,3279,3313,Mississippi,Norfolk St,1786.3703767977413,1676.7668098191193,7,15
2024_3180_3279,0.9182415438287956,3279,3180,Mississippi,Drexel,1786.3703767977413,1619.9611285709493,7,16
2024_3234_3279,0.2345082535741959,3279,3234,Mississippi,Iowa,1786.3703767977413,1913.1483914363243,7,1
2024_3279_3417,0.30854070274670453,3279,3417,Mississippi,UCLA,1786.3703767977413,1831.0311295413612,7,2
2024_3261_3279,0.28440304489238555,3279,3261,Mississippi,LSU,1786.3703767977413,1895.2037149888847,7,3
2024_3243_3279,0.3576519440648245,3279,3243,Mississippi,Kansas St,1786.3703767977413,1733.6226327573718,7,4
2024_3160_3279,0.45148092313852217,3279,3160,Mississippi,Colorado,1786.3703767977413,1740.8455561689786,7,5
2024_3257_3279,0.5186076673996692,3279,3257,Mississippi,Louisville,1786.3703767977413,1777.859589035021,7,6
2024_3166_3279,0.5360469132661816,3279,3166,Mississippi,Creighton,1786.3703767977413,1818.159394610845,7,7
2024_3279_3452,0.5618091133105503,3279,3452,Mississippi,West Virginia,1786.3703767977413,1705.972421133595,7,8
2024_3279_3343,0.5986686189547541,3279,3343,Mississippi,Princeton,1786.3703767977413,1851.7261643002205,7,9
2024_3279_3424,0.6298235897186106,3279,3424,Mississippi,UNLV,1786.3703767977413,1834.6954708399526,7,10
2024_3279_3292,0.6850866085161412,3279,3292,Mississippi,MTSU,1786.3703767977413,1825.9686936108571,7,11
2024_3179_3279,0.7738381585613926,3279,3179,Mississippi,Drake,1786.3703767977413,1793.7637493219408,7,12
2024_3279_3339,0.8245511696340402,3279,3339,Mississippi,Portland,1786.3703767977413,1660.2154003231187,7,13
2024_3279_3349,0.8576085910307035,3279,3349,Mississippi,Rice,1786.3703767977413,1602.7806164848662,7,14
2024_3279_3465,0.8720561013113087,3279,3465,Mississippi,Cal Baptist,1786.3703767977413,1748.2794249498818,7,15
2024_3221_3279,0.9204629493349297,3279,3221,Mississippi,Holy Cross,1786.3703767977413,1555.6375404933337,7,16
2024_3279_3404,0.9181502593153221,3279,3404,Mississippi,TN Martin,1786.3703767977413,1460.6304570200384,7,16
2024_3279_3425,0.25156046444160085,3279,3425,Mississippi,USC,1786.3703767977413,1838.1292755662923,7,1
2024_3279_3326,0.28312731622298093,3279,3326,Mississippi,Ohio St,1786.3703767977413,1849.2050670726867,7,2
2024_3163_3279,0.29189899952514464,3279,3163,Mississippi,Connecticut,1786.3703767977413,1921.3336140603578,7,3
2024_3279_3439,0.35606707146140804,3279,3439,Mississippi,Virginia Tech,1786.3703767977413,1847.229227065635,7,4
2024_3124_3279,0.4615558068379393,3279,3124,Mississippi,Baylor,1786.3703767977413,1761.3275962097346,7,5
2024_3279_3393,0.5279821220171695,3279,3393,Mississippi,Syracuse,1786.3703767977413,1730.6665843168998,7,6
2024_3181_3279,0.5059120714664456,3279,3181,Mississippi,Duke,1786.3703767977413,1752.688159118207,7,7
2024_3242_3279,0.5970999804007755,3279,3242,Mississippi,Kansas,1786.3703767977413,1705.528887123695,7,8
2024_3276_3279,0.6510343839303019,3279,3276,Mississippi,Michigan,1786.3703767977413,1680.1913479376847,7,9
2024_3279_3350,0.65591130594042,3279,3350,Mississippi,Richmond,1786.3703767977413,1778.4365011097805,7,10
2024_3112_3279,0.7021642482151235,3279,3112,Mississippi,Arizona,1786.3703767977413,1663.5246475881788,7,11
2024_3120_3279,0.7281663125623906,3279,3120,Mississippi,Auburn,1786.3703767977413,1670.9243359044353,7,11
2024_3162_3279,0.7680623343722065,3279,3162,Mississippi,Columbia,1786.3703767977413,1784.2973369270142,7,12
2024_3279_3435,0.7720691821114262,3279,3435,Mississippi,Vanderbilt,1786.3703767977413,1649.7364456557825,7,12
2024_3267_3279,0.8143875942231973,3279,3267,Mississippi,Marshall,1786.3703767977413,1711.538083968918,7,13
2024_3238_3279,0.8499791666971311,3279,3238,Mississippi,Jackson St,1786.3703767977413,1694.6207667651774,7,14
2024_3263_3279,0.8901419088731831,3279,3263,Mississippi,Maine,1786.3703767977413,1644.585593286405,7,15
2024_3279_3394,0.923542095481704,3279,3394,Mississippi,TAM C. Christi,1786.3703767977413,1580.4352854776812,7,16
2024_3277_3314,0.5671390202510105,3314,3277,North Carolina,Michigan St,1700.0865157365076,1693.8584548587664,8,9
2024_3266_3314,0.6121154417172434,3314,3266,North Carolina,Marquette,1700.0865157365076,1727.920990711213,8,10
2024_3314_3401,0.6116235498550242,3314,3401,North Carolina,Texas A&M,1700.0865157365076,1611.1750967639034,8,11
2024_3195_3314,0.6084187781681264,3314,3195,North Carolina,FL Gulf Coast,1700.0865157365076,1807.876806976903,8,12
2024_3193_3314,0.765236001326247,3314,3193,North Carolina,Fairfield,1700.0865157365076,1743.9307213061684,8,13
2024_3186_3314,0.7552274212838967,3314,3186,North Carolina,E Washington,1700.0865157365076,1702.9960322081502,8,14
2024_3245_3314,0.8040726676689253,3314,3245,North Carolina,Kent,1700.0865157365076,1666.6651185549856,8,15
2024_3314_3342,0.8891393885503834,3314,3342,North Carolina,Presbyterian,1700.0865157365076,1440.0319648053332,8,16
2024_3314_3357,0.84426252995835,3314,3357,North Carolina,Sacred Heart,1700.0865157365076,1573.6005456379667,8,16
2024_3314_3400,0.1617236696077712,3314,3400,North Carolina,Texas,1700.0865157365076,1876.178422728389,8,1
2024_3314_3390,0.20459325233084302,3314,3390,North Carolina,Stanford,1700.0865157365076,1875.2135534976353,8,2
2024_3301_3314,0.26418313472111554,3314,3301,North Carolina,NC State,1700.0865157365076,1832.4819635554175,8,3
2024_3211_3314,0.2845620775352269,3314,3211,North Carolina,Gonzaga,1700.0865157365076,1858.1876334071728,8,4
2024_3314_3428,0.3459133159157919,3314,3428,North Carolina,Utah,1700.0865157365076,1762.0370348912932,8,5
2024_3314_3397,0.4141930322274199,3314,3397,North Carolina,Tennessee,1700.0865157365076,1755.5161230419328,8,6
2024_3235_3314,0.5422095421087986,3314,3235,North Carolina,Iowa St,1700.0865157365076,1747.7944117468137,8,7
2024_3104_3314,0.5356372058391567,3314,3104,North Carolina,Alabama,1700.0865157365076,1728.2235991545258,8,8
2024_3199_3314,0.5887135919797168,3314,3199,North Carolina,Florida St,1700.0865157365076,1731.3318438886506,8,9
2024_3268_3314,0.5918568809405329,3314,3268,North Carolina,Maryland,1700.0865157365076,1738.6415489962658,8,10
2024_3314_3453,0.6289177630307978,3314,3453,North Carolina,WI Green Bay,1700.0865157365076,1755.8193922713324,8,11
2024_3314_3355,0.6502722209562505,3314,3355,North Carolina,S Dakota St,1700.0865157365076,1807.0444786381895,8,12
2024_3314_3414,0.7648756912485798,3314,3414,North Carolina,UC Irvine,1700.0865157365076,1656.3752788526392,8,13
2024_3151_3314,0.7958891884090264,3314,3151,North Carolina,Chattanooga,1700.0865157365076,1688.4139365134167,8,14
2024_3313_3314,0.8149511560903654,3314,3313,North Carolina,Norfolk St,1700.0865157365076,1676.7668098191193,8,15
2024_3180_3314,0.8742615923772877,3314,3180,North Carolina,Drexel,1700.0865157365076,1619.9611285709493,8,16
2024_3234_3314,0.17066934703720885,3314,3234,North Carolina,Iowa,1700.0865157365076,1913.1483914363243,8,1
2024_3314_3417,0.2573944925664101,3314,3417,North Carolina,UCLA,1700.0865157365076,1831.0311295413612,8,2
2024_3261_3314,0.23578860326249926,3314,3261,North Carolina,LSU,1700.0865157365076,1895.2037149888847,8,3
2024_3243_3314,0.3191052788625508,3314,3243,North Carolina,Kansas St,1700.0865157365076,1733.6226327573718,8,4
2024_3160_3314,0.36612981816503276,3314,3160,North Carolina,Colorado,1700.0865157365076,1740.8455561689786,8,5
2024_3257_3314,0.4238784591778746,3314,3257,North Carolina,Louisville,1700.0865157365076,1777.859589035021,8,6
2024_3166_3314,0.46177882583262975,3314,3166,North Carolina,Creighton,1700.0865157365076,1818.159394610845,8,7
2024_3314_3452,0.5253308773040768,3314,3452,North Carolina,West Virginia,1700.0865157365076,1705.972421133595,8,8
2024_3314_3343,0.5137846526372181,3314,3343,North Carolina,Princeton,1700.0865157365076,1851.7261643002205,8,9
2024_3314_3424,0.5427786101475718,3314,3424,North Carolina,UNLV,1700.0865157365076,1834.6954708399526,8,10
2024_3292_3314,0.5838856045368022,3314,3292,North Carolina,MTSU,1700.0865157365076,1825.9686936108571,8,11
2024_3179_3314,0.702465311275884,3314,3179,North Carolina,Drake,1700.0865157365076,1793.7637493219408,8,12
2024_3314_3339,0.769930478049918,3314,3339,North Carolina,Portland,1700.0865157365076,1660.2154003231187,8,13
2024_3314_3349,0.814725343942817,3314,3349,North Carolina,Rice,1700.0865157365076,1602.7806164848662,8,14
2024_3314_3465,0.8181912794815168,3314,3465,North Carolina,Cal Baptist,1700.0865157365076,1748.2794249498818,8,15
2024_3221_3314,0.8752422675977772,3314,3221,North Carolina,Holy Cross,1700.0865157365076,1555.6375404933337,8,16
2024_3314_3404,0.8812983677278584,3314,3404,North Carolina,TN Martin,1700.0865157365076,1460.6304570200384,8,16
2024_3314_3425,0.1877893060339816,3314,3425,North Carolina,USC,1700.0865157365076,1838.1292755662923,8,1
2024_3314_3326,0.20944478729349714,3314,3326,North Carolina,Ohio St,1700.0865157365076,1849.2050670726867,8,2
2024_3163_3314,0.21593964932997553,3314,3163,North Carolina,Connecticut,1700.0865157365076,1921.3336140603578,8,3
2024_3314_3439,0.2678943091760426,3314,3439,North Carolina,Virginia Tech,1700.0865157365076,1847.229227065635,8,4
2024_3124_3314,0.4144736852285551,3314,3124,North Carolina,Baylor,1700.0865157365076,1761.3275962097346,8,5
2024_3314_3393,0.4398215095623961,3314,3393,North Carolina,Syracuse,1700.0865157365076,1730.6665843168998,8,6
2024_3181_3314,0.4320645022523647,3314,3181,North Carolina,Duke,1700.0865157365076,1752.688159118207,8,7
2024_3242_3314,0.541359773278236,3314,3242,North Carolina,Kansas,1700.0865157365076,1705.528887123695,8,8
2024_3276_3314,0.5582718905675159,3314,3276,North Carolina,Michigan,1700.0865157365076,1680.1913479376847,8,9
2024_3314_3350,0.603771655716038,3314,3350,North Carolina,Richmond,1700.0865157365076,1778.4365011097805,8,10
2024_3112_3314,0.6302127782466715,3314,3112,North Carolina,Arizona,1700.0865157365076,1663.5246475881788,8,11
2024_3120_3314,0.6591935847165888,3314,3120,North Carolina,Auburn,1700.0865157365076,1670.9243359044353,8,11
2024_3162_3314,0.6986411815752233,3314,3162,North Carolina,Columbia,1700.0865157365076,1784.2973369270142,8,12
2024_3314_3435,0.6994739180673802,3314,3435,North Carolina,Vanderbilt,1700.0865157365076,1649.7364456557825,8,12
2024_3267_3314,0.7297287097708424,3314,3267,North Carolina,Marshall,1700.0865157365076,1711.538083968918,8,13
2024_3238_3314,0.7881671682597955,3314,3238,North Carolina,Jackson St,1700.0865157365076,1694.6207667651774,8,14
2024_3263_3314,0.830886606882678,3314,3263,North Carolina,Maine,1700.0865157365076,1644.585593286405,8,15
2024_3314_3394,0.8800595447908467,3314,3394,North Carolina,TAM C. Christi,1700.0865157365076,1580.4352854776812,8,16
2024_3266_3277,0.5247699525820957,3277,3266,Michigan St,Marquette,1693.8584548587664,1727.920990711213,9,10
2024_3277_3401,0.5869519700184824,3277,3401,Michigan St,Texas A&M,1693.8584548587664,1611.1750967639034,9,11
2024_3195_3277,0.6010102126958674,3277,3195,Michigan St,FL Gulf Coast,1693.8584548587664,1807.876806976903,9,12
2024_3193_3277,0.7335388517250264,3277,3193,Michigan St,Fairfield,1693.8584548587664,1743.9307213061684,9,13
2024_3186_3277,0.7547364345328053,3277,3186,Michigan St,E Washington,1693.8584548587664,1702.9960322081502,9,14
2024_3245_3277,0.7607678369285424,3277,3245,Michigan St,Kent,1693.8584548587664,1666.6651185549856,9,15
2024_3277_3342,0.8568849310384855,3277,3342,Michigan St,Presbyterian,1693.8584548587664,1440.0319648053332,9,16
2024_3277_3357,0.7950681641803846,3277,3357,Michigan St,Sacred Heart,1693.8584548587664,1573.6005456379667,9,16
2024_3277_3400,0.1290688663233687,3277,3400,Michigan St,Texas,1693.8584548587664,1876.178422728389,9,1
2024_3277_3390,0.16538801043166,3277,3390,Michigan St,Stanford,1693.8584548587664,1875.2135534976353,9,2
2024_3277_3301,0.2325849308965836,3277,3301,Michigan St,NC State,1693.8584548587664,1832.4819635554175,9,3
2024_3211_3277,0.2604289063676152,3277,3211,Michigan St,Gonzaga,1693.8584548587664,1858.1876334071728,9,4
2024_3277_3428,0.28871161879403884,3277,3428,Michigan St,Utah,1693.8584548587664,1762.0370348912932,9,5
2024_3277_3397,0.36583969255658855,3277,3397,Michigan St,Tennessee,1693.8584548587664,1755.5161230419328,9,6
2024_3235_3277,0.45309352680292037,3277,3235,Michigan St,Iowa St,1693.8584548587664,1747.7944117468137,9,7
2024_3104_3277,0.4540676835310703,3277,3104,Michigan St,Alabama,1693.8584548587664,1728.2235991545258,9,8
2024_3199_3277,0.486399924755096,3277,3199,Michigan St,Florida St,1693.8584548587664,1731.3318438886506,9,9
2024_3268_3277,0.5334425625073658,3277,3268,Michigan St,Maryland,1693.8584548587664,1738.6415489962658,9,10
2024_3277_3453,0.6036465455666544,3277,3453,Michigan St,WI Green Bay,1693.8584548587664,1755.8193922713324,9,11
2024_3277_3355,0.5990826133849925,3277,3355,Michigan St,S Dakota St,1693.8584548587664,1807.0444786381895,9,12
2024_3277_3414,0.733472094522878,3277,3414,Michigan St,UC Irvine,1693.8584548587664,1656.3752788526392,9,13
2024_3151_3277,0.777085658027335,3277,3151,Michigan St,Chattanooga,1693.8584548587664,1688.4139365134167,9,14
2024_3277_3313,0.8014333889486154,3277,3313,Michigan St,Norfolk St,1693.8584548587664,1676.7668098191193,9,15
2024_3180_3277,0.8149876192318067,3277,3180,Michigan St,Drexel,1693.8584548587664,1619.9611285709493,9,16
2024_3234_3277,0.1296423784901072,3277,3234,Michigan St,Iowa,1693.8584548587664,1913.1483914363243,9,1
2024_3277_3417,0.1933406367792018,3277,3417,Michigan St,UCLA,1693.8584548587664,1831.0311295413612,9,2
2024_3261_3277,0.18701898300630193,3277,3261,Michigan St,LSU,1693.8584548587664,1895.2037149888847,9,3
2024_3243_3277,0.2498966017230305,3277,3243,Michigan St,Kansas St,1693.8584548587664,1733.6226327573718,9,4
2024_3160_3277,0.30897793562515075,3277,3160,Michigan St,Colorado,1693.8584548587664,1740.8455561689786,9,5
2024_3257_3277,0.3537090521094488,3277,3257,Michigan St,Louisville,1693.8584548587664,1777.859589035021,9,6
2024_3166_3277,0.3873944710120192,3277,3166,Michigan St,Creighton,1693.8584548587664,1818.159394610845,9,7
2024_3277_3452,0.44524795444133336,3277,3452,Michigan St,West Virginia,1693.8584548587664,1705.972421133595,9,8
2024_3277_3343,0.4641034588217731,3277,3343,Michigan St,Princeton,1693.8584548587664,1851.7261643002205,9,9
2024_3277_3424,0.46746554790613515,3277,3424,Michigan St,UNLV,1693.8584548587664,1834.6954708399526,9,10
2024_3277_3292,0.5734827955142023,3277,3292,Michigan St,MTSU,1693.8584548587664,1825.9686936108571,9,11
2024_3179_3277,0.6549898628356761,3277,3179,Michigan St,Drake,1693.8584548587664,1793.7637493219408,9,12
2024_3277_3339,0.6984017497171605,3277,3339,Michigan St,Portland,1693.8584548587664,1660.2154003231187,9,13
2024_3277_3349,0.7648609092966755,3277,3349,Michigan St,Rice,1693.8584548587664,1602.7806164848662,9,14
2024_3277_3465,0.79408838307875,3277,3465,Michigan St,Cal Baptist,1693.8584548587664,1748.2794249498818,9,15
2024_3221_3277,0.837716852139102,3277,3221,Michigan St,Holy Cross,1693.8584548587664,1555.6375404933337,9,16
2024_3277_3404,0.8433702036844358,3277,3404,Michigan St,TN Martin,1693.8584548587664,1460.6304570200384,9,16
2024_3277_3425,0.1578420996178557,3277,3425,Michigan St,USC,1693.8584548587664,1838.1292755662923,9,1
2024_3277_3326,0.17864966763986426,3277,3326,Michigan St,Ohio St,1693.8584548587664,1849.2050670726867,9,2
2024_3163_3277,0.1855234689412747,3277,3163,Michigan St,Connecticut,1693.8584548587664,1921.3336140603578,9,3
2024_3277_3439,0.23648618622262804,3277,3439,Michigan St,Virginia Tech,1693.8584548587664,1847.229227065635,9,4
2024_3124_3277,0.34332719088895614,3277,3124,Michigan St,Baylor,1693.8584548587664,1761.3275962097346,9,5
2024_3277_3393,0.3663423608777212,3277,3393,Michigan St,Syracuse,1693.8584548587664,1730.6665843168998,9,6
2024_3181_3277,0.39692961230125334,3277,3181,Michigan St,Duke,1693.8584548587664,1752.688159118207,9,7
2024_3242_3277,0.4664375248682743,3277,3242,Michigan St,Kansas,1693.8584548587664,1705.528887123695,9,8
2024_3276_3277,0.5000004827976223,3277,3276,Michigan St,Michigan,1693.8584548587664,1680.1913479376847,9,9
2024_3277_3350,0.5402642693984256,3277,3350,Michigan St,Richmond,1693.8584548587664,1778.4365011097805,9,10
2024_3112_3277,0.5906128873005869,3277,3112,Michigan St,Arizona,1693.8584548587664,1663.5246475881788,9,11
2024_3120_3277,0.6135077913180353,3277,3120,Michigan St,Auburn,1693.8584548587664,1670.9243359044353,9,11
2024_3162_3277,0.6328369025352305,3277,3162,Michigan St,Columbia,1693.8584548587664,1784.2973369270142,9,12
2024_3277_3435,0.6485005412462062,3277,3435,Michigan St,Vanderbilt,1693.8584548587664,1649.7364456557825,9,12
2024_3267_3277,0.6975998139251912,3277,3267,Michigan St,Marshall,1693.8584548587664,1711.538083968918,9,13
2024_3238_3277,0.7500260135666569,3277,3238,Michigan St,Jackson St,1693.8584548587664,1694.6207667651774,9,14
2024_3263_3277,0.8009729430677255,3277,3263,Michigan St,Maine,1693.8584548587664,1644.585593286405,9,15
2024_3277_3394,0.8411446556554899,3277,3394,Michigan St,TAM C. Christi,1693.8584548587664,1580.4352854776812,9,16
2024_3266_3401,0.5511882510649906,3266,3401,Marquette,Texas A&M,1727.920990711213,1611.1750967639034,10,11
2024_3195_3266,0.569211616076565,3266,3195,Marquette,FL Gulf Coast,1727.920990711213,1807.876806976903,10,12
2024_3193_3266,0.7130511198404139,3266,3193,Marquette,Fairfield,1727.920990711213,1743.9307213061684,10,13
2024_3186_3266,0.7205177849401677,3266,3186,Marquette,E Washington,1727.920990711213,1702.9960322081502,10,14
2024_3245_3266,0.7493542990223606,3266,3245,Marquette,Kent,1727.920990711213,1666.6651185549856,10,15
2024_3266_3342,0.8361434385778268,3266,3342,Marquette,Presbyterian,1727.920990711213,1440.0319648053332,10,16
2024_3266_3357,0.7966785625221093,3266,3357,Marquette,Sacred Heart,1727.920990711213,1573.6005456379667,10,16
2024_3266_3400,0.09066611962084914,3266,3400,Marquette,Texas,1727.920990711213,1876.178422728389,10,1
2024_3266_3390,0.13051491598381296,3266,3390,Marquette,Stanford,1727.920990711213,1875.2135534976353,10,2
2024_3266_3301,0.19011390953196364,3266,3301,Marquette,NC State,1727.920990711213,1832.4819635554175,10,3
2024_3211_3266,0.23249865317327123,3266,3211,Marquette,Gonzaga,1727.920990711213,1858.1876334071728,10,4
2024_3266_3428,0.2523129069669995,3266,3428,Marquette,Utah,1727.920990711213,1762.0370348912932,10,5
2024_3266_3397,0.3192123437057286,3266,3397,Marquette,Tennessee,1727.920990711213,1755.5161230419328,10,6
2024_3235_3266,0.4171446438667463,3266,3235,Marquette,Iowa St,1727.920990711213,1747.7944117468137,10,7
2024_3104_3266,0.4144474993571272,3266,3104,Marquette,Alabama,1727.920990711213,1728.2235991545258,10,8
2024_3199_3266,0.4631219419968372,3266,3199,Marquette,Florida St,1727.920990711213,1731.3318438886506,10,9
2024_3266_3268,0.5079922735691067,3266,3268,Marquette,Maryland,1727.920990711213,1738.6415489962658,10,10
2024_3266_3453,0.595862558172916,3266,3453,Marquette,WI Green Bay,1727.920990711213,1755.8193922713324,10,11
2024_3266_3355,0.5844841291085245,3266,3355,Marquette,S Dakota St,1727.920990711213,1807.0444786381895,10,12
2024_3266_3414,0.712370285785467,3266,3414,Marquette,UC Irvine,1727.920990711213,1656.3752788526392,10,13
2024_3151_3266,0.7428639238943303,3266,3151,Marquette,Chattanooga,1727.920990711213,1688.4139365134167,10,14
2024_3266_3313,0.7638780138031681,3266,3313,Marquette,Norfolk St,1727.920990711213,1676.7668098191193,10,15
2024_3180_3266,0.8022850499154885,3266,3180,Marquette,Drexel,1727.920990711213,1619.9611285709493,10,16
2024_3234_3266,0.08942479701404715,3266,3234,Marquette,Iowa,1727.920990711213,1913.1483914363243,10,1
2024_3266_3417,0.15796381975306764,3266,3417,Marquette,UCLA,1727.920990711213,1831.0311295413612,10,2
2024_3261_3266,0.14975334889127093,3266,3261,Marquette,LSU,1727.920990711213,1895.2037149888847,10,3
2024_3243_3266,0.23356766247731786,3266,3243,Marquette,Kansas St,1727.920990711213,1733.6226327573718,10,4
2024_3160_3266,0.2688315966590199,3266,3160,Marquette,Colorado,1727.920990711213,1740.8455561689786,10,5
2024_3257_3266,0.3160329947005063,3266,3257,Marquette,Louisville,1727.920990711213,1777.859589035021,10,6
2024_3166_3266,0.33627054353925456,3266,3166,Marquette,Creighton,1727.920990711213,1818.159394610845,10,7
2024_3266_3452,0.39251178308572676,3266,3452,Marquette,West Virginia,1727.920990711213,1705.972421133595,10,8
2024_3266_3343,0.4301203030479198,3266,3343,Marquette,Princeton,1727.920990711213,1851.7261643002205,10,9
2024_3266_3424,0.47186644226312596,3266,3424,Marquette,UNLV,1727.920990711213,1834.6954708399526,10,10
2024_3266_3292,0.5267976131903873,3266,3292,Marquette,MTSU,1727.920990711213,1825.9686936108571,10,11
2024_3179_3266,0.6370137472525599,3266,3179,Marquette,Drake,1727.920990711213,1793.7637493219408,10,12
2024_3266_3339,0.7133160624864405,3266,3339,Marquette,Portland,1727.920990711213,1660.2154003231187,10,13
2024_3266_3349,0.7534876471628392,3266,3349,Marquette,Rice,1727.920990711213,1602.7806164848662,10,14
2024_3266_3465,0.7768552860752781,3266,3465,Marquette,Cal Baptist,1727.920990711213,1748.2794249498818,10,15
2024_3221_3266,0.8268321499826272,3266,3221,Marquette,Holy Cross,1727.920990711213,1555.6375404933337,10,16
2024_3266_3404,0.8253496930600961,3266,3404,Marquette,TN Martin,1727.920990711213,1460.6304570200384,10,16
2024_3266_3425,0.1126007238930955,3266,3425,Marquette,USC,1727.920990711213,1838.1292755662923,10,1
2024_3266_3326,0.14437721292270914,3266,3326,Marquette,Ohio St,1727.920990711213,1849.2050670726867,10,2
2024_3163_3266,0.15635924040211516,3266,3163,Marquette,Connecticut,1727.920990711213,1921.3336140603578,10,3
2024_3266_3439,0.2134363501666222,3266,3439,Marquette,Virginia Tech,1727.920990711213,1847.229227065635,10,4
2024_3124_3266,0.2984016993506703,3266,3124,Marquette,Baylor,1727.920990711213,1761.3275962097346,10,5
2024_3266_3393,0.3102989906202107,3266,3393,Marquette,Syracuse,1727.920990711213,1730.6665843168998,10,6
2024_3181_3266,0.38928467293950786,3266,3181,Marquette,Duke,1727.920990711213,1752.688159118207,10,7
2024_3242_3266,0.4089666585549345,3266,3242,Marquette,Kansas,1727.920990711213,1705.528887123695,10,8
2024_3266_3276,0.4885205093157535,3266,3276,Marquette,Michigan,1727.920990711213,1680.1913479376847,10,9
2024_3266_3350,0.5035059362649914,3266,3350,Marquette,Richmond,1727.920990711213,1778.4365011097805,10,10
2024_3112_3266,0.5392390248048053,3266,3112,Marquette,Arizona,1727.920990711213,1663.5246475881788,10,11
2024_3120_3266,0.5598881599175678,3266,3120,Marquette,Auburn,1727.920990711213,1670.9243359044353,10,11
2024_3162_3266,0.6164838661328318,3266,3162,Marquette,Columbia,1727.920990711213,1784.2973369270142,10,12
2024_3266_3435,0.6203925450221064,3266,3435,Marquette,Vanderbilt,1727.920990711213,1649.7364456557825,10,12
2024_3266_3267,0.6821649018886393,3266,3267,Marquette,Marshall,1727.920990711213,1711.538083968918,10,13
2024_3238_3266,0.7328874325622762,3266,3238,Marquette,Jackson St,1727.920990711213,1694.6207667651774,10,14
2024_3263_3266,0.7834403476254185,3266,3263,Marquette,Maine,1727.920990711213,1644.585593286405,10,15
2024_3266_3394,0.8336720511915048,3266,3394,Marquette,TAM C. Christi,1727.920990711213,1580.4352854776812,10,16
2024_3195_3401,0.5115387645232425,3401,3195,Texas A&M,FL Gulf Coast,1611.1750967639034,1807.876806976903,11,12
2024_3193_3401,0.6733490665331843,3401,3193,Texas A&M,Fairfield,1611.1750967639034,1743.9307213061684,11,13
2024_3186_3401,0.6568102929952448,3401,3186,Texas A&M,E Washington,1611.1750967639034,1702.9960322081502,11,14
2024_3245_3401,0.727017433034345,3401,3245,Texas A&M,Kent,1611.1750967639034,1666.6651185549856,11,15
2024_3342_3401,0.8029374441639622,3401,3342,Texas A&M,Presbyterian,1611.1750967639034,1440.0319648053332,11,16
2024_3357_3401,0.739266466213866,3401,3357,Texas A&M,Sacred Heart,1611.1750967639034,1573.6005456379667,11,16
2024_3400_3401,0.07739126026579127,3401,3400,Texas A&M,Texas,1611.1750967639034,1876.178422728389,11,1
2024_3390_3401,0.09789600656991149,3401,3390,Texas A&M,Stanford,1611.1750967639034,1875.2135534976353,11,2
2024_3301_3401,0.1538651138056685,3401,3301,Texas A&M,NC State,1611.1750967639034,1832.4819635554175,11,3
2024_3211_3401,0.1973807886136897,3401,3211,Texas A&M,Gonzaga,1611.1750967639034,1858.1876334071728,11,4
2024_3401_3428,0.21951702976209264,3401,3428,Texas A&M,Utah,1611.1750967639034,1762.0370348912932,11,5
2024_3397_3401,0.2795270094140324,3401,3397,Texas A&M,Tennessee,1611.1750967639034,1755.5161230419328,11,6
2024_3235_3401,0.3962445670495778,3401,3235,Texas A&M,Iowa St,1611.1750967639034,1747.7944117468137,11,7
2024_3104_3401,0.3676385830876516,3401,3104,Texas A&M,Alabama,1611.1750967639034,1728.2235991545258,11,8
2024_3199_3401,0.40736341281976607,3401,3199,Texas A&M,Florida St,1611.1750967639034,1731.3318438886506,11,9
2024_3268_3401,0.4728049251568561,3401,3268,Texas A&M,Maryland,1611.1750967639034,1738.6415489962658,11,10
2024_3401_3453,0.5383209198713299,3401,3453,Texas A&M,WI Green Bay,1611.1750967639034,1755.8193922713324,11,11
2024_3355_3401,0.5304340180623279,3401,3355,Texas A&M,S Dakota St,1611.1750967639034,1807.0444786381895,11,12
2024_3401_3414,0.6691573400870325,3401,3414,Texas A&M,UC Irvine,1611.1750967639034,1656.3752788526392,11,13
2024_3151_3401,0.6871470753314799,3401,3151,Texas A&M,Chattanooga,1611.1750967639034,1688.4139365134167,11,14
2024_3313_3401,0.7107261276115621,3401,3313,Texas A&M,Norfolk St,1611.1750967639034,1676.7668098191193,11,15
2024_3180_3401,0.7667284867302616,3401,3180,Texas A&M,Drexel,1611.1750967639034,1619.9611285709493,11,16
2024_3234_3401,0.07658165968903288,3401,3234,Texas A&M,Iowa,1611.1750967639034,1913.1483914363243,11,1
2024_3401_3417,0.10207828381722117,3401,3417,Texas A&M,UCLA,1611.1750967639034,1831.0311295413612,11,2
2024_3261_3401,0.12117597642137304,3401,3261,Texas A&M,LSU,1611.1750967639034,1895.2037149888847,11,3
2024_3243_3401,0.2108506709231265,3401,3243,Texas A&M,Kansas St,1611.1750967639034,1733.6226327573718,11,4
2024_3160_3401,0.27601575100404363,3401,3160,Texas A&M,Colorado,1611.1750967639034,1740.8455561689786,11,5
2024_3257_3401,0.30889162509281964,3401,3257,Texas A&M,Louisville,1611.1750967639034,1777.859589035021,11,6
2024_3166_3401,0.2881550827751904,3401,3166,Texas A&M,Creighton,1611.1750967639034,1818.159394610845,11,7
2024_3401_3452,0.3424276809928106,3401,3452,Texas A&M,West Virginia,1611.1750967639034,1705.972421133595,11,8
2024_3343_3401,0.36762205316867735,3401,3343,Texas A&M,Princeton,1611.1750967639034,1851.7261643002205,11,9
2024_3401_3424,0.4295335474741703,3401,3424,Texas A&M,UNLV,1611.1750967639034,1834.6954708399526,11,10
2024_3292_3401,0.4482113108038898,3401,3292,Texas A&M,MTSU,1611.1750967639034,1825.9686936108571,11,11
2024_3179_3401,0.5821166989075885,3401,3179,Texas A&M,Drake,1611.1750967639034,1793.7637493219408,11,12
2024_3339_3401,0.6698227067366602,3401,3339,Texas A&M,Portland,1611.1750967639034,1660.2154003231187,11,13
2024_3349_3401,0.6989715639713114,3401,3349,Texas A&M,Rice,1611.1750967639034,1602.7806164848662,11,14
2024_3401_3465,0.7294528788198674,3401,3465,Texas A&M,Cal Baptist,1611.1750967639034,1748.2794249498818,11,15
2024_3221_3401,0.7845606467262943,3401,3221,Texas A&M,Holy Cross,1611.1750967639034,1555.6375404933337,11,16
2024_3401_3404,0.7965456208721836,3401,3404,Texas A&M,TN Martin,1611.1750967639034,1460.6304570200384,11,16
2024_3401_3425,0.08229439236172423,3401,3425,Texas A&M,USC,1611.1750967639034,1838.1292755662923,11,1
2024_3326_3401,0.1035074690884843,3401,3326,Texas A&M,Ohio St,1611.1750967639034,1849.2050670726867,11,2
2024_3163_3401,0.13359664003147378,3401,3163,Texas A&M,Connecticut,1611.1750967639034,1921.3336140603578,11,3
2024_3401_3439,0.17936615272296744,3401,3439,Texas A&M,Virginia Tech,1611.1750967639034,1847.229227065635,11,4
2024_3124_3401,0.2762466295955811,3401,3124,Texas A&M,Baylor,1611.1750967639034,1761.3275962097346,11,5
2024_3393_3401,0.296159558878735,3401,3393,Texas A&M,Syracuse,1611.1750967639034,1730.6665843168998,11,6
2024_3181_3401,0.2750173697005063,3401,3181,Texas A&M,Duke,1611.1750967639034,1752.688159118207,11,7
2024_3242_3401,0.3764608528253721,3401,3242,Texas A&M,Kansas,1611.1750967639034,1705.528887123695,11,8
2024_3276_3401,0.46392175360765364,3401,3276,Texas A&M,Michigan,1611.1750967639034,1680.1913479376847,11,9
2024_3350_3401,0.44049440951469,3401,3350,Texas A&M,Richmond,1611.1750967639034,1778.4365011097805,11,10
2024_3112_3401,0.4973197489976879,3401,3112,Texas A&M,Arizona,1611.1750967639034,1663.5246475881788,11,11
2024_3120_3401,0.5157612323760983,3401,3120,Texas A&M,Auburn,1611.1750967639034,1670.9243359044353,11,11
2024_3162_3401,0.60724323062775,3401,3162,Texas A&M,Columbia,1611.1750967639034,1784.2973369270142,11,12
2024_3401_3435,0.5878596064316974,3401,3435,Texas A&M,Vanderbilt,1611.1750967639034,1649.7364456557825,11,12
2024_3267_3401,0.6247189928666117,3401,3267,Texas A&M,Marshall,1611.1750967639034,1711.538083968918,11,13
2024_3238_3401,0.695064896738798,3401,3238,Texas A&M,Jackson St,1611.1750967639034,1694.6207667651774,11,14
2024_3263_3401,0.7366342252363408,3401,3263,Texas A&M,Maine,1611.1750967639034,1644.585593286405,11,15
2024_3394_3401,0.7917377314106663,3401,3394,Texas A&M,TAM C. Christi,1611.1750967639034,1580.4352854776812,11,16
2024_3193_3195,0.6060835328566776,3195,3193,FL Gulf Coast,Fairfield,1807.876806976903,1743.9307213061684,12,13
2024_3186_3195,0.6332419355288508,3195,3186,FL Gulf Coast,E Washington,1807.876806976903,1702.9960322081502,12,14
2024_3195_3245,0.690273785984785,3195,3245,FL Gulf Coast,Kent,1807.876806976903,1666.6651185549856,12,15
2024_3195_3342,0.7634210294355596,3195,3342,FL Gulf Coast,Presbyterian,1807.876806976903,1440.0319648053332,12,16
2024_3195_3357,0.7435873454679692,3195,3357,FL Gulf Coast,Sacred Heart,1807.876806976903,1573.6005456379667,12,16
2024_3195_3400,0.053729766700122396,3195,3400,FL Gulf Coast,Texas,1807.876806976903,1876.178422728389,12,1
2024_3195_3390,0.08899466223963484,3195,3390,FL Gulf Coast,Stanford,1807.876806976903,1875.2135534976353,12,2
2024_3195_3301,0.13496807092492724,3195,3301,FL Gulf Coast,NC State,1807.876806976903,1832.4819635554175,12,3
2024_3195_3211,0.14600508282675043,3195,3211,FL Gulf Coast,Gonzaga,1807.876806976903,1858.1876334071728,12,4
2024_3195_3428,0.2314483970297702,3195,3428,FL Gulf Coast,Utah,1807.876806976903,1762.0370348912932,12,5
2024_3195_3397,0.29618542635423284,3195,3397,FL Gulf Coast,Tennessee,1807.876806976903,1755.5161230419328,12,6
2024_3195_3235,0.3720676758750233,3195,3235,FL Gulf Coast,Iowa St,1807.876806976903,1747.7944117468137,12,7
2024_3104_3195,0.34957088173730666,3195,3104,FL Gulf Coast,Alabama,1807.876806976903,1728.2235991545258,12,8
2024_3195_3199,0.40972754617902507,3195,3199,FL Gulf Coast,Florida St,1807.876806976903,1731.3318438886506,12,9
2024_3195_3268,0.4576431791409483,3195,3268,FL Gulf Coast,Maryland,1807.876806976903,1738.6415489962658,12,10
2024_3195_3453,0.4675108704102283,3195,3453,FL Gulf Coast,WI Green Bay,1807.876806976903,1755.8193922713324,12,11
2024_3195_3355,0.5102979153394696,3195,3355,FL Gulf Coast,S Dakota St,1807.876806976903,1807.0444786381895,12,12
2024_3195_3414,0.6274418291318165,3195,3414,FL Gulf Coast,UC Irvine,1807.876806976903,1656.3752788526392,12,13
2024_3151_3195,0.656466751255131,3195,3151,FL Gulf Coast,Chattanooga,1807.876806976903,1688.4139365134167,12,14
2024_3195_3313,0.7031039837959117,3195,3313,FL Gulf Coast,Norfolk St,1807.876806976903,1676.7668098191193,12,15
2024_3180_3195,0.7507199650873387,3195,3180,FL Gulf Coast,Drexel,1807.876806976903,1619.9611285709493,12,16
2024_3195_3234,0.057775066885802785,3195,3234,FL Gulf Coast,Iowa,1807.876806976903,1913.1483914363243,12,1
2024_3195_3417,0.11044435106166586,3195,3417,FL Gulf Coast,UCLA,1807.876806976903,1831.0311295413612,12,2
2024_3195_3261,0.09526926899020816,3195,3261,FL Gulf Coast,LSU,1807.876806976903,1895.2037149888847,12,3
2024_3195_3243,0.17757309223307863,3195,3243,FL Gulf Coast,Kansas St,1807.876806976903,1733.6226327573718,12,4
2024_3160_3195,0.26140817253722026,3195,3160,FL Gulf Coast,Colorado,1807.876806976903,1740.8455561689786,12,5
2024_3195_3257,0.2729757204054032,3195,3257,FL Gulf Coast,Louisville,1807.876806976903,1777.859589035021,12,6
2024_3166_3195,0.28299986659128995,3195,3166,FL Gulf Coast,Creighton,1807.876806976903,1818.159394610845,12,7
2024_3195_3452,0.3433376664052754,3195,3452,FL Gulf Coast,West Virginia,1807.876806976903,1705.972421133595,12,8
2024_3195_3343,0.35915395131084193,3195,3343,FL Gulf Coast,Princeton,1807.876806976903,1851.7261643002205,12,9
2024_3195_3424,0.3693369309529295,3195,3424,FL Gulf Coast,UNLV,1807.876806976903,1834.6954708399526,12,10
2024_3195_3292,0.4437166813147312,3195,3292,FL Gulf Coast,MTSU,1807.876806976903,1825.9686936108571,12,11
2024_3179_3195,0.5387164562940594,3195,3179,FL Gulf Coast,Drake,1807.876806976903,1793.7637493219408,12,12
2024_3195_3339,0.6205700543391452,3195,3339,FL Gulf Coast,Portland,1807.876806976903,1660.2154003231187,12,13
2024_3195_3349,0.6768264909163477,3195,3349,FL Gulf Coast,Rice,1807.876806976903,1602.7806164848662,12,14
2024_3195_3465,0.6847503129604167,3195,3465,FL Gulf Coast,Cal Baptist,1807.876806976903,1748.2794249498818,12,15
2024_3195_3221,0.7596047824491704,3195,3221,FL Gulf Coast,Holy Cross,1807.876806976903,1555.6375404933337,12,16
2024_3195_3404,0.7506619995702947,3195,3404,FL Gulf Coast,TN Martin,1807.876806976903,1460.6304570200384,12,16
2024_3195_3425,0.09480688320443395,3195,3425,FL Gulf Coast,USC,1807.876806976903,1838.1292755662923,12,1
2024_3195_3326,0.09712362937577948,3195,3326,FL Gulf Coast,Ohio St,1807.876806976903,1849.2050670726867,12,2
2024_3163_3195,0.10346614816849375,3195,3163,FL Gulf Coast,Connecticut,1807.876806976903,1921.3336140603578,12,3
2024_3195_3439,0.17682533706321016,3195,3439,FL Gulf Coast,Virginia Tech,1807.876806976903,1847.229227065635,12,4
2024_3124_3195,0.24045840649737196,3195,3124,FL Gulf Coast,Baylor,1807.876806976903,1761.3275962097346,12,5
2024_3195_3393,0.30004134023172,3195,3393,FL Gulf Coast,Syracuse,1807.876806976903,1730.6665843168998,12,6
2024_3181_3195,0.3174618342383656,3195,3181,FL Gulf Coast,Duke,1807.876806976903,1752.688159118207,12,7
2024_3195_3242,0.3745279127488881,3195,3242,FL Gulf Coast,Kansas,1807.876806976903,1705.528887123695,12,8
2024_3195_3276,0.41491531094285716,3195,3276,FL Gulf Coast,Michigan,1807.876806976903,1680.1913479376847,12,9
2024_3195_3350,0.4379421900137892,3195,3350,FL Gulf Coast,Richmond,1807.876806976903,1778.4365011097805,12,10
2024_3112_3195,0.5228205832970386,3195,3112,FL Gulf Coast,Arizona,1807.876806976903,1663.5246475881788,12,11
2024_3120_3195,0.4903946730625873,3195,3120,FL Gulf Coast,Auburn,1807.876806976903,1670.9243359044353,12,11
2024_3162_3195,0.5353075176477429,3195,3162,FL Gulf Coast,Columbia,1807.876806976903,1784.2973369270142,12,12
2024_3195_3435,0.5590112566947933,3195,3435,FL Gulf Coast,Vanderbilt,1807.876806976903,1649.7364456557825,12,12
2024_3195_3267,0.5935395565497623,3195,3267,FL Gulf Coast,Marshall,1807.876806976903,1711.538083968918,12,13
2024_3195_3238,0.6448527266160013,3195,3238,FL Gulf Coast,Jackson St,1807.876806976903,1694.6207667651774,12,14
2024_3195_3263,0.7108700368764704,3195,3263,FL Gulf Coast,Maine,1807.876806976903,1644.585593286405,12,15
2024_3195_3394,0.7543400233854497,3195,3394,FL Gulf Coast,TAM C. Christi,1807.876806976903,1580.4352854776812,12,16
2024_3186_3193,0.5279119518267856,3193,3186,Fairfield,E Washington,1743.9307213061684,1702.9960322081502,13,14
2024_3193_3245,0.5816554267779352,3193,3245,Fairfield,Kent,1743.9307213061684,1666.6651185549856,13,15
2024_3193_3342,0.6915565077426737,3193,3342,Fairfield,Presbyterian,1743.9307213061684,1440.0319648053332,13,16
2024_3193_3357,0.6804733667733973,3193,3357,Fairfield,Sacred Heart,1743.9307213061684,1573.6005456379667,13,16
2024_3193_3400,0.03204371586441994,3193,3400,Fairfield,Texas,1743.9307213061684,1876.178422728389,13,1
2024_3193_3390,0.04785062344715361,3193,3390,Fairfield,Stanford,1743.9307213061684,1875.2135534976353,13,2
2024_3193_3301,0.07864844329603896,3193,3301,Fairfield,NC State,1743.9307213061684,1832.4819635554175,13,3
2024_3193_3211,0.08587268428568984,3193,3211,Fairfield,Gonzaga,1743.9307213061684,1858.1876334071728,13,4
2024_3193_3428,0.13713506231798425,3193,3428,Fairfield,Utah,1743.9307213061684,1762.0370348912932,13,5
2024_3193_3397,0.1727102398766406,3193,3397,Fairfield,Tennessee,1743.9307213061684,1755.5161230419328,13,6
2024_3193_3235,0.2247482314108048,3193,3235,Fairfield,Iowa St,1743.9307213061684,1747.7944117468137,13,7
2024_3104_3193,0.2350064189596924,3193,3104,Fairfield,Alabama,1743.9307213061684,1728.2235991545258,13,8
2024_3193_3199,0.273867596102789,3193,3199,Fairfield,Florida St,1743.9307213061684,1731.3318438886506,13,9
2024_3193_3268,0.3237175296780752,3193,3268,Fairfield,Maryland,1743.9307213061684,1738.6415489962658,13,10
2024_3193_3453,0.3553200046643248,3193,3453,Fairfield,WI Green Bay,1743.9307213061684,1755.8193922713324,13,11
2024_3193_3355,0.39633729936006123,3193,3355,Fairfield,S Dakota St,1743.9307213061684,1807.0444786381895,13,12
2024_3193_3414,0.5520152807235714,3193,3414,Fairfield,UC Irvine,1743.9307213061684,1656.3752788526392,13,13
2024_3151_3193,0.5430946853625522,3193,3151,Fairfield,Chattanooga,1743.9307213061684,1688.4139365134167,13,14
2024_3193_3313,0.6263329227343561,3193,3313,Fairfield,Norfolk St,1743.9307213061684,1676.7668098191193,13,15
2024_3180_3193,0.6553696040275401,3193,3180,Fairfield,Drexel,1743.9307213061684,1619.9611285709493,13,16
2024_3193_3234,0.030868169777095316,3193,3234,Fairfield,Iowa,1743.9307213061684,1913.1483914363243,13,1
2024_3193_3417,0.05796723784849409,3193,3417,Fairfield,UCLA,1743.9307213061684,1831.0311295413612,13,2
2024_3193_3261,0.059355197436594814,3193,3261,Fairfield,LSU,1743.9307213061684,1895.2037149888847,13,3
2024_3193_3243,0.08751513683860446,3193,3243,Fairfield,Kansas St,1743.9307213061684,1733.6226327573718,13,4
2024_3160_3193,0.15037830541624322,3193,3160,Fairfield,Colorado,1743.9307213061684,1740.8455561689786,13,5
2024_3193_3257,0.17694912849797087,3193,3257,Fairfield,Louisville,1743.9307213061684,1777.859589035021,13,6
2024_3166_3193,0.1968885883091126,3193,3166,Fairfield,Creighton,1743.9307213061684,1818.159394610845,13,7
2024_3193_3452,0.22776899947364657,3193,3452,Fairfield,West Virginia,1743.9307213061684,1705.972421133595,13,8
2024_3193_3343,0.26166068406207854,3193,3343,Fairfield,Princeton,1743.9307213061684,1851.7261643002205,13,9
2024_3193_3424,0.29606388022872676,3193,3424,Fairfield,UNLV,1743.9307213061684,1834.6954708399526,13,10
2024_3193_3292,0.35145960553731825,3193,3292,Fairfield,MTSU,1743.9307213061684,1825.9686936108571,13,11
2024_3179_3193,0.4477531823647266,3193,3179,Fairfield,Drake,1743.9307213061684,1793.7637493219408,13,12
2024_3193_3339,0.5129270911216732,3193,3339,Fairfield,Portland,1743.9307213061684,1660.2154003231187,13,13
2024_3193_3349,0.5730176773535953,3193,3349,Fairfield,Rice,1743.9307213061684,1602.7806164848662,13,14
2024_3193_3465,0.588603733934498,3193,3465,Fairfield,Cal Baptist,1743.9307213061684,1748.2794249498818,13,15
2024_3193_3221,0.698391238248617,3193,3221,Fairfield,Holy Cross,1743.9307213061684,1555.6375404933337,13,16
2024_3193_3404,0.6714303586843318,3193,3404,Fairfield,TN Martin,1743.9307213061684,1460.6304570200384,13,16
2024_3193_3425,0.05065642476081848,3193,3425,Fairfield,USC,1743.9307213061684,1838.1292755662923,13,1
2024_3193_3326,0.05755981402442221,3193,3326,Fairfield,Ohio St,1743.9307213061684,1849.2050670726867,13,2
2024_3163_3193,0.06111073676445469,3193,3163,Fairfield,Connecticut,1743.9307213061684,1921.3336140603578,13,3
2024_3193_3439,0.09421693222289229,3193,3439,Fairfield,Virginia Tech,1743.9307213061684,1847.229227065635,13,4
2024_3124_3193,0.13307432080401674,3193,3124,Fairfield,Baylor,1743.9307213061684,1761.3275962097346,13,5
2024_3193_3393,0.17249332739843207,3193,3393,Fairfield,Syracuse,1743.9307213061684,1730.6665843168998,13,6
2024_3181_3193,0.19899373868090253,3193,3181,Fairfield,Duke,1743.9307213061684,1752.688159118207,13,7
2024_3193_3242,0.24256981252272455,3193,3242,Fairfield,Kansas,1743.9307213061684,1705.528887123695,13,8
2024_3193_3276,0.3006309533248692,3193,3276,Fairfield,Michigan,1743.9307213061684,1680.1913479376847,13,9
2024_3193_3350,0.32217047622176875,3193,3350,Fairfield,Richmond,1743.9307213061684,1778.4365011097805,13,10
2024_3112_3193,0.3772020544036856,3193,3112,Fairfield,Arizona,1743.9307213061684,1663.5246475881788,13,11
2024_3120_3193,0.3740914891585341,3193,3120,Fairfield,Auburn,1743.9307213061684,1670.9243359044353,13,11
2024_3162_3193,0.4208901885283237,3193,3162,Fairfield,Columbia,1743.9307213061684,1784.2973369270142,13,12
2024_3193_3435,0.4670705261957889,3193,3435,Fairfield,Vanderbilt,1743.9307213061684,1649.7364456557825,13,12
2024_3193_3267,0.4766011595726009,3193,3267,Fairfield,Marshall,1743.9307213061684,1711.538083968918,13,13
2024_3193_3238,0.5484974440800892,3193,3238,Fairfield,Jackson St,1743.9307213061684,1694.6207667651774,13,14
2024_3193_3263,0.6192208071127894,3193,3263,Fairfield,Maine,1743.9307213061684,1644.585593286405,13,15
2024_3193_3394,0.6941804085138148,3193,3394,Fairfield,TAM C. Christi,1743.9307213061684,1580.4352854776812,13,16
2024_3186_3245,0.5257135090100513,3186,3245,E Washington,Kent,1702.9960322081502,1666.6651185549856,14,15
2024_3186_3342,0.6880720396414759,3186,3342,E Washington,Presbyterian,1702.9960322081502,1440.0319648053332,14,16
2024_3186_3357,0.6480182696953776,3186,3357,E Washington,Sacred Heart,1702.9960322081502,1573.6005456379667,14,16
2024_3186_3400,0.031339988969266416,3186,3400,E Washington,Texas,1702.9960322081502,1876.178422728389,14,1
2024_3186_3390,0.028456225916743277,3186,3390,E Washington,Stanford,1702.9960322081502,1875.2135534976353,14,2
2024_3186_3301,0.05280110398278002,3186,3301,E Washington,NC State,1702.9960322081502,1832.4819635554175,14,3
2024_3186_3211,0.06725326269813761,3186,3211,E Washington,Gonzaga,1702.9960322081502,1858.1876334071728,14,4
2024_3186_3428,0.09142582738464022,3186,3428,E Washington,Utah,1702.9960322081502,1762.0370348912932,14,5
2024_3186_3397,0.14382211486591592,3186,3397,E Washington,Tennessee,1702.9960322081502,1755.5161230419328,14,6
2024_3186_3235,0.23875495790375548,3186,3235,E Washington,Iowa St,1702.9960322081502,1747.7944117468137,14,7
2024_3104_3186,0.2022611460981999,3186,3104,E Washington,Alabama,1702.9960322081502,1728.2235991545258,14,8
2024_3186_3199,0.24111775396902888,3186,3199,E Washington,Florida St,1702.9960322081502,1731.3318438886506,14,9
2024_3186_3268,0.28900418074233825,3186,3268,E Washington,Maryland,1702.9960322081502,1738.6415489962658,14,10
2024_3186_3453,0.34279602279636134,3186,3453,E Washington,WI Green Bay,1702.9960322081502,1755.8193922713324,14,11
2024_3186_3355,0.36560042008008864,3186,3355,E Washington,S Dakota St,1702.9960322081502,1807.0444786381895,14,12
2024_3186_3414,0.513332179499889,3186,3414,E Washington,UC Irvine,1702.9960322081502,1656.3752788526392,14,13
2024_3151_3186,0.5373449683189389,3186,3151,E Washington,Chattanooga,1702.9960322081502,1688.4139365134167,14,14
2024_3186_3313,0.5818131026494251,3186,3313,E Washington,Norfolk St,1702.9960322081502,1676.7668098191193,14,15
2024_3180_3186,0.6454645384922983,3186,3180,E Washington,Drexel,1702.9960322081502,1619.9611285709493,14,16
2024_3186_3234,0.03152601879090071,3186,3234,E Washington,Iowa,1702.9960322081502,1913.1483914363243,14,1
2024_3186_3417,0.0360190849006176,3186,3417,E Washington,UCLA,1702.9960322081502,1831.0311295413612,14,2
2024_3186_3261,0.03910916643187765,3186,3261,E Washington,LSU,1702.9960322081502,1895.2037149888847,14,3
2024_3186_3243,0.06885032817670092,3186,3243,E Washington,Kansas St,1702.9960322081502,1733.6226327573718,14,4
2024_3160_3186,0.10522287586395884,3186,3160,E Washington,Colorado,1702.9960322081502,1740.8455561689786,14,5
2024_3186_3257,0.15028588841451898,3186,3257,E Washington,Louisville,1702.9960322081502,1777.859589035021,14,6
2024_3166_3186,0.17475619538558798,3186,3166,E Washington,Creighton,1702.9960322081502,1818.159394610845,14,7
2024_3186_3452,0.19605789327603917,3186,3452,E Washington,West Virginia,1702.9960322081502,1705.972421133595,14,8
2024_3186_3343,0.21741026727993815,3186,3343,E Washington,Princeton,1702.9960322081502,1851.7261643002205,14,9
2024_3186_3424,0.2581895628701001,3186,3424,E Washington,UNLV,1702.9960322081502,1834.6954708399526,14,10
2024_3186_3292,0.32354156186553706,3186,3292,E Washington,MTSU,1702.9960322081502,1825.9686936108571,14,11
2024_3179_3186,0.39570014729347136,3186,3179,E Washington,Drake,1702.9960322081502,1793.7637493219408,14,12
2024_3186_3339,0.4575743439924961,3186,3339,E Washington,Portland,1702.9960322081502,1660.2154003231187,14,13
2024_3186_3349,0.5654136747121807,3186,3349,E Washington,Rice,1702.9960322081502,1602.7806164848662,14,14
2024_3186_3465,0.5572656747567402,3186,3465,E Washington,Cal Baptist,1702.9960322081502,1748.2794249498818,14,15
2024_3186_3221,0.6617435802594187,3186,3221,E Washington,Holy Cross,1702.9960322081502,1555.6375404933337,14,16
2024_3186_3404,0.6736695905104639,3186,3404,E Washington,TN Martin,1702.9960322081502,1460.6304570200384,14,16
2024_3186_3425,0.04584821492433548,3186,3425,E Washington,USC,1702.9960322081502,1838.1292755662923,14,1
2024_3186_3326,0.032006199397146703,3186,3326,E Washington,Ohio St,1702.9960322081502,1849.2050670726867,14,2
2024_3163_3186,0.04245691066578392,3186,3163,E Washington,Connecticut,1702.9960322081502,1921.3336140603578,14,3
2024_3186_3439,0.06341678272881493,3186,3439,E Washington,Virginia Tech,1702.9960322081502,1847.229227065635,14,4
2024_3124_3186,0.0957107084399953,3186,3124,E Washington,Baylor,1702.9960322081502,1761.3275962097346,14,5
2024_3186_3393,0.14313518251075044,3186,3393,E Washington,Syracuse,1702.9960322081502,1730.6665843168998,14,6
2024_3181_3186,0.16991075499786215,3186,3181,E Washington,Duke,1702.9960322081502,1752.688159118207,14,7
2024_3186_3242,0.22792792314273458,3186,3242,E Washington,Kansas,1702.9960322081502,1705.528887123695,14,8
2024_3186_3276,0.2670545065267834,3186,3276,E Washington,Michigan,1702.9960322081502,1680.1913479376847,14,9
2024_3186_3350,0.2701873035858422,3186,3350,E Washington,Richmond,1702.9960322081502,1778.4365011097805,14,10
2024_3112_3186,0.3514516975519346,3186,3112,E Washington,Arizona,1702.9960322081502,1663.5246475881788,14,11
2024_3120_3186,0.3327551435467886,3186,3120,E Washington,Auburn,1702.9960322081502,1670.9243359044353,14,11
2024_3162_3186,0.37821045323457625,3186,3162,E Washington,Columbia,1702.9960322081502,1784.2973369270142,14,12
2024_3186_3435,0.38876373871412184,3186,3435,E Washington,Vanderbilt,1702.9960322081502,1649.7364456557825,14,12
2024_3186_3267,0.49554023773791844,3186,3267,E Washington,Marshall,1702.9960322081502,1711.538083968918,14,13
2024_3186_3238,0.5001005738973614,3186,3238,E Washington,Jackson St,1702.9960322081502,1694.6207667651774,14,14
2024_3186_3263,0.6008299645650135,3186,3263,E Washington,Maine,1702.9960322081502,1644.585593286405,14,15
2024_3186_3394,0.6567348678484919,3186,3394,E Washington,TAM C. Christi,1702.9960322081502,1580.4352854776812,14,16
2024_3245_3342,0.6549113449322925,3245,3342,Kent,Presbyterian,1666.6651185549856,1440.0319648053332,15,16
2024_3245_3357,0.5661652889716373,3245,3357,Kent,Sacred Heart,1666.6651185549856,1573.6005456379667,15,16
2024_3245_3400,0.02688550941646099,3245,3400,Kent,Texas,1666.6651185549856,1876.178422728389,15,1
2024_3245_3390,0.027253559716045855,3245,3390,Kent,Stanford,1666.6651185549856,1875.2135534976353,15,2
2024_3245_3301,0.03308981090784073,3245,3301,Kent,NC State,1666.6651185549856,1832.4819635554175,15,3
2024_3211_3245,0.04666109168872599,3245,3211,Kent,Gonzaga,1666.6651185549856,1858.1876334071728,15,4
2024_3245_3428,0.07348825499364123,3245,3428,Kent,Utah,1666.6651185549856,1762.0370348912932,15,5
2024_3245_3397,0.09967569136684085,3245,3397,Kent,Tennessee,1666.6651185549856,1755.5161230419328,15,6
2024_3235_3245,0.2087742611278464,3245,3235,Kent,Iowa St,1666.6651185549856,1747.7944117468137,15,7
2024_3104_3245,0.1633994802726634,3245,3104,Kent,Alabama,1666.6651185549856,1728.2235991545258,15,8
2024_3199_3245,0.20693754398805242,3245,3199,Kent,Florida St,1666.6651185549856,1731.3318438886506,15,9
2024_3245_3268,0.24837245135147898,3245,3268,Kent,Maryland,1666.6651185549856,1738.6415489962658,15,10
2024_3245_3453,0.2972855010758191,3245,3453,Kent,WI Green Bay,1666.6651185549856,1755.8193922713324,15,11
2024_3245_3355,0.3158519815442251,3245,3355,Kent,S Dakota St,1666.6651185549856,1807.0444786381895,15,12
2024_3245_3414,0.45982558830823805,3245,3414,Kent,UC Irvine,1666.6651185549856,1656.3752788526392,15,13
2024_3151_3245,0.5032888415587192,3245,3151,Kent,Chattanooga,1666.6651185549856,1688.4139365134167,15,14
2024_3245_3313,0.5072154909372326,3245,3313,Kent,Norfolk St,1666.6651185549856,1676.7668098191193,15,15
2024_3180_3245,0.6134212520587192,3245,3180,Kent,Drexel,1666.6651185549856,1619.9611285709493,15,16
2024_3234_3245,0.03127269718796015,3245,3234,Kent,Iowa,1666.6651185549856,1913.1483914363243,15,1
2024_3245_3417,0.0329148992151022,3245,3417,Kent,UCLA,1666.6651185549856,1831.0311295413612,15,2
2024_3245_3261,0.02417285919189453,3245,3261,Kent,LSU,1666.6651185549856,1895.2037149888847,15,3
2024_3243_3245,0.05022762501582865,3245,3243,Kent,Kansas St,1666.6651185549856,1733.6226327573718,15,4
2024_3160_3245,0.07848808258720621,3245,3160,Kent,Colorado,1666.6651185549856,1740.8455561689786,15,5
2024_3245_3257,0.09821098172729159,3245,3257,Kent,Louisville,1666.6651185549856,1777.859589035021,15,6
2024_3166_3245,0.1338061056543757,3245,3166,Kent,Creighton,1666.6651185549856,1818.159394610845,15,7
2024_3245_3452,0.17681749536527472,3245,3452,Kent,West Virginia,1666.6651185549856,1705.972421133595,15,8
2024_3245_3343,0.17868310579640012,3245,3343,Kent,Princeton,1666.6651185549856,1851.7261643002205,15,9
2024_3245_3424,0.21215157671411364,3245,3424,Kent,UNLV,1666.6651185549856,1834.6954708399526,15,10
2024_3245_3292,0.25660854594214255,3245,3292,Kent,MTSU,1666.6651185549856,1825.9686936108571,15,11
2024_3179_3245,0.37471476455899944,3245,3179,Kent,Drake,1666.6651185549856,1793.7637493219408,15,12
2024_3245_3339,0.4375365506037703,3245,3339,Kent,Portland,1666.6651185549856,1660.2154003231187,15,13
2024_3245_3349,0.5220693114531284,3245,3349,Kent,Rice,1666.6651185549856,1602.7806164848662,15,14
2024_3245_3465,0.5439186006784436,3245,3465,Kent,Cal Baptist,1666.6651185549856,1748.2794249498818,15,15
2024_3221_3245,0.6230171230303989,3245,3221,Kent,Holy Cross,1666.6651185549856,1555.6375404933337,15,16
2024_3245_3404,0.6228860375153766,3245,3404,Kent,TN Martin,1666.6651185549856,1460.6304570200384,15,16
2024_3245_3425,0.03044849533587694,3245,3425,Kent,USC,1666.6651185549856,1838.1292755662923,15,1
2024_3245_3326,0.03125898439437151,3245,3326,Kent,Ohio St,1666.6651185549856,1849.2050670726867,15,2
2024_3163_3245,0.029506063014268873,3245,3163,Kent,Connecticut,1666.6651185549856,1921.3336140603578,15,3
2024_3245_3439,0.04207811197236542,3245,3439,Kent,Virginia Tech,1666.6651185549856,1847.229227065635,15,4
2024_3124_3245,0.07978061489709601,3245,3124,Kent,Baylor,1666.6651185549856,1761.3275962097346,15,5
2024_3245_3393,0.09839079403941775,3245,3393,Kent,Syracuse,1666.6651185549856,1730.6665843168998,15,6
2024_3181_3245,0.12982759619845644,3245,3181,Kent,Duke,1666.6651185549856,1752.688159118207,15,7
2024_3242_3245,0.2173984199656375,3245,3242,Kent,Kansas,1666.6651185549856,1705.528887123695,15,8
2024_3245_3276,0.23539315903169256,3245,3276,Kent,Michigan,1666.6651185549856,1680.1913479376847,15,9
2024_3245_3350,0.26113908080895276,3245,3350,Kent,Richmond,1666.6651185549856,1778.4365011097805,15,10
2024_3112_3245,0.2995037698875218,3245,3112,Kent,Arizona,1666.6651185549856,1663.5246475881788,15,11
2024_3120_3245,0.29118571819169814,3245,3120,Kent,Auburn,1666.6651185549856,1670.9243359044353,15,11
2024_3162_3245,0.34692699720832576,3245,3162,Kent,Columbia,1666.6651185549856,1784.2973369270142,15,12
2024_3245_3435,0.34310166796418895,3245,3435,Kent,Vanderbilt,1666.6651185549856,1649.7364456557825,15,12
2024_3245_3267,0.40620235904302504,3245,3267,Kent,Marshall,1666.6651185549856,1711.538083968918,15,13
2024_3238_3245,0.49730897576930577,3245,3238,Kent,Jackson St,1666.6651185549856,1694.6207667651774,15,14
2024_3245_3263,0.5462533593177792,3245,3263,Kent,Maine,1666.6651185549856,1644.585593286405,15,15
2024_3245_3394,0.6119649764764057,3245,3394,Kent,TAM C. Christi,1666.6651185549856,1580.4352854776812,15,16
2024_3342_3357,0.4348511457443233,3342,3357,Presbyterian,Sacred Heart,1440.0319648053332,1573.6005456379667,16,16
2024_3342_3400,0.025267783012241123,3342,3400,Presbyterian,Texas,1440.0319648053332,1876.178422728389,16,1
2024_3342_3390,0.022765302024781702,3342,3390,Presbyterian,Stanford,1440.0319648053332,1875.2135534976353,16,2
2024_3301_3342,0.02451065035536885,3342,3301,Presbyterian,NC State,1440.0319648053332,1832.4819635554175,16,3
2024_3211_3342,0.02508094759657979,3342,3211,Presbyterian,Gonzaga,1440.0319648053332,1858.1876334071728,16,4
2024_3342_3428,0.036505852546248475,3342,3428,Presbyterian,Utah,1440.0319648053332,1762.0370348912932,16,5
2024_3342_3397,0.056317919827484936,3342,3397,Presbyterian,Tennessee,1440.0319648053332,1755.5161230419328,16,6
2024_3235_3342,0.0882047011113658,3342,3235,Presbyterian,Iowa St,1440.0319648053332,1747.7944117468137,16,7
2024_3104_3342,0.10649880016936555,3342,3104,Presbyterian,Alabama,1440.0319648053332,1728.2235991545258,16,8
2024_3199_3342,0.14253744481934386,3342,3199,Presbyterian,Florida St,1440.0319648053332,1731.3318438886506,16,9
2024_3268_3342,0.16832274192554098,3342,3268,Presbyterian,Maryland,1440.0319648053332,1738.6415489962658,16,10
2024_3342_3453,0.20480700297792284,3342,3453,Presbyterian,WI Green Bay,1440.0319648053332,1755.8193922713324,16,11
2024_3342_3355,0.2364138273279219,3342,3355,Presbyterian,S Dakota St,1440.0319648053332,1807.0444786381895,16,12
2024_3342_3414,0.297601233029096,3342,3414,Presbyterian,UC Irvine,1440.0319648053332,1656.3752788526392,16,13
2024_3151_3342,0.31909939824786093,3342,3151,Presbyterian,Chattanooga,1440.0319648053332,1688.4139365134167,16,14
2024_3313_3342,0.3567526999247318,3342,3313,Presbyterian,Norfolk St,1440.0319648053332,1676.7668098191193,16,15
2024_3180_3342,0.41515074521303136,3342,3180,Presbyterian,Drexel,1440.0319648053332,1619.9611285709493,16,16
2024_3234_3342,0.027208506055176256,3342,3234,Presbyterian,Iowa,1440.0319648053332,1913.1483914363243,16,1
2024_3342_3417,0.02305862858891487,3342,3417,Presbyterian,UCLA,1440.0319648053332,1831.0311295413612,16,2
2024_3261_3342,0.02217271590605378,3342,3261,Presbyterian,LSU,1440.0319648053332,1895.2037149888847,16,3
2024_3243_3342,0.025145003031939266,3342,3243,Presbyterian,Kansas St,1440.0319648053332,1733.6226327573718,16,4
2024_3160_3342,0.038479042891118566,3342,3160,Presbyterian,Colorado,1440.0319648053332,1740.8455561689786,16,5
2024_3257_3342,0.0553223760420917,3342,3257,Presbyterian,Louisville,1440.0319648053332,1777.859589035021,16,6
2024_3166_3342,0.08039716412936593,3342,3166,Presbyterian,Creighton,1440.0319648053332,1818.159394610845,16,7
2024_3342_3452,0.10693624983324304,3342,3452,Presbyterian,West Virginia,1440.0319648053332,1705.972421133595,16,8
2024_3342_3343,0.13774296826554613,3342,3343,Presbyterian,Princeton,1440.0319648053332,1851.7261643002205,16,9
2024_3342_3424,0.16666441777330976,3342,3424,Presbyterian,UNLV,1440.0319648053332,1834.6954708399526,16,10
2024_3292_3342,0.1998303243382725,3342,3292,Presbyterian,MTSU,1440.0319648053332,1825.9686936108571,16,11
2024_3179_3342,0.23900383540792755,3342,3179,Presbyterian,Drake,1440.0319648053332,1793.7637493219408,16,12
2024_3339_3342,0.2745764225510048,3342,3339,Presbyterian,Portland,1440.0319648053332,1660.2154003231187,16,13
2024_3342_3349,0.31407847061004546,3342,3349,Presbyterian,Rice,1440.0319648053332,1602.7806164848662,16,14
2024_3342_3465,0.3632260213923698,3342,3465,Presbyterian,Cal Baptist,1440.0319648053332,1748.2794249498818,16,15
2024_3221_3342,0.44352628886699635,3342,3221,Presbyterian,Holy Cross,1440.0319648053332,1555.6375404933337,16,16
2024_3342_3404,0.4299168571829792,3342,3404,Presbyterian,TN Martin,1440.0319648053332,1460.6304570200384,16,16
2024_3342_3425,0.024657630287110804,3342,3425,Presbyterian,USC,1440.0319648053332,1838.1292755662923,16,1
2024_3326_3342,0.025594881661236284,3342,3326,Presbyterian,Ohio St,1440.0319648053332,1849.2050670726867,16,2
2024_3163_3342,0.025715118199586866,3342,3163,Presbyterian,Connecticut,1440.0319648053332,1921.3336140603578,16,3
2024_3342_3439,0.022595194093883036,3342,3439,Presbyterian,Virginia Tech,1440.0319648053332,1847.229227065635,16,4
2024_3124_3342,0.03673864640266065,3342,3124,Presbyterian,Baylor,1440.0319648053332,1761.3275962097346,16,5
2024_3342_3393,0.056130073461168856,3342,3393,Presbyterian,Syracuse,1440.0319648053332,1730.6665843168998,16,6
2024_3181_3342,0.07602817533229733,3342,3181,Presbyterian,Duke,1440.0319648053332,1752.688159118207,16,7
2024_3242_3342,0.11510814348949686,3342,3242,Presbyterian,Kansas,1440.0319648053332,1705.528887123695,16,8
2024_3276_3342,0.1385555267228015,3342,3276,Presbyterian,Michigan,1440.0319648053332,1680.1913479376847,16,9
2024_3342_3350,0.1715676858423386,3342,3350,Presbyterian,Richmond,1440.0319648053332,1778.4365011097805,16,10
2024_3112_3342,0.2020905510946068,3342,3112,Presbyterian,Arizona,1440.0319648053332,1663.5246475881788,16,11
2024_3120_3342,0.20024515031416742,3342,3120,Presbyterian,Auburn,1440.0319648053332,1670.9243359044353,16,11
2024_3162_3342,0.23335158468587688,3342,3162,Presbyterian,Columbia,1440.0319648053332,1784.2973369270142,16,12
2024_3342_3435,0.23236896300120644,3342,3435,Presbyterian,Vanderbilt,1440.0319648053332,1649.7364456557825,16,12
2024_3267_3342,0.2747890323189186,3342,3267,Presbyterian,Marshall,1440.0319648053332,1711.538083968918,16,13
2024_3238_3342,0.3119261729642382,3342,3238,Presbyterian,Jackson St,1440.0319648053332,1694.6207667651774,16,14
2024_3263_3342,0.37144048021557385,3342,3263,Presbyterian,Maine,1440.0319648053332,1644.585593286405,16,15
2024_3342_3394,0.42203829288482625,3342,3394,Presbyterian,TAM C. Christi,1440.0319648053332,1580.4352854776812,16,16
2024_3357_3400,0.027795785963535307,3357,3400,Sacred Heart,Texas,1573.6005456379667,1876.178422728389,16,1
2024_3357_3390,0.02849388115108013,3357,3390,Sacred Heart,Stanford,1573.6005456379667,1875.2135534976353,16,2
2024_3301_3357,0.03371842198073864,3357,3301,Sacred Heart,NC State,1573.6005456379667,1832.4819635554175,16,3
2024_3211_3357,0.031085106469690798,3357,3211,Sacred Heart,Gonzaga,1573.6005456379667,1858.1876334071728,16,4
2024_3357_3428,0.04849663907632593,3357,3428,Sacred Heart,Utah,1573.6005456379667,1762.0370348912932,16,5
2024_3357_3397,0.07158970735915884,3357,3397,Sacred Heart,Tennessee,1573.6005456379667,1755.5161230419328,16,6
2024_3235_3357,0.12418830269639636,3357,3235,Sacred Heart,Iowa St,1573.6005456379667,1747.7944117468137,16,7
2024_3104_3357,0.1333769224096705,3357,3104,Sacred Heart,Alabama,1573.6005456379667,1728.2235991545258,16,8
2024_3199_3357,0.17598956449760275,3357,3199,Sacred Heart,Florida St,1573.6005456379667,1731.3318438886506,16,9
2024_3268_3357,0.2138275652526055,3357,3268,Sacred Heart,Maryland,1573.6005456379667,1738.6415489962658,16,10
2024_3357_3453,0.22815000726421206,3357,3453,Sacred Heart,WI Green Bay,1573.6005456379667,1755.8193922713324,16,11
2024_3355_3357,0.25767518223626906,3357,3355,Sacred Heart,S Dakota St,1573.6005456379667,1807.0444786381895,16,12
2024_3357_3414,0.3752266343471693,3357,3414,Sacred Heart,UC Irvine,1573.6005456379667,1656.3752788526392,16,13
2024_3151_3357,0.37083998128023055,3357,3151,Sacred Heart,Chattanooga,1573.6005456379667,1688.4139365134167,16,14
2024_3313_3357,0.4009460348022228,3357,3313,Sacred Heart,Norfolk St,1573.6005456379667,1676.7668098191193,16,15
2024_3180_3357,0.5378777146339413,3357,3180,Sacred Heart,Drexel,1573.6005456379667,1619.9611285709493,16,16
2024_3234_3357,0.030950588099658487,3357,3234,Sacred Heart,Iowa,1573.6005456379667,1913.1483914363243,16,1
2024_3357_3417,0.031546055264770986,3357,3417,Sacred Heart,UCLA,1573.6005456379667,1831.0311295413612,16,2
2024_3261_3357,0.026427177637815474,3357,3261,Sacred Heart,LSU,1573.6005456379667,1895.2037149888847,16,3
2024_3243_3357,0.0371349211037159,3357,3243,Sacred Heart,Kansas St,1573.6005456379667,1733.6226327573718,16,4
2024_3160_3357,0.05461495900497202,3357,3160,Sacred Heart,Colorado,1573.6005456379667,1740.8455561689786,16,5
2024_3257_3357,0.07229705616780505,3357,3257,Sacred Heart,Louisville,1573.6005456379667,1777.859589035021,16,6
2024_3166_3357,0.09146785238449717,3357,3166,Sacred Heart,Creighton,1573.6005456379667,1818.159394610845,16,7
2024_3357_3452,0.13653166587247148,3357,3452,Sacred Heart,West Virginia,1573.6005456379667,1705.972421133595,16,8
2024_3343_3357,0.14763938820792513,3357,3343,Sacred Heart,Princeton,1573.6005456379667,1851.7261643002205,16,9
2024_3357_3424,0.16870772087556463,3357,3424,Sacred Heart,UNLV,1573.6005456379667,1834.6954708399526,16,10
2024_3292_3357,0.20762789337475626,3357,3292,Sacred Heart,MTSU,1573.6005456379667,1825.9686936108571,16,11
2024_3179_3357,0.2585195900629311,3357,3179,Sacred Heart,Drake,1573.6005456379667,1793.7637493219408,16,12
2024_3339_3357,0.35885191967460384,3357,3339,Sacred Heart,Portland,1573.6005456379667,1660.2154003231187,16,13
2024_3349_3357,0.420517636381053,3357,3349,Sacred Heart,Rice,1573.6005456379667,1602.7806164848662,16,14
2024_3357_3465,0.42333393426063115,3357,3465,Sacred Heart,Cal Baptist,1573.6005456379667,1748.2794249498818,16,15
2024_3221_3357,0.5296145290136334,3357,3221,Sacred Heart,Holy Cross,1573.6005456379667,1555.6375404933337,16,16
2024_3357_3404,0.5593025594949719,3357,3404,Sacred Heart,TN Martin,1573.6005456379667,1460.6304570200384,16,16
2024_3357_3425,0.029751357547938822,3357,3425,Sacred Heart,USC,1573.6005456379667,1838.1292755662923,16,1
2024_3326_3357,0.03288183633238077,3357,3326,Sacred Heart,Ohio St,1573.6005456379667,1849.2050670726867,16,2
2024_3163_3357,0.030537907890975474,3357,3163,Sacred Heart,Connecticut,1573.6005456379667,1921.3336140603578,16,3
2024_3357_3439,0.03049369055777788,3357,3439,Sacred Heart,Virginia Tech,1573.6005456379667,1847.229227065635,16,4
2024_3124_3357,0.05299000227794413,3357,3124,Sacred Heart,Baylor,1573.6005456379667,1761.3275962097346,16,5
2024_3357_3393,0.07083325363644347,3357,3393,Sacred Heart,Syracuse,1573.6005456379667,1730.6665843168998,16,6
2024_3181_3357,0.08672040389542723,3357,3181,Sacred Heart,Duke,1573.6005456379667,1752.688159118207,16,7
2024_3242_3357,0.17004656041754976,3357,3242,Sacred Heart,Kansas,1573.6005456379667,1705.528887123695,16,8
2024_3276_3357,0.20206196605099516,3357,3276,Sacred Heart,Michigan,1573.6005456379667,1680.1913479376847,16,9
2024_3350_3357,0.19517637410742383,3357,3350,Sacred Heart,Richmond,1573.6005456379667,1778.4365011097805,16,10
2024_3112_3357,0.25442885695536466,3357,3112,Sacred Heart,Arizona,1573.6005456379667,1663.5246475881788,16,11
2024_3120_3357,0.25403823046524854,3357,3120,Sacred Heart,Auburn,1573.6005456379667,1670.9243359044353,16,11
2024_3162_3357,0.26400253937943274,3357,3162,Sacred Heart,Columbia,1573.6005456379667,1784.2973369270142,16,12
2024_3357_3435,0.29891950280769164,3357,3435,Sacred Heart,Vanderbilt,1573.6005456379667,1649.7364456557825,16,12
2024_3267_3357,0.3349339838859724,3357,3267,Sacred Heart,Marshall,1573.6005456379667,1711.538083968918,16,13
2024_3238_3357,0.3585165421589842,3357,3238,Sacred Heart,Jackson St,1573.6005456379667,1694.6207667651774,16,14
2024_3263_3357,0.4780596408379322,3357,3263,Sacred Heart,Maine,1573.6005456379667,1644.585593286405,16,15
2024_3357_3394,0.532409584522247,3357,3394,Sacred Heart,TAM C. Christi,1573.6005456379667,1580.4352854776812,16,16
2024_3390_3400,0.5482156929242359,3400,3390,Texas,Stanford,1876.178422728389,1875.2135534976353,1,2
2024_3301_3400,0.6252171237841608,3400,3301,Texas,NC State,1876.178422728389,1832.4819635554175,1,3
2024_3211_3400,0.6505132708909815,3400,3211,Texas,Gonzaga,1876.178422728389,1858.1876334071728,1,4
2024_3400_3428,0.7144126599897588,3400,3428,Texas,Utah,1876.178422728389,1762.0370348912932,1,5
2024_3397_3400,0.7609638831154545,3400,3397,Texas,Tennessee,1876.178422728389,1755.5161230419328,1,6
2024_3235_3400,0.81964451527613,3400,3235,Texas,Iowa St,1876.178422728389,1747.7944117468137,1,7
2024_3104_3400,0.8304696425901518,3400,3104,Texas,Alabama,1876.178422728389,1728.2235991545258,1,8
2024_3199_3400,0.8469965950141972,3400,3199,Texas,Florida St,1876.178422728389,1731.3318438886506,1,9
2024_3268_3400,0.8904317153089745,3400,3268,Texas,Maryland,1876.178422728389,1738.6415489962658,1,10
2024_3400_3453,0.928842106685555,3400,3453,Texas,WI Green Bay,1876.178422728389,1755.8193922713324,1,11
2024_3355_3400,0.9452321837659143,3400,3355,Texas,S Dakota St,1876.178422728389,1807.0444786381895,1,12
2024_3400_3414,0.971868212223053,3400,3414,Texas,UC Irvine,1876.178422728389,1656.3752788526392,1,13
2024_3151_3400,0.9689356338977814,3400,3151,Texas,Chattanooga,1876.178422728389,1688.4139365134167,1,14
2024_3313_3400,0.970959837436676,3400,3313,Texas,Norfolk St,1876.178422728389,1676.7668098191193,1,15
2024_3180_3400,0.971463794708252,3400,3180,Texas,Drexel,1876.178422728389,1619.9611285709493,1,16
2024_3234_3400,0.49405447244644124,3400,3234,Texas,Iowa,1876.178422728389,1913.1483914363243,1,1
2024_3400_3417,0.5781947132813678,3400,3417,Texas,UCLA,1876.178422728389,1831.0311295413612,1,2
2024_3261_3400,0.5816315253153803,3400,3261,Texas,LSU,1876.178422728389,1895.2037149888847,1,3
2024_3243_3400,0.6754502598407572,3400,3243,Texas,Kansas St,1876.178422728389,1733.6226327573718,1,4
2024_3160_3400,0.7304313486685002,3400,3160,Texas,Colorado,1876.178422728389,1740.8455561689786,1,5
2024_3257_3400,0.7590794375673969,3400,3257,Texas,Louisville,1876.178422728389,1777.859589035021,1,6
2024_3166_3400,0.7798613355161508,3400,3166,Texas,Creighton,1876.178422728389,1818.159394610845,1,7
2024_3400_3452,0.811624784778224,3400,3452,Texas,West Virginia,1876.178422728389,1705.972421133595,1,8
2024_3343_3400,0.8586287245641774,3400,3343,Texas,Princeton,1876.178422728389,1851.7261643002205,1,9
2024_3400_3424,0.8747462165945274,3400,3424,Texas,UNLV,1876.178422728389,1834.6954708399526,1,10
2024_3292_3400,0.9128185900305867,3400,3292,Texas,MTSU,1876.178422728389,1825.9686936108571,1,11
2024_3179_3400,0.9471408735032343,3400,3179,Texas,Drake,1876.178422728389,1793.7637493219408,1,12
2024_3339_3400,0.9710992228984833,3400,3339,Texas,Portland,1876.178422728389,1660.2154003231187,1,13
2024_3349_3400,0.9724207770824432,3400,3349,Texas,Rice,1876.178422728389,1602.7806164848662,1,14
2024_3400_3465,0.9687338423728943,3400,3465,Texas,Cal Baptist,1876.178422728389,1748.2794249498818,1,15
2024_3221_3400,0.9728446555137634,3400,3221,Texas,Holy Cross,1876.178422728389,1555.6375404933337,1,16
2024_3400_3404,0.9708644104003906,3400,3404,Texas,TN Martin,1876.178422728389,1460.6304570200384,1,16
2024_3400_3425,0.5406548887491223,3400,3425,Texas,USC,1876.178422728389,1838.1292755662923,1,1
2024_3326_3400,0.5516003724801288,3400,3326,Texas,Ohio St,1876.178422728389,1849.2050670726867,1,2
2024_3163_3400,0.5580325861350062,3400,3163,Texas,Connecticut,1876.178422728389,1921.3336140603578,1,3
2024_3400_3439,0.6208796147468394,3400,3439,Texas,Virginia Tech,1876.178422728389,1847.229227065635,1,4
2024_3124_3400,0.7368019527067388,3400,3124,Texas,Baylor,1876.178422728389,1761.3275962097346,1,5
2024_3393_3400,0.7778973242775639,3400,3393,Texas,Syracuse,1876.178422728389,1730.6665843168998,1,6
2024_3181_3400,0.7928894803525766,3400,3181,Texas,Duke,1876.178422728389,1752.688159118207,1,7
2024_3242_3400,0.831657384346591,3400,3242,Texas,Kansas,1876.178422728389,1705.528887123695,1,8
2024_3276_3400,0.8698632464300221,3400,3276,Texas,Michigan,1876.178422728389,1680.1913479376847,1,9
2024_3350_3400,0.9079769981497032,3400,3350,Texas,Richmond,1876.178422728389,1778.4365011097805,1,10
2024_3112_3400,0.9238951893900991,3400,3112,Texas,Arizona,1876.178422728389,1663.5246475881788,1,11
2024_3120_3400,0.9261391254519582,3400,3120,Texas,Auburn,1876.178422728389,1670.9243359044353,1,11
2024_3162_3400,0.9538928280587458,3400,3162,Texas,Columbia,1876.178422728389,1784.2973369270142,1,12
2024_3400_3435,0.9463322768922113,3400,3435,Texas,Vanderbilt,1876.178422728389,1649.7364456557825,1,12
2024_3267_3400,0.9653832864761352,3400,3267,Texas,Marshall,1876.178422728389,1711.538083968918,1,13
2024_3238_3400,0.9710130643844604,3400,3238,Texas,Jackson St,1876.178422728389,1694.6207667651774,1,14
2024_3263_3400,0.9730209362506866,3400,3263,Texas,Maine,1876.178422728389,1644.585593286405,1,15
2024_3394_3400,0.9739010584354401,3400,3394,Texas,TAM C. Christi,1876.178422728389,1580.4352854776812,1,16
2024_3301_3390,0.5596940871941791,3390,3301,Stanford,NC State,1875.2135534976353,1832.4819635554175,2,3
2024_3211_3390,0.6307515342608454,3390,3211,Stanford,Gonzaga,1875.2135534976353,1858.1876334071728,2,4
2024_3390_3428,0.6528346929910487,3390,3428,Stanford,Utah,1875.2135534976353,1762.0370348912932,2,5
2024_3390_3397,0.7265277063717092,3390,3397,Stanford,Tennessee,1875.2135534976353,1755.5161230419328,2,6
2024_3235_3390,0.7853010258213718,3390,3235,Stanford,Iowa St,1875.2135534976353,1747.7944117468137,2,7
2024_3104_3390,0.8164848134519418,3390,3104,Stanford,Alabama,1875.2135534976353,1728.2235991545258,2,8
2024_3199_3390,0.8261925175891981,3390,3199,Stanford,Florida St,1875.2135534976353,1731.3318438886506,2,9
2024_3268_3390,0.8617260203252858,3390,3268,Stanford,Maryland,1875.2135534976353,1738.6415489962658,2,10
2024_3390_3453,0.9045632613294823,3390,3453,Stanford,WI Green Bay,1875.2135534976353,1755.8193922713324,2,11
2024_3355_3390,0.927752235755837,3390,3355,Stanford,S Dakota St,1875.2135534976353,1807.0444786381895,2,12
2024_3390_3414,0.9628067920918726,3390,3414,Stanford,UC Irvine,1875.2135534976353,1656.3752788526392,2,13
2024_3151_3390,0.9713110280036926,3390,3151,Stanford,Chattanooga,1875.2135534976353,1688.4139365134167,2,14
2024_3313_3390,0.9720224988460541,3390,3313,Stanford,Norfolk St,1875.2135534976353,1676.7668098191193,2,15
2024_3180_3390,0.9753467392921448,3390,3180,Stanford,Drexel,1875.2135534976353,1619.9611285709493,2,16
2024_3234_3390,0.46771833927753026,3390,3234,Stanford,Iowa,1875.2135534976353,1913.1483914363243,2,1
2024_3390_3417,0.5586506038904187,3390,3417,Stanford,UCLA,1875.2135534976353,1831.0311295413612,2,2
2024_3261_3390,0.5351153966653095,3390,3261,Stanford,LSU,1875.2135534976353,1895.2037149888847,2,3
2024_3243_3390,0.6330787976161005,3390,3243,Stanford,Kansas St,1875.2135534976353,1733.6226327573718,2,4
2024_3160_3390,0.6909507755401438,3390,3160,Stanford,Colorado,1875.2135534976353,1740.8455561689786,2,5
2024_3257_3390,0.7382259076704228,3390,3257,Stanford,Louisville,1875.2135534976353,1777.859589035021,2,6
2024_3166_3390,0.7507095298306187,3390,3166,Stanford,Creighton,1875.2135534976353,1818.159394610845,2,7
2024_3390_3452,0.8123097167016824,3390,3452,Stanford,West Virginia,1875.2135534976353,1705.972421133595,2,8
2024_3343_3390,0.8286645159231291,3390,3343,Stanford,Princeton,1875.2135534976353,1851.7261643002205,2,9
2024_3390_3424,0.8229899600635594,3390,3424,Stanford,UNLV,1875.2135534976353,1834.6954708399526,2,10
2024_3292_3390,0.8851843309992058,3390,3292,Stanford,MTSU,1875.2135534976353,1825.9686936108571,2,11
2024_3179_3390,0.9358030649279714,3390,3179,Stanford,Drake,1875.2135534976353,1793.7637493219408,2,12
2024_3339_3390,0.9586437354798578,3390,3339,Stanford,Portland,1875.2135534976353,1660.2154003231187,2,13
2024_3349_3390,0.9756980490684509,3390,3349,Stanford,Rice,1875.2135534976353,1602.7806164848662,2,14
2024_3390_3465,0.967086101770401,3390,3465,Stanford,Cal Baptist,1875.2135534976353,1748.2794249498818,2,15
2024_3221_3390,0.9740351092815399,3390,3221,Stanford,Holy Cross,1875.2135534976353,1555.6375404933337,2,16
2024_3390_3404,0.9716190648078918,3390,3404,Stanford,TN Martin,1875.2135534976353,1460.6304570200384,2,16
2024_3390_3425,0.5231211546194797,3390,3425,Stanford,USC,1875.2135534976353,1838.1292755662923,2,1
2024_3326_3390,0.5353147000074383,3390,3326,Stanford,Ohio St,1875.2135534976353,1849.2050670726867,2,2
2024_3163_3390,0.4906326737868534,3390,3163,Stanford,Connecticut,1875.2135534976353,1921.3336140603578,2,3
2024_3390_3439,0.5978381474390986,3390,3439,Stanford,Virginia Tech,1875.2135534976353,1847.229227065635,2,4
2024_3124_3390,0.7030974123838252,3390,3124,Stanford,Baylor,1875.2135534976353,1761.3275962097346,2,5
2024_3390_3393,0.7456522589792455,3390,3393,Stanford,Syracuse,1875.2135534976353,1730.6665843168998,2,6
2024_3181_3390,0.7705430945889195,3390,3181,Stanford,Duke,1875.2135534976353,1752.688159118207,2,7
2024_3242_3390,0.8065977439882119,3390,3242,Stanford,Kansas,1875.2135534976353,1705.528887123695,2,8
2024_3276_3390,0.8438708827005491,3390,3276,Stanford,Michigan,1875.2135534976353,1680.1913479376847,2,9
2024_3350_3390,0.8738185808549946,3390,3350,Stanford,Richmond,1875.2135534976353,1778.4365011097805,2,10
2024_3112_3390,0.90564526444609,3390,3112,Stanford,Arizona,1875.2135534976353,1663.5246475881788,2,11
2024_3120_3390,0.9064433110349877,3390,3120,Stanford,Auburn,1875.2135534976353,1670.9243359044353,2,11
2024_3162_3390,0.930972495899117,3390,3162,Stanford,Columbia,1875.2135534976353,1784.2973369270142,2,12
2024_3390_3435,0.935469725952065,3390,3435,Stanford,Vanderbilt,1875.2135534976353,1649.7364456557825,2,12
2024_3267_3390,0.9570430825467371,3390,3267,Stanford,Marshall,1875.2135534976353,1711.538083968918,2,13
2024_3238_3390,0.9719030213356018,3390,3238,Stanford,Jackson St,1875.2135534976353,1694.6207667651774,2,14
2024_3263_3390,0.9739171516895294,3390,3263,Stanford,Maine,1875.2135534976353,1644.585593286405,2,15
2024_3390_3394,0.9768044900894165,3390,3394,Stanford,TAM C. Christi,1875.2135534976353,1580.4352854776812,2,16
2024_3211_3301,0.5352625009286152,3301,3211,NC State,Gonzaga,1832.4819635554175,1858.1876334071728,3,4
2024_3301_3428,0.5872855027094843,3301,3428,NC State,Utah,1832.4819635554175,1762.0370348912932,3,5
2024_3301_3397,0.6540733520152873,3301,3397,NC State,Tennessee,1832.4819635554175,1755.5161230419328,3,6
2024_3235_3301,0.7416675692667211,3301,3235,NC State,Iowa St,1832.4819635554175,1747.7944117468137,3,7
2024_3104_3301,0.7402525207535465,3301,3104,NC State,Alabama,1832.4819635554175,1728.2235991545258,3,8
2024_3199_3301,0.7760385171176751,3301,3199,NC State,Florida St,1832.4819635554175,1731.3318438886506,3,9
2024_3268_3301,0.7966845974432096,3301,3268,NC State,Maryland,1832.4819635554175,1738.6415489962658,3,10
2024_3301_3453,0.8498618051897114,3301,3453,NC State,WI Green Bay,1832.4819635554175,1755.8193922713324,3,11
2024_3301_3355,0.8821254206293327,3301,3355,NC State,S Dakota St,1832.4819635554175,1807.0444786381895,3,12
2024_3301_3414,0.9406499358271718,3301,3414,NC State,UC Irvine,1832.4819635554175,1656.3752788526392,3,13
2024_3151_3301,0.9472873221154474,3301,3151,NC State,Chattanooga,1832.4819635554175,1688.4139365134167,3,14
2024_3301_3313,0.961767281293869,3301,3313,NC State,Norfolk St,1832.4819635554175,1676.7668098191193,3,15
2024_3180_3301,0.9719927561283112,3301,3180,NC State,Drexel,1832.4819635554175,1619.9611285709493,3,16
2024_3234_3301,0.3374245184585085,3301,3234,NC State,Iowa,1832.4819635554175,1913.1483914363243,3,1
2024_3301_3417,0.44375892610671575,3301,3417,NC State,UCLA,1832.4819635554175,1831.0311295413612,3,2
2024_3261_3301,0.4325885608792301,3301,3261,NC State,LSU,1832.4819635554175,1895.2037149888847,3,3
2024_3243_3301,0.4971517380940662,3301,3243,NC State,Kansas St,1832.4819635554175,1733.6226327573718,3,4
2024_3160_3301,0.6155223985091212,3301,3160,NC State,Colorado,1832.4819635554175,1740.8455561689786,3,5
2024_3257_3301,0.6559915784957713,3301,3257,NC State,Louisville,1832.4819635554175,1777.859589035021,3,6
2024_3166_3301,0.6631399398912633,3301,3166,NC State,Creighton,1832.4819635554175,1818.159394610845,3,7
2024_3301_3452,0.7250202259556492,3301,3452,NC State,West Virginia,1832.4819635554175,1705.972421133595,3,8
2024_3301_3343,0.7595417097808679,3301,3343,NC State,Princeton,1832.4819635554175,1851.7261643002205,3,9
2024_3301_3424,0.7344410911308393,3301,3424,NC State,UNLV,1832.4819635554175,1834.6954708399526,3,10
2024_3292_3301,0.8078534499298161,3301,3292,NC State,MTSU,1832.4819635554175,1825.9686936108571,3,11
2024_3179_3301,0.8926177156561119,3301,3179,NC State,Drake,1832.4819635554175,1793.7637493219408,3,12
2024_3301_3339,0.9360348971938253,3301,3339,NC State,Portland,1832.4819635554175,1660.2154003231187,3,13
2024_3301_3349,0.958542586397674,3301,3349,NC State,Rice,1832.4819635554175,1602.7806164848662,3,14
2024_3301_3465,0.9615342271327972,3301,3465,NC State,Cal Baptist,1832.4819635554175,1748.2794249498818,3,15
2024_3221_3301,0.9729032170772552,3301,3221,NC State,Holy Cross,1832.4819635554175,1555.6375404933337,3,16
2024_3301_3404,0.9681279909610748,3301,3404,NC State,TN Martin,1832.4819635554175,1460.6304570200384,3,16
2024_3301_3425,0.39998743488635924,3301,3425,NC State,USC,1832.4819635554175,1838.1292755662923,3,1
2024_3301_3326,0.42097394795539433,3301,3326,NC State,Ohio St,1832.4819635554175,1849.2050670726867,3,2
2024_3163_3301,0.41689002364873845,3301,3163,NC State,Connecticut,1832.4819635554175,1921.3336140603578,3,3
2024_3301_3439,0.5033682790267215,3301,3439,NC State,Virginia Tech,1832.4819635554175,1847.229227065635,3,4
2024_3124_3301,0.612421586073971,3301,3124,NC State,Baylor,1832.4819635554175,1761.3275962097346,3,5
2024_3301_3393,0.680932873881132,3301,3393,NC State,Syracuse,1832.4819635554175,1730.6665843168998,3,6
2024_3181_3301,0.6892033821214879,3301,3181,NC State,Duke,1832.4819635554175,1752.688159118207,3,7
2024_3242_3301,0.7432234695688923,3301,3242,NC State,Kansas,1832.4819635554175,1705.528887123695,3,8
2024_3276_3301,0.791879822373565,3301,3276,NC State,Michigan,1832.4819635554175,1680.1913479376847,3,9
2024_3301_3350,0.8114791706310377,3301,3350,NC State,Richmond,1832.4819635554175,1778.4365011097805,3,10
2024_3112_3301,0.8444567963968342,3301,3112,NC State,Arizona,1832.4819635554175,1663.5246475881788,3,11
2024_3120_3301,0.8557217464338368,3301,3120,NC State,Auburn,1832.4819635554175,1670.9243359044353,3,11
2024_3162_3301,0.8887409997575981,3301,3162,NC State,Columbia,1832.4819635554175,1784.2973369270142,3,12
2024_3301_3435,0.9095262420767052,3301,3435,NC State,Vanderbilt,1832.4819635554175,1649.7364456557825,3,12
2024_3267_3301,0.9218374582385183,3301,3267,NC State,Marshall,1832.4819635554175,1711.538083968918,3,13
2024_3238_3301,0.9475030313248896,3301,3238,NC State,Jackson St,1832.4819635554175,1694.6207667651774,3,14
2024_3263_3301,0.9712750267982483,3301,3263,NC State,Maine,1832.4819635554175,1644.585593286405,3,15
2024_3301_3394,0.972077454328537,3301,3394,NC State,TAM C. Christi,1832.4819635554175,1580.4352854776812,3,16
2024_3211_3428,0.5540403184163318,3211,3428,Gonzaga,Utah,1858.1876334071728,1762.0370348912932,4,5
2024_3211_3397,0.6354850073233607,3211,3397,Gonzaga,Tennessee,1858.1876334071728,1755.5161230419328,4,6
2024_3211_3235,0.704775402343542,3211,3235,Gonzaga,Iowa St,1858.1876334071728,1747.7944117468137,4,7
2024_3104_3211,0.7019086634983266,3211,3104,Gonzaga,Alabama,1858.1876334071728,1728.2235991545258,4,8
2024_3199_3211,0.7180463335053165,3211,3199,Gonzaga,Florida St,1858.1876334071728,1731.3318438886506,4,9
2024_3211_3268,0.7681557730438073,3211,3268,Gonzaga,Maryland,1858.1876334071728,1738.6415489962658,4,10
2024_3211_3453,0.8098830178485975,3211,3453,Gonzaga,WI Green Bay,1858.1876334071728,1755.8193922713324,4,11
2024_3211_3355,0.858749841202361,3211,3355,Gonzaga,S Dakota St,1858.1876334071728,1807.0444786381895,4,12
2024_3211_3414,0.9206687939756615,3211,3414,Gonzaga,UC Irvine,1858.1876334071728,1656.3752788526392,4,13
2024_3151_3211,0.9377634020899892,3211,3151,Gonzaga,Chattanooga,1858.1876334071728,1688.4139365134167,4,14
2024_3211_3313,0.9571920047517084,3211,3313,Gonzaga,Norfolk St,1858.1876334071728,1676.7668098191193,4,15
2024_3180_3211,0.9673007380962372,3211,3180,Gonzaga,Drexel,1858.1876334071728,1619.9611285709493,4,16
2024_3211_3234,0.3435566674706625,3211,3234,Gonzaga,Iowa,1858.1876334071728,1913.1483914363243,4,1
2024_3211_3417,0.4509143511876097,3211,3417,Gonzaga,UCLA,1858.1876334071728,1831.0311295413612,4,2
2024_3211_3261,0.41888178767087514,3211,3261,Gonzaga,LSU,1858.1876334071728,1895.2037149888847,4,3
2024_3211_3243,0.5063704013824459,3211,3243,Gonzaga,Kansas St,1858.1876334071728,1733.6226327573718,4,4
2024_3160_3211,0.570120787309383,3211,3160,Gonzaga,Colorado,1858.1876334071728,1740.8455561689786,4,5
2024_3211_3257,0.6154279400483134,3211,3257,Gonzaga,Louisville,1858.1876334071728,1777.859589035021,4,6
2024_3166_3211,0.6619976107242411,3211,3166,Gonzaga,Creighton,1858.1876334071728,1818.159394610845,4,7
2024_3211_3452,0.688769683824941,3211,3452,Gonzaga,West Virginia,1858.1876334071728,1705.972421133595,4,8
2024_3211_3343,0.7338607123629292,3211,3343,Gonzaga,Princeton,1858.1876334071728,1851.7261643002205,4,9
2024_3211_3424,0.7501304045917352,3211,3424,Gonzaga,UNLV,1858.1876334071728,1834.6954708399526,4,10
2024_3211_3292,0.8187130585418806,3211,3292,Gonzaga,MTSU,1858.1876334071728,1825.9686936108571,4,11
2024_3179_3211,0.8738112792860097,3211,3179,Gonzaga,Drake,1858.1876334071728,1793.7637493219408,4,12
2024_3211_3339,0.9084860814207298,3211,3339,Gonzaga,Portland,1858.1876334071728,1660.2154003231187,4,13
2024_3211_3349,0.9362961443518758,3211,3349,Gonzaga,Rice,1858.1876334071728,1602.7806164848662,4,14
2024_3211_3465,0.9571966837163233,3211,3465,Gonzaga,Cal Baptist,1858.1876334071728,1748.2794249498818,4,15
2024_3211_3221,0.9739195954799652,3211,3221,Gonzaga,Holy Cross,1858.1876334071728,1555.6375404933337,4,16
2024_3211_3404,0.969786102771759,3211,3404,Gonzaga,TN Martin,1858.1876334071728,1460.6304570200384,4,16
2024_3211_3425,0.4298542912838148,3211,3425,Gonzaga,USC,1858.1876334071728,1838.1292755662923,4,1
2024_3211_3326,0.3791827763542166,3211,3326,Gonzaga,Ohio St,1858.1876334071728,1849.2050670726867,4,2
2024_3163_3211,0.41741762192370946,3211,3163,Gonzaga,Connecticut,1858.1876334071728,1921.3336140603578,4,3
2024_3211_3439,0.45175779461860616,3211,3439,Gonzaga,Virginia Tech,1858.1876334071728,1847.229227065635,4,4
2024_3124_3211,0.5953712668883548,3211,3124,Gonzaga,Baylor,1858.1876334071728,1761.3275962097346,4,5
2024_3211_3393,0.6113778640404703,3211,3393,Gonzaga,Syracuse,1858.1876334071728,1730.6665843168998,4,6
2024_3181_3211,0.6612279508474177,3211,3181,Gonzaga,Duke,1858.1876334071728,1752.688159118207,4,7
2024_3211_3242,0.718301937567159,3211,3242,Gonzaga,Kansas,1858.1876334071728,1705.528887123695,4,8
2024_3211_3276,0.7617858758703907,3211,3276,Gonzaga,Michigan,1858.1876334071728,1680.1913479376847,4,9
2024_3211_3350,0.7949383304120858,3211,3350,Gonzaga,Richmond,1858.1876334071728,1778.4365011097805,4,10
2024_3112_3211,0.8163668409095869,3211,3112,Gonzaga,Arizona,1858.1876334071728,1663.5246475881788,4,11
2024_3120_3211,0.8369005069242582,3211,3120,Gonzaga,Auburn,1858.1876334071728,1670.9243359044353,4,11
2024_3162_3211,0.8512986496578282,3211,3162,Gonzaga,Columbia,1858.1876334071728,1784.2973369270142,4,12
2024_3211_3435,0.8613814160715169,3211,3435,Gonzaga,Vanderbilt,1858.1876334071728,1649.7364456557825,4,12
2024_3211_3267,0.9107486439340813,3211,3267,Gonzaga,Marshall,1858.1876334071728,1711.538083968918,4,13
2024_3211_3238,0.9386498721694112,3211,3238,Gonzaga,Jackson St,1858.1876334071728,1694.6207667651774,4,14
2024_3211_3263,0.9550195644612574,3211,3263,Gonzaga,Maine,1858.1876334071728,1644.585593286405,4,15
2024_3211_3394,0.9760493290424347,3211,3394,Gonzaga,TAM C. Christi,1858.1876334071728,1580.4352854776812,4,16
2024_3397_3428,0.5575149413811908,3428,3397,Utah,Tennessee,1762.0370348912932,1755.5161230419328,5,6
2024_3235_3428,0.671365632571316,3428,3235,Utah,Iowa St,1762.0370348912932,1747.7944117468137,5,7
2024_3104_3428,0.6550059709909266,3428,3104,Utah,Alabama,1762.0370348912932,1728.2235991545258,5,8
2024_3199_3428,0.6995589440931523,3428,3199,Utah,Florida St,1762.0370348912932,1731.3318438886506,5,9
2024_3268_3428,0.7154825589195927,3428,3268,Utah,Maryland,1762.0370348912932,1738.6415489962658,5,10
2024_3428_3453,0.7917473808528741,3428,3453,Utah,WI Green Bay,1762.0370348912932,1755.8193922713324,5,11
2024_3355_3428,0.7900766328083143,3428,3355,Utah,S Dakota St,1762.0370348912932,1807.0444786381895,5,12
2024_3414_3428,0.8862993464361256,3428,3414,Utah,UC Irvine,1762.0370348912932,1656.3752788526392,5,13
2024_3151_3428,0.9171433878534538,3428,3151,Utah,Chattanooga,1762.0370348912932,1688.4139365134167,5,14
2024_3313_3428,0.9268680008505941,3428,3313,Utah,Norfolk St,1762.0370348912932,1676.7668098191193,5,15
2024_3180_3428,0.9592013369317316,3428,3180,Utah,Drexel,1762.0370348912932,1619.9611285709493,5,16
2024_3234_3428,0.2774330341945439,3428,3234,Utah,Iowa,1762.0370348912932,1913.1483914363243,5,1
2024_3417_3428,0.3720382775900053,3428,3417,Utah,UCLA,1762.0370348912932,1831.0311295413612,5,2
2024_3261_3428,0.348383305512332,3428,3261,Utah,LSU,1762.0370348912932,1895.2037149888847,5,3
2024_3243_3428,0.4578032407295948,3428,3243,Utah,Kansas St,1762.0370348912932,1733.6226327573718,5,4
2024_3160_3428,0.5540782570838925,3428,3160,Utah,Colorado,1762.0370348912932,1740.8455561689786,5,5
2024_3257_3428,0.581267317818378,3428,3257,Utah,Louisville,1762.0370348912932,1777.859589035021,5,6
2024_3166_3428,0.616106911458111,3428,3166,Utah,Creighton,1762.0370348912932,1818.159394610845,5,7
2024_3428_3452,0.642114901936323,3428,3452,Utah,West Virginia,1762.0370348912932,1705.972421133595,5,8
2024_3343_3428,0.6623692220319951,3428,3343,Utah,Princeton,1762.0370348912932,1851.7261643002205,5,9
2024_3424_3428,0.6735648623244007,3428,3424,Utah,UNLV,1762.0370348912932,1834.6954708399526,5,10
2024_3292_3428,0.7356668457986673,3428,3292,Utah,MTSU,1762.0370348912932,1825.9686936108571,5,11
2024_3179_3428,0.8372489258752928,3428,3179,Utah,Drake,1762.0370348912932,1793.7637493219408,5,12
2024_3339_3428,0.8807115898023671,3428,3339,Utah,Portland,1762.0370348912932,1660.2154003231187,5,13
2024_3349_3428,0.9202285838716728,3428,3349,Utah,Rice,1762.0370348912932,1602.7806164848662,5,14
2024_3428_3465,0.9334788712119222,3428,3465,Utah,Cal Baptist,1762.0370348912932,1748.2794249498818,5,15
2024_3221_3428,0.9625073085541986,3428,3221,Utah,Holy Cross,1762.0370348912932,1555.6375404933337,5,16
2024_3404_3428,0.9604062150235437,3428,3404,Utah,TN Martin,1762.0370348912932,1460.6304570200384,5,16
2024_3425_3428,0.33536668510539824,3428,3425,Utah,USC,1762.0370348912932,1838.1292755662923,5,1
2024_3326_3428,0.3524065416094946,3428,3326,Utah,Ohio St,1762.0370348912932,1849.2050670726867,5,2
2024_3163_3428,0.3324114027544489,3428,3163,Utah,Connecticut,1762.0370348912932,1921.3336140603578,5,3
2024_3428_3439,0.44486354918601567,3428,3439,Utah,Virginia Tech,1762.0370348912932,1847.229227065635,5,4
2024_3124_3428,0.5458182156085964,3428,3124,Utah,Baylor,1762.0370348912932,1761.3275962097346,5,5
2024_3393_3428,0.5955960658061252,3428,3393,Utah,Syracuse,1762.0370348912932,1730.6665843168998,5,6
2024_3181_3428,0.6156849105731013,3428,3181,Utah,Duke,1762.0370348912932,1752.688159118207,5,7
2024_3242_3428,0.6738450918557948,3428,3242,Utah,Kansas,1762.0370348912932,1705.528887123695,5,8
2024_3276_3428,0.7203733926881993,3428,3276,Utah,Michigan,1762.0370348912932,1680.1913479376847,5,9
2024_3350_3428,0.7519161960617741,3428,3350,Utah,Richmond,1762.0370348912932,1778.4365011097805,5,10
2024_3112_3428,0.7809075013400872,3428,3112,Utah,Arizona,1762.0370348912932,1663.5246475881788,5,11
2024_3120_3428,0.7854894593955835,3428,3120,Utah,Auburn,1762.0370348912932,1670.9243359044353,5,11
2024_3162_3428,0.8364760324464903,3428,3162,Utah,Columbia,1762.0370348912932,1784.2973369270142,5,12
2024_3428_3435,0.8147674694763288,3428,3435,Utah,Vanderbilt,1762.0370348912932,1649.7364456557825,5,12
2024_3267_3428,0.8483162269483632,3428,3267,Utah,Marshall,1762.0370348912932,1711.538083968918,5,13
2024_3238_3428,0.9106384945505364,3428,3238,Utah,Jackson St,1762.0370348912932,1694.6207667651774,5,14
2024_3263_3428,0.9402557405089498,3428,3263,Utah,Maine,1762.0370348912932,1644.585593286405,5,15
2024_3394_3428,0.9615548263306879,3428,3394,Utah,TAM C. Christi,1762.0370348912932,1580.4352854776812,5,16
2024_3235_3397,0.5652856883275257,3397,3235,Tennessee,Iowa St,1755.5161230419328,1747.7944117468137,6,7
2024_3104_3397,0.5914279361144068,3397,3104,Tennessee,Alabama,1755.5161230419328,1728.2235991545258,6,8
2024_3199_3397,0.6707154605748957,3397,3199,Tennessee,Florida St,1755.5161230419328,1731.3318438886506,6,9
2024_3268_3397,0.6507743900884831,3397,3268,Tennessee,Maryland,1755.5161230419328,1738.6415489962658,6,10
2024_3397_3453,0.7259529045359333,3397,3453,Tennessee,WI Green Bay,1755.5161230419328,1755.8193922713324,6,11
2024_3355_3397,0.7008325204850991,3397,3355,Tennessee,S Dakota St,1755.5161230419328,1807.0444786381895,6,12
2024_3397_3414,0.8258130297170744,3397,3414,Tennessee,UC Irvine,1755.5161230419328,1656.3752788526392,6,13
2024_3151_3397,0.8614656076322621,3397,3151,Tennessee,Chattanooga,1755.5161230419328,1688.4139365134167,6,14
2024_3313_3397,0.8865968716734154,3397,3313,Tennessee,Norfolk St,1755.5161230419328,1676.7668098191193,6,15
2024_3180_3397,0.9356877597426534,3397,3180,Tennessee,Drexel,1755.5161230419328,1619.9611285709493,6,16
2024_3234_3397,0.22288252501328318,3397,3234,Tennessee,Iowa,1755.5161230419328,1913.1483914363243,6,1
2024_3397_3417,0.2979738602171689,3397,3417,Tennessee,UCLA,1755.5161230419328,1831.0311295413612,6,2
2024_3261_3397,0.2888754483101057,3397,3261,Tennessee,LSU,1755.5161230419328,1895.2037149888847,6,3
2024_3243_3397,0.3850973452552786,3397,3243,Tennessee,Kansas St,1755.5161230419328,1733.6226327573718,6,4
2024_3160_3397,0.4747164908182865,3397,3160,Tennessee,Colorado,1755.5161230419328,1740.8455561689786,6,5
2024_3257_3397,0.5301396161317822,3397,3257,Tennessee,Louisville,1755.5161230419328,1777.859589035021,6,6
2024_3166_3397,0.5371038672196613,3397,3166,Tennessee,Creighton,1755.5161230419328,1818.159394610845,6,7
2024_3397_3452,0.5763258625641825,3397,3452,Tennessee,West Virginia,1755.5161230419328,1705.972421133595,6,8
2024_3343_3397,0.5679478142621821,3397,3343,Tennessee,Princeton,1755.5161230419328,1851.7261643002205,6,9
2024_3397_3424,0.6205106681455815,3397,3424,Tennessee,UNLV,1755.5161230419328,1834.6954708399526,6,10
2024_3292_3397,0.6557859888807972,3397,3292,Tennessee,MTSU,1755.5161230419328,1825.9686936108571,6,11
2024_3179_3397,0.7647355542184671,3397,3179,Tennessee,Drake,1755.5161230419328,1793.7637493219408,6,12
2024_3339_3397,0.8387830004201994,3397,3339,Tennessee,Portland,1755.5161230419328,1660.2154003231187,6,13
2024_3349_3397,0.8845888421426839,3397,3349,Tennessee,Rice,1755.5161230419328,1602.7806164848662,6,14
2024_3397_3465,0.890604717790435,3397,3465,Tennessee,Cal Baptist,1755.5161230419328,1748.2794249498818,6,15
2024_3221_3397,0.9394944401835561,3397,3221,Tennessee,Holy Cross,1755.5161230419328,1555.6375404933337,6,16
2024_3397_3404,0.936618396863854,3397,3404,Tennessee,TN Martin,1755.5161230419328,1460.6304570200384,6,16
2024_3397_3425,0.24937130598862497,3397,3425,Tennessee,USC,1755.5161230419328,1838.1292755662923,6,1
2024_3326_3397,0.28745307417018706,3397,3326,Tennessee,Ohio St,1755.5161230419328,1849.2050670726867,6,2
2024_3163_3397,0.28275196140381564,3397,3163,Tennessee,Connecticut,1755.5161230419328,1921.3336140603578,6,3
2024_3397_3439,0.3725578169449797,3397,3439,Tennessee,Virginia Tech,1755.5161230419328,1847.229227065635,6,4
2024_3124_3397,0.490515178753162,3397,3124,Tennessee,Baylor,1755.5161230419328,1761.3275962097346,6,5
2024_3393_3397,0.51442097723484,3397,3393,Tennessee,Syracuse,1755.5161230419328,1730.6665843168998,6,6
2024_3181_3397,0.5089559611546741,3397,3181,Tennessee,Duke,1755.5161230419328,1752.688159118207,6,7
2024_3242_3397,0.5830390442982676,3397,3242,Tennessee,Kansas,1755.5161230419328,1705.528887123695,6,8
2024_3276_3397,0.6729291323783702,3397,3276,Tennessee,Michigan,1755.5161230419328,1680.1913479376847,6,9
2024_3350_3397,0.6883910006155217,3397,3350,Tennessee,Richmond,1755.5161230419328,1778.4365011097805,6,10
2024_3112_3397,0.7042452803389271,3397,3112,Tennessee,Arizona,1755.5161230419328,1663.5246475881788,6,11
2024_3120_3397,0.7252432367340763,3397,3120,Tennessee,Auburn,1755.5161230419328,1670.9243359044353,6,11
2024_3162_3397,0.7621289238931497,3397,3162,Tennessee,Columbia,1755.5161230419328,1784.2973369270142,6,12
2024_3397_3435,0.7774860755206903,3397,3435,Tennessee,Vanderbilt,1755.5161230419328,1649.7364456557825,6,12
2024_3267_3397,0.7571704283462629,3397,3267,Tennessee,Marshall,1755.5161230419328,1711.538083968918,6,13
2024_3238_3397,0.8323558912168568,3397,3238,Tennessee,Jackson St,1755.5161230419328,1694.6207667651774,6,14
2024_3263_3397,0.9049893451326592,3397,3263,Tennessee,Maine,1755.5161230419328,1644.585593286405,6,15
2024_3394_3397,0.9396938475226522,3397,3394,Tennessee,TAM C. Christi,1755.5161230419328,1580.4352854776812,6,16
2024_3104_3235,0.514309516237949,3235,3104,Iowa St,Alabama,1747.7944117468137,1728.2235991545258,7,8
2024_3199_3235,0.6136687089577677,3235,3199,Iowa St,Florida St,1747.7944117468137,1731.3318438886506,7,9
2024_3235_3268,0.5809760634067362,3235,3268,Iowa St,Maryland,1747.7944117468137,1738.6415489962658,7,10
2024_3235_3453,0.6672102516760076,3235,3453,Iowa St,WI Green Bay,1747.7944117468137,1755.8193922713324,7,11
2024_3235_3355,0.6432202270762165,3235,3355,Iowa St,S Dakota St,1747.7944117468137,1807.0444786381895,7,12
2024_3235_3414,0.8005150005819162,3235,3414,Iowa St,UC Irvine,1747.7944117468137,1656.3752788526392,7,13
2024_3151_3235,0.8110285446153745,3235,3151,Iowa St,Chattanooga,1747.7944117468137,1688.4139365134167,7,14
2024_3235_3313,0.8269436404596394,3235,3313,Iowa St,Norfolk St,1747.7944117468137,1676.7668098191193,7,15
2024_3180_3235,0.9082831276052696,3235,3180,Iowa St,Drexel,1747.7944117468137,1619.9611285709493,7,16
2024_3234_3235,0.1905283405779038,3235,3234,Iowa St,Iowa,1747.7944117468137,1913.1483914363243,7,1
2024_3235_3417,0.26152128069241376,3235,3417,Iowa St,UCLA,1747.7944117468137,1831.0311295413612,7,2
2024_3235_3261,0.25222535820110137,3235,3261,Iowa St,LSU,1747.7944117468137,1895.2037149888847,7,3
2024_3235_3243,0.3041850317058252,3235,3243,Iowa St,Kansas St,1747.7944117468137,1733.6226327573718,7,4
2024_3160_3235,0.3609705696925154,3235,3160,Iowa St,Colorado,1747.7944117468137,1740.8455561689786,7,5
2024_3235_3257,0.42437104762914235,3235,3257,Iowa St,Louisville,1747.7944117468137,1777.859589035021,7,6
2024_3166_3235,0.4547059670090671,3235,3166,Iowa St,Creighton,1747.7944117468137,1818.159394610845,7,7
2024_3235_3452,0.5013998654353367,3235,3452,Iowa St,West Virginia,1747.7944117468137,1705.972421133595,7,8
2024_3235_3343,0.5416205887571337,3235,3343,Iowa St,Princeton,1747.7944117468137,1851.7261643002205,7,9
2024_3235_3424,0.5578969139817065,3235,3424,Iowa St,UNLV,1747.7944117468137,1834.6954708399526,7,10
2024_3235_3292,0.6192548429836476,3235,3292,Iowa St,MTSU,1747.7944117468137,1825.9686936108571,7,11
2024_3179_3235,0.7079886308447559,3235,3179,Iowa St,Drake,1747.7944117468137,1793.7637493219408,7,12
2024_3235_3339,0.7770799741746743,3235,3339,Iowa St,Portland,1747.7944117468137,1660.2154003231187,7,13
2024_3235_3349,0.8358035132394895,3235,3349,Iowa St,Rice,1747.7944117468137,1602.7806164848662,7,14
2024_3235_3465,0.8493125632892674,3235,3465,Iowa St,Cal Baptist,1747.7944117468137,1748.2794249498818,7,15
2024_3221_3235,0.9122516644590599,3235,3221,Iowa St,Holy Cross,1747.7944117468137,1555.6375404933337,7,16
2024_3235_3404,0.9060397577875359,3235,3404,Iowa St,TN Martin,1747.7944117468137,1460.6304570200384,7,16
2024_3235_3425,0.20941163593513112,3235,3425,Iowa St,USC,1747.7944117468137,1838.1292755662923,7,1
2024_3235_3326,0.23539147986610262,3235,3326,Iowa St,Ohio St,1747.7944117468137,1849.2050670726867,7,2
2024_3163_3235,0.24512735397918514,3235,3163,Iowa St,Connecticut,1747.7944117468137,1921.3336140603578,7,3
2024_3235_3439,0.29964071398350467,3235,3439,Iowa St,Virginia Tech,1747.7944117468137,1847.229227065635,7,4
2024_3124_3235,0.38806669219579604,3235,3124,Iowa St,Baylor,1747.7944117468137,1761.3275962097346,7,5
2024_3235_3393,0.4518127802145725,3235,3393,Iowa St,Syracuse,1747.7944117468137,1730.6665843168998,7,6
2024_3181_3235,0.46126301437616307,3235,3181,Iowa St,Duke,1747.7944117468137,1752.688159118207,7,7
2024_3235_3242,0.5275940802561985,3235,3242,Iowa St,Kansas,1747.7944117468137,1705.528887123695,7,8
2024_3235_3276,0.5606305141821863,3235,3276,Iowa St,Michigan,1747.7944117468137,1680.1913479376847,7,9
2024_3235_3350,0.6234243307473963,3235,3350,Iowa St,Richmond,1747.7944117468137,1778.4365011097805,7,10
2024_3112_3235,0.6319953656067098,3235,3112,Iowa St,Arizona,1747.7944117468137,1663.5246475881788,7,11
2024_3120_3235,0.6437005406488622,3235,3120,Iowa St,Auburn,1747.7944117468137,1670.9243359044353,7,11
2024_3162_3235,0.7059202304617603,3235,3162,Iowa St,Columbia,1747.7944117468137,1784.2973369270142,7,12
2024_3235_3435,0.7221874705092152,3235,3435,Iowa St,Vanderbilt,1747.7944117468137,1649.7364456557825,7,12
2024_3235_3267,0.711111863017257,3235,3267,Iowa St,Marshall,1747.7944117468137,1711.538083968918,7,13
2024_3235_3238,0.7933248624311552,3235,3238,Iowa St,Jackson St,1747.7944117468137,1694.6207667651774,7,14
2024_3235_3263,0.8676631793867177,3235,3263,Iowa St,Maine,1747.7944117468137,1644.585593286405,7,15
2024_3235_3394,0.9139748645418388,3235,3394,Iowa St,TAM C. Christi,1747.7944117468137,1580.4352854776812,7,16
2024_3104_3199,0.5272088405358539,3104,3199,Alabama,Florida St,1728.2235991545258,1731.3318438886506,8,9
2024_3104_3268,0.5671236206665995,3104,3268,Alabama,Maryland,1728.2235991545258,1738.6415489962658,8,10
2024_3104_3453,0.6594044957521266,3104,3453,Alabama,WI Green Bay,1728.2235991545258,1755.8193922713324,8,11
2024_3104_3355,0.6419264381994451,3104,3355,Alabama,S Dakota St,1728.2235991545258,1807.0444786381895,8,12
2024_3104_3414,0.7761045357720097,3104,3414,Alabama,UC Irvine,1728.2235991545258,1656.3752788526392,8,13
2024_3104_3151,0.8023252532483895,3104,3151,Alabama,Chattanooga,1728.2235991545258,1688.4139365134167,8,14
2024_3104_3313,0.8187571510778532,3104,3313,Alabama,Norfolk St,1728.2235991545258,1676.7668098191193,8,15
2024_3104_3180,0.8715848669897145,3104,3180,Alabama,Drexel,1728.2235991545258,1619.9611285709493,8,16
2024_3104_3234,0.15802035852207022,3104,3234,Alabama,Iowa,1728.2235991545258,1913.1483914363243,8,1
2024_3104_3417,0.22906415903550725,3104,3417,Alabama,UCLA,1728.2235991545258,1831.0311295413612,8,2
2024_3104_3261,0.21354683576662867,3104,3261,Alabama,LSU,1728.2235991545258,1895.2037149888847,8,3
2024_3104_3243,0.30657868476016814,3104,3243,Alabama,Kansas St,1728.2235991545258,1733.6226327573718,8,4
2024_3104_3160,0.3626582126853155,3104,3160,Alabama,Colorado,1728.2235991545258,1740.8455561689786,8,5
2024_3104_3257,0.3982792924269667,3104,3257,Alabama,Louisville,1728.2235991545258,1777.859589035021,8,6
2024_3104_3166,0.4438398692143207,3104,3166,Alabama,Creighton,1728.2235991545258,1818.159394610845,8,7
2024_3104_3452,0.46629966646432836,3104,3452,Alabama,West Virginia,1728.2235991545258,1705.972421133595,8,8
2024_3104_3343,0.49339631019708974,3104,3343,Alabama,Princeton,1728.2235991545258,1851.7261643002205,8,9
2024_3104_3424,0.550909831084347,3104,3424,Alabama,UNLV,1728.2235991545258,1834.6954708399526,8,10
2024_3104_3292,0.5968169067266291,3104,3292,Alabama,MTSU,1728.2235991545258,1825.9686936108571,8,11
2024_3104_3179,0.7136556213964665,3104,3179,Alabama,Drake,1728.2235991545258,1793.7637493219408,8,12
2024_3104_3339,0.77556308717887,3104,3339,Alabama,Portland,1728.2235991545258,1660.2154003231187,8,13
2024_3104_3349,0.8076512858869394,3104,3349,Alabama,Rice,1728.2235991545258,1602.7806164848662,8,14
2024_3104_3465,0.832204703997241,3104,3465,Alabama,Cal Baptist,1728.2235991545258,1748.2794249498818,8,15
2024_3104_3221,0.8880847141634053,3104,3221,Alabama,Holy Cross,1728.2235991545258,1555.6375404933337,8,16
2024_3104_3404,0.8794855222593373,3104,3404,Alabama,TN Martin,1728.2235991545258,1460.6304570200384,8,16
2024_3104_3425,0.19700578599108534,3104,3425,Alabama,USC,1728.2235991545258,1838.1292755662923,8,1
2024_3104_3326,0.2199308201072846,3104,3326,Alabama,Ohio St,1728.2235991545258,1849.2050670726867,8,2
2024_3104_3163,0.21699803783138125,3104,3163,Alabama,Connecticut,1728.2235991545258,1921.3336140603578,8,3
2024_3104_3439,0.284853886974886,3104,3439,Alabama,Virginia Tech,1728.2235991545258,1847.229227065635,8,4
2024_3104_3124,0.38846673330041637,3104,3124,Alabama,Baylor,1728.2235991545258,1761.3275962097346,8,5
2024_3104_3393,0.3928769956454268,3104,3393,Alabama,Syracuse,1728.2235991545258,1730.6665843168998,8,6
2024_3104_3181,0.4076944801342731,3104,3181,Alabama,Duke,1728.2235991545258,1752.688159118207,8,7
2024_3104_3242,0.5082852452993389,3104,3242,Alabama,Kansas,1728.2235991545258,1705.528887123695,8,8
2024_3104_3276,0.5528062936532245,3104,3276,Alabama,Michigan,1728.2235991545258,1680.1913479376847,8,9
2024_3104_3350,0.5704788853302958,3104,3350,Alabama,Richmond,1728.2235991545258,1778.4365011097805,8,10
2024_3104_3112,0.6365005020263499,3104,3112,Alabama,Arizona,1728.2235991545258,1663.5246475881788,8,11
2024_3104_3120,0.6591690127017802,3104,3120,Alabama,Auburn,1728.2235991545258,1670.9243359044353,8,11
2024_3104_3162,0.6962718522419179,3104,3162,Alabama,Columbia,1728.2235991545258,1784.2973369270142,8,12
2024_3104_3435,0.6949934369196141,3104,3435,Alabama,Vanderbilt,1728.2235991545258,1649.7364456557825,8,12
2024_3104_3267,0.7405550739304264,3104,3267,Alabama,Marshall,1728.2235991545258,1711.538083968918,8,13
2024_3104_3238,0.7880536512138208,3104,3238,Alabama,Jackson St,1728.2235991545258,1694.6207667651774,8,14
2024_3104_3263,0.8432202383981809,3104,3263,Alabama,Maine,1728.2235991545258,1644.585593286405,8,15
2024_3104_3394,0.8876252815614766,3104,3394,Alabama,TAM C. Christi,1728.2235991545258,1580.4352854776812,8,16
2024_3199_3268,0.5105259474980579,3199,3268,Florida St,Maryland,1731.3318438886506,1738.6415489962658,9,10
2024_3199_3453,0.600404961861706,3199,3453,Florida St,WI Green Bay,1731.3318438886506,1755.8193922713324,9,11
2024_3199_3355,0.6136557255151576,3199,3355,Florida St,S Dakota St,1731.3318438886506,1807.0444786381895,9,12
2024_3199_3414,0.7262722408642018,3199,3414,Florida St,UC Irvine,1731.3318438886506,1656.3752788526392,9,13
2024_3151_3199,0.7588089218870838,3199,3151,Florida St,Chattanooga,1731.3318438886506,1688.4139365134167,9,14
2024_3199_3313,0.7779566094877084,3199,3313,Florida St,Norfolk St,1731.3318438886506,1676.7668098191193,9,15
2024_3180_3199,0.8197349205719099,3199,3180,Florida St,Drexel,1731.3318438886506,1619.9611285709493,9,16
2024_3199_3234,0.13452510903372064,3199,3234,Florida St,Iowa,1731.3318438886506,1913.1483914363243,9,1
2024_3199_3417,0.18228447436226683,3199,3417,Florida St,UCLA,1731.3318438886506,1831.0311295413612,9,2
2024_3199_3261,0.1923344246445332,3199,3261,Florida St,LSU,1731.3318438886506,1895.2037149888847,9,3
2024_3199_3243,0.27117677121003003,3199,3243,Florida St,Kansas St,1731.3318438886506,1733.6226327573718,9,4
2024_3160_3199,0.29343895257814223,3199,3160,Florida St,Colorado,1731.3318438886506,1740.8455561689786,9,5
2024_3199_3257,0.3589847486254858,3199,3257,Florida St,Louisville,1731.3318438886506,1777.859589035021,9,6
2024_3166_3199,0.36078495337810423,3199,3166,Florida St,Creighton,1731.3318438886506,1818.159394610845,9,7
2024_3199_3452,0.4356932032239681,3199,3452,Florida St,West Virginia,1731.3318438886506,1705.972421133595,9,8
2024_3199_3343,0.4600234016776081,3199,3343,Florida St,Princeton,1731.3318438886506,1851.7261643002205,9,9
2024_3199_3424,0.47702430753586156,3199,3424,Florida St,UNLV,1731.3318438886506,1834.6954708399526,9,10
2024_3199_3292,0.564451797761059,3199,3292,Florida St,MTSU,1731.3318438886506,1825.9686936108571,9,11
2024_3179_3199,0.6484307591083354,3199,3179,Florida St,Drake,1731.3318438886506,1793.7637493219408,9,12
2024_3199_3339,0.718849406229421,3199,3339,Florida St,Portland,1731.3318438886506,1660.2154003231187,9,13
2024_3199_3349,0.7528686037794788,3199,3349,Florida St,Rice,1731.3318438886506,1602.7806164848662,9,14
2024_3199_3465,0.7738463774921258,3199,3465,Florida St,Cal Baptist,1731.3318438886506,1748.2794249498818,9,15
2024_3199_3221,0.8443503424631223,3199,3221,Florida St,Holy Cross,1731.3318438886506,1555.6375404933337,9,16
2024_3199_3404,0.8331643089758024,3199,3404,Florida St,TN Martin,1731.3318438886506,1460.6304570200384,9,16
2024_3199_3425,0.15155285219444528,3199,3425,Florida St,USC,1731.3318438886506,1838.1292755662923,9,1
2024_3199_3326,0.18849689512385207,3199,3326,Florida St,Ohio St,1731.3318438886506,1849.2050670726867,9,2
2024_3163_3199,0.2039175666270886,3199,3163,Florida St,Connecticut,1731.3318438886506,1921.3336140603578,9,3
2024_3199_3439,0.25902251242239804,3199,3439,Florida St,Virginia Tech,1731.3318438886506,1847.229227065635,9,4
2024_3124_3199,0.3354784885178357,3199,3124,Florida St,Baylor,1731.3318438886506,1761.3275962097346,9,5
2024_3199_3393,0.33822515865537395,3199,3393,Florida St,Syracuse,1731.3318438886506,1730.6665843168998,9,6
2024_3181_3199,0.3818697537406912,3199,3181,Florida St,Duke,1731.3318438886506,1752.688159118207,9,7
2024_3199_3242,0.4307675349843746,3199,3242,Florida St,Kansas,1731.3318438886506,1705.528887123695,9,8
2024_3199_3276,0.48795600831508595,3199,3276,Florida St,Michigan,1731.3318438886506,1680.1913479376847,9,9
2024_3199_3350,0.5475203749406086,3199,3350,Florida St,Richmond,1731.3318438886506,1778.4365011097805,9,10
2024_3112_3199,0.552596448816395,3199,3112,Florida St,Arizona,1731.3318438886506,1663.5246475881788,9,11
2024_3120_3199,0.5690525610819819,3199,3120,Florida St,Auburn,1731.3318438886506,1670.9243359044353,9,11
2024_3162_3199,0.6515892986419505,3199,3162,Florida St,Columbia,1731.3318438886506,1784.2973369270142,9,12
2024_3199_3435,0.6384603176477259,3199,3435,Florida St,Vanderbilt,1731.3318438886506,1649.7364456557825,9,12
2024_3199_3267,0.6654243773092473,3199,3267,Florida St,Marshall,1731.3318438886506,1711.538083968918,9,13
2024_3199_3238,0.7229985109106739,3199,3238,Florida St,Jackson St,1731.3318438886506,1694.6207667651774,9,14
2024_3199_3263,0.8059590206147988,3199,3263,Florida St,Maine,1731.3318438886506,1644.585593286405,9,15
2024_3199_3394,0.844216410826312,3199,3394,Florida St,TAM C. Christi,1731.3318438886506,1580.4352854776812,9,16
2024_3268_3453,0.5740845855939136,3268,3453,Maryland,WI Green Bay,1738.6415489962658,1755.8193922713324,10,11
2024_3268_3355,0.5458766211644175,3268,3355,Maryland,S Dakota St,1738.6415489962658,1807.0444786381895,10,12
2024_3268_3414,0.6804433260324305,3268,3414,Maryland,UC Irvine,1738.6415489962658,1656.3752788526392,10,13
2024_3151_3268,0.7291855072845662,3268,3151,Maryland,Chattanooga,1738.6415489962658,1688.4139365134167,10,14
2024_3268_3313,0.7384308239952763,3268,3313,Maryland,Norfolk St,1738.6415489962658,1676.7668098191193,10,15
2024_3180_3268,0.7993927643300851,3268,3180,Maryland,Drexel,1738.6415489962658,1619.9611285709493,10,16
2024_3234_3268,0.09461283744936133,3268,3234,Maryland,Iowa,1738.6415489962658,1913.1483914363243,10,1
2024_3268_3417,0.15414602677120462,3268,3417,Maryland,UCLA,1738.6415489962658,1831.0311295413612,10,2
2024_3261_3268,0.1517208237095006,3268,3261,Maryland,LSU,1738.6415489962658,1895.2037149888847,10,3
2024_3243_3268,0.24338797473889928,3268,3243,Maryland,Kansas St,1738.6415489962658,1733.6226327573718,10,4
2024_3160_3268,0.2821300113065991,3268,3160,Maryland,Colorado,1738.6415489962658,1740.8455561689786,10,5
2024_3257_3268,0.3515616321693211,3268,3257,Maryland,Louisville,1738.6415489962658,1777.859589035021,10,6
2024_3166_3268,0.3895645912525343,3268,3166,Maryland,Creighton,1738.6415489962658,1818.159394610845,10,7
2024_3268_3452,0.38477435513582137,3268,3452,Maryland,West Virginia,1738.6415489962658,1705.972421133595,10,8
2024_3268_3343,0.4286589014661556,3268,3343,Maryland,Princeton,1738.6415489962658,1851.7261643002205,10,9
2024_3268_3424,0.4604230433702465,3268,3424,Maryland,UNLV,1738.6415489962658,1834.6954708399526,10,10
2024_3268_3292,0.5038636159765468,3268,3292,Maryland,MTSU,1738.6415489962658,1825.9686936108571,10,11
2024_3179_3268,0.6120939691439631,3268,3179,Maryland,Drake,1738.6415489962658,1793.7637493219408,10,12
2024_3268_3339,0.692259663737089,3268,3339,Maryland,Portland,1738.6415489962658,1660.2154003231187,10,13
2024_3268_3349,0.740612209426328,3268,3349,Maryland,Rice,1738.6415489962658,1602.7806164848662,10,14
2024_3268_3465,0.7419228962198933,3268,3465,Maryland,Cal Baptist,1738.6415489962658,1748.2794249498818,10,15
2024_3221_3268,0.8148004755975564,3268,3221,Maryland,Holy Cross,1738.6415489962658,1555.6375404933337,10,16
2024_3268_3404,0.8232999191285928,3268,3404,Maryland,TN Martin,1738.6415489962658,1460.6304570200384,10,16
2024_3268_3425,0.11322308951680804,3268,3425,Maryland,USC,1738.6415489962658,1838.1292755662923,10,1
2024_3268_3326,0.15840820963277116,3268,3326,Maryland,Ohio St,1738.6415489962658,1849.2050670726867,10,2
2024_3163_3268,0.15872683002485113,3268,3163,Maryland,Connecticut,1738.6415489962658,1921.3336140603578,10,3
2024_3268_3439,0.23203337186557393,3268,3439,Maryland,Virginia Tech,1738.6415489962658,1847.229227065635,10,4
2024_3124_3268,0.33602057485421033,3268,3124,Maryland,Baylor,1738.6415489962658,1761.3275962097346,10,5
2024_3268_3393,0.3279660457502156,3268,3393,Maryland,Syracuse,1738.6415489962658,1730.6665843168998,10,6
2024_3181_3268,0.3868511792061018,3268,3181,Maryland,Duke,1738.6415489962658,1752.688159118207,10,7
2024_3242_3268,0.40833328469839003,3268,3242,Maryland,Kansas,1738.6415489962658,1705.528887123695,10,8
2024_3268_3276,0.49069038660647923,3268,3276,Maryland,Michigan,1738.6415489962658,1680.1913479376847,10,9
2024_3268_3350,0.5297105818986889,3268,3350,Maryland,Richmond,1738.6415489962658,1778.4365011097805,10,10
2024_3112_3268,0.5410095211732135,3268,3112,Maryland,Arizona,1738.6415489962658,1663.5246475881788,10,11
2024_3120_3268,0.5623874422776447,3268,3120,Maryland,Auburn,1738.6415489962658,1670.9243359044353,10,11
2024_3162_3268,0.6083781559840205,3268,3162,Maryland,Columbia,1738.6415489962658,1784.2973369270142,10,12
2024_3268_3435,0.6143499155417445,3268,3435,Maryland,Vanderbilt,1738.6415489962658,1649.7364456557825,10,12
2024_3267_3268,0.6160044912460154,3268,3267,Maryland,Marshall,1738.6415489962658,1711.538083968918,10,13
2024_3238_3268,0.6898708498348439,3268,3238,Maryland,Jackson St,1738.6415489962658,1694.6207667651774,10,14
2024_3263_3268,0.7657396605745991,3268,3263,Maryland,Maine,1738.6415489962658,1644.585593286405,10,15
2024_3268_3394,0.81450495576876,3268,3394,Maryland,TAM C. Christi,1738.6415489962658,1580.4352854776812,10,16
2024_3355_3453,0.5287130531537281,3453,3355,WI Green Bay,S Dakota St,1755.8193922713324,1807.0444786381895,11,12
2024_3414_3453,0.6676749725714686,3453,3414,WI Green Bay,UC Irvine,1755.8193922713324,1656.3752788526392,11,13
2024_3151_3453,0.6919561419847315,3453,3151,WI Green Bay,Chattanooga,1755.8193922713324,1688.4139365134167,11,14
2024_3313_3453,0.728773847805425,3453,3313,WI Green Bay,Norfolk St,1755.8193922713324,1676.7668098191193,11,15
2024_3180_3453,0.7485725990072926,3453,3180,WI Green Bay,Drexel,1755.8193922713324,1619.9611285709493,11,16
2024_3234_3453,0.07493968583592162,3453,3234,WI Green Bay,Iowa,1755.8193922713324,1913.1483914363243,11,1
2024_3417_3453,0.11545660594170237,3453,3417,WI Green Bay,UCLA,1755.8193922713324,1831.0311295413612,11,2
2024_3261_3453,0.12093798066272035,3453,3261,WI Green Bay,LSU,1755.8193922713324,1895.2037149888847,11,3
2024_3243_3453,0.17753005026711302,3453,3243,WI Green Bay,Kansas St,1755.8193922713324,1733.6226327573718,11,4
2024_3160_3453,0.23897857213002782,3453,3160,WI Green Bay,Colorado,1755.8193922713324,1740.8455561689786,11,5
2024_3257_3453,0.25983221916992993,3453,3257,WI Green Bay,Louisville,1755.8193922713324,1777.859589035021,11,6
2024_3166_3453,0.30476531030042464,3453,3166,WI Green Bay,Creighton,1755.8193922713324,1818.159394610845,11,7
2024_3452_3453,0.33427235742780437,3453,3452,WI Green Bay,West Virginia,1755.8193922713324,1705.972421133595,11,8
2024_3343_3453,0.37870677366104033,3453,3343,WI Green Bay,Princeton,1755.8193922713324,1851.7261643002205,11,9
2024_3424_3453,0.4044334951174503,3453,3424,WI Green Bay,UNLV,1755.8193922713324,1834.6954708399526,11,10
2024_3292_3453,0.47780767679214436,3453,3292,WI Green Bay,MTSU,1755.8193922713324,1825.9686936108571,11,11
2024_3179_3453,0.5728877094256626,3453,3179,WI Green Bay,Drake,1755.8193922713324,1793.7637493219408,11,12
2024_3339_3453,0.6406190832034113,3453,3339,WI Green Bay,Portland,1755.8193922713324,1660.2154003231187,11,13
2024_3349_3453,0.7078433428170985,3453,3349,WI Green Bay,Rice,1755.8193922713324,1602.7806164848662,11,14
2024_3453_3465,0.7279964095224584,3453,3465,WI Green Bay,Cal Baptist,1755.8193922713324,1748.2794249498818,11,15
2024_3221_3453,0.7745271286503513,3453,3221,WI Green Bay,Holy Cross,1755.8193922713324,1555.6375404933337,11,16
2024_3404_3453,0.7695963344113071,3453,3404,WI Green Bay,TN Martin,1755.8193922713324,1460.6304570200384,11,16
2024_3425_3453,0.1032418636227487,3453,3425,WI Green Bay,USC,1755.8193922713324,1838.1292755662923,11,1
2024_3326_3453,0.10490602874820376,3453,3326,WI Green Bay,Ohio St,1755.8193922713324,1849.2050670726867,11,2
2024_3163_3453,0.12363202492489114,3453,3163,WI Green Bay,Connecticut,1755.8193922713324,1921.3336140603578,11,3
2024_3439_3453,0.1758119277550109,3453,3439,WI Green Bay,Virginia Tech,1755.8193922713324,1847.229227065635,11,4
2024_3124_3453,0.2129767089484368,3453,3124,WI Green Bay,Baylor,1755.8193922713324,1761.3275962097346,11,5
2024_3393_3453,0.25722853927452893,3453,3393,WI Green Bay,Syracuse,1755.8193922713324,1730.6665843168998,11,6
2024_3181_3453,0.2985127607117444,3453,3181,WI Green Bay,Duke,1755.8193922713324,1752.688159118207,11,7
2024_3242_3453,0.3572588365313696,3453,3242,WI Green Bay,Kansas,1755.8193922713324,1705.528887123695,11,8
2024_3276_3453,0.4170306603535643,3453,3276,WI Green Bay,Michigan,1755.8193922713324,1680.1913479376847,11,9
2024_3350_3453,0.48088811965110356,3453,3350,WI Green Bay,Richmond,1755.8193922713324,1778.4365011097805,11,10
2024_3112_3453,0.5113240838050839,3453,3112,WI Green Bay,Arizona,1755.8193922713324,1663.5246475881788,11,11
2024_3120_3453,0.4980097770690914,3453,3120,WI Green Bay,Auburn,1755.8193922713324,1670.9243359044353,11,11
2024_3162_3453,0.5415115114915119,3453,3162,WI Green Bay,Columbia,1755.8193922713324,1784.2973369270142,11,12
2024_3435_3453,0.524577340172504,3453,3435,WI Green Bay,Vanderbilt,1755.8193922713324,1649.7364456557825,11,12
2024_3267_3453,0.6156654496565821,3453,3267,WI Green Bay,Marshall,1755.8193922713324,1711.538083968918,11,13
2024_3238_3453,0.6893866751554316,3453,3238,WI Green Bay,Jackson St,1755.8193922713324,1694.6207667651774,11,14
2024_3263_3453,0.7196427589525426,3453,3263,WI Green Bay,Maine,1755.8193922713324,1644.585593286405,11,15
2024_3394_3453,0.7964658996597965,3453,3394,WI Green Bay,TAM C. Christi,1755.8193922713324,1580.4352854776812,11,16
2024_3355_3414,0.6252708789574848,3355,3414,S Dakota St,UC Irvine,1807.0444786381895,1656.3752788526392,12,13
2024_3151_3355,0.6430449475422861,3355,3151,S Dakota St,Chattanooga,1807.0444786381895,1688.4139365134167,12,14
2024_3313_3355,0.6992656532886332,3355,3313,S Dakota St,Norfolk St,1807.0444786381895,1676.7668098191193,12,15
2024_3180_3355,0.7362722313274587,3355,3180,S Dakota St,Drexel,1807.0444786381895,1619.9611285709493,12,16
2024_3234_3355,0.052111854497048894,3355,3234,S Dakota St,Iowa,1807.0444786381895,1913.1483914363243,12,1
2024_3355_3417,0.09241561867245421,3355,3417,S Dakota St,UCLA,1807.0444786381895,1831.0311295413612,12,2
2024_3261_3355,0.090849685162951,3355,3261,S Dakota St,LSU,1807.0444786381895,1895.2037149888847,12,3
2024_3243_3355,0.1632369383682181,3355,3243,S Dakota St,Kansas St,1807.0444786381895,1733.6226327573718,12,4
2024_3160_3355,0.24656751005781966,3355,3160,S Dakota St,Colorado,1807.0444786381895,1740.8455561689786,12,5
2024_3257_3355,0.24714944505673986,3355,3257,S Dakota St,Louisville,1807.0444786381895,1777.859589035021,12,6
2024_3166_3355,0.27012634365399213,3355,3166,S Dakota St,Creighton,1807.0444786381895,1818.159394610845,12,7
2024_3355_3452,0.31928123922450835,3355,3452,S Dakota St,West Virginia,1807.0444786381895,1705.972421133595,12,8
2024_3343_3355,0.35488605012866725,3355,3343,S Dakota St,Princeton,1807.0444786381895,1851.7261643002205,12,9
2024_3355_3424,0.3617064039334288,3355,3424,S Dakota St,UNLV,1807.0444786381895,1834.6954708399526,12,10
2024_3292_3355,0.40803254277827794,3355,3292,S Dakota St,MTSU,1807.0444786381895,1825.9686936108571,12,11
2024_3179_3355,0.5194789826869961,3355,3179,S Dakota St,Drake,1807.0444786381895,1793.7637493219408,12,12
2024_3339_3355,0.6018261816966282,3355,3339,S Dakota St,Portland,1807.0444786381895,1660.2154003231187,12,13
2024_3349_3355,0.6627014418021204,3355,3349,S Dakota St,Rice,1807.0444786381895,1602.7806164848662,12,14
2024_3355_3465,0.696695784127981,3355,3465,S Dakota St,Cal Baptist,1807.0444786381895,1748.2794249498818,12,15
2024_3221_3355,0.7366554146875585,3355,3221,S Dakota St,Holy Cross,1807.0444786381895,1555.6375404933337,12,16
2024_3355_3404,0.7360601431001866,3355,3404,S Dakota St,TN Martin,1807.0444786381895,1460.6304570200384,12,16
2024_3355_3425,0.09306089179560903,3355,3425,S Dakota St,USC,1807.0444786381895,1838.1292755662923,12,1
2024_3326_3355,0.08120902158268675,3355,3326,S Dakota St,Ohio St,1807.0444786381895,1849.2050670726867,12,2
2024_3163_3355,0.09665898853604937,3355,3163,S Dakota St,Connecticut,1807.0444786381895,1921.3336140603578,12,3
2024_3355_3439,0.14414399484886423,3355,3439,S Dakota St,Virginia Tech,1807.0444786381895,1847.229227065635,12,4
2024_3124_3355,0.22376817463768797,3355,3124,S Dakota St,Baylor,1807.0444786381895,1761.3275962097346,12,5
2024_3355_3393,0.2660818844435845,3355,3393,S Dakota St,Syracuse,1807.0444786381895,1730.6665843168998,12,6
2024_3181_3355,0.29699412076313825,3355,3181,S Dakota St,Duke,1807.0444786381895,1752.688159118207,12,7
2024_3242_3355,0.35467245818479354,3355,3242,S Dakota St,Kansas,1807.0444786381895,1705.528887123695,12,8
2024_3276_3355,0.3952940728304075,3355,3276,S Dakota St,Michigan,1807.0444786381895,1680.1913479376847,12,9
2024_3350_3355,0.40453089579191115,3355,3350,S Dakota St,Richmond,1807.0444786381895,1778.4365011097805,12,10
2024_3112_3355,0.48999182016971166,3355,3112,S Dakota St,Arizona,1807.0444786381895,1663.5246475881788,12,11
2024_3120_3355,0.4732271495592838,3355,3120,S Dakota St,Auburn,1807.0444786381895,1670.9243359044353,12,11
2024_3162_3355,0.5094421565532681,3355,3162,S Dakota St,Columbia,1807.0444786381895,1784.2973369270142,12,12
2024_3355_3435,0.5325511008501049,3355,3435,S Dakota St,Vanderbilt,1807.0444786381895,1649.7364456557825,12,12
2024_3267_3355,0.5957741942870365,3355,3267,S Dakota St,Marshall,1807.0444786381895,1711.538083968918,12,13
2024_3238_3355,0.6619364161864283,3355,3238,S Dakota St,Jackson St,1807.0444786381895,1694.6207667651774,12,14
2024_3263_3355,0.6998834107282466,3355,3263,S Dakota St,Maine,1807.0444786381895,1644.585593286405,12,15
2024_3355_3394,0.7533048397173131,3355,3394,S Dakota St,TAM C. Christi,1807.0444786381895,1580.4352854776812,12,16
2024_3151_3414,0.5264241304862247,3414,3151,UC Irvine,Chattanooga,1656.3752788526392,1688.4139365134167,13,14
2024_3313_3414,0.5730023224726679,3414,3313,UC Irvine,Norfolk St,1656.3752788526392,1676.7668098191193,13,15
2024_3180_3414,0.6319281552198237,3414,3180,UC Irvine,Drexel,1656.3752788526392,1619.9611285709493,13,16
2024_3234_3414,0.027540743276476858,3414,3234,UC Irvine,Iowa,1656.3752788526392,1913.1483914363243,13,1
2024_3414_3417,0.039560507703278104,3414,3417,UC Irvine,UCLA,1656.3752788526392,1831.0311295413612,13,2
2024_3261_3414,0.054031879137688726,3414,3261,UC Irvine,LSU,1656.3752788526392,1895.2037149888847,13,3
2024_3243_3414,0.08762626224820758,3414,3243,UC Irvine,Kansas St,1656.3752788526392,1733.6226327573718,13,4
2024_3160_3414,0.12927867094768777,3414,3160,UC Irvine,Colorado,1656.3752788526392,1740.8455561689786,13,5
2024_3257_3414,0.16331113128794508,3414,3257,UC Irvine,Louisville,1656.3752788526392,1777.859589035021,13,6
2024_3166_3414,0.17606100620311838,3414,3166,UC Irvine,Creighton,1656.3752788526392,1818.159394610845,13,7
2024_3414_3452,0.21266558481891482,3414,3452,UC Irvine,West Virginia,1656.3752788526392,1705.972421133595,13,8
2024_3343_3414,0.23832190052969746,3414,3343,UC Irvine,Princeton,1656.3752788526392,1851.7261643002205,13,9
2024_3414_3424,0.26312699055048694,3414,3424,UC Irvine,UNLV,1656.3752788526392,1834.6954708399526,13,10
2024_3292_3414,0.313126316212081,3414,3292,UC Irvine,MTSU,1656.3752788526392,1825.9686936108571,13,11
2024_3179_3414,0.38194409639957005,3414,3179,UC Irvine,Drake,1656.3752788526392,1793.7637493219408,13,12
2024_3339_3414,0.45126972198486287,3414,3339,UC Irvine,Portland,1656.3752788526392,1660.2154003231187,13,13
2024_3349_3414,0.5251506921517597,3414,3349,UC Irvine,Rice,1656.3752788526392,1602.7806164848662,13,14
2024_3414_3465,0.5486946095601084,3414,3465,UC Irvine,Cal Baptist,1656.3752788526392,1748.2794249498818,13,15
2024_3221_3414,0.6664105896117991,3414,3221,UC Irvine,Holy Cross,1656.3752788526392,1555.6375404933337,13,16
2024_3404_3414,0.6897208932998484,3414,3404,UC Irvine,TN Martin,1656.3752788526392,1460.6304570200384,13,16
2024_3414_3425,0.028622594587504862,3414,3425,UC Irvine,USC,1656.3752788526392,1838.1292755662923,13,1
2024_3326_3414,0.041496255155358354,3414,3326,UC Irvine,Ohio St,1656.3752788526392,1849.2050670726867,13,2
2024_3163_3414,0.05765799894877657,3414,3163,UC Irvine,Connecticut,1656.3752788526392,1921.3336140603578,13,3
2024_3414_3439,0.07934287158464337,3414,3439,UC Irvine,Virginia Tech,1656.3752788526392,1847.229227065635,13,4
2024_3124_3414,0.1220440007258822,3414,3124,UC Irvine,Baylor,1656.3752788526392,1761.3275962097346,13,5
2024_3393_3414,0.15989089756144362,3414,3393,UC Irvine,Syracuse,1656.3752788526392,1730.6665843168998,13,6
2024_3181_3414,0.18390316882711988,3414,3181,UC Irvine,Duke,1656.3752788526392,1752.688159118207,13,7
2024_3242_3414,0.23330354778607218,3414,3242,UC Irvine,Kansas,1656.3752788526392,1705.528887123695,13,8
2024_3276_3414,0.2664648221562653,3414,3276,UC Irvine,Michigan,1656.3752788526392,1680.1913479376847,13,9
2024_3350_3414,0.28533938785764446,3414,3350,UC Irvine,Richmond,1656.3752788526392,1778.4365011097805,13,10
2024_3112_3414,0.3407214897796145,3414,3112,UC Irvine,Arizona,1656.3752788526392,1663.5246475881788,13,11
2024_3120_3414,0.33196029990162756,3414,3120,UC Irvine,Auburn,1656.3752788526392,1670.9243359044353,13,11
2024_3162_3414,0.38652150215032155,3414,3162,UC Irvine,Columbia,1656.3752788526392,1784.2973369270142,13,12
2024_3414_3435,0.4018206361067539,3414,3435,UC Irvine,Vanderbilt,1656.3752788526392,1649.7364456557825,13,12
2024_3267_3414,0.44014055132865865,3414,3267,UC Irvine,Marshall,1656.3752788526392,1711.538083968918,13,13
2024_3238_3414,0.46501711575863225,3414,3238,UC Irvine,Jackson St,1656.3752788526392,1694.6207667651774,13,14
2024_3263_3414,0.5832302410975458,3414,3263,UC Irvine,Maine,1656.3752788526392,1644.585593286405,13,15
2024_3394_3414,0.644295329249174,3414,3394,UC Irvine,TAM C. Christi,1656.3752788526392,1580.4352854776812,13,16
2024_3151_3313,0.5111244377362476,3151,3313,Chattanooga,Norfolk St,1688.4139365134167,1676.7668098191193,14,15
2024_3151_3180,0.6059802760258677,3151,3180,Chattanooga,Drexel,1688.4139365134167,1619.9611285709493,14,16
2024_3151_3234,0.03024080295115709,3151,3234,Chattanooga,Iowa,1688.4139365134167,1913.1483914363243,14,1
2024_3151_3417,0.03474580302834511,3151,3417,Chattanooga,UCLA,1688.4139365134167,1831.0311295413612,14,2
2024_3151_3261,0.038480331841561834,3151,3261,Chattanooga,LSU,1688.4139365134167,1895.2037149888847,14,3
2024_3151_3243,0.06583304047533259,3151,3243,Chattanooga,Kansas St,1688.4139365134167,1733.6226327573718,14,4
2024_3151_3160,0.09290048168664122,3151,3160,Chattanooga,Colorado,1688.4139365134167,1740.8455561689786,14,5
2024_3151_3257,0.14197666938199296,3151,3257,Chattanooga,Louisville,1688.4139365134167,1777.859589035021,14,6
2024_3151_3166,0.1654463335765727,3151,3166,Chattanooga,Creighton,1688.4139365134167,1818.159394610845,14,7
2024_3151_3452,0.1835417709646855,3151,3452,Chattanooga,West Virginia,1688.4139365134167,1705.972421133595,14,8
2024_3151_3343,0.20533335110683767,3151,3343,Chattanooga,Princeton,1688.4139365134167,1851.7261643002205,14,9
2024_3151_3424,0.24000986867947868,3151,3424,Chattanooga,UNLV,1688.4139365134167,1834.6954708399526,14,10
2024_3151_3292,0.30605062355968227,3151,3292,Chattanooga,MTSU,1688.4139365134167,1825.9686936108571,14,11
2024_3151_3179,0.3896175677999487,3151,3179,Chattanooga,Drake,1688.4139365134167,1793.7637493219408,14,12
2024_3151_3339,0.43763405711772496,3151,3339,Chattanooga,Portland,1688.4139365134167,1660.2154003231187,14,13
2024_3151_3349,0.5082063138484951,3151,3349,Chattanooga,Rice,1688.4139365134167,1602.7806164848662,14,14
2024_3151_3465,0.4988142680990444,3151,3465,Chattanooga,Cal Baptist,1688.4139365134167,1748.2794249498818,14,15
2024_3151_3221,0.6208043535128596,3151,3221,Chattanooga,Holy Cross,1688.4139365134167,1555.6375404933337,14,16
2024_3151_3404,0.6501428325549128,3151,3404,Chattanooga,TN Martin,1688.4139365134167,1460.6304570200384,14,16
2024_3151_3425,0.036436462700366976,3151,3425,Chattanooga,USC,1688.4139365134167,1838.1292755662923,14,1
2024_3151_3326,0.028668516241014002,3151,3326,Chattanooga,Ohio St,1688.4139365134167,1849.2050670726867,14,2
2024_3151_3163,0.0432835348878837,3151,3163,Chattanooga,Connecticut,1688.4139365134167,1921.3336140603578,14,3
2024_3151_3439,0.06156137861260161,3151,3439,Chattanooga,Virginia Tech,1688.4139365134167,1847.229227065635,14,4
2024_3124_3151,0.09168184423511172,3151,3124,Chattanooga,Baylor,1688.4139365134167,1761.3275962097346,14,5
2024_3151_3393,0.14404874290122285,3151,3393,Chattanooga,Syracuse,1688.4139365134167,1730.6665843168998,14,6
2024_3151_3181,0.1690796166552432,3151,3181,Chattanooga,Duke,1688.4139365134167,1752.688159118207,14,7
2024_3151_3242,0.19868593656999212,3151,3242,Chattanooga,Kansas,1688.4139365134167,1705.528887123695,14,8
2024_3151_3276,0.24795402674515574,3151,3276,Chattanooga,Michigan,1688.4139365134167,1680.1913479376847,14,9
2024_3151_3350,0.25646564753158385,3151,3350,Chattanooga,Richmond,1688.4139365134167,1778.4365011097805,14,10
2024_3112_3151,0.31281925996515025,3151,3112,Chattanooga,Arizona,1688.4139365134167,1663.5246475881788,14,11
2024_3120_3151,0.3017252523240732,3151,3120,Chattanooga,Auburn,1688.4139365134167,1670.9243359044353,14,11
2024_3151_3162,0.3744619990810385,3151,3162,Chattanooga,Columbia,1688.4139365134167,1784.2973369270142,14,12
2024_3151_3435,0.34705735548581984,3151,3435,Chattanooga,Vanderbilt,1688.4139365134167,1649.7364456557825,14,12
2024_3151_3267,0.4481681200993305,3151,3267,Chattanooga,Marshall,1688.4139365134167,1711.538083968918,14,13
2024_3151_3238,0.46024847626686055,3151,3238,Chattanooga,Jackson St,1688.4139365134167,1694.6207667651774,14,14
2024_3151_3263,0.5712855216729389,3151,3263,Chattanooga,Maine,1688.4139365134167,1644.585593286405,14,15
2024_3151_3394,0.606651916064358,3151,3394,Chattanooga,TAM C. Christi,1688.4139365134167,1580.4352854776812,14,16
2024_3180_3313,0.5862923768031345,3313,3180,Norfolk St,Drexel,1676.7668098191193,1619.9611285709493,15,16
2024_3234_3313,0.03153344795107842,3313,3234,Norfolk St,Iowa,1676.7668098191193,1913.1483914363243,15,1
2024_3313_3417,0.030432249344885347,3313,3417,Norfolk St,UCLA,1676.7668098191193,1831.0311295413612,15,2
2024_3261_3313,0.02506286596879363,3313,3261,Norfolk St,LSU,1676.7668098191193,1895.2037149888847,15,3
2024_3243_3313,0.04486264726117615,3313,3243,Norfolk St,Kansas St,1676.7668098191193,1733.6226327573718,15,4
2024_3160_3313,0.08683933593281493,3313,3160,Norfolk St,Colorado,1676.7668098191193,1740.8455561689786,15,5
2024_3257_3313,0.1073795432752862,3313,3257,Norfolk St,Louisville,1676.7668098191193,1777.859589035021,15,6
2024_3166_3313,0.1341364569474627,3313,3166,Norfolk St,Creighton,1676.7668098191193,1818.159394610845,15,7
2024_3313_3452,0.16076806186570006,3313,3452,Norfolk St,West Virginia,1676.7668098191193,1705.972421133595,15,8
2024_3313_3343,0.1760035324243937,3313,3343,Norfolk St,Princeton,1676.7668098191193,1851.7261643002205,15,9
2024_3313_3424,0.19999194233258097,3313,3424,Norfolk St,UNLV,1676.7668098191193,1834.6954708399526,15,10
2024_3292_3313,0.24470815823777012,3313,3292,Norfolk St,MTSU,1676.7668098191193,1825.9686936108571,15,11
2024_3179_3313,0.3654328685042547,3313,3179,Norfolk St,Drake,1676.7668098191193,1793.7637493219408,15,12
2024_3313_3339,0.3936684782728186,3313,3339,Norfolk St,Portland,1676.7668098191193,1660.2154003231187,15,13
2024_3313_3349,0.5120365235340839,3313,3349,Norfolk St,Rice,1676.7668098191193,1602.7806164848662,15,14
2024_3313_3465,0.4906935602426525,3313,3465,Norfolk St,Cal Baptist,1676.7668098191193,1748.2794249498818,15,15
2024_3221_3313,0.59210451512215,3313,3221,Norfolk St,Holy Cross,1676.7668098191193,1555.6375404933337,15,16
2024_3313_3404,0.6064982917773472,3313,3404,Norfolk St,TN Martin,1676.7668098191193,1460.6304570200384,15,16
2024_3313_3425,0.035755971372127535,3313,3425,Norfolk St,USC,1676.7668098191193,1838.1292755662923,15,1
2024_3313_3326,0.031437542214989664,3313,3326,Norfolk St,Ohio St,1676.7668098191193,1849.2050670726867,15,2
2024_3163_3313,0.028621783405542372,3313,3163,Norfolk St,Connecticut,1676.7668098191193,1921.3336140603578,15,3
2024_3313_3439,0.04528025882289175,3313,3439,Norfolk St,Virginia Tech,1676.7668098191193,1847.229227065635,15,4
2024_3124_3313,0.07135696612247214,3313,3124,Norfolk St,Baylor,1676.7668098191193,1761.3275962097346,15,5
2024_3313_3393,0.10028577470843936,3313,3393,Norfolk St,Syracuse,1676.7668098191193,1730.6665843168998,15,6
2024_3181_3313,0.13909165928854242,3313,3181,Norfolk St,Duke,1676.7668098191193,1752.688159118207,15,7
2024_3242_3313,0.19039480387104826,3313,3242,Norfolk St,Kansas,1676.7668098191193,1705.528887123695,15,8
2024_3276_3313,0.2334549277423058,3313,3276,Norfolk St,Michigan,1676.7668098191193,1680.1913479376847,15,9
2024_3313_3350,0.2384815783663544,3313,3350,Norfolk St,Richmond,1676.7668098191193,1778.4365011097805,15,10
2024_3112_3313,0.3055581861863881,3313,3112,Norfolk St,Arizona,1676.7668098191193,1663.5246475881788,15,11
2024_3120_3313,0.2893390545378476,3313,3120,Norfolk St,Auburn,1676.7668098191193,1670.9243359044353,15,11
2024_3162_3313,0.3283492650625395,3313,3162,Norfolk St,Columbia,1676.7668098191193,1784.2973369270142,15,12
2024_3313_3435,0.33053353687497844,3313,3435,Norfolk St,Vanderbilt,1676.7668098191193,1649.7364456557825,15,12
2024_3267_3313,0.3826411570533743,3313,3267,Norfolk St,Marshall,1676.7668098191193,1711.538083968918,15,13
2024_3238_3313,0.44507799179675633,3313,3238,Norfolk St,Jackson St,1676.7668098191193,1694.6207667651774,15,14
2024_3263_3313,0.537937036156654,3313,3263,Norfolk St,Maine,1676.7668098191193,1644.585593286405,15,15
2024_3313_3394,0.5856507924067722,3313,3394,Norfolk St,TAM C. Christi,1676.7668098191193,1580.4352854776812,15,16
2024_3180_3234,0.027118321433663366,3180,3234,Drexel,Iowa,1619.9611285709493,1913.1483914363243,16,1
2024_3180_3417,0.025178751833736895,3180,3417,Drexel,UCLA,1619.9611285709493,1831.0311295413612,16,2
2024_3180_3261,0.023360195029526947,3180,3261,Drexel,LSU,1619.9611285709493,1895.2037149888847,16,3
2024_3180_3243,0.03311500132083893,3180,3243,Drexel,Kansas St,1619.9611285709493,1733.6226327573718,16,4
2024_3160_3180,0.04855057755455736,3180,3160,Drexel,Colorado,1619.9611285709493,1740.8455561689786,16,5
2024_3180_3257,0.061548112853848785,3180,3257,Drexel,Louisville,1619.9611285709493,1777.859589035021,16,6
2024_3166_3180,0.08294798681204463,3180,3166,Drexel,Creighton,1619.9611285709493,1818.159394610845,16,7
2024_3180_3452,0.1225275638957192,3180,3452,Drexel,West Virginia,1619.9611285709493,1705.972421133595,16,8
2024_3180_3343,0.1406689695907958,3180,3343,Drexel,Princeton,1619.9611285709493,1851.7261643002205,16,9
2024_3180_3424,0.1673663388339911,3180,3424,Drexel,UNLV,1619.9611285709493,1834.6954708399526,16,10
2024_3180_3292,0.2101107490672621,3180,3292,Drexel,MTSU,1619.9611285709493,1825.9686936108571,16,11
2024_3179_3180,0.25852629558546836,3180,3179,Drexel,Drake,1619.9611285709493,1793.7637493219408,16,12
2024_3180_3339,0.3327318530318426,3180,3339,Drexel,Portland,1619.9611285709493,1660.2154003231187,16,13
2024_3180_3349,0.3770516271814337,3180,3349,Drexel,Rice,1619.9611285709493,1602.7806164848662,16,14
2024_3180_3465,0.41074321301105077,3180,3465,Drexel,Cal Baptist,1619.9611285709493,1748.2794249498818,16,15
2024_3180_3221,0.5012412130832669,3180,3221,Drexel,Holy Cross,1619.9611285709493,1555.6375404933337,16,16
2024_3180_3404,0.5788367897272106,3180,3404,Drexel,TN Martin,1619.9611285709493,1460.6304570200384,16,16
2024_3180_3425,0.025541551336646078,3180,3425,Drexel,USC,1619.9611285709493,1838.1292755662923,16,1
2024_3180_3326,0.02644271023571491,3180,3326,Drexel,Ohio St,1619.9611285709493,1849.2050670726867,16,2
2024_3163_3180,0.026586446836590765,3180,3163,Drexel,Connecticut,1619.9611285709493,1921.3336140603578,16,3
2024_3180_3439,0.025053289178758858,3180,3439,Drexel,Virginia Tech,1619.9611285709493,1847.229227065635,16,4
2024_3124_3180,0.04677506880805258,3180,3124,Drexel,Baylor,1619.9611285709493,1761.3275962097346,16,5
2024_3180_3393,0.06811671234616026,3180,3393,Drexel,Syracuse,1619.9611285709493,1730.6665843168998,16,6
2024_3180_3181,0.08589295545284892,3180,3181,Drexel,Duke,1619.9611285709493,1752.688159118207,16,7
2024_3180_3242,0.126551862757342,3180,3242,Drexel,Kansas,1619.9611285709493,1705.528887123695,16,8
2024_3180_3276,0.15880615635646658,3180,3276,Drexel,Michigan,1619.9611285709493,1680.1913479376847,16,9
2024_3180_3350,0.18177929514628988,3180,3350,Drexel,Richmond,1619.9611285709493,1778.4365011097805,16,10
2024_3112_3180,0.22974394349892466,3180,3112,Drexel,Arizona,1619.9611285709493,1663.5246475881788,16,11
2024_3120_3180,0.21442554234106867,3180,3120,Drexel,Auburn,1619.9611285709493,1670.9243359044353,16,11
2024_3162_3180,0.24678569675786785,3180,3162,Drexel,Columbia,1619.9611285709493,1784.2973369270142,16,12
2024_3180_3435,0.2528704443703442,3180,3435,Drexel,Vanderbilt,1619.9611285709493,1649.7364456557825,16,12
2024_3180_3267,0.2994783099529432,3180,3267,Drexel,Marshall,1619.9611285709493,1711.538083968918,16,13
2024_3180_3238,0.3491644169315329,3180,3238,Drexel,Jackson St,1619.9611285709493,1694.6207667651774,16,14
2024_3180_3263,0.4578120920193439,3180,3263,Drexel,Maine,1619.9611285709493,1644.585593286405,16,15
2024_3180_3394,0.48292303681373555,3180,3394,Drexel,TAM C. Christi,1619.9611285709493,1580.4352854776812,16,16
2024_3234_3417,0.584089538143848,3234,3417,Iowa,UCLA,1913.1483914363243,1831.0311295413612,1,2
2024_3234_3261,0.5645632286444666,3234,3261,Iowa,LSU,1913.1483914363243,1895.2037149888847,1,3
2024_3234_3243,0.671449670589239,3234,3243,Iowa,Kansas St,1913.1483914363243,1733.6226327573718,1,4
2024_3160_3234,0.7244388615955556,3234,3160,Iowa,Colorado,1913.1483914363243,1740.8455561689786,1,5
2024_3234_3257,0.7338324597613056,3234,3257,Iowa,Louisville,1913.1483914363243,1777.859589035021,1,6
2024_3166_3234,0.7680739358665307,3234,3166,Iowa,Creighton,1913.1483914363243,1818.159394610845,1,7
2024_3234_3452,0.8344139501558409,3234,3452,Iowa,West Virginia,1913.1483914363243,1705.972421133595,1,8
2024_3234_3343,0.8542810872684544,3234,3343,Iowa,Princeton,1913.1483914363243,1851.7261643002205,1,9
2024_3234_3424,0.8712612224214775,3234,3424,Iowa,UNLV,1913.1483914363243,1834.6954708399526,1,10
2024_3234_3292,0.9065087827300191,3234,3292,Iowa,MTSU,1913.1483914363243,1825.9686936108571,1,11
2024_3179_3234,0.9452491114850305,3234,3179,Iowa,Drake,1913.1483914363243,1793.7637493219408,1,12
2024_3234_3339,0.9610903811454773,3234,3339,Iowa,Portland,1913.1483914363243,1660.2154003231187,1,13
2024_3234_3349,0.9702697050571442,3234,3349,Iowa,Rice,1913.1483914363243,1602.7806164848662,1,14
2024_3234_3465,0.9671845686435699,3234,3465,Iowa,Cal Baptist,1913.1483914363243,1748.2794249498818,1,15
2024_3221_3234,0.9726396751403809,3234,3221,Iowa,Holy Cross,1913.1483914363243,1555.6375404933337,1,16
2024_3234_3404,0.9698967289924622,3234,3404,Iowa,TN Martin,1913.1483914363243,1460.6304570200384,1,16
2024_3234_3425,0.5525519758462902,3234,3425,Iowa,USC,1913.1483914363243,1838.1292755662923,1,1
2024_3234_3326,0.5612846222388492,3234,3326,Iowa,Ohio St,1913.1483914363243,1849.2050670726867,1,2
2024_3163_3234,0.5452341426983836,3234,3163,Iowa,Connecticut,1913.1483914363243,1921.3336140603578,1,3
2024_3234_3439,0.6620452944400614,3234,3439,Iowa,Virginia Tech,1913.1483914363243,1847.229227065635,1,4
2024_3124_3234,0.7476342624296392,3234,3124,Iowa,Baylor,1913.1483914363243,1761.3275962097346,1,5
2024_3234_3393,0.7717256805435856,3234,3393,Iowa,Syracuse,1913.1483914363243,1730.6665843168998,1,6
2024_3181_3234,0.7918414667846521,3234,3181,Iowa,Duke,1913.1483914363243,1752.688159118207,1,7
2024_3234_3242,0.8220536604629621,3234,3242,Iowa,Kansas,1913.1483914363243,1705.528887123695,1,8
2024_3234_3276,0.852091242421729,3234,3276,Iowa,Michigan,1913.1483914363243,1680.1913479376847,1,9
2024_3234_3350,0.9057932031744225,3234,3350,Iowa,Richmond,1913.1483914363243,1778.4365011097805,1,10
2024_3112_3234,0.917925426587975,3234,3112,Iowa,Arizona,1913.1483914363243,1663.5246475881788,1,11
2024_3120_3234,0.9297054799651265,3234,3120,Iowa,Auburn,1913.1483914363243,1670.9243359044353,1,11
2024_3162_3234,0.9448421011681818,3234,3162,Iowa,Columbia,1913.1483914363243,1784.2973369270142,1,12
2024_3234_3435,0.9519300173039698,3234,3435,Iowa,Vanderbilt,1913.1483914363243,1649.7364456557825,1,12
2024_3234_3267,0.9599235606193542,3234,3267,Iowa,Marshall,1913.1483914363243,1711.538083968918,1,13
2024_3234_3238,0.9623326313495636,3234,3238,Iowa,Jackson St,1913.1483914363243,1694.6207667651774,1,14
2024_3234_3263,0.9711118292808533,3234,3263,Iowa,Maine,1913.1483914363243,1644.585593286405,1,15
2024_3234_3394,0.9727185916900635,3234,3394,Iowa,TAM C. Christi,1913.1483914363243,1580.4352854776812,1,16
2024_3261_3417,0.464070705758308,3417,3261,UCLA,LSU,1831.0311295413612,1895.2037149888847,2,3
2024_3243_3417,0.5617195804491999,3417,3243,UCLA,Kansas St,1831.0311295413612,1733.6226327573718,2,4
2024_3160_3417,0.6493549291255778,3417,3160,UCLA,Colorado,1831.0311295413612,1740.8455561689786,2,5
2024_3257_3417,0.6964514410366262,3417,3257,UCLA,Louisville,1831.0311295413612,1777.859589035021,2,6
2024_3166_3417,0.6945046743885716,3417,3166,UCLA,Creighton,1831.0311295413612,1818.159394610845,2,7
2024_3417_3452,0.7605876818897088,3417,3452,UCLA,West Virginia,1831.0311295413612,1705.972421133595,2,8
2024_3343_3417,0.756947432468997,3417,3343,UCLA,Princeton,1831.0311295413612,1851.7261643002205,2,9
2024_3417_3424,0.7871703252683705,3417,3424,UCLA,UNLV,1831.0311295413612,1834.6954708399526,2,10
2024_3292_3417,0.86945503777201,3417,3292,UCLA,MTSU,1831.0311295413612,1825.9686936108571,2,11
2024_3179_3417,0.924564191923058,3417,3179,UCLA,Drake,1831.0311295413612,1793.7637493219408,2,12
2024_3339_3417,0.9526720951314234,3417,3339,UCLA,Portland,1831.0311295413612,1660.2154003231187,2,13
2024_3349_3417,0.9691801023483276,3417,3349,UCLA,Rice,1831.0311295413612,1602.7806164848662,2,14
2024_3417_3465,0.9621666920185089,3417,3465,UCLA,Cal Baptist,1831.0311295413612,1748.2794249498818,2,15
2024_3221_3417,0.9700731289386749,3417,3221,UCLA,Holy Cross,1831.0311295413612,1555.6375404933337,2,16
2024_3404_3417,0.967580075263977,3417,3404,UCLA,TN Martin,1831.0311295413612,1460.6304570200384,2,16
2024_3417_3425,0.46289784343364293,3417,3425,UCLA,USC,1831.0311295413612,1838.1292755662923,2,1
2024_3326_3417,0.4755567967891689,3417,3326,UCLA,Ohio St,1831.0311295413612,1849.2050670726867,2,2
2024_3163_3417,0.45200379757759435,3417,3163,UCLA,Connecticut,1831.0311295413612,1921.3336140603578,2,3
2024_3417_3439,0.5563526888266566,3417,3439,UCLA,Virginia Tech,1831.0311295413612,1847.229227065635,2,4
2024_3124_3417,0.6702008489730662,3417,3124,UCLA,Baylor,1831.0311295413612,1761.3275962097346,2,5
2024_3393_3417,0.7120510196556294,3417,3393,UCLA,Syracuse,1831.0311295413612,1730.6665843168998,2,6
2024_3181_3417,0.7406710943714817,3417,3181,UCLA,Duke,1831.0311295413612,1752.688159118207,2,7
2024_3242_3417,0.7599245653154214,3417,3242,UCLA,Kansas,1831.0311295413612,1705.528887123695,2,8
2024_3276_3417,0.8174941882597074,3417,3276,UCLA,Michigan,1831.0311295413612,1680.1913479376847,2,9
2024_3350_3417,0.8293642893920964,3417,3350,UCLA,Richmond,1831.0311295413612,1778.4365011097805,2,10
2024_3112_3417,0.8841498625868065,3417,3112,UCLA,Arizona,1831.0311295413612,1663.5246475881788,2,11
2024_3120_3417,0.8889502418630821,3417,3120,UCLA,Auburn,1831.0311295413612,1670.9243359044353,2,11
2024_3162_3417,0.9136631580447316,3417,3162,UCLA,Columbia,1831.0311295413612,1784.2973369270142,2,12
2024_3417_3435,0.9323433729266286,3417,3435,UCLA,Vanderbilt,1831.0311295413612,1649.7364456557825,2,12
2024_3267_3417,0.9389719377274774,3417,3267,UCLA,Marshall,1831.0311295413612,1711.538083968918,2,13
2024_3238_3417,0.9567729187011719,3417,3238,UCLA,Jackson St,1831.0311295413612,1694.6207667651774,2,14
2024_3263_3417,0.9712454926967621,3417,3263,UCLA,Maine,1831.0311295413612,1644.585593286405,2,15
2024_3394_3417,0.9732436788082123,3417,3394,UCLA,TAM C. Christi,1831.0311295413612,1580.4352854776812,2,16
2024_3243_3261,0.564673667834972,3261,3243,LSU,Kansas St,1895.2037149888847,1733.6226327573718,3,4
2024_3160_3261,0.6499150236025812,3261,3160,LSU,Colorado,1895.2037149888847,1740.8455561689786,3,5
2024_3257_3261,0.6814822349908656,3261,3257,LSU,Louisville,1895.2037149888847,1777.859589035021,3,6
2024_3166_3261,0.7033196842540944,3261,3166,LSU,Creighton,1895.2037149888847,1818.159394610845,3,7
2024_3261_3452,0.7599352857605656,3261,3452,LSU,West Virginia,1895.2037149888847,1705.972421133595,3,8
2024_3261_3343,0.7813709870578607,3261,3343,LSU,Princeton,1895.2037149888847,1851.7261643002205,3,9
2024_3261_3424,0.8094472482906446,3261,3424,LSU,UNLV,1895.2037149888847,1834.6954708399526,3,10
2024_3261_3292,0.8686173305402821,3261,3292,LSU,MTSU,1895.2037149888847,1825.9686936108571,3,11
2024_3179_3261,0.9127553535097344,3261,3179,LSU,Drake,1895.2037149888847,1793.7637493219408,3,12
2024_3261_3339,0.9390502961730123,3261,3339,LSU,Portland,1895.2037149888847,1660.2154003231187,3,13
2024_3261_3349,0.9574715803380274,3261,3349,LSU,Rice,1895.2037149888847,1602.7806164848662,3,14
2024_3261_3465,0.9717400324344635,3261,3465,LSU,Cal Baptist,1895.2037149888847,1748.2794249498818,3,15
2024_3221_3261,0.9727379035949707,3261,3221,LSU,Holy Cross,1895.2037149888847,1555.6375404933337,3,16
2024_3261_3404,0.9718759310245514,3261,3404,LSU,TN Martin,1895.2037149888847,1460.6304570200384,3,16
2024_3261_3425,0.458170486532115,3261,3425,LSU,USC,1895.2037149888847,1838.1292755662923,3,1
2024_3261_3326,0.478091603828693,3261,3326,LSU,Ohio St,1895.2037149888847,1849.2050670726867,3,2
2024_3163_3261,0.49846937358379323,3261,3163,LSU,Connecticut,1895.2037149888847,1921.3336140603578,3,3
2024_3261_3439,0.5310694184767948,3261,3439,LSU,Virginia Tech,1895.2037149888847,1847.229227065635,3,4
2024_3124_3261,0.6585113097802164,3261,3124,LSU,Baylor,1895.2037149888847,1761.3275962097346,3,5
2024_3261_3393,0.689405227101118,3261,3393,LSU,Syracuse,1895.2037149888847,1730.6665843168998,3,6
2024_3181_3261,0.7392970627416814,3261,3181,LSU,Duke,1895.2037149888847,1752.688159118207,3,7
2024_3242_3261,0.7579389026896198,3261,3242,LSU,Kansas,1895.2037149888847,1705.528887123695,3,8
2024_3261_3276,0.8088917479516824,3261,3276,LSU,Michigan,1895.2037149888847,1680.1913479376847,3,9
2024_3261_3350,0.836698089550601,3261,3350,LSU,Richmond,1895.2037149888847,1778.4365011097805,3,10
2024_3112_3261,0.8629803106676167,3261,3112,LSU,Arizona,1895.2037149888847,1663.5246475881788,3,11
2024_3120_3261,0.8716485843549794,3261,3120,LSU,Auburn,1895.2037149888847,1670.9243359044353,3,11
2024_3162_3261,0.9082576466196282,3261,3162,LSU,Columbia,1895.2037149888847,1784.2973369270142,3,12
2024_3261_3435,0.9045406711691124,3261,3435,LSU,Vanderbilt,1895.2037149888847,1649.7364456557825,3,12
2024_3261_3267,0.9380258115386129,3261,3267,LSU,Marshall,1895.2037149888847,1711.538083968918,3,13
2024_3238_3261,0.9586322019810938,3261,3238,LSU,Jackson St,1895.2037149888847,1694.6207667651774,3,14
2024_3261_3263,0.9743052077293396,3261,3263,LSU,Maine,1895.2037149888847,1644.585593286405,3,15
2024_3261_3394,0.9758776378631592,3261,3394,LSU,TAM C. Christi,1895.2037149888847,1580.4352854776812,3,16
2024_3160_3243,0.5991803166138874,3243,3160,Kansas St,Colorado,1733.6226327573718,1740.8455561689786,4,5
2024_3243_3257,0.6264166523591044,3243,3257,Kansas St,Louisville,1733.6226327573718,1777.859589035021,4,6
2024_3166_3243,0.6695014182689494,3243,3166,Kansas St,Creighton,1733.6226327573718,1818.159394610845,4,7
2024_3243_3452,0.7175410991777623,3243,3452,Kansas St,West Virginia,1733.6226327573718,1705.972421133595,4,8
2024_3243_3343,0.735604118420287,3243,3343,Kansas St,Princeton,1733.6226327573718,1851.7261643002205,4,9
2024_3243_3424,0.7485563949348291,3243,3424,Kansas St,UNLV,1733.6226327573718,1834.6954708399526,4,10
2024_3243_3292,0.7883593037830458,3243,3292,Kansas St,MTSU,1733.6226327573718,1825.9686936108571,4,11
2024_3179_3243,0.8725546643625325,3243,3179,Kansas St,Drake,1733.6226327573718,1793.7637493219408,4,12
2024_3243_3339,0.9191952479475243,3243,3339,Kansas St,Portland,1733.6226327573718,1660.2154003231187,4,13
2024_3243_3349,0.9412863346194387,3243,3349,Kansas St,Rice,1733.6226327573718,1602.7806164848662,4,14
2024_3243_3465,0.9533998976464533,3243,3465,Kansas St,Cal Baptist,1733.6226327573718,1748.2794249498818,4,15
2024_3221_3243,0.9740582656860352,3243,3221,Kansas St,Holy Cross,1733.6226327573718,1555.6375404933337,4,16
2024_3243_3404,0.9733985912799835,3243,3404,Kansas St,TN Martin,1733.6226327573718,1460.6304570200384,4,16
2024_3243_3425,0.4134457733270811,3243,3425,Kansas St,USC,1733.6226327573718,1838.1292755662923,4,1
2024_3243_3326,0.41302378281202223,3243,3326,Kansas St,Ohio St,1733.6226327573718,1849.2050670726867,4,2
2024_3163_3243,0.4085979226362949,3243,3163,Kansas St,Connecticut,1733.6226327573718,1921.3336140603578,4,3
2024_3243_3439,0.49545677602291066,3243,3439,Kansas St,Virginia Tech,1733.6226327573718,1847.229227065635,4,4
2024_3124_3243,0.6045303848254429,3243,3124,Kansas St,Baylor,1733.6226327573718,1761.3275962097346,4,5
2024_3243_3393,0.6448009599820139,3243,3393,Kansas St,Syracuse,1733.6226327573718,1730.6665843168998,4,6
2024_3181_3243,0.6581855062606639,3243,3181,Kansas St,Duke,1733.6226327573718,1752.688159118207,4,7
2024_3242_3243,0.7168701594938481,3243,3242,Kansas St,Kansas,1733.6226327573718,1705.528887123695,4,8
2024_3243_3276,0.7679413369433125,3243,3276,Kansas St,Michigan,1733.6226327573718,1680.1913479376847,4,9
2024_3243_3350,0.7804301426412423,3243,3350,Kansas St,Richmond,1733.6226327573718,1778.4365011097805,4,10
2024_3112_3243,0.8179799363123045,3243,3112,Kansas St,Arizona,1733.6226327573718,1663.5246475881788,4,11
2024_3120_3243,0.8345227882372007,3243,3120,Kansas St,Auburn,1733.6226327573718,1670.9243359044353,4,11
2024_3162_3243,0.8791445836912221,3243,3162,Kansas St,Columbia,1733.6226327573718,1784.2973369270142,4,12
2024_3243_3435,0.8726175472627705,3243,3435,Kansas St,Vanderbilt,1733.6226327573718,1649.7364456557825,4,12
2024_3243_3267,0.9075672460191948,3243,3267,Kansas St,Marshall,1733.6226327573718,1711.538083968918,4,13
2024_3238_3243,0.9385736378287435,3243,3238,Kansas St,Jackson St,1733.6226327573718,1694.6207667651774,4,14
2024_3243_3263,0.9602838466878199,3243,3263,Kansas St,Maine,1733.6226327573718,1644.585593286405,4,15
2024_3243_3394,0.9751232814788818,3243,3394,Kansas St,TAM C. Christi,1733.6226327573718,1580.4352854776812,4,16
2024_3160_3257,0.566433390663837,3160,3257,Colorado,Louisville,1740.8455561689786,1777.859589035021,5,6
2024_3160_3166,0.5771775086298945,3160,3166,Colorado,Creighton,1740.8455561689786,1818.159394610845,5,7
2024_3160_3452,0.6473525706889933,3160,3452,Colorado,West Virginia,1740.8455561689786,1705.972421133595,5,8
2024_3160_3343,0.6604418760408605,3160,3343,Colorado,Princeton,1740.8455561689786,1851.7261643002205,5,9
2024_3160_3424,0.6478705963627537,3160,3424,Colorado,UNLV,1740.8455561689786,1834.6954708399526,5,10
2024_3160_3292,0.7188211873771508,3160,3292,Colorado,MTSU,1740.8455561689786,1825.9686936108571,5,11
2024_3160_3179,0.7957527086244688,3160,3179,Colorado,Drake,1740.8455561689786,1793.7637493219408,5,12
2024_3160_3339,0.8691862866769856,3160,3339,Colorado,Portland,1740.8455561689786,1660.2154003231187,5,13
2024_3160_3349,0.9139849973314507,3160,3349,Colorado,Rice,1740.8455561689786,1602.7806164848662,5,14
2024_3160_3465,0.9277347417925954,3160,3465,Colorado,Cal Baptist,1740.8455561689786,1748.2794249498818,5,15
2024_3160_3221,0.9594280133958124,3160,3221,Colorado,Holy Cross,1740.8455561689786,1555.6375404933337,5,16
2024_3160_3404,0.9578869949097895,3160,3404,Colorado,TN Martin,1740.8455561689786,1460.6304570200384,5,16
2024_3160_3425,0.28881602377994353,3160,3425,Colorado,USC,1740.8455561689786,1838.1292755662923,5,1
2024_3160_3326,0.32540312668058147,3160,3326,Colorado,Ohio St,1740.8455561689786,1849.2050670726867,5,2
2024_3160_3163,0.32552431329336073,3160,3163,Colorado,Connecticut,1740.8455561689786,1921.3336140603578,5,3
2024_3160_3439,0.4210544514787441,3160,3439,Colorado,Virginia Tech,1740.8455561689786,1847.229227065635,5,4
2024_3124_3160,0.5253016710281369,3160,3124,Colorado,Baylor,1740.8455561689786,1761.3275962097346,5,5
2024_3160_3393,0.5691089090573536,3160,3393,Colorado,Syracuse,1740.8455561689786,1730.6665843168998,5,6
2024_3160_3181,0.5851181586161616,3160,3181,Colorado,Duke,1740.8455561689786,1752.688159118207,5,7
2024_3160_3242,0.6621773038270777,3160,3242,Colorado,Kansas,1740.8455561689786,1705.528887123695,5,8
2024_3160_3276,0.7103944128622258,3160,3276,Colorado,Michigan,1740.8455561689786,1680.1913479376847,5,9
2024_3160_3350,0.7325369826094349,3160,3350,Colorado,Richmond,1740.8455561689786,1778.4365011097805,5,10
2024_3112_3160,0.7652899817230066,3160,3112,Colorado,Arizona,1740.8455561689786,1663.5246475881788,5,11
2024_3120_3160,0.7926508680583795,3160,3120,Colorado,Auburn,1740.8455561689786,1670.9243359044353,5,11
2024_3160_3162,0.8142943278061018,3160,3162,Colorado,Columbia,1740.8455561689786,1784.2973369270142,5,12
2024_3160_3435,0.8318392083154783,3160,3435,Colorado,Vanderbilt,1740.8455561689786,1649.7364456557825,5,12
2024_3160_3267,0.828500618089301,3160,3267,Colorado,Marshall,1740.8455561689786,1711.538083968918,5,13
2024_3160_3238,0.8903027606600029,3160,3238,Colorado,Jackson St,1740.8455561689786,1694.6207667651774,5,14
2024_3160_3263,0.9369804950808645,3160,3263,Colorado,Maine,1740.8455561689786,1644.585593286405,5,15
2024_3160_3394,0.9592506895776056,3160,3394,Colorado,TAM C. Christi,1740.8455561689786,1580.4352854776812,5,16
2024_3166_3257,0.5467156973349796,3257,3166,Louisville,Creighton,1777.859589035021,1818.159394610845,6,7
2024_3257_3452,0.5714138437882426,3257,3452,Louisville,West Virginia,1777.859589035021,1705.972421133595,6,8
2024_3257_3343,0.6257413719060725,3257,3343,Louisville,Princeton,1777.859589035021,1851.7261643002205,6,9
2024_3257_3424,0.6567677712310994,3257,3424,Louisville,UNLV,1777.859589035021,1834.6954708399526,6,10
2024_3257_3292,0.7107100299135883,3257,3292,Louisville,MTSU,1777.859589035021,1825.9686936108571,6,11
2024_3179_3257,0.7833337531091531,3257,3179,Louisville,Drake,1777.859589035021,1793.7637493219408,6,12
2024_3257_3339,0.8483314558969602,3257,3339,Louisville,Portland,1777.859589035021,1660.2154003231187,6,13
2024_3257_3349,0.8866052970777577,3257,3349,Louisville,Rice,1777.859589035021,1602.7806164848662,6,14
2024_3257_3465,0.9055032563799126,3257,3465,Louisville,Cal Baptist,1777.859589035021,1748.2794249498818,6,15
2024_3221_3257,0.9401854666327596,3257,3221,Louisville,Holy Cross,1777.859589035021,1555.6375404933337,6,16
2024_3257_3404,0.9359730275725484,3257,3404,Louisville,TN Martin,1777.859589035021,1460.6304570200384,6,16
2024_3257_3425,0.26456800936301084,3257,3425,Louisville,USC,1777.859589035021,1838.1292755662923,6,1
2024_3257_3326,0.29467049629791076,3257,3326,Louisville,Ohio St,1777.859589035021,1849.2050670726867,6,2
2024_3163_3257,0.3096551846501516,3257,3163,Louisville,Connecticut,1777.859589035021,1921.3336140603578,6,3
2024_3257_3439,0.39313187255706694,3257,3439,Louisville,Virginia Tech,1777.859589035021,1847.229227065635,6,4
2024_3124_3257,0.4684245649111515,3257,3124,Louisville,Baylor,1777.859589035021,1761.3275962097346,6,5
2024_3257_3393,0.5172581434249874,3257,3393,Louisville,Syracuse,1777.859589035021,1730.6665843168998,6,6
2024_3181_3257,0.5070472043621288,3257,3181,Louisville,Duke,1777.859589035021,1752.688159118207,6,7
2024_3242_3257,0.6376362879649164,3257,3242,Louisville,Kansas,1777.859589035021,1705.528887123695,6,8
2024_3257_3276,0.6583646033170527,3257,3276,Louisville,Michigan,1777.859589035021,1680.1913479376847,6,9
2024_3257_3350,0.7026694124807561,3257,3350,Louisville,Richmond,1777.859589035021,1778.4365011097805,6,10
2024_3112_3257,0.7230787089602192,3257,3112,Louisville,Arizona,1777.859589035021,1663.5246475881788,6,11
2024_3120_3257,0.7352975568310459,3257,3120,Louisville,Auburn,1777.859589035021,1670.9243359044353,6,11
2024_3162_3257,0.7889481232168039,3257,3162,Louisville,Columbia,1777.859589035021,1784.2973369270142,6,12
2024_3257_3435,0.7774357542993386,3257,3435,Louisville,Vanderbilt,1777.859589035021,1649.7364456557825,6,12
2024_3257_3267,0.8125593409048185,3257,3267,Louisville,Marshall,1777.859589035021,1711.538083968918,6,13
2024_3238_3257,0.8485344842563695,3257,3238,Louisville,Jackson St,1777.859589035021,1694.6207667651774,6,14
2024_3257_3263,0.9153954220407707,3257,3263,Louisville,Maine,1777.859589035021,1644.585593286405,6,15
2024_3257_3394,0.9411880763625264,3257,3394,Louisville,TAM C. Christi,1777.859589035021,1580.4352854776812,6,16
2024_3166_3452,0.5302042421567188,3166,3452,Creighton,West Virginia,1818.159394610845,1705.972421133595,7,8
2024_3166_3343,0.6189679344073298,3166,3343,Creighton,Princeton,1818.159394610845,1851.7261643002205,7,9
2024_3166_3424,0.6017584298017329,3166,3424,Creighton,UNLV,1818.159394610845,1834.6954708399526,7,10
2024_3166_3292,0.6582918321956838,3166,3292,Creighton,MTSU,1818.159394610845,1825.9686936108571,7,11
2024_3166_3179,0.76115978868167,3166,3179,Creighton,Drake,1818.159394610845,1793.7637493219408,7,12
2024_3166_3339,0.8102997586728891,3166,3339,Creighton,Portland,1818.159394610845,1660.2154003231187,7,13
2024_3166_3349,0.8509995684133634,3166,3349,Creighton,Rice,1818.159394610845,1602.7806164848662,7,14
2024_3166_3465,0.877358798731429,3166,3465,Creighton,Cal Baptist,1818.159394610845,1748.2794249498818,7,15
2024_3166_3221,0.9189514351480705,3166,3221,Creighton,Holy Cross,1818.159394610845,1555.6375404933337,7,16
2024_3166_3404,0.9144940806024773,3166,3404,Creighton,TN Martin,1818.159394610845,1460.6304570200384,7,16
2024_3166_3425,0.25029999011737447,3166,3425,Creighton,USC,1818.159394610845,1838.1292755662923,7,1
2024_3166_3326,0.27295469580729337,3166,3326,Creighton,Ohio St,1818.159394610845,1849.2050670726867,7,2
2024_3163_3166,0.29330211521489913,3166,3163,Creighton,Connecticut,1818.159394610845,1921.3336140603578,7,3
2024_3166_3439,0.363392363095014,3166,3439,Creighton,Virginia Tech,1818.159394610845,1847.229227065635,7,4
2024_3124_3166,0.4515615533217421,3166,3124,Creighton,Baylor,1818.159394610845,1761.3275962097346,7,5
2024_3166_3393,0.5065260443222767,3166,3393,Creighton,Syracuse,1818.159394610845,1730.6665843168998,7,6
2024_3166_3181,0.4853230923414226,3166,3181,Creighton,Duke,1818.159394610845,1752.688159118207,7,7
2024_3166_3242,0.5880074408519016,3166,3242,Creighton,Kansas,1818.159394610845,1705.528887123695,7,8
2024_3166_3276,0.6131287057772639,3166,3276,Creighton,Michigan,1818.159394610845,1680.1913479376847,7,9
2024_3166_3350,0.6783004198434657,3166,3350,Creighton,Richmond,1818.159394610845,1778.4365011097805,7,10
2024_3112_3166,0.7060245132316793,3166,3112,Creighton,Arizona,1818.159394610845,1663.5246475881788,7,11
2024_3120_3166,0.7254136955608571,3166,3120,Creighton,Auburn,1818.159394610845,1670.9243359044353,7,11
2024_3162_3166,0.7514071127907475,3166,3162,Creighton,Columbia,1818.159394610845,1784.2973369270142,7,12
2024_3166_3435,0.7391933313147266,3166,3435,Creighton,Vanderbilt,1818.159394610845,1649.7364456557825,7,12
2024_3166_3267,0.7939273164274057,3166,3267,Creighton,Marshall,1818.159394610845,1711.538083968918,7,13
2024_3166_3238,0.8350049004064665,3166,3238,Creighton,Jackson St,1818.159394610845,1694.6207667651774,7,14
2024_3166_3263,0.8872261390577382,3166,3263,Creighton,Maine,1818.159394610845,1644.585593286405,7,15
2024_3166_3394,0.9217842054956658,3166,3394,Creighton,TAM C. Christi,1818.159394610845,1580.4352854776812,7,16
2024_3343_3452,0.5118653979766117,3452,3343,West Virginia,Princeton,1705.972421133595,1851.7261643002205,8,9
2024_3424_3452,0.5960651178732874,3452,3424,West Virginia,UNLV,1705.972421133595,1834.6954708399526,8,10
2024_3292_3452,0.6206468437078303,3452,3292,West Virginia,MTSU,1705.972421133595,1825.9686936108571,8,11
2024_3179_3452,0.7369277483095372,3452,3179,West Virginia,Drake,1705.972421133595,1793.7637493219408,8,12
2024_3339_3452,0.7746235391632755,3452,3339,West Virginia,Portland,1705.972421133595,1660.2154003231187,8,13
2024_3349_3452,0.81395963287371,3452,3349,West Virginia,Rice,1705.972421133595,1602.7806164848662,8,14
2024_3452_3465,0.8446030065523252,3452,3465,West Virginia,Cal Baptist,1705.972421133595,1748.2794249498818,8,15
2024_3221_3452,0.8903637871633595,3452,3221,West Virginia,Holy Cross,1705.972421133595,1555.6375404933337,8,16
2024_3404_3452,0.8854098663221425,3452,3404,West Virginia,TN Martin,1705.972421133595,1460.6304570200384,8,16
2024_3425_3452,0.23252481221093016,3452,3425,West Virginia,USC,1705.972421133595,1838.1292755662923,8,1
2024_3326_3452,0.21564535045606237,3452,3326,West Virginia,Ohio St,1705.972421133595,1849.2050670726867,8,2
2024_3163_3452,0.22278759344060747,3452,3163,West Virginia,Connecticut,1705.972421133595,1921.3336140603578,8,3
2024_3439_3452,0.29406858624322707,3452,3439,West Virginia,Virginia Tech,1705.972421133595,1847.229227065635,8,4
2024_3124_3452,0.424976873004167,3452,3124,West Virginia,Baylor,1705.972421133595,1761.3275962097346,8,5
2024_3393_3452,0.42394254907216933,3452,3393,West Virginia,Syracuse,1705.972421133595,1730.6665843168998,8,6
2024_3181_3452,0.4573096248638874,3452,3181,West Virginia,Duke,1705.972421133595,1752.688159118207,8,7
2024_3242_3452,0.5229196757078167,3452,3242,West Virginia,Kansas,1705.972421133595,1705.528887123695,8,8
2024_3276_3452,0.5844852533805118,3452,3276,West Virginia,Michigan,1705.972421133595,1680.1913479376847,8,9
2024_3350_3452,0.6125228841677668,3452,3350,West Virginia,Richmond,1705.972421133595,1778.4365011097805,8,10
2024_3112_3452,0.6322735641362971,3452,3112,West Virginia,Arizona,1705.972421133595,1663.5246475881788,8,11
2024_3120_3452,0.6548964027526682,3452,3120,West Virginia,Auburn,1705.972421133595,1670.9243359044353,8,11
2024_3162_3452,0.7397015100588048,3452,3162,West Virginia,Columbia,1705.972421133595,1784.2973369270142,8,12
2024_3435_3452,0.7233275329937184,3452,3435,West Virginia,Vanderbilt,1705.972421133595,1649.7364456557825,8,12
2024_3267_3452,0.7540496996180256,3452,3267,West Virginia,Marshall,1705.972421133595,1711.538083968918,8,13
2024_3238_3452,0.794104223013099,3452,3238,West Virginia,Jackson St,1705.972421133595,1694.6207667651774,8,14
2024_3263_3452,0.8495366618143186,3452,3263,West Virginia,Maine,1705.972421133595,1644.585593286405,8,15
2024_3394_3452,0.8875849292169636,3452,3394,West Virginia,TAM C. Christi,1705.972421133595,1580.4352854776812,8,16
2024_3343_3424,0.4892710056769596,3343,3424,Princeton,UNLV,1851.7261643002205,1834.6954708399526,9,10
2024_3292_3343,0.5632372935191157,3343,3292,Princeton,MTSU,1851.7261643002205,1825.9686936108571,9,11
2024_3179_3343,0.6829982642295664,3343,3179,Princeton,Drake,1851.7261643002205,1793.7637493219408,9,12
2024_3339_3343,0.7431759542097295,3343,3339,Princeton,Portland,1851.7261643002205,1660.2154003231187,9,13
2024_3343_3349,0.7832973858849247,3343,3349,Princeton,Rice,1851.7261643002205,1602.7806164848662,9,14
2024_3343_3465,0.822033111810859,3343,3465,Princeton,Cal Baptist,1851.7261643002205,1748.2794249498818,9,15
2024_3221_3343,0.859000061462985,3343,3221,Princeton,Holy Cross,1851.7261643002205,1555.6375404933337,9,16
2024_3343_3404,0.8481418535219297,3343,3404,Princeton,TN Martin,1851.7261643002205,1460.6304570200384,9,16
2024_3343_3425,0.18884401018513933,3343,3425,Princeton,USC,1851.7261643002205,1838.1292755662923,9,1
2024_3326_3343,0.18955779819620924,3343,3326,Princeton,Ohio St,1851.7261643002205,1849.2050670726867,9,2
2024_3163_3343,0.18408389756065946,3343,3163,Princeton,Connecticut,1851.7261643002205,1921.3336140603578,9,3
2024_3343_3439,0.2513008797033581,3343,3439,Princeton,Virginia Tech,1851.7261643002205,1847.229227065635,9,4
2024_3124_3343,0.34690715016229445,3343,3124,Princeton,Baylor,1851.7261643002205,1761.3275962097346,9,5
2024_3343_3393,0.3828901525375532,3343,3393,Princeton,Syracuse,1851.7261643002205,1730.6665843168998,9,6
2024_3181_3343,0.4256411920413008,3343,3181,Princeton,Duke,1851.7261643002205,1752.688159118207,9,7
2024_3242_3343,0.513899258090282,3343,3242,Princeton,Kansas,1851.7261643002205,1705.528887123695,9,8
2024_3276_3343,0.5587837308645245,3343,3276,Princeton,Michigan,1851.7261643002205,1680.1913479376847,9,9
2024_3343_3350,0.5593657550084339,3343,3350,Princeton,Richmond,1851.7261643002205,1778.4365011097805,9,10
2024_3112_3343,0.6441640992537501,3343,3112,Princeton,Arizona,1851.7261643002205,1663.5246475881788,9,11
2024_3120_3343,0.6433444906846049,3343,3120,Princeton,Auburn,1851.7261643002205,1670.9243359044353,9,11
2024_3162_3343,0.6710583511951274,3343,3162,Princeton,Columbia,1851.7261643002205,1784.2973369270142,9,12
2024_3343_3435,0.6964195613029307,3343,3435,Princeton,Vanderbilt,1851.7261643002205,1649.7364456557825,9,12
2024_3267_3343,0.7352291053404058,3343,3267,Princeton,Marshall,1851.7261643002205,1711.538083968918,9,13
2024_3238_3343,0.7911963424221714,3343,3238,Princeton,Jackson St,1851.7261643002205,1694.6207667651774,9,14
2024_3263_3343,0.8150973365308603,3343,3263,Princeton,Maine,1851.7261643002205,1644.585593286405,9,15
2024_3343_3394,0.8612166389928922,3343,3394,Princeton,TAM C. Christi,1851.7261643002205,1580.4352854776812,9,16
2024_3292_3424,0.5371147003638492,3424,3292,UNLV,MTSU,1834.6954708399526,1825.9686936108571,10,11
2024_3179_3424,0.6213499297276499,3424,3179,UNLV,Drake,1834.6954708399526,1793.7637493219408,10,12
2024_3339_3424,0.7065723631742304,3424,3339,UNLV,Portland,1834.6954708399526,1660.2154003231187,10,13
2024_3349_3424,0.7510144716371739,3424,3349,UNLV,Rice,1834.6954708399526,1602.7806164848662,10,14
2024_3424_3465,0.7725485822693546,3424,3465,UNLV,Cal Baptist,1834.6954708399526,1748.2794249498818,10,15
2024_3221_3424,0.8207234785558541,3424,3221,UNLV,Holy Cross,1834.6954708399526,1555.6375404933337,10,16
2024_3404_3424,0.8032368764879068,3424,3404,UNLV,TN Martin,1834.6954708399526,1460.6304570200384,10,16
2024_3424_3425,0.14341892176931048,3424,3425,UNLV,USC,1834.6954708399526,1838.1292755662923,10,1
2024_3326_3424,0.17586774374140993,3424,3326,UNLV,Ohio St,1834.6954708399526,1849.2050670726867,10,2
2024_3163_3424,0.1989236697448619,3424,3163,UNLV,Connecticut,1834.6954708399526,1921.3336140603578,10,3
2024_3424_3439,0.2420969679353867,3424,3439,UNLV,Virginia Tech,1834.6954708399526,1847.229227065635,10,4
2024_3124_3424,0.32038894383747907,3424,3124,UNLV,Baylor,1834.6954708399526,1761.3275962097346,10,5
2024_3393_3424,0.35507884265287215,3424,3393,UNLV,Syracuse,1834.6954708399526,1730.6665843168998,10,6
2024_3181_3424,0.40065372248861064,3424,3181,UNLV,Duke,1834.6954708399526,1752.688159118207,10,7
2024_3242_3424,0.43976126416768935,3424,3242,UNLV,Kansas,1834.6954708399526,1705.528887123695,10,8
2024_3276_3424,0.5200870546829944,3424,3276,UNLV,Michigan,1834.6954708399526,1680.1913479376847,10,9
2024_3350_3424,0.5224358946084973,3424,3350,UNLV,Richmond,1834.6954708399526,1778.4365011097805,10,10
2024_3112_3424,0.592959394739841,3424,3112,UNLV,Arizona,1834.6954708399526,1663.5246475881788,10,11
2024_3120_3424,0.576207777546619,3424,3120,UNLV,Auburn,1834.6954708399526,1670.9243359044353,10,11
2024_3162_3424,0.6108299334422114,3424,3162,UNLV,Columbia,1834.6954708399526,1784.2973369270142,10,12
2024_3424_3435,0.6505979140177729,3424,3435,UNLV,Vanderbilt,1834.6954708399526,1649.7364456557825,10,12
2024_3267_3424,0.694342309630186,3424,3267,UNLV,Marshall,1834.6954708399526,1711.538083968918,10,13
2024_3238_3424,0.7414103156198705,3424,3238,UNLV,Jackson St,1834.6954708399526,1694.6207667651774,10,14
2024_3263_3424,0.7817025146023472,3424,3263,UNLV,Maine,1834.6954708399526,1644.585593286405,10,15
2024_3394_3424,0.8308003590108712,3424,3394,UNLV,TAM C. Christi,1834.6954708399526,1580.4352854776812,10,16
2024_3179_3292,0.5851730760800586,3292,3179,MTSU,Drake,1825.9686936108571,1793.7637493219408,11,12
2024_3292_3339,0.6609937836304667,3292,3339,MTSU,Portland,1825.9686936108571,1660.2154003231187,11,13
2024_3292_3349,0.7095995936754054,3292,3349,MTSU,Rice,1825.9686936108571,1602.7806164848662,11,14
2024_3292_3465,0.7168649738897527,3292,3465,MTSU,Cal Baptist,1825.9686936108571,1748.2794249498818,11,15
2024_3221_3292,0.7878179809586247,3292,3221,MTSU,Holy Cross,1825.9686936108571,1555.6375404933337,11,16
2024_3292_3404,0.7793108186260899,3292,3404,MTSU,TN Martin,1825.9686936108571,1460.6304570200384,11,16
2024_3292_3425,0.11060240022786841,3292,3425,MTSU,USC,1825.9686936108571,1838.1292755662923,11,1
2024_3292_3326,0.11768363663618708,3292,3326,MTSU,Ohio St,1825.9686936108571,1849.2050670726867,11,2
2024_3163_3292,0.1322809345532824,3292,3163,MTSU,Connecticut,1825.9686936108571,1921.3336140603578,11,3
2024_3292_3439,0.18721258639229613,3292,3439,MTSU,Virginia Tech,1825.9686936108571,1847.229227065635,11,4
2024_3124_3292,0.25986145430785756,3292,3124,MTSU,Baylor,1825.9686936108571,1761.3275962097346,11,5
2024_3292_3393,0.29310721992094846,3292,3393,MTSU,Syracuse,1825.9686936108571,1730.6665843168998,11,6
2024_3181_3292,0.3437622451911717,3292,3181,MTSU,Duke,1825.9686936108571,1752.688159118207,11,7
2024_3242_3292,0.41332620640966167,3292,3242,MTSU,Kansas,1825.9686936108571,1705.528887123695,11,8
2024_3276_3292,0.45334809824075606,3292,3276,MTSU,Michigan,1825.9686936108571,1680.1913479376847,11,9
2024_3292_3350,0.4644265088570362,3292,3350,MTSU,Richmond,1825.9686936108571,1778.4365011097805,11,10
2024_3112_3292,0.5636678248643872,3292,3112,MTSU,Arizona,1825.9686936108571,1663.5246475881788,11,11
2024_3120_3292,0.5621190875768658,3292,3120,MTSU,Auburn,1825.9686936108571,1670.9243359044353,11,11
2024_3162_3292,0.5637583491074787,3292,3162,MTSU,Columbia,1825.9686936108571,1784.2973369270142,11,12
2024_3292_3435,0.5899085906016575,3292,3435,MTSU,Vanderbilt,1825.9686936108571,1649.7364456557825,11,12
2024_3267_3292,0.641333489574528,3292,3267,MTSU,Marshall,1825.9686936108571,1711.538083968918,11,13
2024_3238_3292,0.7031363789203471,3292,3238,MTSU,Jackson St,1825.9686936108571,1694.6207667651774,11,14
2024_3263_3292,0.746574134217664,3292,3263,MTSU,Maine,1825.9686936108571,1644.585593286405,11,15
2024_3292_3394,0.784896161271735,3292,3394,MTSU,TAM C. Christi,1825.9686936108571,1580.4352854776812,11,16
2024_3179_3339,0.5597191509473072,3179,3339,Drake,Portland,1793.7637493219408,1660.2154003231187,12,13
2024_3179_3349,0.6281673003808024,3179,3349,Drake,Rice,1793.7637493219408,1602.7806164848662,12,14
2024_3179_3465,0.6827008668544596,3179,3465,Drake,Cal Baptist,1793.7637493219408,1748.2794249498818,12,15
2024_3179_3221,0.7432877427210057,3179,3221,Drake,Holy Cross,1793.7637493219408,1555.6375404933337,12,16
2024_3179_3404,0.7070494747032369,3179,3404,Drake,TN Martin,1793.7637493219408,1460.6304570200384,12,16
2024_3179_3425,0.06757791312381986,3179,3425,Drake,USC,1793.7637493219408,1838.1292755662923,12,1
2024_3179_3326,0.07254705481179938,3179,3326,Drake,Ohio St,1793.7637493219408,1849.2050670726867,12,2
2024_3163_3179,0.08963565403287554,3179,3163,Drake,Connecticut,1793.7637493219408,1921.3336140603578,12,3
2024_3179_3439,0.1264453120042254,3179,3439,Drake,Virginia Tech,1793.7637493219408,1847.229227065635,12,4
2024_3124_3179,0.17426451667083578,3179,3124,Drake,Baylor,1793.7637493219408,1761.3275962097346,12,5
2024_3179_3393,0.2319421246050034,3179,3393,Drake,Syracuse,1793.7637493219408,1730.6665843168998,12,6
2024_3179_3181,0.24401412247259943,3179,3181,Drake,Duke,1793.7637493219408,1752.688159118207,12,7
2024_3179_3242,0.32101421446903045,3179,3242,Drake,Kansas,1793.7637493219408,1705.528887123695,12,8
2024_3179_3276,0.3509942244527029,3179,3276,Drake,Michigan,1793.7637493219408,1680.1913479376847,12,9
2024_3179_3350,0.37955302550640013,3179,3350,Drake,Richmond,1793.7637493219408,1778.4365011097805,12,10
2024_3112_3179,0.4327635306251293,3179,3112,Drake,Arizona,1793.7637493219408,1663.5246475881788,12,11
2024_3120_3179,0.4411737385523563,3179,3120,Drake,Auburn,1793.7637493219408,1670.9243359044353,12,11
2024_3162_3179,0.4752031624317165,3179,3162,Drake,Columbia,1793.7637493219408,1784.2973369270142,12,12
2024_3179_3435,0.4975427895784374,3179,3435,Drake,Vanderbilt,1793.7637493219408,1649.7364456557825,12,12
2024_3179_3267,0.5713754352795826,3179,3267,Drake,Marshall,1793.7637493219408,1711.538083968918,12,13
2024_3179_3238,0.6375939537659647,3179,3238,Drake,Jackson St,1793.7637493219408,1694.6207667651774,12,14
2024_3179_3263,0.6788057629230326,3179,3263,Drake,Maine,1793.7637493219408,1644.585593286405,12,15
2024_3179_3394,0.7468802338709081,3179,3394,Drake,TAM C. Christi,1793.7637493219408,1580.4352854776812,12,16
2024_3339_3349,0.5701115932929264,3339,3349,Portland,Rice,1660.2154003231187,1602.7806164848662,13,14
2024_3339_3465,0.5918632586375239,3339,3465,Portland,Cal Baptist,1660.2154003231187,1748.2794249498818,13,15
2024_3221_3339,0.6811723951461619,3339,3221,Portland,Holy Cross,1660.2154003231187,1555.6375404933337,13,16
2024_3339_3404,0.6712120417716807,3339,3404,Portland,TN Martin,1660.2154003231187,1460.6304570200384,13,16
2024_3339_3425,0.030188252143561838,3339,3425,Portland,USC,1660.2154003231187,1838.1292755662923,13,1
2024_3326_3339,0.04441431881830458,3339,3326,Portland,Ohio St,1660.2154003231187,1849.2050670726867,13,2
2024_3163_3339,0.06114894334175572,3339,3163,Portland,Connecticut,1660.2154003231187,1921.3336140603578,13,3
2024_3339_3439,0.0805135487175479,3339,3439,Portland,Virginia Tech,1660.2154003231187,1847.229227065635,13,4
2024_3124_3339,0.1290550305952002,3339,3124,Portland,Baylor,1660.2154003231187,1761.3275962097346,13,5
2024_3339_3393,0.16236107422841864,3339,3393,Portland,Syracuse,1660.2154003231187,1730.6665843168998,13,6
2024_3181_3339,0.17813968093675714,3339,3181,Portland,Duke,1660.2154003231187,1752.688159118207,13,7
2024_3242_3339,0.2874194317920956,3339,3242,Portland,Kansas,1660.2154003231187,1705.528887123695,13,8
2024_3276_3339,0.27561714143855864,3339,3276,Portland,Michigan,1660.2154003231187,1680.1913479376847,13,9
2024_3339_3350,0.31425727417442073,3339,3350,Portland,Richmond,1660.2154003231187,1778.4365011097805,13,10
2024_3112_3339,0.3460561762675276,3339,3112,Portland,Arizona,1660.2154003231187,1663.5246475881788,13,11
2024_3120_3339,0.36586756064739134,3339,3120,Portland,Auburn,1660.2154003231187,1670.9243359044353,13,11
2024_3162_3339,0.41678091765763814,3339,3162,Portland,Columbia,1660.2154003231187,1784.2973369270142,13,12
2024_3339_3435,0.4274071964752918,3339,3435,Portland,Vanderbilt,1660.2154003231187,1649.7364456557825,13,12
2024_3267_3339,0.46918870359659154,3339,3267,Portland,Marshall,1660.2154003231187,1711.538083968918,13,13
2024_3238_3339,0.5445541050898777,3339,3238,Portland,Jackson St,1660.2154003231187,1694.6207667651774,13,14
2024_3263_3339,0.5809961994067194,3339,3263,Portland,Maine,1660.2154003231187,1644.585593286405,13,15
2024_3339_3394,0.6680770460727519,3339,3394,Portland,TAM C. Christi,1660.2154003231187,1580.4352854776812,13,16
2024_3349_3465,0.5057714190947757,3349,3465,Rice,Cal Baptist,1602.7806164848662,1748.2794249498818,14,15
2024_3221_3349,0.59199863568697,3349,3221,Rice,Holy Cross,1602.7806164848662,1555.6375404933337,14,16
2024_3349_3404,0.662124573148823,3349,3404,Rice,TN Martin,1602.7806164848662,1460.6304570200384,14,16
2024_3349_3425,0.027166696190834044,3349,3425,Rice,USC,1602.7806164848662,1838.1292755662923,14,1
2024_3326_3349,0.029774240143597124,3349,3326,Rice,Ohio St,1602.7806164848662,1849.2050670726867,14,2
2024_3163_3349,0.04227905319974188,3349,3163,Rice,Connecticut,1602.7806164848662,1921.3336140603578,14,3
2024_3349_3439,0.05673090830394015,3349,3439,Rice,Virginia Tech,1602.7806164848662,1847.229227065635,14,4
2024_3124_3349,0.09070152850513602,3349,3124,Rice,Baylor,1602.7806164848662,1761.3275962097346,14,5
2024_3349_3393,0.12529149646653429,3349,3393,Rice,Syracuse,1602.7806164848662,1730.6665843168998,14,6
2024_3181_3349,0.14456905423535185,3349,3181,Rice,Duke,1602.7806164848662,1752.688159118207,14,7
2024_3242_3349,0.2000713683066998,3349,3242,Rice,Kansas,1602.7806164848662,1705.528887123695,14,8
2024_3276_3349,0.21816165460784762,3349,3276,Rice,Michigan,1602.7806164848662,1680.1913479376847,14,9
2024_3349_3350,0.2627662459145337,3349,3350,Rice,Richmond,1602.7806164848662,1778.4365011097805,14,10
2024_3112_3349,0.292814641052215,3349,3112,Rice,Arizona,1602.7806164848662,1663.5246475881788,14,11
2024_3120_3349,0.28845868145796527,3349,3120,Rice,Auburn,1602.7806164848662,1670.9243359044353,14,11
2024_3162_3349,0.3283932636603346,3349,3162,Rice,Columbia,1602.7806164848662,1784.2973369270142,14,12
2024_3349_3435,0.3427813629731169,3349,3435,Rice,Vanderbilt,1602.7806164848662,1649.7364456557825,14,12
2024_3267_3349,0.3939226704967266,3349,3267,Rice,Marshall,1602.7806164848662,1711.538083968918,14,13
2024_3238_3349,0.4436065316200252,3349,3238,Rice,Jackson St,1602.7806164848662,1694.6207667651774,14,14
2024_3263_3349,0.5379140731560932,3349,3263,Rice,Maine,1602.7806164848662,1644.585593286405,14,15
2024_3349_3394,0.6164207448140147,3349,3394,Rice,TAM C. Christi,1602.7806164848662,1580.4352854776812,14,16
2024_3221_3465,0.5972419288623081,3465,3221,Cal Baptist,Holy Cross,1748.2794249498818,1555.6375404933337,15,16
2024_3404_3465,0.6016652193534122,3465,3404,Cal Baptist,TN Martin,1748.2794249498818,1460.6304570200384,15,16
2024_3425_3465,0.034925358295440675,3465,3425,Cal Baptist,USC,1748.2794249498818,1838.1292755662923,15,1
2024_3326_3465,0.03325060561299324,3465,3326,Cal Baptist,Ohio St,1748.2794249498818,1849.2050670726867,15,2
2024_3163_3465,0.029797555804252623,3465,3163,Cal Baptist,Connecticut,1748.2794249498818,1921.3336140603578,15,3
2024_3439_3465,0.04588310392544035,3465,3439,Cal Baptist,Virginia Tech,1748.2794249498818,1847.229227065635,15,4
2024_3124_3465,0.06834703586944327,3465,3124,Cal Baptist,Baylor,1748.2794249498818,1761.3275962097346,15,5
2024_3393_3465,0.09359627650742675,3465,3393,Cal Baptist,Syracuse,1748.2794249498818,1730.6665843168998,15,6
2024_3181_3465,0.12384008425070539,3465,3181,Cal Baptist,Duke,1748.2794249498818,1752.688159118207,15,7
2024_3242_3465,0.18231922014488058,3465,3242,Cal Baptist,Kansas,1748.2794249498818,1705.528887123695,15,8
2024_3276_3465,0.23176740849000554,3465,3276,Cal Baptist,Michigan,1748.2794249498818,1680.1913479376847,15,9
2024_3350_3465,0.23810438899834482,3465,3350,Cal Baptist,Richmond,1748.2794249498818,1778.4365011097805,15,10
2024_3112_3465,0.296107608986929,3465,3112,Cal Baptist,Arizona,1748.2794249498818,1663.5246475881788,15,11
2024_3120_3465,0.2966181376705914,3465,3120,Cal Baptist,Auburn,1748.2794249498818,1670.9243359044353,15,11
2024_3162_3465,0.3006802189883875,3465,3162,Cal Baptist,Columbia,1748.2794249498818,1784.2973369270142,15,12
2024_3435_3465,0.33614997079345454,3465,3435,Cal Baptist,Vanderbilt,1748.2794249498818,1649.7364456557825,15,12
2024_3267_3465,0.38337229742851164,3465,3267,Cal Baptist,Marshall,1748.2794249498818,1711.538083968918,15,13
2024_3238_3465,0.441757700158382,3465,3238,Cal Baptist,Jackson St,1748.2794249498818,1694.6207667651774,15,14
2024_3263_3465,0.5240636378526684,3465,3263,Cal Baptist,Maine,1748.2794249498818,1644.585593286405,15,15
2024_3394_3465,0.5781292673814045,3465,3394,Cal Baptist,TAM C. Christi,1748.2794249498818,1580.4352854776812,15,16
2024_3221_3404,0.5342317134141918,3221,3404,Holy Cross,TN Martin,1555.6375404933337,1460.6304570200384,16,16
2024_3221_3425,0.024805629551410673,3221,3425,Holy Cross,USC,1555.6375404933337,1838.1292755662923,16,1
2024_3221_3326,0.026950456127524374,3221,3326,Holy Cross,Ohio St,1555.6375404933337,1849.2050670726867,16,2
2024_3163_3221,0.026477212011814116,3221,3163,Holy Cross,Connecticut,1555.6375404933337,1921.3336140603578,16,3
2024_3221_3439,0.02392648385837674,3221,3439,Holy Cross,Virginia Tech,1555.6375404933337,1847.229227065635,16,4
2024_3124_3221,0.04034966016158823,3221,3124,Holy Cross,Baylor,1555.6375404933337,1761.3275962097346,16,5
2024_3221_3393,0.058822371027850956,3221,3393,Holy Cross,Syracuse,1555.6375404933337,1730.6665843168998,16,6
2024_3181_3221,0.07836133116548205,3221,3181,Holy Cross,Duke,1555.6375404933337,1752.688159118207,16,7
2024_3221_3242,0.12182781840457216,3221,3242,Holy Cross,Kansas,1555.6375404933337,1705.528887123695,16,8
2024_3221_3276,0.16729759423865156,3221,3276,Holy Cross,Michigan,1555.6375404933337,1680.1913479376847,16,9
2024_3221_3350,0.16598170989734273,3221,3350,Holy Cross,Richmond,1555.6375404933337,1778.4365011097805,16,10
2024_3112_3221,0.22419309331615297,3221,3112,Holy Cross,Arizona,1555.6375404933337,1663.5246475881788,16,11
2024_3120_3221,0.21206337301571695,3221,3120,Holy Cross,Auburn,1555.6375404933337,1670.9243359044353,16,11
2024_3162_3221,0.23965613373918823,3221,3162,Holy Cross,Columbia,1555.6375404933337,1784.2973369270142,16,12
2024_3221_3435,0.25402644292815024,3221,3435,Holy Cross,Vanderbilt,1555.6375404933337,1649.7364456557825,16,12
2024_3221_3267,0.2866582896349119,3221,3267,Holy Cross,Marshall,1555.6375404933337,1711.538083968918,16,13
2024_3221_3238,0.32756143241372015,3221,3238,Holy Cross,Jackson St,1555.6375404933337,1694.6207667651774,16,14
2024_3221_3263,0.4427097502482181,3221,3263,Holy Cross,Maine,1555.6375404933337,1644.585593286405,16,15
2024_3221_3394,0.48047072291374165,3221,3394,Holy Cross,TAM C. Christi,1555.6375404933337,1580.4352854776812,16,16
2024_3404_3425,0.028358976282179354,3404,3425,TN Martin,USC,1460.6304570200384,1838.1292755662923,16,1
2024_3326_3404,0.030149206444621084,3404,3326,TN Martin,Ohio St,1460.6304570200384,1849.2050670726867,16,2
2024_3163_3404,0.028710479773581026,3404,3163,TN Martin,Connecticut,1460.6304570200384,1921.3336140603578,16,3
2024_3404_3439,0.02532269239425659,3404,3439,TN Martin,Virginia Tech,1460.6304570200384,1847.229227065635,16,4
2024_3124_3404,0.040446651819798986,3404,3124,TN Martin,Baylor,1460.6304570200384,1761.3275962097346,16,5
2024_3393_3404,0.05969658583351359,3404,3393,TN Martin,Syracuse,1460.6304570200384,1730.6665843168998,16,6
2024_3181_3404,0.0802502861774459,3404,3181,TN Martin,Duke,1460.6304570200384,1752.688159118207,16,7
2024_3242_3404,0.12104631210459962,3404,3242,TN Martin,Kansas,1460.6304570200384,1705.528887123695,16,8
2024_3276_3404,0.14377983844710665,3404,3276,TN Martin,Michigan,1460.6304570200384,1680.1913479376847,16,9
2024_3350_3404,0.1833266429005299,3404,3350,TN Martin,Richmond,1460.6304570200384,1778.4365011097805,16,10
2024_3112_3404,0.21059371246536104,3404,3112,TN Martin,Arizona,1460.6304570200384,1663.5246475881788,16,11
2024_3120_3404,0.20803607157011358,3404,3120,TN Martin,Auburn,1460.6304570200384,1670.9243359044353,16,11
2024_3162_3404,0.2460240984092503,3404,3162,TN Martin,Columbia,1460.6304570200384,1784.2973369270142,16,12
2024_3404_3435,0.23949087986154846,3404,3435,TN Martin,Vanderbilt,1460.6304570200384,1649.7364456557825,16,12
2024_3267_3404,0.28669213017198314,3404,3267,TN Martin,Marshall,1460.6304570200384,1711.538083968918,16,13
2024_3238_3404,0.32325313418354895,3404,3238,TN Martin,Jackson St,1460.6304570200384,1694.6207667651774,16,14
2024_3263_3404,0.42002471418502385,3404,3263,TN Martin,Maine,1460.6304570200384,1644.585593286405,16,15
2024_3394_3404,0.4668673485517498,3404,3394,TN Martin,TAM C. Christi,1460.6304570200384,1580.4352854776812,16,16
2024_3326_3425,0.4805007409918056,3425,3326,USC,Ohio St,1838.1292755662923,1849.2050670726867,1,2
2024_3163_3425,0.505086420930958,3425,3163,USC,Connecticut,1838.1292755662923,1921.3336140603578,1,3
2024_3425_3439,0.5706495586993998,3425,3439,USC,Virginia Tech,1838.1292755662923,1847.229227065635,1,4
2024_3124_3425,0.703328028904363,3425,3124,USC,Baylor,1838.1292755662923,1761.3275962097346,1,5
2024_3393_3425,0.7421575150028904,3425,3393,USC,Syracuse,1838.1292755662923,1730.6665843168998,1,6
2024_3181_3425,0.7530725792648156,3425,3181,USC,Duke,1838.1292755662923,1752.688159118207,1,7
2024_3242_3425,0.7923661664234266,3425,3242,USC,Kansas,1838.1292755662923,1705.528887123695,1,8
2024_3276_3425,0.8486497745405263,3425,3276,USC,Michigan,1838.1292755662923,1680.1913479376847,1,9
2024_3350_3425,0.879364786803077,3425,3350,USC,Richmond,1838.1292755662923,1778.4365011097805,1,10
2024_3112_3425,0.9157117994879842,3425,3112,USC,Arizona,1838.1292755662923,1663.5246475881788,1,11
2024_3120_3425,0.9200710745905996,3425,3120,USC,Auburn,1838.1292755662923,1670.9243359044353,1,11
2024_3162_3425,0.9354439388032221,3425,3162,USC,Columbia,1838.1292755662923,1784.2973369270142,1,12
2024_3425_3435,0.9489697824235224,3425,3435,USC,Vanderbilt,1838.1292755662923,1649.7364456557825,1,12
2024_3267_3425,0.9501993906497955,3425,3267,USC,Marshall,1838.1292755662923,1711.538083968918,1,13
2024_3238_3425,0.9579184901714325,3425,3238,USC,Jackson St,1838.1292755662923,1694.6207667651774,1,14
2024_3263_3425,0.9713618409633636,3425,3263,USC,Maine,1838.1292755662923,1644.585593286405,1,15
2024_3394_3425,0.9739215326309204,3425,3394,USC,TAM C. Christi,1838.1292755662923,1580.4352854776812,1,16
2024_3163_3326,0.4748886582123981,3326,3163,Ohio St,Connecticut,1849.2050670726867,1921.3336140603578,2,3
2024_3326_3439,0.5794727940932276,3326,3439,Ohio St,Virginia Tech,1849.2050670726867,1847.229227065635,2,4
2024_3124_3326,0.6759986821773356,3326,3124,Ohio St,Baylor,1849.2050670726867,1761.3275962097346,2,5
2024_3326_3393,0.7285483932365621,3326,3393,Ohio St,Syracuse,1849.2050670726867,1730.6665843168998,2,6
2024_3181_3326,0.7248847594992359,3326,3181,Ohio St,Duke,1849.2050670726867,1752.688159118207,2,7
2024_3242_3326,0.784304310441192,3326,3242,Ohio St,Kansas,1849.2050670726867,1705.528887123695,2,8
2024_3276_3326,0.8254560724006758,3326,3276,Ohio St,Michigan,1849.2050670726867,1680.1913479376847,2,9
2024_3326_3350,0.8569618210683888,3326,3350,Ohio St,Richmond,1849.2050670726867,1778.4365011097805,2,10
2024_3112_3326,0.8963925672167046,3326,3112,Ohio St,Arizona,1849.2050670726867,1663.5246475881788,2,11
2024_3120_3326,0.9003513885133965,3326,3120,Ohio St,Auburn,1849.2050670726867,1670.9243359044353,2,11
2024_3162_3326,0.9303753467654348,3326,3162,Ohio St,Columbia,1849.2050670726867,1784.2973369270142,2,12
2024_3326_3435,0.9299126657103658,3326,3435,Ohio St,Vanderbilt,1849.2050670726867,1649.7364456557825,2,12
2024_3267_3326,0.9464149485345148,3326,3267,Ohio St,Marshall,1849.2050670726867,1711.538083968918,2,13
2024_3238_3326,0.9662663888931274,3326,3238,Ohio St,Jackson St,1849.2050670726867,1694.6207667651774,2,14
2024_3263_3326,0.9718434464931488,3326,3263,Ohio St,Maine,1849.2050670726867,1644.585593286405,2,15
2024_3326_3394,0.9728416752815247,3326,3394,Ohio St,TAM C. Christi,1849.2050670726867,1580.4352854776812,2,16
2024_3163_3439,0.5983802732693897,3163,3439,Connecticut,Virginia Tech,1921.3336140603578,1847.229227065635,3,4
2024_3124_3163,0.6849213083163264,3163,3124,Connecticut,Baylor,1921.3336140603578,1761.3275962097346,3,5
2024_3163_3393,0.7132919226053065,3163,3393,Connecticut,Syracuse,1921.3336140603578,1730.6665843168998,3,6
2024_3163_3181,0.7428742653001988,3163,3181,Connecticut,Duke,1921.3336140603578,1752.688159118207,3,7
2024_3163_3242,0.781331445886298,3163,3242,Connecticut,Kansas,1921.3336140603578,1705.528887123695,3,8
2024_3163_3276,0.8160938963891824,3163,3276,Connecticut,Michigan,1921.3336140603578,1680.1913479376847,3,9
2024_3163_3350,0.8462255641924009,3163,3350,Connecticut,Richmond,1921.3336140603578,1778.4365011097805,3,10
2024_3112_3163,0.8772905514131611,3163,3112,Connecticut,Arizona,1921.3336140603578,1663.5246475881788,3,11
2024_3120_3163,0.8780255660902089,3163,3120,Connecticut,Auburn,1921.3336140603578,1670.9243359044353,3,11
2024_3162_3163,0.9098087084882958,3163,3162,Connecticut,Columbia,1921.3336140603578,1784.2973369270142,3,12
2024_3163_3435,0.9128925932043297,3163,3435,Connecticut,Vanderbilt,1921.3336140603578,1649.7364456557825,3,12
2024_3163_3267,0.9338812025641561,3163,3267,Connecticut,Marshall,1921.3336140603578,1711.538083968918,3,13
2024_3163_3238,0.955642343592193,3163,3238,Connecticut,Jackson St,1921.3336140603578,1694.6207667651774,3,14
2024_3163_3263,0.9733267676830292,3163,3263,Connecticut,Maine,1921.3336140603578,1644.585593286405,3,15
2024_3163_3394,0.9734362614154816,3163,3394,Connecticut,TAM C. Christi,1921.3336140603578,1580.4352854776812,3,16
2024_3124_3439,0.6005642023551212,3439,3124,Virginia Tech,Baylor,1847.229227065635,1761.3275962097346,4,5
2024_3393_3439,0.6228385259285929,3439,3393,Virginia Tech,Syracuse,1847.229227065635,1730.6665843168998,4,6
2024_3181_3439,0.6654547993305033,3439,3181,Virginia Tech,Duke,1847.229227065635,1752.688159118207,4,7
2024_3242_3439,0.719159201370641,3439,3242,Virginia Tech,Kansas,1847.229227065635,1705.528887123695,4,8
2024_3276_3439,0.762548532201453,3439,3276,Virginia Tech,Michigan,1847.229227065635,1680.1913479376847,4,9
2024_3350_3439,0.7997560397388299,3439,3350,Virginia Tech,Richmond,1847.229227065635,1778.4365011097805,4,10
2024_3112_3439,0.833000157784091,3439,3112,Virginia Tech,Arizona,1847.229227065635,1663.5246475881788,4,11
2024_3120_3439,0.8319393143163786,3439,3120,Virginia Tech,Auburn,1847.229227065635,1670.9243359044353,4,11
2024_3162_3439,0.8761893556009358,3439,3162,Virginia Tech,Columbia,1847.229227065635,1784.2973369270142,4,12
2024_3435_3439,0.8629200503717488,3439,3435,Virginia Tech,Vanderbilt,1847.229227065635,1649.7364456557825,4,12
2024_3267_3439,0.9107769561403496,3439,3267,Virginia Tech,Marshall,1847.229227065635,1711.538083968918,4,13
2024_3238_3439,0.939121762142098,3439,3238,Virginia Tech,Jackson St,1847.229227065635,1694.6207667651774,4,14
2024_3263_3439,0.9614940891976618,3439,3263,Virginia Tech,Maine,1847.229227065635,1644.585593286405,4,15
2024_3394_3439,0.9756317985057831,3439,3394,Virginia Tech,TAM C. Christi,1847.229227065635,1580.4352854776812,4,16
2024_3124_3393,0.5253455248343692,3124,3393,Baylor,Syracuse,1761.3275962097346,1730.6665843168998,5,6
2024_3124_3181,0.5537201304808619,3124,3181,Baylor,Duke,1761.3275962097346,1752.688159118207,5,7
2024_3124_3242,0.6198894474866694,3124,3242,Baylor,Kansas,1761.3275962097346,1705.528887123695,5,8
2024_3124_3276,0.6927656835188115,3124,3276,Baylor,Michigan,1761.3275962097346,1680.1913479376847,5,9
2024_3124_3350,0.7214144280688007,3124,3350,Baylor,Richmond,1761.3275962097346,1778.4365011097805,5,10
2024_3112_3124,0.7402307436467965,3124,3112,Baylor,Arizona,1761.3275962097346,1663.5246475881788,5,11
2024_3120_3124,0.767421250105079,3124,3120,Baylor,Auburn,1761.3275962097346,1670.9243359044353,5,11
2024_3124_3162,0.8033820733533964,3124,3162,Baylor,Columbia,1761.3275962097346,1784.2973369270142,5,12
2024_3124_3435,0.7901835039363966,3124,3435,Baylor,Vanderbilt,1761.3275962097346,1649.7364456557825,5,12
2024_3124_3267,0.838861455072028,3124,3267,Baylor,Marshall,1761.3275962097346,1711.538083968918,5,13
2024_3124_3238,0.9021222127073509,3124,3238,Baylor,Jackson St,1761.3275962097346,1694.6207667651774,5,14
2024_3124_3263,0.9323136600112081,3124,3263,Baylor,Maine,1761.3275962097346,1644.585593286405,5,15
2024_3124_3394,0.9597228775735163,3124,3394,Baylor,TAM C. Christi,1761.3275962097346,1580.4352854776812,5,16
2024_3181_3393,0.48456097959158284,3393,3181,Syracuse,Duke,1730.6665843168998,1752.688159118207,6,7
2024_3242_3393,0.5924166132584574,3393,3242,Syracuse,Kansas,1730.6665843168998,1705.528887123695,6,8
2024_3276_3393,0.6366164628627604,3393,3276,Syracuse,Michigan,1730.6665843168998,1680.1913479376847,6,9
2024_3350_3393,0.6658999329675878,3393,3350,Syracuse,Richmond,1730.6665843168998,1778.4365011097805,6,10
2024_3112_3393,0.701030861450835,3393,3112,Syracuse,Arizona,1730.6665843168998,1663.5246475881788,6,11
2024_3120_3393,0.7286694160238941,3393,3120,Syracuse,Auburn,1730.6665843168998,1670.9243359044353,6,11
2024_3162_3393,0.7586960241796334,3393,3162,Syracuse,Columbia,1730.6665843168998,1784.2973369270142,6,12
2024_3393_3435,0.7759549067022165,3393,3435,Syracuse,Vanderbilt,1730.6665843168998,1649.7364456557825,6,12
2024_3267_3393,0.7782922729955778,3393,3267,Syracuse,Marshall,1730.6665843168998,1711.538083968918,6,13
2024_3238_3393,0.8435932741056508,3393,3238,Syracuse,Jackson St,1730.6665843168998,1694.6207667651774,6,14
2024_3263_3393,0.904134376108001,3393,3263,Syracuse,Maine,1730.6665843168998,1644.585593286405,6,15
2024_3393_3394,0.9376234205817342,3393,3394,Syracuse,TAM C. Christi,1730.6665843168998,1580.4352854776812,6,16
2024_3181_3242,0.5784742888676868,3181,3242,Duke,Kansas,1752.688159118207,1705.528887123695,7,8
2024_3181_3276,0.6382951577082636,3181,3276,Duke,Michigan,1752.688159118207,1680.1913479376847,7,9
2024_3181_3350,0.6598470006349391,3181,3350,Duke,Richmond,1752.688159118207,1778.4365011097805,7,10
2024_3112_3181,0.6644617324938024,3181,3112,Duke,Arizona,1752.688159118207,1663.5246475881788,7,11
2024_3120_3181,0.7180936342348302,3181,3120,Duke,Auburn,1752.688159118207,1670.9243359044353,7,11
2024_3162_3181,0.7510098329321583,3181,3162,Duke,Columbia,1752.688159118207,1784.2973369270142,7,12
2024_3181_3435,0.7679078391329487,3181,3435,Duke,Vanderbilt,1752.688159118207,1649.7364456557825,7,12
2024_3181_3267,0.7880987421275933,3181,3267,Duke,Marshall,1752.688159118207,1711.538083968918,7,13
2024_3181_3238,0.8342822238908872,3181,3238,Duke,Jackson St,1752.688159118207,1694.6207667651774,7,14
2024_3181_3263,0.8827561781297749,3181,3263,Duke,Maine,1752.688159118207,1644.585593286405,7,15
2024_3181_3394,0.9210991395109398,3181,3394,Duke,TAM C. Christi,1752.688159118207,1580.4352854776812,7,16
2024_3242_3276,0.5477032717931019,3242,3276,Kansas,Michigan,1705.528887123695,1680.1913479376847,8,9
2024_3242_3350,0.5958524783030512,3242,3350,Kansas,Richmond,1705.528887123695,1778.4365011097805,8,10
2024_3112_3242,0.6148155573966807,3242,3112,Kansas,Arizona,1705.528887123695,1663.5246475881788,8,11
2024_3120_3242,0.6339648459317988,3242,3120,Kansas,Auburn,1705.528887123695,1670.9243359044353,8,11
2024_3162_3242,0.6929928815235341,3242,3162,Kansas,Columbia,1705.528887123695,1784.2973369270142,8,12
2024_3242_3435,0.6889434462656224,3242,3435,Kansas,Vanderbilt,1705.528887123695,1649.7364456557825,8,12
2024_3242_3267,0.6987527868286808,3242,3267,Kansas,Marshall,1705.528887123695,1711.538083968918,8,13
2024_3238_3242,0.7833250806333383,3242,3238,Kansas,Jackson St,1705.528887123695,1694.6207667651774,8,14
2024_3242_3263,0.8229088530050382,3242,3263,Kansas,Maine,1705.528887123695,1644.585593286405,8,15
2024_3242_3394,0.8723470613847798,3242,3394,Kansas,TAM C. Christi,1705.528887123695,1580.4352854776812,8,16
2024_3276_3350,0.529326936291431,3276,3350,Michigan,Richmond,1680.1913479376847,1778.4365011097805,9,10
2024_3112_3276,0.5761407007351877,3276,3112,Michigan,Arizona,1680.1913479376847,1663.5246475881788,9,11
2024_3120_3276,0.5708066065684321,3276,3120,Michigan,Auburn,1680.1913479376847,1670.9243359044353,9,11
2024_3162_3276,0.6401893440845317,3276,3162,Michigan,Columbia,1680.1913479376847,1784.2973369270142,9,12
2024_3276_3435,0.6226216647985285,3276,3435,Michigan,Vanderbilt,1680.1913479376847,1649.7364456557825,9,12
2024_3267_3276,0.6691703057159627,3276,3267,Michigan,Marshall,1680.1913479376847,1711.538083968918,9,13
2024_3238_3276,0.7282415142790516,3276,3238,Michigan,Jackson St,1680.1913479376847,1694.6207667651774,9,14
2024_3263_3276,0.7895403400661309,3276,3263,Michigan,Maine,1680.1913479376847,1644.585593286405,9,15
2024_3276_3394,0.8434285864339933,3276,3394,Michigan,TAM C. Christi,1680.1913479376847,1580.4352854776812,9,16
2024_3112_3350,0.5222324934470401,3350,3112,Richmond,Arizona,1778.4365011097805,1663.5246475881788,10,11
2024_3120_3350,0.5456717964875446,3350,3120,Richmond,Auburn,1778.4365011097805,1670.9243359044353,10,11
2024_3162_3350,0.5513997812644007,3350,3162,Richmond,Columbia,1778.4365011097805,1784.2973369270142,10,12
2024_3350_3435,0.5766565044299128,3350,3435,Richmond,Vanderbilt,1778.4365011097805,1649.7364456557825,10,12
2024_3267_3350,0.6453608069780177,3350,3267,Richmond,Marshall,1778.4365011097805,1711.538083968918,10,13
2024_3238_3350,0.7212242340912068,3350,3238,Richmond,Jackson St,1778.4365011097805,1694.6207667651774,10,14
2024_3263_3350,0.7387740424410542,3350,3263,Richmond,Maine,1778.4365011097805,1644.585593286405,10,15
2024_3350_3394,0.8252924427987893,3350,3394,Richmond,TAM C. Christi,1778.4365011097805,1580.4352854776812,10,16
2024_3112_3120,0.4913230448961254,3112,3120,Arizona,Auburn,1663.5246475881788,1670.9243359044353,11,11
2024_3112_3162,0.5690008905398594,3112,3162,Arizona,Columbia,1663.5246475881788,1784.2973369270142,11,12
2024_3112_3435,0.5476484802233921,3112,3435,Arizona,Vanderbilt,1663.5246475881788,1649.7364456557825,11,12
2024_3112_3267,0.5762571682110789,3112,3267,Arizona,Marshall,1663.5246475881788,1711.538083968918,11,13
2024_3112_3238,0.6655724887016123,3112,3238,Arizona,Jackson St,1663.5246475881788,1694.6207667651774,11,14
2024_3112_3263,0.7227783059944356,3112,3263,Arizona,Maine,1663.5246475881788,1644.585593286405,11,15
2024_3112_3394,0.7718132397667606,3112,3394,Arizona,TAM C. Christi,1663.5246475881788,1580.4352854776812,11,16
2024_3120_3162,0.5756691005694614,3120,3162,Auburn,Columbia,1670.9243359044353,1784.2973369270142,11,12
2024_3120_3435,0.5602864977586017,3120,3435,Auburn,Vanderbilt,1670.9243359044353,1649.7364456557825,11,12
2024_3120_3267,0.6177151639834406,3120,3267,Auburn,Marshall,1670.9243359044353,1711.538083968918,11,13
2024_3120_3238,0.6675942484500712,3120,3238,Auburn,Jackson St,1670.9243359044353,1694.6207667651774,11,14
2024_3120_3263,0.7388405507673467,3120,3263,Auburn,Maine,1670.9243359044353,1644.585593286405,11,15
2024_3120_3394,0.7855703494087894,3120,3394,Auburn,TAM C. Christi,1670.9243359044353,1580.4352854776812,11,16
2024_3162_3435,0.49207230508327443,3162,3435,Columbia,Vanderbilt,1784.2973369270142,1649.7364456557825,12,12
2024_3162_3267,0.580101495670055,3162,3267,Columbia,Marshall,1784.2973369270142,1711.538083968918,12,13
2024_3162_3238,0.6435113389864924,3162,3238,Columbia,Jackson St,1784.2973369270142,1694.6207667651774,12,14
2024_3162_3263,0.6978279892566508,3162,3263,Columbia,Maine,1784.2973369270142,1644.585593286405,12,15
2024_3162_3394,0.7565398818124974,3162,3394,Columbia,TAM C. Christi,1784.2973369270142,1580.4352854776812,12,16
2024_3267_3435,0.5498469528424488,3435,3267,Vanderbilt,Marshall,1649.7364456557825,1711.538083968918,12,13
2024_3238_3435,0.6249233324900629,3435,3238,Vanderbilt,Jackson St,1649.7364456557825,1694.6207667651774,12,14
2024_3263_3435,0.6983755175235575,3435,3263,Vanderbilt,Maine,1649.7364456557825,1644.585593286405,12,15
2024_3394_3435,0.7452893262972081,3435,3394,Vanderbilt,TAM C. Christi,1649.7364456557825,1580.4352854776812,12,16
2024_3238_3267,0.5214811023938404,3267,3238,Marshall,Jackson St,1711.538083968918,1694.6207667651774,13,14
2024_3263_3267,0.6287503083125117,3267,3263,Marshall,Maine,1711.538083968918,1644.585593286405,13,15
2024_3267_3394,0.6960033122661418,3267,3394,Marshall,TAM C. Christi,1711.538083968918,1580.4352854776812,13,16
2024_3238_3263,0.5938492920863376,3238,3263,Jackson St,Maine,1694.6207667651774,1644.585593286405,14,15
2024_3238_3394,0.6498561938181879,3238,3394,Jackson St,TAM C. Christi,1694.6207667651774,1580.4352854776812,14,16
2024_3263_3394,0.5481913444268451,3263,3394,Maine,TAM C. Christi,1644.585593286405,1580.4352854776812,15,16
