ID,Pred,Team1ID,Team2ID,Team1Name,Team2Name,Team1ELO,Team2ELO,Team1Seed,Team2Seed
2024_1163_1235,0.7306609226671338,1163,1235,Connecticut,Iowa St,1955.6981114401428,1819.0023319193435,1,2
2024_1163_1228,0.7900106252448021,1163,1228,Connecticut,Illinois,1955.6981114401428,1784.2956472637227,1,3
2024_1120_1163,0.7959312938467971,1163,1120,Connecticut,Auburn,1955.6981114401428,1793.8134021646629,1,4
2024_1163_1361,0.8525212479703154,1163,1361,Connecticut,San Diego St,1955.6981114401428,1749.0065961110001,1,5
2024_1140_1163,0.9017989846795589,1163,1140,Connecticut,BYU,1955.6981114401428,1693.6502940625378,1,6
2024_1163_1450,0.914578905454753,1163,1450,Connecticut,Washington St,1955.6981114401428,1685.3184945379912,1,7
2024_1163_1194,0.8818206847750734,1163,1194,Connecticut,FL Atlantic,1955.6981114401428,1750.20452702202,1,8
2024_1163_1321,0.9285844684799697,1163,1321,Connecticut,Northwestern,1955.6981114401428,1665.7880515530726,1,9
2024_1163_1179,0.8720118379672483,1163,1179,Connecticut,Drake,1955.6981114401428,1764.0247090439525,1,10
2024_1163_1182,0.9315622361490119,1163,1182,Connecticut,Duquesne,1955.6981114401428,1658.8274891002904,1,11
2024_1163_1412,0.916294952690693,1163,1412,Connecticut,UAB,1955.6981114401428,1691.9488346004314,1,12
2024_1163_1463,0.92474422760892,1163,1463,Connecticut,Yale,1955.6981114401428,1674.379477395046,1,13
2024_1163_1287,0.9499388900789226,1163,1287,Connecticut,Morehead St,1955.6981114401428,1608.3297936801964,1,14
2024_1163_1355,0.953505727630482,1163,1355,Connecticut,S Dakota St,1955.6981114401428,1596.5247636870092,1,15
2024_1163_1391,0.9703459224753286,1163,1391,Connecticut,Stetson,1955.6981114401428,1525.5033531179756,1,16
2024_1163_1314,0.739986452414269,1163,1314,Connecticut,North Carolina,1955.6981114401428,1796.7183842336785,1,1
2024_1112_1163,0.7445654873042196,1163,1112,Connecticut,Arizona,1955.6981114401428,1808.0799474914206,1,2
2024_1124_1163,0.8121727130288352,1163,1124,Connecticut,Baylor,1955.6981114401428,1763.136713391782,1,3
2024_1104_1163,0.8216939474114536,1163,1104,Connecticut,Alabama,1955.6981114401428,1768.457710582419,1,4
2024_1163_1388,0.8162603639829211,1163,1388,Connecticut,St Mary's CA,1955.6981114401428,1789.029061560117,1,5
2024_1155_1163,0.918168930994734,1163,1155,Connecticut,Clemson,1955.6981114401428,1663.1965825094412,1,6
2024_1163_1173,0.9033333122461997,1163,1173,Connecticut,Dayton,1955.6981114401428,1705.9981956054135,1,7
2024_1163_1280,0.9301039058029997,1163,1280,Connecticut,Mississippi St,1955.6981114401428,1662.2706153949302,1,8
2024_1163_1277,0.9290863755515342,1163,1277,Connecticut,Michigan St,1955.6981114401428,1664.6338684936895,1,9
2024_1163_1305,0.8968524455823753,1163,1305,Connecticut,Nevada,1955.6981114401428,1726.9563900095893,1,10
2024_1163_1307,0.9134232113273528,1163,1307,Connecticut,New Mexico,1955.6981114401428,1697.5534117279865,1,11
2024_1163_1213,0.8937193758154633,1163,1213,Connecticut,Grand Canyon,1955.6981114401428,1732.036634427032,1,12
2024_1158_1163,0.8907401216941914,1163,1158,Connecticut,Col Charleston,1955.6981114401428,1736.7465056472172,1,13
2024_1159_1163,0.937081003991342,1163,1159,Connecticut,Colgate,1955.6981114401428,1645.1497388831576,1,14
2024_1163_1253,0.9682153864971125,1163,1253,Connecticut,Long Beach St,1955.6981114401428,1536.3838456317214,1,15
2024_1163_1224,0.9793722795383738,1163,1224,Connecticut,Howard,1955.6981114401428,1468.9243119213404,1,16
2024_1163_1447,0.9831373691168303,1163,1447,Connecticut,Wagner,1955.6981114401428,1437.7070067970449,1,16
2024_1163_1345,0.5615534411974956,1163,1345,Connecticut,Purdue,1955.6981114401428,1918.0820619455849,1,1
2024_1163_1397,0.7591778621491108,1163,1397,Connecticut,Tennessee,1955.6981114401428,1796.1716166367228,1,2
2024_1163_1166,0.800756661720335,1163,1166,Connecticut,Creighton,1955.6981114401428,1774.2572486824401,1,3
2024_1163_1242,0.7995219317817693,1163,1242,Connecticut,Kansas,1955.6981114401428,1790.430882041691,1,4
2024_1163_1211,0.7695262000415232,1163,1211,Connecticut,Gonzaga,1955.6981114401428,1832.4374644706545,1,5
2024_1163_1376,0.8927307527786531,1163,1376,Connecticut,South Carolina,1955.6981114401428,1708.6122694955204,1,6
2024_1163_1400,0.8906389008556975,1163,1400,Connecticut,Texas,1955.6981114401428,1726.9045336821805,1,7
2024_1163_1429,0.8756189637469437,1163,1429,Connecticut,Utah St,1955.6981114401428,1759.0517656316995,1,8
2024_1163_1395,0.9205696079378629,1163,1395,Connecticut,TCU,1955.6981114401428,1683.2736371228686,1,9
2024_1161_1163,0.9341957744196019,1163,1161,Connecticut,Colorado St,1955.6981114401428,1652.4336708176806,1,10
2024_1163_1438,0.9098914545945268,1163,1438,Connecticut,Virginia,1955.6981114401428,1704.2198489087848,1,10
2024_1163_1332,0.9142134155146069,1163,1332,Connecticut,Oregon,1955.6981114401428,1696.02823693555,1,11
2024_1163_1270,0.9526589072033318,1163,1270,Connecticut,McNeese St,1955.6981114401428,1599.4034076580233,1,12
2024_1163_1359,0.9148685769459461,1163,1359,Connecticut,Samford,1955.6981114401428,1694.7540251390158,1,13
2024_1103_1163,0.9462890169898589,1163,1103,Connecticut,Akron,1955.6981114401428,1619.611866900276,1,14
2024_1163_1389,0.9695291530809439,1163,1389,Connecticut,St Peter's,1955.6981114401428,1529.7613899190612,1,15
2024_1163_1212,0.9708732669021768,1163,1212,Connecticut,Grambling,1955.6981114401428,1522.6933430845452,1,16
2024_1163_1286,0.9728620119973664,1163,1286,Connecticut,Montana St,1955.6981114401428,1511.6323516504287,1,16
2024_1163_1222,0.5074625978552038,1163,1222,Connecticut,Houston,1955.6981114401428,1951.160423382593,1,1
2024_1163_1266,0.724373439262696,1163,1266,Connecticut,Marquette,1955.6981114401428,1823.8236033934306,1,2
2024_1163_1246,0.8258359907269635,1163,1246,Connecticut,Kentucky,1955.6981114401428,1749.1207241450747,1,3
2024_1163_1181,0.8223869313584635,1163,1181,Connecticut,Duke,1955.6981114401428,1767.737662533171,1,4
2024_1163_1458,0.8931797437948316,1163,1458,Connecticut,Wisconsin,1955.6981114401428,1692.8982739485298,1,5
2024_1163_1403,0.8815876742607062,1163,1403,Connecticut,Texas Tech,1955.6981114401428,1725.5441020131711,1,6
2024_1163_1196,0.902263164641121,1163,1196,Connecticut,Florida,1955.6981114401428,1707.8518773217063,1,7
2024_1163_1304,0.9236683750272462,1163,1304,Connecticut,Nebraska,1955.6981114401428,1676.714063191751,1,8
2024_1163_1401,0.9135680902828976,1163,1401,Connecticut,Texas A&M,1955.6981114401428,1697.2747268986864,1,9
2024_1129_1163,0.9121319048040736,1163,1129,Connecticut,Boise St,1955.6981114401428,1700.0188591915337,1,10
2024_1160_1163,0.9165264434647541,1163,1160,Connecticut,Colorado,1955.6981114401428,1691.489482772901,1,10
2024_1163_1301,0.9272206921513801,1163,1301,Connecticut,NC State,1955.6981114401428,1668.8867935722649,1,11
2024_1163_1241,0.8985926824275855,1163,1241,Connecticut,James Madison,1955.6981114401428,1724.075357479141,1,12
2024_1163_1436,0.9000890904366109,1163,1436,Connecticut,Vermont,1955.6981114401428,1721.5627066358347,1,13
2024_1163_1324,0.9544928472973288,1163,1324,Connecticut,Oakland,1955.6981114401428,1593.105556226391,1,14
2024_1163_1443,0.9629120637239676,1163,1443,Connecticut,WKU,1955.6981114401428,1560.6742255595832,1,15
2024_1163_1255,0.9723008602996382,1163,1255,Connecticut,Longwood,1955.6981114401428,1514.8310751595295,1,16
2024_1228_1235,0.5810319445500459,1235,1228,Iowa St,Illinois,1819.0023319193435,1784.2956472637227,2,3
2024_1120_1235,0.5897852620042566,1235,1120,Iowa St,Auburn,1819.0023319193435,1793.8134021646629,2,4
2024_1235_1361,0.6806011073078353,1235,1361,Iowa St,San Diego St,1819.0023319193435,1749.0065961110001,2,5
2024_1140_1235,0.7719573595528767,1235,1140,Iowa St,BYU,1819.0023319193435,1693.6502940625378,2,6
2024_1235_1450,0.7978470407582992,1235,1450,Iowa St,Washington St,1819.0023319193435,1685.3184945379912,2,7
2024_1194_1235,0.739756107803631,1235,1194,Iowa St,FL Atlantic,1819.0023319193435,1750.20452702202,2,8
2024_1235_1321,0.8410217060115643,1235,1321,Iowa St,Northwestern,1819.0023319193435,1665.7880515530726,2,9
2024_1179_1235,0.7348886452830928,1235,1179,Iowa St,Drake,1819.0023319193435,1764.0247090439525,2,10
2024_1182_1235,0.8470491433276368,1235,1182,Iowa St,Duquesne,1819.0023319193435,1658.8274891002904,2,11
2024_1235_1412,0.816639389716595,1235,1412,Iowa St,UAB,1819.0023319193435,1691.9488346004314,2,12
2024_1235_1463,0.8333181220166832,1235,1463,Iowa St,Yale,1819.0023319193435,1674.379477395046,2,13
2024_1235_1287,0.8853254311279192,1235,1287,Iowa St,Morehead St,1819.0023319193435,1608.3297936801964,2,14
2024_1235_1355,0.8929772922841716,1235,1355,Iowa St,S Dakota St,1819.0023319193435,1596.5247636870092,2,15
2024_1235_1391,0.9301344722857375,1235,1391,Iowa St,Stetson,1819.0023319193435,1525.5033531179756,2,16
2024_1235_1314,0.511977643320818,1235,1314,Iowa St,North Carolina,1819.0023319193435,1796.7183842336785,2,1
2024_1112_1235,0.517956359844082,1235,1112,Iowa St,Arizona,1819.0023319193435,1808.0799474914206,2,2
2024_1124_1235,0.6144867403337199,1235,1124,Iowa St,Baylor,1819.0023319193435,1763.136713391782,2,3
2024_1104_1235,0.6294570189625043,1235,1104,Iowa St,Alabama,1819.0023319193435,1768.457710582419,2,4
2024_1235_1388,0.6208682759861873,1235,1388,Iowa St,St Mary's CA,1819.0023319193435,1789.029061560117,2,5
2024_1155_1235,0.8052985948384719,1235,1155,Iowa St,Clemson,1819.0023319193435,1663.1965825094412,2,6
2024_1173_1235,0.7750142497021828,1235,1173,Iowa St,Dayton,1819.0023319193435,1705.9981956054135,2,7
2024_1235_1280,0.835236279957614,1235,1280,Iowa St,Mississippi St,1819.0023319193435,1662.2706153949302,2,8
2024_1235_1277,0.8420343159219266,1235,1277,Iowa St,Michigan St,1819.0023319193435,1664.6338684936895,2,9
2024_1235_1305,0.7796167947750801,1235,1305,Iowa St,Nevada,1819.0023319193435,1726.9563900095893,2,10
2024_1235_1307,0.8110536938364328,1235,1307,Iowa St,New Mexico,1819.0023319193435,1697.5534117279865,2,11
2024_1213_1235,0.7738207885311917,1235,1213,Iowa St,Grand Canyon,1819.0023319193435,1732.036634427032,2,12
2024_1158_1235,0.7683516971708249,1235,1158,Iowa St,Col Charleston,1819.0023319193435,1736.7465056472172,2,13
2024_1159_1235,0.8583466817311948,1235,1159,Iowa St,Colgate,1819.0023319193435,1645.1497388831576,2,14
2024_1235_1253,0.9253371882367257,1235,1253,Iowa St,Long Beach St,1819.0023319193435,1536.3838456317214,2,15
2024_1224_1235,0.950779867649762,1235,1224,Iowa St,Howard,1819.0023319193435,1468.9243119213404,2,16
2024_1235_1447,0.9595482497479554,1235,1447,Iowa St,Wagner,1819.0023319193435,1437.7070067970449,2,16
2024_1235_1345,0.3207103178794247,1235,1345,Iowa St,Purdue,1819.0023319193435,1918.0820619455849,2,1
2024_1235_1397,0.5374793265986539,1235,1397,Iowa St,Tennessee,1819.0023319193435,1796.1716166367228,2,2
2024_1166_1235,0.5970171471697177,1235,1166,Iowa St,Creighton,1819.0023319193435,1774.2572486824401,2,3
2024_1235_1242,0.5951581584866446,1235,1242,Iowa St,Kansas,1819.0023319193435,1790.430882041691,2,4
2024_1211_1235,0.5517290954257352,1235,1211,Iowa St,Gonzaga,1819.0023319193435,1832.4374644706545,2,5
2024_1235_1376,0.7541676001008558,1235,1376,Iowa St,South Carolina,1819.0023319193435,1708.6122694955204,2,6
2024_1235_1400,0.7501299408312015,1235,1400,Iowa St,Texas,1819.0023319193435,1726.9045336821805,2,7
2024_1235_1429,0.7283954528371535,1235,1429,Iowa St,Utah St,1819.0023319193435,1759.0517656316995,2,8
2024_1235_1395,0.8250314650387631,1235,1395,Iowa St,TCU,1819.0023319193435,1683.2736371228686,2,9
2024_1161_1235,0.8524196005997084,1235,1161,Iowa St,Colorado St,1819.0023319193435,1652.4336708176806,2,10
2024_1235_1438,0.8042409149739186,1235,1438,Iowa St,Virginia,1819.0023319193435,1704.2198489087848,2,10
2024_1235_1332,0.8125865390199096,1235,1332,Iowa St,Oregon,1819.0023319193435,1696.02823693555,2,11
2024_1235_1270,0.8911538875486724,1235,1270,Iowa St,McNeese St,1819.0023319193435,1599.4034076580233,2,12
2024_1235_1359,0.813859809346587,1235,1359,Iowa St,Samford,1819.0023319193435,1694.7540251390158,2,13
2024_1103_1235,0.8775718331091771,1235,1103,Iowa St,Akron,1819.0023319193435,1619.611866900276,2,14
2024_1235_1389,0.9282919968157596,1235,1389,Iowa St,St Peter's,1819.0023319193435,1529.7613899190612,2,15
2024_1212_1235,0.9313262965103981,1235,1212,Iowa St,Grambling,1819.0023319193435,1522.6933430845452,2,16
2024_1235_1286,0.9358368173729901,1235,1286,Iowa St,Montana St,1819.0023319193435,1511.6323516504287,2,16
2024_1222_1235,0.2752542288989971,1235,1222,Iowa St,Houston,1819.0023319193435,1951.160423382593,2,1
2024_1235_1266,0.4920711019936434,1235,1266,Iowa St,Marquette,1819.0023319193435,1823.8236033934306,2,2
2024_1235_1246,0.6360869625036353,1235,1246,Iowa St,Kentucky,1819.0023319193435,1749.1207241450747,2,3
2024_1181_1235,0.6305612163998907,1235,1181,Iowa St,Duke,1819.0023319193435,1767.737662533171,2,4
2024_1235_1458,0.7550374236315989,1235,1458,Iowa St,Wisconsin,1819.0023319193435,1692.8982739485298,2,5
2024_1235_1403,0.7329366225203041,1235,1403,Iowa St,Texas Tech,1819.0023319193435,1725.5441020131711,2,6
2024_1196_1235,0.7728807081862041,1235,1196,Iowa St,Florida,1819.0023319193435,1707.8518773217063,2,7
2024_1235_1304,0.8217400817099887,1235,1304,Iowa St,Nebraska,1819.0023319193435,1676.714063191751,2,8
2024_1235_1401,0.8113344965236656,1235,1401,Iowa St,Texas A&M,1819.0023319193435,1697.2747268986864,2,9
2024_1129_1235,0.8085555439586135,1235,1129,Iowa St,Boise St,1819.0023319193435,1700.0188591915337,2,10
2024_1160_1235,0.8170914681223345,1235,1160,Iowa St,Colorado,1819.0023319193435,1691.489482772901,2,10
2024_1235_1301,0.838277019468314,1235,1301,Iowa St,NC State,1819.0023319193435,1668.8867935722649,2,11
2024_1235_1241,0.782856063374418,1235,1241,Iowa St,James Madison,1819.0023319193435,1724.075357479141,2,12
2024_1235_1436,0.7856529423831611,1235,1436,Iowa St,Vermont,1819.0023319193435,1721.5627066358347,2,13
2024_1235_1324,0.8951081237641157,1235,1324,Iowa St,Oakland,1819.0023319193435,1593.105556226391,2,14
2024_1235_1443,0.9135185830425108,1235,1443,Iowa St,WKU,1819.0023319193435,1560.6742255595832,2,15
2024_1235_1255,0.9345615660598489,1235,1255,Iowa St,Longwood,1819.0023319193435,1514.8310751595295,2,16
2024_1120_1228,0.5090156911745615,1228,1120,Illinois,Auburn,1784.2956472637227,1793.8134021646629,3,4
2024_1228_1361,0.6057601319823238,1228,1361,Illinois,San Diego St,1784.2956472637227,1749.0065961110001,3,5
2024_1140_1228,0.7093822360602153,1228,1140,Illinois,BYU,1784.2956472637227,1693.6502940625378,3,6
2024_1228_1450,0.7399831936060638,1228,1450,Illinois,Washington St,1784.2956472637227,1685.3184945379912,3,7
2024_1194_1228,0.6720981915793044,1228,1194,Illinois,FL Atlantic,1784.2956472637227,1750.20452702202,3,8
2024_1228_1321,0.7976599699836588,1228,1321,Illinois,Northwestern,1784.2956472637227,1665.7880515530726,3,9
2024_1179_1228,0.688097563191298,1228,1179,Illinois,Drake,1784.2956472637227,1764.0247090439525,3,10
2024_1182_1228,0.8150724984689903,1228,1182,Illinois,Duquesne,1784.2956472637227,1658.8274891002904,3,11
2024_1228_1412,0.7799566914038023,1228,1412,Illinois,UAB,1784.2956472637227,1691.9488346004314,3,12
2024_1228_1463,0.7991514848510473,1228,1463,Illinois,Yale,1784.2956472637227,1674.379477395046,3,13
2024_1228_1287,0.860028677616449,1228,1287,Illinois,Morehead St,1784.2956472637227,1608.3297936801964,3,14
2024_1228_1355,0.8691189698398577,1228,1355,Illinois,S Dakota St,1784.2956472637227,1596.5247636870092,3,15
2024_1228_1391,0.9137595364740869,1228,1391,Illinois,Stetson,1784.2956472637227,1525.5033531179756,3,16
2024_1228_1314,0.4306765653071776,1228,1314,Illinois,North Carolina,1784.2956472637227,1796.7183842336785,3,1
2024_1112_1228,0.43655515646941606,1228,1112,Illinois,Arizona,1784.2956472637227,1808.0799474914206,3,2
2024_1124_1228,0.534744091077436,1228,1124,Illinois,Baylor,1784.2956472637227,1763.136713391782,3,3
2024_1104_1228,0.5505460163930549,1228,1104,Illinois,Alabama,1784.2956472637227,1768.457710582419,3,4
2024_1228_1388,0.5414606246145254,1228,1388,Illinois,St Mary's CA,1784.2956472637227,1789.029061560117,3,5
2024_1155_1228,0.7488963794961336,1228,1155,Illinois,Clemson,1784.2956472637227,1663.1965825094412,3,6
2024_1173_1228,0.7129660469849552,1228,1173,Illinois,Dayton,1784.2956472637227,1705.9981956054135,3,7
2024_1228_1280,0.7851932613921726,1228,1280,Illinois,Mississippi St,1784.2956472637227,1662.2706153949302,3,8
2024_1228_1277,0.798882724823337,1228,1277,Illinois,Michigan St,1784.2956472637227,1664.6338684936895,3,9
2024_1228_1305,0.7379045626352304,1228,1305,Illinois,Nevada,1784.2956472637227,1726.9563900095893,3,10
2024_1228_1307,0.7735633822732253,1228,1307,Illinois,New Mexico,1784.2956472637227,1697.5534117279865,3,11
2024_1213_1228,0.7313895067900053,1228,1213,Illinois,Grand Canyon,1784.2956472637227,1732.036634427032,3,12
2024_1158_1228,0.7252586897888248,1228,1158,Illinois,Col Charleston,1784.2956472637227,1736.7465056472172,3,13
2024_1159_1228,0.8282530543960068,1228,1159,Illinois,Colgate,1784.2956472637227,1645.1497388831576,3,14
2024_1228_1253,0.9079491491727752,1228,1253,Illinois,Long Beach St,1784.2956472637227,1536.3838456317214,3,15
2024_1224_1228,0.9389260321141565,1228,1224,Illinois,Howard,1784.2956472637227,1468.9243119213404,3,16
2024_1228_1447,0.9496944000325532,1228,1447,Illinois,Wagner,1784.2956472637227,1437.7070067970449,3,16
2024_1228_1345,0.2539755355414516,1228,1345,Illinois,Purdue,1784.2956472637227,1918.0820619455849,3,1
2024_1228_1397,0.45591179452266534,1228,1397,Illinois,Tennessee,1784.2956472637227,1796.1716166367228,3,2
2024_1166_1228,0.5165041926763018,1228,1166,Illinois,Creighton,1784.2956472637227,1774.2572486824401,3,3
2024_1228_1242,0.5145757806043539,1228,1242,Illinois,Kansas,1784.2956472637227,1790.430882041691,3,4
2024_1211_1228,0.47019745649342404,1228,1211,Illinois,Gonzaga,1784.2956472637227,1832.4374644706545,3,5
2024_1228_1376,0.688679605923891,1228,1376,Illinois,South Carolina,1784.2956472637227,1708.6122694955204,3,6
2024_1228_1400,0.6840170021166821,1228,1400,Illinois,Texas,1784.2956472637227,1726.9045336821805,3,7
2024_1228_1429,0.6591448951750166,1228,1429,Illinois,Utah St,1784.2956472637227,1759.0517656316995,3,8
2024_1228_1395,0.7784572287187703,1228,1395,Illinois,TCU,1784.2956472637227,1683.2736371228686,3,9
2024_1161_1228,0.8213288988034901,1228,1161,Illinois,Colorado St,1784.2956472637227,1652.4336708176806,3,10
2024_1228_1438,0.7657891840484606,1228,1438,Illinois,Virginia,1784.2956472637227,1704.2198489087848,3,10
2024_1228_1332,0.7753161151542878,1228,1332,Illinois,Oregon,1784.2956472637227,1696.02823693555,3,11
2024_1228_1270,0.8669496428756505,1228,1270,Illinois,McNeese St,1784.2956472637227,1599.4034076580233,3,12
2024_1228_1359,0.7767730371543476,1228,1359,Illinois,Samford,1784.2956472637227,1694.7540251390158,3,13
2024_1103_1228,0.8508528130552129,1228,1103,Illinois,Akron,1784.2956472637227,1619.611866900276,3,14
2024_1228_1389,0.9115263013435416,1228,1389,Illinois,St Peter's,1784.2956472637227,1529.7613899190612,3,15
2024_1212_1228,0.9152052324614957,1228,1212,Illinois,Grambling,1784.2956472637227,1522.6933430845452,3,16
2024_1228_1286,0.9206844172369155,1228,1286,Illinois,Montana St,1784.2956472637227,1511.6323516504287,3,16
2024_1222_1228,0.21498461417263115,1228,1222,Illinois,Houston,1784.2956472637227,1951.160423382593,3,1
2024_1228_1266,0.41126719862192623,1228,1266,Illinois,Marquette,1784.2956472637227,1823.8236033934306,3,2
2024_1228_1246,0.5575955317954125,1228,1246,Illinois,Kentucky,1784.2956472637227,1749.1207241450747,3,3
2024_1181_1228,0.5517178965330058,1228,1181,Illinois,Duke,1784.2956472637227,1767.737662533171,3,4
2024_1228_1458,0.6896858015149352,1228,1458,Illinois,Wisconsin,1784.2956472637227,1692.8982739485298,3,5
2024_1228_1403,0.6643103083381525,1228,1403,Illinois,Texas Tech,1784.2956472637227,1725.5441020131711,3,6
2024_1196_1228,0.7104639224589854,1228,1196,Illinois,Florida,1784.2956472637227,1707.8518773217063,3,7
2024_1228_1304,0.7687329225332692,1228,1304,Illinois,Nebraska,1784.2956472637227,1676.714063191751,3,8
2024_1228_1401,0.7621653435155568,1228,1401,Illinois,Texas A&M,1784.2956472637227,1697.2747268986864,3,9
2024_1129_1228,0.7707096863044802,1228,1129,Illinois,Boise St,1784.2956472637227,1700.0188591915337,3,10
2024_1160_1228,0.7804748994454173,1228,1160,Illinois,Colorado,1784.2956472637227,1691.489482772901,3,10
2024_1228_1301,0.8048888663312657,1228,1301,Illinois,NC State,1784.2956472637227,1668.8867935722649,3,11
2024_1228_1241,0.741553686501198,1228,1241,Illinois,James Madison,1784.2956472637227,1724.075357479141,3,12
2024_1228_1436,0.7447090704825897,1228,1436,Illinois,Vermont,1784.2956472637227,1721.5627066358347,3,13
2024_1228_1324,0.8716565500201068,1228,1324,Illinois,Oakland,1784.2956472637227,1593.105556226391,3,14
2024_1228_1443,0.8936943430944726,1228,1443,Illinois,WKU,1784.2956472637227,1560.6742255595832,3,15
2024_1228_1255,0.9191340330445087,1228,1255,Illinois,Longwood,1784.2956472637227,1514.8310751595295,3,16
2024_1120_1361,0.597114837063791,1120,1361,Auburn,San Diego St,1793.8134021646629,1749.0065961110001,4,5
2024_1120_1140,0.7018910041353561,1120,1140,Auburn,BYU,1793.8134021646629,1693.6502940625378,4,6
2024_1120_1450,0.7329838512570074,1120,1450,Auburn,Washington St,1793.8134021646629,1685.3184945379912,4,7
2024_1120_1194,0.6641009662356037,1120,1194,Auburn,FL Atlantic,1793.8134021646629,1750.20452702202,4,8
2024_1120_1321,0.7917763347936552,1120,1321,Auburn,Northwestern,1793.8134021646629,1665.7880515530726,4,9
2024_1120_1179,0.6874162557435061,1120,1179,Auburn,Drake,1793.8134021646629,1764.0247090439525,4,10
2024_1120_1182,0.8243249379764302,1120,1182,Auburn,Duquesne,1793.8134021646629,1658.8274891002904,4,11
2024_1120_1412,0.7905145132083732,1120,1412,Auburn,UAB,1793.8134021646629,1691.9488346004314,4,12
2024_1120_1463,0.8090138458070606,1120,1463,Auburn,Yale,1793.8134021646629,1674.379477395046,4,13
2024_1120_1287,0.8673977645132832,1120,1287,Auburn,Morehead St,1793.8134021646629,1608.3297936801964,4,14
2024_1120_1355,0.8760784373158195,1120,1355,Auburn,S Dakota St,1793.8134021646629,1596.5247636870092,4,15
2024_1120_1391,0.9185676926117455,1120,1391,Auburn,Stetson,1793.8134021646629,1525.5033531179756,4,16
2024_1120_1314,0.42185623313665976,1120,1314,Auburn,North Carolina,1793.8134021646629,1796.7183842336785,4,1
2024_1112_1120,0.42770487628225357,1120,1112,Auburn,Arizona,1793.8134021646629,1808.0799474914206,4,2
2024_1120_1124,0.5257606772065879,1120,1124,Auburn,Baylor,1793.8134021646629,1763.136713391782,4,3
2024_1104_1120,0.5416061661487064,1120,1104,Auburn,Alabama,1793.8134021646629,1768.457710582419,4,4
2024_1120_1388,0.5324935172514229,1120,1388,Auburn,St Mary's CA,1793.8134021646629,1789.029061560117,4,5
2024_1120_1155,0.7420533327903752,1120,1155,Auburn,Clemson,1793.8134021646629,1663.1965825094412,4,6
2024_1120_1173,0.7055288470424999,1120,1173,Auburn,Dayton,1793.8134021646629,1705.9981956054135,4,7
2024_1120_1280,0.7790475343381768,1120,1280,Auburn,Mississippi St,1793.8134021646629,1662.2706153949302,4,8
2024_1120_1277,0.7930254190809483,1120,1277,Auburn,Michigan St,1793.8134021646629,1664.6338684936895,4,9
2024_1120_1305,0.7372905141309641,1120,1305,Auburn,Nevada,1793.8134021646629,1726.9563900095893,4,10
2024_1120_1307,0.7843431418891632,1120,1307,Auburn,New Mexico,1793.8134021646629,1697.5534117279865,4,11
2024_1120_1213,0.7435112997256601,1120,1213,Auburn,Grand Canyon,1793.8134021646629,1732.036634427032,4,12
2024_1120_1158,0.7375578761953687,1120,1158,Auburn,Col Charleston,1793.8134021646629,1736.7465056472172,4,13
2024_1120_1159,0.836977931999874,1120,1159,Auburn,Colgate,1793.8134021646629,1645.1497388831576,4,14
2024_1120_1253,0.9130504259101553,1120,1253,Auburn,Long Beach St,1793.8134021646629,1536.3838456317214,4,15
2024_1120_1224,0.9424194996642059,1120,1224,Auburn,Howard,1793.8134021646629,1468.9243119213404,4,16
2024_1120_1447,0.952603004007457,1120,1447,Auburn,Wagner,1793.8134021646629,1437.7070067970449,4,16
2024_1120_1345,0.24720274312459062,1120,1345,Auburn,Purdue,1793.8134021646629,1918.0820619455849,4,1
2024_1120_1397,0.4469804014653937,1120,1397,Auburn,Tennessee,1793.8134021646629,1796.1716166367228,4,2
2024_1120_1166,0.507492961213475,1120,1166,Auburn,Creighton,1793.8134021646629,1774.2572486824401,4,3
2024_1120_1242,0.5055630135886452,1120,1242,Auburn,Kansas,1793.8134021646629,1790.430882041691,4,4
2024_1120_1211,0.46122344089549505,1120,1211,Auburn,Gonzaga,1793.8134021646629,1832.4374644706545,4,5
2024_1120_1376,0.6808947785803114,1120,1376,Auburn,South Carolina,1793.8134021646629,1708.6122694955204,4,6
2024_1120_1400,0.6761704062709292,1120,1400,Auburn,Texas,1793.8134021646629,1726.9045336821805,4,7
2024_1120_1429,0.6509957998359039,1120,1429,Auburn,Utah St,1793.8134021646629,1759.0517656316995,4,8
2024_1120_1395,0.7721746988641314,1120,1395,Auburn,TCU,1793.8134021646629,1683.2736371228686,4,9
2024_1120_1161,0.8208628520499235,1120,1161,Auburn,Colorado St,1793.8134021646629,1652.4336708176806,4,10
2024_1120_1438,0.7652196789086321,1120,1438,Auburn,Virginia,1793.8134021646629,1704.2198489087848,4,10
2024_1120_1332,0.7860355133990965,1120,1332,Auburn,Oregon,1793.8134021646629,1696.02823693555,4,11
2024_1120_1270,0.8740077401082409,1120,1270,Auburn,McNeese St,1793.8134021646629,1599.4034076580233,4,12
2024_1120_1359,0.7874419834759866,1120,1359,Auburn,Samford,1793.8134021646629,1694.7540251390158,4,13
2024_1103_1120,0.8586255719942472,1120,1103,Auburn,Akron,1793.8134021646629,1619.611866900276,4,14
2024_1120_1389,0.9164475819261948,1120,1389,Auburn,St Peter's,1793.8134021646629,1529.7613899190612,4,15
2024_1120_1212,0.9199398488719364,1120,1212,Auburn,Grambling,1793.8134021646629,1522.6933430845452,4,16
2024_1120_1286,0.9251381218573943,1120,1286,Auburn,Montana St,1793.8134021646629,1511.6323516504287,4,16
2024_1120_1222,0.20896035731631754,1120,1222,Auburn,Houston,1793.8134021646629,1951.160423382593,4,1
2024_1120_1266,0.4025633000287975,1120,1266,Auburn,Marquette,1793.8134021646629,1823.8236033934306,4,2
2024_1120_1246,0.5486809535956351,1120,1246,Auburn,Kentucky,1793.8134021646629,1749.1207241450747,4,3
2024_1120_1181,0.5427819976487007,1120,1181,Auburn,Duke,1793.8134021646629,1767.737662533171,4,4
2024_1120_1458,0.6819145137492502,1120,1458,Auburn,Wisconsin,1793.8134021646629,1692.8982739485298,4,5
2024_1120_1403,0.6562202980380749,1120,1403,Auburn,Texas Tech,1793.8134021646629,1725.5441020131711,4,6
2024_1120_1196,0.7029888989437569,1120,1196,Auburn,Florida,1793.8134021646629,1707.8518773217063,4,7
2024_1120_1304,0.7622588479836071,1120,1304,Auburn,Nebraska,1793.8134021646629,1676.714063191751,4,8
2024_1120_1401,0.7555658761739951,1120,1401,Auburn,Texas A&M,1793.8134021646629,1697.2747268986864,4,9
2024_1120_1129,0.7701485546303869,1120,1129,Auburn,Boise St,1793.8134021646629,1700.0188591915337,4,10
2024_1120_1160,0.7799308418845944,1120,1160,Auburn,Colorado,1793.8134021646629,1691.489482772901,4,10
2024_1120_1301,0.8145348840313984,1120,1301,Auburn,NC State,1793.8134021646629,1668.8867935722649,4,11
2024_1120_1241,0.7533714643448114,1120,1241,Auburn,James Madison,1793.8134021646629,1724.075357479141,4,12
2024_1120_1436,0.756429955823112,1120,1436,Auburn,Vermont,1793.8134021646629,1721.5627066358347,4,13
2024_1120_1324,0.878499947456815,1120,1324,Auburn,Oakland,1793.8134021646629,1593.105556226391,4,14
2024_1120_1443,0.8994981501170117,1120,1443,Auburn,WKU,1793.8134021646629,1560.6742255595832,4,15
2024_1120_1255,0.9236675766418906,1120,1255,Auburn,Longwood,1793.8134021646629,1514.8310751595295,4,16
2024_1140_1361,0.6136926801242345,1361,1140,San Diego St,BYU,1749.0065961110001,1693.6502940625378,5,6
2024_1361_1450,0.649389471734071,1361,1450,San Diego St,Washington St,1749.0065961110001,1685.3184945379912,5,7
2024_1194_1361,0.5715470041643551,1361,1194,San Diego St,FL Atlantic,1749.0065961110001,1750.20452702202,5,8
2024_1321_1361,0.7195454967204096,1361,1321,San Diego St,Northwestern,1749.0065961110001,1665.7880515530726,5,9
2024_1179_1361,0.5973918992184885,1361,1179,San Diego St,Drake,1749.0065961110001,1764.0247090439525,5,10
2024_1182_1361,0.7659110611362105,1361,1182,San Diego St,Duquesne,1749.0065961110001,1658.8274891002904,5,11
2024_1361_1412,0.7375462431781247,1361,1412,San Diego St,UAB,1749.0065961110001,1691.9488346004314,5,12
2024_1361_1463,0.7592988701997571,1361,1463,San Diego St,Yale,1749.0065961110001,1674.379477395046,5,13
2024_1287_1361,0.829680987242658,1361,1287,San Diego St,Morehead St,1749.0065961110001,1608.3297936801964,5,14
2024_1355_1361,0.840376374534856,1361,1355,San Diego St,S Dakota St,1749.0065961110001,1596.5247636870092,5,15
2024_1361_1391,0.8936204565750542,1361,1391,San Diego St,Stetson,1749.0065961110001,1525.5033531179756,5,16
2024_1314_1361,0.3299047524242969,1361,1314,San Diego St,North Carolina,1749.0065961110001,1796.7183842336785,5,1
2024_1112_1361,0.3352177375836946,1361,1112,San Diego St,Arizona,1749.0065961110001,1808.0799474914206,5,2
2024_1124_1361,0.42792458318531523,1361,1124,San Diego St,Baylor,1749.0065961110001,1763.136713391782,5,3
2024_1104_1361,0.4435794428783995,1361,1104,San Diego St,Alabama,1749.0065961110001,1768.457710582419,5,4
2024_1361_1388,0.4345525759326609,1361,1388,San Diego St,St Mary's CA,1749.0065961110001,1789.029061560117,5,5
2024_1155_1361,0.6599811876224011,1361,1155,San Diego St,Clemson,1749.0065961110001,1663.1965825094412,5,6
2024_1173_1361,0.6178207736507549,1361,1173,San Diego St,Dayton,1749.0065961110001,1705.9981956054135,5,7
2024_1280_1361,0.7040516109924435,1361,1280,San Diego St,Mississippi St,1749.0065961110001,1662.2706153949302,5,8
2024_1277_1361,0.7210752364612943,1361,1277,San Diego St,Michigan St,1749.0065961110001,1664.6338684936895,5,9
2024_1305_1361,0.6544087206478114,1361,1305,San Diego St,Nevada,1749.0065961110001,1726.9563900095893,5,10
2024_1307_1361,0.7171958339841028,1361,1307,San Diego St,New Mexico,1749.0065961110001,1697.5534117279865,5,11
2024_1213_1361,0.6834178484483607,1361,1213,San Diego St,Grand Canyon,1749.0065961110001,1732.036634427032,5,12
2024_1158_1361,0.6766761436859265,1361,1158,San Diego St,Col Charleston,1749.0065961110001,1736.7465056472172,5,13
2024_1159_1361,0.7926767695413783,1361,1159,San Diego St,Colgate,1749.0065961110001,1645.1497388831576,5,14
2024_1253_1361,0.8866215710659918,1361,1253,San Diego St,Long Beach St,1749.0065961110001,1536.3838456317214,5,15
2024_1224_1361,0.9241762240630584,1361,1224,San Diego St,Howard,1749.0065961110001,1468.9243119213404,5,16
2024_1361_1447,0.9373717634405918,1361,1447,San Diego St,Wagner,1749.0065961110001,1437.7070067970449,5,16
2024_1345_1361,0.1813771357678995,1361,1345,San Diego St,Purdue,1749.0065961110001,1918.0820619455849,5,1
2024_1361_1397,0.3528953261867868,1361,1397,San Diego St,Tennessee,1749.0065961110001,1796.1716166367228,5,2
2024_1166_1361,0.4101164992707191,1361,1166,San Diego St,Creighton,1749.0065961110001,1774.2572486824401,5,3
2024_1242_1361,0.4082499041426301,1361,1242,San Diego St,Kansas,1749.0065961110001,1790.430882041691,5,4
2024_1211_1361,0.36612517595325017,1361,1211,San Diego St,Gonzaga,1749.0065961110001,1832.4374644706545,5,5
2024_1361_1376,0.590112146158195,1361,1376,San Diego St,South Carolina,1749.0065961110001,1708.6122694955204,5,6
2024_1361_1400,0.5848631847521736,1361,1400,San Diego St,Texas,1749.0065961110001,1726.9045336821805,5,7
2024_1361_1429,0.5572383181041112,1361,1429,San Diego St,Utah St,1749.0065961110001,1759.0517656316995,5,8
2024_1361_1395,0.6957570175588594,1361,1395,San Diego St,TCU,1749.0065961110001,1683.2736371228686,5,9
2024_1161_1361,0.7556074880913352,1361,1161,San Diego St,Colorado St,1749.0065961110001,1652.4336708176806,5,10
2024_1361_1438,0.6874135049403169,1361,1438,San Diego St,Virginia,1749.0065961110001,1704.2198489087848,5,10
2024_1332_1361,0.719226515223136,1361,1332,San Diego St,Oregon,1749.0065961110001,1696.02823693555,5,11
2024_1270_1361,0.8378195431130298,1361,1270,San Diego St,McNeese St,1749.0065961110001,1599.4034076580233,5,12
2024_1359_1361,0.733958281821733,1361,1359,San Diego St,Samford,1749.0065961110001,1694.7540251390158,5,13
2024_1103_1361,0.8189345180502784,1361,1103,San Diego St,Akron,1749.0065961110001,1619.611866900276,5,14
2024_1361_1389,0.8909279617575773,1361,1389,San Diego St,St Peter's,1749.0065961110001,1529.7613899190612,5,15
2024_1212_1361,0.8953650959962334,1361,1212,San Diego St,Grambling,1749.0065961110001,1522.6933430845452,5,16
2024_1286_1361,0.9019889983319703,1361,1286,San Diego St,Montana St,1749.0065961110001,1511.6323516504287,5,16
2024_1222_1361,0.15127171801019917,1361,1222,San Diego St,Houston,1749.0065961110001,1951.160423382593,5,1
2024_1266_1361,0.3125437200825724,1361,1266,San Diego St,Marquette,1749.0065961110001,1823.8236033934306,5,2
2024_1246_1361,0.4506325498354282,1361,1246,San Diego St,Kentucky,1749.0065961110001,1749.1207241450747,5,3
2024_1181_1361,0.444748939513074,1361,1181,San Diego St,Duke,1749.0065961110001,1767.737662533171,5,4
2024_1361_1458,0.5912478318740567,1361,1458,San Diego St,Wisconsin,1749.0065961110001,1692.8982739485298,5,5
2024_1361_1403,0.5629240199203703,1361,1403,San Diego St,Texas Tech,1749.0065961110001,1725.5441020131711,5,6
2024_1196_1361,0.6149371972698141,1361,1196,San Diego St,Florida,1749.0065961110001,1707.8518773217063,5,7
2024_1304_1361,0.6838768105769194,1361,1304,San Diego St,Nebraska,1749.0065961110001,1676.714063191751,5,8
2024_1361_1401,0.6759153823810526,1361,1401,San Diego St,Texas A&M,1749.0065961110001,1697.2747268986864,5,9
2024_1129_1361,0.6933211765638213,1361,1129,San Diego St,Boise St,1749.0065961110001,1700.0188591915337,5,10
2024_1160_1361,0.7051212488771584,1361,1160,San Diego St,Colorado,1749.0065961110001,1691.489482772901,5,10
2024_1301_1361,0.7538378139494762,1361,1301,San Diego St,NC State,1749.0065961110001,1668.8867935722649,5,11
2024_1241_1361,0.694639391933424,1361,1241,San Diego St,James Madison,1749.0065961110001,1724.075357479141,5,12
2024_1361_1436,0.6981343927089593,1361,1436,San Diego St,Vermont,1749.0065961110001,1721.5627066358347,5,13
2024_1324_1361,0.8433707992694129,1361,1324,San Diego St,Oakland,1749.0065961110001,1593.105556226391,5,14
2024_1361_1443,0.8695385848507364,1361,1443,San Diego St,WKU,1749.0065961110001,1560.6742255595832,5,15
2024_1255_1361,0.9001128216209783,1361,1255,San Diego St,Longwood,1749.0065961110001,1514.8310751595295,5,16
2024_1140_1450,0.538298729043363,1140,1450,BYU,Washington St,1693.6502940625378,1685.3184945379912,6,7
2024_1140_1194,0.4564368901085794,1140,1194,BYU,FL Atlantic,1693.6502940625378,1750.20452702202,6,8
2024_1140_1321,0.6175937092875345,1140,1321,BYU,Northwestern,1693.6502940625378,1665.7880515530726,6,9
2024_1140_1179,0.4829437824318017,1140,1179,BYU,Drake,1693.6502940625378,1764.0247090439525,6,10
2024_1140_1182,0.6731581472533122,1140,1182,BYU,Duquesne,1693.6502940625378,1658.8274891002904,6,11
2024_1140_1412,0.6464079356819421,1140,1412,BYU,UAB,1693.6502940625378,1691.9488346004314,6,12
2024_1140_1463,0.6866837062466193,1140,1463,BYU,Yale,1693.6502940625378,1674.379477395046,6,13
2024_1140_1287,0.7719208330214371,1140,1287,BYU,Morehead St,1693.6502940625378,1608.3297936801964,6,14
2024_1140_1355,0.7853047549617774,1140,1355,BYU,S Dakota St,1693.6502940625378,1596.5247636870092,6,15
2024_1140_1391,0.8537210389051818,1140,1391,BYU,Stetson,1693.6502940625378,1525.5033531179756,6,16
2024_1140_1314,0.23658812369052754,1140,1314,BYU,North Carolina,1693.6502940625378,1796.7183842336785,6,1
2024_1112_1140,0.2409386363245478,1140,1112,BYU,Arizona,1693.6502940625378,1808.0799474914206,6,2
2024_1124_1140,0.32012771878398555,1140,1124,BYU,Baylor,1693.6502940625378,1763.136713391782,6,3
2024_1104_1140,0.33414240612883206,1140,1104,BYU,Alabama,1693.6502940625378,1768.457710582419,6,4
2024_1140_1388,0.3260376371546685,1140,1388,BYU,St Mary's CA,1693.6502940625378,1789.029061560117,6,5
2024_1140_1155,0.5499204584713958,1140,1155,BYU,Clemson,1693.6502940625378,1663.1965825094412,6,6
2024_1140_1173,0.5043618053288514,1140,1173,BYU,Dayton,1693.6502940625378,1705.9981956054135,6,7
2024_1140_1280,0.5996016335962463,1140,1280,BYU,Mississippi St,1693.6502940625378,1662.2706153949302,6,8
2024_1140_1277,0.619385389655934,1140,1277,BYU,Michigan St,1693.6502940625378,1664.6338684936895,6,9
2024_1140_1305,0.5437910745247967,1140,1305,BYU,Nevada,1693.6502940625378,1726.9563900095893,6,10
2024_1140_1307,0.6148470960588466,1140,1307,BYU,New Mexico,1693.6502940625378,1697.5534117279865,6,11
2024_1140_1213,0.5840828348484213,1140,1213,BYU,Grand Canyon,1693.6502940625378,1732.036634427032,6,12
2024_1140_1158,0.5925119588783939,1140,1158,BYU,Col Charleston,1693.6502940625378,1736.7465056472172,6,13
2024_1140_1159,0.72650412338782,1140,1159,BYU,Colgate,1693.6502940625378,1645.1497388831576,6,14
2024_1140_1253,0.8445537350176339,1140,1253,BYU,Long Beach St,1693.6502940625378,1536.3838456317214,6,15
2024_1140_1224,0.8943827416111915,1140,1224,BYU,Howard,1693.6502940625378,1468.9243119213404,6,16
2024_1140_1447,0.9122710240216579,1140,1447,BYU,Wagner,1693.6502940625378,1437.7070067970449,6,16
2024_1140_1345,0.12239897600482291,1140,1345,BYU,Purdue,1693.6502940625378,1918.0820619455849,6,1
2024_1140_1397,0.255555700446893,1140,1397,BYU,Tennessee,1693.6502940625378,1796.1716166367228,6,2
2024_1140_1166,0.3044184843589084,1140,1166,BYU,Creighton,1693.6502940625378,1774.2572486824401,6,3
2024_1140_1242,0.3027860277343606,1140,1242,BYU,Kansas,1693.6502940625378,1790.430882041691,6,4
2024_1140_1211,0.2666400010075767,1140,1211,BYU,Gonzaga,1693.6502940625378,1832.4374644706545,6,5
2024_1140_1376,0.4754118340010569,1140,1376,BYU,South Carolina,1693.6502940625378,1708.6122694955204,6,6
2024_1140_1400,0.4700132159237364,1140,1400,BYU,Texas,1693.6502940625378,1726.9045336821805,6,7
2024_1140_1429,0.44203683885932177,1140,1429,BYU,Utah St,1693.6502940625378,1759.0517656316995,6,8
2024_1140_1395,0.5900840284203488,1140,1395,BYU,TCU,1693.6502940625378,1683.2736371228686,6,9
2024_1140_1161,0.6605812187009957,1140,1161,BYU,Colorado St,1693.6502940625378,1652.4336708176806,6,10
2024_1140_1438,0.5805894802987129,1140,1438,BYU,Virginia,1693.6502940625378,1704.2198489087848,6,10
2024_1140_1332,0.6172204567885429,1140,1332,BYU,Oregon,1693.6502940625378,1696.02823693555,6,11
2024_1140_1270,0.7706749212665653,1140,1270,BYU,McNeese St,1693.6502940625378,1599.4034076580233,6,12
2024_1140_1359,0.6571502126590565,1140,1359,BYU,Samford,1693.6502940625378,1694.7540251390158,6,13
2024_1103_1140,0.758590333839948,1140,1103,BYU,Akron,1693.6502940625378,1619.611866900276,6,14
2024_1140_1389,0.850187979075915,1140,1389,BYU,St Peter's,1693.6502940625378,1529.7613899190612,6,15
2024_1140_1212,0.856014600662609,1140,1212,BYU,Grambling,1693.6502940625378,1522.6933430845452,6,16
2024_1140_1286,0.8647532997107,1140,1286,BYU,Montana St,1693.6502940625378,1511.6323516504287,6,16
2024_1140_1222,0.1008765840128445,1140,1222,BYU,Houston,1693.6502940625378,1951.160423382593,6,1
2024_1140_1266,0.22250719796050936,1140,1266,BYU,Marquette,1693.6502940625378,1823.8236033934306,6,2
2024_1140_1246,0.3405203272521113,1140,1246,BYU,Kentucky,1693.6502940625378,1749.1207241450747,6,3
2024_1140_1181,0.33519718789122194,1140,1181,BYU,Duke,1693.6502940625378,1767.737662533171,6,4
2024_1140_1458,0.47658343838662837,1140,1458,BYU,Wisconsin,1693.6502940625378,1692.8982739485298,6,5
2024_1140_1403,0.44773574579991143,1140,1403,BYU,Texas Tech,1693.6502940625378,1725.5441020131711,6,6
2024_1140_1196,0.5013131558989855,1140,1196,BYU,Florida,1693.6502940625378,1707.8518773217063,6,7
2024_1140_1304,0.5765886068201589,1140,1304,BYU,Nebraska,1693.6502940625378,1676.714063191751,6,8
2024_1140_1401,0.5676334576769315,1140,1401,BYU,Texas A&M,1693.6502940625378,1697.2747268986864,6,9
2024_1129_1140,0.5873039843058044,1140,1129,BYU,Boise St,1693.6502940625378,1700.0188591915337,6,10
2024_1140_1160,0.6008347507351766,1140,1160,BYU,Colorado,1693.6502940625378,1691.489482772901,6,10
2024_1140_1301,0.6584344960588829,1140,1301,BYU,NC State,1693.6502940625378,1668.8867935722649,6,11
2024_1140_1241,0.5967478129418927,1140,1241,BYU,James Madison,1693.6502940625378,1724.075357479141,6,12
2024_1140_1436,0.6163893853505013,1140,1436,BYU,Vermont,1693.6502940625378,1721.5627066358347,6,13
2024_1140_1324,0.7890729838206182,1140,1324,BYU,Oakland,1693.6502940625378,1593.105556226391,6,14
2024_1140_1443,0.8224019404418728,1140,1443,BYU,WKU,1693.6502940625378,1560.6742255595832,6,15
2024_1140_1255,0.8622731750042197,1140,1255,BYU,Longwood,1693.6502940625378,1514.8310751595295,6,16
2024_1194_1450,0.4186808563218701,1450,1194,Washington St,FL Atlantic,1685.3184945379912,1750.20452702202,7,8
2024_1321_1450,0.5807496659704845,1450,1321,Washington St,Northwestern,1685.3184945379912,1665.7880515530726,7,9
2024_1179_1450,0.44478931481333567,1450,1179,Washington St,Drake,1685.3184945379912,1764.0247090439525,7,10
2024_1182_1450,0.6385343106442922,1450,1182,Washington St,Duquesne,1685.3184945379912,1658.8274891002904,7,11
2024_1412_1450,0.6105896157595462,1450,1412,Washington St,UAB,1685.3184945379912,1691.9488346004314,7,12
2024_1450_1463,0.6601716129850538,1450,1463,Washington St,Yale,1685.3184945379912,1674.379477395046,7,13
2024_1287_1450,0.762126918415483,1450,1287,Washington St,Morehead St,1685.3184945379912,1608.3297936801964,7,14
2024_1355_1450,0.7759187225192832,1450,1355,Washington St,S Dakota St,1685.3184945379912,1596.5247636870092,7,15
2024_1391_1450,0.846742306908939,1450,1391,Washington St,Stetson,1685.3184945379912,1525.5033531179756,7,16
2024_1314_1450,0.20999218451811424,1450,1314,Washington St,North Carolina,1685.3184945379912,1796.7183842336785,7,1
2024_1112_1450,0.21399072420183338,1450,1112,Washington St,Arizona,1685.3184945379912,1808.0799474914206,7,2
2024_1124_1450,0.28767958887262135,1450,1124,Washington St,Baylor,1685.3184945379912,1763.136713391782,7,3
2024_1104_1450,0.3009024550578276,1450,1104,Washington St,Alabama,1685.3184945379912,1768.457710582419,7,4
2024_1388_1450,0.29324885700084485,1450,1388,Washington St,St Mary's CA,1685.3184945379912,1789.029061560117,7,5
2024_1155_1450,0.511711292243422,1450,1155,Washington St,Clemson,1685.3184945379912,1663.1965825094412,7,6
2024_1173_1450,0.46604038425284633,1450,1173,Washington St,Dayton,1685.3184945379912,1705.9981956054135,7,7
2024_1280_1450,0.5622527864481696,1450,1280,Washington St,Mississippi St,1685.3184945379912,1662.2706153949302,7,8
2024_1277_1450,0.582597302060555,1450,1277,Washington St,Michigan St,1685.3184945379912,1664.6338684936895,7,9
2024_1305_1450,0.5055294401174726,1450,1305,Washington St,Nevada,1685.3184945379912,1726.9563900095893,7,10
2024_1307_1450,0.5779192781130842,1450,1307,Washington St,New Mexico,1685.3184945379912,1697.5534117279865,7,11
2024_1213_1450,0.5463815494580693,1450,1213,Washington St,Grand Canyon,1685.3184945379912,1732.036634427032,7,12
2024_1158_1450,0.5631012462028844,1450,1158,Washington St,Col Charleston,1685.3184945379912,1736.7465056472172,7,13
2024_1159_1450,0.7154788097536924,1450,1159,Washington St,Colgate,1685.3184945379912,1645.1497388831576,7,14
2024_1253_1450,0.8372210367041429,1450,1253,Washington St,Long Beach St,1685.3184945379912,1536.3838456317214,7,15
2024_1224_1450,0.889091897859614,1450,1224,Washington St,Howard,1685.3184945379912,1468.9243119213404,7,16
2024_1447_1450,0.907783891194761,1450,1447,Washington St,Wagner,1685.3184945379912,1437.7070067970449,7,16
2024_1345_1450,0.10684302444361864,1450,1345,Washington St,Purdue,1685.3184945379912,1918.0820619455849,7,1
2024_1397_1450,0.22746284047380352,1450,1397,Washington St,Tennessee,1685.3184945379912,1796.1716166367228,7,2
2024_1166_1450,0.27292344439562477,1450,1166,Washington St,Creighton,1685.3184945379912,1774.2572486824401,7,3
2024_1242_1450,0.2713939843171274,1450,1242,Washington St,Kansas,1685.3184945379912,1790.430882041691,7,4
2024_1211_1450,0.23771774848983607,1450,1211,Washington St,Gonzaga,1685.3184945379912,1832.4374644706545,7,5
2024_1376_1450,0.437349097252269,1450,1376,Washington St,South Carolina,1685.3184945379912,1708.6122694955204,7,6
2024_1400_1450,0.43202674397862806,1450,1400,Washington St,Texas,1685.3184945379912,1726.9045336821805,7,7
2024_1429_1450,0.4045853595361178,1450,1429,Washington St,Utah St,1685.3184945379912,1759.0517656316995,7,8
2024_1395_1450,0.5525099586069739,1450,1395,Washington St,TCU,1685.3184945379912,1683.2736371228686,7,9
2024_1161_1450,0.6253665347886352,1450,1161,Washington St,Colorado St,1685.3184945379912,1652.4336708176806,7,10
2024_1438_1450,0.5428193951696024,1450,1438,Washington St,Virginia,1685.3184945379912,1704.2198489087848,7,10
2024_1332_1450,0.5803648864665049,1450,1332,Washington St,Oregon,1685.3184945379912,1696.02823693555,7,11
2024_1270_1450,0.7424287479901733,1450,1270,Washington St,McNeese St,1685.3184945379912,1599.4034076580233,7,12
2024_1359_1450,0.6294874742766228,1450,1359,Washington St,Samford,1685.3184945379912,1694.7540251390158,7,13
2024_1103_1450,0.7484105640160303,1450,1103,Washington St,Akron,1685.3184945379912,1619.611866900276,7,14
2024_1389_1450,0.8430716740628053,1450,1389,Washington St,St Peter's,1685.3184945379912,1529.7613899190612,7,15
2024_1212_1450,0.8491259531302294,1450,1212,Washington St,Grambling,1685.3184945379912,1522.6933430845452,7,16
2024_1286_1450,0.858213485564511,1450,1286,Washington St,Montana St,1685.3184945379912,1511.6323516504287,7,16
2024_1222_1450,0.08778235785201823,1450,1222,Washington St,Houston,1685.3184945379912,1951.160423382593,7,1
2024_1266_1450,0.19708551121748039,1450,1266,Washington St,Marquette,1685.3184945379912,1823.8236033934306,7,2
2024_1246_1450,0.30693837840902427,1450,1246,Washington St,Kentucky,1685.3184945379912,1749.1207241450747,7,3
2024_1181_1450,0.3018998831836723,1450,1181,Washington St,Duke,1685.3184945379912,1767.737662533171,7,4
2024_1450_1458,0.4385053091367049,1450,1458,Washington St,Wisconsin,1685.3184945379912,1692.8982739485298,7,5
2024_1403_1450,0.410156360461749,1450,1403,Washington St,Texas Tech,1685.3184945379912,1725.5441020131711,7,6
2024_1196_1450,0.4630069850148985,1450,1196,Washington St,Florida,1685.3184945379912,1707.8518773217063,7,7
2024_1304_1450,0.5387444660232932,1450,1304,Washington St,Nebraska,1685.3184945379912,1676.714063191751,7,8
2024_1401_1450,0.5296418508703281,1450,1401,Washington St,Texas A&M,1685.3184945379912,1697.2747268986864,7,9
2024_1129_1450,0.5496695621403793,1450,1129,Washington St,Boise St,1685.3184945379912,1700.0188591915337,7,10
2024_1160_1450,0.5635171953856449,1450,1160,Washington St,Colorado,1685.3184945379912,1691.489482772901,7,10
2024_1301_1450,0.6231241576905987,1450,1301,Washington St,NC State,1685.3184945379912,1668.8867935722649,7,11
2024_1241_1450,0.5593284064121725,1450,1241,Washington St,James Madison,1685.3184945379912,1724.075357479141,7,12
2024_1436_1450,0.5875022585037051,1450,1436,Washington St,Vermont,1685.3184945379912,1721.5627066358347,7,13
2024_1324_1450,0.7798054987298763,1450,1324,Washington St,Oakland,1685.3184945379912,1593.105556226391,7,14
2024_1443_1450,0.8142541176759374,1450,1443,Washington St,WKU,1685.3184945379912,1560.6742255595832,7,15
2024_1255_1450,0.8556334561996826,1450,1255,Washington St,Longwood,1685.3184945379912,1514.8310751595295,7,16
2024_1194_1321,0.6579208642156705,1194,1321,FL Atlantic,Northwestern,1750.20452702202,1665.7880515530726,8,9
2024_1179_1194,0.5265859079685306,1194,1179,FL Atlantic,Drake,1750.20452702202,1764.0247090439525,8,10
2024_1182_1194,0.7103736060303933,1194,1182,FL Atlantic,Duquesne,1750.20452702202,1658.8274891002904,8,11
2024_1194_1412,0.6852450841088851,1194,1412,FL Atlantic,UAB,1750.20452702202,1691.9488346004314,8,12
2024_1194_1463,0.7295321164916903,1194,1463,FL Atlantic,Yale,1750.20452702202,1674.379477395046,8,13
2024_1194_1287,0.821341214312263,1194,1287,FL Atlantic,Morehead St,1750.20452702202,1608.3297936801964,8,14
2024_1194_1355,0.8414307243989172,1194,1355,FL Atlantic,S Dakota St,1750.20452702202,1596.5247636870092,8,15
2024_1194_1391,0.8943673235486341,1194,1391,FL Atlantic,Stetson,1750.20452702202,1525.5033531179756,8,16
2024_1194_1314,0.27610052896415754,1194,1314,FL Atlantic,North Carolina,1750.20452702202,1796.7183842336785,8,1
2024_1112_1194,0.27431380307416653,1194,1112,FL Atlantic,Arizona,1750.20452702202,1808.0799474914206,8,2
2024_1124_1194,0.3592802228336795,1194,1124,FL Atlantic,Baylor,1750.20452702202,1763.136713391782,8,3
2024_1104_1194,0.37406588271822405,1194,1104,FL Atlantic,Alabama,1750.20452702202,1768.457710582419,8,4
2024_1194_1388,0.36552433704079074,1194,1388,FL Atlantic,St Mary's CA,1750.20452702202,1789.029061560117,8,5
2024_1155_1194,0.5926773898361671,1194,1155,FL Atlantic,Clemson,1750.20452702202,1663.1965825094412,8,6
2024_1173_1194,0.5478885173027438,1194,1173,FL Atlantic,Dayton,1750.20452702202,1705.9981956054135,8,7
2024_1194_1280,0.6407223899428879,1194,1280,FL Atlantic,Mississippi St,1750.20452702202,1662.2706153949302,8,8
2024_1194_1277,0.6596277326347267,1194,1277,FL Atlantic,Michigan St,1750.20452702202,1664.6338684936895,8,9
2024_1194_1305,0.5866926586102994,1194,1305,FL Atlantic,Nevada,1750.20452702202,1726.9563900095893,8,10
2024_1194_1307,0.655302237522973,1194,1307,FL Atlantic,New Mexico,1750.20452702202,1697.5534117279865,8,11
2024_1194_1213,0.6258027285633954,1194,1213,FL Atlantic,Grand Canyon,1750.20452702202,1732.036634427032,8,12
2024_1158_1194,0.6415157289905321,1194,1158,FL Atlantic,Col Charleston,1750.20452702202,1736.7465056472172,8,13
2024_1159_1194,0.7829989696715384,1194,1159,FL Atlantic,Colgate,1750.20452702202,1645.1497388831576,8,14
2024_1194_1253,0.8874113847258959,1194,1253,FL Atlantic,Long Beach St,1750.20452702202,1536.3838456317214,8,15
2024_1194_1224,0.924726636178989,1194,1224,FL Atlantic,Howard,1750.20452702202,1468.9243119213404,8,16
2024_1194_1447,0.9378328312749551,1194,1447,FL Atlantic,Wagner,1750.20452702202,1437.7070067970449,8,16
2024_1194_1345,0.14650043626049472,1194,1345,FL Atlantic,Purdue,1750.20452702202,1918.0820619455849,8,1
2024_1194_1397,0.2901815919895692,1194,1397,FL Atlantic,Tennessee,1750.20452702202,1796.1716166367228,8,2
2024_1166_1194,0.3426179256139256,1194,1166,FL Atlantic,Creighton,1750.20452702202,1774.2572486824401,8,3
2024_1194_1242,0.34088101105934493,1194,1242,FL Atlantic,Kansas,1750.20452702202,1790.430882041691,8,4
2024_1194_1211,0.3021581594995231,1194,1211,FL Atlantic,Gonzaga,1750.20452702202,1832.4374644706545,8,5
2024_1194_1376,0.5190565927772284,1194,1376,FL Atlantic,South Carolina,1750.20452702202,1708.6122694955204,8,6
2024_1194_1400,0.513647638414557,1194,1400,FL Atlantic,Texas,1750.20452702202,1726.9045336821805,8,7
2024_1194_1429,0.48545302103031973,1194,1429,FL Atlantic,Utah St,1750.20452702202,1759.0517656316995,8,8
2024_1194_1395,0.6315816535012874,1194,1395,FL Atlantic,TCU,1750.20452702202,1683.2736371228686,8,9
2024_1161_1194,0.6985875183647383,1194,1161,FL Atlantic,Colorado St,1750.20452702202,1652.4336708176806,8,10
2024_1194_1438,0.6224332703593982,1194,1438,FL Atlantic,Virginia,1750.20452702202,1704.2198489087848,8,10
2024_1194_1332,0.657565148741413,1194,1332,FL Atlantic,Oregon,1750.20452702202,1696.02823693555,8,11
2024_1194_1270,0.800084324328509,1194,1270,FL Atlantic,McNeese St,1750.20452702202,1599.4034076580233,8,12
2024_1194_1359,0.7022864653470692,1194,1359,FL Atlantic,Samford,1750.20452702202,1694.7540251390158,8,13
2024_1103_1194,0.8101889213863867,1194,1103,FL Atlantic,Akron,1750.20452702202,1619.611866900276,8,14
2024_1194_1389,0.8916914410051133,1194,1389,FL Atlantic,St Peter's,1750.20452702202,1529.7613899190612,8,15
2024_1194_1212,0.896101138373058,1194,1212,FL Atlantic,Grambling,1750.20452702202,1522.6933430845452,8,16
2024_1194_1286,0.9026835100000737,1194,1286,FL Atlantic,Montana St,1750.20452702202,1511.6323516504287,8,16
2024_1194_1222,0.12132597708040697,1194,1222,FL Atlantic,Houston,1750.20452702202,1951.160423382593,8,1
2024_1194_1266,0.2541841793862616,1194,1266,FL Atlantic,Marquette,1750.20452702202,1823.8236033934306,8,2
2024_1194_1246,0.3807700705454442,1194,1246,FL Atlantic,Kentucky,1750.20452702202,1749.1207241450747,8,3
2024_1181_1194,0.3751756813686604,1194,1181,FL Atlantic,Duke,1750.20452702202,1767.737662533171,8,4
2024_1194_1458,0.5202290909187748,1194,1458,FL Atlantic,Wisconsin,1750.20452702202,1692.8982739485298,8,5
2024_1194_1403,0.49121888454677276,1194,1403,FL Atlantic,Texas Tech,1750.20452702202,1725.5441020131711,8,6
2024_1194_1196,0.544865999524626,1194,1196,FL Atlantic,Florida,1750.20452702202,1707.8518773217063,8,7
2024_1194_1304,0.6185693200214042,1194,1304,FL Atlantic,Nebraska,1750.20452702202,1676.714063191751,8,8
2024_1194_1401,0.6099013477644387,1194,1401,FL Atlantic,Texas A&M,1750.20452702202,1697.2747268986864,8,9
2024_1129_1194,0.6289060551142741,1194,1129,FL Atlantic,Boise St,1750.20452702202,1700.0188591915337,8,10
2024_1160_1194,0.6419044990592798,1194,1160,FL Atlantic,Colorado,1750.20452702202,1691.489482772901,8,10
2024_1194_1301,0.6965707595502736,1194,1301,FL Atlantic,NC State,1750.20452702202,1668.8867935722649,8,11
2024_1194_1241,0.6379847018822484,1194,1241,FL Atlantic,James Madison,1750.20452702202,1724.075357479141,8,12
2024_1194_1436,0.6641493130412994,1194,1436,FL Atlantic,Vermont,1750.20452702202,1721.5627066358347,8,13
2024_1194_1324,0.8355685059501954,1194,1324,FL Atlantic,Oakland,1750.20452702202,1593.105556226391,8,14
2024_1194_1443,0.8704300105514982,1194,1443,FL Atlantic,WKU,1750.20452702202,1560.6742255595832,8,15
2024_1194_1255,0.9008191661292864,1194,1255,FL Atlantic,Longwood,1750.20452702202,1514.8310751595295,8,16
2024_1179_1321,0.36642174683239653,1321,1179,Northwestern,Drake,1665.7880515530726,1764.0247090439525,9,10
2024_1182_1321,0.560491417678872,1321,1182,Northwestern,Duquesne,1665.7880515530726,1658.8274891002904,9,11
2024_1321_1412,0.5309453260617018,1321,1412,Northwestern,UAB,1665.7880515530726,1691.9488346004314,9,12
2024_1321_1463,0.5837550317561415,1321,1463,Northwestern,Yale,1665.7880515530726,1674.379477395046,9,13
2024_1287_1321,0.7050407339858454,1321,1287,Northwestern,Morehead St,1665.7880515530726,1608.3297936801964,9,14
2024_1321_1355,0.7403452246730046,1321,1355,Northwestern,S Dakota St,1665.7880515530726,1596.5247636870092,9,15
2024_1321_1391,0.8293161556507556,1321,1391,Northwestern,Stetson,1665.7880515530726,1525.5033531179756,9,16
2024_1314_1321,0.17957230652609796,1321,1314,Northwestern,North Carolina,1665.7880515530726,1796.7183842336785,9,1
2024_1112_1321,0.16882278798404737,1321,1112,Northwestern,Arizona,1665.7880515530726,1808.0799474914206,9,2
2024_1124_1321,0.22573855583225494,1321,1124,Northwestern,Baylor,1665.7880515530726,1763.136713391782,9,3
2024_1104_1321,0.23706187725267044,1321,1104,Northwestern,Alabama,1665.7880515530726,1768.457710582419,9,4
2024_1321_1388,0.2304967129634121,1321,1388,Northwestern,St Mary's CA,1665.7880515530726,1789.029061560117,9,5
2024_1155_1321,0.4306994809996344,1321,1155,Northwestern,Clemson,1665.7880515530726,1663.1965825094412,9,6
2024_1173_1321,0.386535302396675,1321,1173,Northwestern,Dayton,1665.7880515530726,1705.9981956054135,9,7
2024_1280_1321,0.48112356122317146,1321,1280,Northwestern,Mississippi St,1665.7880515530726,1662.2706153949302,9,8
2024_1277_1321,0.5018982799559183,1321,1277,Northwestern,Michigan St,1665.7880515530726,1664.6338684936895,9,9
2024_1305_1321,0.4246451903235311,1321,1305,Northwestern,Nevada,1665.7880515530726,1726.9563900095893,9,10
2024_1307_1321,0.497096538334115,1321,1307,Northwestern,New Mexico,1665.7880515530726,1697.5534117279865,9,11
2024_1213_1321,0.4651091778528566,1321,1213,Northwestern,Grand Canyon,1665.7880515530726,1732.036634427032,9,12
2024_1158_1321,0.4819843930088338,1321,1158,Northwestern,Col Charleston,1665.7880515530726,1736.7465056472172,9,13
2024_1159_1321,0.65230503125472,1321,1159,Northwestern,Colgate,1665.7880515530726,1645.1497388831576,9,14
2024_1253_1321,0.8089836349048564,1321,1253,Northwestern,Long Beach St,1665.7880515530726,1536.3838456317214,9,15
2024_1224_1321,0.875774643042077,1321,1224,Northwestern,Howard,1665.7880515530726,1468.9243119213404,9,16
2024_1321_1447,0.8964496676851889,1321,1447,Northwestern,Wagner,1665.7880515530726,1437.7070067970449,9,16
2024_1321_1345,0.08966950567278319,1321,1345,Northwestern,Purdue,1665.7880515530726,1918.0820619455849,9,1
2024_1321_1397,0.18010286160437927,1321,1397,Northwestern,Tennessee,1665.7880515530726,1796.1716166367228,9,2
2024_1166_1321,0.21320861423088067,1321,1166,Northwestern,Creighton,1665.7880515530726,1774.2572486824401,9,3
2024_1242_1321,0.2119162597168854,1321,1242,Northwestern,Kansas,1665.7880515530726,1790.430882041691,9,4
2024_1211_1321,0.18375901233527694,1321,1211,Northwestern,Gonzaga,1665.7880515530726,1832.4374644706545,9,5
2024_1321_1376,0.3594437497526028,1321,1376,Northwestern,South Carolina,1665.7880515530726,1708.6122694955204,9,6
2024_1321_1400,0.35447218070065184,1321,1400,Northwestern,Texas,1665.7880515530726,1726.9045336821805,9,7
2024_1321_1429,0.32910254819009854,1321,1429,Northwestern,Utah St,1665.7880515530726,1759.0517656316995,9,8
2024_1321_1395,0.4712730652520469,1321,1395,Northwestern,TCU,1665.7880515530726,1683.2736371228686,9,9
2024_1161_1321,0.5464997954141076,1321,1161,Northwestern,Colorado St,1665.7880515530726,1652.4336708176806,9,10
2024_1321_1438,0.461537773239993,1321,1438,Northwestern,Virginia,1665.7880515530726,1704.2198489087848,9,10
2024_1321_1332,0.49960496630987455,1321,1332,Northwestern,Oregon,1665.7880515530726,1696.02823693555,9,11
2024_1270_1321,0.6754147901065534,1321,1270,Northwestern,McNeese St,1665.7880515530726,1599.4034076580233,9,12
2024_1321_1359,0.5508652091144616,1321,1359,Northwestern,Samford,1665.7880515530726,1694.7540251390158,9,13
2024_1103_1321,0.6893742834371361,1321,1103,Northwestern,Akron,1665.7880515530726,1619.611866900276,9,14
2024_1321_1389,0.8156256807954094,1321,1389,Northwestern,St Peter's,1665.7880515530726,1529.7613899190612,9,15
2024_1212_1321,0.8319170327533866,1321,1212,Northwestern,Grambling,1665.7880515530726,1522.6933430845452,9,16
2024_1286_1321,0.8418480449156197,1321,1286,Northwestern,Montana St,1665.7880515530726,1511.6323516504287,9,16
2024_1222_1321,0.0734207240338272,1321,1222,Northwestern,Houston,1665.7880515530726,1951.160423382593,9,1
2024_1266_1321,0.1547831595924134,1321,1266,Northwestern,Marquette,1665.7880515530726,1823.8236033934306,9,2
2024_1246_1321,0.24226096936414832,1321,1246,Northwestern,Kentucky,1665.7880515530726,1749.1207241450747,9,3
2024_1181_1321,0.23791970604617332,1321,1181,Northwestern,Duke,1665.7880515530726,1767.737662533171,9,4
2024_1321_1458,0.36052597431252786,1321,1458,Northwestern,Wisconsin,1665.7880515530726,1692.8982739485298,9,5
2024_1321_1403,0.3342175963197851,1321,1403,Northwestern,Texas Tech,1665.7880515530726,1725.5441020131711,9,6
2024_1196_1321,0.38364757857228415,1321,1196,Northwestern,Florida,1665.7880515530726,1707.8518773217063,9,7
2024_1304_1321,0.45746246790350703,1321,1304,Northwestern,Nebraska,1665.7880515530726,1676.714063191751,9,8
2024_1321_1401,0.44839813428045866,1321,1401,Northwestern,Texas A&M,1665.7880515530726,1697.2747268986864,9,9
2024_1129_1321,0.4684131418169826,1321,1129,Northwestern,Boise St,1665.7880515530726,1700.0188591915337,9,10
2024_1160_1321,0.48240658342176035,1321,1160,Northwestern,Colorado,1665.7880515530726,1691.489482772901,9,10
2024_1301_1321,0.5441294740566286,1321,1301,Northwestern,NC State,1665.7880515530726,1668.8867935722649,9,11
2024_1241_1321,0.4781602249191426,1321,1241,Northwestern,James Madison,1665.7880515530726,1724.075357479141,9,12
2024_1321_1436,0.5069489926961323,1321,1436,Northwestern,Vermont,1665.7880515530726,1721.5627066358347,9,13
2024_1321_1324,0.7254334665987741,1321,1324,Northwestern,Oakland,1665.7880515530726,1593.105556226391,9,14
2024_1321_1443,0.7830649559232167,1321,1443,Northwestern,WKU,1665.7880515530726,1560.6742255595832,9,15
2024_1255_1321,0.8390260775355178,1321,1255,Northwestern,Longwood,1665.7880515530726,1514.8310751595295,9,16
2024_1179_1182,0.6879934678690837,1179,1182,Drake,Duquesne,1764.0247090439525,1658.8274891002904,10,11
2024_1179_1412,0.6618475130786738,1179,1412,Drake,UAB,1764.0247090439525,1691.9488346004314,10,12
2024_1179_1463,0.7080239224643561,1179,1463,Drake,Yale,1764.0247090439525,1674.379477395046,10,13
2024_1179_1287,0.8051842429004062,1179,1287,Drake,Morehead St,1764.0247090439525,1608.3297936801964,10,14
2024_1179_1355,0.831369185816557,1179,1355,Drake,S Dakota St,1764.0247090439525,1596.5247636870092,10,15
2024_1179_1391,0.8967182553054508,1179,1391,Drake,Stetson,1764.0247090439525,1525.5033531179756,10,16
2024_1179_1314,0.29463728940418993,1179,1314,Drake,North Carolina,1764.0247090439525,1796.7183842336785,10,1
2024_1112_1179,0.2793450492667347,1179,1112,Drake,Arizona,1764.0247090439525,1808.0799474914206,10,2
2024_1124_1179,0.342530088753532,1179,1124,Drake,Baylor,1764.0247090439525,1763.136713391782,10,3
2024_1104_1179,0.34949557388254343,1179,1104,Drake,Alabama,1764.0247090439525,1768.457710582419,10,4
2024_1179_1388,0.3412092370833105,1179,1388,Drake,St Mary's CA,1764.0247090439525,1789.029061560117,10,5
2024_1155_1179,0.5667493400157678,1179,1155,Drake,Clemson,1764.0247090439525,1663.1965825094412,10,6
2024_1173_1179,0.5214116511407633,1179,1173,Drake,Dayton,1764.0247090439525,1705.9981956054135,10,7
2024_1179_1280,0.6158704755335533,1179,1280,Drake,Mississippi St,1764.0247090439525,1662.2706153949302,10,8
2024_1179_1277,0.6353392618014378,1179,1277,Drake,Michigan St,1764.0247090439525,1664.6338684936895,10,9
2024_1179_1305,0.5606660437710173,1179,1305,Drake,Nevada,1764.0247090439525,1726.9563900095893,10,10
2024_1179_1307,0.6308778297848905,1179,1307,Drake,New Mexico,1764.0247090439525,1697.5534117279865,10,11
2024_1179_1213,0.6005621734359661,1179,1213,Drake,Grand Canyon,1764.0247090439525,1732.036634427032,10,12
2024_1158_1179,0.6166858611541562,1179,1158,Drake,Col Charleston,1764.0247090439525,1736.7465056472172,10,13
2024_1159_1179,0.7643692920981546,1179,1159,Drake,Colgate,1764.0247090439525,1645.1497388831576,10,14
2024_1179_1253,0.8798508076368887,1179,1253,Drake,Long Beach St,1764.0247090439525,1536.3838456317214,10,15
2024_1179_1224,0.9264574586856416,1179,1224,Drake,Howard,1764.0247090439525,1468.9243119213404,10,16
2024_1179_1447,0.9392820797531516,1179,1447,Drake,Wagner,1764.0247090439525,1437.7070067970449,10,16
2024_1179_1345,0.15823811655242567,1179,1345,Drake,Purdue,1764.0247090439525,1918.0820619455849,10,1
2024_1179_1397,0.2953854090968294,1179,1397,Drake,Tennessee,1764.0247090439525,1796.1716166367228,10,2
2024_1166_1179,0.32624906091860023,1179,1166,Drake,Creighton,1764.0247090439525,1774.2572486824401,10,3
2024_1179_1242,0.31738518160736545,1179,1242,Drake,Kansas,1764.0247090439525,1790.430882041691,10,4
2024_1179_1211,0.2801967406298329,1179,1211,Drake,Gonzaga,1764.0247090439525,1832.4374644706545,10,5
2024_1179_1376,0.4924553953105324,1179,1376,Drake,South Carolina,1764.0247090439525,1708.6122694955204,10,6
2024_1179_1400,0.4870429253325928,1179,1400,Drake,Texas,1764.0247090439525,1726.9045336821805,10,7
2024_1179_1429,0.4589306464718451,1179,1429,Drake,Utah St,1764.0247090439525,1759.0517656316995,10,8
2024_1179_1395,0.6064857874109545,1179,1395,Drake,TCU,1764.0247090439525,1683.2736371228686,10,9
2024_1161_1179,0.6757123957801373,1179,1161,Drake,Colorado St,1764.0247090439525,1652.4336708176806,10,10
2024_1179_1438,0.597111757338591,1179,1438,Drake,Virginia,1764.0247090439525,1704.2198489087848,10,10
2024_1179_1332,0.633211336612907,1179,1332,Drake,Oregon,1764.0247090439525,1696.02823693555,10,11
2024_1179_1270,0.7825140198411655,1179,1270,Drake,McNeese St,1764.0247090439525,1599.4034076580233,10,12
2024_1179_1359,0.6795633010980141,1179,1359,Drake,Samford,1764.0247090439525,1694.7540251390158,10,13
2024_1103_1179,0.7932772371586098,1179,1103,Drake,Akron,1764.0247090439525,1619.611866900276,10,14
2024_1179_1389,0.8843808324520293,1179,1389,Drake,St Peter's,1764.0247090439525,1529.7613899190612,10,15
2024_1179_1212,0.8984178655661693,1179,1212,Drake,Grambling,1764.0247090439525,1522.6933430845452,10,16
2024_1179_1286,0.9048690456544372,1179,1286,Drake,Montana St,1764.0247090439525,1511.6323516504287,10,16
2024_1179_1222,0.13135709135766133,1179,1222,Drake,Houston,1764.0247090439525,1951.160423382593,10,1
2024_1179_1266,0.2589779821546994,1179,1266,Drake,Marquette,1764.0247090439525,1823.8236033934306,10,2
2024_1179_1246,0.3635865865395877,1179,1246,Drake,Kentucky,1764.0247090439525,1749.1207241450747,10,3
2024_1179_1181,0.3505733039167704,1179,1181,Drake,Duke,1764.0247090439525,1767.737662533171,10,4
2024_1179_1458,0.49362947846135596,1179,1458,Drake,Wisconsin,1764.0247090439525,1692.8982739485298,10,5
2024_1179_1403,0.46466597204861254,1179,1403,Drake,Texas Tech,1764.0247090439525,1725.5441020131711,10,6
2024_1179_1196,0.5183677279044455,1179,1196,Drake,Florida,1764.0247090439525,1707.8518773217063,10,7
2024_1179_1304,0.5931580504932554,1179,1304,Drake,Nebraska,1764.0247090439525,1676.714063191751,10,8
2024_1179_1401,0.5843006879400233,1179,1401,Drake,Texas A&M,1764.0247090439525,1697.2747268986864,10,9
2024_1129_1179,0.6037422814116344,1179,1129,Drake,Boise St,1764.0247090439525,1700.0188591915337,10,10
2024_1160_1179,0.6170854859866639,1179,1160,Drake,Colorado,1764.0247090439525,1691.489482772901,10,10
2024_1179_1301,0.673614088915116,1179,1301,Drake,NC State,1764.0247090439525,1668.8867935722649,10,11
2024_1179_1241,0.6130577805339485,1179,1241,Drake,James Madison,1764.0247090439525,1724.075357479141,10,12
2024_1179_1436,0.6400074071503024,1179,1436,Drake,Vermont,1764.0247090439525,1721.5627066358347,10,13
2024_1179_1324,0.8204168573481723,1179,1324,Drake,Oakland,1764.0247090439525,1593.105556226391,10,14
2024_1179_1443,0.8619065484427999,1179,1443,Drake,WKU,1764.0247090439525,1560.6742255595832,10,15
2024_1179_1255,0.9030420740231769,1179,1255,Drake,Longwood,1764.0247090439525,1514.8310751595295,10,16
2024_1182_1412,0.47023100689741376,1182,1412,Duquesne,UAB,1658.8274891002904,1691.9488346004314,11,12
2024_1182_1463,0.5237448229171475,1182,1463,Duquesne,Yale,1658.8274891002904,1674.379477395046,11,13
2024_1182_1287,0.6520951872611851,1182,1287,Duquesne,Morehead St,1658.8274891002904,1608.3297936801964,11,14
2024_1182_1355,0.690959088851093,1182,1355,Duquesne,S Dakota St,1658.8274891002904,1596.5247636870092,11,15
2024_1182_1391,0.797465100426487,1182,1391,Duquesne,Stetson,1658.8274891002904,1525.5033531179756,11,16
2024_1182_1314,0.1729246171465196,1182,1314,Duquesne,North Carolina,1658.8274891002904,1796.7183842336785,11,1
2024_1112_1182,0.16249422449407463,1182,1112,Duquesne,Arizona,1658.8274891002904,1808.0799474914206,11,2
2024_1124_1182,0.20683457327721774,1182,1124,Duquesne,Baylor,1658.8274891002904,1763.136713391782,11,3
2024_1104_1182,0.2011506336886831,1182,1104,Duquesne,Alabama,1658.8274891002904,1768.457710582419,11,4
2024_1182_1388,0.19020706122774786,1182,1388,Duquesne,St Mary's CA,1658.8274891002904,1789.029061560117,11,5
2024_1155_1182,0.37234856679178746,1182,1155,Duquesne,Clemson,1658.8274891002904,1663.1965825094412,11,6
2024_1173_1182,0.33069215732376084,1182,1173,Duquesne,Dayton,1658.8274891002904,1705.9981956054135,11,7
2024_1182_1280,0.42099300406128004,1182,1280,Duquesne,Mississippi St,1658.8274891002904,1662.2706153949302,11,8
2024_1182_1277,0.4413799369927856,1182,1277,Duquesne,Michigan St,1658.8274891002904,1664.6338684936895,11,9
2024_1182_1305,0.36658634085608616,1182,1305,Duquesne,Nevada,1658.8274891002904,1726.9563900095893,11,10
2024_1182_1307,0.4366496267029267,1182,1307,Duquesne,New Mexico,1658.8274891002904,1697.5534117279865,11,11
2024_1182_1213,0.40541627205893893,1182,1213,Duquesne,Grand Canyon,1658.8274891002904,1732.036634427032,11,12
2024_1158_1182,0.421833714552033,1182,1158,Duquesne,Col Charleston,1658.8274891002904,1736.7465056472172,11,13
2024_1159_1182,0.5953266473347203,1182,1159,Duquesne,Colgate,1658.8274891002904,1645.1497388831576,11,14
2024_1182_1253,0.7685715480167776,1182,1253,Duquesne,Long Beach St,1658.8274891002904,1536.3838456317214,11,15
2024_1182_1224,0.8510358874126366,1182,1224,Duquesne,Howard,1658.8274891002904,1468.9243119213404,11,16
2024_1182_1447,0.8752416919903364,1182,1447,Duquesne,Wagner,1658.8274891002904,1437.7070067970449,11,16
2024_1182_1345,0.08600110546989445,1182,1345,Duquesne,Purdue,1658.8274891002904,1918.0820619455849,11,1
2024_1182_1397,0.1734396834254388,1182,1397,Duquesne,Tennessee,1658.8274891002904,1796.1716166367228,11,2
2024_1166_1182,0.19508953554223993,1182,1166,Duquesne,Creighton,1658.8274891002904,1774.2572486824401,11,3
2024_1182_1242,0.17892088095464564,1182,1242,Duquesne,Kansas,1658.8274891002904,1790.430882041691,11,4
2024_1182_1211,0.15004589475520452,1182,1211,Duquesne,Gonzaga,1658.8274891002904,1832.4374644706545,11,5
2024_1182_1376,0.3055650242550133,1182,1376,Duquesne,South Carolina,1658.8274891002904,1708.6122694955204,11,6
2024_1182_1400,0.3009885024272786,1182,1400,Duquesne,Texas,1658.8274891002904,1726.9045336821805,11,7
2024_1182_1429,0.2777994171504015,1182,1429,Duquesne,Utah St,1658.8274891002904,1759.0517656316995,11,8
2024_1182_1395,0.41139751740770764,1182,1395,Duquesne,TCU,1658.8274891002904,1683.2736371228686,11,9
2024_1161_1182,0.48584916164083475,1182,1161,Duquesne,Colorado St,1658.8274891002904,1652.4336708176806,11,10
2024_1182_1438,0.40195877994963564,1182,1438,Duquesne,Virginia,1658.8274891002904,1704.2198489087848,11,10
2024_1182_1332,0.4391193678813711,1182,1332,Duquesne,Oregon,1658.8274891002904,1696.02823693555,11,11
2024_1182_1270,0.6200174353404893,1182,1270,Duquesne,McNeese St,1658.8274891002904,1599.4034076580233,11,12
2024_1182_1359,0.49025383925191374,1182,1359,Duquesne,Samford,1658.8274891002904,1694.7540251390158,11,13
2024_1103_1182,0.6350721521113565,1182,1103,Duquesne,Akron,1658.8274891002904,1619.611866900276,11,14
2024_1182_1389,0.7762301172605275,1182,1389,Duquesne,St Peter's,1658.8274891002904,1529.7613899190612,11,15
2024_1182_1212,0.8004345303705171,1182,1212,Duquesne,Grambling,1658.8274891002904,1522.6933430845452,11,16
2024_1182_1286,0.8118048623911022,1182,1286,Duquesne,Montana St,1658.8274891002904,1511.6323516504287,11,16
2024_1182_1222,0.0703656828239049,1182,1222,Duquesne,Houston,1658.8274891002904,1951.160423382593,11,1
2024_1182_1266,0.14888661768424385,1182,1266,Duquesne,Marquette,1658.8274891002904,1823.8236033934306,11,2
2024_1182_1246,0.22237073798000861,1182,1246,Duquesne,Kentucky,1658.8274891002904,1749.1207241450747,11,3
2024_1181_1182,0.20191290550324376,1182,1181,Duquesne,Duke,1658.8274891002904,1767.737662533171,11,4
2024_1182_1458,0.3065626655168671,1182,1458,Duquesne,Wisconsin,1658.8274891002904,1692.8982739485298,11,5
2024_1182_1403,0.28245279133634704,1182,1403,Duquesne,Texas Tech,1658.8274891002904,1725.5441020131711,11,6
2024_1182_1196,0.3279985673966151,1182,1196,Duquesne,Florida,1658.8274891002904,1707.8518773217063,11,7
2024_1182_1304,0.39802068481702185,1182,1304,Duquesne,Nebraska,1658.8274891002904,1676.714063191751,11,8
2024_1182_1401,0.3892890403637149,1182,1401,Duquesne,Texas A&M,1658.8274891002904,1697.2747268986864,11,9
2024_1129_1182,0.40862013453992496,1182,1129,Duquesne,Boise St,1658.8274891002904,1700.0188591915337,11,10
2024_1160_1182,0.42224616404357257,1182,1160,Duquesne,Colorado,1658.8274891002904,1691.489482772901,11,10
2024_1182_1301,0.4834614608704443,1182,1301,Duquesne,NC State,1658.8274891002904,1668.8867935722649,11,11
2024_1182_1241,0.4181015973691381,1182,1241,Duquesne,James Madison,1658.8274891002904,1724.075357479141,11,12
2024_1182_1436,0.44636739620910126,1182,1436,Duquesne,Vermont,1658.8274891002904,1721.5627066358347,11,13
2024_1182_1324,0.6744582510437077,1182,1324,Duquesne,Oakland,1658.8274891002904,1593.105556226391,11,14
2024_1182_1443,0.7389389449174396,1182,1443,Duquesne,WKU,1658.8274891002904,1560.6742255595832,11,15
2024_1182_1255,0.8085687223946406,1182,1255,Duquesne,Longwood,1658.8274891002904,1514.8310751595295,11,16
2024_1412_1463,0.5533629356342098,1412,1463,UAB,Yale,1691.9488346004314,1674.379477395046,12,13
2024_1287_1412,0.678629050648181,1412,1287,UAB,Morehead St,1691.9488346004314,1608.3297936801964,12,14
2024_1355_1412,0.7158206148613872,1412,1355,UAB,S Dakota St,1691.9488346004314,1596.5247636870092,12,15
2024_1391_1412,0.8160396694352553,1412,1391,UAB,Stetson,1691.9488346004314,1525.5033531179756,12,16
2024_1314_1412,0.2063381939311715,1412,1314,UAB,North Carolina,1691.9488346004314,1796.7183842336785,12,1
2024_1112_1412,0.19436600860780098,1412,1112,UAB,Arizona,1691.9488346004314,1808.0799474914206,12,2
2024_1124_1412,0.24486059832239254,1412,1124,UAB,Baylor,1691.9488346004314,1763.136713391782,12,3
2024_1104_1412,0.2384458276954818,1412,1104,UAB,Alabama,1691.9488346004314,1768.457710582419,12,4
2024_1388_1412,0.21474549967910495,1412,1388,UAB,St Mary's CA,1691.9488346004314,1789.029061560117,12,5
2024_1155_1412,0.40060676093936876,1412,1155,UAB,Clemson,1691.9488346004314,1663.1965825094412,12,6
2024_1173_1412,0.3575900961285054,1412,1173,UAB,Dayton,1691.9488346004314,1705.9981956054135,12,7
2024_1280_1412,0.4502943748504173,1412,1280,UAB,Mississippi St,1691.9488346004314,1662.2706153949302,12,8
2024_1277_1412,0.47094612706011285,1412,1277,UAB,Michigan St,1691.9488346004314,1664.6338684936895,12,9
2024_1305_1412,0.39468221762760775,1412,1305,UAB,Nevada,1691.9488346004314,1726.9563900095893,12,10
2024_1307_1412,0.4661633729623486,1412,1307,UAB,New Mexico,1691.9488346004314,1697.5534117279865,12,11
2024_1213_1412,0.4344469643047753,1412,1213,UAB,Grand Canyon,1691.9488346004314,1732.036634427032,12,12
2024_1158_1412,0.4511480066641401,1412,1158,UAB,Col Charleston,1691.9488346004314,1736.7465056472172,12,13
2024_1159_1412,0.6236916030457811,1412,1159,UAB,Colgate,1691.9488346004314,1645.1497388831576,12,14
2024_1253_1412,0.7890951570841205,1412,1253,UAB,Long Beach St,1691.9488346004314,1536.3838456317214,12,15
2024_1224_1412,0.8655259191559707,1412,1224,UAB,Howard,1691.9488346004314,1468.9243119213404,12,16
2024_1412_1447,0.8876879094923422,1412,1447,UAB,Wagner,1691.9488346004314,1437.7070067970449,12,16
2024_1345_1412,0.10474591402979364,1412,1345,UAB,Purdue,1691.9488346004314,1918.0820619455849,12,1
2024_1397_1412,0.20692788432001402,1412,1397,UAB,Tennessee,1691.9488346004314,1796.1716166367228,12,2
2024_1166_1412,0.23158673106694744,1412,1166,UAB,Creighton,1691.9488346004314,1774.2572486824401,12,3
2024_1242_1412,0.21319443296083707,1412,1242,UAB,Kansas,1691.9488346004314,1790.430882041691,12,4
2024_1211_1412,0.17049401976420092,1412,1211,UAB,Gonzaga,1691.9488346004314,1832.4374644706545,12,5
2024_1376_1412,0.3314312230503991,1412,1376,UAB,South Carolina,1691.9488346004314,1708.6122694955204,12,6
2024_1400_1412,0.32664952479420767,1412,1400,UAB,Texas,1691.9488346004314,1726.9045336821805,12,7
2024_1412_1429,0.3023385348689658,1412,1429,UAB,Utah St,1691.9488346004314,1759.0517656316995,12,8
2024_1395_1412,0.4405391734135524,1412,1395,UAB,TCU,1691.9488346004314,1683.2736371228686,12,9
2024_1161_1412,0.5156445161416988,1412,1161,UAB,Colorado St,1691.9488346004314,1652.4336708176806,12,10
2024_1412_1438,0.43092132416333206,1412,1438,UAB,Virginia,1691.9488346004314,1704.2198489087848,12,10
2024_1332_1412,0.4686611726474268,1412,1332,UAB,Oregon,1691.9488346004314,1696.02823693555,12,11
2024_1270_1412,0.647675962784142,1412,1270,UAB,McNeese St,1691.9488346004314,1599.4034076580233,12,12
2024_1359_1412,0.5200460965224286,1412,1359,UAB,Samford,1691.9488346004314,1694.7540251390158,12,13
2024_1103_1412,0.6622318330927196,1412,1103,UAB,Akron,1691.9488346004314,1619.611866900276,12,14
2024_1389_1412,0.796254594673693,1412,1389,UAB,St Peter's,1691.9488346004314,1529.7613899190612,12,15
2024_1212_1412,0.8187986503644604,1412,1212,UAB,Grambling,1691.9488346004314,1522.6933430845452,12,16
2024_1286_1412,0.8293457525263556,1412,1286,UAB,Montana St,1691.9488346004314,1511.6323516504287,12,16
2024_1222_1412,0.0860233362988878,1412,1222,UAB,Houston,1691.9488346004314,1951.160423382593,12,1
2024_1266_1412,0.17865875146409324,1412,1266,UAB,Marquette,1691.9488346004314,1823.8236033934306,12,2
2024_1246_1412,0.2623084437923922,1412,1246,UAB,Kentucky,1691.9488346004314,1749.1207241450747,12,3
2024_1181_1412,0.23930709361533076,1412,1181,UAB,Duke,1691.9488346004314,1767.737662533171,12,4
2024_1412_1458,0.3398130047958673,1412,1458,UAB,Wisconsin,1691.9488346004314,1692.8982739485298,12,5
2024_1403_1412,0.30722809663597017,1412,1403,UAB,Texas Tech,1691.9488346004314,1725.5441020131711,12,6
2024_1196_1412,0.3547935527160089,1412,1196,UAB,Florida,1691.9488346004314,1707.8518773217063,12,7
2024_1304_1412,0.4269020283348015,1412,1304,UAB,Nebraska,1691.9488346004314,1676.714063191751,12,8
2024_1401_1412,0.4179767193122774,1412,1401,UAB,Texas A&M,1691.9488346004314,1697.2747268986864,12,9
2024_1129_1412,0.4377113557896386,1412,1129,UAB,Boise St,1691.9488346004314,1700.0188591915337,12,10
2024_1160_1412,0.4515667322333037,1412,1160,UAB,Colorado,1691.9488346004314,1691.489482772901,12,10
2024_1301_1412,0.513256560683099,1412,1301,UAB,NC State,1691.9488346004314,1668.8867935722649,12,11
2024_1241_1412,0.44735721104859527,1412,1241,UAB,James Madison,1691.9488346004314,1724.075357479141,12,12
2024_1412_1436,0.4759830082898205,1412,1436,UAB,Vermont,1691.9488346004314,1721.5627066358347,12,13
2024_1324_1412,0.7000710117850679,1412,1324,UAB,Oakland,1691.9488346004314,1593.105556226391,12,14
2024_1412_1443,0.7612741941173967,1412,1443,UAB,WKU,1691.9488346004314,1560.6742255595832,12,15
2024_1255_1412,0.826346718632757,1412,1255,UAB,Longwood,1691.9488346004314,1514.8310751595295,12,16
2024_1287_1463,0.6302316772384653,1463,1287,Yale,Morehead St,1674.379477395046,1608.3297936801964,13,14
2024_1355_1463,0.6703030799730542,1463,1355,Yale,S Dakota St,1674.379477395046,1596.5247636870092,13,15
2024_1391_1463,0.7816785484495651,1463,1391,Yale,Stetson,1674.379477395046,1525.5033531179756,13,16
2024_1314_1463,0.1880506781366693,1463,1314,Yale,North Carolina,1674.379477395046,1796.7183842336785,13,1
2024_1112_1463,0.1769030643759108,1463,1112,Yale,Arizona,1674.379477395046,1808.0799474914206,13,2
2024_1124_1463,0.22412302492079803,1463,1124,Yale,Baylor,1674.379477395046,1763.136713391782,13,3
2024_1104_1463,0.21809462440939184,1463,1104,Yale,Alabama,1674.379477395046,1768.457710582419,13,4
2024_1388_1463,0.19589677187281124,1463,1388,Yale,St Mary's CA,1674.379477395046,1789.029061560117,13,5
2024_1155_1463,0.3579411764755486,1463,1155,Yale,Clemson,1674.379477395046,1663.1965825094412,13,6
2024_1173_1463,0.3100026324789584,1463,1173,Yale,Dayton,1674.379477395046,1705.9981956054135,13,7
2024_1280_1463,0.39801349081679316,1463,1280,Yale,Mississippi St,1674.379477395046,1662.2706153949302,13,8
2024_1277_1463,0.4180911572890072,1463,1277,Yale,Michigan St,1674.379477395046,1664.6338684936895,13,9
2024_1305_1463,0.3448080382893268,1463,1305,Yale,Nevada,1674.379477395046,1726.9563900095893,13,10
2024_1307_1463,0.41342571894781116,1463,1307,Yale,New Mexico,1674.379477395046,1697.5534117279865,13,11
2024_1213_1463,0.38272498867631194,1463,1213,Yale,Grand Canyon,1674.379477395046,1732.036634427032,13,12
2024_1158_1463,0.3988399221026031,1463,1158,Yale,Col Charleston,1674.379477395046,1736.7465056472172,13,13
2024_1159_1463,0.5722358519706139,1463,1159,Yale,Colgate,1674.379477395046,1645.1497388831576,13,14
2024_1253_1463,0.751235423026966,1463,1253,Yale,Long Beach St,1674.379477395046,1536.3838456317214,13,15
2024_1224_1463,0.838579697571964,1463,1224,Yale,Howard,1674.379477395046,1468.9243119213404,13,16
2024_1447_1463,0.8644872644715429,1463,1447,Yale,Wagner,1674.379477395046,1437.7070067970449,13,16
2024_1345_1463,0.09439154292243664,1463,1345,Yale,Purdue,1674.379477395046,1918.0820619455849,13,1
2024_1397_1463,0.18860052451731885,1463,1397,Yale,Tennessee,1674.379477395046,1796.1716166367228,13,2
2024_1166_1463,0.2116582421292636,1463,1166,Yale,Creighton,1674.379477395046,1774.2572486824401,13,3
2024_1242_1463,0.1944481342135547,1463,1242,Yale,Kansas,1674.379477395046,1790.430882041691,13,4
2024_1211_1463,0.15476385111659993,1463,1211,Yale,Gonzaga,1674.379477395046,1832.4374644706545,13,5
2024_1376_1463,0.2925373168512551,1463,1376,Yale,South Carolina,1674.379477395046,1708.6122694955204,13,6
2024_1400_1463,0.281376102104105,1463,1400,Yale,Texas,1674.379477395046,1726.9045336821805,13,7
2024_1429_1463,0.2591378582170033,1463,1429,Yale,Utah St,1674.379477395046,1759.0517656316995,13,8
2024_1395_1463,0.38859025219771337,1463,1395,Yale,TCU,1674.379477395046,1683.2736371228686,13,9
2024_1161_1463,0.46215520351542855,1463,1161,Yale,Colorado St,1674.379477395046,1652.4336708176806,13,10
2024_1438_1463,0.37933755194914165,1463,1438,Yale,Virginia,1674.379477395046,1704.2198489087848,13,10
2024_1332_1463,0.4158610698562487,1463,1332,Yale,Oregon,1674.379477395046,1696.02823693555,13,11
2024_1270_1463,0.597382694409012,1463,1270,Yale,McNeese St,1674.379477395046,1599.4034076580233,13,12
2024_1359_1463,0.4665399897123372,1463,1359,Yale,Samford,1674.379477395046,1694.7540251390158,13,13
2024_1103_1463,0.6127741147782294,1463,1103,Yale,Akron,1674.379477395046,1619.611866900276,13,14
2024_1389_1463,0.7592880111305841,1463,1389,Yale,St Peter's,1674.379477395046,1529.7613899190612,13,15
2024_1212_1463,0.7848169766543256,1463,1212,Yale,Grambling,1674.379477395046,1522.6933430845452,13,16
2024_1286_1463,0.7968512919603336,1463,1286,Yale,Montana St,1674.379477395046,1511.6323516504287,13,16
2024_1222_1463,0.07735980761596602,1463,1222,Yale,Houston,1674.379477395046,1951.160423382593,13,1
2024_1266_1463,0.16232269561006066,1463,1266,Yale,Marquette,1674.379477395046,1823.8236033934306,13,2
2024_1246_1463,0.2405639322683402,1463,1246,Yale,Kentucky,1674.379477395046,1749.1207241450747,13,3
2024_1181_1463,0.2189035113341655,1463,1181,Yale,Duke,1674.379477395046,1767.737662533171,13,4
2024_1458_1463,0.31438170490151673,1463,1458,Yale,Wisconsin,1674.379477395046,1692.8982739485298,13,5
2024_1403_1463,0.27002730770481026,1463,1403,Yale,Texas Tech,1674.379477395046,1725.5441020131711,13,6
2024_1196_1463,0.3074001659657498,1463,1196,Yale,Florida,1674.379477395046,1707.8518773217063,13,7
2024_1304_1463,0.37548193431130156,1463,1304,Yale,Nebraska,1674.379477395046,1676.714063191751,13,8
2024_1401_1463,0.36694334128106343,1463,1401,Yale,Texas A&M,1674.379477395046,1697.2747268986864,13,9
2024_1129_1463,0.3858659036887328,1463,1129,Yale,Boise St,1674.379477395046,1700.0188591915337,13,10
2024_1160_1463,0.3992454141723453,1463,1160,Yale,Colorado,1674.379477395046,1691.489482772901,13,10
2024_1301_1463,0.4597798165708221,1463,1301,Yale,NC State,1674.379477395046,1668.8867935722649,13,11
2024_1241_1463,0.3951721935069966,1463,1241,Yale,James Madison,1674.379477395046,1724.075357479141,13,12
2024_1436_1463,0.42301473520831534,1463,1436,Yale,Vermont,1674.379477395046,1721.5627066358347,13,13
2024_1324_1463,0.6532528151840253,1463,1324,Yale,Oakland,1674.379477395046,1593.105556226391,13,14
2024_1443_1463,0.7201911964433758,1463,1443,Yale,WKU,1674.379477395046,1560.6742255595832,13,15
2024_1255_1463,0.7934234478690907,1463,1255,Yale,Longwood,1674.379477395046,1514.8310751595295,13,16
2024_1287_1355,0.5439724359929473,1287,1355,Morehead St,S Dakota St,1608.3297936801964,1596.5247636870092,14,15
2024_1287_1391,0.6774907822120629,1287,1391,Morehead St,Stetson,1608.3297936801964,1525.5033531179756,14,16
2024_1287_1314,0.13041946339892496,1287,1314,Morehead St,North Carolina,1608.3297936801964,1796.7183842336785,14,1
2024_1112_1287,0.12217415706358742,1287,1112,Morehead St,Arizona,1608.3297936801964,1808.0799474914206,14,2
2024_1124_1287,0.15758238487038156,1287,1124,Morehead St,Baylor,1608.3297936801964,1763.136713391782,14,3
2024_1104_1287,0.15299085736040502,1287,1104,Morehead St,Alabama,1608.3297936801964,1768.457710582419,14,4
2024_1287_1388,0.13626453644800057,1287,1388,Morehead St,St Mary's CA,1608.3297936801964,1789.029061560117,14,5
2024_1155_1287,0.2652534386817379,1287,1155,Morehead St,Clemson,1608.3297936801964,1663.1965825094412,14,6
2024_1173_1287,0.21409370766019178,1287,1173,Morehead St,Dayton,1608.3297936801964,1705.9981956054135,14,7
2024_1280_1287,0.27949660684545763,1287,1280,Morehead St,Mississippi St,1608.3297936801964,1662.2706153949302,14,8
2024_1277_1287,0.2965407805428593,1287,1277,Morehead St,Michigan St,1608.3297936801964,1664.6338684936895,14,9
2024_1287_1305,0.235925133896695,1287,1305,Morehead St,Nevada,1608.3297936801964,1726.9563900095893,14,10
2024_1287_1307,0.29254980790631274,1287,1307,Morehead St,New Mexico,1608.3297936801964,1697.5534117279865,14,11
2024_1213_1287,0.2667433531901766,1287,1213,Morehead St,Grand Canyon,1608.3297936801964,1732.036634427032,14,12
2024_1158_1287,0.2801914908916667,1287,1158,Morehead St,Col Charleston,1608.3297936801964,1736.7465056472172,14,13
2024_1159_1287,0.43973648364295653,1287,1159,Morehead St,Colgate,1608.3297936801964,1645.1497388831576,14,14
2024_1253_1287,0.6392248289871412,1287,1253,Morehead St,Long Beach St,1608.3297936801964,1536.3838456317214,14,15
2024_1224_1287,0.7529647264745367,1287,1224,Morehead St,Howard,1608.3297936801964,1468.9243119213404,14,16
2024_1287_1447,0.7891584314788695,1287,1447,Morehead St,Wagner,1608.3297936801964,1437.7070067970449,14,16
2024_1287_1345,0.0632285032751046,1287,1345,Morehead St,Purdue,1608.3297936801964,1918.0820619455849,14,1
2024_1287_1397,0.1308279519646606,1287,1397,Morehead St,Tennessee,1608.3297936801964,1796.1716166367228,14,2
2024_1166_1287,0.14811186220145886,1287,1166,Morehead St,Creighton,1608.3297936801964,1774.2572486824401,14,3
2024_1242_1287,0.13518273844262643,1287,1242,Morehead St,Kansas,1608.3297936801964,1790.430882041691,14,4
2024_1211_1287,0.10600212465049333,1287,1211,Morehead St,Gonzaga,1608.3297936801964,1832.4374644706545,14,5
2024_1287_1376,0.21121432501723544,1287,1376,Morehead St,South Carolina,1608.3297936801964,1708.6122694955204,14,6
2024_1287_1400,0.19186103749467326,1287,1400,Morehead St,Texas,1608.3297936801964,1726.9045336821805,14,7
2024_1287_1429,0.17027702479032975,1287,1429,Morehead St,Utah St,1608.3297936801964,1759.0517656316995,14,8
2024_1287_1395,0.2716132971897926,1287,1395,Morehead St,TCU,1608.3297936801964,1683.2736371228686,14,9
2024_1161_1287,0.33517298623495473,1287,1161,Morehead St,Colorado St,1608.3297936801964,1652.4336708176806,14,10
2024_1287_1438,0.26394351034300706,1287,1438,Morehead St,Virginia,1608.3297936801964,1704.2198489087848,14,10
2024_1287_1332,0.2946307703096651,1287,1332,Morehead St,Oregon,1608.3297936801964,1696.02823693555,14,11
2024_1270_1287,0.4653955600037198,1287,1270,Morehead St,McNeese St,1608.3297936801964,1599.4034076580233,14,12
2024_1287_1359,0.33911261388934427,1287,1359,Morehead St,Samford,1608.3297936801964,1694.7540251390158,14,13
2024_1103_1287,0.4814528470462739,1287,1103,Morehead St,Akron,1608.3297936801964,1619.611866900276,14,14
2024_1287_1389,0.6492101573523862,1287,1389,Morehead St,St Peter's,1608.3297936801964,1529.7613899190612,14,15
2024_1212_1287,0.681516710549483,1287,1212,Morehead St,Grambling,1608.3297936801964,1522.6933430845452,14,16
2024_1286_1287,0.6970984840968601,1287,1286,Morehead St,Montana St,1608.3297936801964,1511.6323516504287,14,16
2024_1222_1287,0.051499970261913566,1287,1222,Morehead St,Houston,1608.3297936801964,1951.160423382593,14,1
2024_1266_1287,0.11149354000252472,1287,1266,Morehead St,Marquette,1608.3297936801964,1823.8236033934306,14,2
2024_1246_1287,0.17021293929612108,1287,1246,Morehead St,Kentucky,1608.3297936801964,1749.1207241450747,14,3
2024_1181_1287,0.1536057175405862,1287,1181,Morehead St,Duke,1608.3297936801964,1767.737662533171,14,4
2024_1287_1458,0.22895137332914392,1287,1458,Morehead St,Wisconsin,1608.3297936801964,1692.8982739485298,14,5
2024_1287_1403,0.19325257103756985,1287,1403,Morehead St,Texas Tech,1608.3297936801964,1725.5441020131711,14,6
2024_1196_1287,0.21204895621625722,1287,1196,Morehead St,Florida,1608.3297936801964,1707.8518773217063,14,7
2024_1287_1304,0.26076799023025765,1287,1304,Morehead St,Nebraska,1608.3297936801964,1676.714063191751,14,8
2024_1287_1401,0.2537779927433162,1287,1401,Morehead St,Texas A&M,1608.3297936801964,1697.2747268986864,14,9
2024_1129_1287,0.269347769924289,1287,1129,Morehead St,Boise St,1608.3297936801964,1700.0188591915337,14,10
2024_1160_1287,0.2805326466309929,1287,1160,Morehead St,Colorado,1608.3297936801964,1691.489482772901,14,10
2024_1287_1301,0.33304611829306585,1287,1301,Morehead St,NC State,1608.3297936801964,1668.8867935722649,14,11
2024_1241_1287,0.2771119013501342,1287,1241,Morehead St,James Madison,1608.3297936801964,1724.075357479141,14,12
2024_1287_1436,0.30077280189465444,1287,1436,Morehead St,Vermont,1608.3297936801964,1721.5627066358347,14,13
2024_1287_1324,0.5250184478152271,1287,1324,Morehead St,Oakland,1608.3297936801964,1593.105556226391,14,14
2024_1287_1443,0.601615127469056,1287,1443,Morehead St,WKU,1608.3297936801964,1560.6742255595832,14,15
2024_1255_1287,0.6926366963255037,1287,1255,Morehead St,Longwood,1608.3297936801964,1514.8310751595295,14,16
2024_1355_1391,0.6378209520940821,1355,1391,S Dakota St,Stetson,1596.5247636870092,1525.5033531179756,15,16
2024_1314_1355,0.1218616084050517,1355,1314,S Dakota St,North Carolina,1596.5247636870092,1796.7183842336785,15,1
2024_1112_1355,0.11408635917408226,1355,1112,S Dakota St,Arizona,1596.5247636870092,1808.0799474914206,15,2
2024_1124_1355,0.14754457658315542,1355,1124,S Dakota St,Baylor,1596.5247636870092,1763.136713391782,15,3
2024_1104_1355,0.1431958084105839,1355,1104,S Dakota St,Alabama,1596.5247636870092,1768.457710582419,15,4
2024_1355_1388,0.12737932243747474,1355,1388,S Dakota St,St Mary's CA,1596.5247636870092,1789.029061560117,15,5
2024_1155_1355,0.2503957025839822,1355,1155,S Dakota St,Clemson,1596.5247636870092,1663.1965825094412,15,6
2024_1173_1355,0.20131643385193757,1355,1173,S Dakota St,Dayton,1596.5247636870092,1705.9981956054135,15,7
2024_1280_1355,0.25154085069703747,1355,1280,S Dakota St,Mississippi St,1596.5247636870092,1662.2706153949302,15,8
2024_1277_1355,0.2611171011374795,1355,1277,S Dakota St,Michigan St,1596.5247636870092,1664.6338684936895,15,9
2024_1305_1355,0.20562580820009976,1355,1305,S Dakota St,Nevada,1596.5247636870092,1726.9563900095893,15,10
2024_1307_1355,0.2574284116400563,1355,1307,S Dakota St,New Mexico,1596.5247636870092,1697.5534117279865,15,11
2024_1213_1355,0.23369666448254536,1355,1213,S Dakota St,Grand Canyon,1596.5247636870092,1732.036634427032,15,12
2024_1158_1355,0.24603775890847498,1355,1158,S Dakota St,Col Charleston,1596.5247636870092,1736.7465056472172,15,13
2024_1159_1355,0.3968573325369111,1355,1159,S Dakota St,Colgate,1596.5247636870092,1645.1497388831576,15,14
2024_1253_1355,0.5976435086696948,1355,1253,S Dakota St,Long Beach St,1596.5247636870092,1536.3838456317214,15,15
2024_1224_1355,0.7187241826028294,1355,1224,S Dakota St,Howard,1596.5247636870092,1468.9243119213404,15,16
2024_1355_1447,0.7583243737768857,1355,1447,S Dakota St,Wagner,1596.5247636870092,1437.7070067970449,15,16
2024_1345_1355,0.058781546741404525,1355,1345,S Dakota St,Purdue,1596.5247636870092,1918.0820619455849,15,1
2024_1355_1397,0.12224706097213241,1355,1397,S Dakota St,Tennessee,1596.5247636870092,1796.1716166367228,15,2
2024_1166_1355,0.13857807812168135,1355,1166,S Dakota St,Creighton,1596.5247636870092,1774.2572486824401,15,3
2024_1242_1355,0.12635774439522757,1355,1242,S Dakota St,Kansas,1596.5247636870092,1790.430882041691,15,4
2024_1211_1355,0.09886432583575083,1355,1211,S Dakota St,Gonzaga,1596.5247636870092,1832.4374644706545,15,5
2024_1355_1376,0.19856547725042403,1355,1376,S Dakota St,South Carolina,1596.5247636870092,1708.6122694955204,15,6
2024_1355_1400,0.18010654843344306,1355,1400,S Dakota St,Texas,1596.5247636870092,1726.9045336821805,15,7
2024_1355_1429,0.15095678778672897,1355,1429,S Dakota St,Utah St,1596.5247636870092,1759.0517656316995,15,8
2024_1355_1395,0.23815923480978735,1355,1395,S Dakota St,TCU,1596.5247636870092,1683.2736371228686,15,9
2024_1161_1355,0.2970833832405954,1355,1161,S Dakota St,Colorado St,1596.5247636870092,1652.4336708176806,15,10
2024_1355_1438,0.2311343532900137,1355,1438,S Dakota St,Virginia,1596.5247636870092,1704.2198489087848,15,10
2024_1332_1355,0.2593511347440842,1355,1332,S Dakota St,Oregon,1596.5247636870092,1696.02823693555,15,11
2024_1270_1355,0.42189849398893364,1355,1270,S Dakota St,McNeese St,1596.5247636870092,1599.4034076580233,15,12
2024_1355_1359,0.3007778540690581,1355,1359,S Dakota St,Samford,1596.5247636870092,1694.7540251390158,15,13
2024_1103_1355,0.4376837026426758,1355,1103,S Dakota St,Akron,1596.5247636870092,1619.611866900276,15,14
2024_1355_1389,0.6080740753614241,1355,1389,S Dakota St,St Peter's,1596.5247636870092,1529.7613899190612,15,15
2024_1212_1355,0.6420804673723292,1355,1212,S Dakota St,Grambling,1596.5247636870092,1522.6933430845452,15,16
2024_1286_1355,0.6586252035113477,1355,1286,S Dakota St,Montana St,1596.5247636870092,1511.6323516504287,15,16
2024_1222_1355,0.04783577686951049,1355,1222,S Dakota St,Houston,1596.5247636870092,1951.160423382593,15,1
2024_1266_1355,0.10402899726289626,1355,1266,S Dakota St,Marquette,1596.5247636870092,1823.8236033934306,15,2
2024_1246_1355,0.15952293230065837,1355,1246,S Dakota St,Kentucky,1596.5247636870092,1749.1207241450747,15,3
2024_1181_1355,0.14377798516989004,1355,1181,S Dakota St,Duke,1596.5247636870092,1767.737662533171,15,4
2024_1355_1458,0.215530560103356,1355,1458,S Dakota St,Wisconsin,1596.5247636870092,1692.8982739485298,15,5
2024_1355_1403,0.18143196862954616,1355,1403,S Dakota St,Texas Tech,1596.5247636870092,1725.5441020131711,15,6
2024_1196_1355,0.19936275848324855,1355,1196,S Dakota St,Florida,1596.5247636870092,1707.8518773217063,15,7
2024_1304_1355,0.2340769167841414,1355,1304,S Dakota St,Nebraska,1596.5247636870092,1676.714063191751,15,8
2024_1355_1401,0.2218515875622284,1355,1401,S Dakota St,Texas A&M,1596.5247636870092,1697.2747268986864,15,9
2024_1129_1355,0.23608230630446445,1355,1129,S Dakota St,Boise St,1596.5247636870092,1700.0188591915337,15,10
2024_1160_1355,0.24635156199688274,1355,1160,S Dakota St,Colorado,1596.5247636870092,1691.489482772901,15,10
2024_1301_1355,0.2950909344461167,1355,1301,S Dakota St,NC State,1596.5247636870092,1668.8867935722649,15,11
2024_1241_1355,0.24320671993043538,1355,1241,S Dakota St,James Madison,1596.5247636870092,1724.075357479141,15,12
2024_1355_1436,0.26503404770505323,1355,1436,S Dakota St,Vermont,1596.5247636870092,1721.5627066358347,15,13
2024_1324_1355,0.48096223636460594,1355,1324,S Dakota St,Oakland,1596.5247636870092,1593.105556226391,15,14
2024_1355_1443,0.5586916915271566,1355,1443,S Dakota St,WKU,1596.5247636870092,1560.6742255595832,15,15
2024_1255_1355,0.6538780836180547,1355,1255,S Dakota St,Longwood,1596.5247636870092,1514.8310751595295,15,16
2024_1314_1391,0.0800141461022507,1391,1314,Stetson,North Carolina,1525.5033531179756,1796.7183842336785,16,1
2024_1112_1391,0.07468185466456961,1391,1112,Stetson,Arizona,1525.5033531179756,1808.0799474914206,16,2
2024_1124_1391,0.09786040338441315,1391,1124,Stetson,Baylor,1525.5033531179756,1763.136713391782,16,3
2024_1104_1391,0.09481316342273648,1391,1104,Stetson,Alabama,1525.5033531179756,1768.457710582419,16,4
2024_1388_1391,0.08381792572815598,1391,1388,Stetson,St Mary's CA,1525.5033531179756,1789.029061560117,16,5
2024_1155_1391,0.17311068256566697,1391,1155,Stetson,Clemson,1525.5033531179756,1663.1965825094412,16,6
2024_1173_1391,0.13642290119580572,1391,1173,Stetson,Dayton,1525.5033531179756,1705.9981956054135,16,7
2024_1280_1391,0.17398441568677123,1391,1280,Stetson,Mississippi St,1525.5033531179756,1662.2706153949302,16,8
2024_1277_1391,0.1717613514097751,1391,1277,Stetson,Michigan St,1525.5033531179756,1664.6338684936895,16,9
2024_1305_1391,0.12815005114864617,1391,1305,Stetson,Nevada,1525.5033531179756,1726.9563900095893,16,10
2024_1307_1391,0.16447570997055774,1391,1307,Stetson,New Mexico,1525.5033531179756,1697.5534117279865,16,11
2024_1213_1391,0.14760968274364508,1391,1213,Stetson,Grand Canyon,1525.5033531179756,1732.036634427032,16,12
2024_1158_1391,0.15633212144155018,1391,1158,Stetson,Col Charleston,1525.5033531179756,1736.7465056472172,16,13
2024_1159_1391,0.2720006260602251,1391,1159,Stetson,Colgate,1525.5033531179756,1645.1497388831576,16,14
2024_1253_1391,0.4575367924612967,1391,1253,Stetson,Long Beach St,1525.5033531179756,1536.3838456317214,16,15
2024_1224_1391,0.5919960289125721,1391,1224,Stetson,Howard,1525.5033531179756,1468.9243119213404,16,16
2024_1391_1447,0.6405140311172195,1391,1447,Stetson,Wagner,1525.5033531179756,1437.7070067970449,16,16
2024_1345_1391,0.03766671681927786,1391,1345,Stetson,Purdue,1525.5033531179756,1918.0820619455849,16,1
2024_1391_1397,0.0802793344661753,1391,1397,Stetson,Tennessee,1525.5033531179756,1796.1716166367228,16,2
2024_1166_1391,0.09158887846312218,1391,1166,Stetson,Creighton,1525.5033531179756,1774.2572486824401,16,3
2024_1242_1391,0.08311243391878517,1391,1242,Stetson,Kansas,1525.5033531179756,1790.430882041691,16,4
2024_1211_1391,0.06433558068692334,1391,1211,Stetson,Gonzaga,1525.5033531179756,1832.4374644706545,16,5
2024_1376_1391,0.13440947256292762,1391,1376,Stetson,South Carolina,1525.5033531179756,1708.6122694955204,16,6
2024_1391_1400,0.12101402728134787,1391,1400,Stetson,Texas,1525.5033531179756,1726.9045336821805,16,7
2024_1391_1429,0.10025872546095613,1391,1429,Stetson,Utah St,1525.5033531179756,1759.0517656316995,16,8
2024_1391_1395,0.15501160671821893,1391,1395,Stetson,TCU,1525.5033531179756,1683.2736371228686,16,9
2024_1161_1391,0.19354402057567496,1391,1161,Stetson,Colorado St,1525.5033531179756,1652.4336708176806,16,10
2024_1391_1438,0.1458116508405733,1391,1438,Stetson,Virginia,1525.5033531179756,1704.2198489087848,16,10
2024_1332_1391,0.16585924136529573,1391,1332,Stetson,Oregon,1525.5033531179756,1696.02823693555,16,11
2024_1270_1391,0.2929905601427077,1391,1270,Stetson,McNeese St,1525.5033531179756,1599.4034076580233,16,12
2024_1359_1391,0.19631049564651054,1391,1359,Stetson,Samford,1525.5033531179756,1694.7540251390158,16,13
2024_1103_1391,0.30650990271985484,1391,1103,Stetson,Akron,1525.5033531179756,1619.611866900276,16,14
2024_1389_1391,0.4683685368955706,1391,1389,Stetson,St Peter's,1525.5033531179756,1529.7613899190612,16,15
2024_1212_1391,0.5046215021078474,1391,1212,Stetson,Grambling,1525.5033531179756,1522.6933430845452,16,16
2024_1286_1391,0.5227978681344971,1391,1286,Stetson,Montana St,1525.5033531179756,1511.6323516504287,16,16
2024_1222_1391,0.030525245179525807,1391,1222,Stetson,Houston,1525.5033531179756,1951.160423382593,16,1
2024_1266_1391,0.06783224896015015,1391,1266,Stetson,Marquette,1525.5033531179756,1823.8236033934306,16,2
2024_1246_1391,0.10630818868108954,1391,1246,Stetson,Kentucky,1525.5033531179756,1749.1207241450747,16,3
2024_1181_1391,0.09522049638854883,1391,1181,Stetson,Duke,1525.5033531179756,1767.737662533171,16,4
2024_1391_1458,0.146897881421479,1391,1458,Stetson,Wisconsin,1525.5033531179756,1692.8982739485298,16,5
2024_1391_1403,0.1219692721863587,1391,1403,Stetson,Texas Tech,1525.5033531179756,1725.5441020131711,16,6
2024_1196_1391,0.13499254396067667,1391,1196,Stetson,Florida,1525.5033531179756,1707.8518773217063,16,7
2024_1304_1391,0.1607485966552134,1391,1304,Stetson,Nebraska,1525.5033531179756,1676.714063191751,16,8
2024_1391_1401,0.1433262732049316,1391,1401,Stetson,Texas A&M,1525.5033531179756,1697.2747268986864,16,9
2024_1129_1391,0.14928772812271454,1391,1129,Stetson,Boise St,1525.5033531179756,1700.0188591915337,16,10
2024_1160_1391,0.15655526867080258,1391,1160,Stetson,Colorado,1525.5033531179756,1691.489482772901,16,10
2024_1301_1391,0.19205624783417727,1391,1301,Stetson,NC State,1525.5033531179756,1668.8867935722649,16,11
2024_1241_1391,0.15432201031284282,1391,1241,Stetson,James Madison,1525.5033531179756,1724.075357479141,16,12
2024_1391_1436,0.16996366716583175,1391,1436,Stetson,Vermont,1525.5033531179756,1721.5627066358347,16,13
2024_1324_1391,0.3447704511146563,1391,1324,Stetson,Oakland,1525.5033531179756,1593.105556226391,16,14
2024_1391_1443,0.4182248404237239,1391,1443,Stetson,WKU,1525.5033531179756,1560.6742255595832,16,15
2024_1255_1391,0.5175455273073835,1391,1255,Stetson,Longwood,1525.5033531179756,1514.8310751595295,16,16
2024_1112_1314,0.5059838644388142,1314,1112,North Carolina,Arizona,1796.7183842336785,1808.0799474914206,1,2
2024_1124_1314,0.6030744734213143,1314,1124,North Carolina,Baylor,1796.7183842336785,1763.136713391782,1,3
2024_1104_1314,0.6182125725726029,1314,1104,North Carolina,Alabama,1796.7183842336785,1768.457710582419,1,4
2024_1314_1388,0.6095248768128902,1314,1388,North Carolina,St Mary's CA,1796.7183842336785,1789.029061560117,1,5
2024_1155_1314,0.7976750536666436,1314,1155,North Carolina,Clemson,1796.7183842336785,1663.1965825094412,1,6
2024_1173_1314,0.7665486758204599,1314,1173,North Carolina,Dayton,1796.7183842336785,1705.9981956054135,1,7
2024_1280_1314,0.8238116591103608,1314,1280,North Carolina,Mississippi St,1796.7183842336785,1662.2706153949302,1,8
2024_1277_1314,0.8215436429967616,1314,1277,North Carolina,Michigan St,1796.7183842336785,1664.6338684936895,1,9
2024_1305_1314,0.7534007382018265,1314,1305,North Carolina,Nevada,1796.7183842336785,1726.9563900095893,1,10
2024_1307_1314,0.7875582359750493,1314,1307,North Carolina,New Mexico,1796.7183842336785,1697.5534117279865,1,11
2024_1213_1314,0.747138882329144,1314,1213,North Carolina,Grand Canyon,1796.7183842336785,1732.036634427032,1,12
2024_1158_1314,0.7412403556685386,1314,1158,North Carolina,Col Charleston,1796.7183842336785,1736.7465056472172,1,13
2024_1159_1314,0.8395688307423782,1314,1159,North Carolina,Colgate,1796.7183842336785,1645.1497388831576,1,14
2024_1253_1314,0.9145557339155278,1314,1253,North Carolina,Long Beach St,1796.7183842336785,1536.3838456317214,1,15
2024_1224_1314,0.9434478499395081,1314,1224,North Carolina,Howard,1796.7183842336785,1468.9243119213404,1,16
2024_1314_1447,0.9534584652364867,1314,1447,North Carolina,Wagner,1796.7183842336785,1437.7070067970449,1,16
2024_1314_1345,0.3103616436623279,1314,1345,North Carolina,Purdue,1796.7183842336785,1918.0820619455849,1,1
2024_1314_1397,0.525547557904075,1314,1397,North Carolina,Tennessee,1796.7183842336785,1796.1716166367228,1,2
2024_1166_1314,0.5854366258569602,1314,1166,North Carolina,Creighton,1796.7183842336785,1774.2572486824401,1,3
2024_1242_1314,0.5835614787934766,1314,1242,North Carolina,Kansas,1796.7183842336785,1790.430882041691,1,4
2024_1211_1314,0.5398502157086215,1314,1211,North Carolina,Gonzaga,1796.7183842336785,1832.4374644706545,1,5
2024_1314_1376,0.7451755366254577,1314,1376,North Carolina,South Carolina,1796.7183842336785,1708.6122694955204,1,6
2024_1314_1400,0.7410409000465665,1314,1400,North Carolina,Texas,1796.7183842336785,1726.9045336821805,1,7
2024_1314_1429,0.7121159908636028,1314,1429,North Carolina,Utah St,1796.7183842336785,1759.0517656316995,1,8
2024_1314_1395,0.8028516416221262,1314,1395,North Carolina,TCU,1796.7183842336785,1683.2736371228686,1,9
2024_1161_1314,0.8330089025746304,1314,1161,North Carolina,Colorado St,1796.7183842336785,1652.4336708176806,1,10
2024_1314_1438,0.7801279511804854,1314,1438,North Carolina,Virginia,1796.7183842336785,1704.2198489087848,1,10
2024_1314_1332,0.7892321568866272,1314,1332,North Carolina,Oregon,1796.7183842336785,1696.02823693555,1,11
2024_1270_1314,0.8760972475250174,1314,1270,North Carolina,McNeese St,1796.7183842336785,1599.4034076580233,1,12
2024_1314_1359,0.7906232113894102,1314,1359,North Carolina,Samford,1796.7183842336785,1694.7540251390158,1,13
2024_1103_1314,0.8609295919259049,1314,1103,North Carolina,Akron,1796.7183842336785,1619.611866900276,1,14
2024_1314_1389,0.9178993653323057,1314,1389,North Carolina,St Peter's,1796.7183842336785,1529.7613899190612,1,15
2024_1212_1314,0.9213361601870347,1314,1212,North Carolina,Grambling,1796.7183842336785,1522.6933430845452,1,16
2024_1286_1314,0.9264510196479722,1314,1286,North Carolina,Montana St,1796.7183842336785,1511.6323516504287,1,16
2024_1222_1314,0.2657983978734692,1314,1222,North Carolina,Houston,1796.7183842336785,1951.160423382593,1,1
2024_1266_1314,0.4801010178593379,1314,1266,North Carolina,Marquette,1796.7183842336785,1823.8236033934306,1,2
2024_1246_1314,0.6249238230575593,1314,1246,North Carolina,Kentucky,1796.7183842336785,1749.1207241450747,1,3
2024_1181_1314,0.6193300136656823,1314,1181,North Carolina,Duke,1796.7183842336785,1767.737662533171,1,4
2024_1314_1458,0.746066463767861,1314,1458,North Carolina,Wisconsin,1796.7183842336785,1692.8982739485298,1,5
2024_1314_1403,0.7234527401860834,1314,1403,North Carolina,Texas Tech,1796.7183842336785,1725.5441020131711,1,6
2024_1196_1314,0.7643592638224425,1314,1196,North Carolina,Florida,1796.7183842336785,1707.8518773217063,1,7
2024_1304_1314,0.8095929788473353,1314,1304,North Carolina,Nebraska,1796.7183842336785,1676.714063191751,1,8
2024_1314_1401,0.7878648235295683,1314,1401,North Carolina,Texas A&M,1796.7183842336785,1697.2747268986864,1,9
2024_1129_1314,0.7848318537257469,1314,1129,North Carolina,Boise St,1796.7183842336785,1700.0188591915337,1,10
2024_1160_1314,0.7941562563494858,1314,1160,North Carolina,Colorado,1796.7183842336785,1691.489482772901,1,10
2024_1301_1314,0.8174046539357677,1314,1301,North Carolina,NC State,1796.7183842336785,1668.8867935722649,1,11
2024_1241_1314,0.756905187655786,1314,1241,North Carolina,James Madison,1796.7183842336785,1724.075357479141,1,12
2024_1314_1436,0.7599338209726633,1314,1436,North Carolina,Vermont,1796.7183842336785,1721.5627066358347,1,13
2024_1314_1324,0.8805251383243704,1314,1324,North Carolina,Oakland,1796.7183842336785,1593.105556226391,1,14
2024_1314_1443,0.9012126959227904,1314,1443,North Carolina,WKU,1796.7183842336785,1560.6742255595832,1,15
2024_1255_1314,0.9250041736292798,1314,1255,North Carolina,Longwood,1796.7183842336785,1514.8310751595295,1,16
2024_1112_1124,0.5973307370215936,1112,1124,Arizona,Baylor,1808.0799474914206,1763.136713391782,2,3
2024_1104_1112,0.6125471571678335,1112,1104,Arizona,Alabama,1808.0799474914206,1768.457710582419,2,4
2024_1112_1388,0.6038131614901383,1112,1388,Arizona,St Mary's CA,1808.0799474914206,1789.029061560117,2,5
2024_1112_1155,0.7937843997479949,1112,1155,Arizona,Clemson,1808.0799474914206,1663.1965825094412,2,6
2024_1112_1173,0.762237879763401,1112,1173,Arizona,Dayton,1808.0799474914206,1705.9981956054135,2,7
2024_1112_1280,0.82510803161034,1112,1280,Arizona,Mississippi St,1808.0799474914206,1662.2706153949302,2,8
2024_1112_1277,0.8322400185446256,1112,1277,Arizona,Michigan St,1808.0799474914206,1664.6338684936895,2,9
2024_1112_1305,0.7670232222889806,1112,1305,Arizona,Nevada,1808.0799474914206,1726.9563900095893,2,10
2024_1112_1307,0.799795229568616,1112,1307,Arizona,New Mexico,1808.0799474914206,1697.5534117279865,2,11
2024_1112_1213,0.7609975453044489,1112,1213,Arizona,Grand Canyon,1808.0799474914206,1732.036634427032,2,12
2024_1112_1158,0.7553164283501452,1112,1158,Arizona,Col Charleston,1808.0799474914206,1736.7465056472172,2,13
2024_1112_1159,0.8493828809785757,1112,1159,Arizona,Colgate,1808.0799474914206,1645.1497388831576,2,14
2024_1112_1253,0.9202185168694978,1112,1253,Arizona,Long Beach St,1808.0799474914206,1536.3838456317214,2,15
2024_1112_1224,0.9473061455609721,1112,1224,Arizona,Howard,1808.0799474914206,1468.9243119213404,2,16
2024_1112_1447,0.9566651530382526,1112,1447,Arizona,Wagner,1808.0799474914206,1437.7070067970449,2,16
2024_1112_1345,0.3052617120603528,1112,1345,Arizona,Purdue,1808.0799474914206,1918.0820619455849,2,1
2024_1112_1397,0.5195756638367418,1112,1397,Arizona,Tennessee,1808.0799474914206,1796.1716166367228,2,2
2024_1112_1166,0.5796155724572888,1112,1166,Arizona,Creighton,1808.0799474914206,1774.2572486824401,2,3
2024_1112_1242,0.5777330869217124,1112,1242,Arizona,Kansas,1808.0799474914206,1790.430882041691,2,4
2024_1112_1211,0.5338986849594201,1112,1211,Arizona,Gonzaga,1808.0799474914206,1832.4374644706545,2,5
2024_1112_1376,0.7406036277970717,1112,1376,Arizona,South Carolina,1808.0799474914206,1708.6122694955204,2,6
2024_1112_1400,0.7364210489479394,1112,1400,Arizona,Texas,1808.0799474914206,1726.9045336821805,2,7
2024_1112_1429,0.7139488389186432,1112,1429,Arizona,Utah St,1808.0799474914206,1759.0517656316995,2,8
2024_1112_1395,0.8144152962296382,1112,1395,Arizona,TCU,1808.0799474914206,1683.2736371228686,2,9
2024_1112_1161,0.8431492728346738,1112,1161,Arizona,Colorado St,1808.0799474914206,1652.4336708176806,2,10
2024_1112_1438,0.7926802739569605,1112,1438,Arizona,Virginia,1808.0799474914206,1704.2198489087848,2,10
2024_1112_1332,0.8013970448110955,1112,1332,Arizona,Oregon,1808.0799474914206,1696.02823693555,2,11
2024_1112_1270,0.8839855241457487,1112,1270,Arizona,McNeese St,1808.0799474914206,1599.4034076580233,2,12
2024_1112_1359,0.8027278800387079,1112,1359,Arizona,Samford,1808.0799474914206,1694.7540251390158,2,13
2024_1103_1112,0.8696398330421099,1112,1103,Arizona,Akron,1808.0799474914206,1619.611866900276,2,14
2024_1112_1389,0.9233591206762723,1112,1389,Arizona,St Peter's,1808.0799474914206,1529.7613899190612,2,15
2024_1112_1212,0.9265856456092316,1112,1212,Arizona,Grambling,1808.0799474914206,1522.6933430845452,2,16
2024_1112_1286,0.9313845946038232,1112,1286,Arizona,Montana St,1808.0799474914206,1511.6323516504287,2,16
2024_1112_1222,0.261153440977492,1112,1222,Arizona,Houston,1808.0799474914206,1951.160423382593,2,1
2024_1112_1266,0.47412947532496624,1112,1266,Arizona,Marquette,1808.0799474914206,1823.8236033934306,2,2
2024_1112_1246,0.619296668648148,1112,1246,Arizona,Kentucky,1808.0799474914206,1749.1207241450747,2,3
2024_1112_1181,0.6136708179200385,1112,1181,Arizona,Duke,1808.0799474914206,1767.737662533171,2,4
2024_1112_1458,0.7415049945432887,1112,1458,Arizona,Wisconsin,1808.0799474914206,1692.8982739485298,2,5
2024_1112_1403,0.7186382501017743,1112,1403,Arizona,Texas Tech,1808.0799474914206,1725.5441020131711,2,6
2024_1112_1196,0.7600206959361786,1112,1196,Arizona,Florida,1808.0799474914206,1707.8518773217063,2,7
2024_1112_1304,0.8109699649525185,1112,1304,Arizona,Nebraska,1808.0799474914206,1676.714063191751,2,8
2024_1112_1401,0.8000886399239983,1112,1401,Arizona,Texas A&M,1808.0799474914206,1697.2747268986864,2,9
2024_1112_1129,0.7971854489010778,1112,1129,Arizona,Boise St,1808.0799474914206,1700.0188591915337,2,10
2024_1112_1160,0.8061067614044571,1112,1160,Arizona,Colorado,1808.0799474914206,1691.489482772901,2,10
2024_1112_1301,0.8282972639573417,1112,1301,Arizona,NC State,1808.0799474914206,1668.8867935722649,2,11
2024_1112_1241,0.7703930799233393,1112,1241,Arizona,James Madison,1808.0799474914206,1724.075357479141,2,12
2024_1112_1436,0.7733040012070215,1112,1436,Arizona,Vermont,1808.0799474914206,1721.5627066358347,2,13
2024_1112_1324,0.8881674973576092,1112,1324,Arizona,Oakland,1808.0799474914206,1593.105556226391,2,14
2024_1112_1443,0.9076705076950246,1112,1443,Arizona,WKU,1808.0799474914206,1560.6742255595832,2,15
2024_1112_1255,0.9300274710890815,1112,1255,Arizona,Longwood,1808.0799474914206,1514.8310751595295,2,16
2024_1104_1124,0.5159137144105198,1124,1104,Baylor,Alabama,1763.136713391782,1768.457710582419,3,4
2024_1124_1388,0.5067554588073722,1124,1388,Baylor,St Mary's CA,1763.136713391782,1789.029061560117,3,5
2024_1124_1155,0.7218253869159783,1124,1155,Baylor,Clemson,1763.136713391782,1663.1965825094412,3,6
2024_1124_1173,0.6836577187605299,1124,1173,Baylor,Dayton,1763.136713391782,1705.9981956054135,3,7
2024_1124_1280,0.7607854329191982,1124,1280,Baylor,Mississippi St,1763.136713391782,1662.2706153949302,3,8
2024_1124_1277,0.7755858166581086,1124,1277,Baylor,Michigan St,1763.136713391782,1664.6338684936895,3,9
2024_1124_1305,0.7101072716370826,1124,1305,Baylor,Nevada,1763.136713391782,1726.9563900095893,3,10
2024_1124_1307,0.7482577644841724,1124,1307,Baylor,New Mexico,1763.136713391782,1697.5534117279865,3,11
2024_1124_1213,0.7031791853935521,1124,1213,Baylor,Grand Canyon,1763.136713391782,1732.036634427032,3,12
2024_1124_1158,0.6966715254535433,1124,1158,Baylor,Col Charleston,1763.136713391782,1736.7465056472172,3,13
2024_1124_1159,0.8075386991958995,1124,1159,Baylor,Colgate,1763.136713391782,1645.1497388831576,3,14
2024_1124_1253,0.8956357409975267,1124,1253,Baylor,Long Beach St,1763.136713391782,1536.3838456317214,3,15
2024_1124_1224,0.9304388596056723,1124,1224,Baylor,Howard,1763.136713391782,1468.9243119213404,3,16
2024_1124_1447,0.9426121958996109,1124,1447,Baylor,Wagner,1763.136713391782,1437.7070067970449,3,16
2024_1124_1345,0.22851398189182617,1124,1345,Baylor,Purdue,1763.136713391782,1918.0820619455849,3,1
2024_1124_1397,0.42164778458949287,1124,1397,Baylor,Tennessee,1763.136713391782,1796.1716166367228,3,2
2024_1124_1166,0.48171816869597045,1124,1166,Baylor,Creighton,1763.136713391782,1774.2572486824401,3,3
2024_1124_1242,0.47979075187538733,1124,1242,Baylor,Kansas,1763.136713391782,1790.430882041691,3,4
2024_1124_1211,0.43571960511450303,1124,1211,Baylor,Gonzaga,1763.136713391782,1832.4374644706545,3,5
2024_1124_1376,0.6580807080666448,1124,1376,Baylor,South Carolina,1763.136713391782,1708.6122694955204,3,6
2024_1124_1400,0.6531906098282269,1124,1400,Baylor,Texas,1763.136713391782,1726.9045336821805,3,7
2024_1124_1429,0.6272144543906976,1124,1429,Baylor,Utah St,1763.136713391782,1759.0517656316995,3,8
2024_1124_1395,0.7535242664502395,1124,1395,Baylor,TCU,1763.136713391782,1683.2736371228686,3,9
2024_1124_1161,0.7999811003532294,1124,1161,Baylor,Colorado St,1763.136713391782,1652.4336708176806,3,10
2024_1124_1438,0.7399068724606349,1124,1438,Baylor,Virginia,1763.136713391782,1704.2198489087848,3,10
2024_1124_1332,0.750143107913781,1124,1332,Baylor,Oregon,1763.136713391782,1696.02823693555,3,11
2024_1124_1270,0.8500575512986938,1124,1270,Baylor,McNeese St,1763.136713391782,1599.4034076580233,3,12
2024_1124_1359,0.7517109866352754,1124,1359,Baylor,Samford,1763.136713391782,1694.7540251390158,3,13
2024_1103_1124,0.832312354939819,1124,1103,Baylor,Akron,1763.136713391782,1619.611866900276,3,14
2024_1124_1389,0.8996385072913947,1124,1389,Baylor,St Peter's,1763.136713391782,1529.7613899190612,3,15
2024_1124_1212,0.9037595678719418,1124,1212,Baylor,Grambling,1763.136713391782,1522.6933430845452,3,16
2024_1124_1286,0.9099055312670113,1124,1286,Baylor,Montana St,1763.136713391782,1511.6323516504287,3,16
2024_1124_1222,0.1924237423360257,1124,1222,Baylor,Houston,1763.136713391782,1951.160423382593,3,1
2024_1124_1266,0.37802724652673,1124,1266,Baylor,Marquette,1763.136713391782,1823.8236033934306,3,2
2024_1124_1246,0.5230358291141857,1124,1246,Baylor,Kentucky,1763.136713391782,1749.1207241450747,3,3
2024_1124_1181,0.5170966890231391,1124,1181,Baylor,Duke,1763.136713391782,1767.737662533171,3,4
2024_1124_1458,0.6591368511314076,1124,1458,Baylor,Wisconsin,1763.136713391782,1692.8982739485298,3,5
2024_1124_1403,0.6325940351042288,1124,1403,Baylor,Texas Tech,1763.136713391782,1725.5441020131711,3,6
2024_1124_1196,0.681014414444881,1124,1196,Baylor,Florida,1763.136713391782,1707.8518773217063,3,7
2024_1124_1304,0.7430667737544603,1124,1304,Baylor,Nebraska,1763.136713391782,1676.714063191751,3,8
2024_1124_1401,0.736020613034004,1124,1401,Baylor,Texas A&M,1763.136713391782,1697.2747268986864,3,9
2024_1124_1129,0.7451902018030218,1124,1129,Baylor,Boise St,1763.136713391782,1700.0188591915337,3,10
2024_1124_1160,0.7556977485348153,1124,1160,Baylor,Colorado,1763.136713391782,1691.489482772901,3,10
2024_1124_1301,0.7820979262356546,1124,1301,Baylor,NC State,1763.136713391782,1668.8867935722649,3,11
2024_1124_1241,0.7139934083100706,1124,1241,Baylor,James Madison,1763.136713391782,1724.075357479141,3,12
2024_1124_1436,0.7173570260169784,1124,1436,Baylor,Vermont,1763.136713391782,1721.5627066358347,3,13
2024_1124_1324,0.8552622801108065,1124,1324,Baylor,Oakland,1763.136713391782,1593.105556226391,3,14
2024_1124_1443,0.8797266977105842,1124,1443,Baylor,WKU,1763.136713391782,1560.6742255595832,3,15
2024_1124_1255,0.9081654678443172,1124,1255,Baylor,Longwood,1763.136713391782,1514.8310751595295,3,16
2024_1104_1388,0.4908378044899829,1104,1388,Alabama,St Mary's CA,1768.457710582419,1789.029061560117,4,5
2024_1104_1155,0.7088608426225683,1104,1155,Alabama,Clemson,1768.457710582419,1663.1965825094412,4,6
2024_1104_1173,0.6697282473802807,1104,1173,Alabama,Dayton,1768.457710582419,1705.9981956054135,4,7
2024_1104_1280,0.7490052706450467,1104,1280,Alabama,Mississippi St,1768.457710582419,1662.2706153949302,4,8
2024_1104_1277,0.764308704910044,1104,1277,Alabama,Michigan St,1768.457710582419,1664.6338684936895,4,9
2024_1104_1305,0.7037298419961465,1104,1305,Alabama,Nevada,1768.457710582419,1726.9563900095893,4,10
2024_1104_1307,0.7547942771476621,1104,1307,Alabama,New Mexico,1768.457710582419,1697.5534117279865,4,11
2024_1104_1213,0.7104332101143073,1104,1213,Alabama,Grand Canyon,1768.457710582419,1732.036634427032,4,12
2024_1104_1158,0.7040176476897261,1104,1158,Alabama,Col Charleston,1768.457710582419,1736.7465056472172,4,13
2024_1104_1159,0.8129208155785383,1104,1159,Alabama,Colgate,1768.457710582419,1645.1497388831576,4,14
2024_1104_1253,0.8988627979038811,1104,1253,Alabama,Long Beach St,1768.457710582419,1536.3838456317214,4,15
2024_1104_1224,0.9326706655732924,1104,1224,Alabama,Howard,1768.457710582419,1468.9243119213404,4,16
2024_1104_1447,0.9444767384423262,1104,1447,Alabama,Wagner,1768.457710582419,1437.7070067970449,4,16
2024_1104_1345,0.21748256535961127,1104,1345,Alabama,Purdue,1768.457710582419,1918.0820619455849,4,1
2024_1104_1397,0.40620188817894104,1104,1397,Alabama,Tennessee,1768.457710582419,1796.1716166367228,4,2
2024_1104_1166,0.46584420232202167,1104,1166,Alabama,Creighton,1768.457710582419,1774.2572486824401,4,3
2024_1104_1242,0.46392344694924637,1104,1242,Alabama,Kansas,1768.457710582419,1790.430882041691,4,4
2024_1104_1211,0.4201326885253134,1104,1211,Alabama,Gonzaga,1768.457710582419,1832.4374644706545,4,5
2024_1104_1376,0.6436121055428166,1104,1376,Alabama,South Carolina,1768.457710582419,1708.6122694955204,4,6
2024_1104_1400,0.6386287092181211,1104,1400,Alabama,Texas,1768.457710582419,1726.9045336821805,4,7
2024_1104_1429,0.6122093912062904,1104,1429,Alabama,Utah St,1768.457710582419,1759.0517656316995,4,8
2024_1104_1395,0.7415080208182577,1104,1395,Alabama,TCU,1768.457710582419,1683.2736371228686,4,9
2024_1104_1161,0.7950100741532246,1104,1161,Alabama,Colorado St,1768.457710582419,1652.4336708176806,4,10
2024_1104_1438,0.7339393857924722,1104,1438,Alabama,Virginia,1768.457710582419,1704.2198489087848,4,10
2024_1104_1332,0.7566465883105311,1104,1332,Alabama,Oregon,1768.457710582419,1696.02823693555,4,11
2024_1104_1270,0.8544649289462621,1104,1270,Alabama,McNeese St,1768.457710582419,1599.4034076580233,4,12
2024_1104_1359,0.758186812359661,1104,1359,Alabama,Samford,1768.457710582419,1694.7540251390158,4,13
2024_1103_1104,0.8371414005775306,1104,1103,Alabama,Akron,1768.457710582419,1619.611866900276,4,14
2024_1104_1389,0.9027552327628665,1104,1389,Alabama,St Peter's,1768.457710582419,1529.7613899190612,4,15
2024_1104_1212,0.9067615776154218,1104,1212,Alabama,Grambling,1768.457710582419,1522.6933430845452,4,16
2024_1104_1286,0.9127343423438731,1104,1286,Alabama,Montana St,1768.457710582419,1511.6323516504287,4,16
2024_1104_1222,0.18272192739001344,1104,1222,Alabama,Houston,1768.457710582419,1951.160423382593,4,1
2024_1104_1266,0.36317585642055206,1104,1266,Alabama,Marquette,1768.457710582419,1823.8236033934306,4,2
2024_1104_1246,0.5071325734987717,1104,1246,Alabama,Kentucky,1768.457710582419,1749.1207241450747,4,3
2024_1104_1181,0.5011842634314786,1104,1181,Alabama,Duke,1768.457710582419,1767.737662533171,4,4
2024_1104_1458,0.6446888102935773,1104,1458,Alabama,Wisconsin,1768.457710582419,1692.8982739485298,4,5
2024_1104_1403,0.617673515100684,1104,1403,Alabama,Texas Tech,1768.457710582419,1725.5441020131711,4,6
2024_1104_1196,0.6670252394674852,1104,1196,Alabama,Florida,1768.457710582419,1707.8518773217063,4,7
2024_1104_1304,0.7307228918038631,1104,1304,Alabama,Nebraska,1768.457710582419,1676.714063191751,4,8
2024_1104_1401,0.7234641930448074,1104,1401,Alabama,Texas A&M,1768.457710582419,1697.2747268986864,4,9
2024_1104_1129,0.739301223756012,1104,1129,Alabama,Boise St,1768.457710582419,1700.0188591915337,4,10
2024_1104_1160,0.7499701334486152,1104,1160,Alabama,Colorado,1768.457710582419,1691.489482772901,4,10
2024_1104_1301,0.788004717235354,1104,1301,Alabama,NC State,1768.457710582419,1668.8867935722649,4,11
2024_1104_1241,0.7210879724270947,1104,1241,Alabama,James Madison,1768.457710582419,1724.075357479141,4,12
2024_1104_1436,0.7244003598840125,1104,1436,Alabama,Vermont,1768.457710582419,1721.5627066358347,4,13
2024_1104_1324,0.8595419495702525,1104,1324,Alabama,Oakland,1768.457710582419,1593.105556226391,4,14
2024_1104_1443,0.8833816273565588,1104,1443,Alabama,WKU,1768.457710582419,1560.6742255595832,4,15
2024_1104_1255,0.9110435725534792,1104,1255,Alabama,Longwood,1768.457710582419,1514.8310751595295,4,16
2024_1155_1388,0.7163668589845762,1388,1155,St Mary's CA,Clemson,1789.029061560117,1663.1965825094412,5,6
2024_1173_1388,0.6777845636056461,1388,1173,St Mary's CA,Dayton,1789.029061560117,1705.9981956054135,5,7
2024_1280_1388,0.7558328025435431,1388,1280,St Mary's CA,Mississippi St,1789.029061560117,1662.2706153949302,5,8
2024_1277_1388,0.7708473129731582,1388,1277,St Mary's CA,Michigan St,1789.029061560117,1664.6338684936895,5,9
2024_1305_1388,0.7113142699538929,1388,1305,St Mary's CA,Nevada,1789.029061560117,1726.9563900095893,5,10
2024_1307_1388,0.7674368947884258,1388,1307,St Mary's CA,New Mexico,1789.029061560117,1697.5534117279865,5,11
2024_1213_1388,0.737463033126977,1388,1213,St Mary's CA,Grand Canyon,1789.029061560117,1732.036634427032,5,12
2024_1158_1388,0.7314199343401694,1388,1158,St Mary's CA,Col Charleston,1789.029061560117,1736.7465056472172,5,13
2024_1159_1388,0.8326375811110422,1388,1159,St Mary's CA,Colgate,1789.029061560117,1645.1497388831576,5,14
2024_1253_1388,0.9105189204544349,1388,1253,St Mary's CA,Long Beach St,1789.029061560117,1536.3838456317214,5,15
2024_1224_1388,0.9406875181610189,1388,1224,St Mary's CA,Howard,1789.029061560117,1468.9243119213404,5,16
2024_1388_1447,0.9511614613564238,1388,1447,St Mary's CA,Wagner,1789.029061560117,1437.7070067970449,5,16
2024_1345_1388,0.2237848513495738,1388,1345,St Mary's CA,Purdue,1789.029061560117,1918.0820619455849,5,1
2024_1388_1397,0.41507213680822885,1388,1397,St Mary's CA,Tennessee,1789.029061560117,1796.1716166367228,5,2
2024_1166_1388,0.47497507241886827,1388,1166,St Mary's CA,Creighton,1789.029061560117,1774.2572486824401,5,3
2024_1242_1388,0.4730500102141579,1388,1242,St Mary's CA,Kansas,1789.029061560117,1790.430882041691,5,4
2024_1211_1388,0.42908731980585235,1388,1211,St Mary's CA,Gonzaga,1789.029061560117,1832.4374644706545,5,5
2024_1376_1388,0.6519744279134021,1388,1376,St Mary's CA,South Carolina,1789.029061560117,1708.6122694955204,5,6
2024_1388_1400,0.6470438377251115,1388,1400,St Mary's CA,Texas,1789.029061560117,1726.9045336821805,5,7
2024_1388_1429,0.6208745099337541,1388,1429,St Mary's CA,Utah St,1789.029061560117,1759.0517656316995,5,8
2024_1388_1395,0.7484710057142179,1388,1395,St Mary's CA,TCU,1789.029061560117,1683.2736371228686,5,9
2024_1161_1388,0.8009188077621369,1388,1161,St Mary's CA,Colorado St,1789.029061560117,1652.4336708176806,5,10
2024_1388_1438,0.7410350447945846,1388,1438,St Mary's CA,Virginia,1789.029061560117,1704.2198489087848,5,10
2024_1332_1388,0.7692229023264607,1388,1332,St Mary's CA,Oregon,1789.029061560117,1696.02823693555,5,11
2024_1270_1388,0.8705007426938551,1388,1270,St Mary's CA,McNeese St,1789.029061560117,1599.4034076580233,5,12
2024_1359_1388,0.7821260848172252,1388,1359,St Mary's CA,Samford,1789.029061560117,1694.7540251390158,5,13
2024_1103_1388,0.8547615616665183,1388,1103,St Mary's CA,Akron,1789.029061560117,1619.611866900276,5,14
2024_1388_1389,0.9140056680315104,1388,1389,St Mary's CA,St Peter's,1789.029061560117,1529.7613899190612,5,15
2024_1212_1388,0.9175908224560705,1388,1212,St Mary's CA,Grambling,1789.029061560117,1522.6933430845452,5,16
2024_1286_1388,0.922928838764549,1388,1286,St Mary's CA,Montana St,1789.029061560117,1511.6323516504287,5,16
2024_1222_1388,0.1882592466445007,1388,1222,St Mary's CA,Houston,1789.029061560117,1951.160423382593,5,1
2024_1266_1388,0.3716946727945314,1388,1266,St Mary's CA,Marquette,1789.029061560117,1823.8236033934306,5,2
2024_1246_1388,0.5162905106671577,1388,1246,St Mary's CA,Kentucky,1789.029061560117,1749.1207241450747,5,3
2024_1181_1388,0.5103460099059149,1388,1181,St Mary's CA,Duke,1789.029061560117,1767.737662533171,5,4
2024_1388_1458,0.6530394881044309,1388,1458,St Mary's CA,Wisconsin,1789.029061560117,1692.8982739485298,5,5
2024_1388_1403,0.6262910688827964,1388,1403,St Mary's CA,Texas Tech,1789.029061560117,1725.5441020131711,5,6
2024_1196_1388,0.6751155054081521,1388,1196,St Mary's CA,Florida,1789.029061560117,1707.8518773217063,5,7
2024_1304_1388,0.7378736956198034,1388,1304,St Mary's CA,Nebraska,1789.029061560117,1676.714063191751,5,8
2024_1388_1401,0.7307367261793574,1388,1401,St Mary's CA,Texas A&M,1789.029061560117,1697.2747268986864,5,9
2024_1129_1388,0.7463033149597154,1388,1129,St Mary's CA,Boise St,1789.029061560117,1700.0188591915337,5,10
2024_1160_1388,0.7567799419913791,1388,1160,St Mary's CA,Colorado,1789.029061560117,1691.489482772901,5,10
2024_1301_1388,0.7993901280394409,1388,1301,St Mary's CA,NC State,1789.029061560117,1668.8867935722649,5,11
2024_1241_1388,0.7474767408074837,1388,1241,St Mary's CA,James Madison,1789.029061560117,1724.075357479141,5,12
2024_1388_1436,0.7505841324703607,1388,1436,St Mary's CA,Vermont,1789.029061560117,1721.5627066358347,5,13
2024_1324_1388,0.8751001218239669,1388,1324,St Mary's CA,Oakland,1789.029061560117,1593.105556226391,5,14
2024_1388_1443,0.8966167515352698,1388,1443,St Mary's CA,WKU,1789.029061560117,1560.6742255595832,5,15
2024_1255_1388,0.9214185818463037,1388,1255,St Mary's CA,Longwood,1789.029061560117,1514.8310751595295,5,16
2024_1155_1173,0.4544016318969018,1155,1173,Clemson,Dayton,1663.1965825094412,1705.9981956054135,6,7
2024_1155_1280,0.5506893165337939,1155,1280,Clemson,Mississippi St,1663.1965825094412,1662.2706153949302,6,8
2024_1155_1277,0.5711613533437341,1155,1277,Clemson,Michigan St,1663.1965825094412,1664.6338684936895,6,9
2024_1155_1305,0.49381654618911835,1155,1305,Clemson,Nevada,1663.1965825094412,1726.9563900095893,6,10
2024_1155_1307,0.5664505397591146,1155,1307,Clemson,New Mexico,1663.1965825094412,1697.5534117279865,6,11
2024_1155_1213,0.534745751098216,1155,1213,Clemson,Grand Canyon,1663.1965825094412,1732.036634427032,6,12
2024_1155_1158,0.54339309929055,1155,1158,Clemson,Col Charleston,1663.1965825094412,1736.7465056472172,6,13
2024_1155_1159,0.6849486633924198,1155,1159,Clemson,Colgate,1663.1965825094412,1645.1497388831576,6,14
2024_1155_1253,0.8164020956274513,1155,1253,Clemson,Long Beach St,1663.1965825094412,1536.3838456317214,6,15
2024_1155_1224,0.8739079325741371,1155,1224,Clemson,Howard,1663.1965825094412,1468.9243119213404,6,16
2024_1155_1447,0.894856337282615,1155,1447,Clemson,Wagner,1663.1965825094412,1437.7070067970449,6,16
2024_1155_1345,0.1024535459860941,1155,1345,Clemson,Purdue,1663.1965825094412,1918.0820619455849,6,1
2024_1155_1397,0.2193348144876956,1155,1397,Clemson,Tennessee,1663.1965825094412,1796.1716166367228,6,2
2024_1155_1166,0.2637255077961179,1155,1166,Clemson,Creighton,1663.1965825094412,1774.2572486824401,6,3
2024_1155_1242,0.26222900247524517,1155,1242,Clemson,Kansas,1663.1965825094412,1790.430882041691,6,4
2024_1155_1211,0.229332060218513,1155,1211,Clemson,Gonzaga,1663.1965825094412,1832.4374644706545,6,5
2024_1155_1376,0.4258554113781469,1155,1376,Clemson,South Carolina,1663.1965825094412,1708.6122694955204,6,6
2024_1155_1400,0.4205683793840839,1155,1400,Clemson,Texas,1663.1965825094412,1726.9045336821805,6,7
2024_1155_1429,0.3933507590001422,1155,1429,Clemson,Utah St,1663.1965825094412,1759.0517656316995,6,8
2024_1155_1395,0.5408992719420925,1155,1395,Clemson,TCU,1663.1965825094412,1683.2736371228686,6,9
2024_1155_1161,0.6143266620531743,1155,1161,Clemson,Colorado St,1663.1965825094412,1652.4336708176806,6,10
2024_1155_1438,0.5311706275206831,1155,1438,Clemson,Virginia,1663.1965825094412,1704.2198489087848,6,10
2024_1155_1332,0.5689130315738063,1155,1332,Clemson,Oregon,1663.1965825094412,1696.02823693555,6,11
2024_1155_1270,0.7333677232884462,1155,1270,Clemson,McNeese St,1663.1965825094412,1599.4034076580233,6,12
2024_1155_1359,0.6107036391053221,1155,1359,Clemson,Samford,1663.1965825094412,1694.7540251390158,6,13
2024_1103_1155,0.7200313694119601,1155,1103,Clemson,Akron,1663.1965825094412,1619.611866900276,6,14
2024_1155_1389,0.8228426749134338,1155,1389,Clemson,St Peter's,1663.1965825094412,1529.7613899190612,6,15
2024_1155_1212,0.8295195727420009,1155,1212,Clemson,Grambling,1663.1965825094412,1522.6933430845452,6,16
2024_1155_1286,0.839564918933134,1155,1286,Clemson,Montana St,1663.1965825094412,1511.6323516504287,6,16
2024_1155_1222,0.08410222021655382,1155,1222,Clemson,Houston,1663.1965825094412,1951.160423382593,6,1
2024_1155_1266,0.1897763179676782,1155,1266,Clemson,Marquette,1663.1965825094412,1823.8236033934306,6,2
2024_1155_1246,0.2970624541995636,1155,1246,Clemson,Kentucky,1663.1965825094412,1749.1207241450747,6,3
2024_1155_1181,0.2921177452174555,1155,1181,Clemson,Duke,1663.1965825094412,1767.737662533171,6,4
2024_1155_1458,0.4270042977431155,1155,1458,Clemson,Wisconsin,1663.1965825094412,1692.8982739485298,6,5
2024_1155_1403,0.3988706952166158,1155,1403,Clemson,Texas Tech,1663.1965825094412,1725.5441020131711,6,6
2024_1155_1196,0.4513799485996693,1155,1196,Clemson,Florida,1663.1965825094412,1707.8518773217063,6,7
2024_1155_1304,0.5270823279629444,1155,1304,Clemson,Nebraska,1663.1965825094412,1676.714063191751,6,8
2024_1155_1401,0.5179554912182415,1155,1401,Clemson,Texas A&M,1663.1965825094412,1697.2747268986864,6,9
2024_1129_1155,0.5380467963849945,1155,1129,Clemson,Boise St,1663.1965825094412,1700.0188591915337,6,10
2024_1155_1160,0.5519605102766174,1155,1160,Clemson,Colorado,1663.1965825094412,1691.489482772901,6,10
2024_1155_1301,0.6120591973447996,1155,1301,Clemson,NC State,1663.1965825094412,1668.8867935722649,6,11
2024_1155_1241,0.5477498228267553,1155,1241,Clemson,James Madison,1663.1965825094412,1724.075357479141,6,12
2024_1155_1436,0.5680504775418671,1155,1436,Clemson,Vermont,1663.1965825094412,1721.5627066358347,6,13
2024_1155_1324,0.7538026820156593,1155,1324,Clemson,Oakland,1663.1965825094412,1593.105556226391,6,14
2024_1155_1443,0.791230247733769,1155,1443,Clemson,WKU,1663.1965825094412,1560.6742255595832,6,15
2024_1155_1255,0.8367101147649386,1155,1255,Clemson,Longwood,1663.1965825094412,1514.8310751595295,6,16
2024_1173_1280,0.5954056214606576,1173,1280,Dayton,Mississippi St,1705.9981956054135,1662.2706153949302,7,8
2024_1173_1277,0.6152636720222012,1173,1277,Dayton,Michigan St,1705.9981956054135,1664.6338684936895,7,9
2024_1173_1305,0.5394594174760458,1173,1305,Dayton,Nevada,1705.9981956054135,1726.9563900095893,7,10
2024_1173_1307,0.6107071215310057,1173,1307,Dayton,New Mexico,1705.9981956054135,1697.5534117279865,7,11
2024_1173_1213,0.5798381530344311,1173,1213,Dayton,Grand Canyon,1705.9981956054135,1732.036634427032,7,12
2024_1158_1173,0.5962359680077568,1173,1158,Dayton,Col Charleston,1705.9981956054135,1736.7465056472172,7,13
2024_1159_1173,0.7423449146438834,1173,1159,Dayton,Colgate,1705.9981956054135,1645.1497388831576,7,14
2024_1173_1253,0.854922508646988,1173,1253,Dayton,Long Beach St,1705.9981956054135,1536.3838456317214,7,15
2024_1173_1224,0.9018141699642152,1173,1224,Dayton,Howard,1705.9981956054135,1468.9243119213404,7,16
2024_1173_1447,0.9185584109597087,1173,1447,Dayton,Wagner,1705.9981956054135,1437.7070067970449,7,16
2024_1173_1345,0.12053710585612093,1173,1345,Dayton,Purdue,1705.9981956054135,1918.0820619455849,7,1
2024_1173_1397,0.25225051540227844,1173,1397,Dayton,Tennessee,1705.9981956054135,1796.1716166367228,7,2
2024_1166_1173,0.30073663616442164,1173,1166,Dayton,Creighton,1705.9981956054135,1774.2572486824401,7,3
2024_1173_1242,0.2991154332186977,1173,1242,Dayton,Kansas,1705.9981956054135,1790.430882041691,7,4
2024_1173_1211,0.26324215136444296,1173,1211,Dayton,Gonzaga,1705.9981956054135,1832.4374644706545,7,5
2024_1173_1376,0.4710624427446132,1173,1376,Dayton,South Carolina,1705.9981956054135,1708.6122694955204,7,6
2024_1173_1400,0.46566937190087954,1173,1400,Dayton,Texas,1705.9981956054135,1726.9045336821805,7,7
2024_1173_1429,0.4377379988494471,1173,1429,Dayton,Utah St,1705.9981956054135,1759.0517656316995,7,8
2024_1173_1395,0.5858571661716384,1173,1395,Dayton,TCU,1705.9981956054135,1683.2736371228686,7,9
2024_1161_1173,0.6566583223769921,1173,1161,Dayton,Colorado St,1705.9981956054135,1652.4336708176806,7,10
2024_1173_1438,0.576335006760187,1173,1438,Dayton,Virginia,1705.9981956054135,1704.2198489087848,7,10
2024_1173_1332,0.6130899397533974,1173,1332,Dayton,Oregon,1705.9981956054135,1696.02823693555,7,11
2024_1173_1270,0.7675767539159651,1173,1270,Dayton,McNeese St,1705.9981956054135,1599.4034076580233,7,12
2024_1173_1359,0.6606218513276704,1173,1359,Dayton,Samford,1705.9981956054135,1694.7540251390158,7,13
2024_1103_1173,0.7731529848728634,1173,1103,Dayton,Akron,1705.9981956054135,1619.611866900276,7,14
2024_1173_1389,0.8602431213834221,1173,1389,Dayton,St Peter's,1705.9981956054135,1529.7613899190612,7,15
2024_1173_1212,0.8657404268375427,1173,1212,Dayton,Grambling,1705.9981956054135,1522.6933430845452,7,16
2024_1173_1286,0.8739757518862106,1173,1286,Dayton,Montana St,1705.9981956054135,1511.6323516504287,7,16
2024_1173_1222,0.09930505582185452,1173,1222,Dayton,Houston,1705.9981956054135,1951.160423382593,7,1
2024_1173_1266,0.21950341079012892,1173,1266,Dayton,Marquette,1705.9981956054135,1823.8236033934306,7,2
2024_1173_1246,0.3366131421212219,1173,1246,Dayton,Kentucky,1705.9981956054135,1749.1207241450747,7,3
2024_1173_1181,0.33132039565439003,1173,1181,Dayton,Duke,1705.9981956054135,1767.737662533171,7,4
2024_1173_1458,0.472232977384072,1173,1458,Dayton,Wisconsin,1705.9981956054135,1692.8982739485298,7,5
2024_1173_1403,0.4434255288083684,1173,1403,Dayton,Texas Tech,1705.9981956054135,1725.5441020131711,7,6
2024_1173_1196,0.4969512807211656,1173,1196,Dayton,Florida,1705.9981956054135,1707.8518773217063,7,7
2024_1173_1304,0.5723234442993478,1173,1304,Dayton,Nebraska,1705.9981956054135,1676.714063191751,7,8
2024_1173_1401,0.5633464021100574,1173,1401,Dayton,Texas A&M,1705.9981956054135,1697.2747268986864,7,9
2024_1129_1173,0.583068710227872,1173,1129,Dayton,Boise St,1705.9981956054135,1700.0188591915337,7,10
2024_1160_1173,0.5966429680475327,1173,1160,Dayton,Colorado,1705.9981956054135,1691.489482772901,7,10
2024_1173_1301,0.65449976542685,1173,1301,Dayton,NC State,1705.9981956054135,1668.8867935722649,7,11
2024_1173_1241,0.5925422170712711,1173,1241,Dayton,James Madison,1705.9981956054135,1724.075357479141,7,12
2024_1173_1436,0.6200351161775407,1173,1436,Dayton,Vermont,1705.9981956054135,1721.5627066358347,7,13
2024_1173_1324,0.802276099045449,1173,1324,Dayton,Oakland,1705.9981956054135,1593.105556226391,7,14
2024_1173_1443,0.8339578104277556,1173,1443,Dayton,WKU,1705.9981956054135,1560.6742255595832,7,15
2024_1173_1255,0.8716396431459141,1173,1255,Dayton,Longwood,1705.9981956054135,1514.8310751595295,7,16
2024_1277_1280,0.5207717414969892,1280,1277,Mississippi St,Michigan St,1662.2706153949302,1664.6338684936895,8,9
2024_1280_1305,0.44319844404887304,1280,1305,Mississippi St,Nevada,1662.2706153949302,1726.9563900095893,8,10
2024_1280_1307,0.5159764796036606,1280,1307,Mississippi St,New Mexico,1662.2706153949302,1697.5534117279865,8,11
2024_1213_1280,0.4839433159720409,1280,1213,Mississippi St,Grand Canyon,1662.2706153949302,1732.036634427032,8,12
2024_1158_1280,0.5008620043546782,1280,1158,Mississippi St,Col Charleston,1662.2706153949302,1736.7465056472172,8,13
2024_1159_1280,0.6692352801516599,1280,1159,Mississippi St,Colgate,1662.2706153949302,1645.1497388831576,8,14
2024_1253_1280,0.8154872420725539,1280,1253,Mississippi St,Long Beach St,1662.2706153949302,1536.3838456317214,8,15
2024_1224_1280,0.8732351330817253,1280,1224,Mississippi St,Howard,1662.2706153949302,1468.9243119213404,8,16
2024_1280_1447,0.8942817921108985,1280,1447,Mississippi St,Wagner,1662.2706153949302,1437.7070067970449,8,16
2024_1280_1345,0.08779841753252735,1280,1345,Mississippi St,Purdue,1662.2706153949302,1918.0820619455849,8,1
2024_1280_1397,0.1864865767696792,1280,1397,Mississippi St,Tennessee,1662.2706153949302,1796.1716166367228,8,2
2024_1166_1280,0.2261551060986628,1280,1166,Mississippi St,Creighton,1662.2706153949302,1774.2572486824401,8,3
2024_1242_1280,0.22480669922438276,1280,1242,Mississippi St,Kansas,1662.2706153949302,1790.430882041691,8,4
2024_1211_1280,0.19536128339866254,1280,1211,Mississippi St,Gonzaga,1662.2706153949302,1832.4374644706545,8,5
2024_1280_1376,0.3770149723130544,1280,1376,Mississippi St,South Carolina,1662.2706153949302,1708.6122694955204,8,6
2024_1280_1400,0.3719414884927242,1280,1400,Mississippi St,Texas,1662.2706153949302,1726.9045336821805,8,7
2024_1280_1429,0.3459917037783274,1280,1429,Mississippi St,Utah St,1662.2706153949302,1759.0517656316995,8,8
2024_1280_1395,0.49012809137633373,1280,1395,Mississippi St,TCU,1662.2706153949302,1683.2736371228686,8,9
2024_1161_1280,0.5651475011732673,1280,1161,Mississippi St,Colorado St,1662.2706153949302,1652.4336708176806,8,10
2024_1280_1438,0.48035716688262853,1280,1438,Mississippi St,Virginia,1662.2706153949302,1704.2198489087848,8,10
2024_1280_1332,0.5184819563538752,1280,1332,Mississippi St,Oregon,1662.2706153949302,1696.02823693555,8,11
2024_1270_1280,0.6917515134176487,1280,1270,Mississippi St,McNeese St,1662.2706153949302,1599.4034076580233,8,12
2024_1280_1359,0.5694748217775844,1280,1359,Mississippi St,Samford,1662.2706153949302,1694.7540251390158,8,13
2024_1103_1280,0.7053149548275641,1280,1103,Mississippi St,Akron,1662.2706153949302,1619.611866900276,8,14
2024_1280_1389,0.8219529151885688,1280,1389,Mississippi St,St Peter's,1662.2706153949302,1529.7613899190612,8,15
2024_1212_1280,0.8286563642891535,1280,1212,Mississippi St,Grambling,1662.2706153949302,1522.6933430845452,8,16
2024_1280_1286,0.8387426861786665,1280,1286,Mississippi St,Montana St,1662.2706153949302,1511.6323516504287,8,16
2024_1222_1280,0.07186192581525976,1280,1222,Mississippi St,Houston,1662.2706153949302,1951.160423382593,8,1
2024_1266_1280,0.16044504404084123,1280,1266,Mississippi St,Marquette,1662.2706153949302,1823.8236033934306,8,2
2024_1246_1280,0.25639669783897456,1280,1246,Mississippi St,Kentucky,1662.2706153949302,1749.1207241450747,8,3
2024_1181_1280,0.2518863299732187,1280,1181,Mississippi St,Duke,1662.2706153949302,1767.737662533171,8,4
2024_1280_1458,0.37811887176021364,1280,1458,Mississippi St,Wisconsin,1662.2706153949302,1692.8982739485298,8,5
2024_1280_1403,0.3512318256699319,1280,1403,Mississippi St,Texas Tech,1662.2706153949302,1725.5441020131711,8,6
2024_1196_1280,0.4016600738142931,1280,1196,Mississippi St,Florida,1662.2706153949302,1707.8518773217063,8,7
2024_1280_1304,0.4762626664363245,1280,1304,Mississippi St,Nebraska,1662.2706153949302,1676.714063191751,8,8
2024_1280_1401,0.4671465682735489,1280,1401,Mississippi St,Texas A&M,1662.2706153949302,1697.2747268986864,8,9
2024_1129_1280,0.4872591939040497,1280,1129,Mississippi St,Boise St,1662.2706153949302,1700.0188591915337,8,10
2024_1160_1280,0.5012847288377775,1280,1160,Mississippi St,Colorado,1662.2706153949302,1691.489482772901,8,10
2024_1280_1301,0.5627966724832411,1280,1301,Mississippi St,NC State,1662.2706153949302,1668.8867935722649,8,11
2024_1241_1280,0.49703176899783413,1280,1241,Mississippi St,James Madison,1662.2706153949302,1724.075357479141,8,12
2024_1280_1436,0.5258118882606504,1280,1436,Mississippi St,Vermont,1662.2706153949302,1721.5627066358347,8,13
2024_1280_1324,0.7402209782005515,1280,1324,Mississippi St,Oakland,1662.2706153949302,1593.105556226391,8,14
2024_1280_1443,0.7902221944510134,1280,1443,Mississippi St,WKU,1662.2706153949302,1560.6742255595832,8,15
2024_1255_1280,0.8358761112394131,1280,1255,Mississippi St,Longwood,1662.2706153949302,1514.8310751595295,8,16
2024_1277_1305,0.42279108761633905,1277,1305,Michigan St,Nevada,1664.6338684936895,1726.9563900095893,9,10
2024_1277_1307,0.4951983642366544,1277,1307,Michigan St,New Mexico,1664.6338684936895,1697.5534117279865,9,11
2024_1213_1277,0.4632206418594004,1277,1213,Michigan St,Grand Canyon,1664.6338684936895,1732.036634427032,9,12
2024_1158_1277,0.48008883679376785,1277,1158,Michigan St,Col Charleston,1664.6338684936895,1736.7465056472172,9,13
2024_1159_1277,0.6505808936378814,1277,1159,Michigan St,Colgate,1664.6338684936895,1645.1497388831576,9,14
2024_1253_1277,0.8078075174832502,1277,1253,Michigan St,Long Beach St,1664.6338684936895,1536.3838456317214,9,15
2024_1224_1277,0.8749461977814302,1277,1224,Michigan St,Howard,1664.6338684936895,1468.9243119213404,9,16
2024_1277_1447,0.8957426879183202,1277,1447,Michigan St,Wagner,1664.6338684936895,1437.7070067970449,9,16
2024_1277_1345,0.0890516129260705,1277,1345,Michigan St,Purdue,1664.6338684936895,1918.0820619455849,9,1
2024_1277_1397,0.17898433425511767,1277,1397,Michigan St,Tennessee,1664.6338684936895,1796.1716166367228,9,2
2024_1166_1277,0.21193763080338848,1277,1166,Michigan St,Creighton,1664.6338684936895,1774.2572486824401,9,3
2024_1242_1277,0.21065091767244137,1277,1242,Michigan St,Kansas,1664.6338684936895,1790.430882041691,9,4
2024_1211_1277,0.18262283610717178,1277,1211,Michigan St,Gonzaga,1664.6338684936895,1832.4374644706545,9,5
2024_1277_1376,0.3576973437935971,1277,1376,Michigan St,South Carolina,1664.6338684936895,1708.6122694955204,9,6
2024_1277_1400,0.35273662826810953,1277,1400,Michigan St,Texas,1664.6338684936895,1726.9045336821805,9,7
2024_1277_1429,0.3274282051314491,1277,1429,Michigan St,Utah St,1664.6338684936895,1759.0517656316995,9,8
2024_1277_1395,0.46938146402729175,1277,1395,Michigan St,TCU,1664.6338684936895,1683.2736371228686,9,9
2024_1161_1277,0.5446172688573706,1277,1161,Michigan St,Colorado St,1664.6338684936895,1652.4336708176806,9,10
2024_1277_1438,0.4596512770598743,1277,1438,Michigan St,Virginia,1664.6338684936895,1704.2198489087848,9,10
2024_1277_1332,0.49770669323281747,1277,1332,Michigan St,Oregon,1664.6338684936895,1696.02823693555,9,11
2024_1270_1277,0.673747932931534,1277,1270,Michigan St,McNeese St,1664.6338684936895,1599.4034076580233,9,12
2024_1277_1359,0.5489858487487229,1277,1359,Michigan St,Samford,1664.6338684936895,1694.7540251390158,9,13
2024_1103_1277,0.6877459712282972,1277,1103,Michigan St,Akron,1664.6338684936895,1619.611866900276,9,14
2024_1277_1389,0.8144810810451452,1277,1389,Michigan St,St Peter's,1664.6338684936895,1529.7613899190612,9,15
2024_1212_1277,0.8308525958972031,1277,1212,Michigan St,Grambling,1664.6338684936895,1522.6933430845452,9,16
2024_1277_1286,0.8408344666557185,1277,1286,Michigan St,Montana St,1664.6338684936895,1511.6323516504287,9,16
2024_1222_1277,0.07290583094455509,1277,1222,Michigan St,Houston,1664.6338684936895,1951.160423382593,9,1
2024_1266_1277,0.15379238425469846,1277,1266,Michigan St,Marquette,1664.6338684936895,1823.8236033934306,9,2
2024_1246_1277,0.24086981840505337,1277,1246,Michigan St,Kentucky,1664.6338684936895,1749.1207241450747,9,3
2024_1181_1277,0.23654570200730896,1277,1181,Michigan St,Duke,1664.6338684936895,1767.737662533171,9,4
2024_1277_1458,0.3587772553143037,1277,1458,Michigan St,Wisconsin,1664.6338684936895,1692.8982739485298,9,5
2024_1277_1403,0.33253012838543144,1277,1403,Michigan St,Texas Tech,1664.6338684936895,1725.5441020131711,9,6
2024_1196_1277,0.381853678277936,1277,1196,Michigan St,Florida,1664.6338684936895,1707.8518773217063,9,7
2024_1277_1304,0.45557853575085455,1277,1304,Michigan St,Nebraska,1664.6338684936895,1676.714063191751,9,8
2024_1277_1401,0.44652080849587344,1277,1401,Michigan St,Texas A&M,1664.6338684936895,1697.2747268986864,9,9
2024_1129_1277,0.46652289110456546,1277,1129,Michigan St,Boise St,1664.6338684936895,1700.0188591915337,9,10
2024_1160_1277,0.48051090699273247,1277,1160,Michigan St,Colorado,1664.6338684936895,1691.489482772901,9,10
2024_1277_1301,0.5422453496887176,1277,1301,Michigan St,NC State,1664.6338684936895,1668.8867935722649,9,11
2024_1241_1277,0.47626588084036386,1277,1241,Michigan St,James Madison,1664.6338684936895,1724.075357479141,9,12
2024_1277_1436,0.5050509792527815,1277,1436,Michigan St,Vermont,1664.6338684936895,1721.5627066358347,9,13
2024_1277_1324,0.7239184776020452,1277,1324,Michigan St,Oakland,1664.6338684936895,1593.105556226391,9,14
2024_1277_1443,0.7817723021740124,1277,1443,Michigan St,WKU,1664.6338684936895,1560.6742255595832,9,15
2024_1255_1277,0.8379978939410104,1277,1255,Michigan St,Longwood,1664.6338684936895,1514.8310751595295,9,16
2024_1305_1307,0.5725148100140623,1305,1307,Nevada,New Mexico,1726.9563900095893,1697.5534117279865,10,11
2024_1213_1305,0.5408940607582363,1305,1213,Nevada,Grand Canyon,1726.9563900095893,1732.036634427032,10,12
2024_1158_1305,0.5576522689501379,1305,1158,Nevada,Col Charleston,1726.9563900095893,1736.7465056472172,10,13
2024_1159_1305,0.7176672455967169,1305,1159,Nevada,Colgate,1726.9563900095893,1645.1497388831576,10,14
2024_1253_1305,0.851593291396622,1305,1253,Nevada,Long Beach St,1726.9563900095893,1536.3838456317214,10,15
2024_1224_1305,0.9080152607336248,1305,1224,Nevada,Howard,1726.9563900095893,1468.9243119213404,10,16
2024_1305_1447,0.9237913570224089,1305,1447,Nevada,Wagner,1726.9563900095893,1437.7070067970449,10,16
2024_1305_1345,0.12839086869890856,1305,1345,Nevada,Purdue,1726.9563900095893,1918.0820619455849,10,1
2024_1305_1397,0.24726816580855263,1305,1397,Nevada,Tennessee,1726.9563900095893,1796.1716166367228,10,2
2024_1166_1305,0.27506690029007974,1305,1166,Nevada,Creighton,1726.9563900095893,1774.2572486824401,10,3
2024_1242_1305,0.26704243660102545,1305,1242,Nevada,Kansas,1726.9563900095893,1790.430882041691,10,4
2024_1211_1305,0.23373294910010625,1305,1211,Nevada,Gonzaga,1726.9563900095893,1832.4374644706545,10,5
2024_1305_1376,0.43191400374050526,1305,1376,Nevada,South Carolina,1726.9563900095893,1708.6122694955204,10,6
2024_1305_1400,0.4266076431190823,1305,1400,Nevada,Texas,1726.9563900095893,1726.9045336821805,10,7
2024_1305_1429,0.3992684989641375,1305,1429,Nevada,Utah St,1726.9563900095893,1759.0517656316995,10,8
2024_1305_1395,0.5470351452335472,1305,1395,Nevada,TCU,1726.9563900095893,1683.2736371228686,10,9
2024_1161_1305,0.6201703061391086,1305,1161,Nevada,Colorado St,1726.9563900095893,1652.4336708176806,10,10
2024_1305_1438,0.5373253046958192,1305,1438,Nevada,Virginia,1726.9563900095893,1704.2198489087848,10,10
2024_1305_1332,0.574968702566295,1305,1332,Nevada,Oregon,1726.9563900095893,1696.02823693555,10,11
2024_1270_1305,0.7381764052271904,1305,1270,Nevada,McNeese St,1726.9563900095893,1599.4034076580233,10,12
2024_1305_1359,0.6243140662810281,1305,1359,Nevada,Samford,1726.9563900095893,1694.7540251390158,10,13
2024_1103_1305,0.7504340537809892,1305,1103,Nevada,Akron,1726.9563900095893,1619.611866900276,10,14
2024_1305_1389,0.8570155803141003,1305,1389,Nevada,St Peter's,1726.9563900095893,1529.7613899190612,10,15
2024_1212_1305,0.8739012458350937,1305,1212,Nevada,Grambling,1726.9563900095893,1522.6933430845452,10,16
2024_1286_1305,0.8817043948610435,1305,1286,Nevada,Montana St,1726.9563900095893,1511.6323516504287,10,16
2024_1222_1305,0.10594206280745476,1305,1222,Nevada,Houston,1726.9563900095893,1951.160423382593,10,1
2024_1266_1305,0.21498190813423276,1305,1266,Nevada,Marquette,1726.9563900095893,1823.8236033934306,10,2
2024_1246_1305,0.3092353576602097,1305,1246,Nevada,Kentucky,1726.9563900095893,1749.1207241450747,10,3
2024_1181_1305,0.2972587600802623,1305,1181,Nevada,Duke,1726.9563900095893,1767.737662533171,10,4
2024_1305_1458,0.4330669063826589,1305,1458,Nevada,Wisconsin,1726.9563900095893,1692.8982739485298,10,5
2024_1305_1403,0.4048160641599694,1305,1403,Nevada,Texas Tech,1726.9563900095893,1725.5441020131711,10,6
2024_1196_1305,0.4575123084390197,1305,1196,Nevada,Florida,1726.9563900095893,1707.8518773217063,10,7
2024_1304_1305,0.533243513629618,1305,1304,Nevada,Nebraska,1726.9563900095893,1676.714063191751,10,8
2024_1305_1401,0.5241282294941466,1305,1401,Nevada,Texas A&M,1726.9563900095893,1697.2747268986864,10,9
2024_1129_1305,0.5441886667854001,1305,1129,Nevada,Boise St,1726.9563900095893,1700.0188591915337,10,10
2024_1160_1305,0.5580693344437972,1305,1160,Nevada,Colorado,1726.9563900095893,1691.489482772901,10,10
2024_1301_1305,0.6179158295717249,1305,1301,Nevada,NC State,1726.9563900095893,1668.8867935722649,10,11
2024_1241_1305,0.5538696546740992,1305,1241,Nevada,James Madison,1726.9563900095893,1724.075357479141,10,12
2024_1305_1436,0.5821317724400716,1305,1436,Nevada,Vermont,1726.9563900095893,1721.5627066358347,10,13
2024_1305_1324,0.78165015292397,1305,1324,Nevada,Oakland,1726.9563900095893,1593.105556226391,10,14
2024_1305_1443,0.8302430265186038,1305,1443,Nevada,WKU,1726.9563900095893,1560.6742255595832,10,15
2024_1255_1305,0.8794917976087901,1305,1255,Nevada,Longwood,1726.9563900095893,1514.8310751595295,10,16
2024_1213_1307,0.46799967245294594,1307,1213,New Mexico,Grand Canyon,1697.5534117279865,1732.036634427032,11,12
2024_1158_1307,0.48488469209133056,1307,1158,New Mexico,Col Charleston,1697.5534117279865,1736.7465056472172,11,13
2024_1159_1307,0.6549344375622873,1307,1159,New Mexico,Colgate,1697.5534117279865,1645.1497388831576,11,14
2024_1253_1307,0.8107718951809454,1307,1253,New Mexico,Long Beach St,1697.5534117279865,1536.3838456317214,11,15
2024_1224_1307,0.8805363995025332,1307,1224,New Mexico,Howard,1697.5534117279865,1468.9243119213404,11,16
2024_1307_1447,0.9005089489363719,1307,1447,New Mexico,Wagner,1697.5534117279865,1437.7070067970449,11,16
2024_1307_1345,0.10825423870925394,1307,1345,New Mexico,Purdue,1697.5534117279865,1918.0820619455849,11,1
2024_1307_1397,0.21304421536562376,1307,1397,New Mexico,Tennessee,1697.5534117279865,1796.1716166367228,11,2
2024_1166_1307,0.23821299705799612,1307,1166,New Mexico,Creighton,1697.5534117279865,1774.2572486824401,11,3
2024_1242_1307,0.21944473709583018,1307,1242,New Mexico,Kansas,1697.5534117279865,1790.430882041691,11,4
2024_1211_1307,0.18550741370024837,1307,1211,New Mexico,Gonzaga,1697.5534117279865,1832.4374644706545,11,5
2024_1307_1376,0.36212213977345925,1307,1376,New Mexico,South Carolina,1697.5534117279865,1708.6122694955204,11,6
2024_1307_1400,0.3571341794459446,1307,1400,New Mexico,Texas,1697.5534117279865,1726.9045336821805,11,7
2024_1307_1429,0.33167191618034403,1307,1429,New Mexico,Utah St,1697.5534117279865,1759.0517656316995,11,8
2024_1307_1395,0.474167908551701,1307,1395,New Mexico,TCU,1697.5534117279865,1683.2736371228686,11,9
2024_1161_1307,0.5493765916716662,1307,1161,New Mexico,Colorado St,1697.5534117279865,1652.4336708176806,11,10
2024_1307_1438,0.46442534390607915,1307,1438,New Mexico,Virginia,1697.5534117279865,1704.2198489087848,11,10
2024_1307_1332,0.5025084394841305,1307,1332,New Mexico,Oregon,1697.5534117279865,1696.02823693555,11,11
2024_1270_1307,0.6779557131908016,1307,1270,New Mexico,McNeese St,1697.5534117279865,1599.4034076580233,11,12
2024_1307_1359,0.5537369261888493,1307,1359,New Mexico,Samford,1697.5534117279865,1694.7540251390158,11,13
2024_1103_1307,0.6918557844187105,1307,1103,New Mexico,Akron,1697.5534117279865,1619.611866900276,11,14
2024_1307_1389,0.8173657974255468,1307,1389,New Mexico,St Peter's,1697.5534117279865,1529.7613899190612,11,15
2024_1212_1307,0.8380490413174858,1307,1212,New Mexico,Grambling,1697.5534117279865,1522.6933430845452,11,16
2024_1286_1307,0.8476840842051508,1307,1286,New Mexico,Montana St,1697.5534117279865,1511.6323516504287,11,16
2024_1222_1307,0.08896689076824958,1307,1222,New Mexico,Houston,1697.5534117279865,1951.160423382593,11,1
2024_1266_1307,0.18413351068895545,1307,1266,New Mexico,Marquette,1697.5534117279865,1823.8236033934306,11,2
2024_1246_1307,0.26950543371719965,1307,1246,New Mexico,Kentucky,1697.5534117279865,1749.1207241450747,11,3
2024_1181_1307,0.246083515643346,1307,1181,New Mexico,Duke,1697.5534117279865,1767.737662533171,11,4
2024_1307_1458,0.3632078559668732,1307,1458,New Mexico,Wisconsin,1697.5534117279865,1692.8982739485298,11,5
2024_1307_1403,0.3368068505604758,1307,1403,New Mexico,Texas Tech,1697.5534117279865,1725.5441020131711,11,6
2024_1196_1307,0.3863975293125249,1307,1196,New Mexico,Florida,1697.5534117279865,1707.8518773217063,11,7
2024_1304_1307,0.46034633969463473,1307,1304,New Mexico,Nebraska,1697.5534117279865,1676.714063191751,11,8
2024_1307_1401,0.45127239367918365,1307,1401,New Mexico,Texas A&M,1697.5534117279865,1697.2747268986864,11,9
2024_1129_1307,0.4713060772628609,1307,1129,New Mexico,Boise St,1697.5534117279865,1700.0188591915337,11,10
2024_1160_1307,0.4853070429162414,1307,1160,New Mexico,Colorado,1697.5534117279865,1691.489482772901,11,10
2024_1301_1307,0.547008843081903,1307,1301,New Mexico,NC State,1697.5534117279865,1668.8867935722649,11,11
2024_1241_1307,0.4810588822879748,1307,1241,New Mexico,James Madison,1697.5534117279865,1724.075357479141,11,12
2024_1307_1436,0.5098516592884291,1307,1436,New Mexico,Vermont,1697.5534117279865,1721.5627066358347,11,13
2024_1307_1324,0.7277406690970175,1307,1324,New Mexico,Oakland,1697.5534117279865,1593.105556226391,11,14
2024_1307_1443,0.7850313846097793,1307,1443,New Mexico,WKU,1697.5534117279865,1560.6742255595832,11,15
2024_1255_1307,0.8449470718598666,1307,1255,New Mexico,Longwood,1697.5534117279865,1514.8310751595295,11,16
2024_1158_1213,0.516917751752861,1213,1158,Grand Canyon,Col Charleston,1732.036634427032,1736.7465056472172,12,13
2024_1159_1213,0.6832996020449815,1213,1159,Grand Canyon,Colgate,1732.036634427032,1645.1497388831576,12,14
2024_1213_1253,0.8296586616782607,1213,1253,Grand Canyon,Long Beach St,1732.036634427032,1536.3838456317214,12,15
2024_1213_1224,0.8933757267364475,1213,1224,Grand Canyon,Howard,1732.036634427032,1468.9243119213404,12,16
2024_1213_1447,0.9114176737062953,1213,1447,Grand Canyon,Wagner,1732.036634427032,1437.7070067970449,12,16
2024_1213_1345,0.13217769081188208,1213,1345,Grand Canyon,Purdue,1732.036634427032,1918.0820619455849,12,1
2024_1213_1397,0.2535412909816948,1213,1397,Grand Canyon,Tennessee,1732.036634427032,1796.1716166367228,12,2
2024_1166_1213,0.28178126641526174,1213,1166,Grand Canyon,Creighton,1732.036634427032,1774.2572486824401,12,3
2024_1213_1242,0.26075533634607234,1213,1242,Grand Canyon,Kansas,1732.036634427032,1790.430882041691,12,4
2024_1211_1213,0.21108463213507997,1213,1211,Grand Canyon,Gonzaga,1732.036634427032,1832.4374644706545,12,5
2024_1213_1376,0.39222031246583333,1213,1376,Grand Canyon,South Carolina,1732.036634427032,1708.6122694955204,12,6
2024_1213_1400,0.38706934268353954,1213,1400,Grand Canyon,Texas,1732.036634427032,1726.9045336821805,12,7
2024_1213_1429,0.3606702141682911,1213,1429,Grand Canyon,Utah St,1732.036634427032,1759.0517656316995,12,8
2024_1213_1395,0.5061886992901,1213,1395,Grand Canyon,TCU,1732.036634427032,1683.2736371228686,12,9
2024_1161_1213,0.5808658254950528,1213,1161,Grand Canyon,Colorado St,1732.036634427032,1652.4336708176806,12,10
2024_1213_1438,0.4964093209276111,1213,1438,Grand Canyon,Virginia,1732.036634427032,1704.2198489087848,12,10
2024_1213_1332,0.534497690390615,1213,1332,Grand Canyon,Oregon,1732.036634427032,1696.02823693555,12,11
2024_1213_1270,0.7052800557587083,1213,1270,Grand Canyon,McNeese St,1732.036634427032,1599.4034076580233,12,12
2024_1213_1359,0.5851515475900202,1213,1359,Grand Canyon,Samford,1732.036634427032,1694.7540251390158,12,13
2024_1103_1213,0.7184904685351408,1213,1103,Grand Canyon,Akron,1732.036634427032,1619.611866900276,12,14
2024_1213_1389,0.8357277756784923,1213,1389,Grand Canyon,St Peter's,1732.036634427032,1529.7613899190612,12,15
2024_1212_1213,0.854701192797626,1213,1212,Grand Canyon,Grambling,1732.036634427032,1522.6933430845452,12,16
2024_1213_1286,0.8635068942736921,1213,1286,Grand Canyon,Montana St,1732.036634427032,1511.6323516504287,12,16
2024_1213_1222,0.1091496843375657,1213,1222,Grand Canyon,Houston,1732.036634427032,1951.160423382593,12,1
2024_1213_1266,0.22067607095646627,1213,1266,Grand Canyon,Marquette,1732.036634427032,1823.8236033934306,12,2
2024_1213_1246,0.3164197265429556,1213,1246,Grand Canyon,Kentucky,1732.036634427032,1749.1207241450747,12,3
2024_1181_1213,0.2905422588402809,1213,1181,Grand Canyon,Duke,1732.036634427032,1767.737662533171,12,4
2024_1213_1458,0.40121685447362965,1213,1458,Grand Canyon,Wisconsin,1732.036634427032,1692.8982739485298,12,5
2024_1213_1403,0.3660082325260187,1213,1403,Grand Canyon,Texas Tech,1732.036634427032,1725.5441020131711,12,6
2024_1196_1213,0.41719374921593355,1213,1196,Grand Canyon,Florida,1732.036634427032,1707.8518773217063,12,7
2024_1213_1304,0.49230762288568486,1213,1304,Grand Canyon,Nebraska,1732.036634427032,1676.714063191751,12,8
2024_1213_1401,0.483167735066292,1213,1401,Grand Canyon,Texas A&M,1732.036634427032,1697.2747268986864,12,9
2024_1129_1213,0.5033185935383987,1213,1129,Grand Canyon,Boise St,1732.036634427032,1700.0188591915337,12,10
2024_1160_1213,0.5173399820754955,1213,1160,Grand Canyon,Colorado,1732.036634427032,1691.489482772901,12,10
2024_1213_1301,0.578536600705295,1213,1301,Grand Canyon,NC State,1732.036634427032,1668.8867935722649,12,11
2024_1213_1241,0.5130909486814915,1213,1241,Grand Canyon,James Madison,1732.036634427032,1724.075357479141,12,12
2024_1213_1436,0.5417992768899518,1213,1436,Grand Canyon,Vermont,1732.036634427032,1721.5627066358347,12,13
2024_1213_1324,0.7523837322115102,1213,1324,Grand Canyon,Oakland,1732.036634427032,1593.105556226391,12,14
2024_1213_1443,0.8058721530291708,1213,1443,Grand Canyon,WKU,1732.036634427032,1560.6742255595832,12,15
2024_1213_1255,0.8610075869656315,1213,1255,Grand Canyon,Longwood,1732.036634427032,1514.8310751595295,12,16
2024_1158_1159,0.6684715833787982,1158,1159,Col Charleston,Colgate,1736.7465056472172,1645.1497388831576,13,14
2024_1158_1253,0.8198768289381209,1158,1253,Col Charleston,Long Beach St,1736.7465056472172,1536.3838456317214,13,15
2024_1158_1224,0.886753401411249,1158,1224,Col Charleston,Howard,1736.7465056472172,1468.9243119213404,13,16
2024_1158_1447,0.9057977568959048,1158,1447,Col Charleston,Wagner,1736.7465056472172,1437.7070067970449,13,16
2024_1158_1345,0.13577260581432632,1158,1345,Col Charleston,Purdue,1736.7465056472172,1918.0820619455849,13,1
2024_1158_1397,0.259450174367232,1158,1397,Col Charleston,Tennessee,1736.7465056472172,1796.1716166367228,13,2
2024_1158_1166,0.28809428450847324,1158,1166,Col Charleston,Creighton,1736.7465056472172,1774.2572486824401,13,3
2024_1158_1242,0.26677226039718316,1158,1242,Col Charleston,Kansas,1736.7465056472172,1790.430882041691,13,4
2024_1158_1211,0.2162907503596643,1158,1211,Col Charleston,Gonzaga,1736.7465056472172,1832.4374644706545,13,5
2024_1158_1376,0.38395573837268204,1158,1376,Col Charleston,South Carolina,1736.7465056472172,1708.6122694955204,13,6
2024_1158_1400,0.3711363836073396,1158,1400,Col Charleston,Texas,1736.7465056472172,1726.9045336821805,13,7
2024_1158_1429,0.3452118955118377,1158,1429,Col Charleston,Utah St,1736.7465056472172,1759.0517656316995,13,8
2024_1158_1395,0.48926645237565475,1158,1395,Col Charleston,TCU,1736.7465056472172,1683.2736371228686,13,9
2024_1158_1161,0.5642999404961437,1158,1161,Col Charleston,Colorado St,1736.7465056472172,1652.4336708176806,13,10
2024_1158_1438,0.4794965512025637,1158,1438,Col Charleston,Virginia,1736.7465056472172,1704.2198489087848,13,10
2024_1158_1332,0.5176210749217107,1158,1332,Col Charleston,Oregon,1736.7465056472172,1696.02823693555,13,11
2024_1158_1270,0.6910158015590105,1158,1270,Col Charleston,McNeese St,1736.7465056472172,1599.4034076580233,13,12
2024_1158_1359,0.5686292575887149,1158,1359,Col Charleston,Samford,1736.7465056472172,1694.7540251390158,13,13
2024_1103_1158,0.7045977912932775,1158,1103,Col Charleston,Akron,1736.7465056472172,1619.611866900276,13,14
2024_1158_1389,0.8262214612639783,1158,1389,Col Charleston,St Peter's,1736.7465056472172,1529.7613899190612,13,15
2024_1158_1212,0.8460906503940383,1158,1212,Col Charleston,Grambling,1736.7465056472172,1522.6933430845452,13,16
2024_1158_1286,0.8553298582073374,1158,1286,Col Charleston,Montana St,1736.7465056472172,1511.6323516504287,13,16
2024_1158_1222,0.11219926707787192,1158,1222,Col Charleston,Houston,1736.7465056472172,1951.160423382593,13,1
2024_1158_1266,0.22605096667627758,1158,1266,Col Charleston,Marquette,1736.7465056472172,1823.8236033934306,13,2
2024_1158_1246,0.32315960798155696,1158,1246,Col Charleston,Kentucky,1736.7465056472172,1749.1207241450747,13,3
2024_1158_1181,0.29697039929506897,1158,1181,Col Charleston,Duke,1736.7465056472172,1767.737662533171,13,4
2024_1158_1458,0.4086830937243851,1158,1458,Col Charleston,Wisconsin,1736.7465056472172,1692.8982739485298,13,5
2024_1158_1403,0.35797067304103297,1158,1403,Col Charleston,Texas Tech,1736.7465056472172,1725.5441020131711,13,6
2024_1158_1196,0.400831695228089,1158,1196,Col Charleston,Florida,1736.7465056472172,1707.8518773217063,13,7
2024_1158_1304,0.4754026752924766,1158,1304,Col Charleston,Nebraska,1736.7465056472172,1676.714063191751,13,8
2024_1158_1401,0.466288382744068,1158,1401,Col Charleston,Texas A&M,1736.7465056472172,1697.2747268986864,13,9
2024_1129_1158,0.4863977871016756,1158,1129,Col Charleston,Boise St,1736.7465056472172,1700.0188591915337,13,10
2024_1158_1160,0.5004227263556789,1158,1160,Col Charleston,Colorado,1736.7465056472172,1691.489482772901,13,10
2024_1158_1301,0.5619480813762084,1158,1301,Col Charleston,NC State,1736.7465056472172,1668.8867935722649,13,11
2024_1158_1241,0.49616980384334525,1158,1241,Col Charleston,James Madison,1736.7465056472172,1724.075357479141,13,12
2024_1158_1436,0.5249521046393011,1158,1436,Col Charleston,Vermont,1736.7465056472172,1721.5627066358347,13,13
2024_1158_1324,0.7395573959111734,1158,1324,Col Charleston,Oakland,1736.7465056472172,1593.105556226391,13,14
2024_1158_1443,0.7950617898449397,1158,1443,Col Charleston,WKU,1736.7465056472172,1560.6742255595832,13,15
2024_1158_1255,0.8527063623932466,1158,1255,Col Charleston,Longwood,1736.7465056472172,1514.8310751595295,13,16
2024_1159_1253,0.6930107667736771,1159,1253,Colgate,Long Beach St,1645.1497388831576,1536.3838456317214,14,15
2024_1159_1224,0.7952259056762079,1159,1224,Colgate,Howard,1645.1497388831576,1468.9243119213404,14,16
2024_1159_1447,0.826653293592937,1159,1447,Colgate,Wagner,1645.1497388831576,1437.7070067970449,14,16
2024_1159_1345,0.07918643401569095,1159,1345,Colgate,Purdue,1645.1497388831576,1918.0820619455849,14,1
2024_1159_1397,0.16091626313875732,1159,1397,Colgate,Tennessee,1645.1497388831576,1796.1716166367228,14,2
2024_1159_1166,0.18134583671999074,1159,1166,Colgate,Creighton,1645.1497388831576,1774.2572486824401,14,3
2024_1159_1242,0.16608120780095068,1159,1242,Colgate,Kansas,1645.1497388831576,1790.430882041691,14,4
2024_1159_1211,0.13124302487279388,1159,1211,Colgate,Gonzaga,1645.1497388831576,1832.4374644706545,14,5
2024_1159_1376,0.2543794689257706,1159,1376,Colgate,South Carolina,1645.1497388831576,1708.6122694955204,14,6
2024_1159_1400,0.23223550243642843,1159,1400,Colgate,Texas,1645.1497388831576,1726.9045336821805,14,7
2024_1159_1429,0.20727439902761613,1159,1429,Colgate,Utah St,1645.1497388831576,1759.0517656316995,14,8
2024_1159_1395,0.3220817854348252,1159,1395,Colgate,TCU,1645.1497388831576,1683.2736371228686,14,9
2024_1159_1161,0.39111006348698174,1159,1161,Colgate,Colorado St,1645.1497388831576,1652.4336708176806,14,10
2024_1159_1438,0.31360044928538666,1159,1438,Colgate,Virginia,1645.1497388831576,1704.2198489087848,14,10
2024_1159_1332,0.34733667538855767,1159,1332,Colgate,Oregon,1645.1497388831576,1696.02823693555,14,11
2024_1159_1270,0.525874913007007,1159,1270,Colgate,McNeese St,1645.1497388831576,1599.4034076580233,14,12
2024_1159_1359,0.3953162256436106,1159,1359,Colgate,Samford,1645.1497388831576,1694.7540251390158,14,13
2024_1103_1159,0.541903709298542,1159,1103,Colgate,Akron,1645.1497388831576,1619.611866900276,14,14
2024_1159_1389,0.702200966950754,1159,1389,Colgate,St Peter's,1645.1497388831576,1529.7613899190612,14,15
2024_1159_1212,0.7316445410185818,1159,1212,Colgate,Grambling,1645.1497388831576,1522.6933430845452,14,16
2024_1159_1286,0.7456889755035343,1159,1286,Colgate,Montana St,1645.1497388831576,1511.6323516504287,14,16
2024_1159_1222,0.06470224708240944,1159,1222,Colgate,Houston,1645.1497388831576,1951.160423382593,14,1
2024_1159_1266,0.13784042795940557,1159,1266,Colgate,Marquette,1645.1497388831576,1823.8236033934306,14,2
2024_1159_1246,0.20719986640461355,1159,1246,Colgate,Kentucky,1645.1497388831576,1749.1207241450747,14,3
2024_1159_1181,0.18780066769094061,1159,1181,Colgate,Duke,1645.1497388831576,1767.737662533171,14,4
2024_1159_1458,0.2744800056060718,1159,1458,Colgate,Wisconsin,1645.1497388831576,1692.8982739485298,14,5
2024_1159_1403,0.23383513466438471,1159,1403,Colgate,Texas Tech,1645.1497388831576,1725.5441020131711,14,6
2024_1159_1196,0.25532945719168426,1159,1196,Colgate,Florida,1645.1497388831576,1707.8518773217063,14,7
2024_1159_1304,0.31007918159794384,1159,1304,Colgate,Nebraska,1645.1497388831576,1676.714063191751,14,8
2024_1159_1401,0.3023079279537661,1159,1401,Colgate,Texas A&M,1645.1497388831576,1697.2747268986864,14,9
2024_1129_1159,0.31957999579447943,1159,1129,Colgate,Boise St,1645.1497388831576,1700.0188591915337,14,10
2024_1159_1160,0.33190325733950937,1159,1160,Colgate,Colorado,1645.1497388831576,1691.489482772901,14,10
2024_1159_1301,0.3888358429400746,1159,1301,Colgate,NC State,1645.1497388831576,1668.8867935722649,14,11
2024_1159_1241,0.3281418065425715,1159,1241,Colgate,James Madison,1645.1497388831576,1724.075357479141,14,12
2024_1159_1436,0.35402598538459207,1159,1436,Colgate,Vermont,1645.1497388831576,1721.5627066358347,14,13
2024_1159_1324,0.5847707289822854,1159,1324,Colgate,Oakland,1645.1497388831576,1593.105556226391,14,14
2024_1159_1443,0.6580082723427226,1159,1443,Colgate,WKU,1645.1497388831576,1560.6742255595832,14,15
2024_1159_1255,0.7416777010801036,1159,1255,Colgate,Longwood,1645.1497388831576,1514.8310751595295,14,16
2024_1224_1253,0.6323905303719638,1253,1224,Long Beach St,Howard,1536.3838456317214,1468.9243119213404,15,16
2024_1253_1447,0.6787119725725653,1253,1447,Long Beach St,Wagner,1536.3838456317214,1437.7070067970449,15,16
2024_1253_1345,0.04034899343919473,1253,1345,Long Beach St,Purdue,1536.3838456317214,1918.0820619455849,15,1
2024_1253_1397,0.0857257743459365,1253,1397,Long Beach St,Tennessee,1536.3838456317214,1796.1716166367228,15,2
2024_1166_1253,0.09772107447787859,1253,1166,Long Beach St,Creighton,1536.3838456317214,1774.2572486824401,15,3
2024_1242_1253,0.08873253773661598,1253,1242,Long Beach St,Kansas,1536.3838456317214,1790.430882041691,15,4
2024_1211_1253,0.0687812322324384,1253,1211,Long Beach St,Gonzaga,1536.3838456317214,1832.4374644706545,15,5
2024_1253_1376,0.14295747665425002,1253,1376,Long Beach St,South Carolina,1536.3838456317214,1708.6122694955204,15,6
2024_1253_1400,0.1288369249162119,1253,1400,Long Beach St,Texas,1536.3838456317214,1726.9045336821805,15,7
2024_1253_1429,0.10690308678469078,1253,1429,Long Beach St,Utah St,1536.3838456317214,1759.0517656316995,15,8
2024_1253_1395,0.17386859883868966,1253,1395,Long Beach St,TCU,1536.3838456317214,1683.2736371228686,15,9
2024_1161_1253,0.22151121414223904,1253,1161,Long Beach St,Colorado St,1536.3838456317214,1652.4336708176806,15,10
2024_1253_1438,0.16832109050360136,1253,1438,Long Beach St,Virginia,1536.3838456317214,1704.2198489087848,15,10
2024_1253_1332,0.19077230742929768,1253,1332,Long Beach St,Oregon,1536.3838456317214,1696.02823693555,15,11
2024_1253_1270,0.3294572917730332,1253,1270,Long Beach St,McNeese St,1536.3838456317214,1599.4034076580233,15,12
2024_1253_1359,0.22456612955791863,1253,1359,Long Beach St,Samford,1536.3838456317214,1694.7540251390158,15,13
2024_1103_1253,0.3438409685779429,1253,1103,Long Beach St,Akron,1536.3838456317214,1619.611866900276,15,14
2024_1253_1389,0.5108902544338131,1253,1389,Long Beach St,St Peter's,1536.3838456317214,1529.7613899190612,15,15
2024_1212_1253,0.5470477783067728,1253,1212,Long Beach St,Grambling,1536.3838456317214,1522.6933430845452,15,16
2024_1253_1286,0.5650093411440833,1253,1286,Long Beach St,Montana St,1536.3838456317214,1511.6323516504287,15,16
2024_1222_1253,0.03271626104161128,1253,1222,Long Beach St,Houston,1536.3838456317214,1951.160423382593,15,1
2024_1253_1266,0.07250080131173149,1253,1266,Long Beach St,Marquette,1536.3838456317214,1823.8236033934306,15,2
2024_1246_1253,0.11330297486985087,1253,1246,Long Beach St,Kentucky,1536.3838456317214,1749.1207241450747,15,3
2024_1181_1253,0.10156865559843266,1253,1181,Long Beach St,Duke,1536.3838456317214,1767.737662533171,15,4
2024_1253_1458,0.1560968809861386,1253,1458,Long Beach St,Wisconsin,1536.3838456317214,1692.8982739485298,15,5
2024_1253_1403,0.12984479921719122,1253,1403,Long Beach St,Texas Tech,1536.3838456317214,1725.5441020131711,15,6
2024_1196_1253,0.1435714789652259,1253,1196,Long Beach St,Florida,1536.3838456317214,1707.8518773217063,15,7
2024_1253_1304,0.1706414594397179,1253,1304,Long Beach St,Nebraska,1536.3838456317214,1676.714063191751,15,8
2024_1253_1401,0.1610326595089007,1253,1401,Long Beach St,Texas A&M,1536.3838456317214,1697.2747268986864,15,9
2024_1129_1253,0.17222558695833529,1253,1129,Long Beach St,Boise St,1536.3838456317214,1700.0188591915337,15,10
2024_1160_1253,0.18037301710690834,1253,1160,Long Beach St,Colorado,1536.3838456317214,1691.489482772901,15,10
2024_1253_1301,0.21986706943028805,1253,1301,Long Beach St,NC State,1536.3838456317214,1668.8867935722649,15,11
2024_1241_1253,0.17787164992767127,1253,1241,Long Beach St,James Madison,1536.3838456317214,1724.075357479141,15,12
2024_1253_1436,0.1953488614609063,1253,1436,Long Beach St,Vermont,1536.3838456317214,1721.5627066358347,15,13
2024_1253_1324,0.38417992594138084,1253,1324,Long Beach St,Oakland,1536.3838456317214,1593.105556226391,15,14
2024_1253_1443,0.4601343239965064,1253,1443,Long Beach St,WKU,1536.3838456317214,1560.6742255595832,15,15
2024_1253_1255,0.5598304307409976,1253,1255,Long Beach St,Longwood,1536.3838456317214,1514.8310751595295,15,16
2024_1224_1447,0.5511635103272687,1224,1447,Howard,Wagner,1468.9243119213404,1437.7070067970449,16,16
2024_1224_1345,0.02626742825014483,1224,1345,Howard,Purdue,1468.9243119213404,1918.0820619455849,16,1
2024_1224_1397,0.05674437523721339,1224,1397,Howard,Tennessee,1468.9243119213404,1796.1716166367228,16,2
2024_1166_1224,0.06497259809120184,1224,1166,Howard,Creighton,1468.9243119213404,1774.2572486824401,16,3
2024_1224_1242,0.058800013554793897,1224,1242,Howard,Kansas,1468.9243119213404,1790.430882041691,16,4
2024_1211_1224,0.04524480662502936,1224,1211,Howard,Gonzaga,1468.9243119213404,1832.4374644706545,16,5
2024_1224_1376,0.09667355771525608,1224,1376,Howard,South Carolina,1468.9243119213404,1708.6122694955204,16,6
2024_1224_1400,0.08666239840365213,1224,1400,Howard,Texas,1468.9243119213404,1726.9045336821805,16,7
2024_1224_1429,0.07132074583873467,1224,1429,Howard,Utah St,1468.9243119213404,1759.0517656316995,16,8
2024_1224_1395,0.1122416028078978,1224,1395,Howard,TCU,1468.9243119213404,1683.2736371228686,16,9
2024_1161_1224,0.14192809438763168,1224,1161,Howard,Colorado St,1468.9243119213404,1652.4336708176806,16,10
2024_1224_1438,0.10526383142194885,1224,1438,Howard,Virginia,1468.9243119213404,1704.2198489087848,16,10
2024_1224_1332,0.12052311750907908,1224,1332,Howard,Oregon,1468.9243119213404,1696.02823693555,16,11
2024_1224_1270,0.22215937059852134,1224,1270,Howard,McNeese St,1468.9243119213404,1599.4034076580233,16,12
2024_1224_1359,0.1440886024286545,1224,1359,Howard,Samford,1468.9243119213404,1694.7540251390158,16,13
2024_1103_1224,0.2334897456708698,1224,1103,Howard,Akron,1468.9243119213404,1619.611866900276,16,14
2024_1224_1389,0.37779495949822894,1224,1389,Howard,St Peter's,1468.9243119213404,1529.7613899190612,16,15
2024_1212_1224,0.41247662750254954,1224,1212,Howard,Grambling,1468.9243119213404,1522.6933430845452,16,16
2024_1224_1286,0.4302164069808197,1224,1286,Howard,Montana St,1468.9243119213404,1511.6323516504287,16,16
2024_1222_1224,0.02123951906651583,1224,1222,Howard,Houston,1468.9243119213404,1951.160423382593,16,1
2024_1224_1266,0.04775684188455613,1224,1266,Howard,Marquette,1468.9243119213404,1823.8236033934306,16,2
2024_1224_1246,0.07577117882885391,1224,1246,Howard,Kentucky,1468.9243119213404,1749.1207241450747,16,3
2024_1181_1224,0.06762741384207863,1224,1181,Howard,Duke,1468.9243119213404,1767.737662533171,16,4
2024_1224_1458,0.10608551371237707,1224,1458,Howard,Wisconsin,1468.9243119213404,1692.8982739485298,16,5
2024_1224_1403,0.0873734368929466,1224,1403,Howard,Texas Tech,1468.9243119213404,1725.5441020131711,16,6
2024_1196_1224,0.09711129539487617,1224,1196,Howard,Florida,1468.9243119213404,1707.8518773217063,16,7
2024_1224_1304,0.11661412582524744,1224,1304,Howard,Nebraska,1468.9243119213404,1676.714063191751,16,8
2024_1224_1401,0.10338594454283699,1224,1401,Howard,Texas A&M,1468.9243119213404,1697.2747268986864,16,9
2024_1129_1224,0.1078953683353704,1224,1129,Howard,Boise St,1468.9243119213404,1700.0188591915337,16,10
2024_1160_1224,0.11341651348404196,1224,1160,Howard,Colorado,1468.9243119213404,1691.489482772901,16,10
2024_1224_1301,0.1407678362868465,1224,1301,Howard,NC State,1468.9243119213404,1668.8867935722649,16,11
2024_1224_1241,0.11171712043677363,1224,1241,Howard,James Madison,1468.9243119213404,1724.075357479141,16,12
2024_1224_1436,0.12367197270828234,1224,1436,Howard,Vermont,1468.9243119213404,1721.5627066358347,16,13
2024_1224_1324,0.2661333546516042,1224,1324,Howard,Oakland,1468.9243119213404,1593.105556226391,16,14
2024_1224_1443,0.3313051695635434,1224,1443,Howard,WKU,1468.9243119213404,1560.6742255595832,16,15
2024_1224_1255,0.42506568684909646,1224,1255,Howard,Longwood,1468.9243119213404,1514.8310751595295,16,16
2024_1345_1447,0.02149554031510392,1447,1345,Wagner,Purdue,1437.7070067970449,1918.0820619455849,16,1
2024_1397_1447,0.04670141743342293,1447,1397,Wagner,Tennessee,1437.7070067970449,1796.1716166367228,16,2
2024_1166_1447,0.05355604482725536,1447,1166,Wagner,Creighton,1437.7070067970449,1774.2572486824401,16,3
2024_1242_1447,0.04841190937924159,1447,1242,Wagner,Kansas,1437.7070067970449,1790.430882041691,16,4
2024_1211_1447,0.037156937521273393,1447,1211,Wagner,Gonzaga,1437.7070067970449,1832.4374644706545,16,5
2024_1376_1447,0.08016428887218298,1447,1376,Wagner,South Carolina,1437.7070067970449,1708.6122694955204,16,6
2024_1400_1447,0.07172701808065501,1447,1400,Wagner,Texas,1437.7070067970449,1726.9045336821805,16,7
2024_1429_1447,0.05885895486329689,1447,1429,Wagner,Utah St,1437.7070067970449,1759.0517656316995,16,8
2024_1395_1447,0.09334846319849807,1447,1395,Wagner,TCU,1437.7070067970449,1683.2736371228686,16,9
2024_1161_1447,0.11870612789791832,1447,1161,Wagner,Colorado St,1437.7070067970449,1652.4336708176806,16,10
2024_1438_1447,0.08742955704517227,1447,1438,Wagner,Virginia,1437.7070067970449,1704.2198489087848,16,10
2024_1332_1447,0.10039362844890333,1447,1332,Wagner,Oregon,1437.7070067970449,1696.02823693555,16,11
2024_1270_1447,0.188696928841504,1447,1270,Wagner,McNeese St,1437.7070067970449,1599.4034076580233,16,12
2024_1359_1447,0.12056280624966564,1447,1359,Wagner,Samford,1437.7070067970449,1694.7540251390158,16,13
2024_1103_1447,0.19875676456819108,1447,1103,Wagner,Akron,1437.7070067970449,1619.611866900276,16,14
2024_1389_1447,0.3308615601807653,1447,1389,Wagner,St Peter's,1437.7070067970449,1529.7613899190612,16,15
2024_1212_1447,0.3637535649401254,1447,1212,Wagner,Grambling,1437.7070067970449,1522.6933430845452,16,16
2024_1286_1447,0.3807558808646821,1447,1286,Wagner,Montana St,1437.7070067970449,1511.6323516504287,16,16
2024_1222_1447,0.017364740450385316,1447,1222,Wagner,Houston,1437.7070067970449,1951.160423382593,16,1
2024_1266_1447,0.039238381329907444,1447,1266,Wagner,Marquette,1437.7070067970449,1823.8236033934306,16,2
2024_1246_1447,0.06258417301625434,1447,1246,Wagner,Kentucky,1437.7070067970449,1749.1207241450747,16,3
2024_1181_1447,0.055772198827136917,1447,1181,Wagner,Duke,1437.7070067970449,1767.737662533171,16,4
2024_1447_1458,0.08812573780065341,1447,1458,Wagner,Wisconsin,1437.7070067970449,1692.8982739485298,16,5
2024_1403_1447,0.07232522003417957,1447,1403,Wagner,Texas Tech,1437.7070067970449,1725.5441020131711,16,6
2024_1196_1447,0.08053393712570811,1447,1196,Wagner,Florida,1437.7070067970449,1707.8518773217063,16,7
2024_1304_1447,0.0970654518662935,1447,1304,Wagner,Nebraska,1437.7070067970449,1676.714063191751,16,8
2024_1401_1447,0.08583930657296987,1447,1401,Wagner,Texas A&M,1437.7070067970449,1697.2747268986864,16,9
2024_1129_1447,0.08965992459917697,1447,1129,Wagner,Boise St,1437.7070067970449,1700.0188591915337,16,10
2024_1160_1447,0.0943466240564569,1447,1160,Wagner,Colorado,1437.7070067970449,1691.489482772901,16,10
2024_1301_1447,0.11770966674644075,1447,1301,Wagner,NC State,1437.7070067970449,1668.8867935722649,16,11
2024_1241_1447,0.09290302584374414,1447,1241,Wagner,James Madison,1437.7070067970449,1724.075357479141,16,12
2024_1436_1447,0.10307820849558925,1447,1436,Wagner,Vermont,1437.7070067970449,1721.5627066358347,16,13
2024_1324_1447,0.22798877851875265,1447,1324,Wagner,Oakland,1437.7070067970449,1593.105556226391,16,14
2024_1443_1447,0.28747875929631594,1447,1443,Wagner,WKU,1437.7070067970449,1560.6742255595832,16,15
2024_1255_1447,0.3758067556836639,1447,1255,Wagner,Longwood,1437.7070067970449,1514.8310751595295,16,16
2024_1345_1397,0.7110950634153624,1345,1397,Purdue,Tennessee,1918.0820619455849,1796.1716166367228,1,2
2024_1166_1345,0.7583328814705633,1345,1166,Purdue,Creighton,1918.0820619455849,1774.2572486824401,1,3
2024_1242_1345,0.7569150569076152,1345,1242,Purdue,Kansas,1918.0820619455849,1790.430882041691,1,4
2024_1211_1345,0.7227550180565274,1345,1211,Purdue,Gonzaga,1918.0820619455849,1832.4374644706545,1,5
2024_1345_1376,0.8666287405956835,1345,1376,Purdue,South Carolina,1918.0820619455849,1708.6122694955204,1,6
2024_1345_1400,0.8641053586225029,1345,1400,Purdue,Texas,1918.0820619455849,1726.9045336821805,1,7
2024_1345_1429,0.84607105982377,1345,1429,Purdue,Utah St,1918.0820619455849,1759.0517656316995,1,8
2024_1345_1395,0.9004865607272301,1345,1395,Purdue,TCU,1918.0820619455849,1683.2736371228686,1,9
2024_1161_1345,0.917248247188939,1345,1161,Purdue,Colorado St,1918.0820619455849,1652.4336708176806,1,10
2024_1345_1438,0.8874386808067422,1345,1438,Purdue,Virginia,1918.0820619455849,1704.2198489087848,1,10
2024_1332_1345,0.8927105803100933,1345,1332,Purdue,Oregon,1918.0820619455849,1696.02823693555,1,11
2024_1270_1345,0.9401618837157936,1345,1270,Purdue,McNeese St,1918.0820619455849,1599.4034076580233,1,12
2024_1345_1359,0.8935108326509749,1345,1359,Purdue,Samford,1918.0820619455849,1694.7540251390158,1,13
2024_1103_1345,0.9322300992677749,1345,1103,Purdue,Akron,1918.0820619455849,1619.611866900276,1,14
2024_1345_1389,0.9613046205540832,1345,1389,Purdue,St Peter's,1918.0820619455849,1529.7613899190612,1,15
2024_1212_1345,0.962997684381887,1345,1212,Purdue,Grambling,1918.0820619455849,1522.6933430845452,1,16
2024_1286_1345,0.9655050609191949,1345,1286,Purdue,Montana St,1918.0820619455849,1511.6323516504287,1,16
2024_1222_1345,0.445809587501963,1345,1222,Purdue,Houston,1918.0820619455849,1951.160423382593,1,1
2024_1266_1345,0.6723407616668796,1345,1266,Purdue,Marquette,1918.0820619455849,1823.8236033934306,1,2
2024_1246_1345,0.7873340082609371,1345,1246,Purdue,Kentucky,1918.0820619455849,1749.1207241450747,1,3
2024_1181_1345,0.7833225274578937,1345,1181,Purdue,Duke,1918.0820619455849,1767.737662533171,1,4
2024_1345_1458,0.8671707295248678,1345,1458,Purdue,Wisconsin,1918.0820619455849,1692.8982739485298,1,5
2024_1345_1403,0.8532200079512233,1345,1403,Purdue,Texas Tech,1918.0820619455849,1725.5441020131711,1,6
2024_1196_1345,0.8781641306517476,1345,1196,Purdue,Florida,1918.0820619455849,1707.8518773217063,1,7
2024_1304_1345,0.9042873548721152,1345,1304,Purdue,Nebraska,1918.0820619455849,1676.714063191751,1,8
2024_1345_1401,0.8919226234821649,1345,1401,Purdue,Texas A&M,1918.0820619455849,1697.2747268986864,1,9
2024_1129_1345,0.890170008469133,1345,1129,Purdue,Boise St,1918.0820619455849,1700.0188591915337,1,10
2024_1160_1345,0.8955371324318743,1345,1160,Purdue,Colorado,1918.0820619455849,1691.489482772901,1,10
2024_1301_1345,0.908652424897189,1345,1301,Purdue,NC State,1918.0820619455849,1668.8867935722649,1,11
2024_1241_1345,0.873715287702936,1345,1241,Purdue,James Madison,1918.0820619455849,1724.075357479141,1,12
2024_1345_1436,0.8755279463345511,1345,1436,Purdue,Vermont,1918.0820619455849,1721.5627066358347,1,13
2024_1324_1345,0.9424506989873555,1345,1324,Purdue,Oakland,1918.0820619455849,1593.105556226391,1,14
2024_1345_1443,0.9529880854127643,1345,1443,Purdue,WKU,1918.0820619455849,1560.6742255595832,1,15
2024_1255_1345,0.9647972888472999,1345,1255,Purdue,Longwood,1918.0820619455849,1514.8310751595295,1,16
2024_1166_1397,0.5604165520962625,1397,1166,Tennessee,Creighton,1796.1716166367228,1774.2572486824401,2,3
2024_1242_1397,0.5585135780970563,1397,1242,Tennessee,Kansas,1796.1716166367228,1790.430882041691,2,4
2024_1211_1397,0.5143611407177179,1397,1211,Tennessee,Gonzaga,1796.1716166367228,1832.4374644706545,2,5
2024_1376_1397,0.7252720678543908,1397,1376,Tennessee,South Carolina,1796.1716166367228,1708.6122694955204,2,6
2024_1397_1400,0.7209354292485536,1397,1400,Tennessee,Texas,1796.1716166367228,1726.9045336821805,2,7
2024_1397_1429,0.6976849439373604,1397,1429,Tennessee,Utah St,1796.1716166367228,1759.0517656316995,2,8
2024_1395_1397,0.802281671907326,1397,1395,Tennessee,TCU,1796.1716166367228,1683.2736371228686,2,9
2024_1161_1397,0.8325079305872494,1397,1161,Tennessee,Colorado St,1796.1716166367228,1652.4336708176806,2,10
2024_1397_1438,0.7795103279237573,1397,1438,Tennessee,Virginia,1796.1716166367228,1704.2198489087848,2,10
2024_1332_1397,0.7886331785166298,1397,1332,Tennessee,Oregon,1796.1716166367228,1696.02823693555,2,11
2024_1270_1397,0.8757062525742838,1397,1270,Tennessee,McNeese St,1796.1716166367228,1599.4034076580233,2,12
2024_1359_1397,0.7900271344966745,1397,1359,Tennessee,Samford,1796.1716166367228,1694.7540251390158,2,13
2024_1103_1397,0.8604983544282393,1397,1103,Tennessee,Akron,1796.1716166367228,1619.611866900276,2,14
2024_1389_1397,0.9176278809449055,1397,1389,Tennessee,St Peter's,1796.1716166367228,1529.7613899190612,2,15
2024_1212_1397,0.9210750631698037,1397,1212,Tennessee,Grambling,1796.1716166367228,1522.6933430845452,2,16
2024_1286_1397,0.9262055398401117,1397,1286,Tennessee,Montana St,1796.1716166367228,1511.6323516504287,2,16
2024_1222_1397,0.2463221415731851,1397,1222,Tennessee,Houston,1796.1716166367228,1951.160423382593,2,1
2024_1266_1397,0.4546456871157161,1397,1266,Tennessee,Marquette,1796.1716166367228,1823.8236033934306,2,2
2024_1246_1397,0.6006613068340979,1397,1246,Tennessee,Kentucky,1796.1716166367228,1749.1207241450747,2,3
2024_1181_1397,0.5949401907913324,1397,1181,Tennessee,Duke,1796.1716166367228,1767.737662533171,2,4
2024_1397_1458,0.726207014461486,1397,1458,Tennessee,Wisconsin,1796.1716166367228,1692.8982739485298,2,5
2024_1397_1403,0.7025298889602383,1397,1403,Tennessee,Texas Tech,1796.1716166367228,1725.5441020131711,2,6
2024_1196_1397,0.745442313928102,1397,1196,Tennessee,Florida,1796.1716166367228,1707.8518773217063,2,7
2024_1304_1397,0.798666769449887,1397,1304,Tennessee,Nebraska,1796.1716166367228,1676.714063191751,2,8
2024_1397_1401,0.7872630067694052,1397,1401,Tennessee,Texas A&M,1796.1716166367228,1697.2747268986864,2,9
2024_1129_1397,0.784223789105894,1397,1129,Tennessee,Boise St,1796.1716166367228,1700.0188591915337,2,10
2024_1160_1397,0.7935676114975676,1397,1160,Tennessee,Colorado,1796.1716166367228,1691.489482772901,2,10
2024_1301_1397,0.8168671608455531,1397,1301,Tennessee,NC State,1796.1716166367228,1668.8867935722649,2,11
2024_1241_1397,0.7562427139602178,1397,1241,Tennessee,James Madison,1796.1716166367228,1724.075357479141,2,12
2024_1397_1436,0.7592769758870567,1397,1436,Tennessee,Vermont,1796.1716166367228,1721.5627066358347,2,13
2024_1324_1397,0.880146204737188,1397,1324,Tennessee,Oakland,1796.1716166367228,1593.105556226391,2,14
2024_1397_1443,0.9008919910166531,1397,1443,Tennessee,WKU,1796.1716166367228,1560.6742255595832,2,15
2024_1255_1397,0.9247542569864463,1397,1255,Tennessee,Longwood,1796.1716166367228,1514.8310751595295,2,16
2024_1166_1242,0.4980697305340454,1166,1242,Creighton,Kansas,1774.2572486824401,1790.430882041691,3,4
2024_1166_1211,0.45378419192586444,1166,1211,Creighton,Gonzaga,1774.2572486824401,1832.4374644706545,3,5
2024_1166_1376,0.6743470837095186,1166,1376,Creighton,South Carolina,1774.2572486824401,1708.6122694955204,3,6
2024_1166_1400,0.669572815311714,1166,1400,Creighton,Texas,1774.2572486824401,1726.9045336821805,3,7
2024_1166_1429,0.6441552308053062,1166,1429,Creighton,Utah St,1774.2572486824401,1759.0517656316995,3,8
2024_1166_1395,0.7668586579269785,1166,1395,Creighton,TCU,1774.2572486824401,1683.2736371228686,3,9
2024_1161_1166,0.8114311245421353,1166,1161,Creighton,Colorado St,1774.2572486824401,1652.4336708176806,3,10
2024_1166_1438,0.7537372022594309,1166,1438,Creighton,Virginia,1774.2572486824401,1704.2198489087848,3,10
2024_1166_1332,0.7636030343802026,1166,1332,Creighton,Oregon,1774.2572486824401,1696.02823693555,3,11
2024_1166_1270,0.859145693731115,1166,1270,Creighton,McNeese St,1774.2572486824401,1599.4034076580233,3,12
2024_1166_1359,0.7651128977727741,1166,1359,Creighton,Samford,1774.2572486824401,1694.7540251390158,3,13
2024_1103_1166,0.8422764864459694,1166,1103,Creighton,Akron,1774.2572486824401,1619.611866900276,3,14
2024_1166_1389,0.906053626384239,1166,1389,Creighton,St Peter's,1774.2572486824401,1529.7613899190612,3,15
2024_1166_1212,0.9099376389748514,1166,1212,Creighton,Grambling,1774.2572486824401,1522.6933430845452,3,16
2024_1166_1286,0.9157258573201422,1166,1286,Creighton,Montana St,1774.2572486824401,1511.6323516504287,3,16
2024_1166_1222,0.20404897541552458,1166,1222,Creighton,Houston,1774.2572486824401,1951.160423382593,3,1
2024_1166_1266,0.39537587866890894,1166,1266,Creighton,Marquette,1774.2572486824401,1823.8236033934306,3,2
2024_1166_1246,0.5412481758626639,1166,1246,Creighton,Kentucky,1774.2572486824401,1749.1207241450747,3,3
2024_1166_1181,0.5353343440885999,1166,1181,Creighton,Duke,1774.2572486824401,1767.737662533171,3,4
2024_1166_1458,0.6753777671175453,1166,1458,Creighton,Wisconsin,1774.2572486824401,1692.8982739485298,3,5
2024_1166_1403,0.6494269854301177,1166,1403,Creighton,Texas Tech,1774.2572486824401,1725.5441020131711,3,6
2024_1166_1196,0.6966926060622681,1166,1196,Creighton,Florida,1774.2572486824401,1707.8518773217063,3,7
2024_1166_1304,0.7567843094061327,1166,1304,Creighton,Nebraska,1774.2572486824401,1676.714063191751,3,8
2024_1166_1401,0.7499877664518827,1166,1401,Creighton,Texas A&M,1774.2572486824401,1697.2747268986864,3,9
2024_1129_1166,0.7588311635231697,1166,1129,Creighton,Boise St,1774.2572486824401,1700.0188591915337,3,10
2024_1160_1166,0.7689506089182109,1166,1160,Creighton,Colorado,1774.2572486824401,1691.489482772901,3,10
2024_1166_1301,0.7943084488893231,1166,1301,Creighton,NC State,1774.2572486824401,1668.8867935722649,3,11
2024_1166_1241,0.7286964229067987,1166,1241,Creighton,James Madison,1774.2572486824401,1724.075357479141,3,12
2024_1166_1436,0.7319520404262086,1166,1436,Creighton,Vermont,1774.2572486824401,1721.5627066358347,3,13
2024_1166_1324,0.8640853983903131,1166,1324,Creighton,Oakland,1774.2572486824401,1593.105556226391,3,14
2024_1166_1443,0.8872550760451712,1166,1443,Creighton,WKU,1774.2572486824401,1560.6742255595832,3,15
2024_1166_1255,0.9140875924366703,1166,1255,Creighton,Longwood,1774.2572486824401,1514.8310751595295,3,16
2024_1211_1242,0.455698653082917,1242,1211,Kansas,Gonzaga,1790.430882041691,1832.4374644706545,4,5
2024_1242_1376,0.6760403768783206,1242,1376,Kansas,South Carolina,1790.430882041691,1708.6122694955204,4,6
2024_1242_1400,0.6712788319874408,1242,1400,Kansas,Texas,1790.430882041691,1726.9045336821805,4,7
2024_1242_1429,0.6459230829533481,1242,1429,Kansas,Utah St,1790.430882041691,1759.0517656316995,4,8
2024_1242_1395,0.768236243652196,1242,1395,Kansas,TCU,1790.430882041691,1683.2736371228686,4,9
2024_1161_1242,0.817567223221184,1242,1161,Kansas,Colorado St,1790.430882041691,1652.4336708176806,4,10
2024_1242_1438,0.7611981740680235,1242,1438,Kansas,Virginia,1790.430882041691,1704.2198489087848,4,10
2024_1242_1332,0.7822691081883852,1242,1332,Kansas,Oregon,1790.430882041691,1696.02823693555,4,11
2024_1242_1270,0.8715368196174273,1242,1270,Kansas,McNeese St,1790.430882041691,1599.4034076580233,4,12
2024_1242_1359,0.7836935232060314,1242,1359,Kansas,Samford,1790.430882041691,1694.7540251390158,4,13
2024_1103_1242,0.855902717512867,1242,1103,Kansas,Akron,1790.430882041691,1619.611866900276,4,14
2024_1242_1389,0.914727773570777,1242,1389,Kansas,St Peter's,1790.430882041691,1529.7613899190612,4,15
2024_1212_1242,0.91828551445534,1242,1212,Kansas,Grambling,1790.430882041691,1522.6933430845452,4,16
2024_1242_1286,0.9235822799111957,1242,1286,Kansas,Montana St,1790.430882041691,1511.6323516504287,4,16
2024_1222_1242,0.20530585080230562,1242,1222,Kansas,Houston,1790.430882041691,1951.160423382593,4,1
2024_1242_1266,0.3972231238450723,1242,1266,Kansas,Marquette,1790.430882041691,1823.8236033934306,4,2
2024_1242_1246,0.5431646982192316,1242,1246,Kansas,Kentucky,1790.430882041691,1749.1207241450747,4,3
2024_1181_1242,0.5372544498245383,1242,1181,Kansas,Duke,1790.430882041691,1767.737662533171,4,4
2024_1242_1458,0.6770682674871242,1242,1458,Kansas,Wisconsin,1790.430882041691,1692.8982739485298,4,5
2024_1242_1403,0.6511828296129033,1242,1403,Kansas,Texas Tech,1790.430882041691,1725.5441020131711,4,6
2024_1196_1242,0.6983216885591115,1242,1196,Kansas,Florida,1790.430882041691,1707.8518773217063,4,7
2024_1242_1304,0.7582026529569086,1242,1304,Kansas,Nebraska,1790.430882041691,1676.714063191751,4,8
2024_1242_1401,0.7514327267520206,1242,1401,Kansas,Texas A&M,1790.430882041691,1697.2747268986864,4,9
2024_1129_1242,0.7661856790710468,1242,1129,Kansas,Boise St,1790.430882041691,1700.0188591915337,4,10
2024_1160_1242,0.7760875879055155,1242,1160,Kansas,Colorado,1790.430882041691,1691.489482772901,4,10
2024_1242_1301,0.8111496213712714,1242,1301,Kansas,NC State,1790.430882041691,1668.8867935722649,4,11
2024_1241_1242,0.7492135254839741,1242,1241,Kansas,James Madison,1790.430882041691,1724.075357479141,4,12
2024_1242_1436,0.7523066273944022,1242,1436,Kansas,Vermont,1790.430882041691,1721.5627066358347,4,13
2024_1242_1324,0.8761046381001611,1242,1324,Kansas,Oakland,1790.430882041691,1593.105556226391,4,14
2024_1242_1443,0.8974684941361265,1242,1443,Kansas,WKU,1790.430882041691,1560.6742255595832,4,15
2024_1242_1255,0.9220837465761549,1242,1255,Kansas,Longwood,1790.430882041691,1514.8310751595295,4,16
2024_1211_1376,0.7136760350878534,1211,1376,Gonzaga,South Carolina,1832.4374644706545,1708.6122694955204,5,6
2024_1211_1400,0.7092297359167963,1211,1400,Gonzaga,Texas,1832.4374644706545,1726.9045336821805,5,7
2024_1211_1429,0.6854295270570369,1211,1429,Gonzaga,Utah St,1832.4374644706545,1759.0517656316995,5,8
2024_1211_1395,0.7983558686498108,1211,1395,Gonzaga,TCU,1832.4374644706545,1683.2736371228686,5,9
2024_1161_1211,0.8425894765361179,1211,1161,Gonzaga,Colorado St,1832.4374644706545,1652.4336708176806,5,10
2024_1211_1438,0.7919847935098637,1211,1438,Gonzaga,Virginia,1832.4374644706545,1704.2198489087848,5,10
2024_1211_1332,0.816003862171766,1211,1332,Gonzaga,Oregon,1832.4374644706545,1696.02823693555,5,11
2024_1211_1270,0.8994356146417609,1211,1270,Gonzaga,McNeese St,1832.4374644706545,1599.4034076580233,5,12
2024_1211_1359,0.8268800978066386,1211,1359,Gonzaga,Samford,1832.4374644706545,1694.7540251390158,5,13
2024_1103_1211,0.8867556501635704,1211,1103,Gonzaga,Akron,1832.4374644706545,1619.611866900276,5,14
2024_1211_1389,0.933957423451763,1211,1389,Gonzaga,St Peter's,1832.4374644706545,1529.7613899190612,5,15
2024_1211_1212,0.936768322076289,1211,1212,Gonzaga,Grambling,1832.4374644706545,1522.6933430845452,5,16
2024_1211_1286,0.9409440733036392,1211,1286,Gonzaga,Montana St,1832.4374644706545,1511.6323516504287,5,16
2024_1211_1222,0.23581087408992746,1211,1222,Gonzaga,Houston,1832.4374644706545,1951.160423382593,5,1
2024_1211_1266,0.4404397222844055,1211,1266,Gonzaga,Marquette,1832.4374644706545,1823.8236033934306,5,2
2024_1211_1246,0.5868020944332822,1211,1246,Gonzaga,Kentucky,1832.4374644706545,1749.1207241450747,5,3
2024_1181_1211,0.5810209217953247,1211,1181,Gonzaga,Duke,1832.4374644706545,1767.737662533171,5,4
2024_1211_1458,0.7146349177917802,1211,1458,Gonzaga,Wisconsin,1832.4374644706545,1692.8982739485298,5,5
2024_1211_1403,0.690383718292109,1211,1403,Gonzaga,Texas Tech,1832.4374644706545,1725.5441020131711,5,6
2024_1196_1211,0.7343858559041998,1211,1196,Gonzaga,Florida,1832.4374644706545,1707.8518773217063,5,7
2024_1211_1304,0.789268546121807,1211,1304,Gonzaga,Nebraska,1832.4374644706545,1676.714063191751,5,8
2024_1211_1401,0.7831196131089686,1211,1401,Gonzaga,Texas A&M,1832.4374644706545,1697.2747268986864,5,9
2024_1129_1211,0.7965012017445156,1211,1129,Gonzaga,Boise St,1832.4374644706545,1700.0188591915337,5,10
2024_1160_1211,0.8054452670319043,1211,1160,Gonzaga,Colorado,1832.4374644706545,1691.489482772901,5,10
2024_1211_1301,0.841317376943565,1211,1301,Gonzaga,NC State,1832.4374644706545,1668.8867935722649,5,11
2024_1211_1241,0.7975054444368559,1211,1241,Gonzaga,James Madison,1832.4374644706545,1724.075357479141,5,12
2024_1211_1436,0.8001618011643946,1211,1436,Gonzaga,Vermont,1832.4374644706545,1721.5627066358347,5,13
2024_1211_1324,0.9031216938763886,1211,1324,Gonzaga,Oakland,1832.4374644706545,1593.105556226391,5,14
2024_1211_1443,0.9202509375685818,1211,1443,Gonzaga,WKU,1832.4374644706545,1560.6742255595832,5,15
2024_1211_1255,0.9397637957069814,1211,1255,Gonzaga,Longwood,1832.4374644706545,1514.8310751595295,5,16
2024_1376_1400,0.4945854127883742,1376,1400,South Carolina,Texas,1708.6122694955204,1726.9045336821805,6,7
2024_1376_1429,0.4664336487520476,1376,1429,South Carolina,Utah St,1708.6122694955204,1759.0517656316995,6,8
2024_1376_1395,0.6136651209725129,1376,1395,South Carolina,TCU,1708.6122694955204,1683.2736371228686,6,9
2024_1161_1376,0.6822903652916432,1376,1161,South Carolina,Colorado St,1708.6122694955204,1652.4336708176806,6,10
2024_1376_1438,0.6043505440508277,1376,1438,South Carolina,Virginia,1708.6122694955204,1704.2198489087848,6,10
2024_1332_1376,0.6401923529728021,1376,1332,South Carolina,Oregon,1708.6122694955204,1696.02823693555,6,11
2024_1270_1376,0.7876065410910131,1376,1270,South Carolina,McNeese St,1708.6122694955204,1599.4034076580233,6,12
2024_1359_1376,0.6789721595349906,1376,1359,South Carolina,Samford,1708.6122694955204,1694.7540251390158,6,13
2024_1103_1376,0.7761550355055887,1376,1103,South Carolina,Akron,1708.6122694955204,1619.611866900276,6,14
2024_1376_1389,0.862297909236389,1376,1389,South Carolina,St Peter's,1708.6122694955204,1529.7613899190612,6,15
2024_1212_1376,0.8677268178715827,1376,1212,South Carolina,Grambling,1708.6122694955204,1522.6933430845452,6,16
2024_1286_1376,0.8758577715950355,1376,1286,South Carolina,Montana St,1708.6122694955204,1511.6323516504287,6,16
2024_1222_1376,0.11016170576980604,1376,1222,South Carolina,Houston,1708.6122694955204,1951.160423382593,6,1
2024_1266_1376,0.2399993865744862,1376,1266,South Carolina,Marquette,1708.6122694955204,1823.8236033934306,6,2
2024_1246_1376,0.3629589703491903,1376,1246,South Carolina,Kentucky,1708.6122694955204,1749.1207241450747,6,3
2024_1181_1376,0.3574751985142545,1376,1181,South Carolina,Duke,1708.6122694955204,1767.737662533171,6,4
2024_1376_1458,0.5011743089143743,1376,1458,South Carolina,Wisconsin,1708.6122694955204,1692.8982739485298,6,5
2024_1376_1403,0.47218091254709493,1376,1403,South Carolina,Texas Tech,1708.6122694955204,1725.5441020131711,6,6
2024_1196_1376,0.5258979771125237,1376,1196,South Carolina,Florida,1708.6122694955204,1707.8518773217063,6,7
2024_1304_1376,0.6004203371965794,1376,1304,South Carolina,Nebraska,1708.6122694955204,1676.714063191751,6,8
2024_1376_1401,0.5916122254971344,1376,1401,South Carolina,Texas A&M,1708.6122694955204,1697.2747268986864,6,9
2024_1129_1376,0.6109395589692935,1376,1129,South Carolina,Boise St,1708.6122694955204,1700.0188591915337,6,10
2024_1160_1376,0.6241912664462885,1376,1160,South Carolina,Colorado,1708.6122694955204,1691.489482772901,6,10
2024_1301_1376,0.6802144781063186,1376,1301,South Carolina,NC State,1708.6122694955204,1668.8867935722649,6,11
2024_1241_1376,0.6201923005069716,1376,1241,South Carolina,James Madison,1708.6122694955204,1724.075357479141,6,12
2024_1376_1436,0.6393820166765135,1376,1436,South Carolina,Vermont,1708.6122694955204,1721.5627066358347,6,13
2024_1324_1376,0.8049899506295681,1376,1324,South Carolina,Oakland,1708.6122694955204,1593.105556226391,6,14
2024_1376_1443,0.8363255300338902,1376,1443,South Carolina,WKU,1708.6122694955204,1560.6742255595832,6,15
2024_1255_1376,0.8735515023006314,1376,1255,South Carolina,Longwood,1708.6122694955204,1514.8310751595295,6,16
2024_1400_1429,0.4718277549741062,1400,1429,Texas,Utah St,1726.9045336821805,1759.0517656316995,7,8
2024_1395_1400,0.6187872778012388,1400,1395,Texas,TCU,1726.9045336821805,1683.2736371228686,7,9
2024_1161_1400,0.6869667873739428,1400,1161,Texas,Colorado St,1726.9045336821805,1652.4336708176806,7,10
2024_1400_1438,0.6095176148287265,1400,1438,Texas,Virginia,1726.9045336821805,1704.2198489087848,7,10
2024_1332_1400,0.6451661670869916,1400,1332,Texas,Oregon,1726.9045336821805,1696.02823693555,7,11
2024_1270_1400,0.7912071747002096,1400,1270,Texas,McNeese St,1726.9045336821805,1599.4034076580233,7,12
2024_1359_1400,0.6907452129943124,1400,1359,Texas,Samford,1726.9045336821805,1694.7540251390158,7,13
2024_1103_1400,0.796366875426088,1400,1103,Texas,Akron,1726.9045336821805,1619.611866900276,7,14
2024_1389_1400,0.8759744833495184,1400,1389,Texas,St Peter's,1726.9045336821805,1529.7613899190612,7,15
2024_1212_1400,0.8809386423593507,1400,1212,Texas,Grambling,1726.9045336821805,1522.6933430845452,7,16
2024_1286_1400,0.8883619399998796,1400,1286,Texas,Montana St,1726.9045336821805,1511.6323516504287,7,16
2024_1222_1400,0.1123028677075219,1400,1222,Texas,Houston,1726.9045336821805,1951.160423382593,7,1
2024_1266_1400,0.24397223433214393,1400,1266,Texas,Marquette,1726.9045336821805,1823.8236033934306,7,2
2024_1246_1400,0.36798171641333094,1400,1246,Texas,Kentucky,1726.9045336821805,1749.1207241450747,7,3
2024_1181_1400,0.36246523628333127,1400,1181,Texas,Duke,1726.9045336821805,1767.737662533171,7,4
2024_1400_1458,0.5065887285509656,1400,1458,Texas,Wisconsin,1726.9045336821805,1692.8982739485298,7,5
2024_1400_1403,0.47758199256174555,1400,1403,Texas,Texas Tech,1726.9045336821805,1725.5441020131711,7,6
2024_1196_1400,0.5312950107203424,1400,1196,Texas,Florida,1726.9045336821805,1707.8518773217063,7,7
2024_1304_1400,0.6056052394865266,1400,1304,Texas,Nebraska,1726.9045336821805,1676.714063191751,7,8
2024_1400_1401,0.5968346762937953,1400,1401,Texas,Texas A&M,1726.9045336821805,1697.2747268986864,7,9
2024_1129_1400,0.6160752443366521,1400,1129,Texas,Boise St,1726.9045336821805,1700.0188591915337,7,10
2024_1160_1400,0.629258177884143,1400,1160,Texas,Colorado,1726.9045336821805,1691.489482772901,7,10
2024_1301_1400,0.6849073445794738,1400,1301,Texas,NC State,1726.9045336821805,1668.8867935722649,7,11
2024_1241_1400,0.6252807610042496,1400,1241,Texas,James Madison,1726.9045336821805,1724.075357479141,7,12
2024_1400_1436,0.651862514908574,1400,1436,Texas,Vermont,1726.9045336821805,1721.5627066358347,7,13
2024_1324_1400,0.8231912790670943,1400,1324,Texas,Oakland,1726.9045336821805,1593.105556226391,7,14
2024_1400_1443,0.852139353966397,1400,1443,Texas,WKU,1726.9045336821805,1560.6742255595832,7,15
2024_1255_1400,0.8862578015275524,1400,1255,Texas,Longwood,1726.9045336821805,1514.8310751595295,7,16
2024_1395_1429,0.6450183053002865,1429,1395,Utah St,TCU,1759.0517656316995,1683.2736371228686,8,9
2024_1161_1429,0.7106997784184456,1429,1161,Utah St,Colorado St,1759.0517656316995,1652.4336708176806,8,10
2024_1429_1438,0.6360112863140783,1429,1438,Utah St,Virginia,1759.0517656316995,1704.2198489087848,8,10
2024_1332_1429,0.6705484732007245,1429,1332,Utah St,Oregon,1759.0517656316995,1696.02823693555,8,11
2024_1270_1429,0.8092317211903238,1429,1270,Utah St,McNeese St,1759.0517656316995,1599.4034076580233,8,12
2024_1359_1429,0.7143108708166537,1429,1359,Utah St,Samford,1759.0517656316995,1694.7540251390158,8,13
2024_1103_1429,0.8189785772705381,1429,1103,Utah St,Akron,1759.0517656316995,1619.611866900276,8,14
2024_1389_1429,0.8971858752385282,1429,1389,Utah St,St Peter's,1759.0517656316995,1529.7613899190612,8,15
2024_1212_1429,0.9013966080149722,1429,1212,Utah St,Grambling,1759.0517656316995,1522.6933430845452,8,16
2024_1286_1429,0.9076780563369806,1429,1286,Utah St,Montana St,1759.0517656316995,1511.6323516504287,8,16
2024_1222_1429,0.12766891911528785,1429,1222,Utah St,Houston,1759.0517656316995,1951.160423382593,8,1
2024_1266_1429,0.26537520011615495,1429,1266,Utah St,Marquette,1759.0517656316995,1823.8236033934306,8,2
2024_1246_1429,0.3945857124795048,1429,1246,Utah St,Kentucky,1759.0517656316995,1749.1207241450747,8,3
2024_1181_1429,0.38891582633082383,1429,1181,Utah St,Duke,1759.0517656316995,1767.737662533171,8,4
2024_1429_1458,0.5347351834985269,1429,1458,Utah St,Wisconsin,1759.0517656316995,1692.8982739485298,8,5
2024_1403_1429,0.5057688111182265,1429,1403,Utah St,Texas Tech,1759.0517656316995,1725.5441020131711,8,6
2024_1196_1429,0.5592582753440902,1429,1196,Utah St,Florida,1759.0517656316995,1707.8518773217063,8,7
2024_1304_1429,0.6322041824609663,1429,1304,Utah St,Nebraska,1759.0517656316995,1676.714063191751,8,8
2024_1401_1429,0.6236575453408665,1429,1401,Utah St,Texas A&M,1759.0517656316995,1697.2747268986864,8,9
2024_1129_1429,0.6423850360094425,1429,1129,Utah St,Boise St,1759.0517656316995,1700.0188591915337,8,10
2024_1160_1429,0.6551702178253678,1429,1160,Utah St,Colorado,1759.0517656316995,1691.489482772901,8,10
2024_1301_1429,0.7087302727225296,1429,1301,Utah St,NC State,1759.0517656316995,1668.8867935722649,8,11
2024_1241_1429,0.6513167522585925,1429,1241,Utah St,James Madison,1759.0517656316995,1724.075357479141,8,12
2024_1429_1436,0.6770056216793464,1429,1436,Utah St,Vermont,1759.0517656316995,1721.5627066358347,8,13
2024_1324_1429,0.8434100493093888,1429,1324,Utah St,Oakland,1759.0517656316995,1593.105556226391,8,14
2024_1429_1443,0.8768540695264767,1429,1443,Utah St,WKU,1759.0517656316995,1560.6742255595832,8,15
2024_1255_1429,0.9058994211231544,1429,1255,Utah St,Longwood,1759.0517656316995,1514.8310751595295,8,16
2024_1161_1395,0.5748269160055021,1395,1161,TCU,Colorado St,1683.2736371228686,1652.4336708176806,9,10
2024_1395_1438,0.4902214908152817,1395,1438,TCU,Virginia,1683.2736371228686,1704.2198489087848,9,10
2024_1332_1395,0.5283331871699908,1395,1332,TCU,Oregon,1683.2736371228686,1696.02823693555,9,11
2024_1270_1395,0.7001082397350817,1395,1270,TCU,McNeese St,1683.2736371228686,1599.4034076580233,9,12
2024_1359_1395,0.5791296464165963,1395,1359,TCU,Samford,1683.2736371228686,1694.7540251390158,9,13
2024_1103_1395,0.713456287541645,1395,1103,TCU,Akron,1683.2736371228686,1619.611866900276,9,14
2024_1389_1395,0.8323007860147849,1395,1389,TCU,St Peter's,1683.2736371228686,1529.7613899190612,9,15
2024_1212_1395,0.8473944020605277,1395,1212,TCU,Grambling,1683.2736371228686,1522.6933430845452,9,16
2024_1286_1395,0.8565686129969179,1395,1286,TCU,Montana St,1683.2736371228686,1511.6323516504287,9,16
2024_1222_1395,0.08164083896947705,1395,1222,TCU,Houston,1683.2736371228686,1951.160423382593,9,1
2024_1266_1395,0.17043695909588583,1395,1266,TCU,Marquette,1683.2736371228686,1823.8236033934306,9,2
2024_1246_1395,0.2639984322972564,1395,1246,TCU,Kentucky,1683.2736371228686,1749.1207241450747,9,3
2024_1181_1395,0.25940098856953325,1395,1181,TCU,Duke,1683.2736371228686,1767.737662533171,9,4
2024_1395_1458,0.3874490956792756,1395,1458,TCU,Wisconsin,1683.2736371228686,1692.8982739485298,9,5
2024_1395_1403,0.3602829661180565,1395,1403,TCU,Texas Tech,1683.2736371228686,1725.5441020131711,9,6
2024_1196_1395,0.41118710321476326,1395,1196,TCU,Florida,1683.2736371228686,1707.8518773217063,9,7
2024_1304_1395,0.48612156637181514,1395,1304,TCU,Nebraska,1683.2736371228686,1676.714063191751,9,8
2024_1395_1401,0.4769886241402735,1395,1401,TCU,Texas A&M,1683.2736371228686,1697.2747268986864,9,9
2024_1129_1395,0.49712965844655427,1395,1129,TCU,Boise St,1683.2736371228686,1700.0188591915337,9,10
2024_1160_1395,0.5111560715038651,1395,1160,TCU,Colorado,1683.2736371228686,1691.489482772901,9,10
2024_1301_1395,0.5724888311286077,1395,1301,TCU,NC State,1683.2736371228686,1668.8867935722649,9,11
2024_1241_1395,0.5069044868855055,1395,1241,TCU,James Madison,1683.2736371228686,1724.075357479141,9,12
2024_1395_1436,0.5356474631928684,1395,1436,TCU,Vermont,1683.2736371228686,1721.5627066358347,9,13
2024_1324_1395,0.7477428579813131,1395,1324,TCU,Oakland,1683.2736371228686,1593.105556226391,9,14
2024_1395_1443,0.8019699104446685,1395,1443,TCU,WKU,1683.2736371228686,1560.6742255595832,9,15
2024_1255_1395,0.8539637457402963,1395,1255,TCU,Longwood,1683.2736371228686,1514.8310751595295,9,16
2024_1161_1438,0.41564147388811873,1161,1438,Colorado St,Virginia,1652.4336708176806,1704.2198489087848,10,10
2024_1161_1332,0.45310861628440824,1161,1332,Colorado St,Oregon,1652.4336708176806,1696.02823693555,10,11
2024_1161_1270,0.6332629664875473,1161,1270,Colorado St,McNeese St,1652.4336708176806,1599.4034076580233,10,12
2024_1161_1359,0.5044071088604698,1161,1359,Colorado St,Samford,1652.4336708176806,1694.7540251390158,10,13
2024_1103_1161,0.648090757142174,1161,1103,Colorado St,Akron,1652.4336708176806,1619.611866900276,10,14
2024_1161_1389,0.7859105860818225,1161,1389,Colorado St,St Peter's,1652.4336708176806,1529.7613899190612,10,15
2024_1161_1212,0.8093251090650398,1161,1212,Colorado St,Grambling,1652.4336708176806,1522.6933430845452,10,16
2024_1161_1286,0.820302615562096,1161,1286,Colorado St,Montana St,1652.4336708176806,1511.6323516504287,10,16
2024_1161_1222,0.06766334531311258,1161,1222,Colorado St,Houston,1652.4336708176806,1951.160423382593,10,1
2024_1161_1266,0.14363466666995114,1161,1266,Colorado St,Marquette,1652.4336708176806,1823.8236033934306,10,2
2024_1161_1246,0.2151820022962025,1161,1246,Colorado St,Kentucky,1652.4336708176806,1749.1207241450747,10,3
2024_1161_1181,0.20576299937510023,1161,1181,Colorado St,Duke,1652.4336708176806,1767.737662533171,10,4
2024_1161_1458,0.3187287281377685,1161,1458,Colorado St,Wisconsin,1652.4336708176806,1692.8982739485298,10,5
2024_1161_1403,0.2940678008712893,1161,1403,Colorado St,Texas Tech,1652.4336708176806,1725.5441020131711,10,6
2024_1161_1196,0.3405974855289748,1161,1196,Colorado St,Florida,1652.4336708176806,1707.8518773217063,10,7
2024_1161_1304,0.4116616011449685,1161,1304,Colorado St,Nebraska,1652.4336708176806,1676.714063191751,10,8
2024_1161_1401,0.4028309580797983,1161,1401,Colorado St,Texas A&M,1652.4336708176806,1697.2747268986864,10,9
2024_1129_1161,0.42236943604049904,1161,1129,Colorado St,Boise St,1652.4336708176806,1700.0188591915337,10,10
2024_1160_1161,0.43611584004670173,1161,1160,Colorado St,Colorado,1652.4336708176806,1691.489482772901,10,10
2024_1161_1301,0.4976100619206819,1161,1301,Colorado St,NC State,1652.4336708176806,1668.8867935722649,10,11
2024_1161_1241,0.4319369140315098,1161,1241,Colorado St,James Madison,1652.4336708176806,1724.075357479141,10,12
2024_1161_1436,0.4603980114363816,1161,1436,Colorado St,Vermont,1652.4336708176806,1721.5627066358347,10,13
2024_1161_1324,0.6867648015470758,1161,1324,Colorado St,Oakland,1652.4336708176806,1593.105556226391,10,14
2024_1161_1443,0.7497124854504925,1161,1443,Colorado St,WKU,1652.4336708176806,1560.6742255595832,10,15
2024_1161_1255,0.8171796924887382,1161,1255,Colorado St,Longwood,1652.4336708176806,1514.8310751595295,10,16
2024_1332_1438,0.5380695067632458,1438,1332,Virginia,Oregon,1704.2198489087848,1696.02823693555,10,11
2024_1270_1438,0.7082567150639826,1438,1270,Virginia,McNeese St,1704.2198489087848,1599.4034076580233,10,12
2024_1359_1438,0.5886338268257058,1438,1359,Virginia,Samford,1704.2198489087848,1694.7540251390158,10,13
2024_1103_1438,0.7213864112328702,1438,1103,Virginia,Akron,1704.2198489087848,1619.611866900276,10,14
2024_1389_1438,0.8376901255301487,1438,1389,Virginia,St Peter's,1704.2198489087848,1529.7613899190612,10,15
2024_1212_1438,0.8564758155950035,1438,1212,Virginia,Grambling,1704.2198489087848,1522.6933430845452,10,16
2024_1286_1438,0.8651909310721996,1438,1286,Virginia,Montana St,1704.2198489087848,1511.6323516504287,10,16
2024_1222_1438,0.09258626495205256,1438,1222,Virginia,Houston,1704.2198489087848,1951.160423382593,10,1
2024_1266_1438,0.19081358264216042,1438,1266,Virginia,Marquette,1704.2198489087848,1823.8236033934306,10,2
2024_1246_1438,0.2782264721029497,1438,1246,Virginia,Kentucky,1704.2198489087848,1749.1207241450747,10,3
2024_1181_1438,0.266986656110217,1438,1181,Virginia,Duke,1704.2198489087848,1767.737662533171,10,4
2024_1438_1458,0.396773167292503,1438,1458,Virginia,Wisconsin,1704.2198489087848,1692.8982739485298,10,5
2024_1403_1438,0.3693474726724926,1438,1403,Virginia,Texas Tech,1704.2198489087848,1725.5441020131711,10,6
2024_1196_1438,0.42069010322878775,1438,1196,Virginia,Florida,1704.2198489087848,1707.8518773217063,10,7
2024_1304_1438,0.49589784873833165,1438,1304,Virginia,Nebraska,1704.2198489087848,1676.714063191751,10,8
2024_1401_1438,0.48675521211789086,1438,1401,Virginia,Texas A&M,1704.2198489087848,1697.2747268986864,10,9
2024_1129_1438,0.5069089433027933,1438,1129,Virginia,Boise St,1704.2198489087848,1700.0188591915337,10,10
2024_1160_1438,0.5209254496804816,1438,1160,Virginia,Colorado,1704.2198489087848,1691.489482772901,10,10
2024_1301_1438,0.5820347446747579,1438,1301,Virginia,NC State,1704.2198489087848,1668.8867935722649,10,11
2024_1241_1438,0.516678491837462,1438,1241,Virginia,James Madison,1704.2198489087848,1724.075357479141,10,12
2024_1436_1438,0.5453627223995506,1438,1436,Virginia,Vermont,1704.2198489087848,1721.5627066358347,10,13
2024_1324_1438,0.7550498769190874,1438,1324,Virginia,Oakland,1704.2198489087848,1593.105556226391,10,14
2024_1438_1443,0.8081092603777014,1438,1443,Virginia,WKU,1704.2198489087848,1560.6742255595832,10,15
2024_1255_1438,0.8627175575295875,1438,1255,Virginia,Longwood,1704.2198489087848,1514.8310751595295,10,16
2024_1270_1332,0.6757611065076456,1332,1270,Oregon,McNeese St,1696.02823693555,1599.4034076580233,11,12
2024_1332_1359,0.5512561231508383,1332,1359,Oregon,Samford,1696.02823693555,1694.7540251390158,11,13
2024_1103_1332,0.6897125481347424,1332,1103,Oregon,Akron,1696.02823693555,1619.611866900276,11,14
2024_1332_1389,0.8158631836894732,1332,1389,Oregon,St Peter's,1696.02823693555,1529.7613899190612,11,15
2024_1212_1332,0.836682596289668,1332,1212,Oregon,Grambling,1696.02823693555,1522.6933430845452,11,16
2024_1286_1332,0.8463840324150277,1332,1286,Oregon,Montana St,1696.02823693555,1511.6323516504287,11,16
2024_1222_1332,0.0881569770477576,1332,1222,Oregon,Houston,1696.02823693555,1951.160423382593,11,1
2024_1266_1332,0.18263091788945301,1332,1266,Oregon,Marquette,1696.02823693555,1823.8236033934306,11,2
2024_1246_1332,0.2675346231132467,1332,1246,Oregon,Kentucky,1696.02823693555,1749.1207241450747,11,3
2024_1181_1332,0.24422671909297053,1332,1181,Oregon,Duke,1696.02823693555,1767.737662533171,11,4
2024_1332_1458,0.36089034993901403,1332,1458,Oregon,Wisconsin,1696.02823693555,1692.8982739485298,11,5
2024_1332_1403,0.3345692940239112,1332,1403,Oregon,Texas Tech,1696.02823693555,1725.5441020131711,11,6
2024_1196_1332,0.38402128928585244,1332,1196,Oregon,Florida,1696.02823693555,1707.8518773217063,11,7
2024_1304_1332,0.45785466879380077,1332,1304,Oregon,Nebraska,1696.02823693555,1676.714063191751,11,8
2024_1332_1401,0.44878899233247355,1332,1401,Oregon,Texas A&M,1696.02823693555,1697.2747268986864,11,9
2024_1129_1332,0.4688066185988834,1332,1129,Oregon,Boise St,1696.02823693555,1700.0188591915337,11,10
2024_1160_1332,0.4828011389840812,1332,1160,Oregon,Colorado,1696.02823693555,1691.489482772901,11,10
2024_1301_1332,0.5445214032463362,1332,1301,Oregon,NC State,1696.02823693555,1668.8867935722649,11,11
2024_1241_1332,0.4785545185302541,1332,1241,Oregon,James Madison,1696.02823693555,1724.075357479141,11,12
2024_1332_1436,0.5073439457472003,1332,1436,Oregon,Vermont,1696.02823693555,1721.5627066358347,11,13
2024_1324_1332,0.7257480853767057,1332,1324,Oregon,Oakland,1696.02823693555,1593.105556226391,11,14
2024_1332_1443,0.7833332600928067,1332,1443,Oregon,WKU,1696.02823693555,1560.6742255595832,11,15
2024_1255_1332,0.8436279684360175,1332,1255,Oregon,Longwood,1696.02823693555,1514.8310751595295,11,16
2024_1270_1359,0.3708407191168723,1270,1359,McNeese St,Samford,1599.4034076580233,1694.7540251390158,12,13
2024_1103_1270,0.516098616301639,1270,1103,McNeese St,Akron,1599.4034076580233,1619.611866900276,12,14
2024_1270_1389,0.6800950341420294,1270,1389,McNeese St,St Peter's,1599.4034076580233,1529.7613899190612,12,15
2024_1212_1270,0.7108241646372094,1270,1212,McNeese St,Grambling,1599.4034076580233,1522.6933430845452,12,16
2024_1270_1286,0.7255494983184568,1270,1286,McNeese St,Montana St,1599.4034076580233,1511.6323516504287,12,16
2024_1222_1270,0.04870578262568361,1270,1222,McNeese St,Houston,1599.4034076580233,1951.160423382593,12,1
2024_1266_1270,0.10580744006530765,1270,1266,McNeese St,Marquette,1599.4034076580233,1823.8236033934306,12,2
2024_1246_1270,0.16207846190062436,1270,1246,McNeese St,Kentucky,1599.4034076580233,1749.1207241450747,12,3
2024_1181_1270,0.14612513633208152,1270,1181,McNeese St,Duke,1599.4034076580233,1767.737662533171,12,4
2024_1270_1458,0.21874980070471098,1270,1458,McNeese St,Wisconsin,1599.4034076580233,1692.8982739485298,12,5
2024_1270_1403,0.19435613833275797,1270,1403,McNeese St,Texas Tech,1599.4034076580233,1725.5441020131711,12,6
2024_1196_1270,0.23025472334709082,1270,1196,McNeese St,Florida,1599.4034076580233,1707.8518773217063,12,7
2024_1270_1304,0.28836433552957114,1270,1304,McNeese St,Nebraska,1599.4034076580233,1676.714063191751,12,8
2024_1270_1401,0.2809157118573015,1270,1401,McNeese St,Texas A&M,1599.4034076580233,1697.2747268986864,12,9
2024_1129_1270,0.2974866962635355,1270,1129,McNeese St,Boise St,1599.4034076580233,1700.0188591915337,12,10
2024_1160_1270,0.30934534531558855,1270,1160,McNeese St,Colorado,1599.4034076580233,1691.489482772901,12,10
2024_1270_1301,0.364519692055314,1270,1301,McNeese St,NC State,1599.4034076580233,1668.8867935722649,12,11
2024_1241_1270,0.3057225575424613,1270,1241,McNeese St,James Madison,1599.4034076580233,1724.075357479141,12,12
2024_1270_1436,0.33070876827444595,1270,1436,McNeese St,Vermont,1599.4034076580233,1721.5627066358347,12,13
2024_1270_1324,0.5594171264508603,1270,1324,McNeese St,Oakland,1599.4034076580233,1593.105556226391,12,14
2024_1270_1443,0.6343301682023338,1270,1443,McNeese St,WKU,1599.4034076580233,1560.6742255595832,12,15
2024_1255_1270,0.7213392707519196,1270,1255,McNeese St,Longwood,1599.4034076580233,1514.8310751595295,12,16
2024_1103_1359,0.6440597318207563,1359,1103,Samford,Akron,1694.7540251390158,1619.611866900276,13,14
2024_1359_1389,0.782929486055467,1359,1389,Samford,St Peter's,1694.7540251390158,1529.7613899190612,13,15
2024_1212_1359,0.8065898092066477,1359,1212,Samford,Grambling,1694.7540251390158,1522.6933430845452,13,16
2024_1286_1359,0.8176893184645836,1359,1286,Samford,Montana St,1694.7540251390158,1511.6323516504287,13,16
2024_1222_1359,0.08748544502901251,1359,1222,Samford,Houston,1694.7540251390158,1951.160423382593,13,1
2024_1266_1359,0.18138288693846324,1359,1266,Samford,Marquette,1694.7540251390158,1823.8236033934306,13,2
2024_1246_1359,0.26589513477616555,1359,1246,Samford,Kentucky,1694.7540251390158,1749.1207241450747,13,3
2024_1181_1359,0.2426827405353008,1359,1181,Samford,Duke,1694.7540251390158,1767.737662533171,13,4
2024_1359_1458,0.3439653206447291,1359,1458,Samford,Wisconsin,1694.7540251390158,1692.8982739485298,13,5
2024_1359_1403,0.29724666050922066,1359,1403,Samford,Texas Tech,1694.7540251390158,1725.5441020131711,13,6
2024_1196_1359,0.3366493946360225,1359,1196,Samford,Florida,1694.7540251390158,1707.8518773217063,13,7
2024_1304_1359,0.4073986973078314,1359,1304,Samford,Nebraska,1694.7540251390158,1676.714063191751,13,8
2024_1359_1401,0.39859754535568187,1359,1401,Samford,Texas A&M,1694.7540251390158,1697.2747268986864,13,9
2024_1129_1359,0.41807444274630634,1359,1129,Samford,Boise St,1694.7540251390158,1700.0188591915337,13,10
2024_1160_1359,0.431785552781612,1359,1160,Samford,Colorado,1694.7540251390158,1691.489482772901,13,10
2024_1301_1359,0.49320323941364297,1359,1301,Samford,NC State,1694.7540251390158,1668.8867935722649,13,11
2024_1241_1359,0.4276166540186957,1359,1241,Samford,James Madison,1694.7540251390158,1724.075357479141,13,12
2024_1359_1436,0.4560216048214757,1359,1436,Samford,Vermont,1694.7540251390158,1721.5627066358347,13,13
2024_1324_1359,0.6829600651444161,1359,1324,Samford,Oakland,1694.7540251390158,1593.105556226391,13,14
2024_1359_1443,0.7463899953106308,1359,1443,Samford,WKU,1694.7540251390158,1560.6742255595832,13,15
2024_1255_1359,0.8145312479020926,1359,1255,Samford,Longwood,1694.7540251390158,1514.8310751595295,13,16
2024_1103_1389,0.665920619743812,1103,1389,Akron,St Peter's,1619.611866900276,1529.7613899190612,14,15
2024_1103_1212,0.6974055076089878,1103,1212,Akron,Grambling,1619.611866900276,1522.6933430845452,14,16
2024_1103_1286,0.7125378107919151,1103,1286,Akron,Montana St,1619.611866900276,1511.6323516504287,14,16
2024_1103_1222,0.0552486469956535,1103,1222,Akron,Houston,1619.611866900276,1951.160423382593,14,1
2024_1103_1266,0.1190609809602076,1103,1266,Akron,Marquette,1619.611866900276,1823.8236033934306,14,2
2024_1103_1246,0.1809541753754502,1103,1246,Akron,Kentucky,1619.611866900276,1749.1207241450747,14,3
2024_1103_1181,0.16350546192075308,1103,1181,Akron,Duke,1619.611866900276,1767.737662533171,14,4
2024_1103_1458,0.24231684757492555,1103,1458,Akron,Wisconsin,1619.611866900276,1692.8982739485298,14,5
2024_1103_1403,0.2050883711173864,1103,1403,Akron,Texas Tech,1619.611866900276,1725.5441020131711,14,6
2024_1103_1196,0.22471528769225738,1103,1196,Akron,Florida,1619.611866900276,1707.8518773217063,14,7
2024_1103_1304,0.2753275919725822,1103,1304,Akron,Nebraska,1619.611866900276,1676.714063191751,14,8
2024_1103_1401,0.26808885521494275,1103,1401,Akron,Texas A&M,1619.611866900276,1697.2747268986864,14,9
2024_1103_1129,0.2842022415359654,1103,1129,Akron,Boise St,1619.611866900276,1700.0188591915337,14,10
2024_1103_1160,0.29575427512751296,1103,1160,Akron,Colorado,1619.611866900276,1691.489482772901,14,10
2024_1103_1301,0.34973204077513265,1103,1301,Akron,NC State,1619.611866900276,1668.8867935722649,14,11
2024_1103_1241,0.29222330909433325,1103,1241,Akron,James Madison,1619.611866900276,1724.075357479141,14,12
2024_1103_1436,0.31660936994900174,1103,1436,Akron,Vermont,1619.611866900276,1721.5627066358347,14,13
2024_1103_1324,0.5434848891657065,1103,1324,Akron,Oakland,1619.611866900276,1593.105556226391,14,14
2024_1103_1443,0.6192631927511594,1103,1443,Akron,WKU,1619.611866900276,1560.6742255595832,14,15
2024_1103_1255,0.7082082516516736,1103,1255,Akron,Longwood,1619.611866900276,1514.8310751595295,14,16
2024_1212_1389,0.5362317790601352,1389,1212,St Peter's,Grambling,1529.7613899190612,1522.6933430845452,15,16
2024_1286_1389,0.5542727803349295,1389,1286,St Peter's,Montana St,1529.7613899190612,1511.6323516504287,15,16
2024_1222_1389,0.031365233752652946,1389,1222,St Peter's,Houston,1529.7613899190612,1951.160423382593,15,1
2024_1266_1389,0.0696251171347875,1389,1266,St Peter's,Marquette,1529.7613899190612,1823.8236033934306,15,2
2024_1246_1389,0.10899909777810651,1389,1246,St Peter's,Kentucky,1529.7613899190612,1749.1207241450747,15,3
2024_1181_1389,0.09766141968356014,1389,1181,St Peter's,Duke,1529.7613899190612,1767.737662533171,15,4
2024_1389_1458,0.15044325569408046,1389,1458,St Peter's,Wisconsin,1529.7613899190612,1692.8982739485298,15,5
2024_1389_1403,0.12500115267209053,1389,1403,St Peter's,Texas Tech,1529.7613899190612,1725.5441020131711,15,6
2024_1196_1389,0.13829716351865282,1389,1196,St Peter's,Florida,1529.7613899190612,1707.8518773217063,15,7
2024_1304_1389,0.16456377336464498,1389,1304,St Peter's,Nebraska,1529.7613899190612,1676.714063191751,15,8
2024_1389_1401,0.15523315043530006,1389,1401,St Peter's,Texas A&M,1529.7613899190612,1697.2747268986864,15,9
2024_1129_1389,0.16610277948439206,1389,1129,St Peter's,Boise St,1529.7613899190612,1700.0188591915337,15,10
2024_1160_1389,0.17402145218298992,1389,1160,St Peter's,Colorado,1529.7613899190612,1691.489482772901,15,10
2024_1301_1389,0.21248532084692617,1389,1301,St Peter's,NC State,1529.7613899190612,1668.8867935722649,15,11
2024_1241_1389,0.17158972686123575,1389,1241,St Peter's,James Madison,1529.7613899190612,1724.075357479141,15,12
2024_1389_1436,0.18859128519086088,1389,1436,St Peter's,Vermont,1529.7613899190612,1721.5627066358347,15,13
2024_1324_1389,0.3739257464125803,1389,1324,St Peter's,Oakland,1529.7613899190612,1593.105556226391,15,14
2024_1389_1443,0.44933205897298445,1389,1443,St Peter's,WKU,1529.7613899190612,1560.6742255595832,15,15
2024_1255_1389,0.5490680611414751,1389,1255,St Peter's,Longwood,1529.7613899190612,1514.8310751595295,15,16
2024_1212_1286,0.5181840295328333,1212,1286,Grambling,Montana St,1522.6933430845452,1511.6323516504287,16,16
2024_1212_1222,0.029982887297622666,1212,1222,Grambling,Houston,1522.6933430845452,1951.160423382593,16,1
2024_1212_1266,0.06667262382567059,1212,1266,Grambling,Marquette,1522.6933430845452,1823.8236033934306,16,2
2024_1212_1246,0.10456458255666663,1212,1246,Grambling,Kentucky,1522.6933430845452,1749.1207241450747,16,3
2024_1181_1212,0.09363968986454942,1212,1181,Grambling,Duke,1522.6933430845452,1767.737662533171,16,4
2024_1212_1458,0.14459625901533407,1212,1458,Grambling,Wisconsin,1522.6933430845452,1692.8982739485298,16,5
2024_1212_1403,0.12000329316916682,1212,1403,Grambling,Texas Tech,1522.6933430845452,1725.5441020131711,16,6
2024_1196_1212,0.1328484085646447,1212,1196,Grambling,Florida,1522.6933430845452,1707.8518773217063,16,7
2024_1212_1304,0.15827022015898493,1212,1304,Grambling,Nebraska,1522.6933430845452,1676.714063191751,16,8
2024_1212_1401,0.14107135759662356,1212,1401,Grambling,Texas A&M,1522.6933430845452,1697.2747268986864,16,9
2024_1129_1212,0.14695511135533623,1212,1129,Grambling,Boise St,1522.6933430845452,1700.0188591915337,16,10
2024_1160_1212,0.15412967037669947,1212,1160,Grambling,Colorado,1522.6933430845452,1691.489482772901,16,10
2024_1212_1301,0.18920399883069094,1212,1301,Grambling,NC State,1522.6933430845452,1668.8867935722649,16,11
2024_1212_1241,0.15192478064091472,1212,1241,Grambling,James Madison,1522.6933430845452,1724.075357479141,16,12
2024_1212_1436,0.1673715493409002,1212,1436,Grambling,Vermont,1522.6933430845452,1721.5627066358347,16,13
2024_1212_1324,0.3406063410258308,1212,1324,Grambling,Oakland,1522.6933430845452,1593.105556226391,16,14
2024_1212_1443,0.4137337466909047,1212,1443,Grambling,WKU,1522.6933430845452,1560.6742255595832,16,15
2024_1212_1255,0.5129282184253691,1212,1255,Grambling,Longwood,1522.6933430845452,1514.8310751595295,16,16
2024_1222_1286,0.027937366964278107,1286,1222,Montana St,Houston,1511.6323516504287,1951.160423382593,16,1
2024_1266_1286,0.06228474497927752,1286,1266,Montana St,Marquette,1511.6323516504287,1823.8236033934306,16,2
2024_1246_1286,0.09794464493935244,1286,1246,Montana St,Kentucky,1511.6323516504287,1749.1207241450747,16,3
2024_1181_1286,0.08764370484025724,1286,1181,Montana St,Duke,1511.6323516504287,1767.737662533171,16,4
2024_1286_1458,0.13582636858399044,1286,1458,Montana St,Wisconsin,1511.6323516504287,1692.8982739485298,16,5
2024_1286_1403,0.11252876905063618,1286,1403,Montana St,Texas Tech,1511.6323516504287,1725.5441020131711,16,6
2024_1196_1286,0.12468717612276964,1286,1196,Montana St,Florida,1511.6323516504287,1707.8518773217063,16,7
2024_1286_1304,0.14881527250096777,1286,1304,Montana St,Nebraska,1511.6323516504287,1676.714063191751,16,8
2024_1286_1401,0.13248214469310174,1286,1401,Montana St,Texas A&M,1511.6323516504287,1697.2747268986864,16,9
2024_1129_1286,0.1380652458964974,1286,1129,Montana St,Boise St,1511.6323516504287,1700.0188591915337,16,10
2024_1160_1286,0.14487950138890537,1286,1160,Montana St,Colorado,1511.6323516504287,1691.489482772901,16,10
2024_1286_1301,0.1782925190633887,1286,1301,Montana St,NC State,1511.6323516504287,1668.8867935722649,16,11
2024_1241_1286,0.142784602053584,1286,1241,Montana St,James Madison,1511.6323516504287,1724.075357479141,16,12
2024_1286_1436,0.15747461403005678,1286,1436,Montana St,Vermont,1511.6323516504287,1721.5627066358347,16,13
2024_1286_1324,0.3244574944283213,1286,1324,Montana St,Oakland,1511.6323516504287,1593.105556226391,16,14
2024_1286_1443,0.39620102174121136,1286,1443,Montana St,WKU,1511.6323516504287,1560.6742255595832,16,15
2024_1255_1286,0.494739241946999,1286,1255,Montana St,Longwood,1511.6323516504287,1514.8310751595295,16,16
2024_1222_1266,0.7183734269116818,1222,1266,Houston,Marquette,1951.160423382593,1823.8236033934306,1,2
2024_1222_1246,0.8215004125783272,1222,1246,Houston,Kentucky,1951.160423382593,1749.1207241450747,1,3
2024_1181_1222,0.8179844171401607,1222,1181,Houston,Duke,1951.160423382593,1767.737662533171,1,4
2024_1222_1458,0.8902979043222302,1222,1458,Houston,Wisconsin,1951.160423382593,1692.8982739485298,1,5
2024_1222_1403,0.8784356635123725,1222,1403,Houston,Texas Tech,1951.160423382593,1725.5441020131711,1,6
2024_1196_1222,0.8995988348777818,1222,1196,Houston,Florida,1951.160423382593,1707.8518773217063,1,7
2024_1222_1304,0.9215368127989031,1222,1304,Houston,Nebraska,1951.160423382593,1676.714063191751,1,8
2024_1222_1401,0.9111815989097494,1222,1401,Houston,Texas A&M,1951.160423382593,1697.2747268986864,1,9
2024_1129_1222,0.9097096777750635,1222,1129,Houston,Boise St,1951.160423382593,1700.0188591915337,1,10
2024_1160_1222,0.9142139655787939,1222,1160,Houston,Colorado,1951.160423382593,1691.489482772901,1,10
2024_1222_1301,0.9251802930964385,1222,1301,Houston,NC State,1951.160423382593,1668.8867935722649,1,11
2024_1222_1241,0.8958398454750292,1222,1241,Houston,James Madison,1951.160423382593,1724.075357479141,1,12
2024_1222_1436,0.8973722360614134,1222,1436,Houston,Vermont,1951.160423382593,1721.5627066358347,1,13
2024_1222_1324,0.953178425699586,1222,1324,Houston,Oakland,1951.160423382593,1593.105556226391,1,14
2024_1222_1443,0.9618310970585217,1222,1443,Houston,WKU,1951.160423382593,1560.6742255595832,1,15
2024_1222_1255,0.9714854364786248,1222,1255,Houston,Longwood,1951.160423382593,1514.8310751595295,1,16
2024_1246_1266,0.6433969480138384,1266,1246,Marquette,Kentucky,1823.8236033934306,1749.1207241450747,2,3
2024_1181_1266,0.637919015722304,1266,1181,Marquette,Duke,1823.8236033934306,1767.737662533171,2,4
2024_1266_1458,0.7608563426226023,1266,1458,Marquette,Wisconsin,1823.8236033934306,1692.8982739485298,2,5
2024_1266_1403,0.7390991224671964,1266,1403,Marquette,Texas Tech,1823.8236033934306,1725.5441020131711,2,6
2024_1196_1266,0.7784001715257347,1266,1196,Marquette,Florida,1823.8236033934306,1707.8518773217063,2,7
2024_1266_1304,0.8263389591596908,1266,1304,Marquette,Nebraska,1823.8236033934306,1676.714063191751,2,8
2024_1266_1401,0.8161417608722304,1266,1401,Marquette,Texas A&M,1823.8236033934306,1697.2747268986864,2,9
2024_1129_1266,0.8134173331263644,1266,1129,Marquette,Boise St,1823.8236033934306,1700.0188591915337,2,10
2024_1160_1266,0.8217842642762156,1266,1160,Marquette,Colorado,1823.8236033934306,1691.489482772901,2,10
2024_1266_1301,0.842531020011832,1266,1301,Marquette,NC State,1823.8236033934306,1668.8867935722649,2,11
2024_1241_1266,0.7881995384495425,1266,1241,Marquette,James Madison,1823.8236033934306,1724.075357479141,2,12
2024_1266_1436,0.7909459710878569,1266,1436,Marquette,Vermont,1823.8236033934306,1721.5627066358347,2,13
2024_1266_1324,0.89804903427014,1266,1324,Marquette,Oakland,1823.8236033934306,1593.105556226391,2,14
2024_1266_1443,0.9159917547288103,1266,1443,Marquette,WKU,1823.8236033934306,1560.6742255595832,2,15
2024_1255_1266,0.9364748036236613,1266,1255,Marquette,Longwood,1823.8236033934306,1514.8310751595295,2,16
2024_1181_1246,0.4940514889480805,1246,1181,Kentucky,Duke,1749.1207241450747,1767.737662533171,3,4
2024_1246_1458,0.638126424650345,1246,1458,Kentucky,Wisconsin,1749.1207241450747,1692.8982739485298,3,5
2024_1246_1403,0.6109133064069011,1246,1403,Kentucky,Texas Tech,1749.1207241450747,1725.5441020131711,3,6
2024_1196_1246,0.6606582473710675,1246,1196,Kentucky,Florida,1749.1207241450747,1707.8518773217063,3,7
2024_1246_1304,0.7250718746116063,1246,1304,Kentucky,Nebraska,1749.1207241450747,1676.714063191751,3,8
2024_1246_1401,0.7177196912470643,1246,1401,Kentucky,Texas A&M,1749.1207241450747,1697.2747268986864,3,9
2024_1129_1246,0.727289440827784,1246,1129,Kentucky,Boise St,1749.1207241450747,1700.0188591915337,3,10
2024_1160_1246,0.7382758994197205,1246,1160,Kentucky,Colorado,1749.1207241450747,1691.489482772901,3,10
2024_1246_1301,0.7659757206558844,1246,1301,Kentucky,NC State,1749.1207241450747,1668.8867935722649,3,11
2024_1241_1246,0.6947986307408867,1246,1241,Kentucky,James Madison,1749.1207241450747,1724.075357479141,3,12
2024_1246_1436,0.6982926005579689,1246,1436,Kentucky,Vermont,1749.1207241450747,1721.5627066358347,3,13
2024_1246_1324,0.8434699553382027,1246,1324,Kentucky,Oakland,1749.1207241450747,1593.105556226391,3,14
2024_1246_1443,0.8696237359817991,1246,1443,Kentucky,WKU,1749.1207241450747,1560.6742255595832,3,15
2024_1246_1255,0.9001803080120733,1246,1255,Kentucky,Longwood,1749.1207241450747,1514.8310751595295,3,16
2024_1181_1458,0.6436029721479152,1181,1458,Duke,Wisconsin,1767.737662533171,1692.8982739485298,4,5
2024_1181_1403,0.6165542219953494,1181,1403,Duke,Texas Tech,1767.737662533171,1725.5441020131711,4,6
2024_1181_1196,0.6659722945657265,1181,1196,Duke,Florida,1767.737662533171,1707.8518773217063,4,7
2024_1181_1304,0.7297897763580243,1181,1304,Duke,Nebraska,1767.737662533171,1676.714063191751,4,8
2024_1181_1401,0.7225154760157897,1181,1401,Duke,Texas A&M,1767.737662533171,1697.2747268986864,4,9
2024_1129_1181,0.738387191933991,1181,1129,Duke,Boise St,1767.737662533171,1700.0188591915337,4,10
2024_1160_1181,0.7490808120745409,1181,1160,Duke,Colorado,1767.737662533171,1691.489482772901,4,10
2024_1181_1301,0.7872122957636866,1181,1301,Duke,NC State,1767.737662533171,1668.8867935722649,4,11
2024_1181_1241,0.720134256836332,1181,1241,Duke,James Madison,1767.737662533171,1724.075357479141,4,12
2024_1181_1436,0.7234536268894346,1181,1436,Duke,Vermont,1767.737662533171,1721.5627066358347,4,13
2024_1181_1324,0.8589690713239237,1181,1324,Duke,Oakland,1767.737662533171,1593.105556226391,4,14
2024_1181_1443,0.8828927351788056,1181,1443,Duke,WKU,1767.737662533171,1560.6742255595832,4,15
2024_1181_1255,0.9106589176736057,1181,1255,Duke,Longwood,1767.737662533171,1514.8310751595295,4,16
2024_1403_1458,0.4710103917862735,1458,1403,Wisconsin,Texas Tech,1692.8982739485298,1725.5441020131711,5,6
2024_1196_1458,0.5247266761711447,1458,1196,Wisconsin,Florida,1692.8982739485298,1707.8518773217063,5,7
2024_1304_1458,0.5992928645266865,1458,1304,Wisconsin,Nebraska,1692.8982739485298,1676.714063191751,5,8
2024_1401_1458,0.5904768509623791,1458,1401,Wisconsin,Texas A&M,1692.8982739485298,1697.2747268986864,5,9
2024_1129_1458,0.6098224795651221,1458,1129,Wisconsin,Boise St,1692.8982739485298,1700.0188591915337,5,10
2024_1160_1458,0.6230887620561083,1458,1160,Wisconsin,Colorado,1692.8982739485298,1691.489482772901,5,10
2024_1301_1458,0.6791918568678651,1458,1301,Wisconsin,NC State,1692.8982739485298,1668.8867935722649,5,11
2024_1241_1458,0.6112983854618382,1458,1241,Wisconsin,James Madison,1692.8982739485298,1724.075357479141,5,12
2024_1436_1458,0.6152188834281161,1458,1436,Wisconsin,Vermont,1692.8982739485298,1721.5627066358347,5,13
2024_1324_1458,0.7882483765637871,1458,1324,Wisconsin,Oakland,1692.8982739485298,1593.105556226391,5,14
2024_1443_1458,0.8216781850175542,1458,1443,Wisconsin,WKU,1692.8982739485298,1560.6742255595832,5,15
2024_1255_1458,0.861684577096473,1458,1255,Wisconsin,Longwood,1692.8982739485298,1514.8310751595295,5,16
2024_1196_1403,0.5535627058264576,1403,1196,Texas Tech,Florida,1725.5441020131711,1707.8518773217063,6,7
2024_1304_1403,0.6268222608905116,1403,1304,Texas Tech,Nebraska,1725.5441020131711,1676.714063191751,6,8
2024_1401_1403,0.6182260838512316,1403,1401,Texas Tech,Texas A&M,1725.5441020131711,1697.2747268986864,6,9
2024_1129_1403,0.6370665666240695,1403,1129,Texas Tech,Boise St,1725.5441020131711,1700.0188591915337,6,10
2024_1160_1403,0.6499382742993561,1403,1160,Texas Tech,Colorado,1725.5441020131711,1691.489482772901,6,10
2024_1301_1403,0.7039437571330999,1403,1301,Texas Tech,NC State,1725.5441020131711,1668.8867935722649,6,11
2024_1241_1403,0.6460579273771893,1403,1241,Texas Tech,James Madison,1725.5441020131711,1724.075357479141,6,12
2024_1403_1436,0.6646474352438534,1403,1436,Texas Tech,Vermont,1725.5441020131711,1721.5627066358347,6,13
2024_1324_1403,0.8218848556351599,1403,1324,Texas Tech,Oakland,1725.5441020131711,1593.105556226391,6,14
2024_1403_1443,0.851008111760481,1403,1443,Texas Tech,WKU,1725.5441020131711,1560.6742255595832,6,15
2024_1255_1403,0.8853524710876312,1403,1255,Texas Tech,Longwood,1725.5441020131711,1514.8310751595295,6,16
2024_1196_1304,0.5753057457542287,1196,1304,Florida,Nebraska,1707.8518773217063,1676.714063191751,7,8
2024_1196_1401,0.5663438706433708,1196,1401,Florida,Texas A&M,1707.8518773217063,1697.2747268986864,7,9
2024_1129_1196,0.5860302797395963,1196,1129,Florida,Boise St,1707.8518773217063,1700.0188591915337,7,10
2024_1160_1196,0.599574334082619,1196,1160,Florida,Colorado,1707.8518773217063,1691.489482772901,7,10
2024_1196_1301,0.6572522049373006,1196,1301,Florida,NC State,1707.8518773217063,1668.8867935722649,7,11
2024_1196_1241,0.5954831796703633,1196,1241,Florida,James Madison,1707.8518773217063,1724.075357479141,7,12
2024_1196_1436,0.6229039270298538,1196,1436,Florida,Vermont,1707.8518773217063,1721.5627066358347,7,13
2024_1196_1324,0.8042034574908754,1196,1324,Florida,Oakland,1707.8518773217063,1593.105556226391,7,14
2024_1196_1443,0.8356396123934345,1196,1443,Florida,WKU,1707.8518773217063,1560.6742255595832,7,15
2024_1196_1255,0.8729978987302145,1196,1255,Florida,Longwood,1707.8518773217063,1514.8310751595295,7,16
2024_1304_1401,0.4908553759922019,1304,1401,Nebraska,Texas A&M,1676.714063191751,1697.2747268986864,8,9
2024_1129_1304,0.5110098464208697,1304,1129,Nebraska,Boise St,1676.714063191751,1700.0188591915337,8,10
2024_1160_1304,0.5250190104787799,1304,1160,Nebraska,Colorado,1676.714063191751,1691.489482772901,8,10
2024_1301_1304,0.5860211050150871,1304,1301,Nebraska,NC State,1676.714063191751,1668.8867935722649,8,11
2024_1241_1304,0.5207749576001686,1304,1241,Nebraska,James Madison,1676.714063191751,1724.075357479141,8,12
2024_1304_1436,0.5494280824119971,1304,1436,Nebraska,Vermont,1676.714063191751,1721.5627066358347,8,13
2024_1304_1324,0.7580719936106086,1304,1324,Nebraska,Oakland,1676.714063191751,1593.105556226391,8,14
2024_1304_1443,0.8055399457849559,1304,1443,Nebraska,WKU,1676.714063191751,1560.6742255595832,8,15
2024_1255_1304,0.848499376890552,1304,1255,Nebraska,Longwood,1676.714063191751,1514.8310751595295,8,16
2024_1129_1401,0.5201463570147683,1401,1129,Texas A&M,Boise St,1697.2747268986864,1700.0188591915337,9,10
2024_1160_1401,0.5341323979571909,1401,1160,Texas A&M,Colorado,1697.2747268986864,1691.489482772901,9,10
2024_1301_1401,0.5948672271440859,1401,1301,Texas A&M,NC State,1697.2747268986864,1668.8867935722649,9,11
2024_1241_1401,0.529896862482765,1401,1241,Texas A&M,James Madison,1697.2747268986864,1724.075357479141,9,12
2024_1401_1436,0.5584669978003288,1401,1436,Texas A&M,Vermont,1697.2747268986864,1721.5627066358347,9,13
2024_1324_1401,0.7647177127482886,1401,1324,Texas A&M,Oakland,1697.2747268986864,1593.105556226391,9,14
2024_1401_1443,0.8161927184134379,1401,1443,Texas A&M,WKU,1697.2747268986864,1560.6742255595832,9,15
2024_1255_1401,0.8650805168207483,1401,1255,Texas A&M,Longwood,1697.2747268986864,1514.8310751595295,9,16
2024_1129_1160,0.5140246166870404,1129,1160,Boise St,Colorado,1700.0188591915337,1691.489482772901,10,10
2024_1129_1301,0.5752965055978526,1129,1301,Boise St,NC State,1700.0188591915337,1668.8867935722649,10,11
2024_1129_1241,0.5097740536209608,1129,1241,Boise St,James Madison,1700.0188591915337,1724.075357479141,10,12
2024_1129_1436,0.5385020465678805,1129,1436,Boise St,Vermont,1700.0188591915337,1721.5627066358347,10,13
2024_1129_1324,0.7499023706145347,1129,1324,Boise St,Oakland,1700.0188591915337,1593.105556226391,10,14
2024_1129_1443,0.8037870141790162,1129,1443,Boise St,WKU,1700.0188591915337,1560.6742255595832,10,15
2024_1129_1255,0.8594113464325687,1129,1255,Boise St,Longwood,1700.0188591915337,1514.8310751595295,10,16
2024_1160_1301,0.5615318003748899,1160,1301,Colorado,NC State,1691.489482772901,1668.8867935722649,10,11
2024_1160_1241,0.4957471050315384,1160,1241,Colorado,James Madison,1691.489482772901,1724.075357479141,10,12
2024_1160_1436,0.5245304132622094,1160,1436,Colorado,Vermont,1691.489482772901,1721.5627066358347,10,13
2024_1160_1324,0.7392315748263063,1160,1324,Colorado,Oakland,1691.489482772901,1593.105556226391,10,14
2024_1160_1443,0.7947861386554639,1160,1443,Colorado,WKU,1691.489482772901,1560.6742255595832,10,15
2024_1160_1255,0.8524938609443081,1160,1255,Colorado,Longwood,1691.489482772901,1514.8310751595295,10,16
2024_1241_1301,0.4342840929884542,1301,1241,NC State,James Madison,1668.8867935722649,1724.075357479141,11,12
2024_1301_1436,0.4627738562485501,1301,1436,NC State,Vermont,1668.8867935722649,1721.5627066358347,11,13
2024_1301_1324,0.688817619881275,1301,1324,NC State,Oakland,1668.8867935722649,1593.105556226391,11,14
2024_1301_1443,0.7515020404966319,1301,1443,NC State,WKU,1668.8867935722649,1560.6742255595832,11,15
2024_1255_1301,0.8186035737787268,1301,1255,NC State,Longwood,1668.8867935722649,1514.8310751595295,11,16
2024_1241_1436,0.5287713019351696,1241,1436,James Madison,Vermont,1724.075357479141,1721.5627066358347,12,13
2024_1241_1324,0.7424975757028973,1241,1324,James Madison,Oakland,1724.075357479141,1593.105556226391,12,14
2024_1241_1443,0.7975469019827236,1241,1443,James Madison,WKU,1724.075357479141,1560.6742255595832,12,15
2024_1241_1255,0.8546202833729436,1241,1255,James Madison,Longwood,1724.075357479141,1514.8310751595295,12,16
2024_1324_1436,0.7198621614379476,1436,1324,Vermont,Oakland,1721.5627066358347,1593.105556226391,13,14
2024_1436_1443,0.7783056905584437,1436,1443,Vermont,WKU,1721.5627066358347,1560.6742255595832,13,15
2024_1255_1436,0.8397132034811485,1436,1255,Vermont,Longwood,1721.5627066358347,1514.8310751595295,13,16
2024_1324_1443,0.5773835942795558,1324,1443,Oakland,WKU,1593.105556226391,1560.6742255595832,14,15
2024_1255_1324,0.6709130913512541,1324,1255,Oakland,Longwood,1593.105556226391,1514.8310751595295,14,16
2024_1255_1443,0.5987539229923184,1443,1255,WKU,Longwood,1560.6742255595832,1514.8310751595295,15,16
