ID,Pred
2025_1103_1104,0.2549221203358833
2025_1103_1106,0.8406495296024422
2025_1103_1110,0.783705345956502
2025_1103_1112,0.37797665256208524
2025_1103_1116,0.5747892597977023
2025_1103_1120,0.2091183119775562
2025_1103_1124,0.5127046768171182
2025_1103_1136,0.6624982701961633
2025_1103_1140,0.376274554831082
2025_1103_1155,0.35181004849033565
2025_1103_1161,0.4060299203795639
2025_1103_1163,0.31372284319123495
2025_1103_1166,0.39724944451328076
2025_1103_1179,0.32615928294584934
2025_1103_1181,0.20086018244911774
2025_1103_1188,0.7964656975977653
2025_1103_1196,0.24170194233059128
2025_1103_1208,0.5773965803798916
2025_1103_1211,0.3095090986672064
2025_1103_1213,0.47496028967295006
2025_1103_1219,0.5215505265082212
2025_1103_1222,0.16010301795564985
2025_1103_1228,0.43332121546217295
2025_1103_1235,0.36926737277726185
2025_1103_1242,0.43154667363500054
2025_1103_1246,0.3987601484129211
2025_1103_1251,0.5128650780333665
2025_1103_1252,0.6436887322395715
2025_1103_1257,0.4745667840737077
2025_1103_1266,0.3913389842601264
2025_1103_1268,0.4531944035090911
2025_1103_1270,0.5256882618287869
2025_1103_1272,0.3458351909137076
2025_1103_1276,0.47819643962329744
2025_1103_1277,0.3148041523140554
2025_1103_1279,0.501736841934465
2025_1103_1280,0.5489476820299735
2025_1103_1281,0.6119854819782388
2025_1103_1285,0.6142616112840813
2025_1103_1291,0.7421516517949616
2025_1103_1303,0.7362601453395569
2025_1103_1307,0.4358355474029314
2025_1103_1313,0.6907265751435032
2025_1103_1314,0.4443757827323134
2025_1103_1328,0.5835396859358053
2025_1103_1332,0.40746199614391065
2025_1103_1345,0.3525516069983556
2025_1103_1352,0.6742869380305323
2025_1103_1361,0.46629940468808734
2025_1103_1384,0.8820146361106921
2025_1103_1385,0.2774134375357376
2025_1103_1388,0.33166382720474163
2025_1103_1397,0.22828946444749332
2025_1103_1400,0.5683388379286058
2025_1103_1401,0.4382846982557554
2025_1103_1403,0.38565571750508704
2025_1103_1407,0.6305789022895353
2025_1103_1417,0.5019340885394741
2025_1103_1423,0.5374124872779181
2025_1103_1429,0.4073223405905499
2025_1103_1433,0.41093766270836796
2025_1103_1435,0.6286258721965695
2025_1103_1458,0.3649924316744712
2025_1103_1459,0.7422452733252651
2025_1103_1462,0.5354850878967798
2025_1103_1463,0.4849728322299777
2025_1103_1471,0.4443532519845419
2025_1104_1106,0.9390948935384016
2025_1104_1110,0.9137196690731829
2025_1104_1112,0.6397744803950356
2025_1104_1116,0.7980174609701
2025_1104_1120,0.4359248687884777
2025_1104_1124,0.7546114872677174
2025_1104_1136,0.8515712304282403
2025_1104_1140,0.6381028582245716
2025_1104_1155,0.6133553177404618
2025_1104_1161,0.6664402696004239
2025_1104_1163,0.571937137885887
2025_1104_1166,0.6582694150885681
2025_1104_1179,0.5858711586483206
2025_1104_1181,0.42350625559072613
2025_1104_1188,0.9195967137688992
2025_1104_1196,0.48229726784614957
2025_1104_1208,0.7997328980320124
2025_1104_1211,0.5671212242613607
2025_1104_1213,0.7255753023229878
2025_1104_1219,0.7611120922210255
2025_1104_1222,0.3577987358177079
2025_1104_1228,0.6908758844749954
2025_1104_1235,0.6311537460828565
2025_1104_1242,0.689329628660604
2025_1104_1246,0.6596863546722136
2025_1104_1251,0.754730353454468
2025_1104_1252,0.8407663583187158
2025_1104_1257,0.7252609773171671
2025_1104_1266,0.6526806589276706
2025_1104_1268,0.7078073282065885
2025_1104_1270,0.7641150641629726
2025_1104_1272,0.6070988739275324
2025_1104_1276,0.7281508804033926
2025_1104_1277,0.5731651345500874
2025_1104_1279,0.7463951977626383
2025_1104_1280,0.7805630317693529
2025_1104_1281,0.8217422822237903
2025_1104_1285,0.8231435447213513
2025_1104_1291,0.8937577262891918
2025_1104_1303,0.8908206289886272
2025_1104_1307,0.6930569303838272
2025_1104_1313,0.8671566419536443
2025_1104_1314,0.7003802069025267
2025_1104_1328,0.8037425914682148
2025_1104_1332,0.6677582446568566
2025_1104_1345,0.6141258482645618
2025_1104_1352,0.8581695779169054
2025_1104_1361,0.71859916276737
2025_1104_1384,0.9562353951390252
2025_1104_1385,0.5287687863863104
2025_1104_1388,0.5919086451201978
2025_1104_1397,0.46369787495297826
2025_1104_1400,0.7937382108283766
2025_1104_1401,0.6951704322374989
2025_1104_1403,0.6472379423801994
2025_1104_1407,0.8330266995313432
2025_1104_1417,0.7465445175120947
2025_1104_1423,0.7724963212340716
2025_1104_1429,0.6676298952821559
2025_1104_1433,0.6709401256162372
2025_1104_1435,0.8318585686223433
2025_1104_1458,0.6268601909210691
2025_1104_1459,0.8938041782101546
2025_1104_1462,0.7711312756000986
2025_1104_1463,0.7334903293031851
2025_1104_1471,0.7003610573528352
2025_1106_1110,0.40716988893944056
2025_1106_1112,0.10328795253879909
2025_1106_1116,0.20397221845745478
2025_1106_1120,0.04772870105677549
2025_1106_1124,0.1662779619622084
2025_1106_1136,0.27118443556431043
2025_1106_1140,0.10261875749992594
2025_1106_1155,0.09328564381375372
2025_1106_1161,0.11471377028434405
2025_1106_1163,0.07974325918893425
2025_1106_1166,0.11105518865311612
2025_1106_1179,0.08404023645866622
2025_1106_1181,0.045477404618176544
2025_1106_1188,0.42587058083673857
2025_1106_1196,0.05697715822329911
2025_1106_1208,0.2057112290356802
2025_1106_1211,0.0783135711846099
2025_1106_1213,0.146376076697015
2025_1106_1219,0.17124726933686718
2025_1106_1222,0.03487354473115161
2025_1106_1228,0.12659767203313876
2025_1106_1235,0.09989157102886473
2025_1106_1242,0.1258003792941136
2025_1106_1246,0.11167917773254021
2025_1106_1251,0.1663669846520293
2025_1106_1252,0.2550878546289459
2025_1106_1257,0.14617901009803905
2025_1106_1266,0.10863540381720949
2025_1106_1268,0.1357741831249322
2025_1106_1270,0.17361432723030418
2025_1106_1272,0.09108438799720604
2025_1106_1276,0.14800451644076482
2025_1106_1277,0.08011225192659284
2025_1106_1279,0.16028333290501054
2025_1106_1280,0.1874524767420982
2025_1106_1281,0.23016087451308376
2025_1106_1285,0.23186551073783856
2025_1106_1291,0.3529980308505147
2025_1106_1303,0.3460497893681689
2025_1106_1307,0.12773341980775188
2025_1106_1313,0.2974332562701201
2025_1106_1314,0.13164514017520604
2025_1106_1328,0.20986363871775637
2025_1106_1332,0.11531785043475229
2025_1106_1345,0.09356093065617449
2025_1106_1352,0.2818244008789962
2025_1106_1361,0.14208544316273547
2025_1106_1384,0.5862730007422253
2025_1106_1385,0.06783717698475498
2025_1106_1388,0.08597995912567875
2025_1106_1397,0.053097616351774304
2025_1106_1400,0.19972851664541785
2025_1106_1401,0.12884662646422146
2025_1106_1403,0.10634043601248828
2025_1106_1407,0.24446245460723387
2025_1106_1417,0.1603895545257367
2025_1106_1423,0.18047410769898078
2025_1106_1429,0.11525884862802883
2025_1106_1433,0.11679270408602019
2025_1106_1435,0.24291893408854284
2025_1106_1458,0.09824937274381781
2025_1106_1459,0.3531097890255235
2025_1106_1462,0.1793305779783972
2025_1106_1463,0.15146000427871412
2025_1106_1471,0.1316347089881551
2025_1110_1112,0.14362080951872938
2025_1110_1116,0.2717082318685088
2025_1110_1120,0.06801175117625706
2025_1110_1124,0.2250350124491318
2025_1110_1136,0.3513878819266104
2025_1110_1140,0.1427318948090213
2025_1110_1155,0.1302801641370904
2025_1110_1161,0.1587185719286032
2025_1110_1163,0.11203080917808007
2025_1110_1166,0.15390051893753795
2025_1110_1179,0.11784481074242383
2025_1110_1181,0.06486890364921577
2025_1110_1188,0.519230012784279
2025_1110_1196,0.08085676612115579
2025_1110_1208,0.2738260868615971
2025_1110_1211,0.11009150056551911
2025_1110_1213,0.1997857124428666
2025_1110_1219,0.23127319834341498
2025_1110_1222,0.049980324762928054
2025_1110_1228,0.17426383959302802
2025_1110_1235,0.1391039136923298
2025_1110_1242,0.17322589153191398
2025_1110_1246,0.15472334350939881
2025_1110_1251,0.22514699762267307
2025_1110_1252,0.33270391103065877
2025_1110_1257,0.19953354811273166
2025_1110_1266,0.1507054447975223
2025_1110_1268,0.18615903183790714
2025_1110_1270,0.23423545719302125
2025_1110_1272,0.1273285389288907
2025_1110_1276,0.20186782184484928
2025_1110_1277,0.11253093548408273
2025_1110_1279,0.2174746369709619
2025_1110_1280,0.25143534599580286
2025_1110_1281,0.3032803047722499
2025_1110_1285,0.3053117126547722
2025_1110_1291,0.44270045565193683
2025_1110_1303,0.4351741391285421
2025_1110_1307,0.17574117065130077
2025_1110_1313,0.38133794281474426
2025_1110_1314,0.1808183180245452
2025_1110_1328,0.27887070280459003
2025_1110_1332,0.1595126271163164
2025_1110_1345,0.13064889164163204
2025_1110_1352,0.36360471225692936
2025_1110_1361,0.19428583886491843
2025_1110_1384,0.6735436532007426
2025_1110_1385,0.09580590060603056
2025_1110_1388,0.12046215982208099
2025_1110_1397,0.07548141967194628
2025_1110_1400,0.26652711535697443
2025_1110_1401,0.17718777871218772
2025_1110_1403,0.14766896530821558
2025_1110_1407,0.3202353615834654
2025_1110_1417,0.21760893796315106
2025_1110_1423,0.24278677025435705
2025_1110_1429,0.1594350883531654
2025_1110_1433,0.16144955745453524
2025_1110_1435,0.3184150441150857
2025_1110_1458,0.13691512845457088
2025_1110_1459,0.44282117614774547
2025_1110_1462,0.2413646956902765
2025_1110_1463,0.20627639928384858
2025_1110_1471,0.18080480177290034
2025_1112_1116,0.6898811582199702
2025_1112_1120,0.3032005843249019
2025_1112_1124,0.6338977153137756
2025_1112_1136,0.7636133045977986
2025_1112_1140,0.49818850698102474
2025_1112_1155,0.4717931816445286
2025_1112_1161,0.529401816677629
2025_1112_1163,0.42931991108024986
2025_1112_1166,0.5202903930429704
2025_1112_1179,0.4433782459678622
2025_1112_1181,0.29260168143936205
2025_1112_1188,0.8655874618197119
2025_1112_1196,0.3440661521834069
2025_1112_1208,0.6921607186092164
2025_1112_1211,0.4245139535645725
2025_1112_1213,0.5981836094081152
2025_1112_1219,0.6420793878180381
2025_1112_1222,0.23879148948863915
2025_1112_1228,0.5572063713704183
2025_1112_1235,0.49069710498515534
2025_1112_1242,0.5554217513530035
2025_1112_1246,0.5218638890473056
2025_1112_1251,0.6340466980581229
2025_1112_1252,0.7482980624522103
2025_1112_1257,0.5978042524317062
2025_1112_1266,0.5141107179441192
2025_1112_1268,0.5769763134900863
2025_1112_1270,0.6458824950399554
2025_1112_1272,0.4652431994924291
2025_1112_1276,0.6012978160139462
2025_1112_1277,0.4305496866728702
2025_1112_1279,0.6236553616441276
2025_1112_1280,0.666981663850474
2025_1112_1281,0.7218809554019188
2025_1112_1285,0.7238033693533479
2025_1112_1291,0.8256818123615961
2025_1112_1303,0.821239152540482
2025_1112_1307,0.5597295185465531
2025_1112_1313,0.786114813476407
2025_1112_1314,0.5682521636332307
2025_1112_1328,0.6975095482653696
2025_1112_1332,0.5308801113773408
2025_1112_1345,0.472603249007626
2025_1112_1352,0.7730798465133432
2025_1112_1361,0.589799873642197
2025_1112_1384,0.9248255191123443
2025_1112_1385,0.3871796391492359
2025_1112_1388,0.44954129723264113
2025_1112_1397,0.3274260322004662
2025_1112_1400,0.6842174760429002
2025_1112_1401,0.5621811169605627
2025_1112_1403,0.5081329716922213
2025_1112_1407,0.7374673402619923
2025_1112_1417,0.6238405285578722
2025_1112_1423,0.6565766222526883
2025_1112_1429,0.5307360438184294
2025_1112_1433,0.5344589668705818
2025_1112_1435,0.735842677223645
2025_1112_1458,0.4860998078577639
2025_1112_1459,0.8257522259368835
2025_1112_1462,0.6548268289538313
2025_1112_1463,0.6077867590332009
2025_1112_1471,0.5682297753788247
2025_1116_1120,0.16360215840539125
2025_1116_1124,0.43767855229819475
2025_1116_1136,0.5921906274007092
2025_1116_1140,0.3085707312325147
2025_1116_1155,0.28648629269822273
2025_1116_1161,0.33585507174733004
2025_1116_1163,0.25271388005551454
2025_1116_1166,0.32775475415395305
2025_1116_1179,0.2636609925703994
2025_1116_1181,0.15678514522634948
2025_1116_1188,0.7432502542786016
2025_1116_1196,0.19080472179598765
2025_1116_1208,0.5026691206867931
2025_1116_1211,0.2490222321364582
2025_1116_1213,0.40091326931272586
2025_1116_1219,0.44641580988140145
2025_1116_1222,0.12358827185270616
2025_1116_1228,0.3612986900252944
2025_1116_1235,0.3022134625147934
2025_1116_1242,0.3596319128555571
2025_1116_1246,0.32914549315667013
2025_1116_1251,0.43783657117411856
2025_1116_1252,0.5719941778650469
2025_1116_1257,0.40053431151057384
2025_1116_1266,0.32232534262331985
2025_1116_1268,0.3800842311279494
2025_1116_1270,0.4505187472953992
2025_1116_1272,0.28113965799631735
2025_1116_1276,0.4040331417545982
2025_1116_1277,0.2536626333216584
2025_1116_1279,0.4269096052088516
2025_1116_1280,0.4737743996216732
2025_1116_1281,0.5384855355442649
2025_1116_1285,0.5408693545192796
2025_1116_1291,0.6804332220069789
2025_1116_1303,0.6737514439655309
2025_1116_1307,0.3636633042454168
2025_1116_1313,0.6229526489202266
2025_1116_1314,0.37172113155697184
2025_1116_1328,0.5089747176607948
2025_1116_1332,0.33718014280681957
2025_1116_1345,0.2871511574684115
2025_1116_1352,0.6049707662672736
2025_1116_1361,0.3925929976183488
2025_1116_1384,0.8468660496621029
2025_1116_1385,0.22118969245336675
2025_1116_1388,0.2685310984861535
2025_1116_1397,0.17954787353762047
2025_1116_1400,0.49341495314042183
2025_1116_1401,0.36596997673489995
2025_1116_1403,0.31712214176744863
2025_1116_1407,0.5580575804637119
2025_1116_1417,0.4271026506123529
2025_1116_1423,0.4622001638164003
2025_1116_1429,0.33705087370321885
2025_1116_1433,0.3404007066532235
2025_1116_1435,0.5559911132059626
2025_1116_1458,0.29834760255393145
2025_1116_1459,0.6805396066574568
2025_1116_1462,0.46027411342815155
2025_1116_1463,0.4105855336472832
2025_1116_1471,0.3716998202109651
2025_1120_1124,0.7991640526013959
2025_1120_1136,0.8812891963422099
2025_1120_1140,0.6952663731037412
2025_1120_1155,0.6724210941732888
2025_1120_1161,0.7210842287329405
2025_1120_1163,0.6335499386058786
2025_1120_1166,0.7136768446378007
2025_1120_1179,0.6467172166040467
2025_1120_1181,0.487333046274379
2025_1120_1188,0.9367071138629712
2025_1120_1196,0.546583759803001
2025_1120_1208,0.8378535458141447
2025_1120_1211,0.6289775286070247
2025_1120_1213,0.7738195382097631
2025_1120_1219,0.8047897296732184
2025_1120_1222,0.41891875915421256
2025_1120_1228,0.7430601279160481
2025_1120_1235,0.6888797279348703
2025_1120_1242,0.741677300427184
2025_1120_1246,0.7149635240115721
2025_1120_1251,0.7992670783217424
2025_1120_1252,0.8723232954649253
2025_1120_1257,0.7735432253483205
2025_1120_1266,0.7085930973088723
2025_1120_1268,0.7581339540353411
2025_1120_1270,0.8073825975850094
2025_1120_1272,0.6666008942913705
2025_1120_1276,0.7760820605599952
2025_1120_1277,0.634714072133919
2025_1120_1279,0.792028380883028
2025_1120_1280,0.8215182810090026
2025_1120_1281,0.856425591204294
2025_1120_1285,0.8576014580021215
2025_1120_1291,0.9158637573925432
2025_1120_1303,0.9134786265111393
2025_1120_1307,0.7450088771652288
2025_1120_1313,0.8941420450099571
2025_1120_1314,0.751537012847056
2025_1120_1328,0.8412515028443337
2025_1120_1332,0.7222762684776312
2025_1120_1345,0.6731366435208468
2025_1120_1352,0.8867421471171686
2025_1120_1361,0.7676771261767497
2025_1120_1384,0.9658384642753874
2025_1120_1385,0.5921643479212233
2025_1120_1388,0.6523939488159404
2025_1120_1397,0.5280338401252838
2025_1120_1400,0.8327613203194466
2025_1120_1401,0.7468952967434996
2025_1120_1403,0.7036287042115102
2025_1120_1407,0.8658727888932201
2025_1120_1417,0.7921583140807246
2025_1120_1423,0.8145995228525458
2025_1120_1429,0.7221602170944519
2025_1120_1433,0.7251509342111171
2025_1120_1435,0.8648971786211647
2025_1120_1458,0.6849226843007219
2025_1120_1459,0.9159014534388946
2025_1120_1462,0.8134260869473187
2025_1120_1463,0.7807635335419735
2025_1120_1471,0.7515199728974616
2025_1124_1136,0.6510408817341791
2025_1124_1140,0.3644223317113956
2025_1124_1155,0.34030798378477134
2025_1124_1161,0.393832241109254
2025_1124_1163,0.3028841369436431
2025_1124_1166,0.3851445029483937
2025_1124_1179,0.31508818377605574
2025_1124_1181,0.19282514667247502
2025_1124_1188,0.7881015598907091
2025_1124_1196,0.2325084593521993
2025_1124_1208,0.564947354116817
2025_1124_1211,0.2987525976011249
2025_1124_1213,0.46230358101028424
2025_1124_1219,0.5088555480207265
2025_1124_1222,0.15338545753769778
2025_1124_1228,0.42088462344290056
2025_1124_1235,0.3575093557970212
2025_1124_1242,0.4191233432165384
2025_1124_1246,0.38663870168880654
2025_1124_1251,0.5001605061530259
2025_1124_1252,0.631947546384217
2025_1124_1257,0.4619113362129328
2025_1124_1266,0.37930080986163306
2025_1124_1268,0.44063094192795793
2025_1124_1270,0.5130005565135215
2025_1124_1272,0.33442768317789356
2025_1124_1276,0.46552995660534996
2025_1124_1277,0.30394463363261287
2025_1124_1279,0.4890311969662375
2025_1124_1280,0.5363333829742604
2025_1124_1281,0.5998490418071689
2025_1124_1285,0.6021500819291402
2025_1124_1291,0.7323056902173427
2025_1124_1303,0.7262721909123192
2025_1124_1307,0.42338070729187033
2025_1124_1313,0.6797642594546341
2025_1124_1314,0.43186371022779657
2025_1124_1328,0.5711370126874378
2025_1124_1332,0.3952499235026643
2025_1124_1345,0.34103805377774205
2025_1124_1352,0.6630261901930925
2025_1124_1361,0.4536740666228585
2025_1124_1384,0.8766214969450373
2025_1124_1385,0.2673405028960434
2025_1124_1388,0.3204947507832055
2025_1124_1397,0.21945849855751176
2025_1124_1400,0.5558280458517918
2025_1124_1401,0.4258126944805581
2025_1124_1403,0.3736850352999736
2025_1124_1407,0.6186616464791598
2025_1124_1417,0.48922835300001544
2025_1124_1423,0.5247548757733038
2025_1124_1429,0.3951116625483619
2025_1124_1433,0.3986915114382079
2025_1124_1435,0.6166839114991018
2025_1124_1458,0.35329428954701264
2025_1124_1459,0.7324015976717754
2025_1124_1462,0.5228215653521051
2025_1124_1463,0.4722893169874096
2025_1124_1471,0.43184132080989185
2025_1136_1140,0.2350812328981004
2025_1136_1155,0.21660871885394434
2025_1136_1161,0.25829496964274445
2025_1136_1163,0.1888930489144626
2025_1136_1166,0.2513573109174128
2025_1136_1179,0.1978073507069121
2025_1136_1181,0.11351047599458411
2025_1136_1188,0.6659451698491067
2025_1136_1196,0.1396958402102111
2025_1136_1208,0.4103902929925484
2025_1136_1211,0.18590177016502918
2025_1136_1213,0.3154654373021576
2025_1136_1219,0.35704985454338395
2025_1136_1222,0.08851451782471718
2025_1136_1228,0.28034304224687207
2025_1136_1235,0.22973495657124537
2025_1136_1242,0.2788866619792572
2025_1136_1246,0.25254566122107297
2025_1136_1251,0.34910499183362137
2025_1136_1252,0.47925273647493083
2025_1136_1257,0.31512476302746434
2025_1136_1266,0.24672897040876465
2025_1136_1268,0.29687584328542455
2025_1136_1270,0.36086685879834984
2025_1136_1272,0.21217839000921343
2025_1136_1276,0.3182736253000778
2025_1136_1277,0.18966301330635899
2025_1136_1279,0.3390568773755645
2025_1136_1280,0.38271800849665666
2025_1136_1281,0.44552175160730595
2025_1136_1285,0.4478934244509373
2025_1136_1291,0.5945325045986047
2025_1136_1303,0.5871444227798447
2025_1136_1307,0.2824120962817605
2025_1136_1313,0.5322230239756888
2025_1136_1314,0.28948862626872374
2025_1136_1328,0.4165077694327975
2025_1136_1332,0.2594335710497751
2025_1136_1345,0.2171607715547709
2025_1136_1352,0.5132947698789355
2025_1136_1361,0.30800677559550743
2025_1136_1384,0.7920292300420748
2025_1136_1385,0.16358726891941908
2025_1136_1388,0.20179442054133934
2025_1136_1397,0.13096623560378812
2025_1136_1400,0.40146360348501026
2025_1136_1401,0.2844337639553702
2025_1136_1403,0.24230975727327767
2025_1136_1407,0.46512019531205256
2025_1136_1417,0.33923371194182195
2025_1136_1423,0.37179658464937504
2025_1136_1429,0.2593224470407259
2025_1136_1433,0.26220530437537004
2025_1136_1435,0.4630373013147047
2025_1136_1458,0.22649528978818595
2025_1136_1459,0.5946504501969158
2025_1136_1462,0.36998808486887064
2025_1136_1463,0.3241917785196395
2025_1136_1471,0.2894698572979612
2025_1140_1155,0.47359927873048735
2025_1140_1161,0.5312066612814832
2025_1140_1163,0.43109611525366914
2025_1140_1166,0.5220986370403001
2025_1140_1179,0.44516724222224424
2025_1140_1181,0.2941037530791912
2025_1140_1188,0.8664282729544717
2025_1140_1196,0.3457033065554687
2025_1140_1208,0.6937025019688137
2025_1140_1211,0.42628512677521874
2025_1140_1213,0.5999240129178046
2025_1140_1219,0.6437428970534956
2025_1140_1222,0.24011108827643882
2025_1140_1228,0.5589934106903649
2025_1140_1235,0.4925080929857855
2025_1140_1242,0.5572102696165937
2025_1140_1246,0.5236716318849338
2025_1140_1251,0.635726360249198
2025_1140_1252,0.7496603763020816
2025_1140_1257,0.5995451990739293
2025_1140_1266,0.5159205831492482
2025_1140_1268,0.5787438856722674
2025_1140_1270,0.6475380314358028
2025_1140_1272,0.4670463932508008
2025_1140_1276,0.6030336821920965
2025_1140_1277,0.43232712433015774
2025_1140_1279,0.625354536584965
2025_1140_1280,0.6685891733308943
2025_1140_1281,0.7233333856871556
2025_1140_1285,0.7252495812161263
2025_1140_1291,0.8267222795768232
2025_1140_1303,0.8223004300942164
2025_1140_1307,0.5615143882352778
2025_1140_1313,0.787330618418557
2025_1140_1314,0.5700290235694782
2025_1140_1328,0.6990361909041609
2025_1140_1332,0.5326842910761997
2025_1140_1345,0.47440966193267825
2025_1140_1352,0.7743484782581056
2025_1140_1361,0.591551795063798
2025_1140_1384,0.9253277368817845
2025_1140_1385,0.38890030892797994
2025_1140_1388,0.4513349972388839
2025_1140_1397,0.32902372517502854
2025_1140_1400,0.685780982162644
2025_1140_1401,0.5639637902855051
2025_1140_1403,0.5099438787056388
2025_1140_1407,0.7388678177942344
2025_1140_1417,0.6255393694498875
2025_1140_1423,0.6582086197086602
2025_1140_1429,0.5325402897076374
2025_1140_1433,0.5362614058258516
2025_1140_1435,0.7372487336388814
2025_1140_1458,0.4879100831754308
2025_1140_1459,0.8267923610338901
2025_1140_1462,0.6564627909239906
2025_1140_1463,0.6095127204441081
2025_1140_1471,0.5700066577329765
2025_1155_1161,0.557418160230821
2025_1155_1163,0.45718529752320464
2025_1155_1166,0.5483864398511955
2025_1155_1179,0.4714023689831899
2025_1155_1181,0.31651491452042674
2025_1155_1188,0.8781944270018054
2025_1155_1196,0.369985549487643
2025_1155_1208,0.7156911437606045
2025_1155_1211,0.452314641212571
2025_1155_1213,0.6250056416485649
2025_1155_1219,0.6675995139083333
2025_1155_1222,0.2599228886940308
2025_1155_1228,0.5848654309865183
2025_1155_1235,0.5189237861303132
2025_1155_1242,0.5831088827923548
2025_1155_1246,0.5499474947755415
2025_1155_1251,0.6598361349759508
2025_1155_1252,0.76896974886705
2025_1155_1257,0.6246357172512552
2025_1155_1266,0.5422502707491503
2025_1155_1268,0.6042774790650359
2025_1155_1270,0.6712702859861458
2025_1155_1272,0.4934242308703977
2025_1155_1276,0.6280412311153433
2025_1155_1277,0.4584307731606019
2025_1155_1279,0.6497725980480521
2025_1155_1280,0.6915791152291678
2025_1155_1281,0.7439799258323572
2025_1155_1285,0.7458033761901084
2025_1155_1291,0.8413456160865007
2025_1155_1303,0.8372234624004972
2025_1155_1307,0.5873476904461542
2025_1155_1313,0.8044921518994116
2025_1155_1314,0.5957218561618176
2025_1155_1328,0.7207960451444074
2025_1155_1332,0.5588817786227213
2025_1155_1345,0.500812579127018
2025_1155_1352,0.7922812304032741
2025_1155_1361,0.6168230554151541
2025_1155_1384,0.9323108546515477
2025_1155_1385,0.4142955066942599
2025_1155_1388,0.47762070763922143
2025_1155_1397,0.352766050935128
2025_1155_1400,0.7080990074017056
2025_1155_1401,0.5897582162747252
2025_1155_1403,0.536306474463532
2025_1155_1407,0.7587417447323848
2025_1155_1417,0.6499521274405037
2025_1155_1423,0.6815757036423084
2025_1155_1429,0.5587391627448642
2025_1155_1433,0.562423089791312
2025_1155_1435,0.7572053922367132
2025_1155_1458,0.5143290988366915
2025_1155_1459,0.8414109177374581
2025_1155_1462,0.6798911841658487
2025_1155_1463,0.6343595919463403
2025_1155_1471,0.5956998788863778
2025_1161_1163,0.4007431660476151
2025_1161_1166,0.49086678178803683
2025_1161_1179,0.4145454820113696
2025_1161_1181,0.2688382578080029
2025_1161_1188,0.8512896022946811
2025_1161_1196,0.3180019885975242
2025_1161_1208,0.6665222203312055
2025_1161_1211,0.39603510680894866
2025_1161_1213,0.5695853015795714
2025_1161_1219,0.6145923600249155
2025_1161_1222,0.21805114692403396
2025_1161_1228,0.5279928876208287
2025_1161_1235,0.46133758839025346
2025_1161_1242,0.5261906453197168
2025_1161_1246,0.4924426397345012
2025_1161_1251,0.6063210179571377
2025_1161_1252,0.7254806543809548
2025_1161_1257,0.5691983895938354
2025_1161_1266,0.48468348315498494
2025_1161_1268,0.5480091221388305
2025_1161_1270,0.618514004350807
2025_1161_1272,0.4361025732785684
2025_1161_1276,0.5727628493011978
2025_1161_1277,0.4019487391162552
2025_1161_1279,0.5956444805627312
2025_1161_1280,0.640335797643975
2025_1161_1281,0.6976364241963797
2025_1161_1285,0.6996566971447715
2025_1161_1291,0.8080802543426665
2025_1161_1303,0.8032958716961782
2025_1161_1307,0.5305422497327255
2025_1161_1313,0.7656519680004088
2025_1161_1314,0.5391647202227288
2025_1161_1328,0.6721054940593943
2025_1161_1332,0.5014836830291952
2025_1161_1345,0.44338385278350345
2025_1161_1352,0.751763717272674
2025_1161_1361,0.5610427364887457
2025_1161_1384,0.9162190763968998
2025_1161_1385,0.3596401858611001
2025_1161_1388,0.420610601863337
2025_1161_1397,0.30204196248065807
2025_1161_1400,0.6582440667340203
2025_1161_1401,0.5330207796331998
2025_1161_1403,0.4787107919601037
2025_1161_1407,0.7140433002196536
2025_1161_1417,0.5958344978392793
2025_1161_1423,0.6295606056408981
2025_1161_1429,0.5013390675783171
2025_1161_1433,0.50507772832122
2025_1161_1435,0.7123302241926743
2025_1161_1458,0.4567686641944879
2025_1161_1459,0.808156125877569
2025_1161_1462,0.6277512032980663
2025_1161_1463,0.5793913472547213
2025_1161_1471,0.5391420469089095
2025_1163_1166,0.5904516056810898
2025_1163_1179,0.5142870436313564
2025_1163_1181,0.3547658611297274
2025_1163_1188,0.8953994519678391
2025_1163_1196,0.41081443547665375
2025_1163_1208,0.7492970599972097
2025_1163_1211,0.4950892397804264
2025_1163_1213,0.6643028955836127
2025_1163_1219,0.7045432337723629
2025_1163_1222,0.2942793194850885
2025_1163_1228,0.6258510206798683
2025_1163_1235,0.5615390488519132
2025_1163_1242,0.6241564505714774
2025_1163_1246,0.5919754440395526
2025_1163_1251,0.6972514064056917
2025_1163_1252,0.79805501243259
2025_1163_1257,0.6639508937044177
2025_1163_1266,0.5844538876059977
2025_1163_1268,0.6445114332209619
2025_1163_1270,0.7079844821913557
2025_1163_1272,0.5362797901374382
2025_1163_1276,0.6671897648530056
2025_1163_1277,0.5012544058736326
2025_1163_1279,0.6877709975525321
2025_1163_1280,0.7269477502403385
2025_1163_1281,0.7752919104775975
2025_1163_1285,0.776959205695044
2025_1163_1291,0.8629432225222798
2025_1163_1303,0.8592883674448394
2025_1163_1307,0.6282439832881482
2025_1163_1313,0.8300934816187199
2025_1163_1314,0.6363021290543257
2025_1163_1328,0.7540059524856623
2025_1163_1332,0.6006812094344708
2025_1163_1345,0.5436212112178588
2025_1163_1352,0.8191220441874936
2025_1163_1361,0.656506535173502
2025_1163_1384,0.9423735293452515
2025_1163_1385,0.4564713103195456
2025_1163_1388,0.5205140332455627
2025_1163_1397,0.39287970325029736
2025_1163_1400,0.7422791736857837
2025_1163_1401,0.630565875095639
2025_1163_1403,0.5786322570089486
2025_1163_1407,0.7887609296985331
2025_1163_1417,0.6879404032947715
2025_1163_1423,0.717623102602776
2025_1163_1429,0.6005424484965849
2025_1163_1433,0.6041246473025004
2025_1163_1435,0.787362167843699
2025_1163_1458,0.5570039145955431
2025_1163_1459,0.8630010821717202
2025_1163_1462,0.7160498341308121
2025_1163_1463,0.6731891660228179
2025_1163_1471,0.6362810109078667
2025_1166_1179,0.42343968665460124
2025_1166_1181,0.2760804750642955
2025_1166_1188,0.8558559016687045
2025_1166_1196,0.32597815116213796
2025_1166_1208,0.6745932941099291
2025_1166_1211,0.40480676815881533
2025_1166_1213,0.5785189128606746
2025_1166_1219,0.6232097743017051
2025_1166_1222,0.22434500801578455
2025_1166_1228,0.5370881772150764
2025_1166_1235,0.4704290391290716
2025_1166_1242,0.5352900972779089
2025_1166_1246,0.501576293148521
2025_1166_1251,0.615007522543486
2025_1166_1252,0.7326970409391318
2025_1166_1257,0.5781340835948018
2025_1166_1266,0.4938132395257624
2025_1166_1268,0.5570422932364003
2025_1166_1270,0.6270969364157759
2025_1166_1272,0.4451076531803254
2025_1166_1276,0.5816789456059156
2025_1166_1277,0.41076229947460113
2025_1166_1279,0.6044128627278206
2025_1166_1280,0.6487066163876869
2025_1166_1281,0.7052874207625477
2025_1166_1285,0.7072780226751301
2025_1166_1291,0.8136829531130633
2025_1166_1303,0.8090052286923902
2025_1166_1307,0.5396312475522024
2025_1166_1313,0.7721440204469782
2025_1166_1314,0.5482289324904304
2025_1166_1328,0.6801062924928842
2025_1166_1332,0.5106163258022911
2025_1166_1345,0.4524186560986658
2025_1166_1352,0.7585191661920665
2025_1166_1361,0.5700198058751597
2025_1166_1384,0.9189813981316488
2025_1166_1385,0.368097039028614
2025_1166_1388,0.42953946177064745
2025_1166_1397,0.3097996564079674
2025_1166_1400,0.666415220190991
2025_1166_1401,0.542103206896514
2025_1166_1403,0.48783454841995516
2025_1166_1407,0.7214449041673131
2025_1166_1417,0.6046014947617078
2025_1166_1423,0.638040447887852
2025_1166_1429,0.5104717735112713
2025_1166_1433,0.5142083108346459
2025_1166_1435,0.7197587663836987
2025_1166_1458,0.4658479438479057
2025_1166_1459,0.813757120219377
2025_1166_1462,0.6362485334635027
2025_1166_1463,0.5882685518888849
2025_1166_1471,0.5482063314445126
2025_1179_1181,0.34179192332150554
2025_1179_1188,0.8899232533277294
2025_1179_1196,0.3970520959204883
2025_1179_1208,0.738406564143754
2025_1179_1211,0.48080758232801396
2025_1179_1213,0.6514377938594269
2025_1179_1219,0.6925064504836284
2025_1179_1222,0.28254875475980556
2025_1179_1228,0.6123721752737047
2025_1179_1235,0.547418769650501
2025_1179_1242,0.6106545356721992
2025_1179_1246,0.5780989061221831
2025_1179_1251,0.6850503535807363
2025_1179_1252,0.7886852309069293
2025_1179_1257,0.6510793875314235
2025_1179_1266,0.5705071386066412
2025_1179_1268,0.6313088118960691
2025_1179_1270,0.6960274072845839
2025_1179_1272,0.5220384393263787
2025_1179_1276,0.6543777371840636
2025_1179_1277,0.4869664279045179
2025_1179_1279,0.6753657635499244
2025_1179_1280,0.7154550835556157
2025_1179_1281,0.7651767414066085
2025_1179_1285,0.7668965236469366
2025_1179_1291,0.8560410188593167
2025_1179_1303,0.852233622062557
2025_1179_1307,0.6147982859094299
2025_1179_1313,0.8218784299068778
2025_1179_1314,0.6229729732973937
2025_1179_1328,0.7432499189623559
2025_1179_1332,0.5868941326868973
2025_1179_1345,0.5294074766791065
2025_1179_1352,0.8104976208945555
2025_1179_1361,0.6435029913064358
2025_1179_1384,0.9391895667309637
2025_1179_1385,0.44232773136747866
2025_1179_1388,0.5062342983287168
2025_1179_1397,0.3793313603794376
2025_1179_1400,0.7311931875813422
2025_1179_1401,0.6171529803081593
2025_1179_1403,0.5646356660201969
2025_1179_1407,0.7790792972854936
2025_1179_1417,0.6755387247293326
2025_1179_1423,0.7058967480392004
2025_1179_1429,0.5867538767995313
2025_1179_1433,0.5903753854312137
2025_1179_1435,0.777634499972205
2025_1179_1458,0.5428564832293347
2025_1179_1459,0.856101306441296
2025_1179_1462,0.7042850683364068
2025_1179_1463,0.6604905689199367
2025_1179_1471,0.6229515398108235
2025_1181_1188,0.9396460221613383
2025_1181_1196,0.5591111935369844
2025_1181_1208,0.8446211706362202
2025_1181_1211,0.6407248441328722
2025_1181_1213,0.7825662141468275
2025_1181_1219,0.8126287483815029
2025_1181_1222,0.43130349325171025
2025_1181_1228,0.7526160329513121
2025_1181_1235,0.6996361392340433
2025_1181_1242,0.7512674190945019
2025_1181_1246,0.7251779003836675
2025_1181_1251,0.8072747606524251
2025_1181_1252,0.8778619560085231
2025_1181_1257,0.782297580479098
2025_1181_1266,0.7189460200845488
2025_1181_1268,0.7673048059104082
2025_1181_1270,0.8151414114751226
2025_1181_1272,0.6777672606574967
2025_1181_1276,0.7847655781876474
2025_1181_1277,0.6463818718491449
2025_1181_1279,0.8002526640948858
2025_1181_1280,0.8288284131338322
2025_1181_1281,0.8625452297302834
2025_1181_1285,0.8636789547576237
2025_1181_1291,0.9196875141669953
2025_1181_1303,0.9174010047630877
2025_1181_1307,0.7545162497658219
2025_1181_1313,0.8988439587716862
2025_1181_1314,0.7608791064989899
2025_1181_1328,0.8479030500229326
2025_1181_1332,0.7323267001671724
2025_1181_1345,0.6841878178281039
2025_1181_1352,0.8917329451108488
2025_1181_1361,0.776592758780356
2025_1181_1384,0.9674716760457792
2025_1181_1385,0.6043440393867793
2025_1181_1388,0.6637961557027575
2025_1181_1397,0.5406430638974145
2025_1181_1400,0.8397008200506899
2025_1181_1401,0.756355336169616
2025_1181_1403,0.7140868338361658
2025_1181_1407,0.8716501024062722
2025_1181_1417,0.8003787540867253
2025_1181_1423,0.8221316750030281
2025_1181_1429,0.7322132914520253
2025_1181_1433,0.7351354844656717
2025_1181_1435,0.870710240239014
2025_1181_1458,0.6957554819153917
2025_1181_1459,0.9197236471954151
2025_1181_1462,0.8209954357541139
2025_1181_1463,0.7893147891767277
2025_1181_1471,0.7608625033760766
2025_1188_1196,0.07531869888743449
2025_1188_1208,0.2587924365826607
2025_1188_1211,0.10277497405134513
2025_1188_1213,0.18776596362861595
2025_1188_1219,0.21787484768717608
2025_1188_1222,0.046450182219723704
2025_1188_1228,0.16346590466129066
2025_1188_1235,0.13014123403390154
2025_1188_1242,0.16247961599208835
2025_1188_1246,0.14492369510008501
2025_1188_1251,0.21200567644411525
2025_1188_1252,0.3158436995510001
2025_1188_1257,0.18752541507667203
2025_1188_1266,0.14111779128803414
2025_1188_1268,0.1747800445041818
2025_1188_1270,0.22071476692107758
2025_1188_1272,0.11901967308590186
2025_1188_1276,0.18975251071038468
2025_1188_1277,0.10507142921482938
2025_1188_1279,0.20466285134061793
2025_1188_1280,0.23722940345868246
2025_1188_1281,0.2872692672797661
2025_1188_1285,0.28923795279128645
2025_1188_1291,0.4238062655242224
2025_1188_1303,0.41636118365181174
2025_1188_1307,0.16486997292436756
2025_1188_1313,0.3633551546954205
2025_1188_1314,0.16969771237507594
2025_1188_1328,0.26366065143025363
2025_1188_1332,0.14946327838232717
2025_1188_1345,0.12215368394066865
2025_1188_1352,0.34599049519882186
2025_1188_1361,0.1825215071074451
2025_1188_1384,0.6564014411711909
2025_1188_1385,0.08934345872981334
2025_1188_1388,0.11254357700180316
2025_1188_1397,0.07028336982228746
2025_1188_1400,0.25175526673923465
2025_1188_1401,0.1662451435129908
2025_1188_1403,0.1382430439872295
2025_1188_1407,0.30371941954213116
2025_1188_1417,0.2047913110287501
2025_1188_1423,0.22892003520864598
2025_1188_1429,0.1493897563240275
2025_1188_1433,0.15130014817266738
2025_1188_1435,0.30195128157685064
2025_1188_1458,0.12807249553984426
2025_1188_1459,0.42392575296877
2025_1188_1462,0.22755477384894776
2025_1188_1463,0.19396080183539294
2025_1188_1471,0.16968485520487647
2025_1196_1208,0.8108382850164955
2025_1196_1211,0.5844227023837363
2025_1196_1213,0.739453201407035
2025_1196_1219,0.7737532392950016
2025_1196_1222,0.37423509034163693
2025_1196_1228,0.7057970434912635
2025_1196_1235,0.647486751292674
2025_1196_1242,0.704293478472708
2025_1196_1246,0.6754056802450754
2025_1196_1251,0.767606089160655
2025_1196_1252,0.8500230407050587
2025_1196_1257,0.739149057447439
2025_1196_1266,0.6685610006930276
2025_1196_1268,0.7222397951337661
2025_1196_1270,0.7766439369622506
2025_1196_1272,0.6238622630777776
2025_1196_1276,0.7419448541494069
2025_1196_1277,0.5903995166508906
2025_1196_1279,0.7595691050272025
2025_1196_1280,0.7924555699338531
2025_1196_1281,0.8318837501169256
2025_1196_1285,0.8332214716782317
2025_1196_1291,0.9002991765971634
2025_1196_1303,0.8975221844661717
2025_1196_1307,0.7079173203853472
2025_1196_1313,0.8751070767152823
2025_1196_1314,0.7150318290965848
2025_1196_1328,0.8146771545639288
2025_1196_1332,0.6832837279462834
2025_1196_1345,0.6307717670448719
2025_1196_1352,0.8665751145594695
2025_1196_1361,0.7326998846078577
2025_1196_1384,0.9591060400485114
2025_1196_1385,0.5463770418054873
2025_1196_1388,0.6089026241300495
2025_1196_1397,0.4813526725257836
2025_1196_1400,0.8050950048717567
2025_1196_1401,0.7099713188658944
2025_1196_1403,0.6632387383996028
2025_1196_1407,0.8426491045396192
2025_1196_1417,0.7597131652209604
2025_1196_1423,0.7847054572986965
2025_1196_1429,0.6831585304506318
2025_1196_1433,0.6863867525512296
2025_1196_1435,0.8415354855139459
2025_1196_1458,0.6432758633967189
2025_1196_1459,0.9003430873336108
2025_1196_1462,0.7833931268443544
2025_1196_1463,0.7471074688439066
2025_1196_1471,0.7150132349388028
2025_1208_1211,0.2470309571297398
2025_1208_1213,0.3983516821547722
2025_1208_1219,0.44377885278902096
2025_1208_1222,0.12243648579267241
2025_1208_1228,0.35883860707809834
2025_1208_1235,0.29996674496250103
2025_1208_1242,0.35717683231810105
2025_1208_1246,0.326792324953825
2025_1208_1251,0.43521045045454054
2025_1208_1252,0.5693783844987079
2025_1208_1257,0.3979735371839253
2025_1208_1266,0.3199976756202731
2025_1208_1268,0.37757185258292025
2025_1208_1270,0.4478771623605016
2025_1208_1272,0.2789869693228318
2025_1208_1276,0.40146497891787947
2025_1208_1277,0.25164668598464734
2025_1208_1279,0.42429955723682816
2025_1208_1280,0.47111336711033924
2025_1208_1281,0.5358311375191659
2025_1208_1285,0.5382169094353771
2025_1208_1291,0.678107205648665
2025_1208_1303,0.6714002801043029
2025_1208_1307,0.36119622582984034
2025_1208_1313,0.620441632185003
2025_1208_1314,0.36923110764621836
2025_1208_1328,0.5063062012242283
2025_1208_1332,0.3347981995788322
2025_1208_1345,0.2849706859510548
2025_1208_1352,0.602416425571004
2025_1208_1361,0.3900499598320309
2025_1208_1384,0.8454763347314007
2025_1208_1385,0.2193559686261305
2025_1208_1388,0.2664391705423781
2025_1208_1397,0.17798047875392722
2025_1208_1400,0.4907464830234277
2025_1208_1401,0.3634961888018447
2025_1208_1403,0.3148145941593096
2025_1208_1407,0.5554228136498683
2025_1208_1417,0.4244922966116345
2025_1208_1423,0.4595473685697106
2025_1208_1429,0.3346693825826976
2025_1208_1433,0.3380076143663657
2025_1208_1435,0.5533538868407001
2025_1208_1458,0.2961174284726979
2025_1208_1459,0.6782139984418789
2025_1208_1462,0.4576229662289151
2025_1208_1463,0.4080042350622415
2025_1208_1471,0.36920985516562055
2025_1211_1213,0.6686692911003494
2025_1211_1219,0.7086158067428432
2025_1211_1222,0.2983753184520751
2025_1211_1228,0.6304393222755824
2025_1211_1235,0.5663695805898306
2025_1211_1242,0.6287532061542372
2025_1211_1246,0.5967114778171498
2025_1211_1251,0.7013818888467748
2025_1211_1252,0.8012023213750833
2025_1211_1257,0.6683195817030125
2025_1211_1266,0.5892166435550006
2025_1211_1268,0.6489992376500447
2025_1211_1270,0.7120290089868551
2025_1211_1272,0.541161217005025
2025_1211_1276,0.6715371771897953
2025_1211_1277,0.5061650141851245
2025_1211_1279,0.6919736833093225
2025_1211_1280,0.7308294855547164
2025_1211_1281,0.7786956046364615
2025_1211_1285,0.7803448002110442
2025_1211_1291,0.8652500027718287
2025_1211_1303,0.8616467995580636
2025_1211_1307,0.6328201560128203
2025_1211_1313,0.8328460547873912
2025_1211_1314,0.640835817105971
2025_1211_1328,0.757631274520857
2025_1211_1332,0.605383554167854
2025_1211_1345,0.548490422262245
2025_1211_1352,0.8220142492754512
2025_1211_1361,0.6609225768650833
2025_1211_1384,0.9434310681071358
2025_1211_1385,0.46134902256852095
2025_1211_1388,0.5254145524680649
2025_1211_1397,0.3975749439067541
2025_1211_1400,0.7460191044560295
2025_1211_1401,0.6351300657731717
2025_1211_1403,0.583414177638399
2025_1211_1407,0.7920153372412174
2025_1211_1417,0.6921418294827382
2025_1211_1423,0.721586628843786
2025_1211_1429,0.6052453534134107
2025_1211_1433,0.6088128499121013
2025_1211_1435,0.7906324049730603
2025_1211_1458,0.5618454246239106
2025_1211_1459,0.8653070405951608
2025_1211_1462,0.720026827837191
2025_1211_1463,0.6774960913080665
2025_1211_1471,0.6408148136074838
2025_1213_1219,0.546489889535408
2025_1213_1222,0.17404605387572758
2025_1213_1228,0.45808097081882687
2025_1213_1235,0.39290477518220995
2025_1213_1242,0.45628667641707293
2025_1213_1246,0.42301926902956044
2025_1213_1251,0.5378560089505235
2025_1213_1252,0.666334605337605
2025_1213_1257,0.4996054894397696
2025_1213_1266,0.4154585999747446
2025_1213_1268,0.4781315948773296
2025_1213_1270,0.5505977887741906
2025_1213_1272,0.36884981535134187
2025_1213_1276,0.5032432325844015
2025_1213_1277,0.3368169805656922
2025_1213_1279,0.5267718950206308
2025_1213_1280,0.573626435582043
2025_1213_1281,0.6355053191004432
2025_1213_1285,0.6377251521930728
2025_1213_1291,0.7608644525069285
2025_1213_1303,0.7552595113945653
2025_1213_1307,0.46062219083575584
2025_1213_1313,0.711721774412916
2025_1213_1314,0.46924414427826283
2025_1213_1328,0.6076784252356597
2025_1213_1332,0.43187024589661405
2025_1213_1345,0.37575645634506105
2025_1213_1352,0.695906824816204
2025_1213_1361,0.49130978194380626
2025_1213_1384,0.89205353778752
2025_1213_1385,0.2979486117507183
2025_1213_1388,0.35424607445618495
2025_1213_1397,0.24642842404481022
2025_1213_1400,0.5927437415671352
2025_1213_1401,0.4630962944858932
2025_1213_1403,0.40966081005240684
2025_1213_1407,0.6536096091357573
2025_1213_1417,0.5269685746203133
2025_1213_1423,0.5622190509139471
2025_1213_1429,0.4317283199361952
2025_1213_1433,0.43540112650348417
2025_1213_1435,0.651711085825362
2025_1213_1458,0.3885247512127476
2025_1213_1459,0.7609534681186885
2025_1213_1462,0.5603104461359113
2025_1213_1463,0.5100276351879717
2025_1213_1471,0.46922141745692675
2025_1219_1222,0.14884138127592297
2025_1219_1228,0.412274919701917
2025_1219_1235,0.349413865834765
2025_1219_1242,0.4105241282208067
2025_1219_1246,0.3782719533313251
2025_1219_1251,0.4913049086965334
2025_1219_1252,0.6236700161065087
2025_1219_1257,0.45311903923273006
2025_1219_1266,0.370996805953584
2025_1219_1268,0.4319185679455498
2025_1219_1270,0.5041469181826644
2025_1219_1272,0.3265891782527137
2025_1219_1276,0.4567272448133572
2025_1219_1277,0.29650231817009753
2025_1219_1279,0.48018334848842353
2025_1219_1280,0.5275132447215426
2025_1219_1281,0.5913164684411664
2025_1219_1285,0.5936333348781324
2025_1219_1291,0.7253041195038148
2025_1219_1303,0.7191733296234905
2025_1219_1307,0.4147565120838254
2025_1219_1313,0.6720039715131132
2025_1219_1314,0.4231935374266772
2025_1219_1328,0.5624387997605538
2025_1219_1332,0.38681434827678196
2025_1219_1345,0.3331221582696255
2025_1219_1352,0.6550661094160398
2025_1219_1361,0.4449089211954414
2025_1219_1384,0.8727385642831538
2025_1219_1385,0.2604590856634439
2025_1219_1388,0.31282932179572115
2025_1219_1397,0.21345050603145238
2025_1219_1400,0.5470655724368509
2025_1219_1401,0.41717480089444037
2025_1219_1403,0.3654315938233976
2025_1219_1407,0.610269589732787
2025_1219_1417,0.48038029098421137
2025_1219_1423,0.515913281663133
2025_1219_1429,0.3866771513877662
2025_1219_1433,0.3902298810351456
2025_1219_1435,0.6082758893763448
2025_1219_1458,0.3452429578300048
2025_1219_1459,0.7254015948068379
2025_1219_1462,0.51397731645243
2025_1219_1463,0.4634696262002683
2025_1219_1471,0.4231712627011497
2025_1222_1228,0.8004562613413043
2025_1222_1235,0.7543781665441676
2025_1222_1242,0.7992989003679624
2025_1222_1246,0.7767502786741174
2025_1222_1251,0.8466978961757136
2025_1222_1252,0.9045532220549692
2025_1222_1257,0.8257269794558706
2025_1222_1266,0.7713190740876198
2025_1222_1268,0.8130102043182824
2025_1222_1270,0.8532479017049358
2025_1222_1272,0.7349852189955883
2025_1222_1276,0.8278110043611248
2025_1222_1277,0.7067616610225178
2025_1222_1279,0.8408289940298953
2025_1222_1280,0.8645822007385932
2025_1222_1281,0.8921725774938836
2025_1222_1285,0.8930922243967301
2025_1222_1291,0.9378852289131673
2025_1222_1303,0.9360808034784016
2025_1222_1307,0.802085639368349
2025_1222_1313,0.9213607032099199
2025_1222_1314,0.8075300356542574
2025_1222_1328,0.8802482440900988
2025_1222_1332,0.7829590632756501
2025_1222_1345,0.740701864366013
2025_1222_1352,0.9156840787971186
2025_1222_1361,0.8208996635664261
2025_1222_1384,0.975
2025_1222_1385,0.6682173699268387
2025_1222_1388,0.722479122995101
2025_1222_1397,0.6081319373760727
2025_1222_1400,0.8735301413006482
2025_1222_1401,0.8036610862206227
2025_1222_1403,0.7670720095761626
2025_1222_1407,0.8995435243604785
2025_1222_1417,0.8409345615287045
2025_1222_1423,0.8590463723487519
2025_1222_1429,0.7828607459760523
2025_1222_1433,0.7853922431313927
2025_1222_1435,0.8987841982125996
2025_1222_1458,0.7509530077615703
2025_1222_1459,0.9379137273948531
2025_1222_1462,0.8581052474914329
2025_1222_1463,0.8316455842497287
2025_1222_1471,0.8075158522624922
2025_1228_1235,0.43363201376645466
2025_1228_1242,0.4981924568849988
2025_1228_1246,0.464479809630752
2025_1228_1251,0.579271856173961
2025_1228_1252,0.7026029686950531
2025_1228_1257,0.5415272656495135
2025_1228_1266,0.4567647446084621
2025_1228_1268,0.520124416454909
2025_1228_1270,0.5917385047440088
2025_1228_1272,0.4087624623158815
2025_1228_1276,0.5451377153052077
2025_1228_1277,0.37532465607555093
2025_1228_1279,0.568383948152886
2025_1228_1280,0.6141364057721438
2025_1228_1281,0.6734826480461101
2025_1228_1285,0.6755892601882171
2025_1228_1291,0.7900945326286395
2025_1228_1303,0.7849810868424603
2025_1228_1307,0.5025581104994917
2025_1228_1313,0.744945085288843
2025_1228_1314,0.5112210406178592
2025_1228_1328,0.6469443592863076
2025_1228_1332,0.4734863906947848
2025_1228_1345,0.4159239566457888
2025_1228_1352,0.7302620015423
2025_1228_1361,0.5332773008783067
2025_1228_1384,0.9072037977031671
2025_1228_1385,0.33425224074595594
2025_1228_1388,0.3935638627450979
2025_1228_1397,0.27894882196963944
2025_1228_1400,0.6326007089988513
2025_1228_1401,0.5050465510691993
2025_1228_1403,0.45083510291458484
2025_1228_1407,0.6906189308022098
2025_1228_1417,0.5685774973278488
2025_1228_1423,0.6030628614527724
2025_1228_1429,0.47334218295176606
2025_1228_1433,0.4770718046201056
2025_1228_1435,0.6888266804029332
2025_1228_1458,0.42911888932717884
2025_1228_1459,0.7901756682085274
2025_1228_1462,0.6012060171813203
2025_1228_1463,0.5518594681224619
2025_1228_1471,0.5111982388810891
2025_1235_1242,0.5645914374481011
2025_1235_1246,0.5311414476961508
2025_1235_1251,0.6426381014658057
2025_1235_1252,0.7552426270753215
2025_1235_1257,0.6067187498104322
2025_1235_1266,0.5234013253416656
2025_1235_1268,0.5860327753412258
2025_1235_1270,0.654347511786671
2025_1235_1272,0.47451313092587866
2025_1235_1276,0.6101853725788428
2025_1235_1277,0.43969673659347125
2025_1235_1279,0.6323492632516421
2025_1235_1280,0.6751959522644826
2025_1235_1281,0.7292907023466879
2025_1235_1285,0.7311809714379889
2025_1235_1291,0.8309735937668952
2025_1235_1303,0.8266374830396775
2025_1235_1307,0.5688793203340847
2025_1235_1313,0.7923055938870044
2025_1235_1314,0.5773585855673563
2025_1235_1328,0.7053035357158642
2025_1235_1332,0.5401368851882551
2025_1235_1345,0.4818876789387277
2025_1235_1352,0.779542109370395
2025_1235_1361,0.5987727102438484
2025_1235_1384,0.9273723290850412
2025_1235_1385,0.3960461124699805
2025_1235_1388,0.4587667707546798
2025_1235_1397,0.3356736645676362
2025_1235_1400,0.6922028162627696
2025_1235_1401,0.5713189899875474
2025_1235_1403,0.517430591500178
2025_1235_1407,0.7446087415843057
2025_1235_1417,0.6325326730246095
2025_1235_1423,0.6649186249166141
2025_1235_1429,0.5399931971437404
2025_1235_1433,0.5437058191109246
2025_1235_1435,0.7430128721558604
2025_1235_1458,0.49540032369872244
2025_1235_1459,0.8310423071976664
2025_1235_1462,0.6631895318060512
2025_1235_1463,0.6166218934746781
2025_1235_1471,0.5773363182957839
2025_1242_1246,0.46627869253728876
2025_1242_1251,0.581032955316149
2025_1242_1252,0.7041115181536626
2025_1242_1257,0.5433218014242899
2025_1242_1266,0.4585593334393561
2025_1242_1268,0.5219287688682179
2025_1242_1270,0.5934840412770112
2025_1242_1272,0.41051097281890747
2025_1242_1276,0.5469299426707541
2025_1242_1277,0.37702134324858944
2025_1242_1279,0.5701568037980349
2025_1242_1280,0.61584834783031
2025_1242_1281,0.6750705984525707
2025_1242_1285,0.6771718764070441
2025_1242_1291,0.7912911120068876
2025_1242_1303,0.786198927826121
2025_1242_1307,0.5043655728706903
2025_1242_1313,0.7463164032336052
2025_1242_1314,0.5130275268088438
2025_1242_1328,0.6485940311901035
2025_1242_1332,0.47528919679902937
2025_1242_1345,0.41768145961304914
2025_1242_1352,0.7316838295447635
2025_1242_1361,0.5350764045884638
2025_1242_1384,0.9078106834920873
2025_1242_1385,0.33586308466266684
2025_1242_1388,0.39529082674531996
2025_1242_1397,0.2804054006206521
2025_1242_1400,0.6342795148524507
2025_1242_1401,0.5068538441050122
2025_1242_1403,0.4526258058923597
2025_1242_1407,0.6921616352634218
2025_1242_1417,0.5703501589252752
2025_1242_1423,0.6047923172875284
2025_1242_1429,0.4751449354863552
2025_1242_1433,0.47887584588253934
2025_1242_1435,0.6903743150862344
2025_1242_1458,0.4308910152862565
2025_1242_1459,0.7913719071984118
2025_1242_1462,0.6029382365841996
2025_1242_1463,0.5536468961782611
2025_1242_1471,0.5130047290656219
2025_1246_1251,0.6135135428641637
2025_1246_1252,0.7314603452530805
2025_1246_1257,0.5765955251461521
2025_1246_1266,0.492237249191225
2025_1246_1268,0.5554859562503562
2025_1246_1270,0.6256213121820655
2025_1246_1272,0.44355089738915154
2025_1246_1276,0.580143926567503
2025_1246_1277,0.4092370749121602
2025_1246_1279,0.6029043157218205
2025_1246_1280,0.6472684051711436
2025_1246_1281,0.703975147459917
2025_1246_1285,0.7059709178022283
2025_1246_1291,0.8127251756849271
2025_1246_1303,0.8080290782381198
2025_1246_1307,0.5380644660230964
2025_1246_1313,0.7710327965447891
2025_1246_1314,0.5466668303397053
2025_1246_1328,0.6787329687287565
2025_1246_1332,0.5090406378138731
2025_1246_1345,0.45085710624019176
2025_1246_1352,0.7573623757650897
2025_1246_1361,0.5684737429913435
2025_1246_1384,0.9185107056518914
2025_1246_1385,0.3666316644483667
2025_1246_1388,0.42799515791483134
2025_1246_1397,0.3084530751417077
2025_1246_1400,0.6650120703607397
2025_1246_1401,0.5405376752029962
2025_1246_1403,0.48625930925485383
2025_1246_1407,0.7201760314373826
2025_1246_1417,0.6030931947171845
2025_1246_1423,0.6365830323559816
2025_1246_1429,0.5088960677375377
2025_1246_1433,0.5126331494375818
2025_1246_1435,0.7184852100457844
2025_1246_1458,0.4642793425931621
2025_1246_1459,0.8127996363378913
2025_1246_1462,0.6347880327402469
2025_1246_1463,0.5867405340505139
2025_1246_1471,0.54664421576992
2025_1251_1252,0.6317982053279854
2025_1251_1257,0.46175176537686613
2025_1251_1266,0.3791496686244468
2025_1251_1268,0.4404727047409195
2025_1251_1270,0.5128401575331465
2025_1251_1272,0.33428479280037726
2025_1251_1276,0.46537021683076585
2025_1251_1277,0.303808822528175
2025_1251_1279,0.4888707691879429
2025_1251_1280,0.5361737206429431
2025_1251_1281,0.5996949266514842
2025_1251_1285,0.6019962649835674
2025_1251_1291,0.7321798127478548
2025_1251_1303,0.7261445372998873
2025_1251_1307,0.42322397786436317
2025_1251_1313,0.6796244843163973
2025_1251_1314,0.4317061915993714
2025_1251_1328,0.5709797483011035
2025_1251_1332,0.3950964723350279
2025_1251_1345,0.34089378560430605
2025_1251_1352,0.6628827324587683
2025_1251_1361,0.4535149430464982
2025_1251_1384,0.8765520411774202
2025_1251_1385,0.26721476860010857
2025_1251_1388,0.3203549481453858
2025_1251_1397,0.21934854181520275
2025_1251_1400,0.555669535060769
2025_1251_1401,0.4256557293507971
2025_1251_1403,0.37353478513646765
2025_1251_1407,0.6185101688689959
2025_1251_1417,0.4890679224495482
2025_1251_1423,0.5245947605106976
2025_1251_1429,0.39495823000205255
2025_1251_1433,0.39853760465740123
2025_1251_1435,0.6165321352278144
2025_1251_1458,0.35314761522580046
2025_1251_1459,0.7322757488131317
2025_1251_1462,0.5226613912339343
2025_1251_1463,0.4721293066802307
2025_1251_1471,0.431683804142825
2025_1252_1257,0.3333146361820747
2025_1252_1266,0.2624839498251669
2025_1252_1268,0.3144960516096683
2025_1252_1270,0.3802312086466015
2025_1252_1272,0.22639019799381016
2025_1252_1276,0.3365559399316123
2025_1252_1277,0.2027548550535378
2025_1252_1279,0.35790626341986204
2025_1252_1280,0.40251645280897397
2025_1252_1281,0.46611582143013935
2025_1252_1285,0.46850449272815803
2025_1252_1291,0.6143824193834495
2025_1252_1303,0.60711701251236
2025_1252_1307,0.2995395626359337
2025_1252_1313,0.5528290143545977
2025_1252_1314,0.3068617373477528
2025_1252_1328,0.43681724334968736
2025_1252_1332,0.2757028815830924
2025_1252_1345,0.231608192260821
2025_1252_1352,0.5340045155291204
2025_1252_1361,0.32598134134684864
2025_1252_1384,0.8053756447122054
2025_1252_1385,0.17526849168928293
2025_1252_1388,0.21550095899335747
2025_1252_1397,0.14070996773880048
2025_1252_1400,0.42156950616898214
2025_1252_1401,0.30163230115213924
2025_1252_1403,0.2578791528066476
2025_1252_1407,0.48582643143027465
2025_1252_1417,0.35808760265857936
2025_1252_1423,0.391388275889281
2025_1252_1429,0.2755873821491019
2025_1252_1433,0.2785830467297612
2025_1252_1435,0.4837346709526659
2025_1252_1458,0.2413722471683687
2025_1252_1459,0.6144983348739542
2025_1252_1462,0.3895435714839717
2025_1252_1463,0.34264318119538867
2025_1252_1471,0.30684232843447795
2025_1257_1266,0.4158418830089738
2025_1257_1268,0.4785253643636245
2025_1257_1270,0.550988228156502
2025_1257_1272,0.369217259046022
2025_1257_1276,0.5036377245269104
2025_1257_1277,0.33716956070872944
2025_1257_1279,0.5271652579252869
2025_1257_1280,0.5740123469714533
2025_1257_1281,0.6358707759890788
2025_1257_1285,0.6380896508860524
2025_1257_1291,0.761151458730716
2025_1257_1303,0.7555510833484502
2025_1257_1307,0.46101427882926793
2025_1257_1313,0.7120454393400851
2025_1257_1314,0.4696371812082472
2025_1257_1328,0.608054575043265
2025_1257_1332,0.4322574733473946
2025_1257_1345,0.37612668010894507
2025_1257_1352,0.6962406677222002
2025_1257_1361,0.4917041787390331
2025_1257_1384,0.8922053998705798
2025_1257_1385,0.29827880439015897
2025_1257_1388,0.35460714380875574
2025_1257_1397,0.24672158609418415
2025_1257_1400,0.5931246230089618
2025_1257_1401,0.46348867878720146
2025_1257_1403,0.41004249635568035
2025_1257_1407,0.6539667977667089
2025_1257_1417,0.5273619207242362
2025_1257_1423,0.5626074144096116
2025_1257_1429,0.4321155169212497
2025_1257_1433,0.43578909141967626
2025_1257_1435,0.6520691900327676
2025_1257_1458,0.38889971782776933
2025_1257_1459,0.7612404010323793
2025_1257_1462,0.560699179807605
2025_1257_1463,0.5104219808304448
2025_1257_1471,0.46961445219403636
2025_1266_1268,0.5631399236252288
2025_1266_1270,0.6328657976560602
2025_1266_1272,0.45122816085644335
2025_1266_1276,0.5876884603177088
2025_1266_1277,0.416765246890887
2025_1266_1279,0.6103145803112714
2025_1266_1280,0.6543254516585382
2025_1266_1281,0.7104052685242395
2025_1266_1285,0.7123753997324868
2025_1266_1291,0.817405779747609
2025_1266_1303,0.81280001826832
2025_1266_1307,0.5457731157619446
2025_1266_1313,0.7764688298495661
2025_1266_1314,0.5543508239837283
2025_1266_1328,0.6854664110038335
2025_1266_1332,0.5167986728845138
2025_1266_1345,0.458556617092681
2025_1266_1352,0.7630232133971214
2025_1266_1361,0.5760747453186843
2025_1266_1384,0.9208050206194557
2025_1266_1385,0.3738720917629602
2025_1266_1388,0.4356139529454733
2025_1266_1397,0.315116188030906
2025_1266_1400,0.6718940719855873
2025_1266_1401,0.5482397049833773
2025_1266_1403,0.4940195084137355
2025_1266_1407,0.7263910177938544
2025_1266_1417,0.6105022116889616
2025_1266_1423,0.6437361921983884
2025_1266_1429,0.5166542181211955
2025_1266_1433,0.5203879026437437
2025_1266_1435,0.724723395771915
2025_1266_1458,0.4720110491142339
2025_1266_1459,0.8174787973326574
2025_1266_1462,0.6419566518571866
2025_1266_1463,0.5942494352584806
2025_1266_1471,0.5543282802306054
2025_1268_1270,0.572146873869611
2025_1268_1272,0.38944997047274016
2025_1268_1276,0.5251045156238657
2025_1268_1277,0.3566390210387498
2025_1268_1279,0.5485266587355869
2025_1268_1280,0.594883754137186
2025_1268_1281,0.6555302028214811
2025_1268_1285,0.6576937703656327
2025_1268_1291,0.7764251783471426
2025_1268_1303,0.7710752206032353
2025_1268_1307,0.4824300760120285
2025_1268_1313,0.7293427359781152
2025_1268_1314,0.49108857476146023
2025_1268_1328,0.6283380118393544
2025_1268_1332,0.45346130102472715
2025_1268_1345,0.3965000203158647
2025_1268_1352,0.7141061613277147
2025_1268_1361,0.513188212281706
2025_1268_1384,0.9001974350542605
2025_1268_1385,0.31657513528232156
2025_1268_1388,0.3745145878101537
2025_1268_1397,0.26304088069379483
2025_1268_1400,0.6136898231230958
2025_1268_1401,0.484916006959606
2025_1268_1403,0.4309838289615779
2025_1268_1407,0.6731514152862134
2025_1268_1417,0.5487220425511932
2025_1268_1423,0.5836322851796155
2025_1268_1429,0.4533179411557259
2025_1268_1433,0.4570267025282526
2025_1268_1435,0.6713061355408985
2025_1268_1458,0.4095107829854677
2025_1268_1459,0.7765101030322056
2025_1268_1462,0.5817475858953294
2025_1268_1463,0.5318680871047519
2025_1268_1471,0.49106576882348724
2025_1270_1272,0.3229515367803867
2025_1270_1276,0.45261433978755133
2025_1270_1277,0.29305395731183204
2025_1270_1279,0.47604430483334037
2025_1270_1280,0.5233769953483605
2025_1270_1281,0.5873017886955244
2025_1270_1285,0.5896256195434567
2025_1270_1291,0.7219868262490953
2025_1270_1303,0.7158110086485319
2025_1270_1307,0.41073581266581266
2025_1270_1313,0.6683373442815532
2025_1270_1314,0.41914962589221755
2025_1270_1328,0.5583523179124313
2025_1270_1332,0.3828873075987701
2025_1270_1345,0.3294473494414613
2025_1270_1352,0.6513083845227547
2025_1270_1361,0.4408160872126615
2025_1270_1384,0.8708847767236254
2025_1270_1385,0.2572766109765584
2025_1270_1388,0.3092745538559463
2025_1270_1397,0.2106787863247963
2025_1270_1400,0.5429521873839156
2025_1270_1401,0.41314720779113934
2025_1270_1403,0.3615936231277644
2025_1270_1407,0.6063171379139759
2025_1270_1417,0.47624110502254097
2025_1270_1423,0.5117694702005292
2025_1270_1429,0.38275063414574517
2025_1270_1433,0.3862900095064622
2025_1270_1435,0.6043163280148653
2025_1270_1458,0.34150291105266845
2025_1270_1459,0.7220850276440545
2025_1270_1462,0.5098326779874741
2025_1270_1463,0.4593473416538773
2025_1270_1471,0.41912740935273884
2025_1272_1276,0.6341651483532523
2025_1272_1277,0.46496823861294656
2025_1272_1279,0.6557348528230197
2025_1272_1280,0.6971613645583178
2025_1272_1281,0.7489580260844432
2025_1272_1285,0.7507578989580436
2025_1272_1291,0.8448253911794912
2025_1272_1303,0.840776538678722
2025_1272_1307,0.5937081638524571
2025_1272_1313,0.8085963480751859
2025_1272_1314,0.6020407093050489
2025_1272_1328,0.7260589508589914
2025_1272_1332,0.5653563257097044
2025_1272_1345,0.5073881903463829
2025_1272_1352,0.7965769469368923
2025_1272_1361,0.6230208055043018
2025_1272_1384,0.9339521085770691
2025_1272_1385,0.42069249355881344
2025_1272_1388,0.48418716863673317
2025_1272_1397,0.35879497453963605
2025_1272_1400,0.7135061200139573
2025_1272_1401,0.59610708453245
2025_1272_1403,0.5428413313223099
2025_1272_1407,0.7635240472233666
2025_1272_1417,0.6559129443790669
2025_1272_1423,0.6872571327756608
2025_1272_1429,0.5652141746252388
2025_1272_1433,0.5688857540713068
2025_1272_1435,0.7620085964134659
2025_1272_1458,0.5208969919029361
2025_1272_1459,0.844889524618142
2025_1272_1462,0.6855888043123539
2025_1272_1463,0.6404390395911066
2025_1272_1471,0.602018846050489
2025_1276_1277,0.33392532175489825
2025_1276_1279,0.5235368370134239
2025_1276_1280,0.5704504938304897
2025_1276_1281,0.6324949996169843
2025_1276_1285,0.634722628367801
2025_1276_1291,0.7584960160317026
2025_1276_1303,0.7528535943495548
2025_1276_1307,0.4574007199050948
2025_1276_1313,0.7090527369110039
2025_1276_1314,0.46601447170125315
2025_1276_1328,0.6045812827376342
2025_1276_1332,0.42869004008929873
2025_1276_1345,0.3727183766422516
2025_1276_1352,0.6931544915890134
2025_1276_1361,0.4880678945562575
2025_1276_1384,0.8907979360335895
2025_1276_1385,0.29524209030933746
2025_1276_1388,0.3512840422617586
2025_1276_1397,0.24402723087858444
2025_1276_1400,0.589608321961003
2025_1276_1401,0.45987227301871536
2025_1276_1403,0.4065271243149622
2025_1276_1407,0.6506666199832747
2025_1276_1417,0.5237336455233076
2025_1276_1423,0.5590234599069017
2025_1276_1429,0.4285483708985641
2025_1276_1433,0.4322147004868298
2025_1276_1435,0.648760634601811
2025_1276_1458,0.3854471804068858
2025_1276_1459,0.7585856335378742
2025_1276_1462,0.5571118980842629
2025_1276_1463,0.5067852852864919
2025_1276_1471,0.46599176396692343
2025_1277_1279,0.6866924866504265
2025_1277_1280,0.7259506430322151
2025_1277_1281,0.774416559259173
2025_1277_1285,0.7760884736280149
2025_1277_1291,0.862348694363755
2025_1277_1303,0.8586805815095508
2025_1277_1307,0.627071345286777
2025_1277_1313,0.8293846305048319
2025_1277_1314,0.6351401472524761
2025_1277_1328,0.7530740911190634
2025_1277_1332,0.5994770574206875
2025_1277_1345,0.5423760804009533
2025_1277_1352,0.8183774351727521
2025_1277_1361,0.6553741431956339
2025_1277_1384,0.9421004378156809
2025_1277_1385,0.45522668341177963
2025_1277_1388,0.5192616100020995
2025_1277_1397,0.3916835163295698
2025_1277_1400,0.74131812997931
2025_1277_1401,0.6293962406332096
2025_1277_1403,0.5774083923889676
2025_1277_1407,0.7879236946305825
2025_1277_1417,0.6868622111365341
2025_1277_1423,0.7166052189696727
2025_1277_1429,0.5993381571489005
2025_1277_1433,0.6029240149323367
2025_1277_1435,0.7865208893245832
2025_1277_1458,0.5557654589916553
2025_1277_1459,0.8624067649795004
2025_1277_1462,0.7150285313824171
2025_1277_1463,0.6720843010675375
2025_1277_1471,0.6351190003257619
2025_1279_1280,0.54722689995926
2025_1279_1281,0.6103344807469478
2025_1279_1285,0.612614164436426
2025_1279_1291,0.7408199452455764
2025_1279_1303,0.7349088795774923
2025_1279_1307,0.43412806946558313
2025_1279_1313,0.6892404858710546
2025_1279_1314,0.4426610989512829
2025_1279_1328,0.5818503483817465
2025_1279_1332,0.40578572414743264
2025_1279_1345,0.35096743078016196
2025_1279_1352,0.6727592791556551
2025_1279_1361,0.4645708577938726
2025_1279_1384,0.8812897356698964
2025_1279_1385,0.27602295162655044
2025_1279_1388,0.33012565218121187
2025_1279_1397,0.22706782920505322
2025_1279_1400,0.5666336319792871
2025_1279_1401,0.4365750503327057
2025_1279_1403,0.38401101626578
2025_1279_1407,0.6289590493807402
2025_1279_1417,0.5001972492554126
2025_1279_1423,0.5356849205075808
2025_1279_1429,0.40564624980714314
2025_1279_1433,0.4092569679169075
2025_1279_1435,0.6270025211418389
2025_1279_1458,0.3633837285926014
2025_1279_1459,0.7409138815023791
2025_1279_1462,0.5337565678999613
2025_1279_1463,0.4832377402630345
2025_1279_1471,0.44263858588225163
2025_1280_1281,0.5644509329980372
2025_1280_1285,0.5668085271376487
2025_1280_1291,0.7028198725211372
2025_1280_1303,0.6963973214160373
2025_1280_1307,0.38829124072066734
2025_1280_1313,0.6472786451878871
2025_1280_1314,0.39655469312657193
2025_1280_1328,0.5351672091865399
2025_1280_1332,0.36103214526178184
2025_1280_1345,0.3091146009417082
2025_1280_1352,0.6297674087561046
2025_1280_1361,0.41789348314020913
2025_1280_1384,0.8599925709801068
2025_1280_1385,0.23980514739243758
2025_1280_1388,0.28964903160976363
2025_1280_1397,0.19553864068883317
2025_1280_1400,0.5196541303409979
2025_1280_1401,0.39065822394412947
2025_1280_1403,0.3402836923505037
2025_1280_1407,0.5837729716431135
2025_1280_1417,0.4529685968174907
2025_1280_1423,0.4883796862390283
2025_1280_1429,0.3608987107687244
2025_1280_1433,0.3643552960371984
2025_1280_1435,0.5817366251597664
2025_1280_1458,0.3207820587250118
2025_1280_1459,0.702922058398513
2025_1280_1462,0.48644321807463925
2025_1280_1463,0.43621282356238356
2025_1280_1471,0.3965328566195789
2025_1281_1285,0.5023989117667395
2025_1281_1291,0.6460031092259203
2025_1281_1303,0.6389833902071845
2025_1281_1307,0.3287715059981178
2025_1281_1313,0.5860967170957552
2025_1281_1314,0.33646500717630734
2025_1281_1328,0.4704483539387565
2025_1281_1332,0.30361691733790447
2025_1281_1345,0.2566396656339129
2025_1281_1352,0.5675772400398077
2025_1281_1361,0.3564804804085788
2025_1281_1384,0.8257760779768955
2025_1281_1385,0.19576224110240853
2025_1281_1388,0.23933383316587772
2025_1281_1397,0.1579366927011909
2025_1281_1400,0.45497506010802535
2025_1281_1401,0.33097197428520664
2025_1281_1403,0.2846979215102789
2025_1281_1407,0.5197485477288085
2025_1281_1417,0.3898531798338078
2025_1281_1423,0.42415596379020915
2025_1281_1429,0.30349462394792265
2025_1281_1433,0.3066652242551474
2025_1281_1435,0.5176577769615854
2025_1281_1458,0.26709217840843247
2025_1281_1459,0.6461149945718264
2025_1281_1462,0.4222639716386202
2025_1281_1463,0.37383659379890455
2025_1281_1471,0.3364446347143958
2025_1285_1291,0.6438056683818708
2025_1285_1303,0.6367668756092694
2025_1285_1307,0.3266574044702964
2025_1285_1313,0.5837670097549735
2025_1285_1314,0.3343260749212741
2025_1285_1328,0.4680584997327208
2025_1285_1332,0.3015918903270447
2025_1285_1345,0.25481331378707023
2025_1285_1352,0.5652206204112249
2025_1285_1361,0.35428224569156663
2025_1285_1384,0.8243912236424341
2025_1285_1385,0.19425590585143376
2025_1285_1388,0.2375912739906568
2025_1285_1397,0.15666471677944868
2025_1285_1400,0.45259662865654904
2025_1285_1401,0.32885065533628766
2025_1285_1403,0.28274784460567276
2025_1285_1407,0.5173529243428647
2025_1285_1417,0.38757309543664215
2025_1285_1423,0.4218139536859611
2025_1285_1429,0.3014700594896149
2025_1285_1433,0.30462875979633497
2025_1285_1435,0.5152614510614731
2025_1285_1458,0.2652179812700337
2025_1285_1459,0.6439178654271879
2025_1285_1462,0.41992479017236223
2025_1285_1463,0.37159313389060844
2025_1285_1471,0.33430576671854423
2025_1291_1303,0.49236017113494346
2025_1291_1307,0.21160752070697644
2025_1291_1313,0.4369219452830947
2025_1291_1314,0.21744749061993443
2025_1291_1328,0.3274236584784892
2025_1291_1332,0.19284182873988603
2025_1291_1345,0.15908872836277066
2025_1291_1352,0.41835180744019174
2025_1291_1361,0.2328676524140845
2025_1291_1384,0.722012454787966
2025_1291_1385,0.1176878354133886
2025_1291_1388,0.14705964070768038
2025_1291_1397,0.09319975368446135
2025_1291_1400,0.3138663582344207
2025_1291_1401,0.21327297148519678
2025_1291_1403,0.1790506872912776
2025_1291_1407,0.3722723042176627
2025_1291_1417,0.2593315755123336
2025_1291_1423,0.2875625301978746
2025_1291_1429,0.19275180420863053
2025_1291_1433,0.19508952984596048
2025_1291_1435,0.37031733321446947
2025_1291_1458,0.16645783016615054
2025_1291_1459,0.5001223235808568
2025_1291_1462,0.2859772404441211
2025_1291_1463,0.2465108203860903
2025_1291_1471,0.2174319630693894
2025_1303_1307,0.21675105487902155
2025_1303_1313,0.44445470380361324
2025_1303_1314,0.22269288030450962
2025_1303_1328,0.3341890309909817
2025_1303_1332,0.1976435758921463
2025_1303_1345,0.16321997787399142
2025_1303_1352,0.42580651518618234
2025_1303_1361,0.23837170968715996
2025_1303_1384,0.7281046962458818
2025_1303_1385,0.1208985469241945
2025_1303_1388,0.15093458411552862
2025_1303_1397,0.09581494101103136
2025_1303_1400,0.32048508531960773
2025_1303_1401,0.21844577103332
2025_1303_1403,0.18358714159585726
2025_1303_1407,0.37944156082951824
2025_1303_1417,0.26524485959529565
2025_1303_1423,0.2938641366527534
2025_1303_1429,0.19755185838909503
2025_1303_1433,0.19993338139513134
2025_1303_1435,0.37747158029515865
2025_1303_1458,0.1707415871682248
2025_1303_1459,0.5077621234301266
2025_1303_1462,0.29225835815483125
2025_1303_1463,0.25223132012246985
2025_1303_1471,0.2226770847728274
2025_1307_1313,0.7429960166954819
2025_1307_1314,0.5086639248985044
2025_1307_1328,0.6446036748192515
2025_1307_1332,0.47093616518372466
2025_1307_1345,0.41344031372459694
2025_1307_1352,0.7282416609375587
2025_1307_1361,0.530729654073434
2025_1307_1384,0.9063387746041617
2025_1307_1385,0.3319790944303214
2025_1307_1388,0.3911243289132911
2025_1307_1397,0.2768953503951782
2025_1307_1400,0.6302192838082875
2025_1307_1401,0.502488569075784
2025_1307_1403,0.4483029999845862
2025_1307_1407,0.6884283492615252
2025_1307_1417,0.5660657461708577
2025_1307_1423,0.6006108536253957
2025_1307_1429,0.47079203964100647
2025_1307_1433,0.47451967209676343
2025_1307_1435,0.6866291669516448
2025_1307_1458,0.4266140047253063
2025_1307_1459,0.7884740966393964
2025_1307_1462,0.5987501708479455
2025_1307_1463,0.5493275332291313
2025_1307_1471,0.5086411185270139
2025_1313_1314,0.2636777923470304
2025_1313_1328,0.3855167555855526
2025_1313_1332,0.23541457672377583
2025_1313_1345,0.19601957906108158
2025_1313_1352,0.48103925494582844
2025_1313_1361,0.28119830780503347
2025_1313_1384,0.7699678666297375
2025_1313_1385,0.14668434458493715
2025_1313_1388,0.1818017725078906
2025_1313_1397,0.11696259104485958
2025_1313_1400,0.37088047018953846
2025_1313_1401,0.2589093904822459
2025_1313_1403,0.21940643407019972
2025_1313_1407,0.4331974974268047
2025_1313_1417,0.31092853308965224
2025_1313_1423,0.34218141912151817
2025_1313_1429,0.23531047185576273
2025_1313_1433,0.2380121698543565
2025_1313_1435,0.43114232903463146
2025_1313_1458,0.20468295799099637
2025_1313_1459,0.5631984277582919
2025_1313_1462,0.34043890721921527
2025_1313_1463,0.29657834819532275
2025_1313_1471,0.26366007582991646
2025_1314_1328,0.6366244215564183
2025_1314_1332,0.4623102024868169
2025_1314_1345,0.4050611850001847
2025_1314_1352,0.7213284160189475
2025_1314_1361,0.5220892532944335
2025_1314_1384,0.9033548747010036
2025_1314_1385,0.3243380284690125
2025_1314_1388,0.3829022329242381
2025_1314_1397,0.2700096756603302
2025_1314_1400,0.6221064056278804
2025_1314_1401,0.49382411154950007
2025_1314_1403,0.4397470240588376
2025_1314_1407,0.6809460229308107
2025_1314_1417,0.5575335474736609
2025_1314_1423,0.592268645459392
2025_1314_1429,0.4621664107452331
2025_1314_1433,0.4658858712903523
2025_1314_1435,0.6791237724016859
2025_1314_1458,0.41815822335291125
2025_1314_1459,0.782635758188929
2025_1314_1462,0.5903956028668457
2025_1314_1463,0.5407332409985083
2025_1314_1471,0.4999771867967761
2025_1328_1332,0.3292037376669298
2025_1328_1345,0.27985854792183323
2025_1328_1352,0.5963591619159214
2025_1328_1361,0.38406529982495813
2025_1328_1384,0.8421518407483942
2025_1328_1385,0.21506686347957685
2025_1328_1388,0.2615378752109256
2025_1328_1397,0.17431973907611736
2025_1328_1400,0.4844439128724388
2025_1328_1401,0.35768003535086756
2025_1328_1403,0.30939874205979007
2025_1328_1407,0.5491853750388394
2025_1328_1417,0.41834162740200503
2025_1328_1423,0.4532888318761875
2025_1328_1429,0.32907600833991335
2025_1328_1433,0.3323863205710134
2025_1328_1435,0.5471110896706924
2025_1328_1458,0.2908866757639956
2025_1328_1459,0.6726840835505522
2025_1328_1462,0.45136874949706385
2025_1328_1463,0.4019256228076287
2025_1328_1471,0.3633544688497665
2025_1332_1345,0.44191968483703536
2025_1332_1352,0.750654549793881
2025_1332_1361,0.5595806378735974
2025_1332_1384,0.9157623882991146
2025_1332_1385,0.3582745598255041
2025_1332_1388,0.4191650046310951
2025_1332_1397,0.3007923142032213
2025_1332_1400,0.6569077414362594
2025_1332_1401,0.5315432781238605
2025_1332_1403,0.4772299858253517
2025_1332_1407,0.7128299729018612
2025_1332_1417,0.5944045075693913
2025_1332_1423,0.6281754776962003
2025_1332_1429,0.49985538339985286
2025_1332_1433,0.5035941536016902
2025_1332_1435,0.7111125689674097
2025_1332_1458,0.45529645059389945
2025_1332_1459,0.8072343203646629
2025_1332_1462,0.6263633250460348
2025_1332_1463,0.5779443890010042
2025_1332_1471,0.5376671138584654
2025_1345_1352,0.7917458116961015
2025_1345_1361,0.6160545435800254
2025_1345_1384,0.9321054472438562
2025_1345_1385,0.41350702163334224
2025_1345_1388,0.476809815361211
2025_1345_1397,0.3520242866119921
2025_1345_1400,0.7074267291502978
2025_1345_1401,0.5889715939529291
2025_1345_1403,0.5354980843778882
2025_1345_1407,0.7581462646944588
2025_1345_1417,0.6492122731631116
2025_1345_1423,0.6808698700251454
2025_1345_1429,0.5579376451234785
2025_1345_1433,0.5616230136532773
2025_1345_1435,0.7566073365691008
2025_1345_1458,0.5135171492588226
2025_1345_1459,0.8409767182726653
2025_1345_1462,0.6791833741464102
2025_1345_1463,0.6336053597762793
2025_1345_1471,0.5949168241022251
2025_1352_1361,0.29678681697837395
2025_1352_1384,0.7831314478455186
2025_1352_1385,0.15643884904412333
2025_1352_1388,0.1933624011510499
2025_1352_1397,0.12503020148722124
2025_1352_1400,0.388751782593932
2025_1352_1401,0.273732833535362
2025_1352_1403,0.23267829188105496
2025_1352_1407,0.45191461784994574
2025_1352_1417,0.32741444555709237
2025_1352_1423,0.35945998003264296
2025_1352_1429,0.2492371930181521
2025_1352_1433,0.25204608605655654
2025_1352_1435,0.44984112584016206
2025_1352_1458,0.2173121381753986
2025_1352_1459,0.58176724953928
2025_1352_1462,0.3576773217437703
2025_1352_1463,0.3126486165625488
2025_1352_1471,0.27865324128301744
2025_1361_1384,0.8953557984208358
2025_1361_1385,0.3052711551750304
2025_1361_1388,0.3622383183258517
2025_1361_1397,0.2529409726315398
2025_1361_1400,0.6011080022515319
2025_1361_1401,0.4717502736521053
2025_1361_1403,0.4180938206695745
2025_1361_1407,0.6614378131995391
2025_1361_1417,0.5356253956074829
2025_1361_1423,0.5707562381933754
2025_1361_1429,0.44027680390992685
2025_1361_1433,0.4439655183922742
2025_1361_1435,0.6595598475267813
2025_1361_1458,0.3968151302844982
2025_1361_1459,0.7672197438517364
2025_1361_1462,0.5688563108122745
2025_1361_1463,0.5187113310477489
2025_1361_1471,0.47788797807368893
2025_1384_1385,0.04884726138424392
2025_1384_1388,0.06225043040457284
2025_1384_1397,0.03806531002050577
2025_1384_1400,0.14974897781415847
2025_1384_1401,0.09450966373916808
2025_1384_1403,0.07746790022227452
2025_1384_1407,0.1858890062343996
2025_1384_1417,0.11879283256851726
2025_1384_1423,0.1345029433361607
2025_1384_1429,0.08419299858575592
2025_1384_1433,0.08535331611358822
2025_1384_1435,0.18462494247028552
2025_1384_1458,0.07139813288165335
2025_1384_1459,0.2780857623748926
2025_1384_1462,0.1336032118414836
2025_1384_1463,0.11187057613930908
2025_1384_1471,0.09663715877953155
2025_1385_1388,0.563814789519328
2025_1385_1397,0.43519978965194656
2025_1385_1400,0.7742392506419957
2025_1385_1401,0.6702247692048205
2025_1385_1403,0.6205110258411576
2025_1385_1407,0.8163826768157598
2025_1385_1417,0.7241346891687712
2025_1385_1423,0.7516176488141622
2025_1385_1429,0.6415924318040656
2025_1385_1433,0.645024102525791
2025_1385_1435,0.8151239476541419
2025_1385_1458,0.5995446019198221
2025_1385_1459,0.8823629621389499
2025_1385_1462,0.7501678437688172
2025_1385_1463,0.7103740698363538
2025_1385_1471,0.6756419738069571
2025_1388_1397,0.3734777847543899
2025_1388_1400,0.7262633675297366
2025_1388_1401,0.6112436766560608
2025_1388_1403,0.558495652862391
2025_1388_1407,0.7747571588713296
2025_1388_1417,0.6700488053725372
2025_1388_1423,0.7006929048230469
2025_1388_1429,0.5806941520538409
2025_1388_1433,0.584331144917019
2025_1388_1435,0.7732923205818648
2025_1388_1458,0.5366613656502398
2025_1388_1459,0.8530017224005806
2025_1388_1462,0.699064865403118
2025_1388_1463,0.6548761133470645
2025_1388_1471,0.6170762048903992
2025_1397_1400,0.8165389114579946
2025_1397_1401,0.725093321230085
2025_1397_1403,0.6796980862624635
2025_1397_1407,0.8522925529511165
2025_1397_1417,0.7730706162947836
2025_1397_1423,0.7970447473936136
2025_1397_1429,0.6990860108637308
2025_1397_1433,0.7022226873557221
2025_1397_1435,0.8512351344079425
2025_1397_1458,0.6602110398758059
2025_1397_1459,0.9068415900912286
2025_1397_1462,0.7957880574438354
2025_1397_1463,0.7609451657751396
2025_1397_1471,0.7299723376266163
2025_1400_1401,0.3721035008717641
2025_1400_1403,0.3228538691489443
2025_1400_1407,0.5645439236860207
2025_1400_1417,0.4335601242835618
2025_1400_1423,0.46875410054713873
2025_1400_1429,0.3429618956616231
2025_1400_1433,0.3463397851306467
2025_1400_1435,0.5624840076253123
2025_1400_1458,0.3038910043348439
2025_1400_1459,0.6862390037903903
2025_1400_1462,0.4668244458092053
2025_1400_1463,0.41697504063704
2025_1400_1471,0.37787214198502483
2025_1401_1403,0.4458423007977915
2025_1401_1407,0.6862891968434153
2025_1401_1417,0.5636190152938116
2025_1401_1423,0.5982206533428879
2025_1401_1429,0.46831268346579247
2025_1401_1433,0.47203819520349455
2025_1401_1435,0.6844833232998369
2025_1401_1458,0.42418082189832124
2025_1401_1459,0.7868091145242982
2025_1401_1462,0.5963563187312767
2025_1401_1463,0.5468619743150603
2025_1401_1471,0.5061530787149493
2025_1403_1407,0.7311198294881055
2025_1403_1417,0.6161756011838224
2025_1403_1423,0.6492036541291354
2025_1403_1429,0.5226256955931075
2025_1403_1433,0.5263555401396829
2025_1403_1435,0.729470295091899
2025_1403_1458,0.47797679504730045
2025_1403_1459,0.8210212235414044
2025_1403_1462,0.6474364665639116
2025_1403_1463,0.6000044536216388
2025_1403_1471,0.5602304939004649
2025_1407_1417,0.3712250972464779
2025_1407_1423,0.40497672315475997
2025_1407_1429,0.287051627634377
2025_1407_1433,0.29012200136100846
2025_1407_1435,0.49790630882292375
2025_1407_1458,0.2519081157017392
2025_1407_1459,0.6278420296919046
2025_1407_1462,0.403110393400189
2025_1407_1463,0.35552788066677554
2025_1407_1471,0.3190341519439311
2025_1417_1423,0.5354886704461891
2025_1417_1429,0.405456038860645
2025_1417_1433,0.40906622915412005
2025_1417_1435,0.6268179796327332
2025_1417_1458,0.3632012248540768
2025_1417_1459,0.740762396443933
2025_1417_1462,0.5335602124815941
2025_1417_1463,0.48304071530048803
2025_1417_1471,0.4424439414980653
2025_1423_1429,0.3716894193182465
2025_1423_1433,0.37518868241872877
2025_1423_1435,0.5930035977066515
2025_1423_1458,0.3309945103079132
2025_1423_1459,0.7125377012689325
2025_1423_1462,0.49806231082744484
2025_1423_1463,0.4476780074281383
2025_1423_1471,0.4077093184040138
2025_1429_1433,0.5037387624285874
2025_1429_1435,0.7112313896675125
2025_1429_1458,0.4554399148924671
2025_1429_1459,0.8073243178329588
2025_1429_1462,0.6264986949789426
2025_1429_1463,0.5780854848664
2025_1429_1471,0.5378109065907277
2025_1433_1435,0.7081501686121685
2025_1433_1458,0.4517333172986022
2025_1433_1459,0.8049872923872864
2025_1433_1462,0.6229926092640853
2025_1433_1463,0.5744336439860539
2025_1433_1471,0.5340914216333672
2025_1435_1458,0.253489629531768
2025_1435_1459,0.629796754373879
2025_1435_1462,0.405127102083906
2025_1435_1463,0.3574490966539736
2025_1435_1471,0.320856342596357
2025_1458_1459,0.8336100481579921
2025_1458_1462,0.6672869330908451
2025_1458_1463,0.6209620225513983
2025_1458_1471,0.5818195744963657
2025_1459_1462,0.2858773398142194
2025_1459_1463,0.24641994854609767
2025_1459_1471,0.21734871855409207
2025_1462_1463,0.44959525571100595
2025_1462_1471,0.4095823297720039
2025_1463_1471,0.4592440972888883
2025_3104_3117,0.749583810922926
2025_3104_3123,0.47305638260843935
2025_3104_3124,0.3850366296615152
2025_3104_3143,0.5325844343734673
2025_3104_3162,0.4498330985746299
2025_3104_3163,0.18823723958437444
2025_3104_3166,0.3319968937306782
2025_3104_3181,0.3055291074627091
2025_3104_3192,0.7152623114923669
2025_3104_3193,0.45942394396990277
2025_3104_3195,0.40932095677664887
2025_3104_3199,0.48496761544145256
2025_3104_3206,0.4983993865934616
2025_3104_3210,0.6533419492102667
2025_3104_3213,0.4850684664671884
2025_3104_3217,0.4661584061303359
2025_3104_3219,0.799742623922832
2025_3104_3228,0.5816655574447054
2025_3104_3231,0.5222532381286875
2025_3104_3234,0.38977464716375615
2025_3104_3235,0.5222973876621593
2025_3104_3243,0.4863381030648878
2025_3104_3246,0.5661493302931512
2025_3104_3250,0.6766957853462253
2025_3104_3251,0.5295810594045369
2025_3104_3257,0.4712994139055425
2025_3104_3261,0.3080649064529969
2025_3104_3268,0.4464953343996974
2025_3104_3276,0.4978926853960512
2025_3104_3277,0.5604300574640058
2025_3104_3279,0.4806319866837609
2025_3104_3280,0.6294483069079517
2025_3104_3286,0.5536633912274112
2025_3104_3293,0.6169424608913441
2025_3104_3301,0.29723688735253573
2025_3104_3304,0.5815090301369932
2025_3104_3313,0.49442043209061104
2025_3104_3314,0.4075814350319685
2025_3104_3323,0.3017824216328345
2025_3104_3326,0.36202871526119723
2025_3104_3328,0.38220296399688436
2025_3104_3329,0.5282070529381394
2025_3104_3332,0.6719828906588777
2025_3104_3333,0.6372817868571293
2025_3104_3343,0.46275931072523735
2025_3104_3350,0.4266903560348233
2025_3104_3355,0.36761538003162697
2025_3104_3361,0.6311522961291821
2025_3104_3372,0.5697572696439644
2025_3104_3376,0.13905320134194685
2025_3104_3378,0.6122176438709008
2025_3104_3380,0.7877172281224809
2025_3104_3395,0.35502822073330287
2025_3104_3397,0.5016107067938651
2025_3104_3399,0.6480001074996607
2025_3104_3400,0.19200669072859744
2025_3104_3417,0.20559839307349503
2025_3104_3422,0.6650122858769514
2025_3104_3425,0.2330621918816748
2025_3104_3428,0.518286368901529
2025_3104_3435,0.5596941010125968
2025_3104_3436,0.701968974234213
2025_3104_3449,0.669740903638308
2025_3104_3452,0.45764854881610517
2025_3104_3453,0.4661611424117877
2025_3104_3456,0.8678040541244378
2025_3104_3471,0.8177358587733288
2025_3117_3123,0.23071597870934193
2025_3117_3124,0.1729849813399947
2025_3117_3143,0.27570423993186044
2025_3117_3162,0.21454580044477042
2025_3117_3163,0.07189761953719342
2025_3117_3166,0.14239227430814116
2025_3117_3181,0.12814071533164442
2025_3117_3192,0.4562836935343199
2025_3117_3193,0.22113647792307844
2025_3117_3195,0.18798341013337772
2025_3117_3199,0.23929627893184105
2025_3117_3206,0.24921631515259593
2025_3117_3210,0.3863616162867421
2025_3117_3213,0.23936978574776138
2025_3117_3217,0.22583725373791866
2025_3117_3219,0.5715781044954584
2025_3117_3228,0.31717619397994723
2025_3117_3231,0.2675042571646424
2025_3117_3234,0.17585982248734686
2025_3117_3235,0.267538931057706
2025_3117_3243,0.24029642893585265
2025_3117_3246,0.30359509504310844
2025_3117_3250,0.4115005223117681
2025_3117_3251,0.2733024588276075
2025_3117_3257,0.2294671290172647
2025_3117_3261,0.1294787377889407
2025_3117_3268,0.21228024491890662
2025_3117_3276,0.24883727223694663
2025_3117_3277,0.2987020507391425
2025_3117_3279,0.2361499202940541
2025_3117_3280,0.3620348757006184
2025_3117_3286,0.292989170805658
2025_3117_3293,0.34982619114119473
2025_3117_3301,0.12380463451317335
2025_3117_3304,0.3170369012346092
2025_3117_3313,0.2462500790965557
2025_3117_3314,0.1868869125052426
2025_3117_3323,0.12617411568302922
2025_3117_3326,0.15936457191543038
2025_3117_3328,0.17127725452341033
2025_3117_3329,0.27220861495653065
2025_3117_3332,0.4063134130690296
2025_3117_3333,0.3698621629167711
2025_3117_3343,0.2234570067400612
2025_3117_3350,0.19912673748269824
2025_3117_3355,0.16262100484177983
2025_3117_3361,0.36372552915782624
2025_3117_3372,0.3067127114460776
2025_3117_3376,0.05119458587404205
2025_3117_3378,0.34530299979600304
2025_3117_3380,0.5535009309195308
2025_3117_3395,0.15532882014783383
2025_3117_3397,0.25162750660293726
2025_3117_3399,0.3808047553730735
2025_3117_3400,0.07354844832381024
2025_3117_3417,0.07958066077017734
2025_3117_3422,0.39874855723776487
2025_3117_3425,0.09216399376125362
2025_3117_3428,0.2644014888631646
2025_3117_3435,0.2980767282633813
2025_3117_3436,0.4403597324450764
2025_3117_3449,0.40386646471529336
2025_3117_3452,0.21990732140655908
2025_3117_3453,0.22583917613827426
2025_3117_3456,0.6868184291252016
2025_3117_3471,0.5998136162317563
2025_3123_3124,0.4108759902104237
2025_3123_3143,0.5593197344932724
2025_3123_3162,0.47665047181082787
2025_3123_3163,0.20527818448335436
2025_3123_3166,0.35633932695168513
2025_3123_3181,0.32888635442040826
2025_3123_3192,0.7367142109269887
2025_3123_3193,0.48630768400214264
2025_3123_3195,0.43563554772759056
2025_3123_3199,0.5119305616226586
2025_3123_3206,0.5253473765408249
2025_3123_3210,0.6773545438262484
2025_3123_3213,0.5120314453190304
2025_3123_3217,0.49307677271312905
2025_3123_3219,0.816463029019371
2025_3123_3228,0.607661595381079
2025_3123_3231,0.5490791474825553
2025_3123_3234,0.4157170267500419
2025_3123_3235,0.5491229582069176
2025_3123_3243,0.5133013053475965
2025_3123_3246,0.5924339666194152
2025_3123_3250,0.6998339067916183
2025_3123_3251,0.5563450441195646
2025_3123_3257,0.49823757979577166
2025_3123_3261,0.33152346836585866
2025_3123_3268,0.4732849008563157
2025_3123_3276,0.5248419447587822
2025_3123_3277,0.5868083081964314
2025_3123_3279,0.5075914502968137
2025_3123_3280,0.6542400865166315
2025_3123_3286,0.5801434952261133
2025_3123_3293,0.6420951940527555
2025_3123_3301,0.32025253977230106
2025_3123_3304,0.6075082315255104
2025_3123_3313,0.5213769041622341
2025_3123_3314,0.43386633721386253
2025_3123_3323,0.3249872782377394
2025_3123_3326,0.3872964555124338
2025_3123_3328,0.40797831893358555
2025_3123_3329,0.5549835204183671
2025_3123_3332,0.6953064320810552
2025_3123_3333,0.6618310377005594
2025_3123_3343,0.48966143329164113
2025_3123_3350,0.4532647222972536
2025_3123_3355,0.3930328237470259
2025_3123_3361,0.6558923949174601
2025_3123_3372,0.5959793095251167
2025_3123_3376,0.15247791428644838
2025_3123_3378,0.6374983293737724
2025_3123_3380,0.8051971187899013
2025_3123_3395,0.3800984657860675
2025_3123_3397,0.5285493682129415
2025_3123_3399,0.6721970725689617
2025_3123_3400,0.2093008956745002
2025_3123_3417,0.22377776140253938
2025_3123_3422,0.6886017880256423
2025_3123_3425,0.2528968796688588
2025_3123_3428,0.5451410221991272
2025_3123_3435,0.5860838976424024
2025_3123_3436,0.7240359782917407
2025_3123_3449,0.6931510664406183
2025_3123_3452,0.484521516135633
2025_3123_3453,0.49307952105937186
2025_3123_3456,0.8796965434990768
2025_3123_3471,0.8332671383852006
2025_3124_3143,0.6453695774297409
2025_3124_3162,0.5663265850438174
2025_3124_3163,0.27026454219659396
2025_3124_3166,0.4425195041316906
2025_3124_3181,0.4126839696247227
2025_3124_3192,0.8004813012398375
2025_3124_3193,0.5758017013330082
2025_3124_3195,0.5253410243577684
2025_3124_3199,0.600626586618962
2025_3124_3206,0.6134462587838191
2025_3124_3210,0.7506320437931564
2025_3124_3213,0.6007234359141805
2025_3124_3217,0.5824041644769953
2025_3124_3219,0.8644684986499752
2025_3124_3228,0.6895119594795076
2025_3124_3231,0.6358266631158235
2025_3124_3234,0.5049909988157818
2025_3124_3235,0.6358676349474095
2025_3124_3243,0.6019419205494022
2025_3124_3246,0.6757660725030074
2025_3124_3250,0.7697415309266157
2025_3124_3251,0.6426045862375549
2025_3124_3257,0.5874165130152614
2025_3124_3261,0.41557692563196924
2025_3124_3268,0.5630089974388615
2025_3124_3276,0.6129655256500954
2025_3124_3277,0.6706512061609685
2025_3124_3279,0.596454423362086
2025_3124_3280,0.7306799340822133
2025_3124_3286,0.6645657242665356
2025_3124_3293,0.720071195106488
2025_3124_3301,0.40317187520850767
2025_3124_3304,0.6893742353759683
2025_3124_3313,0.6096651795622993
2025_3124_3314,0.5235454640185173
2025_3124_3323,0.4083959909606422
2025_3124_3326,0.47543342023931817
2025_3124_3328,0.4970040453374832
2025_3124_3329,0.6413371236872702
2025_3124_3332,0.765915796728909
2025_3124_3333,0.7372666315715677
2025_3124_3343,0.5790768934727529
2025_3124_3350,0.5431069341908865
2025_3124_3355,0.4814494380060418
2025_3124_3361,0.7321165239396737
2025_3124_3372,0.6789793193102658
2025_3124_3376,0.20506197989253497
2025_3124_3378,0.7160329217007385
2025_3124_3380,0.8556282218371047
2025_3124_3395,0.46784816392522244
2025_3124_3397,0.6164877958885537
2025_3124_3399,0.7462070300046681
2025_3124_3400,0.2751198868720366
2025_3124_3417,0.2924653958447063
2025_3124_3422,0.7602290893080926
2025_3124_3425,0.32675995117590306
2025_3124_3428,0.6321385792670813
2025_3124_3435,0.6699911231957733
2025_3124_3436,0.7899984125866597
2025_3124_3449,0.7640904446324105
2025_3124_3452,0.5740541581167293
2025_3124_3453,0.5824068386833317
2025_3124_3456,0.9129266696870995
2025_3124_3471,0.8775366207307832
2025_3143_3162,0.41778623047836577
2025_3143_3163,0.1690987946310085
2025_3143_3166,0.30371063597668346
2025_3143_3181,0.2785575518245149
2025_3143_3192,0.6879511864649314
2025_3143_3193,0.4272243900568992
2025_3143_3195,0.37817634417130497
2025_3143_3199,0.4524762936476767
2025_3143_3206,0.46582208242843726
2025_3143_3210,0.6232202241449383
2025_3143_3213,0.4525763253129553
2025_3143_3217,0.43386567945024795
2025_3143_3219,0.7780198048510966
2025_3143_3228,0.5496091682165187
2025_3143_3231,0.4896387516100326
2025_3143_3234,0.3592128348510271
2025_3143_3235,0.4896829700284237
2025_3143_3243,0.45383587134275033
2025_3143_3246,0.5338568009301267
2025_3143_3250,0.6475084905213516
2025_3143_3251,0.4969850006154508
2025_3143_3257,0.4389433782777188
2025_3143_3261,0.2809600597391567
2025_3143_3268,0.4145070999024087
2025_3143_3276,0.4653177769327581
2025_3143_3277,0.5280666851993672
2025_3143_3279,0.4481783699540478
2025_3143_3280,0.5985262066381816
2025_3143_3286,0.5212274292420497
2025_3143_3293,0.5856637142005999
2025_3143_3301,0.270712003992027
2025_3143_3304,0.5494499371884886
2025_3143_3313,0.4618637314892406
2025_3143_3314,0.3764848184226688
2025_3143_3323,0.2750106392972438
2025_3143_3326,0.3324571808024885
2025_3143_3328,0.3518924834431377
2025_3143_3329,0.4956064659852715
2025_3143_3332,0.6425948424321724
2025_3143_3333,0.6066048324845914
2025_3143_3343,0.4305121610926452
2025_3143_3350,0.39510816452662856
2025_3143_3355,0.3378291568268801
2025_3143_3361,0.6002820932383803
2025_3143_3372,0.5375139119340853
2025_3143_3376,0.12415059798670983
2025_3143_3378,0.5808152286950481
2025_3143_3380,0.7650731460834653
2025_3143_3395,0.32573654551525827
2025_3143_3397,0.4690197685582699
2025_3143_3399,0.6176858327409522
2025_3143_3400,0.1725664700221686
2025_3143_3417,0.18509729185103546
2025_3143_3422,0.6353386236738926
2025_3143_3425,0.21054837857148043
2025_3143_3428,0.48566777504650094
2025_3143_3435,0.5273222444679041
2025_3143_3436,0.67396399934438
2025_3143_3449,0.6402595211667456
2025_3143_3452,0.42547548917058153
2025_3143_3453,0.4338683802337551
2025_3143_3456,0.8520987952579602
2025_3143_3471,0.7974705648566388
2025_3162_3163,0.2209463532485592
2025_3162_3166,0.37805260947534564
2025_3162_3181,0.3498360080054977
2025_3162_3192,0.7544384458819119
2025_3162_3193,0.5096695780003447
2025_3162_3195,0.45873702277111483
2025_3162_3199,0.5352408212487654
2025_3162_3206,0.5485818920979653
2025_3162_3210,0.6974336663177523
2025_3162_3213,0.5353412600294034
2025_3162_3217,0.5164369292897338
2025_3162_3219,0.8300570447438823
2025_3162_3228,0.6297068704251498
2025_3162_3231,0.5720981848203125
2025_3162_3234,0.43858308896045956
2025_3162_3235,0.5721415017926076
2025_3162_3243,0.5366053580848398
2025_3162_3246,0.614792473245615
2025_3162_3250,0.719094236110432
2025_3162_3251,0.5792773734830843
2025_3162_3257,0.5215906619530112
2025_3162_3261,0.35255285826086835
2025_3162_3268,0.49662601046978405
2025_3162_3276,0.5480799183657324
2025_3162_3277,0.6092718891758602
2025_3162_3279,0.5309190560363971
2025_3162_3280,0.6750676370706097
2025_3162_3286,0.6027241076647243
2025_3162_3293,0.6632777935839005
2025_3162_3301,0.3409316162340463
2025_3162_3304,0.6295568706349151
2025_3162_3313,0.5446373111695862
2025_3162_3314,0.4569499556414396
2025_3162_3323,0.3458165455873118
2025_3162_3326,0.4096954106511928
2025_3162_3328,0.43073251725910233
2025_3162_3329,0.5779328356712438
2025_3162_3332,0.7147388546723933
2025_3162_3333,0.6824232901225811
2025_3162_3343,0.5130235370422921
2025_3162_3350,0.4765117244752949
2025_3162_3355,0.4155385369540199
2025_3162_3361,0.6766696038728941
2025_3162_3372,0.6182686437229702
2025_3162_3376,0.16495250196149028
2025_3162_3378,0.6588084263372611
2025_3162_3380,0.8194410330668241
2025_3162_3395,0.40235450336123463
2025_3162_3397,0.5517608782402333
2025_3162_3399,0.6924514272400487
2025_3162_3400,0.2251891025142129
2025_3162_3417,0.24043075723629106
2025_3162_3422,0.7082824109108592
2025_3162_3425,0.2709604111822839
2025_3162_3428,0.5682030006529026
2025_3162_3435,0.6085605906946596
2025_3162_3436,0.7423151735305195
2025_3162_3449,0.7126641451306182
2025_3162_3452,0.5078824396618379
2025_3162_3453,0.5164396751916156
2025_3162_3456,0.889242391872857
2025_3162_3471,0.8458515119585532
2025_3163_3166,0.6818610887181071
2025_3163_3181,0.6548438422813401
2025_3163_3192,0.9154897260708396
2025_3163_3193,0.7856402173346138
2025_3163_3195,0.7492717099662255
2025_3163_3199,0.8023991968090354
2025_3163_3206,0.8107824833332324
2025_3163_3210,0.8904422899943293
2025_3163_3213,0.8024632080982872
2025_3163_3217,0.7901668442569472
2025_3163_3219,0.9451214868645571
2025_3163_3228,0.8570644726013623
2025_3163_3231,0.8249970307134171
2025_3163_3234,0.7336548133996097
2025_3163_3235,0.8250225766461075
2025_3163_3243,0.8032676597107866
2025_3163_3246,0.8491131882819616
2025_3163_3250,0.9002614666628694
2025_3163_3251,0.8291999335333232
2025_3163_3257,0.793569342788576
2025_3163_3261,0.6575338423109283
2025_3163_3268,0.7767218182453585
2025_3163_3276,0.8104713424163303
2025_3163_3277,0.8461101745239066
2025_3163_3279,0.7996317224832008
2025_3163_3280,0.8798865034491243
2025_3163_3286,0.8425053549206747
2025_3163_3293,0.8741427763623827
2025_3163_3301,0.6458883971442716
2025_3163_3304,0.8569856548990246
2025_3163_3313,0.8083285443596703
2025_3163_3314,0.7479167685613778
2025_3163_3323,0.6508279586664231
2025_3163_3326,0.7099075961380259
2025_3163_3328,0.7273654648355591
2025_3163_3329,0.8284175186718767
2025_3163_3332,0.8983178475582293
2025_3163_3333,0.8834063745993632
2025_3163_3343,0.7878920787890176
2025_3163_3350,0.7624461733912127
2025_3163_3355,0.7148473748180408
2025_3163_3361,0.8806571985065681
2025_3163_3372,0.8509873344504972
2025_3163_3376,0.410555110087567
2025_3163_3378,0.8719318421335992
2025_3163_3380,0.9411840156382613
2025_3163_3395,0.703599092748804
2025_3163_3397,0.8127452765434434
2025_3163_3399,0.8881284497288214
2025_3163_3400,0.5061200672370116
2025_3163_3417,0.5274325826345931
2025_3163_3422,0.8954084022996793
2025_3163_3425,0.5671922488823885
2025_3163_3428,0.8226904840987581
2025_3163_3435,0.8457208512700554
2025_3163_3436,0.9103729078940707
2025_3163_3449,0.8973866236964694
2025_3163_3452,0.7844334999332468
2025_3163_3453,0.7901686673389565
2025_3163_3456,0.9658809838821091
2025_3163_3471,0.9508550465327932
2025_3166_3181,0.46955321974167447
2025_3166_3192,0.8348293554513718
2025_3166_3193,0.6309990826343362
2025_3166_3195,0.5823417593753779
2025_3166_3199,0.6545317940442859
2025_3166_3206,0.6665816734575162
2025_3166_3210,0.7913247150518464
2025_3166_3213,0.6546230880246139
2025_3166_3217,0.6372836124093897
2025_3166_3219,0.8893239151232839
2025_3166_3228,0.7366796223033218
2025_3166_3231,0.6874530861217465
2025_3166_3234,0.56239988829461
2025_3166_3235,0.687491104432052
2025_3166_3243,0.6557713404797954
2025_3166_3246,0.7241866297785239
2025_3166_3250,0.8081130095886084
2025_3166_3251,0.6937329788871367
2025_3166_3257,0.6420421076776504
2025_3166_3261,0.47252409436984827
2025_3166_3268,0.6187688704302957
2025_3166_3276,0.6661310567654786
2025_3166_3277,0.7195185696184387
2025_3166_3279,0.6505951712715421
2025_3166_3280,0.7736466526164338
2025_3166_3286,0.7139509004912875
2025_3166_3293,0.7641841812492518
2025_3166_3301,0.45975643196208993
2025_3166_3304,0.7365548266155983
2025_3166_3313,0.6630348438590926
2025_3166_3314,0.5805896780111615
2025_3166_3323,0.4651423222473317
2025_3166_3326,0.5331008830276014
2025_3166_3328,0.5545220979808666
2025_3166_3329,0.6925600883685107
2025_3166_3332,0.8047631103409659
2025_3166_3333,0.7794996356513663
2025_3166_3343,0.6341189043104001
2025_3166_3350,0.5996002687076345
2025_3166_3355,0.5390966883661504
2025_3166_3361,0.7749246509057464
2025_3166_3372,0.7271137919137528
2025_3166_3376,0.24526843151693822
2025_3166_3378,0.7605706846128903
2025_3166_3380,0.8818833581065554
2025_3166_3395,0.5255172941944021
2025_3166_3397,0.6694304190397821
2025_3166_3399,0.7874172904333563
2025_3166_3400,0.32347307919116836
2025_3166_3417,0.34242701833094985
2025_3166_3422,0.7997734251778129
2025_3166_3425,0.3794382688634312
2025_3166_3428,0.6840280161413235
2025_3166_3435,0.7189153780168422
2025_3166_3436,0.8257583177698212
2025_3166_3449,0.8031628329982828
2025_3166_3452,0.6293325501794051
2025_3166_3453,0.6372861540488767
2025_3166_3456,0.9296187652005116
2025_3166_3471,0.900271924964142
2025_3181_3192,0.8509645377494311
2025_3181_3193,0.6589106029532525
2025_3181_3195,0.6116687073203323
2025_3181_3199,0.6815615884212975
2025_3181_3206,0.6931107195247457
2025_3181_3210,0.8107463399843833
2025_3181_3213,0.6816492136422636
2025_3181_3217,0.6649721610900513
2025_3181_3219,0.9007684061716394
2025_3181_3228,0.759642334355704
2025_3181_3231,0.7130363796852617
2025_3181_3234,0.5921464017198288
2025_3181_3235,0.7130725848973072
2025_3181_3243,0.68275115890177
2025_3181_3246,0.7478659159736577
2025_3181_3250,0.8263150787467917
2025_3181_3251,0.7190123421399848
2025_3181_3257,0.6695557599094677
2025_3181_3261,0.5029808491798134
2025_3181_3268,0.6470880922138201
2025_3181_3276,0.692679426798851
2025_3181_3277,0.7434566496513136
2025_3181_3279,0.6777813434925682
2025_3181_3280,0.7942858740800286
2025_3181_3286,0.738191258740321
2025_3181_3293,0.7854469262064232
2025_3181_3301,0.4901549602205211
2025_3181_3304,0.7595248689439177
2025_3181_3313,0.6897147348034296
2025_3181_3314,0.6099572515011094
2025_3181_3323,0.49557029746058984
2025_3181_3326,0.5632925146244587
2025_3181_3328,0.5844083989287704
2025_3181_3329,0.7178968947276552
2025_3181_3332,0.8232134292680365
2025_3181_3333,0.7997433164899749
2025_3181_3343,0.661920876225318
2025_3181_3350,0.6284884798532496
2025_3181_3355,0.5692139084599488
2025_3181_3361,0.795478148547886
2025_3181_3372,0.750628309701939
2025_3181_3376,0.2685344503908089
2025_3181_3378,0.7820663286978177
2025_3181_3380,0.8940055415811873
2025_3181_3395,0.5557906949487842
2025_3181_3397,0.6958362278273971
2025_3181_3399,0.8071139390298103
2025_3181_3400,0.350710324690271
2025_3181_3417,0.3703864682819394
2025_3181_3422,0.8185889859304414
2025_3181_3425,0.40854218628535244
2025_3181_3428,0.709773306237362
2025_3181_3435,0.7428865422854728
2025_3181_3436,0.8426125720115668
2025_3181_3449,0.8217308816433734
2025_3181_3452,0.6573016657744376
2025_3181_3453,0.6649746107073963
2025_3181_3456,0.937190832488349
2025_3181_3471,0.9106980127201041
2025_3192_3193,0.252798359069753
2025_3192_3195,0.21621623262031167
2025_3192_3199,0.2726480618137865
2025_3192_3206,0.2834355457407136
2025_3192_3210,0.4286603029804494
2025_3192_3213,0.272728140564855
2025_3192_3217,0.25794927812668
2025_3192_3219,0.6138691651180651
2025_3192_3228,0.3562984293266647
2025_3192_3231,0.3032204064941868
2025_3192_3234,0.20272641060533406
2025_3192_3235,0.30325779326075647
2025_3192_3243,0.2737374460713187
2025_3192_3246,0.3418808976987327
2025_3192_3250,0.4545128939245971
2025_3192_3251,0.3094656965120975
2025_3192_3257,0.2619206660504587
2025_3192_3261,0.15055398840350043
2025_3192_3268,0.2430698346700143
2025_3192_3276,0.2830240770740067
2025_3192_3277,0.33666910794865323
2025_3192_3279,0.2692183772187886
2025_3192_3280,0.40342118912713815
2025_3192_3286,0.33057236716934346
2025_3192_3293,0.390671512164656
2025_3192_3301,0.14410920317521825
2025_3192_3304,0.35615091688041095
2025_3192_3313,0.2802140345189659
2025_3192_3314,0.21499865707412885
2025_3192_3323,0.14680218180582819
2025_3192_3326,0.18427460322433925
2025_3192_3328,0.19761161847925843
2025_3192_3329,0.30828851782983346
2025_3192_3332,0.4491974453529915
2025_3192_3333,0.41156601410657495
2025_3192_3343,0.25534221234645466
2025_3192_3350,0.228562078458915
2025_3192_3355,0.18792625409778568
2025_3192_3361,0.4051823629909968
2025_3192_3372,0.3451967893055947
2025_3192_3376,0.060411808838656204
2025_3192_3378,0.38593368398847844
2025_3192_3380,0.5963161561737517
2025_3192_3395,0.1797429103755754
2025_3192_3397,0.2860516708193958
2025_3192_3399,0.422914357830404
2025_3192_3400,0.08642373278040597
2025_3192_3417,0.0934054699113243
2025_3192_3422,0.441427822423894
2025_3192_3425,0.1079184832989577
2025_3192_3428,0.2998729643429414
2025_3192_3435,0.3360023841134346
2025_3192_3436,0.4839082175692695
2025_3192_3449,0.4466865501038561
2025_3192_3452,0.2514500307846205
2025_3192_3453,0.2579513827953725
2025_3192_3456,0.7232418600578341
2025_3192_3471,0.6410677362269731
2025_3193_3195,0.4491486027011638
2025_3193_3199,0.5256061458458233
2025_3193_3206,0.5389855705413484
2025_3193_3210,0.6892089638276618
2025_3193_3213,0.5257068217191873
2025_3193_3217,0.5067716563880819
2025_3193_3219,0.8245304383364945
2025_3193_3228,0.6206425370686368
2025_3193_3231,0.5626031843189339
2025_3193_3234,0.4290819768975558
2025_3193_3235,0.5626467276778533
2025_3193_3243,0.5269739707348355
2025_3193_3246,0.6055917202759644
2025_3193_3250,0.7112145312818896
2025_3193_3251,0.56982189139469
2025_3193_3257,0.5119310474553732
2025_3193_3261,0.3437742368115625
2025_3193_3268,0.48695813443576136
2025_3193_3276,0.538481903239963
2025_3193_3277,0.6000250623224764
2025_3193_3279,0.5212749206476209
2025_3193_3280,0.6665256577013344
2025_3193_3286,0.5934257283090328
2025_3193_3293,0.6545844643107797
2025_3193_3301,0.33229384974903803
2025_3193_3304,0.6204910783762
2025_3193_3313,0.5350282092270461
2025_3193_3314,0.4473680153191763
2025_3193_3323,0.33711832155786126
2025_3193_3326,0.4003738099049399
2025_3193_3328,0.4212738583467683
2025_3193_3329,0.568469646447393
2025_3193_3332,0.7067867932720698
2025_3193_3333,0.6739812936717714
2025_3193_3343,0.5033556493779372
2025_3193_3350,0.46687224260688265
2025_3193_3355,0.40617546745295374
2025_3193_3361,0.6681490356612989
2025_3193_3372,0.6090981276344746
2025_3193_3376,0.15969298693140446
2025_3193_3378,0.6500605867669582
2025_3193_3380,0.8136466980070259
2025_3193_3395,0.3930887039863019
2025_3193_3397,0.5421757370522969
2025_3193_3399,0.6841526254653367
2025_3193_3400,0.21851152787163072
2025_3193_3417,0.23343738793430627
2025_3193_3422,0.7002258548143477
2025_3193_3425,0.2633869561184889
2025_3193_3428,0.5586882408785676
2025_3193_3435,0.5993080010718544
2025_3193_3436,0.7348466587059955
2025_3193_3449,0.7046781451989335
2025_3193_3452,0.4982123166335528
2025_3193_3453,0.5067744047567346
2025_3193_3456,0.885374722296781
2025_3193_3471,0.8407399967731625
2025_3195_3199,0.5760613825160339
2025_3195_3206,0.5891301759777179
2025_3195_3210,0.731163755662252
2025_3195_3213,0.57615998521695
2025_3195_3217,0.5575437932828143
2025_3195_3219,0.8521368243160461
2025_3195_3228,0.6673863787011262
2025_3195_3231,0.6120280348166751
2025_3195_3234,0.4796396740043722
2025_3195_3235,0.6120700505537783
2025_3195_3243,0.5774006970033002
2025_3195_3246,0.6531536908610123
2025_3195_3250,0.7512707790509179
2025_3195_3251,0.6189834661184201
2025_3195_3257,0.562630450562753
2025_3195_3261,0.3911672342643999
2025_3195_3268,0.5379100992040869
2025_3195_3276,0.5886394808348752
2025_3195_3277,0.6478679882893343
2025_3195_3279,0.5718155406633597
2025_3195_3280,0.7102552371445385
2025_3195_3286,0.6415865124674246
2025_3195_3293,0.6991731904577938
2025_3195_3301,0.37901827384736486
2025_3195_3304,0.6672435766446098
2025_3195_3313,0.5852720488453563
2025_3195_3314,0.4982001440079717
2025_3195_3323,0.3841308530781293
2025_3195_3326,0.45021636555393535
2025_3195_3328,0.4716716238044621
2025_3195_3329,0.6176820727183044
2025_3195_3332,0.7472389282563994
2025_3195_3333,0.7171480877689981
2025_3195_3343,0.5541700724691783
2025_3195_3350,0.51784387857987
2025_3195_3355,0.4561907907755726
2025_3195_3361,0.7117577967280055
2025_3195_3372,0.6564771148438808
2025_3195_3376,0.18901810938448216
2025_3195_3378,0.694961153190327
2025_3195_3380,0.8426386114369089
2025_3195_3395,0.4426939025370292
2025_3195_3397,0.5922358631138888
2025_3195_3399,0.7265191427233245
2025_3195_3400,0.2553554780498556
2025_3195_3417,0.2719223403649315
2025_3195_3422,0.7412517770055553
2025_3195_3425,0.304845895573023
2025_3195_3428,0.6082474326944098
2025_3195_3435,0.647186264893568
2025_3195_3436,0.7726727193401145
2025_3195_3449,0.7453163650855048
2025_3195_3452,0.5490815612046986
2025_3195_3453,0.5575465057449143
2025_3195_3456,0.9045170879594443
2025_3195_3471,0.8662099603994698
2025_3199_3206,0.5134330640057694
2025_3199_3210,0.6668360419644471
2025_3199_3213,0.5001009416537988
2025_3199_3217,0.48115243817334646
2025_3199_3219,0.8092021391104877
2025_3199_3228,0.5962254258699116
2025_3199_3231,0.537235798324419
2025_3199_3234,0.40417190229777494
2025_3199_3235,0.5372797900272827
2025_3199_3243,0.5013716143820925
2025_3199_3246,0.5808600915182108
2025_3199_3250,0.6897125431923629
2025_3199_3251,0.5445342311291409
2025_3199_3257,0.4863081697471073
2025_3199_3261,0.3210318249323685
2025_3199_3268,0.46140354602829886
2025_3199_3276,0.5129267079217261
2025_3199_3277,0.5751892320641651
2025_3199_3279,0.4956593161265905
2025_3199_3280,0.6433647877109616
2025_3199_3286,0.5684748243087255
2025_3199_3293,0.6310533183328633
2025_3199_3301,0.30995219917741285
2025_3199_3304,0.5960705632250648
2025_3199_3313,0.5094559891036401
2025_3199_3314,0.42218137482636625
2025_3199_3323,0.3146051345768753
2025_3199_3326,0.3760326481179422
2025_3199_3328,0.39650226568057856
2025_3199_3329,0.5431662242536129
2025_3199_3332,0.6851010981530604
2025_3199_3333,0.6510671587825118
2025_3199_3343,0.47774185338509756
2025_3199_3350,0.44146471265427806
2025_3199_3355,0.38170611855138126
2025_3199_3361,0.6450408699663172
2025_3199_3372,0.5844354918612917
2025_3199_3376,0.14641145414912085
2025_3199_3378,0.6263971516275011
2025_3199_3380,0.7976010244665042
2025_3199_3395,0.3689179517855945
2025_3199_3397,0.5166414796075433
2025_3199_3399,0.6615944344028422
2025_3199_3400,0.20151121356010615
2025_3199_3417,0.21559619530630747
2025_3199_3422,0.6782757979032713
2025_3199_3425,0.2439853240104708
2025_3199_3428,0.5332821580326577
2025_3199_3435,0.5744592232191291
2025_3199_3436,0.7143976491735573
2025_3199_3449,0.6829064639527053
2025_3199_3452,0.47261118575422584
2025_3199_3453,0.4811551831410395
2025_3199_3456,0.8745528693975935
2025_3199_3471,0.8265297903107798
2025_3206_3210,0.6547905946721594
2025_3206_3213,0.4866678053365684
2025_3206_3217,0.4677520323943905
2025_3206_3219,0.8007660407547252
2025_3206_3228,0.5832226570574025
2025_3206_3231,0.5238504534341178
2025_3206_3234,0.3912985485744323
2025_3206_3235,0.5238945899250563
2025_3206_3243,0.4879376613827495
2025_3206_3246,0.5677212625247001
2025_3206_3250,0.6780949223586263
2025_3206_3251,0.5311757683898682
2025_3206_3257,0.4728950466638367
2025_3206_3261,0.30943133850493254
2025_3206_3268,0.4480781614019997
2025_3206_3276,0.4994932919660929
2025_3206_3277,0.5620066804461616
2025_3206_3279,0.48223039660959804
2025_3206_3280,0.63094039864287
2025_3206_3286,0.5552450236937958
2025_3206_3293,0.6184543852865605
2025_3206_3301,0.29857601588418026
2025_3206_3304,0.5830662947508978
2025_3206_3313,0.496020903352179
2025_3206_3314,0.40912827913453337
2025_3206_3323,0.3031331955409005
2025_3206_3326,0.363508758480895
2025_3206_3328,0.38371587707374005
2025_3206_3329,0.5298022842205791
2025_3206_3332,0.6733925793320387
2025_3206_3333,0.6387604381261514
2025_3206_3343,0.4643514243782187
2025_3206_3350,0.42825729617140307
2025_3206_3355,0.3691050486588674
2025_3206_3361,0.6326415309072679
2025_3206_3372,0.5713260275852551
2025_3206_3376,0.13982146190637545
2025_3206_3378,0.6137365411824928
2025_3206_3380,0.7887858701719297
2025_3206_3395,0.35649563696421177
2025_3206_3397,0.5032112870840839
2025_3206_3399,0.6494590988708021
2025_3206_3400,0.19300193068819363
2025_3206_3417,0.20664606580979178
2025_3206_3422,0.6664370612731226
2025_3206_3425,0.23420855257104467
2025_3206_3428,0.5198846542598955
2025_3206_3435,0.5612712972208764
2025_3206_3436,0.7033066923685067
2025_3206_3449,0.6711555123773402
2025_3206_3452,0.459238109505508
2025_3206_3453,0.46775476983386255
2025_3206_3456,0.8685368191919451
2025_3206_3471,0.8186881683123999
2025_3210_3213,0.3332536671854889
2025_3210_3217,0.316622878881642
2025_3210_3219,0.679380160869542
2025_3210_3228,0.4245439368353742
2025_3210_3231,0.36709724342210165
2025_3210_3234,0.25312368048945355
2025_3210_3235,0.3671383562413938
2025_3210_3243,0.33438397763679617
2025_3210_3246,0.40912002904817735
2025_3210_3250,0.5261925743695108
2025_3210_3251,0.37395208815480047
2025_3210_3257,0.3211067049906757
2025_3210_3261,0.19108995054162625
2025_3210_3268,0.29972598557739516
2025_3210_3276,0.3447514041425373
2025_3210_3277,0.4035116867929333
2025_3210_3279,0.3293176947278042
2025_3210_3280,0.4740455927419436
2025_3210_3286,0.3969288130784666
2025_3210_3293,0.46078787540723154
2025_3210_3301,0.18328434580766173
2025_3210_3304,0.4243867978064984
2025_3210_3313,0.3416205093312046
2025_3210_3314,0.2674234529067192
2025_3210_3323,0.18654983147094834
2025_3210_3326,0.23141624212224704
2025_3210_3328,0.24713149940910356
2025_3210_3329,0.37266199089633417
2025_3210_3332,0.5208392480222179
2025_3210_3333,0.48246316173400317
2025_3210_3343,0.313673476594018
2025_3210_3350,0.28310141954888923
2025_3210_3355,0.23573210608057782
2025_3210_3361,0.4758691505061266
2025_3210_3372,0.4126791345442893
2025_3210_3376,0.07893267130664798
2025_3210_3378,0.45583584547619777
2025_3210_3380,0.663171149370288
2025_3210_3395,0.226046496702491
2025_3210_3397,0.348118705596485
2025_3210_3399,0.4941248180890597
2025_3210_3400,0.1119689249029062
2025_3210_3417,0.12074158735110886
2025_3210_3422,0.5129845442272425
2025_3210_3425,0.1388514722286836
2025_3210_3428,0.36341241650269535
2025_3210_3435,0.40279297094499544
2025_3210_3436,0.5555027795523854
2025_3210_3449,0.5183047253569898
2025_3210_3452,0.3092614188387871
2025_3210_3453,0.31662525801222763
2025_3210_3456,0.7769394020340833
2025_3210_3471,0.7041878673397993
2025_3213_3217,0.4810516407168696
2025_3213_3219,0.8091397921689583
2025_3213_3228,0.5961282190487499
2025_3213_3231,0.5371354149856999
2025_3213_3234,0.4040746722046636
2025_3213_3235,0.5371794080103747
2025_3213_3243,0.501270673432008
2025_3213_3246,0.5807617866241195
2025_3213_3250,0.689626126822402
2025_3213_3251,0.5444340884640494
2025_3213_3257,0.48620730434352233
2025_3213_3261,0.3209438221240553
2025_3213_3268,0.4613032074237514
2025_3213_3276,0.5128258332107362
2025_3213_3277,0.5750905700776039
2025_3213_3279,0.49555838225727394
2025_3213_3280,0.6432721394960619
2025_3213_3286,0.5683757730979107
2025_3213_3293,0.6309593063848362
2025_3213_3301,0.30986584745968354
2025_3213_3304,0.595973344385561
2025_3213_3313,0.5093550831676678
2025_3213_3314,0.422082881372293
2025_3213_3323,0.3145180774055962
2025_3213_3326,0.3759379162525556
2025_3213_3328,0.3964056531236758
2025_3213_3329,0.5430660332011632
2025_3213_3332,0.6850139840085094
2025_3213_3333,0.6509754260069813
2025_3213_3343,0.47764111267277715
2025_3213_3350,0.44136515681124155
2025_3213_3355,0.38161083153365566
2025_3213_3361,0.6449484168775373
2025_3213_3372,0.5843374254586312
2025_3213_3376,0.14636100056288107
2025_3213_3378,0.6263026558234375
2025_3213_3380,0.7975358351228048
2025_3213_3395,0.36882395282806063
2025_3213_3397,0.516540649094896
2025_3213_3399,0.6615040303117136
2025_3213_3400,0.2014462535462014
2025_3213_3417,0.21552792036700238
2025_3213_3422,0.6781876825223585
2025_3213_3425,0.24391085433754123
2025_3213_3428,0.533181662281479
2025_3213_3435,0.5743605171509626
2025_3213_3436,0.7143152600659607
2025_3213_3449,0.6828190237623996
2025_3213_3452,0.4725105480977215
2025_3213_3453,0.4810543856426758
2025_3213_3456,0.874508565402293
2025_3213_3471,0.826471891307985
2025_3217_3219,0.8205767912221876
2025_3217_3228,0.6142442078145703
2025_3217_3231,0.5559263627682082
2025_3217_3234,0.4224592708174732
2025_3217_3235,0.5559700462150021
2025_3217_3243,0.520217085633764
2025_3217_3246,0.5991035121609005
2025_3217_3250,0.7056192408544075
2025_3217_3251,0.563169704041519
2025_3217_3257,0.5051610589760873
2025_3217_3261,0.3376894185462454
2025_3217_3268,0.48019347490329095
2025_3217_3276,0.5317433343546691
2025_3217_3277,0.5935067476377883
2025_3217_3279,0.5145116268139084
2025_3217_3280,0.6604778556391663
2025_3217_3286,0.5868739139808297
2025_3217_3293,0.6484343279102928
2025_3217_3301,0.32631119104933026
2025_3217_3304,0.6140917829662347
2025_3217_3313,0.5282833880040041
2025_3217_3314,0.4406809255597173
2025_3217_3323,0.3310918734724522
2025_3217_3326,0.3938884993599637
2025_3217_3328,0.414684131693536
2025_3217_3329,0.5618126284817571
2025_3217_3332,0.7011417633669274
2025_3217_3333,0.6680013547821961
2025_3217_3343,0.4965836824697606
2025_3217_3350,0.46013635662978014
2025_3217_3355,0.3996588171416421
2025_3217_3361,0.6621157500416781
2025_3217_3372,0.602629752441348
2025_3217_3376,0.15609140044588135
2025_3217_3378,0.6438737245442934
2025_3217_3380,0.8095044773475412
2025_3217_3395,0.38664530762528987
2025_3217_3397,0.5354445724870041
2025_3217_3399,0.6782701938554484
2025_3217_3400,0.21392110088833846
2025_3217_3417,0.2286251345103075
2025_3217_3422,0.694509107435819
2025_3217_3425,0.2581652305981607
2025_3217_3428,0.5519992459448496
2025_3217_3435,0.5927859312898216
2025_3217_3436,0.7295351219404859
2025_3217_3449,0.6990098071976221
2025_3217_3452,0.4914410746884052
2025_3217_3453,0.5000027488730593
2025_3217_3456,0.8825968029423612
2025_3217_3471,0.8370794137227839
2025_3219_3228,0.2582523062659679
2025_3219_3231,0.21490397399254133
2025_3219_3234,0.13788768135578597
2025_3219_3235,0.21493383043585113
2025_3219_3243,0.1916463766599364
2025_3219_3246,0.24628423081331813
2025_3219_3250,0.34387830724193197
2025_3219_3251,0.21990433361130723
2025_3219_3257,0.1824829197438447
2025_3219_3261,0.10030248013603418
2025_3219_3268,0.16804762634709958
2025_3219_3276,0.19891079587569385
2025_3219_3277,0.24199389648207853
2025_3219_3279,0.18813147281789383
2025_3219_3280,0.2984194311261526
2025_3219_3286,0.23699907115038352
2025_3219_3293,0.28738961588577855
2025_3219_3301,0.0957663010968048
2025_3219_3304,0.25812910839135267
2025_3219_3313,0.19670676026708395
2025_3219_3314,0.146958344645285
2025_3219_3323,0.09765897098456293
2025_3219_3326,0.12441643849517614
2025_3219_3328,0.1341335505030015
2025_3219_3329,0.21895981165631423
2025_3219_3332,0.3390525051458987
2025_3219_3333,0.3055300250147092
2025_3219_3343,0.17742003936063488
2025_3219_3350,0.1570883305567402
2025_3219_3355,0.1270666902151621
2025_3219_3361,0.2999526853911317
2025_3219_3372,0.2490237698052103
2025_3219_3376,0.038870907296802516
2025_3219_3378,0.28332192937394624
2025_3219_3380,0.4816416130027701
2025_3219_3395,0.12113817881207474
2025_3219_3397,0.20129121948417314
2025_3219_3399,0.3155223346805615
2025_3219_3400,0.05616221598175165
2025_3219_3417,0.06086214135419373
2025_3219_3422,0.3320395498379204
2025_3219_3425,0.07071308412044172
2025_3219_3428,0.21223453999057632
2025_3219_3435,0.24144641823401009
2025_3219_3436,0.3709846615141975
2025_3219_3449,0.3367808410643277
2025_3219_3452,0.17443738887616125
2025_3219_3453,0.17942482765556877
2025_3219_3456,0.6217526853692021
2025_3219_3471,0.5290661609318379
2025_3228_3231,0.4401526326722898
2025_3228_3234,0.3147782684994474
2025_3228_3235,0.44019623668711416
2025_3228_3243,0.40509608525145524
2025_3228_3246,0.48414108569320563
2025_3228_3250,0.6008513517086461
2025_3228_3251,0.44740729789978684
2025_3228_3257,0.390658972055363
2025_3228_3261,0.24254146992889358
2025_3228_3268,0.36715169346176013
2025_3228_3276,0.41628475585842223
2025_3228_3277,0.47833686502717226
2025_3228_3279,0.3996016294905903
2025_3228_3280,0.549892497244195
2025_3228_3286,0.4714982028932571
2025_3228_3293,0.5366780292911318
2025_3228_3301,0.23324018005194416
2025_3228_3304,0.4998391910045946
2025_3228_3313,0.41291360128536864
2025_3228_3314,0.33101740378443906
2025_3228_3323,0.2371372770543311
2025_3228_3326,0.2898352831834783
2025_3228_3328,0.307928295479708
2025_3228_3329,0.44604433837954494
2025_3228_3332,0.5956934196289508
2025_3228_3333,0.5582274251698663
2025_3228_3343,0.38252287734982193
2025_3228_3350,0.34864926897451665
2025_3228_3355,0.2948227251526653
2025_3228_3361,0.5517017719254437
2025_3228_3372,0.48781402969893284
2025_3228_3376,0.10407074607891893
2025_3228_3378,0.5317146591140619
2025_3228_3380,0.7274266739467481
2025_3228_3395,0.28361019310629826
2025_3228_3397,0.4199030057491242
2025_3228_3399,0.5697044862946563
2025_3228_3400,0.14596092694709273
2025_3228_3417,0.15692620332788232
2025_3228_3422,0.5880953572505416
2025_3228_3425,0.17935628527138772
2025_3228_3428,0.4362399429211591
2025_3228_3435,0.4775915837502685
2025_3228_3436,0.6288011548285235
2025_3228_3449,0.5932456241600451
2025_3228_3452,0.3776753069524874
2025_3228_3453,0.3857583975514666
2025_3228_3456,0.8252119636690995
2025_3228_3471,0.7634102590399561
2025_3231_3234,0.3688085914538052
2025_3231_3235,0.5000442373337991
2025_3231_3243,0.46412848777224036
2025_3231_3246,0.5441560897203487
2025_3231_3250,0.6569104685756167
2025_3231_3251,0.5073471670826575
2025_3231_3257,0.4491760170212285
2025_3231_3261,0.2894095450428873
2025_3231_3268,0.42460119126018747
2025_3231_3276,0.47564401592132466
2025_3231_3277,0.5383832852465763
2025_3231_3279,0.45845038026775203
2025_3231_3280,0.6084446302729327
2025_3231_3286,0.5315609112680209
2025_3231_3293,0.5956852481840355
2025_3231_3301,0.27897286700806917
2025_3231_3304,0.5596888561133201
2025_3231_3313,0.47218101036920784
2025_3231_3314,0.386263841647523
2025_3231_3323,0.28335171115675245
2025_3231_3326,0.34171935832176825
2025_3231_3328,0.3614029796544795
2025_3231_3329,0.5059688012341896
2025_3231_3332,0.6520574552371539
2025_3231_3333,0.6164515702850898
2025_3231_3343,0.44070263764278567
2025_3231_3350,0.4050566713432689
2025_3231_3355,0.3471631629212164
2025_3231_3361,0.6101853901336688
2025_3231_3372,0.5478008413045418
2025_3231_3376,0.12872852233541424
2025_3231_3378,0.5908721112502988
2025_3231_3380,0.7724413659328381
2025_3231_3395,0.33490542346202073
2025_3231_3397,0.4793545086433028
2025_3231_3399,0.6274255643957745
2025_3231_3400,0.1785657005055672
2025_3231_3417,0.19143136760048823
2025_3231_3422,0.644887184144171
2025_3231_3425,0.217520917326862
2025_3231_3428,0.49602666327854483
2025_3231_3435,0.537640869457264
2025_3231_3436,0.6830057875660186
2025_3231_3449,0.6497502630486148
2025_3231_3452,0.4356379445477377
2025_3231_3453,0.4440763517152809
2025_3231_3456,0.8572468362015364
2025_3231_3471,0.8040828771262282
2025_3234_3235,0.6312325994159161
2025_3234_3243,0.5971486355297364
2025_3234_3246,0.6713764323955277
2025_3234_3250,0.7661839643403864
2025_3234_3251,0.6380064859923286
2025_3234_3257,0.5825696132726392
2025_3234_3261,0.4107363736829978
2025_3234_3268,0.5580910720405624
2025_3234_3276,0.6082185860667076
2025_3234_3277,0.6662265211341389
2025_3234_3279,0.5916398877484184
2025_3234_3280,0.7267331076853623
2025_3234_3286,0.6601007186450736
2025_3234_3293,0.7160293211773855
2025_3234_3301,0.398377320777818
2025_3234_3304,0.6850829735279415
2025_3234_3313,0.6049038525337271
2025_3234_3314,0.5185631910447593
2025_3234_3323,0.40358132088992615
2025_3234_3326,0.4704569107454538
2025_3234_3328,0.4920135242025998
2025_3234_3329,0.6367319350374919
2025_3234_3332,0.7623173730919439
2025_3234_3333,0.7333811100427391
2025_3234_3343,0.5742030383054378
2025_3234_3350,0.5381487656928108
2025_3234_3355,0.47646715442269727
2025_3234_3361,0.7281829186500602
2025_3234_3372,0.6746122348539538
2025_3234_3376,0.20182666776983496
2025_3234_3378,0.7119560640020689
2025_3234_3380,0.8531444640092118
2025_3234_3395,0.4628809910256291
2025_3234_3397,0.6117566941722289
2025_3234_3399,0.742407531104078
2025_3234_3400,0.27115628318457213
2025_3234_3417,0.2883513041078796
2025_3234_3422,0.7565710314724502
2025_3234_3425,0.3223832511671292
2025_3234_3428,0.6274838847202132
2025_3234_3435,0.6655619924412631
2025_3234_3436,0.7866670805551857
2025_3234_3449,0.7604727363248127
2025_3234_3452,0.5691654146161734
2025_3234_3453,0.5775434119421905
2025_3234_3456,0.9113265092625645
2025_3234_3471,0.8753748746378422
2025_3235_3243,0.4640844784100683
2025_3235_3246,0.5441121970523807
2025_3235_3250,0.6568705867855201
2025_3235_3251,0.5073029392432368
2025_3235_3257,0.4491322371549549
2025_3235_3261,0.28937315647429634
2025_3235_3268,0.42455796045665894
2025_3235_3276,0.4755998837465413
2025_3235_3277,0.5383393083094029
2025_3235_3279,0.4584064487371285
2025_3235_3280,0.6084024730964376
2025_3235_3286,0.5315168499458147
2025_3235_3293,0.5956426302177922
2025_3235_3301,0.2789372755709982
2025_3235_3304,0.559645248746877
2025_3235_3313,0.4721369101929094
2025_3235_3314,0.38622189415927194
2025_3235_3323,0.2833157805794995
2025_3235_3326,0.34167955517225956
2025_3235_3328,0.3613621423657002
2025_3235_3329,0.5059245701577758
2025_3235_3332,0.6520173081518297
2025_3235_3333,0.616409731693475
2025_3235_3343,0.4406590229518342
2025_3235_3350,0.40501402978886136
2025_3235_3355,0.34712306004897225
2025_3235_3361,0.6101433002892973
2025_3235_3372,0.5477570079151365
2025_3235_3376,0.12870867744587863
2025_3235_3378,0.5908293344303688
2025_3235_3380,0.7724102610396881
2025_3235_3395,0.3348660102494824
2025_3235_3397,0.479310346893068
2025_3235_3399,0.6273841993042021
2025_3235_3400,0.17853974705482356
2025_3235_3417,0.19140397992241462
2025_3235_3422,0.6448466603442795
2025_3235_3425,0.2174908010701295
2025_3235_3428,0.4959824287694169
2025_3235_3435,0.5375968825385097
2025_3235_3436,0.6829674752226756
2025_3235_3449,0.649709992761567
2025_3235_3452,0.4355944407174487
2025_3235_3453,0.44403266821474213
2025_3235_3456,0.8572251807111333
2025_3235_3471,0.8040550001597746
2025_3243_3246,0.5795237566943298
2025_3243_3250,0.688537167685589
2025_3243_3251,0.5431731654696713
2025_3243_3257,0.4849376868406346
2025_3243_3261,0.3198371127219635
2025_3243_3268,0.460040393404806
2025_3243_3276,0.5115559131061845
2025_3243_3277,0.5738480816794378
2025_3243_3279,0.49428783777951385
2025_3243_3280,0.6421049480816132
2025_3243_3286,0.567128429017815
2025_3243_3293,0.6297750145825493
2025_3243_3301,0.308779967855285
2025_3243_3304,0.5947488897571732
2025_3243_3313,0.5080847941597194
2025_3243_3314,0.42084355617571517
2025_3243_3323,0.3134232987490883
2025_3243_3326,0.37474622404081503
2025_3243_3328,0.3951901660873309
2025_3243_3329,0.5418045104193434
2025_3243_3332,0.6839162598023464
2025_3243_3333,0.6498197185114645
2025_3243_3343,0.4763731242786995
2025_3243_3350,0.4401123312789175
2025_3243_3355,0.38041211842128875
2025_3243_3361,0.6437836729622016
2025_3243_3372,0.5831023747989216
2025_3243_3376,0.14572711094068277
2025_3243_3378,0.6251122991973391
2025_3243_3380,0.7967138771983423
2025_3243_3395,0.36764152645302034
2025_3243_3397,0.515271259533764
2025_3243_3399,0.6603649965799704
2025_3243_3400,0.20062986150266116
2025_3243_3417,0.21466980143362957
2025_3243_3422,0.677077383369108
2025_3243_3425,0.24297473082893994
2025_3243_3428,0.5319163716166143
2025_3243_3435,0.5731174785967859
2025_3243_3436,0.7132769089209137
2025_3243_3449,0.6817172043381468
2025_3243_3452,0.4712438924824208
2025_3243_3453,0.47978565874571166
2025_3243_3456,0.8739497098562137
2025_3243_3471,0.8257417395926482
2025_3246_3250,0.6159683501712567
2025_3246_3251,0.4631432487736241
2025_3246_3257,0.40586495439248343
2025_3246_3261,0.25438905371920084
2025_3246_3268,0.38201632159874527
2025_3246_3276,0.43178139310221314
2025_3246_3277,0.49418779210951125
2025_3246_3279,0.4149186747375623
2025_3246_3280,0.5655439672964603
2025_3246_3286,0.487334217081628
2025_3246_3293,0.5524149899085432
2025_3246_3301,0.2447802440829883
2025_3246_3304,0.5156982654497765
2025_3246_3313,0.4283768418392534
2025_3246_3314,0.3452171195915955
2025_3246_3323,0.24880759069380007
2025_3246_3326,0.3030687221125106
2025_3246_3328,0.3216137165574299
2025_3246_3329,0.46177241062473
2025_3246_3332,0.6108792552801906
2025_3246_3333,0.5738136942046047
2025_3246_3343,0.39761882270710885
2025_3246_3350,0.3631947111758191
2025_3246_3355,0.3081850615245825
2025_3246_3361,0.5673398293775476
2025_3246_3372,0.5036757854799265
2025_3246_3376,0.1101378704947308
2025_3246_3378,0.5474780551587509
2025_3246_3380,0.7398256333070669
2025_3246_3395,0.2966781429234765
2025_3246_3397,0.435433859140893
2025_3246_3399,0.585186726203398
2025_3246_3400,0.15405025937007505
2025_3246_3417,0.16550547592091858
2025_3246_3422,0.6033765633265377
2025_3246_3425,0.188887086768977
2025_3246_3428,0.4519043265271464
2025_3246_3435,0.4934411747354044
2025_3246_3436,0.6434876906322426
2025_3246_3449,0.6084629694326954
2025_3246_3452,0.39270161288976096
2025_3246_3453,0.40089912872274225
2025_3246_3456,0.834176799031482
2025_3246_3471,0.7746793898173789
2025_3250_3251,0.3497438086511026
2025_3250_3257,0.29868727537685297
2025_3250_3261,0.1754028329236759
2025_3250_3268,0.2781876483374763
2025_3250_3276,0.32146281590911385
2025_3250_3277,0.3785468951326617
2025_3250_3279,0.30658387187112124
2025_3250_3280,0.4479944345566731
2025_3250_3286,0.37211721914413287
2025_3250_3293,0.43486290156185853
2025_3250_3301,0.16810484694313416
2025_3250_3304,0.3989943916528084
2025_3250_3313,0.3184406341891289
2025_3250_3314,0.24738634429025566
2025_3250_3323,0.17115656348961147
2025_3250_3326,0.21329152948988991
2025_3250_3328,0.2281413067682052
2025_3250_3329,0.3484907381175787
2025_3250_3332,0.4946349599772632
2025_3250_3333,0.45635078580131755
2025_3250_3343,0.291550152848399
2025_3250_3350,0.26231023313120466
2025_3250_3355,0.21736496819943688
2025_3250_3361,0.4498034827847021
2025_3250_3372,0.3875156383236007
2025_3250_3376,0.0716374600096309
2025_3250_3378,0.429967318738391
2025_3250_3380,0.6393610199033245
2025_3250_3395,0.20822840606898735
2025_3250_3397,0.32471537385209126
2025_3250_3399,0.4679519707095267
2025_3250_3400,0.10195838649923553
2025_3250_3417,0.1100439241724392
2025_3250_3422,0.48677397724831256
2025_3250_3425,0.1267806372581001
2025_3250_3428,0.3395164138868313
2025_3250_3435,0.37784447841182955
2025_3250_3436,0.5294816421918103
2025_3250_3449,0.49209699467086904
2025_3250_3452,0.28731900571303637
2025_3250_3453,0.29438304314240626
2025_3250_3456,0.7582396574016222
2025_3250_3471,0.6818863556933559
2025_3251_3257,0.44191560764352733
2025_3251_3261,0.28340289162328736
2025_3251_3268,0.4174369731599136
2025_3251_3276,0.46831952540361294
2025_3251_3277,0.5310711674860632
2025_3251_3279,0.45116284764547515
2025_3251_3280,0.6014206953349158
2025_3251_3286,0.5242362240867187
2025_3251_3293,0.5885871937847454
2025_3251_3301,0.2730995754483688
2025_3251_3304,0.5524336669105052
2025_3251_3313,0.46486257035103906
2025_3251_3314,0.3793200538300181
2025_3251_3323,0.2774217011501502
2025_3251_3326,0.33513906779482816
2025_3251_3328,0.3546478582791618
2025_3251_3329,0.49862139232290137
2025_3251_3332,0.6453598674050424
2025_3251_3333,0.6094790796505749
2025_3251_3343,0.43347140797586625
2025_3251_3350,0.3979941269635005
2025_3251_3355,0.34053227242406486
2025_3251_3361,0.6031723158386936
2025_3251_3372,0.5405105836141545
2025_3251_3376,0.12546793984863835
2025_3251_3378,0.5837486040554283
2025_3251_3380,0.7672338572199638
2025_3251_3395,0.32839088830212426
2025_3251_3397,0.47202431562524205
2025_3251_3399,0.620529765332035
2025_3251_3400,0.17429531123944814
2025_3251_3417,0.1869233117927749
2025_3251_3422,0.6381281725387135
2025_3251_3425,0.21255998642626378
2025_3251_3428,0.4886808179489444
2025_3251_3435,0.5303272508352431
2025_3251_3436,0.6766084731977984
2025_3251_3449,0.6430325767311565
2025_3251_3452,0.42842616046338344
2025_3251_3453,0.43683300095688044
2025_3251_3456,0.8536122472074834
2025_3251_3471,0.7994114274578591
2025_3257_3261,0.3330876458033958
2025_3257_3268,0.4750426207643882
2025_3257_3276,0.5265997066154046
2025_3257_3277,0.5885165588455726
2025_3257_3279,0.509353369933923
2025_3257_3280,0.6558330626719163
2025_3257_3286,0.581859665860181
2025_3257_3293,0.6437136525885919
2025_3257_3301,0.3217891379044863
2025_3257_3304,0.6091878983616099
2025_3257_3313,0.5231358377875828
2025_3257_3314,0.43559873218083184
2025_3257_3323,0.3265356809705316
2025_3257_3326,0.38897066023978955
2025_3257_3328,0.40968214782646795
2025_3257_3329,0.5567239534953707
2025_3257_3332,0.6967978915004591
2025_3257_3333,0.6634070338199234
2025_3257_3343,0.4914232283899177
2025_3257_3350,0.4550123204651094
2025_3257_3355,0.3947158508114702
2025_3257_3361,0.657481744003788
2025_3257_3372,0.5976756400961539
2025_3257_3376,0.1533911706633781
2025_3257_3378,0.639125892160738
2025_3257_3380,0.8063005204758664
2025_3257_3395,0.381760942352236
2025_3257_3397,0.5303056889750016
2025_3257_3399,0.6737485734031209
2025_3257_3400,0.21046997159761055
2025_3257_3417,0.2250046891182099
2025_3257_3422,0.6901114394046537
2025_3257_3425,0.25423117103330356
2025_3257_3428,0.5468885210787523
2025_3257_3435,0.5877930394113985
2025_3257_3436,0.7254423388926688
2025_3257_3449,0.6946484429369741
2025_3257_3452,0.48628243950200883
2025_3257_3453,0.49484168960424624
2025_3257_3456,0.880440623282784
2025_3257_3471,0.8342442760785307
2025_3261_3268,0.6443604208497368
2025_3261_3276,0.69013539338751
2025_3261_3277,0.7411758931419012
2025_3261_3279,0.6751718160815353
2025_3261_3280,0.7923307806420388
2025_3261_3286,0.7358803212009016
2025_3261_3293,0.7834307326588944
2025_3261_3301,0.4871756164478351
2025_3261_3304,0.7573403383316831
2025_3261_3313,0.6871572435521619
2025_3261_3314,0.6071168393458513
2025_3261_3323,0.4925898396639612
2025_3261_3326,0.5603572147266136
2025_3261_3328,0.5815095838328495
2025_3261_3329,0.7154758671753491
2025_3261_3332,0.8214714674538436
2025_3261_3333,0.7978268882419096
2025_3261_3343,0.6592474776857715
2025_3261_3350,0.6257002057919897
2025_3261_3355,0.5662877642445404
2025_3261_3361,0.7935314409230755
2025_3261_3372,0.748389733689078
2025_3261_3376,0.26619885859450515
2025_3261_3378,0.780027264058878
2025_3261_3380,0.8928703518916201
2025_3261_3395,0.5528449990332895
2025_3261_3397,0.6933067563097239
2025_3261_3399,0.8052508701030944
2025_3261_3400,0.34800004152032027
2025_3261_3417,0.3676102187129767
2025_3261_3422,0.8168115972015869
2025_3261_3425,0.4056642091342037
2025_3261_3428,0.707310985440286
2025_3261_3435,0.7406024857483735
2025_3261_3436,0.8410248453430341
2025_3261_3449,0.8199775061547333
2025_3261_3452,0.6546107999983849
2025_3261_3453,0.6623130406492074
2025_3261_3456,0.9364852937332528
2025_3261_3471,0.9097235450521796
2025_3268_3276,0.5514205419
2025_3268_3277,0.612480001204365
2025_3268_3279,0.5342787416549545
2025_3268_3280,0.6780210153690139
2025_3268_3286,0.6059512106475244
2025_3268_3293,0.6662853583174366
2025_3268_3301,0.3439706450272639
2025_3268_3304,0.632698837031457
2025_3268_3313,0.5479823949879271
2025_3268_3314,0.4603008799195383
2025_3268_3323,0.3488760683639598
2025_3268_3326,0.41296332449808276
2025_3268_3328,0.43404484986731684
2025_3268_3329,0.5812213982983336
2025_3268_3332,0.7174825565722882
2025_3268_3333,0.6853409744210897
2025_3268_3343,0.5163946449659239
2025_3268_3350,0.4798793358196976
2025_3268_3355,0.41881999033549744
2025_3268_3361,0.679615331973406
2025_3268_3372,0.6214487829407092
2025_3268_3376,0.16681992214633284
2025_3268_3378,0.6618355582677001
2025_3268_3380,0.821429288603781
2025_3268_3395,0.40560409612545856
2025_3268_3397,0.5550963794978557
2025_3268_3399,0.6953181138295427
2025_3268_3400,0.2275526293289098
2025_3268_3417,0.24290410497637352
2025_3268_3422,0.711063108229055
2025_3268_3425,0.2736346809055622
2025_3268_3428,0.5715111666684951
2025_3268_3435,0.6117708215321513
2025_3268_3436,0.7448883108337377
2025_3268_3449,0.7154198567520387
2025_3268_3452,0.5112552318483841
2025_3268_3453,0.5198092696556562
2025_3268_3456,0.8905646674748111
2025_3268_3471,0.8476030304454207
2025_3276_3277,0.5625055329639173
2025_3276_3279,0.48273648288061755
2025_3276_3280,0.6314122306319305
2025_3276_3286,0.5557454897720173
2025_3276_3293,0.6189325391455424
2025_3276_3301,0.299000665416363
2025_3276_3304,0.5835589346826056
2025_3276_3313,0.49652758338118186
2025_3276_3314,0.40961834051857293
2025_3276_3323,0.3035615214855994
2025_3276_3326,0.3639778366859379
2025_3276_3328,0.38419529128145996
2025_3276_3329,0.5303071615738075
2025_3276_3332,0.6738381940792133
2025_3276_3333,0.639227989107458
2025_3276_3343,0.4648555930994431
2025_3276_3350,0.42875364424296586
2025_3276_3355,0.36957715523898405
2025_3276_3361,0.633112452707542
2025_3276_3372,0.5718223525572151
2025_3276_3376,0.14006540997415995
2025_3276_3378,0.6142169193751481
2025_3276_3380,0.7891233483882066
2025_3276_3395,0.35696074070578143
2025_3276_3397,0.5037179709186855
2025_3276_3399,0.649920391744636
2025_3276_3400,0.19331781077402335
2025_3276_3417,0.2069785493896001
2025_3276_3422,0.6668874714900094
2025_3276_3425,0.23457227079950513
2025_3276_3428,0.5203905404967799
2025_3276_3435,0.5617703342048854
2025_3276_3436,0.7037294499059493
2025_3276_3449,0.6716026908384428
2025_3276_3452,0.4597414914817026
2025_3276_3453,0.46825940343985584
2025_3276_3456,0.8687680713907695
2025_3276_3471,0.8189888327123355
2025_3277_3279,0.42057377426529446
2025_3277_3280,0.5712476066123326
2025_3277_3286,0.49314440624207506
2025_3277_3293,0.5581563292364553
2025_3277_3301,0.24910374370281207
2025_3277_3304,0.5215026256059284
2025_3277_3313,0.4340792815329216
2025_3277_3314,0.35049131733057926
2025_3277_3323,0.25317837758353307
2025_3277_3326,0.3080018815727273
2025_3277_3328,0.32670723208995806
2025_3277_3329,0.4675557838223534
2025_3277_3332,0.616391427819858
2025_3277_3333,0.579489491597964
2025_3277_3343,0.4032006245864524
2025_3277_3350,0.36858895795285107
2025_3277_3355,0.31316407963621845
2025_3277_3361,0.5730376914777064
2025_3277_3372,0.5094871826174434
2025_3277_3376,0.11243727222553655
2025_3277_3378,0.5532315056178982
2025_3277_3380,0.7442758407579574
2025_3277_3395,0.3015522893573326
2025_3277_3397,0.44115773965971405
2025_3277_3399,0.5908190676706478
2025_3277_3400,0.15710458437877273
2025_3277_3417,0.1687416176061907
2025_3277_3422,0.6089269778277718
2025_3277_3425,0.19247496245983378
2025_3277_3428,0.45766920146434814
2025_3277_3435,0.49925326876056236
2025_3277_3436,0.6488035017738623
2025_3277_3449,0.613987741581466
2025_3277_3452,0.39826002408935846
2025_3277_3453,0.40649590509878164
2025_3277_3456,0.8373679212825972
2025_3277_3471,0.7787117514677442
2025_3279_3280,0.6473387153339516
2025_3279_3286,0.5727290398802437
2025_3279_3293,0.6350866201532162
2025_3279_3301,0.3136780673099155
2025_3279_3304,0.600244035258204
2025_3279_3313,0.5137944081857646
2025_3279_3314,0.4264226450830334
2025_3279_3323,0.31836112982762066
2025_3279_3326,0.3801152906635297
2025_3279_3328,0.400664443182384
2025_3279_3329,0.5474713291380034
2025_3279_3332,0.688834892852073
2025_3279_3333,0.6550012837252321
2025_3279_3343,0.4820756101573629
2025_3279_3350,0.44575026074310525
2025_3279_3355,0.3858122716358465
2025_3279_3361,0.6490063103155317
2025_3279_3372,0.5886462176217543
2025_3279_3376,0.14859476839585994
2025_3279_3378,0.6304515464964177
2025_3279_3380,0.8003895451336807
2025_3279_3395,0.37296952153951635
2025_3279_3397,0.5209761026121209
2025_3279_3399,0.6654708531588636
2025_3279_3400,0.20431950908887478
2025_3279_3417,0.2185470566551493
2025_3279_3422,0.6820529631316069
2025_3279_3425,0.2472022929787261
2025_3279_3428,0.5376011133767535
2025_3279_3435,0.5786981648617464
2025_3279_3436,0.7179270929767975
2025_3279_3449,0.6866543789588617
2025_3279_3452,0.4769409039958853
2025_3279_3453,0.48549111974407794
2025_3279_3456,0.8764454298614337
2025_3279_3471,0.8290051955532514
2025_3280_3286,0.42204909843219035
2025_3280_3293,0.4866880910847678
2025_3280_3301,0.19935328826291657
2025_3280_3304,0.44994830005205994
2025_3280_3313,0.36536110536105076
2025_3280_3314,0.2882654130212074
2025_3280_3323,0.20283396462852601
2025_3280_3326,0.2504111824452943
2025_3280_3328,0.26696831023292794
2025_3280_3329,0.39725815817782445
2025_3280_3332,0.5466926366331146
2025_3280_3333,0.508432922248334
2025_3280_3343,0.33646445590352564
2025_3280_3350,0.30465711598957085
2025_3280_3355,0.25496378144532555
2025_3280_3361,0.5018281376284289
2025_3280_3372,0.4380721381634822
2025_3280_3376,0.08682548012220259
2025_3280_3378,0.4817063761430447
2025_3280_3380,0.6859751301399546
2025_3280_3395,0.24474103178261847
2025_3280_3397,0.37205569266141675
2025_3280_3399,0.5200914800942896
2025_3280_3400,0.12272501059956128
2025_3280_3417,0.13221493230883127
2025_3280_3422,0.5388865314844151
2025_3280_3425,0.15174868977490458
2025_3280_3428,0.387775457405785
2025_3280_3435,0.42802098009374434
2025_3280_3436,0.5809905059913013
2025_3280_3449,0.5441751841630511
2025_3280_3452,0.33188684481491426
2025_3280_3453,0.33952461006976925
2025_3280_3456,0.7944286350448178
2025_3280_3471,0.7253649213265213
2025_3286_3293,0.5649084080602006
2025_3286_3301,0.25426866378999585
2025_3286_3304,0.5283415077070088
2025_3286_3313,0.4408279097456496
2025_3286_3314,0.3567596423574196
2025_3286_3323,0.2583987086821024
2025_3286_3326,0.3138775322725745
2025_3286_3328,0.33276812336870315
2025_3286_3329,0.4743885911748065
2025_3286_3332,0.6228549019771554
2025_3286_3333,0.5861572805214067
2025_3286_3343,0.4098168299353719
2025_3286_3350,0.37499408001772044
2025_3286_3355,0.319092798117228
2025_3286_3361,0.5797335894631234
2025_3286_3372,0.5163385257268741
2025_3286_3376,0.11520328868261817
2025_3286_3378,0.5599995160236668
2025_3286_3380,0.7494603932096139
2025_3286_3395,0.3073595516055858
2025_3286_3397,0.44792931244098066
2025_3286_3399,0.5974320094901708
2025_3286_3400,0.16077039993998518
2025_3286_3417,0.1726233574324947
2025_3286_3422,0.615437754805879
2025_3286_3425,0.1967734262319602
2025_3286_3428,0.4644835673554123
2025_3286_3435,0.506108987613107
2025_3286_3436,0.6550265028438197
2025_3286_3449,0.6204667785244253
2025_3286_3452,0.4048501543665543
2025_3286_3453,0.41312875191095033
2025_3286_3456,0.8410681470682864
2025_3286_3471,0.7834013264093539
2025_3293_3301,0.20799049688719848
2025_3293_3304,0.46316203081797236
2025_3293_3313,0.3777969155803736
2025_3293_3314,0.29931472263971654
2025_3293_3323,0.21158212538192236
2025_3293_3326,0.2605406734572442
2025_3293_3328,0.2775195963073132
2025_3293_3329,0.41007812608770156
2025_3293_3332,0.559855727897898
2025_3293_3333,0.5217350713955261
2025_3293_3343,0.3484567441700817
2025_3293_3350,0.3160557198818768
2025_3293_3355,0.2652122741962166
2025_3293_3361,0.5151385728943247
2025_3293_3372,0.45122320500094126
2025_3293_3376,0.09114228783414098
2025_3293_3378,0.49501342767698225
2025_3293_3380,0.6973329034141501
2025_3293_3395,0.25471909824703887
2025_3293_3397,0.3845812848182528
2025_3293_3399,0.5333676914586495
2025_3293_3400,0.12857536967813418
2025_3293_3417,0.1384462870965967
2025_3293_3422,0.55209058081682
2025_3293_3425,0.1587322806405402
2025_3293_3428,0.40049274163743226
2025_3293_3435,0.4411071697146904
2025_3293_3436,0.5938974770643508
2025_3293_3449,0.5573521878791029
2025_3293_3452,0.34380051403217554
2025_3293_3453,0.3515681787059292
2025_3293_3456,0.802990373390298
2025_3293_3471,0.7358466354232741
2025_3301_3304,0.7666447643983553
2025_3301_3313,0.6980799202035248
2025_3301_3314,0.6192857679140367
2025_3301_3323,0.5054162820692625
2025_3301_3326,0.5729557145254508
2025_3301_3328,0.5939411767168084
2025_3301_3329,0.7258043492983272
2025_3301_3332,0.828872515125992
2025_3301_3333,0.8059766266803452
2025_3301_3343,0.6706775954598182
2025_3301_3350,0.637637090163205
2025_3301_3355,0.5788440465910365
2025_3301_3361,0.8018113189113633
2025_3301_3372,0.7579276595255787
2025_3301_3376,0.2763408030018703
2025_3301_3378,0.7887044918419971
2025_3301_3380,0.8976801753930802
2025_3301_3395,0.5654918461006516
2025_3301_3397,0.7041071804150593
2025_3301_3399,0.8131714223131525
2025_3301_3400,0.359730714160953
2025_3301_3417,0.37961704922314043
2025_3301_3422,0.8243645208733078
2025_3301_3425,0.41809222511791483
2025_3301_3428,0.717818963991449
2025_3301_3435,0.7503371297780356
2025_3301_3436,0.8477655116547049
2025_3301_3449,0.8274274764232641
2025_3301_3452,0.666117678856435
2025_3301_3453,0.6736912261092761
2025_3301_3456,0.9394696790144865
2025_3301_3471,0.9138497149336292
2025_3304_3313,0.41306954068809293
2025_3304_3314,0.33115986058504054
2025_3304_3323,0.23725366017299157
2025_3304_3326,0.28996769885557316
2025_3304_3328,0.3080653914472302
2025_3304_3329,0.4462032802940015
2025_3304_3332,0.5958483288289721
2025_3304_3333,0.5583860473757137
2025_3304_3343,0.3826748206079403
2025_3304_3350,0.3487953575574713
2025_3304_3355,0.2949564730353073
2025_3304_3361,0.5518608562133953
2025_3304_3372,0.48797474443491884
2025_3304_3376,0.10413073669666552
2025_3304_3378,0.5318748178628678
2025_3304_3380,0.7275541942621091
2025_3304_3395,0.28374090106046984
2025_3304_3397,0.4200596961186516
2025_3304_3399,0.5698621629198284
2025_3304_3400,0.14604112865133012
2025_3304_3417,0.15701132247014388
2025_3304_3422,0.5882511653962661
2025_3304_3425,0.1794509811680224
2025_3304_3428,0.43639814342870076
2025_3304_3435,0.4777520720662739
2025_3304_3436,0.6289512802700294
2025_3304_3449,0.5934008310725527
2025_3304_3452,0.3778265028919391
2025_3304_3453,0.3859108227824864
2025_3304_3456,0.8253047228082161
2025_3304_3471,0.7635264174482733
2025_3313_3314,0.41298151664773075
2025_3313_3323,0.3065059964979286
2025_3313_3326,0.36719935271226706
2025_3313_3328,0.38748673157036667
2025_3313_3329,0.5337653644475087
2025_3313_3332,0.6768835158025319
2025_3313_3333,0.6424249799798534
2025_3313_3343,0.4683125416727415
2025_3313_3350,0.4321589261411102
2025_3313_3355,0.37281918001056047
2025_3313_3361,0.6363328052970161
2025_3313_3372,0.5752197308358867
2025_3313_3376,0.14174678571653165
2025_3313_3378,0.6175029252506219
2025_3313_3380,0.7914254508481889
2025_3313_3395,0.3601553184416225
2025_3313_3397,0.5071900162351717
2025_3313_3399,0.6530740554858462
2025_3313_3400,0.19549311535962044
2025_3313_3417,0.20926769418201496
2025_3313_3422,0.6699659052168782
2025_3313_3425,0.23707536246513644
2025_3313_3428,0.5238562006147827
2025_3313_3435,0.5651868225285908
2025_3313_3436,0.7066171948008475
2025_3313_3449,0.6746588074662275
2025_3313_3452,0.463193326645908
2025_3313_3453,0.47171935207406285
2025_3313_3456,0.8703435640104279
2025_3313_3471,0.8210388390817114
2025_3314_3323,0.38583547403712076
2025_3314_3326,0.4519990173461968
2025_3314_3328,0.4734660682544293
2025_3314_3329,0.6193807841605083
2025_3314_3332,0.7485962883575964
2025_3314_3333,0.7186061877126304
2025_3314_3343,0.5559481090725085
2025_3314_3350,0.5196412113509716
2025_3314_3355,0.457977392792285
2025_3314_3361,0.7132325723800133
2025_3314_3372,0.6580988653352623
2025_3314_3376,0.19012418737057837
2025_3314_3378,0.6964852209545128
2025_3314_3380,0.8435908971867517
2025_3314_3395,0.4444708488176447
2025_3314_3397,0.5939733165870458
2025_3314_3399,0.727947260648333
2025_3314_3400,0.2567268571441677
2025_3314_3417,0.27335003081362935
2025_3314_3422,0.7426302149279457
2025_3314_3425,0.30637370717801027
2025_3314_3428,0.609961593509595
2025_3314_3435,0.6488284139157111
2025_3314_3436,0.7739348175868263
2025_3314_3449,0.7466805495505516
2025_3314_3452,0.5508634441425891
2025_3314_3453,0.5593217846211576
2025_3314_3456,0.9051370673141821
2025_3314_3471,0.8670421095883182
2025_3323_3326,0.5676463539391575
2025_3323_3328,0.5887054321693845
2025_3323_3329,0.7214715236834041
2025_3323_3332,0.8257774184124018
2025_3323_3333,0.8025660619544994
2025_3323_3343,0.6658746768084163
2025_3323_3350,0.6326162598630232
2025_3323_3355,0.5735534059772399
2025_3323_3361,0.7983458550324194
2025_3323_3372,0.7539303493467449
2025_3323_3376,0.27202917753387207
2025_3323_3378,0.7850712792689475
2025_3323_3380,0.8956729289851805
2025_3323_3395,0.560160925721978
2025_3323_3397,0.6995734136265276
2025_3323_3399,0.8098574920432993
2025_3323_3400,0.35475582218666196
2025_3323_3417,0.37452801215992987
2025_3323_3422,0.8212054778428143
2025_3323_3425,0.4128306287981645
2025_3323_3428,0.7134097788441702
2025_3323_3435,0.7462564407001427
2025_3323_3436,0.8449482019439912
2025_3323_3449,0.8243117837547101
2025_3323_3452,0.6612818438243173
2025_3323_3453,0.6689105616951834
2025_3323_3456,0.938225818130084
2025_3323_3471,0.9121286222558163
2025_3326_3328,0.5215769773913086
2025_3326_3329,0.663631083867879
2025_3326_3332,0.783085199844271
2025_3326_3333,0.7558675772702245
2025_3326_3343,0.6028443117140698
2025_3326_3350,0.5673880608383507
2025_3326_3355,0.5060270043655184
2025_3326_3361,0.7509589223154405
2025_3326_3372,0.7000278809324963
2025_3326_3376,0.22155864030170538
2025_3326_3378,0.7355980470620854
2025_3326_3380,0.8673570409414874
2025_3326_3395,0.4923907025475172
2025_3326_3397,0.6394580237889638
2025_3326_3399,0.764377302697156
2025_3326_3400,0.29515988080803396
2025_3326_3417,0.3132229067668145
2025_3326_3422,0.7776945325957754
2025_3326_3425,0.3487517315502155
2025_3326_3428,0.6546964607880023
2025_3326_3435,0.6913611297285546
2025_3326_3436,0.8058491847227047
2025_3326_3449,0.781355512377117
2025_3326_3452,0.5979082566030816
2025_3326_3453,0.6061141257046324
2025_3326_3456,0.9204334136909362
2025_3326_3471,0.8877191555754692
2025_3328_3329,0.6440890263426005
2025_3328_3332,0.768057536010824
2025_3328_3333,0.7395813700814967
2025_3328_3343,0.581995145996768
2025_3328_3350,0.5460790850578272
2025_3328_3355,0.48444193400825986
2025_3328_3361,0.7344602939242404
2025_3328_3372,0.6815857986366795
2025_3328_3376,0.20702241002535066
2025_3328_3378,0.7184632968746438
2025_3328_3380,0.8571022836588578
2025_3328_3395,0.4708328804448676
2025_3328_3397,0.6193171875013875
2025_3328_3399,0.7484698742044668
2025_3328_3400,0.27751626511291666
2025_3328_3417,0.2949513828964514
2025_3328_3422,0.7624067185911407
2025_3328_3425,0.32940173063919764
2025_3328_3428,0.6349208833687107
2025_3328_3435,0.6726353949078234
2025_3328_3436,0.7919796537497719
2025_3328_3449,0.7662437877616413
2025_3328_3452,0.5769817951618701
2025_3328_3453,0.5853185371430595
2025_3328_3456,0.9138745914593682
2025_3328_3471,0.8788186745492383
2025_3329_3332,0.6466209471154453
2025_3329_3333,0.6107908012813744
2025_3329_3343,0.4348261054815457
2025_3329_3350,0.39931609951175
2025_3329_3355,0.34177173832387814
2025_3329_3361,0.6044914744929533
2025_3329_3372,0.5418798356372428
2025_3329_3376,0.12607426708277975
2025_3329_3378,0.585087915931386
2025_3329_3380,0.768217208595487
2025_3329_3395,0.329608249741134
2025_3329_3397,0.47339881953894897
2025_3329_3399,0.6218274000574248
2025_3329_3400,0.17509035652401536
2025_3329_3417,0.18776286087597246
2025_3329_3422,0.6394005990253895
2025_3329_3425,0.21348444745873324
2025_3329_3428,0.490058805108139
2025_3329_3435,0.5317005569897033
2025_3329_3436,0.6778139087647979
2025_3329_3449,0.644297370833409
2025_3329_3452,0.42977705191682475
2025_3329_3453,0.43819007838155377
2025_3329_3456,0.8542999804684552
2025_3329_3471,0.8002942242750859
2025_3332_3333,0.46167993068227026
2025_3332_3343,0.296002637784389
2025_3332_3350,0.26648414134632425
2025_3332_3355,0.22103799401551016
2025_3332_3361,0.45512017712698477
2025_3332_3372,0.3926214738419813
2025_3332_3376,0.07307792119218376
2025_3332_3378,0.4352350226637933
2025_3332_3380,0.6442945169006319
2025_3332_3395,0.2117888218537923
2025_3332_3397,0.3294388247943296
2025_3332_3399,0.4732986467206318
2025_3332_3400,0.10394026975155528
2025_3332_3417,0.1121633454664584
2025_3332_3422,0.49213678543468525
2025_3332_3425,0.12917561601200178
2025_3332_3428,0.3443453788573509
2025_3332_3435,0.38290255015727487
2025_3332_3436,0.5348246493289016
2025_3332_3449,0.4974616041822854
2025_3332_3452,0.291733482321639
2025_3332_3453,0.2988605406555041
2025_3332_3456,0.7621518872159123
2025_3332_3471,0.6865233372504603
2025_3333_3343,0.32897496421016487
2025_3333_3350,0.2975581328850175
2025_3333_3355,0.24860873009731885
2025_3333_3361,0.4933948080632066
2025_3333_3372,0.4297858883759219
2025_3333_3376,0.08418776394604935
2025_3333_3378,0.47328993600292435
2025_3333_3380,0.6786630065354168
2025_3333_3395,0.23855919749280408
2025_3333_3397,0.3642088149655067
2025_3333_3399,0.5116664644370768
2025_3333_3400,0.11913897248378645
2025_3333_3417,0.12839218094452914
2025_3333_3422,0.5304936079573599
2025_3333_3425,0.14745712564909977
2025_3333_3428,0.3797975642867588
2025_3333_3435,0.4197828230584407
2025_3333_3436,0.5727563502035885
2025_3333_3449,0.5357956010677806
2025_3333_3452,0.3244494243548994
2025_3333_3453,0.3320010837535896
2025_3333_3456,0.7888645932115794
2025_3333_3471,0.7185937354159507
2025_3343_3350,0.4635328087504076
2025_3343_3355,0.4029420498425441
2025_3343_3361,0.665166165795601
2025_3343_3372,0.6058975525416935
2025_3343_3376,0.15789998340055802
2025_3343_3378,0.6470010272783749
2025_3343_3380,0.811602882238955
2025_3343_3395,0.38989106393713213
2025_3343_3397,0.5388420764823875
2025_3343_3399,0.6812449786167505
2025_3343_3400,0.21622805586496802
2025_3343_3417,0.23104405289054683
2025_3343_3422,0.6974007299776289
2025_3343_3425,0.2607910252715941
2025_3343_3428,0.5553762140377047
2025_3343_3435,0.596080424144492
2025_3343_3436,0.7322230348953078
2025_3343_3449,0.7018771153155998
2025_3343_3452,0.4948567906687458
2025_3343_3453,0.5034190662748645
2025_3343_3456,0.8840054292416631
2025_3343_3471,0.8389345036072193
2025_3350_3355,0.43853909459829393
2025_3350_3361,0.6968897735151555
2025_3350_3372,0.6401990684236549
2025_3350_3376,0.17831452010991308
2025_3350_3378,0.679616722596554
2025_3350_3380,0.8329370435639593
2025_3350_3395,0.42515615416076746
2025_3350_3397,0.5748849809825042
2025_3350_3399,0.7121045536655863
2025_3350_3400,0.24201641304503513
2025_3350_3417,0.25801772993975014
2025_3350_3422,0.7273222673116694
2025_3350_3425,0.2899281549004364
2025_3350_3428,0.591107470124547
2025_3350_3435,0.6307156186384626
2025_3350_3436,0.7598867980582272
2025_3350_3449,0.7315264172305471
2025_3350_3452,0.5313474998658027
2025_3350_3453,0.5398663747690345
2025_3350_3456,0.8981694012890493
2025_3350_3471,0.8577162201510371
2025_3355_3361,0.7464228060099342
2025_3355_3372,0.6949409354926952
2025_3355_3376,0.21742844529743233
2025_3355_3378,0.7308824090264714
2025_3355_3380,0.8645586591860126
2025_3355_3395,0.48636619923561447
2025_3355_3397,0.633881135361163
2025_3355_3399,0.7600074853239929
2025_3355_3400,0.2901690821915469
2025_3355_3417,0.30806017393022794
2025_3355_3422,0.7734985090279969
2025_3355_3425,0.34329611591426656
2025_3355_3428,0.6492259835328377
2025_3355_3435,0.6861930969514479
2025_3355_3436,0.802049316065918
2025_3355_3449,0.7772087940846303
2025_3355_3452,0.5920986394679024
2025_3355_3453,0.6003438210220096
2025_3355_3456,0.9186497663587043
2025_3355_3471,0.8852935439732179
2025_3361_3372,0.43627285941004545
2025_3361_3376,0.08624743774807192
2025_3361_3378,0.47988092990395614
2025_3361_3380,0.6843977647188162
2025_3361_3395,0.2433918773617048
2025_3361_3397,0.37034885654043026
2025_3361_3399,0.5182660261097424
2025_3361_3400,0.12193988126308858
2025_3361_3417,0.13137818347684496
2025_3361_3422,0.5370689347681118
2025_3361_3425,0.15080980175515707
2025_3361_3428,0.3860408400926028
2025_3361_3435,0.42623167044173293
2025_3361_3436,0.5792092798343904
2025_3361_3449,0.5423607304597177
2025_3361_3452,0.33026736561400993
2025_3361_3453,0.33788670985755637
2025_3361_3456,0.793231832667818
2025_3361_3471,0.7239057787132838
2025_3372_3376,0.10870506514358383
2025_3372_3378,0.5438328683778078
2025_3372_3380,0.7369855038172729
2025_3372_3395,0.2936193263009136
2025_3372_3397,0.4318227959941764
2025_3372_3399,0.5816131622313747
2025_3372_3400,0.15214386088531226
2025_3372_3417,0.1634847131579423
2025_3372_3422,0.5998525497562733
2025_3372_3425,0.1866446941578215
2025_3372_3428,0.4482651257522177
2025_3372_3435,0.489766376138461
2025_3372_3436,0.6401074927149072
2025_3372_3449,0.6049545598626952
2025_3372_3452,0.389200627094724
2025_3372_3453,0.39737288062063536
2025_3372_3456,0.8321329317404775
2025_3372_3471,0.7721025312390921
2025_3376_3378,0.9071918686105271
2025_3376_3380,0.9582894617331568
2025_3376_3395,0.7731469753547919
2025_3376_3397,0.8617163276776947
2025_3376_3399,0.9193416958235107
2025_3376_3400,0.5953561619634545
2025_3376_3417,0.6157414909552132
2025_3376_3422,0.9247625415131957
2025_3376_3425,0.6529599788808513
2025_3376_3428,0.8694783389152049
2025_3376_3435,0.8872643017397306
2025_3376_3436,0.9358281802193066
2025_3376_3449,0.9262313057132829
2025_3376_3452,0.8393451072708542
2025_3376_3453,0.8439100479504748
2025_3376_3456,0.975
2025_3376_3471,0.9652517092457228
2025_3378_3380,0.701526256465729
2025_3378_3395,0.2585242640972488
2025_3378_3397,0.38931303637162185
2025_3378_3399,0.5383287536340438
2025_3378_3400,0.1308269072221266
2025_3378_3417,0.140842741195541
2025_3378_3422,0.5570179107440489
2025_3378_3425,0.16141409032811552
2025_3378_3428,0.4052913361512204
2025_3378_3435,0.44603034423765947
2025_3378_3436,0.5986991950489481
2025_3378_3449,0.5622675284328833
2025_3378_3452,0.348314494975354
2025_3378_3453,0.35612879672992875
2025_3378_3456,0.8061268577502856
2025_3378_3471,0.7397055691744923
2025_3380_3395,0.12917991811448967
2025_3380_3397,0.21336213451264394
2025_3380_3399,0.3315994244266178
2025_3380_3400,0.06018592618020113
2025_3380_3417,0.06519931454522887
2025_3380_3422,0.3485297126446336
2025_3380_3425,0.0756956755681958
2025_3380_3428,0.22477701428706354
2025_3380_3435,0.255156074358815
2025_3380_3436,0.38828465125924244
2025_3380_3449,0.35338189839962003
2025_3380_3452,0.18527149296210188
2025_3380_3453,0.19049721823986415
2025_3380_3456,0.6388694776306391
2025_3380_3471,0.5473235390848993
2025_3395_3397,0.6464457016572881
2025_3395_3399,0.769815421853144
2025_3395_3400,0.3015317770010912
2025_3395_3417,0.31980781709427525
2025_3395_3422,0.7829125846449467
2025_3395_3425,0.3556967184192746
2025_3395_3428,0.661545118922189
2025_3395_3435,0.697818235849923
2025_3395_3436,0.810567351786317
2025_3395_3449,0.786511221948548
2025_3395_3452,0.6052040405241835
2025_3395_3453,0.6133572999602919
2025_3395_3456,0.9226343391236457
2025_3395_3471,0.8907175632088536
2025_3397_3399,0.6465291219550034
2025_3397_3400,0.19100912924694816
2025_3397_3417,0.20454809315560837
2025_3397_3422,0.663575483645291
2025_3397_3425,0.2319125510415492
2025_3397_3428,0.5166776269975404
2025_3397_3435,0.5581057416158484
2025_3397_3436,0.7006193235750497
2025_3397_3449,0.6683142672301728
2025_3397_3452,0.4560498343998189
2025_3397_3453,0.4645581625732894
2025_3397_3456,0.8670631761886005
2025_3397_3471,0.816773624723226
2025_3399_3400,0.1143271512414591
2025_3399_3417,0.12325893314833938
2025_3399_3422,0.5188539729192851
2025_3399_3425,0.1416855486695106
2025_3399_3428,0.3688666725493316
2025_3399_3435,0.4084590333841154
2025_3399_3436,0.5612980070580694
2025_3399_3449,0.5241695101642377
2025_3399_3452,0.31430422026252197
2025_3399_3453,0.3217322055826899
2025_3399_3456,0.7809858500701438
2025_3399_3471,0.7090598622351761
2025_3400_3417,0.5213268375846671
2025_3400_3422,0.8930933624685481
2025_3400_3425,0.5611728038314461
2025_3400_3428,0.8190910928525053
2025_3400_3435,0.8424994733269946
2025_3400_3436,0.908355192913909
2025_3400_3449,0.8951102408091939
2025_3400_3452,0.7802649197359647
2025_3400_3453,0.7860807480953235
2025_3400_3456,0.965064931865188
2025_3400_3471,0.9496983234336597
2025_3417_3422,0.8846658133278434
2025_3417_3425,0.5400549928185479
2025_3417_3428,0.8060964503122702
2025_3417_3435,0.8308389977924905
2025_3417_3436,0.9009973795451782
2025_3417_3449,0.886821535528861
2025_3417_3452,0.7652805848476978
2025_3417_3453,0.771376804601443
2025_3417_3456,0.962070008945055
2025_3417_3471,0.9454604964042731
2025_3422_3425,0.1327554789576622
2025_3422_3428,0.35148147901155846
2025_3422_3435,0.39036196240384513
2025_3422_3436,0.5426411575521711
2025_3422_3449,0.5053252439140298
2025_3422_3452,0.2982752835463499
2025_3422_3453,0.30549322544105384
2025_3422_3456,0.7678069196027753
2025_3422_3471,0.6932527971595109
2025_3425_3428,0.7797617469592868
2025_3425_3435,0.8070603578851149
2025_3425_3436,0.8857243213979314
2025_3425_3449,0.8696778980098988
2025_3425_3452,0.7352233482613375
2025_3425_3453,0.7418368752083188
2025_3425_3456,0.955755923081469
2025_3425_3471,0.9365637893961204
2025_3428_3435,0.5415893258055955
2025_3428_3436,0.6864368588008362
2025_3428_3449,0.6533586012571266
2025_3428_3452,0.4395494446749067
2025_3428_3453,0.4480034731988156
2025_3428_3456,0.8591807989807908
2025_3428_3471,0.8065745712430469
2025_3435_3436,0.6494837927153283
2025_3435_3449,0.6146954221459138
2025_3435_3452,0.39897605519521917
2025_3435_3453,0.40721672292323446
2025_3435_3456,0.837774279858126
2025_3435_3471,0.7792260295264886
2025_3436_3449,0.46265016156863886
2025_3436_3452,0.2637623778759056
2025_3436_3453,0.2704670476254526
2025_3436_3456,0.7359432703489951
2025_3436_3471,0.6557453315359805
2025_3449_3452,0.293835912957921
2025_3449_3453,0.300992506205092
2025_3449_3456,0.7639876058358325
2025_3449_3471,0.6887043496298259
2025_3452_3453,0.5085616733789184
2025_3452_3456,0.8860984296170505
2025_3452_3471,0.8416951259904666
2025_3453_3456,0.882595663588111
2025_3453_3471,0.837077914179826
2025_3456_3471,0.4059826093251652
