ID,Pred
2025_1103_1104,0.15627050416678406
2025_1103_1106,0.6011944812244713
2025_1103_1110,0.62077250949255
2025_1103_1112,0.21398009630553183
2025_1103_1116,0.4168542190185365
2025_1103_1120,0.11977427438611088
2025_1103_1124,0.38476826153313637
2025_1103_1136,0.5704231797361407
2025_1103_1140,0.2697075899881664
2025_1103_1155,0.24794589356888844
2025_1103_1161,0.4453812588226721
2025_1103_1163,0.3241057038260873
2025_1103_1166,0.3564077902815011
2025_1103_1179,0.4405208381836553
2025_1103_1181,0.1158880104042319
2025_1103_1188,0.62284633183149
2025_1103_1196,0.11901622011285122
2025_1103_1208,0.36706612695858204
2025_1103_1211,0.29840704632581044
2025_1103_1213,0.484639914705257
2025_1103_1219,0.4970581990107228
2025_1103_1222,0.13578455609209877
2025_1103_1228,0.2797528307452346
2025_1103_1235,0.17494088477953249
2025_1103_1242,0.30282849343053786
2025_1103_1246,0.18321226825748807
2025_1103_1251,0.4509511718904533
2025_1103_1252,0.5225929688943195
2025_1103_1257,0.31359316080738125
2025_1103_1266,0.3615137323253853
2025_1103_1268,0.21280807347638944
2025_1103_1270,0.4454802722731296
2025_1103_1272,0.27817303766755686
2025_1103_1276,0.25699639409937625
2025_1103_1277,0.15711527549151094
2025_1103_1279,0.3239739530347443
2025_1103_1280,0.3404109313548516
2025_1103_1281,0.30199516792687675
2025_1103_1285,0.556894891249679
2025_1103_1291,0.6208671195477323
2025_1103_1303,0.616260629428884
2025_1103_1307,0.410423390232148
2025_1103_1313,0.611041674917922
2025_1103_1314,0.3933958636570874
2025_1103_1328,0.38235429370679436
2025_1103_1332,0.2757326388889918
2025_1103_1345,0.22064987726599583
2025_1103_1352,0.6042052848586327
2025_1103_1361,0.43077809403479833
2025_1103_1384,0.6459661692749131
2025_1103_1385,0.1711273302597856
2025_1103_1388,0.31587780939880455
2025_1103_1397,0.14619385923137984
2025_1103_1400,0.39283947375156075
2025_1103_1401,0.2281006853325518
2025_1103_1403,0.18859600018747275
2025_1103_1407,0.49437843348002813
2025_1103_1417,0.3157133523906519
2025_1103_1423,0.5323680614846267
2025_1103_1429,0.3790096454153504
2025_1103_1433,0.38983933766496887
2025_1103_1435,0.4219271401766482
2025_1103_1458,0.19582010728454918
2025_1103_1459,0.5667610426345131
2025_1103_1462,0.43776635341898484
2025_1103_1463,0.46941590726897436
2025_1103_1471,0.42996297872896017
2025_1104_1106,0.9029200139291069
2025_1104_1110,0.8988216455583289
2025_1104_1112,0.5617737115621453
2025_1104_1116,0.7216001832132516
2025_1104_1120,0.4059057683698858
2025_1104_1124,0.709349584887438
2025_1104_1136,0.8835780431894333
2025_1104_1140,0.6652348333863328
2025_1104_1155,0.5969538718819776
2025_1104_1161,0.794966280494869
2025_1104_1163,0.6214664861561873
2025_1104_1166,0.7078353364252532
2025_1104_1179,0.7566762758533038
2025_1104_1181,0.4031889025186597
2025_1104_1188,0.9157337861124599
2025_1104_1196,0.48065983999230044
2025_1104_1208,0.7253856390456765
2025_1104_1211,0.5644105964813004
2025_1104_1213,0.8002663964848922
2025_1104_1219,0.8231261721601915
2025_1104_1222,0.4640380964458308
2025_1104_1228,0.6063834191116112
2025_1104_1235,0.5207862898983332
2025_1104_1242,0.6562334975439413
2025_1104_1246,0.5373108353504589
2025_1104_1251,0.7875572964829866
2025_1104_1252,0.827669144621813
2025_1104_1257,0.7024817883864702
2025_1104_1266,0.6235587428569656
2025_1104_1268,0.5828472861553339
2025_1104_1270,0.8039457151002445
2025_1104_1272,0.628978084316236
2025_1104_1276,0.6200932183463241
2025_1104_1277,0.5201328737330939
2025_1104_1279,0.6375298695742803
2025_1104_1280,0.6935046573218019
2025_1104_1281,0.6581532961255132
2025_1104_1285,0.8620438483778176
2025_1104_1291,0.9078594925364734
2025_1104_1303,0.8862637244668519
2025_1104_1307,0.7513978810372037
2025_1104_1313,0.9075667525489993
2025_1104_1314,0.7195770437723774
2025_1104_1328,0.6819790516529222
2025_1104_1332,0.5803169654563982
2025_1104_1345,0.5796858604813548
2025_1104_1352,0.8840777718096031
2025_1104_1361,0.7227847653480566
2025_1104_1384,0.9154518035147097
2025_1104_1385,0.5669482848761866
2025_1104_1388,0.661989272850354
2025_1104_1397,0.45473894286630395
2025_1104_1400,0.7625419992029407
2025_1104_1401,0.5625581117131588
2025_1104_1403,0.5292118610897425
2025_1104_1407,0.802351616158985
2025_1104_1417,0.647035734725256
2025_1104_1423,0.8539755015856674
2025_1104_1429,0.7438471978102342
2025_1104_1433,0.747630119334672
2025_1104_1435,0.7605969891030093
2025_1104_1458,0.49787981420808863
2025_1104_1459,0.8877206796111707
2025_1104_1462,0.7239350711398336
2025_1104_1463,0.83359294718614
2025_1104_1471,0.7872452065425326
2025_1106_1110,0.5406097519048161
2025_1106_1112,0.12447154208113102
2025_1106_1116,0.2805877572751908
2025_1106_1120,0.043190093806966465
2025_1106_1124,0.262703006503867
2025_1106_1136,0.38784411947859754
2025_1106_1140,0.17914570837938587
2025_1106_1155,0.15199625745406076
2025_1106_1161,0.3263886511382131
2025_1106_1163,0.23086316270957646
2025_1106_1166,0.2620558533330167
2025_1106_1179,0.3254187829882289
2025_1106_1181,0.04510366100256995
2025_1106_1188,0.5057121718815354
2025_1106_1196,0.0426386884127423
2025_1106_1208,0.2581103563685132
2025_1106_1211,0.22663500807514278
2025_1106_1213,0.33960965197527304
2025_1106_1219,0.3416953981015267
2025_1106_1222,0.04807838634665705
2025_1106_1228,0.1837220001869322
2025_1106_1235,0.09405865045774098
2025_1106_1242,0.20796504305886868
2025_1106_1246,0.09672402184745647
2025_1106_1251,0.33047509860987345
2025_1106_1252,0.361035958081983
2025_1106_1257,0.22144467842667243
2025_1106_1266,0.21833087264536888
2025_1106_1268,0.12150144121524747
2025_1106_1270,0.3190308860148507
2025_1106_1272,0.18782170631561548
2025_1106_1276,0.1540836798887179
2025_1106_1277,0.06828830818626347
2025_1106_1279,0.1988466702330496
2025_1106_1280,0.23252294701532017
2025_1106_1281,0.19143008683548526
2025_1106_1285,0.44030571783214745
2025_1106_1291,0.5071135798267944
2025_1106_1303,0.4989366620922404
2025_1106_1307,0.27470621208732526
2025_1106_1313,0.4500910183768719
2025_1106_1314,0.2965745992705959
2025_1106_1328,0.2749207267994587
2025_1106_1332,0.16724562886468974
2025_1106_1345,0.13119656927637893
2025_1106_1352,0.43327951799572806
2025_1106_1361,0.31950581337509626
2025_1106_1384,0.5427678877429105
2025_1106_1385,0.07314777603227829
2025_1106_1388,0.20370073298277536
2025_1106_1397,0.06621104031364283
2025_1106_1400,0.29599625865081663
2025_1106_1401,0.13135869177583973
2025_1106_1403,0.09770264626672305
2025_1106_1407,0.3597162228231801
2025_1106_1417,0.20952850090785724
2025_1106_1423,0.37150201649714754
2025_1106_1429,0.2817279369511094
2025_1106_1433,0.29076686279433034
2025_1106_1435,0.29854900058944384
2025_1106_1458,0.10235847637104928
2025_1106_1459,0.38807400849455115
2025_1106_1462,0.32515566207784974
2025_1106_1463,0.34342978620572095
2025_1106_1471,0.3251309708454101
2025_1110_1112,0.12685174783306133
2025_1110_1116,0.280621701965617
2025_1110_1120,0.0402528547742181
2025_1110_1124,0.2680490693175953
2025_1110_1136,0.401683780332276
2025_1110_1140,0.17783218129366613
2025_1110_1155,0.15435817662288698
2025_1110_1161,0.3263229195364056
2025_1110_1163,0.23136684740816826
2025_1110_1166,0.2638215919127492
2025_1110_1179,0.31246824608178253
2025_1110_1181,0.042754147362337624
2025_1110_1188,0.458516047800003
2025_1110_1196,0.0398574256146762
2025_1110_1208,0.2557694704981083
2025_1110_1211,0.2299652930730855
2025_1110_1213,0.3490540354602133
2025_1110_1219,0.34135325508440706
2025_1110_1222,0.04971804046404889
2025_1110_1228,0.18525799042549587
2025_1110_1235,0.09397809249771275
2025_1110_1242,0.20601534425189694
2025_1110_1246,0.09677277041668625
2025_1110_1251,0.32368866290434095
2025_1110_1252,0.36512045821808337
2025_1110_1257,0.22641338403456304
2025_1110_1266,0.2149296972101189
2025_1110_1268,0.12593611323758414
2025_1110_1270,0.3219342230287245
2025_1110_1272,0.16671670979988323
2025_1110_1276,0.15636602041787961
2025_1110_1277,0.06935594647618756
2025_1110_1279,0.19158985556477204
2025_1110_1280,0.23204099921509883
2025_1110_1281,0.19237264849395883
2025_1110_1285,0.4157149348903059
2025_1110_1291,0.49020781229013105
2025_1110_1303,0.4636360731896764
2025_1110_1307,0.2794447333837181
2025_1110_1313,0.4506676157533377
2025_1110_1314,0.2977483192067748
2025_1110_1328,0.2614300074885276
2025_1110_1332,0.1624607775236028
2025_1110_1345,0.1283676055421098
2025_1110_1352,0.43909073840670054
2025_1110_1361,0.31190649627095557
2025_1110_1384,0.501553199180642
2025_1110_1385,0.07267074168470554
2025_1110_1388,0.20826354913129833
2025_1110_1397,0.0629876160686053
2025_1110_1400,0.29763250759888554
2025_1110_1401,0.1298172588587535
2025_1110_1403,0.10274706617072489
2025_1110_1407,0.36932740034643075
2025_1110_1417,0.21074523330396436
2025_1110_1423,0.3670176916181627
2025_1110_1429,0.2744955705411161
2025_1110_1433,0.29566704800538673
2025_1110_1435,0.2956616858144327
2025_1110_1458,0.0983129320312095
2025_1110_1459,0.39508585259428597
2025_1110_1462,0.31092553714524435
2025_1110_1463,0.345893691207778
2025_1110_1471,0.32377327400910677
2025_1112_1116,0.607468870006397
2025_1112_1120,0.3395357617400332
2025_1112_1124,0.6164550211327378
2025_1112_1136,0.8104152327662013
2025_1112_1140,0.5651739649899399
2025_1112_1155,0.4697641023350836
2025_1112_1161,0.7195476249472466
2025_1112_1163,0.5732101510752057
2025_1112_1166,0.6248051632870648
2025_1112_1179,0.6542790136422606
2025_1112_1181,0.3381809563143953
2025_1112_1188,0.8345397636505631
2025_1112_1196,0.35726169414287007
2025_1112_1208,0.646197075323182
2025_1112_1211,0.5140770790909814
2025_1112_1213,0.7189770714504508
2025_1112_1219,0.7489760498109058
2025_1112_1222,0.376283156565486
2025_1112_1228,0.5022585594078555
2025_1112_1235,0.4276191271218972
2025_1112_1242,0.5560063797990589
2025_1112_1246,0.4557223755487379
2025_1112_1251,0.6890461404094284
2025_1112_1252,0.7589131531598926
2025_1112_1257,0.6302320428388418
2025_1112_1266,0.5555190254033482
2025_1112_1268,0.4935166623373535
2025_1112_1270,0.7162707500551688
2025_1112_1272,0.5275525421772609
2025_1112_1276,0.5238362110476045
2025_1112_1277,0.4127285122537242
2025_1112_1279,0.5297791536714317
2025_1112_1280,0.597198816960669
2025_1112_1281,0.5826549986837624
2025_1112_1285,0.7814707132773921
2025_1112_1291,0.828061363886708
2025_1112_1303,0.8177665637937946
2025_1112_1307,0.6691020818512151
2025_1112_1313,0.8278475304183884
2025_1112_1314,0.6080286628285934
2025_1112_1328,0.5796128379226884
2025_1112_1332,0.48427211005117093
2025_1112_1345,0.457739466882987
2025_1112_1352,0.8160400618515602
2025_1112_1361,0.6304451978114135
2025_1112_1384,0.8422099384001986
2025_1112_1385,0.46632330003686934
2025_1112_1388,0.5485805129749526
2025_1112_1397,0.3737142649296629
2025_1112_1400,0.6411774913823785
2025_1112_1401,0.47288314106051804
2025_1112_1403,0.42697108214774093
2025_1112_1407,0.7347729160999136
2025_1112_1417,0.5533871594404685
2025_1112_1423,0.7747195865141489
2025_1112_1429,0.6099525894605438
2025_1112_1433,0.6708984979063147
2025_1112_1435,0.6890575310166152
2025_1112_1458,0.4073445093730934
2025_1112_1459,0.7981861052756949
2025_1112_1462,0.6404453394113626
2025_1112_1463,0.7527742365474057
2025_1112_1471,0.6965983490334475
2025_1116_1120,0.20269320147805692
2025_1116_1124,0.4758922892807881
2025_1116_1136,0.6728167235274555
2025_1116_1140,0.39856288830226133
2025_1116_1155,0.3622630648181688
2025_1116_1161,0.5714236111219055
2025_1116_1163,0.39399315314448935
2025_1116_1166,0.4931555819979869
2025_1116_1179,0.5586176370057538
2025_1116_1181,0.20246716522041525
2025_1116_1188,0.7065687520670492
2025_1116_1196,0.2358484874703283
2025_1116_1208,0.5245206053286755
2025_1116_1211,0.36057083767571596
2025_1116_1213,0.6160650226714328
2025_1116_1219,0.606605092418347
2025_1116_1222,0.23102905552658662
2025_1116_1228,0.35869894720413287
2025_1116_1235,0.2787270568714427
2025_1116_1242,0.4302179640878172
2025_1116_1246,0.3122567885234076
2025_1116_1251,0.5684173903270122
2025_1116_1252,0.6066933550252589
2025_1116_1257,0.4688217015320172
2025_1116_1266,0.44670603022346955
2025_1116_1268,0.3265463064251473
2025_1116_1270,0.5999894932158327
2025_1116_1272,0.4324917160623871
2025_1116_1276,0.40380443167193225
2025_1116_1277,0.2745207777192138
2025_1116_1279,0.43604841172157927
2025_1116_1280,0.49609855805746145
2025_1116_1281,0.4089865510099069
2025_1116_1285,0.6578929301638204
2025_1116_1291,0.7014473302928055
2025_1116_1303,0.6903534735642105
2025_1116_1307,0.5337388288414573
2025_1116_1313,0.6999371294276077
2025_1116_1314,0.4947458597898613
2025_1116_1328,0.49367656277026595
2025_1116_1332,0.3969673451826302
2025_1116_1345,0.3549512222233205
2025_1116_1352,0.6811373712940727
2025_1116_1361,0.5562757342552781
2025_1116_1384,0.697678677117103
2025_1116_1385,0.3265387979538483
2025_1116_1388,0.42154035095574355
2025_1116_1397,0.23777421765523654
2025_1116_1400,0.4902441732390316
2025_1116_1401,0.38881042431633345
2025_1116_1403,0.29385134682771175
2025_1116_1407,0.6079067121769531
2025_1116_1417,0.42741416905990715
2025_1116_1423,0.640254460751009
2025_1116_1429,0.48742909202541
2025_1116_1433,0.4972383794240077
2025_1116_1435,0.5691917445738492
2025_1116_1458,0.2829967342248386
2025_1116_1459,0.6591610677567653
2025_1116_1462,0.5309332256950748
2025_1116_1463,0.611794725753173
2025_1116_1471,0.5631966616537561
2025_1120_1124,0.769958110624084
2025_1120_1136,0.9183907546639202
2025_1120_1140,0.7051107210640778
2025_1120_1155,0.6521883987166048
2025_1120_1161,0.8364210042916254
2025_1120_1163,0.6893708275132624
2025_1120_1166,0.7632082354952927
2025_1120_1179,0.7979802548006374
2025_1120_1181,0.46351591504319434
2025_1120_1188,0.9470836188344236
2025_1120_1196,0.5515870601623707
2025_1120_1208,0.7753308548569575
2025_1120_1211,0.6242900054333066
2025_1120_1213,0.8491332304295414
2025_1120_1219,0.859683885303623
2025_1120_1222,0.5617651090321673
2025_1120_1228,0.663802439972803
2025_1120_1235,0.6167706699997844
2025_1120_1242,0.7169239861333615
2025_1120_1246,0.6254923066726039
2025_1120_1251,0.8175753198540143
2025_1120_1252,0.8772605186644504
2025_1120_1257,0.746799550355592
2025_1120_1266,0.7110077813821831
2025_1120_1268,0.6433591285250734
2025_1120_1270,0.8388896181179544
2025_1120_1272,0.6681177478416912
2025_1120_1276,0.6716615934898185
2025_1120_1277,0.5564197218170864
2025_1120_1279,0.7051539095386987
2025_1120_1280,0.747472461304993
2025_1120_1281,0.7097715381738039
2025_1120_1285,0.887251744914032
2025_1120_1291,0.9428216320861196
2025_1120_1303,0.9145677090743547
2025_1120_1307,0.7897065806963516
2025_1120_1313,0.9420488227332943
2025_1120_1314,0.8077825517817512
2025_1120_1328,0.7492661379802975
2025_1120_1332,0.6572140928334379
2025_1120_1345,0.6508479065780204
2025_1120_1352,0.9093133145033079
2025_1120_1361,0.8078356823721812
2025_1120_1384,0.9394733491508065
2025_1120_1385,0.6217947092035342
2025_1120_1388,0.713867011258087
2025_1120_1397,0.528485355985735
2025_1120_1400,0.8066376115220766
2025_1120_1401,0.6465351698631173
2025_1120_1403,0.6172301748862642
2025_1120_1407,0.8779931811528867
2025_1120_1417,0.721493358461816
2025_1120_1423,0.8892092429440637
2025_1120_1429,0.7830812992811266
2025_1120_1433,0.7967515704638626
2025_1120_1435,0.804206327759038
2025_1120_1458,0.5481648247799082
2025_1120_1459,0.9165329472140624
2025_1120_1462,0.7977521016009197
2025_1120_1463,0.8631015290636856
2025_1120_1471,0.8307184802564386
2025_1124_1136,0.6840948099043346
2025_1124_1140,0.4482568907359995
2025_1124_1155,0.3769229086779259
2025_1124_1161,0.5915859524877581
2025_1124_1163,0.43934436897768625
2025_1124_1166,0.49499481628537956
2025_1124_1179,0.563077091200132
2025_1124_1181,0.2332746717591976
2025_1124_1188,0.7335697400647017
2025_1124_1196,0.2763915220522718
2025_1124_1208,0.5591322825303965
2025_1124_1211,0.3938921571701439
2025_1124_1213,0.6220029639614566
2025_1124_1219,0.6262423172997087
2025_1124_1222,0.2905891329490212
2025_1124_1228,0.3812592657779157
2025_1124_1235,0.3236814807083103
2025_1124_1242,0.4503926285881392
2025_1124_1246,0.3438298556638092
2025_1124_1251,0.5940191892236106
2025_1124_1252,0.6362378668109387
2025_1124_1257,0.4922681656828275
2025_1124_1266,0.457629613004674
2025_1124_1268,0.34891323299351207
2025_1124_1270,0.6140606901875992
2025_1124_1272,0.4625590435103757
2025_1124_1276,0.3945423692342488
2025_1124_1277,0.29676822367783445
2025_1124_1279,0.44565039492422237
2025_1124_1280,0.5046909708123051
2025_1124_1281,0.4412335583381841
2025_1124_1285,0.680077859430641
2025_1124_1291,0.7301143540460022
2025_1124_1303,0.7078588383332114
2025_1124_1307,0.5745221210639682
2025_1124_1313,0.7240471090690633
2025_1124_1314,0.5202290752295313
2025_1124_1328,0.4943359189338773
2025_1124_1332,0.42664103326222524
2025_1124_1345,0.3531726259276425
2025_1124_1352,0.7040474176761369
2025_1124_1361,0.5854491900081156
2025_1124_1384,0.7206226348012957
2025_1124_1385,0.3662715678547654
2025_1124_1388,0.45714765551786163
2025_1124_1397,0.2759803982537004
2025_1124_1400,0.5249462305817625
2025_1124_1401,0.38239528501568165
2025_1124_1403,0.3326964330668528
2025_1124_1407,0.6467291477561825
2025_1124_1417,0.45499004387567005
2025_1124_1423,0.6627565127135078
2025_1124_1429,0.5410276330743706
2025_1124_1433,0.5684363414655285
2025_1124_1435,0.5937926155183068
2025_1124_1458,0.3105120412989144
2025_1124_1459,0.6730903288353112
2025_1124_1462,0.5333556275647628
2025_1124_1463,0.6369186866787195
2025_1124_1471,0.591488355130222
2025_1136_1140,0.19961436794151022
2025_1136_1155,0.1749426743018402
2025_1136_1161,0.3737856419072709
2025_1136_1163,0.2587645564835131
2025_1136_1166,0.29294436531393464
2025_1136_1179,0.34413525570772246
2025_1136_1181,0.05661196734488426
2025_1136_1188,0.49703341053940553
2025_1136_1196,0.05515917866662607
2025_1136_1208,0.2774133307184768
2025_1136_1211,0.24266130866054963
2025_1136_1213,0.3753166920878921
2025_1136_1219,0.38229640318518704
2025_1136_1222,0.06991877287645823
2025_1136_1228,0.1937990659946009
2025_1136_1235,0.11103948053059878
2025_1136_1242,0.22454817175594544
2025_1136_1246,0.11917773417650289
2025_1136_1251,0.3677577509433559
2025_1136_1252,0.38552078551630825
2025_1136_1257,0.24715799473440805
2025_1136_1266,0.24535243500370993
2025_1136_1268,0.1441985294521792
2025_1136_1270,0.37021826746287667
2025_1136_1272,0.1911125933710136
2025_1136_1276,0.17225089398967533
2025_1136_1277,0.08772913051506155
2025_1136_1279,0.2274145328742488
2025_1136_1280,0.2599166967594176
2025_1136_1281,0.2148807646208724
2025_1136_1285,0.48227643870641457
2025_1136_1291,0.5173982958393528
2025_1136_1303,0.5402165020354769
2025_1136_1307,0.3063386636395967
2025_1136_1313,0.48994894457788063
2025_1136_1314,0.3105716441349021
2025_1136_1328,0.2865421192901427
2025_1136_1332,0.18696628268435905
2025_1136_1345,0.1522096561927844
2025_1136_1352,0.5114356966319016
2025_1136_1361,0.32697113597476524
2025_1136_1384,0.5804850097387221
2025_1136_1385,0.09729045975016126
2025_1136_1388,0.23169444788756677
2025_1136_1397,0.08325094058651038
2025_1136_1400,0.31400557268064755
2025_1136_1401,0.1481221444876866
2025_1136_1403,0.11986760527088196
2025_1136_1407,0.3923858758160552
2025_1136_1417,0.22993463315713186
2025_1136_1423,0.3999459499679968
2025_1136_1429,0.3023760002247568
2025_1136_1433,0.31513327246822276
2025_1136_1435,0.3290197756256947
2025_1136_1458,0.12425595206763963
2025_1136_1459,0.44781972828472516
2025_1136_1462,0.34721134760234357
2025_1136_1463,0.3958870462530656
2025_1136_1471,0.3614098295918952
2025_1140_1155,0.4158314096010908
2025_1140_1161,0.6546292171399241
2025_1140_1163,0.5134207031085186
2025_1140_1166,0.5310395587848998
2025_1140_1179,0.6053375689760542
2025_1140_1181,0.2968529660437128
2025_1140_1188,0.7562286761824133
2025_1140_1196,0.3289751157677012
2025_1140_1208,0.6119458646542961
2025_1140_1211,0.4719381742357369
2025_1140_1213,0.6651280195790652
2025_1140_1219,0.6933654089223144
2025_1140_1222,0.34590592465007985
2025_1140_1228,0.43932523312632515
2025_1140_1235,0.3748697472008035
2025_1140_1242,0.4867810555427379
2025_1140_1246,0.3712734179163407
2025_1140_1251,0.65724068582951
2025_1140_1252,0.7084331653571766
2025_1140_1257,0.5261919056802298
2025_1140_1266,0.5000593644472793
2025_1140_1268,0.4126335420788395
2025_1140_1270,0.6826345485683057
2025_1140_1272,0.4705254604413249
2025_1140_1276,0.4531918016963856
2025_1140_1277,0.35147309539544763
2025_1140_1279,0.47879216045143524
2025_1140_1280,0.5085555371710995
2025_1140_1281,0.5467828836770302
2025_1140_1285,0.7294944100520209
2025_1140_1291,0.7586529384739658
2025_1140_1303,0.7508297146010791
2025_1140_1307,0.6014179153535837
2025_1140_1313,0.7638122533988021
2025_1140_1314,0.5581072032656491
2025_1140_1328,0.5235923222252004
2025_1140_1332,0.4224452421808784
2025_1140_1345,0.41242241437961125
2025_1140_1352,0.7678568599010684
2025_1140_1361,0.594860697506218
2025_1140_1384,0.790439872136992
2025_1140_1385,0.3973093672411975
2025_1140_1388,0.5012044667810577
2025_1140_1397,0.33386580084013734
2025_1140_1400,0.5871618442198315
2025_1140_1401,0.41443646391109656
2025_1140_1403,0.40381835905355673
2025_1140_1407,0.6449642785248703
2025_1140_1417,0.5129107866504065
2025_1140_1423,0.7186963212662885
2025_1140_1429,0.5438554068380317
2025_1140_1433,0.6068659403671021
2025_1140_1435,0.635951925233027
2025_1140_1458,0.36671112961819224
2025_1140_1459,0.7442128698826695
2025_1140_1462,0.6073168064834578
2025_1140_1463,0.7029265574278495
2025_1140_1471,0.6458971106305973
2025_1155_1161,0.7333645387268548
2025_1155_1163,0.5412583376012066
2025_1155_1166,0.6362821164451269
2025_1155_1179,0.6937375093887344
2025_1155_1181,0.3295966443395771
2025_1155_1188,0.8373013787621344
2025_1155_1196,0.376718490945377
2025_1155_1208,0.6595073657575357
2025_1155_1211,0.5139703402741207
2025_1155_1213,0.7340025350665436
2025_1155_1219,0.7600003691187864
2025_1155_1222,0.3802942681301733
2025_1155_1228,0.5135359288982907
2025_1155_1235,0.42800020949370066
2025_1155_1242,0.5683694847765712
2025_1155_1246,0.4457344155127581
2025_1155_1251,0.7103547818618651
2025_1155_1252,0.7540700166365156
2025_1155_1257,0.6376120330702056
2025_1155_1266,0.5837599125053883
2025_1155_1268,0.47709253979160016
2025_1155_1270,0.7436808059623488
2025_1155_1272,0.5410046115830697
2025_1155_1276,0.522672387403919
2025_1155_1277,0.40858726683564145
2025_1155_1279,0.565557846579202
2025_1155_1280,0.6152758776906726
2025_1155_1281,0.6067726938820901
2025_1155_1285,0.7858452074401202
2025_1155_1291,0.8281316077711238
2025_1155_1303,0.8130740965972119
2025_1155_1307,0.6902383069561093
2025_1155_1313,0.8323339727347348
2025_1155_1314,0.6382338991080712
2025_1155_1328,0.5952196196167128
2025_1155_1332,0.49454471609341916
2025_1155_1345,0.4800404574794794
2025_1155_1352,0.8125611748103894
2025_1155_1361,0.6789564686657847
2025_1155_1384,0.8363401683198516
2025_1155_1385,0.49422566672585355
2025_1155_1388,0.613887415102608
2025_1155_1397,0.3839753243168879
2025_1155_1400,0.6772595145241459
2025_1155_1401,0.4927272699369738
2025_1155_1403,0.4589807983385708
2025_1155_1407,0.7482352256931608
2025_1155_1417,0.5991636718751112
2025_1155_1423,0.7835345064403725
2025_1155_1429,0.6340538900619886
2025_1155_1433,0.6915896359277974
2025_1155_1435,0.6975136412013543
2025_1155_1458,0.4008656485164534
2025_1155_1459,0.8113236002407135
2025_1155_1462,0.6497257350950737
2025_1155_1463,0.7580731420763032
2025_1155_1471,0.7317474713627672
2025_1161_1163,0.35076255773786236
2025_1161_1166,0.41577639965720614
2025_1161_1179,0.49546198176249956
2025_1161_1181,0.14169605823611114
2025_1161_1188,0.647029590377281
2025_1161_1196,0.16588105314532517
2025_1161_1208,0.4526102142138476
2025_1161_1211,0.3244148827558637
2025_1161_1213,0.56492893146865
2025_1161_1219,0.561546522790279
2025_1161_1222,0.16648564273719488
2025_1161_1228,0.315615332646399
2025_1161_1235,0.2144210679756098
2025_1161_1242,0.3589490866359333
2025_1161_1246,0.22654586355632095
2025_1161_1251,0.5318320508537638
2025_1161_1252,0.538717668284941
2025_1161_1257,0.3870592637267867
2025_1161_1266,0.39665491147870635
2025_1161_1268,0.29157801887397905
2025_1161_1270,0.5453481630185473
2025_1161_1272,0.35694881836393305
2025_1161_1276,0.3259794885886629
2025_1161_1277,0.20770462781730076
2025_1161_1279,0.38499930956422945
2025_1161_1280,0.4360879594273065
2025_1161_1281,0.35580983825502643
2025_1161_1285,0.5815101053749117
2025_1161_1291,0.6342659894195519
2025_1161_1303,0.6397103788184968
2025_1161_1307,0.487347222985437
2025_1161_1313,0.6289208059526192
2025_1161_1314,0.4291213131451701
2025_1161_1328,0.41517761729554875
2025_1161_1332,0.3114834475724232
2025_1161_1345,0.2553722834780975
2025_1161_1352,0.6374135492130057
2025_1161_1361,0.48399608284900664
2025_1161_1384,0.6590927553440564
2025_1161_1385,0.25607681748070815
2025_1161_1388,0.39377271786265977
2025_1161_1397,0.17872254488750705
2025_1161_1400,0.4392638796548274
2025_1161_1401,0.2947639594589113
2025_1161_1403,0.2323665349129695
2025_1161_1407,0.5512936593172714
2025_1161_1417,0.3823946282526888
2025_1161_1423,0.5761669822874849
2025_1161_1429,0.4442679384401711
2025_1161_1433,0.47646583214439836
2025_1161_1435,0.4947626724024725
2025_1161_1458,0.22483395466655048
2025_1161_1459,0.6012426669379851
2025_1161_1462,0.48248097418473
2025_1161_1463,0.5719328845912901
2025_1161_1471,0.49846003926550375
2025_1163_1166,0.5091518691852308
2025_1163_1179,0.6110095149779746
2025_1163_1181,0.2554826570766334
2025_1163_1188,0.7459080785690709
2025_1163_1196,0.30893853046337294
2025_1163_1208,0.5632588773353802
2025_1163_1211,0.41790557560402136
2025_1163_1213,0.6722287418576738
2025_1163_1219,0.6604001600400391
2025_1163_1222,0.3000651839158745
2025_1163_1228,0.40401564624861364
2025_1163_1235,0.36256747980990417
2025_1163_1242,0.4555872721457366
2025_1163_1246,0.3616832889818495
2025_1163_1251,0.6125775620605117
2025_1163_1252,0.6765313281124342
2025_1163_1257,0.5177352790033
2025_1163_1266,0.4916285045699109
2025_1163_1268,0.3952952937352986
2025_1163_1270,0.6613617133605068
2025_1163_1272,0.44330957087100564
2025_1163_1276,0.42610833550703897
2025_1163_1277,0.3135766476384416
2025_1163_1279,0.48535834638534225
2025_1163_1280,0.5407779261287932
2025_1163_1281,0.46264678952882454
2025_1163_1285,0.6999825520650556
2025_1163_1291,0.7421720871269757
2025_1163_1303,0.7213380365639145
2025_1163_1307,0.6121052608708215
2025_1163_1313,0.743464457853583
2025_1163_1314,0.5416709515458838
2025_1163_1328,0.5455168774611746
2025_1163_1332,0.44717897276603313
2025_1163_1345,0.381647819554361
2025_1163_1352,0.7258394265248012
2025_1163_1361,0.5935864325140336
2025_1163_1384,0.7482774030815879
2025_1163_1385,0.39163095825232325
2025_1163_1388,0.44609303853155996
2025_1163_1397,0.3069672003974818
2025_1163_1400,0.5558453167448689
2025_1163_1401,0.4165657588887547
2025_1163_1403,0.3456876739460781
2025_1163_1407,0.6968927359832762
2025_1163_1417,0.4744771950725808
2025_1163_1423,0.69930239534228
2025_1163_1429,0.5793086696507613
2025_1163_1433,0.6019842757779293
2025_1163_1435,0.6224026221850629
2025_1163_1458,0.3224348966210246
2025_1163_1459,0.7026711779127062
2025_1163_1462,0.5993797094267788
2025_1163_1463,0.6689900666303709
2025_1163_1471,0.6450093388084746
2025_1166_1179,0.5570269324443521
2025_1166_1181,0.22247020574622173
2025_1166_1188,0.708281456998001
2025_1166_1196,0.24092873377322488
2025_1166_1208,0.5221801859715659
2025_1166_1211,0.3951177594523097
2025_1166_1213,0.6260214633605771
2025_1166_1219,0.6246563258216742
2025_1166_1222,0.25583260100892724
2025_1166_1228,0.35765032302818567
2025_1166_1235,0.29204617434730884
2025_1166_1242,0.40300238962533486
2025_1166_1246,0.31114369148947485
2025_1166_1251,0.5903240164522527
2025_1166_1252,0.6409067697804585
2025_1166_1257,0.45465691769500166
2025_1166_1266,0.43408570419710113
2025_1166_1268,0.3619698173538111
2025_1166_1270,0.6149882938398881
2025_1166_1272,0.4064409415399257
2025_1166_1276,0.37242476656693985
2025_1166_1277,0.28480325233101406
2025_1166_1279,0.4355373875466585
2025_1166_1280,0.45024426619388924
2025_1166_1281,0.42194722044401867
2025_1166_1285,0.6672444151092871
2025_1166_1291,0.7029123420012555
2025_1166_1303,0.6913473071055194
2025_1166_1307,0.5524093128251419
2025_1166_1313,0.7018113773281178
2025_1166_1314,0.5049511738038552
2025_1166_1328,0.48389479674091734
2025_1166_1332,0.38961473080717796
2025_1166_1345,0.3422322652809945
2025_1166_1352,0.6886563488249485
2025_1166_1361,0.5472784686366324
2025_1166_1384,0.7122626232570751
2025_1166_1385,0.3304453323561017
2025_1166_1388,0.42602909992766247
2025_1166_1397,0.2565412000387072
2025_1166_1400,0.5087260424486556
2025_1166_1401,0.3466676278692318
2025_1166_1403,0.31911715764670684
2025_1166_1407,0.6009935765627554
2025_1166_1417,0.4311480062210274
2025_1166_1423,0.6393889035360023
2025_1166_1429,0.5210865995990779
2025_1166_1433,0.5472457617029891
2025_1166_1435,0.5727712592629057
2025_1166_1458,0.3005889069943062
2025_1166_1459,0.6666467739863154
2025_1166_1462,0.5580545859617967
2025_1166_1463,0.6450778705683554
2025_1166_1471,0.5915815221377584
2025_1179_1181,0.20306079216471212
2025_1179_1188,0.6815729216516858
2025_1179_1196,0.22017319190883805
2025_1179_1208,0.482325586527781
2025_1179_1211,0.38811003990423115
2025_1179_1213,0.5736247930350874
2025_1179_1219,0.5772163714262504
2025_1179_1222,0.22405271365308133
2025_1179_1228,0.37695137624474884
2025_1179_1235,0.28903113582933865
2025_1179_1242,0.41392852632889093
2025_1179_1246,0.30848191916104417
2025_1179_1251,0.5493909500361487
2025_1179_1252,0.5934301245826492
2025_1179_1257,0.46954311781641866
2025_1179_1266,0.41770705735551206
2025_1179_1268,0.328893182934262
2025_1179_1270,0.5839253037521357
2025_1179_1272,0.43079236872678517
2025_1179_1276,0.4047469752433473
2025_1179_1277,0.2726421475138543
2025_1179_1279,0.4178303300186672
2025_1179_1280,0.4656862736561056
2025_1179_1281,0.4178043104495301
2025_1179_1285,0.6325929880879824
2025_1179_1291,0.6715097593647562
2025_1179_1303,0.6682877644731384
2025_1179_1307,0.5168633262786813
2025_1179_1313,0.67421548177375
2025_1179_1314,0.5080475989583748
2025_1179_1328,0.44033575244707557
2025_1179_1332,0.4044833975189816
2025_1179_1345,0.3500439010562332
2025_1179_1352,0.6696713585442087
2025_1179_1361,0.5374616239266463
2025_1179_1384,0.6906251915278849
2025_1179_1385,0.30850069995105456
2025_1179_1388,0.43602331251768384
2025_1179_1397,0.24713892578168856
2025_1179_1400,0.49403343655895154
2025_1179_1401,0.3639662682168405
2025_1179_1403,0.3089358587884449
2025_1179_1407,0.5874659787949046
2025_1179_1417,0.4234352204449545
2025_1179_1423,0.6318135569289137
2025_1179_1429,0.47455640420376033
2025_1179_1433,0.48309447686013446
2025_1179_1435,0.5403056341044449
2025_1179_1458,0.28182263040002764
2025_1179_1459,0.6643145741083256
2025_1179_1462,0.5062028214222639
2025_1179_1463,0.5916708160470909
2025_1179_1471,0.5447671067388393
2025_1181_1188,0.9441797334030686
2025_1181_1196,0.5232283305830929
2025_1181_1208,0.7746486503778932
2025_1181_1211,0.6672613202281573
2025_1181_1213,0.8517571615562385
2025_1181_1219,0.8533046446183628
2025_1181_1222,0.4878659651316637
2025_1181_1228,0.6904142391304835
2025_1181_1235,0.6228441639014148
2025_1181_1242,0.7250855650994589
2025_1181_1246,0.6331371546652124
2025_1181_1251,0.7977998981917536
2025_1181_1252,0.8842351792823526
2025_1181_1257,0.7366044506592382
2025_1181_1266,0.7157613939491116
2025_1181_1268,0.6463148022872252
2025_1181_1270,0.8248074115894715
2025_1181_1272,0.6507026555139934
2025_1181_1276,0.6710837968075576
2025_1181_1277,0.5405477006800564
2025_1181_1279,0.7077840519440813
2025_1181_1280,0.7517441100969335
2025_1181_1281,0.7098445943906326
2025_1181_1285,0.8855968045048102
2025_1181_1291,0.9413892637473035
2025_1181_1303,0.9121253629459913
2025_1181_1307,0.7848575332538207
2025_1181_1313,0.9425445817726043
2025_1181_1314,0.8041953978788265
2025_1181_1328,0.7653428353081753
2025_1181_1332,0.6693757241195125
2025_1181_1345,0.6552440156667105
2025_1181_1352,0.9079653021653821
2025_1181_1361,0.8126162807826458
2025_1181_1384,0.934901189741951
2025_1181_1385,0.5901547076734319
2025_1181_1388,0.6735430975239186
2025_1181_1397,0.5142587224313594
2025_1181_1400,0.8121151047464574
2025_1181_1401,0.6569026968622773
2025_1181_1403,0.613773227063399
2025_1181_1407,0.884276830311794
2025_1181_1417,0.7205374119532135
2025_1181_1423,0.8861822155375529
2025_1181_1429,0.7804061613143761
2025_1181_1433,0.7923066478006362
2025_1181_1435,0.8012154862785967
2025_1181_1458,0.5783844701886888
2025_1181_1459,0.9128291912734748
2025_1181_1462,0.810790083725116
2025_1181_1463,0.8649847580867477
2025_1181_1471,0.8231873443197291
2025_1188_1196,0.030172147862698416
2025_1188_1208,0.25605334465712815
2025_1188_1211,0.22344397314389133
2025_1188_1213,0.3493718882300465
2025_1188_1219,0.33759079151641214
2025_1188_1222,0.03976007425143313
2025_1188_1228,0.17653010237902977
2025_1188_1235,0.08387666488670521
2025_1188_1242,0.2011194944821949
2025_1188_1246,0.08882799077791109
2025_1188_1251,0.3270598895416794
2025_1188_1252,0.3589883934540947
2025_1188_1257,0.21920360252352664
2025_1188_1266,0.21421771808030918
2025_1188_1268,0.11457707018734754
2025_1188_1270,0.31701595461587495
2025_1188_1272,0.16822218963520968
2025_1188_1276,0.14954564075958593
2025_1188_1277,0.06102467345769363
2025_1188_1279,0.20446387731598667
2025_1188_1280,0.22824451994070943
2025_1188_1281,0.18660293924098612
2025_1188_1285,0.42712220436883996
2025_1188_1291,0.49548429805297073
2025_1188_1303,0.48001098576637036
2025_1188_1307,0.2803474971513243
2025_1188_1313,0.47311566519298837
2025_1188_1314,0.29016333190050797
2025_1188_1328,0.25879321991319937
2025_1188_1332,0.15634379709630455
2025_1188_1345,0.12328540064530794
2025_1188_1352,0.44827127821419965
2025_1188_1361,0.31619395407120865
2025_1188_1384,0.5282699731543129
2025_1188_1385,0.06684140041660386
2025_1188_1388,0.20451088330339942
2025_1188_1397,0.05412125944189334
2025_1188_1400,0.28819890039860263
2025_1188_1401,0.12569008634258708
2025_1188_1403,0.09051844082121235
2025_1188_1407,0.3714985430891837
2025_1188_1417,0.20855209480944864
2025_1188_1423,0.36951831811433533
2025_1188_1429,0.27154888020336054
2025_1188_1433,0.28898821419796994
2025_1188_1435,0.29825218400088843
2025_1188_1458,0.09411549463016583
2025_1188_1459,0.39302444593944086
2025_1188_1462,0.3109567800414189
2025_1188_1463,0.3399106763566287
2025_1188_1471,0.31714243342003945
2025_1196_1208,0.7782523711784737
2025_1196_1211,0.6491691717315075
2025_1196_1213,0.8428136929837887
2025_1196_1219,0.8530469611703038
2025_1196_1222,0.5108386177732324
2025_1196_1228,0.6883791982297323
2025_1196_1235,0.5976079812725354
2025_1196_1242,0.7195858977113629
2025_1196_1246,0.6297995882952434
2025_1196_1251,0.8228711540904097
2025_1196_1252,0.8840355241640862
2025_1196_1257,0.7370182026760217
2025_1196_1266,0.6919980799470069
2025_1196_1268,0.6488438666349414
2025_1196_1270,0.8375772610204882
2025_1196_1272,0.6546117720927875
2025_1196_1276,0.6762886581867031
2025_1196_1277,0.5589923556480261
2025_1196_1279,0.7038195371773829
2025_1196_1280,0.7464406517605776
2025_1196_1281,0.7083842171866905
2025_1196_1285,0.8925020205842829
2025_1196_1291,0.9483188904367914
2025_1196_1303,0.9188029075825637
2025_1196_1307,0.7904209589781861
2025_1196_1313,0.948059103238569
2025_1196_1314,0.8085169107303161
2025_1196_1328,0.7609366892322805
2025_1196_1332,0.6391885614820354
2025_1196_1345,0.6533509395223033
2025_1196_1352,0.9147341453818515
2025_1196_1361,0.8131480860888836
2025_1196_1384,0.9455639807923004
2025_1196_1385,0.6111905269479365
2025_1196_1388,0.706093654388979
2025_1196_1397,0.4778062366629071
2025_1196_1400,0.8123349027732453
2025_1196_1401,0.6484635533744274
2025_1196_1403,0.6107969841903939
2025_1196_1407,0.8715811464360003
2025_1196_1417,0.7260479748598426
2025_1196_1423,0.8880089517672147
2025_1196_1429,0.7751988023404391
2025_1196_1433,0.7932235248621018
2025_1196_1435,0.8030426831426043
2025_1196_1458,0.5666766901084761
2025_1196_1459,0.9206870534975037
2025_1196_1462,0.8011196810436344
2025_1196_1463,0.8671904180845771
2025_1196_1471,0.8225219488539877
2025_1208_1211,0.38274807415493345
2025_1208_1213,0.5930946971628636
2025_1208_1219,0.6159390271585136
2025_1208_1222,0.27778271511418945
2025_1208_1228,0.357567922305988
2025_1208_1235,0.2973164186186617
2025_1208_1242,0.4105779440783386
2025_1208_1246,0.3199878887454822
2025_1208_1251,0.5696084641960558
2025_1208_1252,0.6014384562563755
2025_1208_1257,0.45133861526707386
2025_1208_1266,0.4194428890996741
2025_1208_1268,0.33457427686243424
2025_1208_1270,0.5902299572413217
2025_1208_1272,0.4362375084082678
2025_1208_1276,0.38707111466180977
2025_1208_1277,0.2780098531673418
2025_1208_1279,0.4153638130806932
2025_1208_1280,0.4716028254594987
2025_1208_1281,0.43643318856735025
2025_1208_1285,0.6620392993600531
2025_1208_1291,0.7091801712121537
2025_1208_1303,0.6922245705341119
2025_1208_1307,0.5477640935465704
2025_1208_1313,0.7175128565412789
2025_1208_1314,0.5091656313608657
2025_1208_1328,0.46214864612645057
2025_1208_1332,0.38096277292273223
2025_1208_1345,0.34953240340588615
2025_1208_1352,0.6935762743760956
2025_1208_1361,0.5496873925220757
2025_1208_1384,0.7159523997484799
2025_1208_1385,0.3353647901966639
2025_1208_1388,0.4288078958857072
2025_1208_1397,0.2602976033868576
2025_1208_1400,0.501371327774875
2025_1208_1401,0.35365404992326027
2025_1208_1403,0.31026242703153023
2025_1208_1407,0.6037491225887216
2025_1208_1417,0.4220642324494237
2025_1208_1423,0.6398098067067022
2025_1208_1429,0.48806992046863695
2025_1208_1433,0.5484708780190081
2025_1208_1435,0.5702018457123724
2025_1208_1458,0.2961824258937124
2025_1208_1459,0.6581406164393044
2025_1208_1462,0.5168686987479151
2025_1208_1463,0.6213383558681315
2025_1208_1471,0.5638574188391677
2025_1211_1213,0.6912271102336773
2025_1211_1219,0.6930417305913907
2025_1211_1222,0.3487692908007537
2025_1211_1228,0.45102046083044645
2025_1211_1235,0.4036593584070189
2025_1211_1242,0.4939954113666326
2025_1211_1246,0.4037860906314344
2025_1211_1251,0.6424729148248319
2025_1211_1252,0.6934721484503008
2025_1211_1257,0.5758865144733413
2025_1211_1266,0.5194163572983721
2025_1211_1268,0.4678044167885389
2025_1211_1270,0.6755645082345052
2025_1211_1272,0.5001702046392578
2025_1211_1276,0.4713469552623887
2025_1211_1277,0.3622837504900308
2025_1211_1279,0.5116112575917906
2025_1211_1280,0.5687435663602785
2025_1211_1281,0.5222564674816296
2025_1211_1285,0.7155525016127722
2025_1211_1291,0.7578053571479706
2025_1211_1303,0.7397119760687447
2025_1211_1307,0.6295604629673381
2025_1211_1313,0.7613260035725878
2025_1211_1314,0.5972815008296545
2025_1211_1328,0.5609937774241259
2025_1211_1332,0.4888530953641357
2025_1211_1345,0.41695302275616686
2025_1211_1352,0.7342649856287329
2025_1211_1361,0.600051207835012
2025_1211_1384,0.7633883917861408
2025_1211_1385,0.42763182617412326
2025_1211_1388,0.5369762495525923
2025_1211_1397,0.3375642213196621
2025_1211_1400,0.6288110742466956
2025_1211_1401,0.45989354294425366
2025_1211_1403,0.3944270947705827
2025_1211_1407,0.6968345271984334
2025_1211_1417,0.5073682035088148
2025_1211_1423,0.7182708063524772
2025_1211_1429,0.6075879243798213
2025_1211_1433,0.6272133317312903
2025_1211_1435,0.6377443250842515
2025_1211_1458,0.36792195133624667
2025_1211_1459,0.7404670790916105
2025_1211_1462,0.5897722790349621
2025_1211_1463,0.695061830754255
2025_1211_1471,0.6597034630645284
2025_1213_1219,0.5563626955209414
2025_1213_1222,0.14764244254236936
2025_1213_1228,0.295817807128366
2025_1213_1235,0.18805128270766458
2025_1213_1242,0.3485815331741907
2025_1213_1246,0.2141615924994071
2025_1213_1251,0.5262432889917452
2025_1213_1252,0.5611795221812088
2025_1213_1257,0.40824849810311836
2025_1213_1266,0.3760560530832673
2025_1213_1268,0.22320491744784912
2025_1213_1270,0.5286932910762765
2025_1213_1272,0.34926903755866123
2025_1213_1276,0.31009414744525643
2025_1213_1277,0.18122899423263586
2025_1213_1279,0.37836841736159177
2025_1213_1280,0.3801860296092142
2025_1213_1281,0.3270139975810749
2025_1213_1285,0.5959188040020426
2025_1213_1291,0.6483110946038297
2025_1213_1303,0.6347690779949131
2025_1213_1307,0.4578245548131945
2025_1213_1313,0.6455453500660816
2025_1213_1314,0.43235545237046635
2025_1213_1328,0.40235171521878205
2025_1213_1332,0.3427080429151304
2025_1213_1345,0.2615293598672126
2025_1213_1352,0.63440855970776
2025_1213_1361,0.49664665889275594
2025_1213_1384,0.6587230169094547
2025_1213_1385,0.20874057534996654
2025_1213_1388,0.3739600662306833
2025_1213_1397,0.1604013109370732
2025_1213_1400,0.44505984178469105
2025_1213_1401,0.2500379143388197
2025_1213_1403,0.204980974039766
2025_1213_1407,0.5530019755182793
2025_1213_1417,0.3367332886844613
2025_1213_1423,0.5904115293667827
2025_1213_1429,0.4275173280115194
2025_1213_1433,0.4156217146162823
2025_1213_1435,0.49705157523747723
2025_1213_1458,0.20672628613113875
2025_1213_1459,0.6190573566962814
2025_1213_1462,0.453448909160715
2025_1213_1463,0.5597128058356214
2025_1213_1471,0.4606487944372514
2025_1219_1222,0.13497234063240204
2025_1219_1228,0.2870335871528085
2025_1219_1235,0.1811534865519677
2025_1219_1242,0.31471565273770585
2025_1219_1246,0.19312310451750245
2025_1219_1251,0.4382937530388965
2025_1219_1252,0.5287903508781697
2025_1219_1257,0.32305140726878007
2025_1219_1266,0.34005086424597697
2025_1219_1268,0.2128740986087547
2025_1219_1270,0.4645757791028695
2025_1219_1272,0.28884290707130167
2025_1219_1276,0.2637109753405114
2025_1219_1277,0.1671538953515899
2025_1219_1279,0.32089084342863106
2025_1219_1280,0.36680908424546765
2025_1219_1281,0.3123027219640779
2025_1219_1285,0.5464808217051195
2025_1219_1291,0.5928160733078104
2025_1219_1303,0.6091049621608758
2025_1219_1307,0.4169343916304854
2025_1219_1313,0.6047480880206508
2025_1219_1314,0.4046772974936966
2025_1219_1328,0.3869934510761818
2025_1219_1332,0.269186189335368
2025_1219_1345,0.22445572356931273
2025_1219_1352,0.5898826490289011
2025_1219_1361,0.4421103285617686
2025_1219_1384,0.6426450972645079
2025_1219_1385,0.18973850941766932
2025_1219_1388,0.32798215605185865
2025_1219_1397,0.15002262216587944
2025_1219_1400,0.4059965988548495
2025_1219_1401,0.24460444650409913
2025_1219_1403,0.1932021287594578
2025_1219_1407,0.5128065516625341
2025_1219_1417,0.33049080262159053
2025_1219_1423,0.5543294740041314
2025_1219_1429,0.4056631147844052
2025_1219_1433,0.38799415692724537
2025_1219_1435,0.4512878249938699
2025_1219_1458,0.1840444058178486
2025_1219_1459,0.5942171540734186
2025_1219_1462,0.4215979325680374
2025_1219_1463,0.48495186447897637
2025_1219_1471,0.4483064975558878
2025_1222_1228,0.6855833949296389
2025_1222_1235,0.6229000341686949
2025_1222_1242,0.7234297670385994
2025_1222_1246,0.6319865693599107
2025_1222_1251,0.8315158519428547
2025_1222_1252,0.8828789035652783
2025_1222_1257,0.7442439653390078
2025_1222_1266,0.7137581062511684
2025_1222_1268,0.6399440885539989
2025_1222_1270,0.8417769324712645
2025_1222_1272,0.6721772766397567
2025_1222_1276,0.680260241202442
2025_1222_1277,0.5482265951996858
2025_1222_1279,0.7093228881511875
2025_1222_1280,0.751568589544555
2025_1222_1281,0.7124309232683284
2025_1222_1285,0.8871107871765562
2025_1222_1291,0.9429919820995434
2025_1222_1303,0.91539048671783
2025_1222_1307,0.7992673688825509
2025_1222_1313,0.943290053933046
2025_1222_1314,0.8119673835002267
2025_1222_1328,0.7598719428073923
2025_1222_1332,0.6651252528803204
2025_1222_1345,0.6583954291721736
2025_1222_1352,0.9137626987207422
2025_1222_1361,0.8219774746601651
2025_1222_1384,0.9396118155848123
2025_1222_1385,0.612101770238805
2025_1222_1388,0.7110722935687477
2025_1222_1397,0.5418847986881984
2025_1222_1400,0.8167291158114398
2025_1222_1401,0.6638499543994256
2025_1222_1403,0.6209779316407182
2025_1222_1407,0.8865054850189639
2025_1222_1417,0.7308760273870095
2025_1222_1423,0.8904009554968526
2025_1222_1429,0.781972015505347
2025_1222_1433,0.8073377076691183
2025_1222_1435,0.804425219779521
2025_1222_1458,0.5681683275397913
2025_1222_1459,0.9208268771952197
2025_1222_1462,0.801165471837213
2025_1222_1463,0.863392878549332
2025_1222_1471,0.828051559356617
2025_1228_1235,0.40127389139579484
2025_1228_1242,0.482812692657719
2025_1228_1246,0.4023838378586164
2025_1228_1251,0.6459184593156992
2025_1228_1252,0.718642853107663
2025_1228_1257,0.5362486996420008
2025_1228_1266,0.5176743637209884
2025_1228_1268,0.468921868365229
2025_1228_1270,0.6835380566472236
2025_1228_1272,0.49276100822036834
2025_1228_1276,0.4439778026091598
2025_1228_1277,0.3639438975537378
2025_1228_1279,0.4917702852167444
2025_1228_1280,0.5148405285227283
2025_1228_1281,0.5547138188387619
2025_1228_1285,0.7493407308390734
2025_1228_1291,0.7711947556378083
2025_1228_1303,0.756408759115297
2025_1228_1307,0.6239430669722664
2025_1228_1313,0.7840626118567708
2025_1228_1314,0.5467711811619037
2025_1228_1328,0.5453827950760048
2025_1228_1332,0.4409842023484499
2025_1228_1345,0.4275674063546079
2025_1228_1352,0.7600720819676499
2025_1228_1361,0.5805178290980899
2025_1228_1384,0.7825682020241602
2025_1228_1385,0.43929127450678396
2025_1228_1388,0.5164410363703533
2025_1228_1397,0.3468996544096581
2025_1228_1400,0.574491855247259
2025_1228_1401,0.4286592022155312
2025_1228_1403,0.4101707351685643
2025_1228_1407,0.6841234034746704
2025_1228_1417,0.523648833271966
2025_1228_1423,0.7224026926360352
2025_1228_1429,0.5863636874853139
2025_1228_1433,0.62987752552115
2025_1228_1435,0.6323119331000001
2025_1228_1458,0.3770390670647472
2025_1228_1459,0.7257550691045678
2025_1228_1462,0.6397096644448947
2025_1228_1463,0.7120392119391561
2025_1228_1471,0.679609713324739
2025_1235_1242,0.619993199180943
2025_1235_1246,0.5381409200123461
2025_1235_1251,0.7713217108517674
2025_1235_1252,0.8178201245369384
2025_1235_1257,0.6908685451937894
2025_1235_1266,0.6346863948386848
2025_1235_1268,0.5851534417379292
2025_1235_1270,0.7925191702263945
2025_1235_1272,0.6283202862591446
2025_1235_1276,0.6194909354103499
2025_1235_1277,0.5173879660060197
2025_1235_1279,0.6270310251775706
2025_1235_1280,0.6428441662053053
2025_1235_1281,0.6427469645216516
2025_1235_1285,0.8337828164184095
2025_1235_1291,0.869495129733035
2025_1235_1303,0.8558434583936709
2025_1235_1307,0.7434463641728193
2025_1235_1313,0.8803807314739828
2025_1235_1314,0.6896759803801394
2025_1235_1328,0.6576938497967202
2025_1235_1332,0.5974437970842279
2025_1235_1345,0.5700783304115609
2025_1235_1352,0.8623118640032206
2025_1235_1361,0.7328870059075057
2025_1235_1384,0.8828533659424012
2025_1235_1385,0.5608659999618664
2025_1235_1388,0.6533032333157733
2025_1235_1397,0.46553666208102723
2025_1235_1400,0.728714376640534
2025_1235_1401,0.5655264985993013
2025_1235_1403,0.556407552106477
2025_1235_1407,0.8125551826377099
2025_1235_1417,0.6399044515960746
2025_1235_1423,0.8393484811206924
2025_1235_1429,0.7211952769125878
2025_1235_1433,0.7394443512246845
2025_1235_1435,0.7388623157055723
2025_1235_1458,0.5002303585377211
2025_1235_1459,0.8541398286439315
2025_1235_1462,0.711184620879687
2025_1235_1463,0.8121795373770868
2025_1235_1471,0.7688441653687988
2025_1242_1246,0.39364388408524503
2025_1242_1251,0.6486815994754244
2025_1242_1252,0.7163910310640316
2025_1242_1257,0.5658130107579198
2025_1242_1266,0.48684572762388456
2025_1242_1268,0.4233582407687588
2025_1242_1270,0.6855389283182174
2025_1242_1272,0.5005938387006348
2025_1242_1276,0.4850716068716837
2025_1242_1277,0.3684802440843163
2025_1242_1279,0.49088260310463694
2025_1242_1280,0.5418486835448535
2025_1242_1281,0.5382500836846253
2025_1242_1285,0.7419343858887747
2025_1242_1291,0.7756066668606038
2025_1242_1303,0.7600478168692562
2025_1242_1307,0.6213785383617001
2025_1242_1313,0.780086853794038
2025_1242_1314,0.5757664966715221
2025_1242_1328,0.5313024433799777
2025_1242_1332,0.44051660906434764
2025_1242_1345,0.408422397479668
2025_1242_1352,0.7606882848591356
2025_1242_1361,0.6013105332651297
2025_1242_1384,0.779534127029633
2025_1242_1385,0.4298234988156571
2025_1242_1388,0.5272077305977256
2025_1242_1397,0.3199869107878734
2025_1242_1400,0.5495399497741256
2025_1242_1401,0.4335318164091234
2025_1242_1403,0.3988288483312369
2025_1242_1407,0.6881560423984402
2025_1242_1417,0.508585281776228
2025_1242_1423,0.7317276083590188
2025_1242_1429,0.5728591104068975
2025_1242_1433,0.6133536217557778
2025_1242_1435,0.6366649585201765
2025_1242_1458,0.3846031186186768
2025_1242_1459,0.7261070926410607
2025_1242_1462,0.6075399371899621
2025_1242_1463,0.7052599519073555
2025_1242_1471,0.6584479767713804
2025_1246_1251,0.7431927115183978
2025_1246_1252,0.8059898914691346
2025_1246_1257,0.6600625278008515
2025_1246_1266,0.6140967221611676
2025_1246_1268,0.5463722870978809
2025_1246_1270,0.7763615638213244
2025_1246_1272,0.5998528848777526
2025_1246_1276,0.5929852454338451
2025_1246_1277,0.4800498683010771
2025_1246_1279,0.6059093109676504
2025_1246_1280,0.6365189433577747
2025_1246_1281,0.6285748755421523
2025_1246_1285,0.8276770016464586
2025_1246_1291,0.8659547112164306
2025_1246_1303,0.8471883274872426
2025_1246_1307,0.7231790993849755
2025_1246_1313,0.8753538345535561
2025_1246_1314,0.6825725585687832
2025_1246_1328,0.6019635072927576
2025_1246_1332,0.5491363872353282
2025_1246_1345,0.5087172350269162
2025_1246_1352,0.8530787841358226
2025_1246_1361,0.7184920101894836
2025_1246_1384,0.8693972527988829
2025_1246_1385,0.5334341408292469
2025_1246_1388,0.6362827126386339
2025_1246_1397,0.42191619239749406
2025_1246_1400,0.6529592376333035
2025_1246_1401,0.5434226029392187
2025_1246_1403,0.5233208104367536
2025_1246_1407,0.7778715657192298
2025_1246_1417,0.6120761456124042
2025_1246_1423,0.8273372759712045
2025_1246_1429,0.685790390206837
2025_1246_1433,0.717251749612539
2025_1246_1435,0.7261847242145992
2025_1246_1458,0.47150189806725207
2025_1246_1459,0.8296085095306689
2025_1246_1462,0.698783415934522
2025_1246_1463,0.8023491100104221
2025_1246_1471,0.7539436777892594
2025_1251_1252,0.5333613379432002
2025_1251_1257,0.4228552205409154
2025_1251_1266,0.38344205245140706
2025_1251_1268,0.2544002929179778
2025_1251_1270,0.543894473776612
2025_1251_1272,0.3706212966354216
2025_1251_1276,0.35148321093154417
2025_1251_1277,0.21650804937494472
2025_1251_1279,0.3943236449142685
2025_1251_1280,0.40830950609533667
2025_1251_1281,0.35475165633018435
2025_1251_1285,0.6010702550178415
2025_1251_1291,0.6404896152329967
2025_1251_1303,0.6377647553905565
2025_1251_1307,0.4954899755927597
2025_1251_1313,0.6494483053607246
2025_1251_1314,0.4556910952082116
2025_1251_1328,0.4136893285460929
2025_1251_1332,0.33466681585158886
2025_1251_1345,0.27280579426603213
2025_1251_1352,0.6386197431541435
2025_1251_1361,0.49736292471294663
2025_1251_1384,0.6627174755845157
2025_1251_1385,0.23185749128766675
2025_1251_1388,0.38057982105732113
2025_1251_1397,0.19716321342308546
2025_1251_1400,0.44027276724951414
2025_1251_1401,0.2929320760371861
2025_1251_1403,0.24018114405301394
2025_1251_1407,0.559003725218115
2025_1251_1417,0.38292188798603755
2025_1251_1423,0.6029620835790984
2025_1251_1429,0.45666694726381724
2025_1251_1433,0.45057898461526996
2025_1251_1435,0.5094552875266843
2025_1251_1458,0.23537080697179863
2025_1251_1459,0.6129733038180226
2025_1251_1462,0.46455997341928
2025_1251_1463,0.5664331601394674
2025_1251_1471,0.5088340751057902
2025_1252_1257,0.29248707054660494
2025_1252_1266,0.2994026894153008
2025_1252_1268,0.17769340627272093
2025_1252_1270,0.4132447492062815
2025_1252_1272,0.23461314624341745
2025_1252_1276,0.2208272099736896
2025_1252_1277,0.12538952513352108
2025_1252_1279,0.2660514700300417
2025_1252_1280,0.31494443582518694
2025_1252_1281,0.2576101871964192
2025_1252_1285,0.5216382538197643
2025_1252_1291,0.5822436683937477
2025_1252_1303,0.5792340676190699
2025_1252_1307,0.3626569853751651
2025_1252_1313,0.5667113488946329
2025_1252_1314,0.3382152164466647
2025_1252_1328,0.33649101372654283
2025_1252_1332,0.22421993060251677
2025_1252_1345,0.18023649501523745
2025_1252_1352,0.5677764917542749
2025_1252_1361,0.3688515905847117
2025_1252_1384,0.6246507602465052
2025_1252_1385,0.14197081403281464
2025_1252_1388,0.2797662007417735
2025_1252_1397,0.11582580311473234
2025_1252_1400,0.35465796764415086
2025_1252_1401,0.19165721090080365
2025_1252_1403,0.15584437543393226
2025_1252_1407,0.4814363762682953
2025_1252_1417,0.26771393147209055
2025_1252_1423,0.47424477586082964
2025_1252_1429,0.34318781960232103
2025_1252_1433,0.366463407018091
2025_1252_1435,0.40099033679148244
2025_1252_1458,0.15334318808243266
2025_1252_1459,0.5177569280002918
2025_1252_1462,0.3781914929152406
2025_1252_1463,0.4463760786747897
2025_1252_1471,0.41128755007000034
2025_1257_1266,0.5079827208560233
2025_1257_1268,0.4202717200594197
2025_1257_1270,0.6744785118435812
2025_1257_1272,0.47472034374370586
2025_1257_1276,0.4371248645845419
2025_1257_1277,0.3366786510721465
2025_1257_1279,0.4982934196191964
2025_1257_1280,0.5453285682306963
2025_1257_1281,0.5226621972756798
2025_1257_1285,0.7191679018307393
2025_1257_1291,0.7660205411070358
2025_1257_1303,0.7511635667458187
2025_1257_1307,0.6116049273386017
2025_1257_1313,0.7627791014242395
2025_1257_1314,0.5961407048771361
2025_1257_1328,0.5412116391131829
2025_1257_1332,0.43813563560599744
2025_1257_1345,0.4217165049990771
2025_1257_1352,0.7532855552618692
2025_1257_1361,0.60530883698296
2025_1257_1384,0.7690938924468929
2025_1257_1385,0.3829444613923352
2025_1257_1388,0.5245031026597242
2025_1257_1397,0.303622673114429
2025_1257_1400,0.6109551269550916
2025_1257_1401,0.3990148252472041
2025_1257_1403,0.3705478879673674
2025_1257_1407,0.6714060488623644
2025_1257_1417,0.5231874745410846
2025_1257_1423,0.7060645778477703
2025_1257_1429,0.5779350732109756
2025_1257_1433,0.6094925435018207
2025_1257_1435,0.6138265615512029
2025_1257_1458,0.3591889438293448
2025_1257_1459,0.7438442441257127
2025_1257_1462,0.5997032695613143
2025_1257_1463,0.7001652861305234
2025_1257_1471,0.647974879657916
2025_1266_1268,0.47512439948709173
2025_1266_1270,0.7006330294445638
2025_1266_1272,0.5435408386570642
2025_1266_1276,0.5298728544516976
2025_1266_1277,0.38485165757993645
2025_1266_1279,0.5557608311234024
2025_1266_1280,0.5733805781454593
2025_1266_1281,0.5526515511024197
2025_1266_1285,0.7433860649876449
2025_1266_1291,0.7784830970226184
2025_1266_1303,0.7620876645775885
2025_1266_1307,0.6536278554321431
2025_1266_1313,0.788048925687468
2025_1266_1314,0.619882686882346
2025_1266_1328,0.5696766220948102
2025_1266_1332,0.5168579771562934
2025_1266_1345,0.46894120897880864
2025_1266_1352,0.765304728122427
2025_1266_1361,0.6594311984499556
2025_1266_1384,0.7840456459467033
2025_1266_1385,0.4631927601837995
2025_1266_1388,0.5619469128300553
2025_1266_1397,0.36955672410570084
2025_1266_1400,0.594358843316777
2025_1266_1401,0.4918345326862713
2025_1266_1403,0.4498382039436384
2025_1266_1407,0.7151259321598608
2025_1266_1417,0.5637437579070419
2025_1266_1423,0.7414289082304395
2025_1266_1429,0.621761312570746
2025_1266_1433,0.6490274853886228
2025_1266_1435,0.652181937180352
2025_1266_1458,0.3829307491278376
2025_1266_1459,0.7358598364630797
2025_1266_1462,0.6238209978812026
2025_1266_1463,0.7137566484410632
2025_1266_1471,0.6753382822883908
2025_1268_1270,0.7562229140135062
2025_1268_1272,0.569098585827114
2025_1268_1276,0.5576392170522825
2025_1268_1277,0.41737338649330785
2025_1268_1279,0.5584541096619386
2025_1268_1280,0.6081185018893209
2025_1268_1281,0.6130040537161883
2025_1268_1285,0.7969043287180455
2025_1268_1291,0.8503474529744893
2025_1268_1303,0.8332833082096942
2025_1268_1307,0.7079560685317197
2025_1268_1313,0.8523521030529513
2025_1268_1314,0.6425232829288192
2025_1268_1328,0.5996714096539465
2025_1268_1332,0.5271440982743417
2025_1268_1345,0.4807035284938558
2025_1268_1352,0.8353269100572452
2025_1268_1361,0.6874435516837691
2025_1268_1384,0.859813284847974
2025_1268_1385,0.494198571286779
2025_1268_1388,0.6005076511153822
2025_1268_1397,0.39697535216910185
2025_1268_1400,0.7056315100965297
2025_1268_1401,0.5048643436668474
2025_1268_1403,0.47918087214337235
2025_1268_1407,0.7804703438737526
2025_1268_1417,0.5833316605276156
2025_1268_1423,0.8082551070264063
2025_1268_1429,0.6631609025320435
2025_1268_1433,0.7078641428624789
2025_1268_1435,0.7116578930543529
2025_1268_1458,0.41617454055997627
2025_1268_1459,0.8353311204303424
2025_1268_1462,0.6486492636815048
2025_1268_1463,0.7748703770156701
2025_1268_1471,0.7294690892461919
2025_1270_1272,0.3616720438666384
2025_1270_1276,0.32519001452691065
2025_1270_1277,0.2007357375882339
2025_1270_1279,0.3892905367654531
2025_1270_1280,0.4390006760173356
2025_1270_1281,0.3393304190991097
2025_1270_1285,0.558691395684002
2025_1270_1291,0.6578984144359955
2025_1270_1303,0.6473481970532533
2025_1270_1307,0.47174030081590257
2025_1270_1313,0.6458922440125302
2025_1270_1314,0.4391906972184353
2025_1270_1328,0.4282404746419928
2025_1270_1332,0.3405417843538662
2025_1270_1345,0.26821327713129167
2025_1270_1352,0.646549806512261
2025_1270_1361,0.506383253130982
2025_1270_1384,0.6746506586061741
2025_1270_1385,0.22795761880449064
2025_1270_1388,0.3726600139889866
2025_1270_1397,0.1863941408918793
2025_1270_1400,0.4426327837249802
2025_1270_1401,0.3060668412765451
2025_1270_1403,0.2169284669001944
2025_1270_1407,0.5628170478394424
2025_1270_1417,0.377299390242082
2025_1270_1423,0.5740172299377188
2025_1270_1429,0.44484050025279
2025_1270_1433,0.4347851235690549
2025_1270_1435,0.5049937814066642
2025_1270_1458,0.2206900846870714
2025_1270_1459,0.6324463091169382
2025_1270_1462,0.45018322166673164
2025_1270_1463,0.5449420284291584
2025_1270_1471,0.487810265111439
2025_1272_1276,0.4938886638828857
2025_1272_1277,0.39063423544763637
2025_1272_1279,0.5104808229180582
2025_1272_1280,0.5632674886800675
2025_1272_1281,0.5333884921897304
2025_1272_1285,0.7570984013929023
2025_1272_1291,0.8102494037175798
2025_1272_1303,0.793188990118065
2025_1272_1307,0.6319547208878187
2025_1272_1313,0.8082024299278661
2025_1272_1314,0.6231671611968554
2025_1272_1328,0.555457131803631
2025_1272_1332,0.4971389271746183
2025_1272_1345,0.45891380520949393
2025_1272_1352,0.791103204620518
2025_1272_1361,0.6548189272867087
2025_1272_1384,0.8151605308609089
2025_1272_1385,0.4230416548381968
2025_1272_1388,0.5432909082971228
2025_1272_1397,0.3713150636369605
2025_1272_1400,0.6498461051022406
2025_1272_1401,0.4518654246508679
2025_1272_1403,0.43002872022564015
2025_1272_1407,0.6933361709936489
2025_1272_1417,0.5497496406193124
2025_1272_1423,0.751126747222293
2025_1272_1429,0.6127715127238578
2025_1272_1433,0.6074304543214638
2025_1272_1435,0.6639765843572876
2025_1272_1458,0.4021179937680043
2025_1272_1459,0.7883872623314185
2025_1272_1462,0.6213810214271588
2025_1272_1463,0.7152605110194719
2025_1272_1471,0.6624248286309111
2025_1276_1277,0.3780021832894023
2025_1276_1279,0.5422652951931884
2025_1276_1280,0.5808578037889076
2025_1276_1281,0.5763693257231987
2025_1276_1285,0.7796142042831337
2025_1276_1291,0.8213826432517957
2025_1276_1303,0.8091247360274856
2025_1276_1307,0.6754835443568343
2025_1276_1313,0.8254447278195183
2025_1276_1314,0.6017352438538143
2025_1276_1328,0.5431538508330274
2025_1276_1332,0.49562381066915356
2025_1276_1345,0.45013856828659093
2025_1276_1352,0.8122227604088649
2025_1276_1361,0.6440731876303079
2025_1276_1384,0.8296562031577253
2025_1276_1385,0.4618155913591582
2025_1276_1388,0.5661646897504724
2025_1276_1397,0.3687136563141849
2025_1276_1400,0.6301852862164217
2025_1276_1401,0.46238701611271904
2025_1276_1403,0.4317975098577434
2025_1276_1407,0.7139749375554776
2025_1276_1417,0.5577708960489289
2025_1276_1423,0.7760290295058723
2025_1276_1429,0.640606062304752
2025_1276_1433,0.6679521284681535
2025_1276_1435,0.6716389710113473
2025_1276_1458,0.39804100889982014
2025_1276_1459,0.8000491964324816
2025_1276_1462,0.6326929533747537
2025_1276_1463,0.7598372470898366
2025_1276_1471,0.6933406194755214
2025_1277_1279,0.6487339252027376
2025_1277_1280,0.6883982748990205
2025_1277_1281,0.6576522800889041
2025_1277_1285,0.8527447899378578
2025_1277_1291,0.9107286660844713
2025_1277_1303,0.8861631953380438
2025_1277_1307,0.7510110803674627
2025_1277_1313,0.9115790341759042
2025_1277_1314,0.7419457561019224
2025_1277_1328,0.6995602758056789
2025_1277_1332,0.5777437315580625
2025_1277_1345,0.5730796271120013
2025_1277_1352,0.8859496297214342
2025_1277_1361,0.7433757103695099
2025_1277_1384,0.9106818309397275
2025_1277_1385,0.5530761515034126
2025_1277_1388,0.651978626846538
2025_1277_1397,0.4740327617896472
2025_1277_1400,0.761902882491545
2025_1277_1401,0.5538293690654663
2025_1277_1403,0.5459365648388119
2025_1277_1407,0.8345001451406563
2025_1277_1417,0.6611217302327261
2025_1277_1423,0.8567243364660062
2025_1277_1429,0.7257293529423512
2025_1277_1433,0.7465330942914378
2025_1277_1435,0.7613875643155089
2025_1277_1458,0.5032486843754722
2025_1277_1459,0.8842602534943055
2025_1277_1462,0.7426330721586781
2025_1277_1463,0.8359956002052702
2025_1277_1471,0.7944801056883052
2025_1279_1280,0.5632057474931154
2025_1279_1281,0.5493901790432743
2025_1279_1285,0.758294187619929
2025_1279_1291,0.7931990927331944
2025_1279_1303,0.7863497854601877
2025_1279_1307,0.6468404927053453
2025_1279_1313,0.8010106307363478
2025_1279_1314,0.5905172791731109
2025_1279_1328,0.5582104520599994
2025_1279_1332,0.49217084269185185
2025_1279_1345,0.4454473227207618
2025_1279_1352,0.78495721110787
2025_1279_1361,0.6610779319401074
2025_1279_1384,0.7999931452848182
2025_1279_1385,0.44318247655564413
2025_1279_1388,0.5498658386187996
2025_1279_1397,0.3459052260628969
2025_1279_1400,0.582340997196136
2025_1279_1401,0.48408332454957936
2025_1279_1403,0.4149723182953911
2025_1279_1407,0.7083549949497211
2025_1279_1417,0.5415748702338203
2025_1279_1423,0.7455931701682248
2025_1279_1429,0.598491864591457
2025_1279_1433,0.6467957359636993
2025_1279_1435,0.657884642847763
2025_1279_1458,0.37316497859989217
2025_1279_1459,0.7627311725068932
2025_1279_1462,0.6191200389352438
2025_1279_1463,0.7171823810859355
2025_1279_1471,0.6700044634682967
2025_1280_1281,0.5115322719965072
2025_1280_1285,0.7061058264583219
2025_1280_1291,0.7425984611893773
2025_1280_1303,0.7260594177556189
2025_1280_1307,0.6049281820523169
2025_1280_1313,0.7507702616351335
2025_1280_1314,0.5931951501756826
2025_1280_1328,0.5389771316228241
2025_1280_1332,0.45850256837069076
2025_1280_1345,0.43658807607655414
2025_1280_1352,0.72481883533053
2025_1280_1361,0.6107516189690737
2025_1280_1384,0.7418374267355609
2025_1280_1385,0.4089301470145793
2025_1280_1388,0.501312449392695
2025_1280_1397,0.31845213638580677
2025_1280_1400,0.5638464981980242
2025_1280_1401,0.4363248030099159
2025_1280_1403,0.3934477171215406
2025_1280_1407,0.6599779587310454
2025_1280_1417,0.5094182421796181
2025_1280_1423,0.6911904907627546
2025_1280_1429,0.5601962291634912
2025_1280_1433,0.6061354735719607
2025_1280_1435,0.6202744004382321
2025_1280_1458,0.37388930594464875
2025_1280_1459,0.6915768043934726
2025_1280_1462,0.6106901057160157
2025_1280_1463,0.6753665960287882
2025_1280_1471,0.6229220732861324
2025_1281_1285,0.7321363815970189
2025_1281_1291,0.7711961190556411
2025_1281_1303,0.7700816102425718
2025_1281_1307,0.6146782623693875
2025_1281_1313,0.7750742554099217
2025_1281_1314,0.5710373041110005
2025_1281_1328,0.5404977814048332
2025_1281_1332,0.46457144569606545
2025_1281_1345,0.41149329924864625
2025_1281_1352,0.7667124243466162
2025_1281_1361,0.6130646967677871
2025_1281_1384,0.790954374228218
2025_1281_1385,0.4003055094466392
2025_1281_1388,0.505445750921137
2025_1281_1397,0.3289409740552573
2025_1281_1400,0.5971764089808079
2025_1281_1401,0.42787296643422823
2025_1281_1403,0.3714586695991892
2025_1281_1407,0.6552503599474312
2025_1281_1417,0.5248674019999617
2025_1281_1423,0.7058038270826689
2025_1281_1429,0.5779522868612816
2025_1281_1433,0.5994265502134555
2025_1281_1435,0.6260034685885852
2025_1281_1458,0.3555629674888543
2025_1281_1459,0.7467707858798721
2025_1281_1462,0.5818607183962893
2025_1281_1463,0.673384368267622
2025_1281_1471,0.6476401614129718
2025_1285_1291,0.5407811192021634
2025_1285_1303,0.5620909775952759
2025_1285_1307,0.33781832435750997
2025_1285_1313,0.5389458712341376
2025_1285_1314,0.35651057566513894
2025_1285_1328,0.32282031931991456
2025_1285_1332,0.23030737562322937
2025_1285_1345,0.1880454218344811
2025_1285_1352,0.5421277126136042
2025_1285_1361,0.37446018607475207
2025_1285_1384,0.5981317787593385
2025_1285_1385,0.13924797912644804
2025_1285_1388,0.26970322138058034
2025_1285_1397,0.12397603381847729
2025_1285_1400,0.350536903297574
2025_1285_1401,0.1923464132149148
2025_1285_1403,0.16795206170759086
2025_1285_1407,0.4317207896863241
2025_1285_1417,0.27298247279632054
2025_1285_1423,0.46946856689167293
2025_1285_1429,0.3324893262203511
2025_1285_1433,0.35136349421032914
2025_1285_1435,0.36830826672998696
2025_1285_1458,0.16111074236988937
2025_1285_1459,0.4753020240112902
2025_1285_1462,0.3770842286092171
2025_1285_1463,0.4188667982139559
2025_1285_1471,0.3797593560323848
2025_1291_1303,0.44252606007951345
2025_1291_1307,0.27386301619448444
2025_1291_1313,0.4521307183147378
2025_1291_1314,0.2923478685796491
2025_1291_1328,0.2574401199144197
2025_1291_1332,0.15687078969188556
2025_1291_1345,0.12601747748589395
2025_1291_1352,0.42512092168644666
2025_1291_1361,0.30883763892807653
2025_1291_1384,0.5225787671557075
2025_1291_1385,0.06810461193697251
2025_1291_1388,0.2039348878384266
2025_1291_1397,0.05723034283144799
2025_1291_1400,0.2939405633966214
2025_1291_1401,0.1240575000242935
2025_1291_1403,0.09586279857947969
2025_1291_1407,0.35604575877577826
2025_1291_1417,0.21330684960863255
2025_1291_1423,0.36233856336531656
2025_1291_1429,0.27360911142940647
2025_1291_1433,0.2921525179750857
2025_1291_1435,0.2981603803872774
2025_1291_1458,0.09163834397887329
2025_1291_1459,0.38752781128685865
2025_1291_1462,0.31271694759818836
2025_1291_1463,0.34112513458222354
2025_1291_1471,0.325386984564047
2025_1303_1307,0.29726363487998364
2025_1303_1313,0.4798040029048498
2025_1303_1314,0.31068287600598316
2025_1303_1328,0.2794615303197619
2025_1303_1332,0.1900165317158503
2025_1303_1345,0.14796436351781658
2025_1303_1352,0.46636575453925544
2025_1303_1361,0.3351872055077097
2025_1303_1384,0.5538123746254614
2025_1303_1385,0.09712246977963707
2025_1303_1388,0.23300069954170605
2025_1303_1397,0.08618903044919203
2025_1303_1400,0.31148809544585676
2025_1303_1401,0.15229443627319578
2025_1303_1403,0.12202111514059913
2025_1303_1407,0.3935360111517501
2025_1303_1417,0.23028390960852496
2025_1303_1423,0.41668005147972054
2025_1303_1429,0.29693453422162686
2025_1303_1433,0.3132168687874697
2025_1303_1435,0.31107269894991146
2025_1303_1458,0.12224285564232751
2025_1303_1459,0.4182158701686639
2025_1303_1462,0.3327256285719671
2025_1303_1463,0.36374225351321243
2025_1303_1471,0.3427076408143064
2025_1307_1313,0.6987177402522815
2025_1307_1314,0.5309235620536447
2025_1307_1328,0.4548791349753093
2025_1307_1332,0.3865467166317081
2025_1307_1345,0.3389456851559911
2025_1307_1352,0.6891263193755566
2025_1307_1361,0.5471707906467562
2025_1307_1384,0.710567708276246
2025_1307_1385,0.3189241357391469
2025_1307_1388,0.45082329198794285
2025_1307_1397,0.23842733785696799
2025_1307_1400,0.527109477916173
2025_1307_1401,0.33621807386856506
2025_1307_1403,0.3187160302611818
2025_1307_1407,0.5768415873014001
2025_1307_1417,0.4073931472823391
2025_1307_1423,0.6459890569504851
2025_1307_1429,0.504948607628682
2025_1307_1433,0.5307874943111222
2025_1307_1435,0.5671162466125396
2025_1307_1458,0.27632458285704903
2025_1307_1459,0.6801628129244701
2025_1307_1462,0.5157914913410465
2025_1307_1463,0.6229784099083074
2025_1307_1471,0.5572772218516069
2025_1313_1314,0.3089857457049127
2025_1313_1328,0.26406422235931537
2025_1313_1332,0.1757471524197478
2025_1313_1345,0.1357675094427928
2025_1313_1352,0.5245658875207136
2025_1313_1361,0.3351829842063849
2025_1313_1384,0.5691640175400583
2025_1313_1385,0.0731499334267237
2025_1313_1388,0.21590675002472018
2025_1313_1397,0.058725266991423275
2025_1313_1400,0.30365476565987964
2025_1313_1401,0.1334802582949808
2025_1313_1403,0.10374896197362413
2025_1313_1407,0.40271252899296517
2025_1313_1417,0.22307079026445809
2025_1313_1423,0.4222198930644379
2025_1313_1429,0.2867999960253329
2025_1313_1433,0.3010819263221273
2025_1313_1435,0.32136861999816374
2025_1313_1458,0.09796051804853201
2025_1313_1459,0.454575185505134
2025_1313_1462,0.3431827320279697
2025_1313_1463,0.3831877968407242
2025_1313_1471,0.34277345880222887
2025_1314_1328,0.45402545452026716
2025_1314_1332,0.3943551085282871
2025_1314_1345,0.3315636177434277
2025_1314_1352,0.6645242833909789
2025_1314_1361,0.547644583766518
2025_1314_1384,0.6856600947133049
2025_1314_1385,0.29802424285274975
2025_1314_1388,0.39178315225524896
2025_1314_1397,0.22354525950755383
2025_1314_1400,0.467109938392592
2025_1314_1401,0.35298202811840207
2025_1314_1403,0.2581956746154372
2025_1314_1407,0.6025433575211023
2025_1314_1417,0.3939675191128047
2025_1314_1423,0.6257588340926892
2025_1314_1429,0.49775271531151155
2025_1314_1433,0.5161745681920922
2025_1314_1435,0.5617714863406653
2025_1314_1458,0.2518360836358046
2025_1314_1459,0.6312628945269596
2025_1314_1462,0.5204393137339627
2025_1314_1463,0.5962883537453285
2025_1314_1471,0.5619214189902579
2025_1328_1332,0.41909782143840224
2025_1328_1345,0.34984261441868586
2025_1328_1352,0.6790876732034686
2025_1328_1361,0.5622962989409964
2025_1328_1384,0.6944286624809599
2025_1328_1385,0.32503264426902334
2025_1328_1388,0.4369138476303418
2025_1328_1397,0.2646194563718079
2025_1328_1400,0.4835589146940039
2025_1328_1401,0.3819977137983066
2025_1328_1403,0.32007023917525845
2025_1328_1407,0.6269689818247881
2025_1328_1417,0.4176226100238587
2025_1328_1423,0.6556408349188245
2025_1328_1429,0.49500273925095695
2025_1328_1433,0.5201022761266608
2025_1328_1435,0.5841450913839663
2025_1328_1458,0.303193149000562
2025_1328_1459,0.6344061722699678
2025_1328_1462,0.5654269221352732
2025_1328_1463,0.6039301727263235
2025_1328_1471,0.5556577753106071
2025_1332_1345,0.4508313460966793
2025_1332_1352,0.7957380185341532
2025_1332_1361,0.6644410865890076
2025_1332_1384,0.806921273880313
2025_1332_1385,0.4449284322993463
2025_1332_1388,0.5442139553517025
2025_1332_1397,0.36753799348508537
2025_1332_1400,0.5855381536482547
2025_1332_1401,0.49463406259971154
2025_1332_1403,0.4523773275116105
2025_1332_1407,0.7102207870445776
2025_1332_1417,0.5399694814055318
2025_1332_1423,0.7588655802600806
2025_1332_1429,0.6058287152343573
2025_1332_1433,0.6540543975297923
2025_1332_1435,0.6705898268431219
2025_1332_1458,0.4101024816782286
2025_1332_1459,0.7352533025514576
2025_1332_1462,0.6613271759654855
2025_1332_1463,0.7304183422486945
2025_1332_1471,0.6857041692667236
2025_1345_1352,0.8309449151541874
2025_1345_1361,0.7128795780496568
2025_1345_1384,0.849797876030721
2025_1345_1385,0.5123897018357064
2025_1345_1388,0.61240818843669
2025_1345_1397,0.3984077724953585
2025_1345_1400,0.6390884471112636
2025_1345_1401,0.5249288105161357
2025_1345_1403,0.4763421719212678
2025_1345_1407,0.7550707951786406
2025_1345_1417,0.6002248869932347
2025_1345_1423,0.8021339111444505
2025_1345_1429,0.666609276068977
2025_1345_1433,0.6864170265611809
2025_1345_1435,0.7105508015718248
2025_1345_1458,0.4410312889098886
2025_1345_1459,0.8134797732221949
2025_1345_1462,0.662996449846971
2025_1345_1463,0.7785569791777058
2025_1345_1471,0.7376216969610359
2025_1352_1361,0.33803704737449075
2025_1352_1384,0.5770334879714075
2025_1352_1385,0.09766612939104644
2025_1352_1388,0.23853575361058255
2025_1352_1397,0.08483545706457721
2025_1352_1400,0.3174858324430545
2025_1352_1401,0.15078247238438153
2025_1352_1403,0.12612747727085322
2025_1352_1407,0.4064695816737469
2025_1352_1417,0.2347362703208523
2025_1352_1423,0.417604257842888
2025_1352_1429,0.29952621866035883
2025_1352_1433,0.3168132762199932
2025_1352_1435,0.3243236402960721
2025_1352_1458,0.12321800922448733
2025_1352_1459,0.4382729835774053
2025_1352_1462,0.33673564053051824
2025_1352_1463,0.3786568697237125
2025_1352_1471,0.34531158054392586
2025_1361_1384,0.6876843500153735
2025_1361_1385,0.2823076548248778
2025_1361_1388,0.39136489587642426
2025_1361_1397,0.21167869733505223
2025_1361_1400,0.4648741572065844
2025_1361_1401,0.35092607123237085
2025_1361_1403,0.2686210453484644
2025_1361_1407,0.573828759040772
2025_1361_1417,0.3913380541386393
2025_1361_1423,0.6159719528830572
2025_1361_1429,0.4732456119108508
2025_1361_1433,0.4783451315880657
2025_1361_1435,0.5321945272601497
2025_1361_1458,0.26040667664473627
2025_1361_1459,0.6512636746294818
2025_1361_1462,0.514122892892643
2025_1361_1463,0.5948395919717411
2025_1361_1471,0.5266175743657054
2025_1384_1385,0.08635442025860632
2025_1384_1388,0.21165742192509718
2025_1384_1397,0.0825309008971547
2025_1384_1400,0.3020164603802415
2025_1384_1401,0.14035451598686838
2025_1384_1403,0.11336028616488993
2025_1384_1407,0.36052367122329665
2025_1384_1417,0.2148010869928879
2025_1384_1423,0.3689804054971342
2025_1384_1429,0.2832948645404022
2025_1384_1433,0.2960093206147798
2025_1384_1435,0.2920637396019302
2025_1384_1458,0.11195842957066517
2025_1384_1459,0.3858923939983648
2025_1384_1462,0.3087227916649248
2025_1384_1463,0.34055386468409543
2025_1384_1471,0.3301667173984063
2025_1385_1388,0.6622767484559684
2025_1385_1397,0.4838796937921264
2025_1385_1400,0.7816999448430332
2025_1385_1401,0.6313327119554883
2025_1385_1403,0.5679692329109266
2025_1385_1407,0.8477473464960465
2025_1385_1417,0.6995544392707645
2025_1385_1423,0.8481840080066916
2025_1385_1429,0.7320891115026051
2025_1385_1433,0.7439697450659037
2025_1385_1435,0.7715649120672892
2025_1385_1458,0.5066786925006662
2025_1385_1459,0.8911830179549971
2025_1385_1462,0.7606273601931617
2025_1385_1463,0.8314240057922191
2025_1385_1471,0.7799930074355292
2025_1388_1397,0.34841869576761675
2025_1388_1400,0.6454069611257963
2025_1388_1401,0.47034232305972834
2025_1388_1403,0.3729856896803398
2025_1388_1407,0.7061432716971715
2025_1388_1417,0.5491680207892561
2025_1388_1423,0.7331592914522096
2025_1388_1429,0.6048049081490283
2025_1388_1433,0.6264382901193151
2025_1388_1435,0.6572644632654946
2025_1388_1458,0.35324630397726436
2025_1388_1459,0.7718236420910198
2025_1388_1462,0.6059274984999183
2025_1388_1463,0.7177530240820582
2025_1388_1471,0.6675992025637927
2025_1397_1400,0.7857181508708971
2025_1397_1401,0.6209150074954413
2025_1397_1403,0.5995899660336831
2025_1397_1407,0.8542478705872696
2025_1397_1417,0.7029792969745163
2025_1397_1423,0.871406186086519
2025_1397_1429,0.7675940505749019
2025_1397_1433,0.7857860192591286
2025_1397_1435,0.7823297136051697
2025_1397_1458,0.5749484607781387
2025_1397_1459,0.8954590972834587
2025_1397_1462,0.7789944953285939
2025_1397_1463,0.8477843577228857
2025_1397_1471,0.8105976870617999
2025_1400_1401,0.34035691781462385
2025_1400_1403,0.29952541260664933
2025_1400_1407,0.592052386493494
2025_1400_1417,0.41601489858324314
2025_1400_1423,0.6303716110974855
2025_1400_1429,0.4938530044237309
2025_1400_1433,0.5256168956951585
2025_1400_1435,0.5540765510933453
2025_1400_1458,0.2623133958240411
2025_1400_1459,0.6155218389477698
2025_1400_1462,0.5191540630986292
2025_1400_1463,0.5865771581117226
2025_1400_1471,0.555039383385984
2025_1401_1403,0.47956101870122525
2025_1401_1407,0.7411814433683748
2025_1401_1417,0.5891597789701085
2025_1401_1423,0.7873318162045857
2025_1401_1429,0.6639764431006697
2025_1401_1433,0.6848871408551406
2025_1401_1435,0.6908687917917963
2025_1401_1458,0.43304878990784607
2025_1401_1459,0.806665791245222
2025_1401_1462,0.65783426673277
2025_1401_1463,0.7791985323878511
2025_1401_1471,0.7051893321738093
2025_1403_1407,0.8000397172795629
2025_1403_1417,0.6263087099352792
2025_1403_1423,0.8211287387964434
2025_1403_1429,0.6926786426545144
2025_1403_1433,0.7298447951764805
2025_1403_1435,0.7316637145325307
2025_1403_1458,0.44149571851179054
2025_1403_1459,0.8512294458702505
2025_1403_1462,0.67431704589576
2025_1403_1463,0.7932622263059963
2025_1403_1471,0.7634543166942022
2025_1407_1417,0.30491119504057285
2025_1407_1423,0.5237893209526677
2025_1407_1429,0.3605765393248269
2025_1407_1433,0.3675868662057551
2025_1407_1435,0.43189095646766507
2025_1407_1458,0.17815841762621848
2025_1407_1459,0.5261907920763206
2025_1407_1462,0.4235958051073043
2025_1407_1463,0.47248582404015854
2025_1407_1471,0.39599906618083525
2025_1417_1423,0.714895500560556
2025_1417_1429,0.5831489806080469
2025_1417_1433,0.623644466815103
2025_1417_1435,0.6435970982161916
2025_1417_1458,0.35174438672983754
2025_1417_1459,0.7356440420464438
2025_1417_1462,0.5906149907106779
2025_1417_1463,0.6968724247681146
2025_1417_1471,0.6564395796962639
2025_1423_1429,0.34309629124811986
2025_1423_1433,0.35853984727093974
2025_1423_1435,0.38746456854445166
2025_1423_1458,0.1551379802604382
2025_1423_1459,0.5329057773508993
2025_1423_1462,0.393644543399306
2025_1423_1463,0.46538045778701664
2025_1423_1471,0.38968569015091287
2025_1429_1433,0.5714149303218465
2025_1429_1435,0.5856665055676298
2025_1429_1458,0.3125927845615607
2025_1429_1459,0.646934377507757
2025_1429_1462,0.5552002914912543
2025_1429_1463,0.6333486483855075
2025_1429_1471,0.5925459603548093
2025_1433_1435,0.5437456622130167
2025_1433_1458,0.24970317026732355
2025_1433_1459,0.6723208971737038
2025_1433_1462,0.4879985104410868
2025_1433_1463,0.5846796268613415
2025_1433_1471,0.5540920983476532
2025_1435_1458,0.3012548812831186
2025_1435_1459,0.6532581780077328
2025_1435_1462,0.5525935073435112
2025_1435_1463,0.616100646428006
2025_1435_1471,0.5618081219115747
2025_1458_1459,0.8394904584141829
2025_1458_1462,0.7004170631808981
2025_1458_1463,0.8009796463368835
2025_1458_1471,0.7737425484149251
2025_1459_1462,0.3852358170518263
2025_1459_1463,0.3909983942501681
2025_1459_1471,0.3716489806176953
2025_1462_1463,0.5737859595835962
2025_1462_1471,0.5380861025132154
2025_1463_1471,0.44913545923555603
2025_3104_3117,0.9627691206534652
2025_3104_3123,0.8643922145743121
2025_3104_3124,0.44578572859367216
2025_3104_3143,0.7518787077169725
2025_3104_3162,0.8474418212660317
2025_3104_3163,0.3114514920718735
2025_3104_3166,0.7687621155270568
2025_3104_3181,0.4320309461001626
2025_3104_3192,0.9499231447035998
2025_3104_3193,0.8443379536988515
2025_3104_3195,0.9226134733795788
2025_3104_3199,0.5934356534109338
2025_3104_3206,0.8303678268955401
2025_3104_3210,0.7542836018445458
2025_3104_3213,0.8917366909628017
2025_3104_3217,0.7673138526750544
2025_3104_3219,0.9598533103682729
2025_3104_3228,0.71767697105165
2025_3104_3231,0.7343993819404331
2025_3104_3234,0.5864192179629263
2025_3104_3235,0.8285409203481718
2025_3104_3243,0.47633762452043527
2025_3104_3246,0.494875936576546
2025_3104_3250,0.951793801952195
2025_3104_3251,0.9178598442297263
2025_3104_3257,0.7135145567230468
2025_3104_3261,0.3878957159841572
2025_3104_3268,0.5399846717091585
2025_3104_3276,0.616595606177345
2025_3104_3277,0.6562009489963123
2025_3104_3279,0.5138612293496404
2025_3104_3280,0.7323182000364006
2025_3104_3286,0.8867287247945735
2025_3104_3293,0.8184339238940705
2025_3104_3301,0.4622463798363071
2025_3104_3304,0.815534265592861
2025_3104_3313,0.9065191818233709
2025_3104_3314,0.4958331446512694
2025_3104_3323,0.39547458923510626
2025_3104_3326,0.5607690761810921
2025_3104_3328,0.4433080525377561
2025_3104_3329,0.699379866309181
2025_3104_3332,0.8229747180723377
2025_3104_3333,0.9390815130084642
2025_3104_3343,0.8408900234848993
2025_3104_3350,0.6742752411752864
2025_3104_3355,0.8065310027190057
2025_3104_3361,0.9326075457480909
2025_3104_3372,0.9312845378551395
2025_3104_3376,0.2983329524520286
2025_3104_3378,0.8976762679675194
2025_3104_3380,0.9690650988703402
2025_3104_3395,0.3579557930917908
2025_3104_3397,0.5047336770072055
2025_3104_3399,0.9699541626165407
2025_3104_3400,0.3102338463284804
2025_3104_3417,0.28887832491310317
2025_3104_3422,0.9731638207913929
2025_3104_3425,0.29571145414756084
2025_3104_3428,0.7185998333324614
2025_3104_3435,0.6546126848651419
2025_3104_3436,0.9391563412616658
2025_3104_3449,0.814146712031024
2025_3104_3452,0.5957985562297617
2025_3104_3453,0.8592165703484709
2025_3104_3456,0.9639743904966382
2025_3104_3471,0.9580082157450192
2025_3117_3123,0.34047012191290926
2025_3117_3124,0.031202934845840066
2025_3117_3143,0.16115623318580935
2025_3117_3162,0.28896674459451677
2025_3117_3163,0.03712098684024204
2025_3117_3166,0.2385025639361179
2025_3117_3181,0.02713016501455208
2025_3117_3192,0.5627735036759806
2025_3117_3193,0.3430146512153824
2025_3117_3195,0.47094921256706734
2025_3117_3199,0.08554463254508399
2025_3117_3206,0.26976959835126163
2025_3117_3210,0.19125415156388204
2025_3117_3213,0.3880737445585843
2025_3117_3217,0.23098649217817782
2025_3117_3219,0.5999726466458332
2025_3117_3228,0.1845543443069227
2025_3117_3231,0.2671522522130346
2025_3117_3234,0.0917729749053955
2025_3117_3235,0.2670892726305704
2025_3117_3243,0.06209679795512213
2025_3117_3246,0.0350780931020004
2025_3117_3250,0.5564705487844831
2025_3117_3251,0.4174784959921639
2025_3117_3257,0.134775486096228
2025_3117_3261,0.025
2025_3117_3268,0.0431233954084485
2025_3117_3276,0.08519976135485482
2025_3117_3277,0.1225436750355078
2025_3117_3279,0.06406876683915996
2025_3117_3280,0.1809540121910982
2025_3117_3286,0.3798294203365503
2025_3117_3293,0.26340036896334146
2025_3117_3301,0.029251909161418132
2025_3117_3304,0.2547644796048136
2025_3117_3313,0.42770526864570046
2025_3117_3314,0.03394589296866177
2025_3117_3323,0.0320863387351385
2025_3117_3326,0.0371883968679302
2025_3117_3328,0.025
2025_3117_3329,0.11572311964932233
2025_3117_3332,0.2595738804660005
2025_3117_3333,0.4988875195143274
2025_3117_3343,0.29327959935692005
2025_3117_3350,0.16827707405182268
2025_3117_3355,0.24380744074138724
2025_3117_3361,0.49242551324448747
2025_3117_3372,0.4713764165579133
2025_3117_3376,0.025
2025_3117_3378,0.3786204411293056
2025_3117_3380,0.6464411808789683
2025_3117_3395,0.029019572038303958
2025_3117_3397,0.05566464827886628
2025_3117_3399,0.6231978890512293
2025_3117_3400,0.026307553901729567
2025_3117_3417,0.025
2025_3117_3422,0.6500303102029465
2025_3117_3425,0.025
2025_3117_3428,0.15720760424734767
2025_3117_3435,0.12630112377439542
2025_3117_3436,0.5171434494792964
2025_3117_3449,0.30898987326615424
2025_3117_3452,0.09280073438662136
2025_3117_3453,0.36391191787428
2025_3117_3456,0.6276562752702622
2025_3117_3471,0.608388691760789
2025_3123_3124,0.12924779007747506
2025_3123_3143,0.3140758313016691
2025_3123_3162,0.4897756612202747
2025_3123_3163,0.06334452797093318
2025_3123_3166,0.424764389346196
2025_3123_3181,0.06804591251623109
2025_3123_3192,0.733963709818771
2025_3123_3193,0.5173556655380971
2025_3123_3195,0.6544498088979769
2025_3123_3199,0.2644820244581979
2025_3123_3206,0.4593706496335103
2025_3123_3210,0.4002880322226866
2025_3123_3213,0.5397483737892721
2025_3123_3217,0.3915390365313724
2025_3123_3219,0.7453973438979702
2025_3123_3228,0.3603449029100382
2025_3123_3231,0.4175298492574382
2025_3123_3234,0.2556991989965261
2025_3123_3235,0.43697875335819425
2025_3123_3243,0.16137715535960076
2025_3123_3246,0.17037931103667148
2025_3123_3250,0.7191941074612107
2025_3123_3251,0.6355195158374557
2025_3123_3257,0.2866602507073781
2025_3123_3261,0.08454458575548425
2025_3123_3268,0.16191001879193395
2025_3123_3276,0.25277230156040476
2025_3123_3277,0.2871879949937778
2025_3123_3279,0.17087896565209118
2025_3123_3280,0.32094921175352764
2025_3123_3286,0.5529307762618687
2025_3123_3293,0.5045342629423429
2025_3123_3301,0.07408815657229623
2025_3123_3304,0.46066217139344895
2025_3123_3313,0.5728464177535133
2025_3123_3314,0.09904927443895618
2025_3123_3323,0.0927312408292402
2025_3123_3326,0.17103973041299647
2025_3123_3328,0.08772340775660428
2025_3123_3329,0.3013353900974024
2025_3123_3332,0.4196350201094739
2025_3123_3333,0.698031779684007
2025_3123_3343,0.49937907243400104
2025_3123_3350,0.3098442251231525
2025_3123_3355,0.408639274568404
2025_3123_3361,0.6869854100851327
2025_3123_3372,0.6635998406441048
2025_3123_3376,0.03585003490651049
2025_3123_3378,0.5790259950099733
2025_3123_3380,0.7752119595670518
2025_3123_3395,0.061740935267184924
2025_3123_3397,0.18426858666744317
2025_3123_3399,0.7843955019893041
2025_3123_3400,0.03691647869454344
2025_3123_3417,0.03253250588574087
2025_3123_3422,0.7948827237412788
2025_3123_3425,0.0359485548687054
2025_3123_3428,0.3114659685852269
2025_3123_3435,0.29127548707979456
2025_3123_3436,0.633578466156662
2025_3123_3449,0.47625528366023384
2025_3123_3452,0.23979911851839775
2025_3123_3453,0.5616925390234826
2025_3123_3456,0.7817624393330285
2025_3123_3471,0.7524555181111731
2025_3124_3143,0.7967539246740671
2025_3124_3162,0.8794089803066725
2025_3124_3163,0.359196325216209
2025_3124_3166,0.8275052984228648
2025_3124_3181,0.4621479395169741
2025_3124_3192,0.9594740359399373
2025_3124_3193,0.8901861200092402
2025_3124_3195,0.9470030786762671
2025_3124_3199,0.6936335454860434
2025_3124_3206,0.8745112828740257
2025_3124_3210,0.8102641384371956
2025_3124_3213,0.9256148893028309
2025_3124_3217,0.8233310296999949
2025_3124_3219,0.967970822214405
2025_3124_3228,0.771449612805361
2025_3124_3231,0.8242561403998647
2025_3124_3234,0.7037625204162199
2025_3124_3235,0.8737009890338068
2025_3124_3243,0.5409181297674385
2025_3124_3246,0.6039164436383623
2025_3124_3250,0.965473356501048
2025_3124_3251,0.9470611739672239
2025_3124_3257,0.7599487430935479
2025_3124_3261,0.45938983016027113
2025_3124_3268,0.6006070318087889
2025_3124_3276,0.7008674791191062
2025_3124_3277,0.6942317114349729
2025_3124_3279,0.5679520650670986
2025_3124_3280,0.7888963789214232
2025_3124_3286,0.9282255306515694
2025_3124_3293,0.87438361179865
2025_3124_3301,0.5077707193550769
2025_3124_3304,0.8650618784912298
2025_3124_3313,0.9328667759156043
2025_3124_3314,0.5522337176332279
2025_3124_3323,0.4482107639444678
2025_3124_3326,0.6099692320161009
2025_3124_3328,0.4972803566510261
2025_3124_3329,0.7487166611003364
2025_3124_3332,0.8630472599979941
2025_3124_3333,0.9642725849087649
2025_3124_3343,0.8785617757842878
2025_3124_3350,0.7528384728073877
2025_3124_3355,0.8538679064016215
2025_3124_3361,0.9601374670166147
2025_3124_3372,0.958006519641242
2025_3124_3376,0.354665591883402
2025_3124_3378,0.9261281975287756
2025_3124_3380,0.9732080167156018
2025_3124_3395,0.4230834473757168
2025_3124_3397,0.5528060053967054
2025_3124_3399,0.9736422110535445
2025_3124_3400,0.35923584151755744
2025_3124_3417,0.3476025076387666
2025_3124_3422,0.975
2025_3124_3425,0.34669948414258234
2025_3124_3428,0.7830416960090348
2025_3124_3435,0.6983355705063222
2025_3124_3436,0.954784628617206
2025_3124_3449,0.8645103322766685
2025_3124_3452,0.6637676303731068
2025_3124_3453,0.9056144074498576
2025_3124_3456,0.9671846285319803
2025_3124_3471,0.9694848665855142
2025_3143_3162,0.6893377690361494
2025_3143_3163,0.19216675809679454
2025_3143_3166,0.6456801501582983
2025_3143_3181,0.2213311249143933
2025_3143_3192,0.8760198504446196
2025_3143_3193,0.6806352924275116
2025_3143_3195,0.7884154710468368
2025_3143_3199,0.41549028592114085
2025_3143_3206,0.6639714143558231
2025_3143_3210,0.5552337547762333
2025_3143_3213,0.7517384510467688
2025_3143_3217,0.5978304134679004
2025_3143_3219,0.8877253012578489
2025_3143_3228,0.5592871676877121
2025_3143_3231,0.6312595432799946
2025_3143_3234,0.4046332933204772
2025_3143_3235,0.6880677353766766
2025_3143_3243,0.3247730150268681
2025_3143_3246,0.35618445465078147
2025_3143_3250,0.8591185377730521
2025_3143_3251,0.8125415848070751
2025_3143_3257,0.5077960203030543
2025_3143_3261,0.22338111760362162
2025_3143_3268,0.3381898009748088
2025_3143_3276,0.40623239342356066
2025_3143_3277,0.45503478677256654
2025_3143_3279,0.3525601260629655
2025_3143_3280,0.5225110973700485
2025_3143_3286,0.7012877367136218
2025_3143_3293,0.6612807234946861
2025_3143_3301,0.26740815243246197
2025_3143_3304,0.6792472420383502
2025_3143_3313,0.7671214438625028
2025_3143_3314,0.26001561983282073
2025_3143_3323,0.23813221969757478
2025_3143_3326,0.3316847356959847
2025_3143_3328,0.24938405130605307
2025_3143_3329,0.4955049716117335
2025_3143_3332,0.6522332649116146
2025_3143_3333,0.8491454354498056
2025_3143_3343,0.6985057759934707
2025_3143_3350,0.536592441838991
2025_3143_3355,0.6694131927635708
2025_3143_3361,0.8242400736049388
2025_3143_3372,0.7838536351237595
2025_3143_3376,0.15167151952928842
2025_3143_3378,0.7735411315905347
2025_3143_3380,0.9046104226541051
2025_3143_3395,0.20281005801662788
2025_3143_3397,0.3231001179822432
2025_3143_3399,0.9029881845770091
2025_3143_3400,0.15866508366563287
2025_3143_3417,0.1477141670958907
2025_3143_3422,0.9144888123883125
2025_3143_3425,0.15040058627503003
2025_3143_3428,0.5574599451454061
2025_3143_3435,0.44147332592730626
2025_3143_3436,0.8324333636305025
2025_3143_3449,0.6763616507989486
2025_3143_3452,0.39900482391894765
2025_3143_3453,0.7652310590040645
2025_3143_3456,0.9039597504589152
2025_3143_3471,0.8766386590635318
2025_3162_3163,0.10029302558028852
2025_3162_3166,0.5104771390319022
2025_3162_3181,0.11730187114907953
2025_3162_3192,0.7753722315560658
2025_3162_3193,0.5870124242727537
2025_3162_3195,0.7308391171710376
2025_3162_3199,0.343895261663818
2025_3162_3206,0.5803347208941498
2025_3162_3210,0.44452629287685497
2025_3162_3213,0.6589103048019535
2025_3162_3217,0.47957126496263575
2025_3162_3219,0.8124968719633355
2025_3162_3228,0.4360105670935351
2025_3162_3231,0.5051433907579068
2025_3162_3234,0.3564835098261302
2025_3162_3235,0.5221213785373453
2025_3162_3243,0.2155322962101775
2025_3162_3246,0.2697791710225813
2025_3162_3250,0.7785892462061946
2025_3162_3251,0.7159198757678972
2025_3162_3257,0.39149303597629515
2025_3162_3261,0.15871795954456103
2025_3162_3268,0.26260490697532
2025_3162_3276,0.3404186000926605
2025_3162_3277,0.3520225484904287
2025_3162_3279,0.22293911389514506
2025_3162_3280,0.41085119979173446
2025_3162_3286,0.6571383854231674
2025_3162_3293,0.5758787589591101
2025_3162_3301,0.12303722286558214
2025_3162_3304,0.5198634043002095
2025_3162_3313,0.6724695909585948
2025_3162_3314,0.17124798450341144
2025_3162_3323,0.16435966471970176
2025_3162_3326,0.23877182504732347
2025_3162_3328,0.19160229337477325
2025_3162_3329,0.3857389748706763
2025_3162_3332,0.5322272191633289
2025_3162_3333,0.7534547233236843
2025_3162_3343,0.5939205103017792
2025_3162_3350,0.4376287304401748
2025_3162_3355,0.5120257521572164
2025_3162_3361,0.748021730814819
2025_3162_3372,0.7400710642752415
2025_3162_3376,0.0727742503276571
2025_3162_3378,0.664514938406747
2025_3162_3380,0.8265514268560356
2025_3162_3395,0.10834119490096976
2025_3162_3397,0.24358209080965626
2025_3162_3399,0.830317630461077
2025_3162_3400,0.07494761972825933
2025_3162_3417,0.0709132096158692
2025_3162_3422,0.8402556536828019
2025_3162_3425,0.07435389178297253
2025_3162_3428,0.43413435787730037
2025_3162_3435,0.3345672457505321
2025_3162_3436,0.7324839805873142
2025_3162_3449,0.5967858968974862
2025_3162_3452,0.2888825815164404
2025_3162_3453,0.6409319244605454
2025_3162_3456,0.8242736956519701
2025_3162_3471,0.8128235519526597
2025_3163_3166,0.8799751732951799
2025_3163_3181,0.6216480751168343
2025_3163_3192,0.9531425533085838
2025_3163_3193,0.9423018408620807
2025_3163_3195,0.9548831092216605
2025_3163_3199,0.7808937248810255
2025_3163_3206,0.9372876679772
2025_3163_3210,0.8800035807784776
2025_3163_3213,0.9536147139060296
2025_3163_3217,0.9100819603409862
2025_3163_3219,0.9622689688868469
2025_3163_3228,0.8597875034659931
2025_3163_3231,0.8831244346001046
2025_3163_3234,0.7875115009494451
2025_3163_3235,0.9269805117466622
2025_3163_3243,0.707026352687393
2025_3163_3246,0.7226283995456102
2025_3163_3250,0.9627067702759764
2025_3163_3251,0.9633016603081854
2025_3163_3257,0.830984130754672
2025_3163_3261,0.6170783440908942
2025_3163_3268,0.7225973025741468
2025_3163_3276,0.7951807816002656
2025_3163_3277,0.8256475556635807
2025_3163_3279,0.7318743783776933
2025_3163_3280,0.8732628115714277
2025_3163_3286,0.9578037744219972
2025_3163_3293,0.9316263158921161
2025_3163_3301,0.6315058439115065
2025_3163_3304,0.9171852017985332
2025_3163_3313,0.959995619276693
2025_3163_3314,0.6684331459239405
2025_3163_3323,0.6175359489596604
2025_3163_3326,0.7289806502190672
2025_3163_3328,0.6458174041952471
2025_3163_3329,0.8193556108109352
2025_3163_3332,0.9125145092423131
2025_3163_3333,0.9615129520701193
2025_3163_3343,0.934602815650468
2025_3163_3350,0.8495097110078352
2025_3163_3355,0.8974585929136323
2025_3163_3361,0.962991232425581
2025_3163_3372,0.9610346164503076
2025_3163_3376,0.5090815441109491
2025_3163_3378,0.9584311908508663
2025_3163_3380,0.9634537705737036
2025_3163_3395,0.5714542782761988
2025_3163_3397,0.7396873219064073
2025_3163_3399,0.9668614195045564
2025_3163_3400,0.525246701832662
2025_3163_3417,0.48068451819019764
2025_3163_3422,0.9682314604840392
2025_3163_3425,0.5306221926754358
2025_3163_3428,0.8589760950587484
2025_3163_3435,0.8115836027231897
2025_3163_3436,0.9578863477225759
2025_3163_3449,0.9345428636318771
2025_3163_3452,0.7795436611738221
2025_3163_3453,0.9463373889654683
2025_3163_3456,0.9568600820229674
2025_3163_3471,0.9618557166024813
2025_3166_3181,0.16789815819959303
2025_3166_3192,0.8230449079887867
2025_3166_3193,0.6100428214809207
2025_3166_3195,0.6976667038403083
2025_3166_3199,0.3281827480989256
2025_3166_3206,0.5757106002744671
2025_3166_3210,0.4654650143286907
2025_3166_3213,0.6632167574183867
2025_3166_3217,0.5214629667811406
2025_3166_3219,0.8133104778101048
2025_3166_3228,0.4271229697090243
2025_3166_3231,0.5256358676348326
2025_3166_3234,0.3314949756769347
2025_3166_3235,0.5928838827053909
2025_3166_3243,0.27955952087703523
2025_3166_3246,0.25343222862606096
2025_3166_3250,0.7648632858537094
2025_3166_3251,0.7184630487452879
2025_3166_3257,0.4006116711896691
2025_3166_3261,0.1879434156938244
2025_3166_3268,0.2521677989294794
2025_3166_3276,0.3293523174270104
2025_3166_3277,0.38110364297429833
2025_3166_3279,0.30290201427124414
2025_3166_3280,0.44988574457376657
2025_3166_3286,0.6372608402979819
2025_3166_3293,0.5743307710732138
2025_3166_3301,0.18075175692935871
2025_3166_3304,0.5805112265408008
2025_3166_3313,0.7043964043804719
2025_3166_3314,0.2076931439695352
2025_3166_3323,0.1973620200253601
2025_3166_3326,0.271759428136641
2025_3166_3328,0.20344044146755677
2025_3166_3329,0.36791426701964997
2025_3166_3332,0.5593582666275408
2025_3166_3333,0.7595689889335736
2025_3166_3343,0.6218998608829016
2025_3166_3350,0.43075187844621443
2025_3166_3355,0.5678617398265244
2025_3166_3361,0.7213565168296923
2025_3166_3372,0.6937656710555619
2025_3166_3376,0.12828518143312712
2025_3166_3378,0.6506684238493676
2025_3166_3380,0.851700580633662
2025_3166_3395,0.16458343566010875
2025_3166_3397,0.2783373497202536
2025_3166_3399,0.8429985658815413
2025_3166_3400,0.13604591554091944
2025_3166_3417,0.12246983795570926
2025_3166_3422,0.8624558743759536
2025_3166_3425,0.12349941844138368
2025_3166_3428,0.4287755322646686
2025_3166_3435,0.3840497805165396
2025_3166_3436,0.7337289617424383
2025_3166_3449,0.6015992973981488
2025_3166_3452,0.3413420685551161
2025_3166_3453,0.6882753658537384
2025_3166_3456,0.8396348907267432
2025_3166_3471,0.8154353194583643
2025_3181_3192,0.9583249056636677
2025_3181_3193,0.9318122190759794
2025_3181_3195,0.9513002614876407
2025_3181_3199,0.7513498013568566
2025_3181_3206,0.9288881091517477
2025_3181_3210,0.8564461381838354
2025_3181_3213,0.9437901145616829
2025_3181_3217,0.8661572465798517
2025_3181_3219,0.9619194689437922
2025_3181_3228,0.8319111342106688
2025_3181_3231,0.8576059130446274
2025_3181_3234,0.7408062796224536
2025_3181_3235,0.9123978274293661
2025_3181_3243,0.6467997423138196
2025_3181_3246,0.6858528698368062
2025_3181_3250,0.9601381340337272
2025_3181_3251,0.9672916556031954
2025_3181_3257,0.8038590040036171
2025_3181_3261,0.5626231836075799
2025_3181_3268,0.6912005021853782
2025_3181_3276,0.7664227091551421
2025_3181_3277,0.7747206337842716
2025_3181_3279,0.6377400218636868
2025_3181_3280,0.8516596041530212
2025_3181_3286,0.9455320603973278
2025_3181_3293,0.9152035603194728
2025_3181_3301,0.5873832180066899
2025_3181_3304,0.9058376421896741
2025_3181_3313,0.9516391303786924
2025_3181_3314,0.6205676080990705
2025_3181_3323,0.5631725821828689
2025_3181_3326,0.6801573227977252
2025_3181_3328,0.6003098478300749
2025_3181_3329,0.8062551863176266
2025_3181_3332,0.9033085624936927
2025_3181_3333,0.9674671920609178
2025_3181_3343,0.9268461944187742
2025_3181_3350,0.8201686674765511
2025_3181_3355,0.8898805725910557
2025_3181_3361,0.9618488759000005
2025_3181_3372,0.9593223935616946
2025_3181_3376,0.45624340088855475
2025_3181_3378,0.9552886034401171
2025_3181_3380,0.9676947531010619
2025_3181_3395,0.49669240327799585
2025_3181_3397,0.6336765956759443
2025_3181_3399,0.9688691957553581
2025_3181_3400,0.4374386456889949
2025_3181_3417,0.41556164712012783
2025_3181_3422,0.9733823451716312
2025_3181_3425,0.4196033231982279
2025_3181_3428,0.8341189402999301
2025_3181_3435,0.7615096515412922
2025_3181_3436,0.9515472743252262
2025_3181_3449,0.9220135506780994
2025_3181_3452,0.7340955832327362
2025_3181_3453,0.9405047412158356
2025_3181_3456,0.9632242226917376
2025_3181_3471,0.962896311062373
2025_3192_3193,0.3315427789177702
2025_3192_3195,0.4064783033309406
2025_3192_3199,0.09726023371983787
2025_3192_3206,0.2761517360969515
2025_3192_3210,0.1986967898217694
2025_3192_3213,0.3738566359810484
2025_3192_3217,0.241320432018745
2025_3192_3219,0.5537235949699535
2025_3192_3228,0.17133027269174206
2025_3192_3231,0.22958270985217194
2025_3192_3234,0.10779963117470148
2025_3192_3235,0.27439096654875755
2025_3192_3243,0.07443395025217713
2025_3192_3246,0.048022418947463494
2025_3192_3250,0.499582342948504
2025_3192_3251,0.38886531753270404
2025_3192_3257,0.14802945855878216
2025_3192_3261,0.03461135199720759
2025_3192_3268,0.05159686227604994
2025_3192_3276,0.0971995272264229
2025_3192_3277,0.1310945961898799
2025_3192_3279,0.0791282495399935
2025_3192_3280,0.19450371706140576
2025_3192_3286,0.3759222074910358
2025_3192_3293,0.2824448783624843
2025_3192_3301,0.03968245928508473
2025_3192_3304,0.24520067693402328
2025_3192_3313,0.3707663109340092
2025_3192_3314,0.04532727446050321
2025_3192_3323,0.04330386098858165
2025_3192_3326,0.046585290264948884
2025_3192_3328,0.03382226522487688
2025_3192_3329,0.12361379264080455
2025_3192_3332,0.25183981149821655
2025_3192_3333,0.477846741106678
2025_3192_3343,0.2795863221838682
2025_3192_3350,0.1730450528505469
2025_3192_3355,0.25570986773552423
2025_3192_3361,0.44481845399639236
2025_3192_3372,0.4234528679551568
2025_3192_3376,0.04001352585745076
2025_3192_3378,0.34869057140090265
2025_3192_3380,0.6070475399290451
2025_3192_3395,0.04329488793196885
2025_3192_3397,0.0693995923475359
2025_3192_3399,0.586496141123519
2025_3192_3400,0.04219328249362719
2025_3192_3417,0.03765373446798169
2025_3192_3422,0.6127263596136507
2025_3192_3425,0.03611284234829536
2025_3192_3428,0.16576928999442442
2025_3192_3435,0.13730586097788275
2025_3192_3436,0.4860274308484625
2025_3192_3449,0.2927409361387998
2025_3192_3452,0.09975617926249872
2025_3192_3453,0.35886574206012495
2025_3192_3456,0.6047763908041163
2025_3192_3471,0.5955972226376848
2025_3193_3195,0.662442376972462
2025_3193_3199,0.27678685072506687
2025_3193_3206,0.4985858978401594
2025_3193_3210,0.3588719627472077
2025_3193_3213,0.549769506269014
2025_3193_3217,0.41811746836327446
2025_3193_3219,0.7681837416152864
2025_3193_3228,0.34348191975175285
2025_3193_3231,0.4457352278292201
2025_3193_3234,0.30016520119417683
2025_3193_3235,0.4677141484802869
2025_3193_3243,0.16744218195502653
2025_3193_3246,0.19827085669351677
2025_3193_3250,0.7235278152402027
2025_3193_3251,0.6378990875941192
2025_3193_3257,0.32456949149012837
2025_3193_3261,0.09156083587329795
2025_3193_3268,0.17188704251629888
2025_3193_3276,0.2836922756581138
2025_3193_3277,0.3006312587255664
2025_3193_3279,0.1933089886582442
2025_3193_3280,0.3434497920506541
2025_3193_3286,0.579964572787932
2025_3193_3293,0.514890538443475
2025_3193_3301,0.0773212876172776
2025_3193_3304,0.46891264568266156
2025_3193_3313,0.6044368879877289
2025_3193_3314,0.10291852533326218
2025_3193_3323,0.09896878226860575
2025_3193_3326,0.1571626194308009
2025_3193_3328,0.09831449000304193
2025_3193_3329,0.2985485636992259
2025_3193_3332,0.4730951610266504
2025_3193_3333,0.7118462831224939
2025_3193_3343,0.47939391277944576
2025_3193_3350,0.367340740632105
2025_3193_3355,0.42996817280582017
2025_3193_3361,0.6884658589386684
2025_3193_3372,0.6812835209364625
2025_3193_3376,0.042117998725500816
2025_3193_3378,0.6024550084500799
2025_3193_3380,0.7903555621034917
2025_3193_3395,0.06958837743701558
2025_3193_3397,0.17732186220944549
2025_3193_3399,0.789408515443603
2025_3193_3400,0.04572538363069356
2025_3193_3417,0.03993062845045407
2025_3193_3422,0.7977399991717744
2025_3193_3425,0.04366295696302171
2025_3193_3428,0.3828852713523321
2025_3193_3435,0.30080635338145256
2025_3193_3436,0.6900391963044025
2025_3193_3449,0.5279784867742219
2025_3193_3452,0.23670624091992182
2025_3193_3453,0.5652814273862536
2025_3193_3456,0.7912746995014563
2025_3193_3471,0.7807778919924127
2025_3195_3199,0.187587861203653
2025_3195_3206,0.3893292209778023
2025_3195_3210,0.2958627646816696
2025_3195_3213,0.4441877769531175
2025_3195_3217,0.30344075533551845
2025_3195_3219,0.6778226491940855
2025_3195_3228,0.257009092292055
2025_3195_3231,0.363068190925822
2025_3195_3234,0.16898408054852274
2025_3195_3235,0.3811977563034056
2025_3195_3243,0.09287777844082323
2025_3195_3246,0.08261668334383204
2025_3195_3250,0.619836257098341
2025_3195_3251,0.5291028607616078
2025_3195_3257,0.2084848735637112
2025_3195_3261,0.04024272401001609
2025_3195_3268,0.08056111289420989
2025_3195_3276,0.17815983457524046
2025_3195_3277,0.19943882008423347
2025_3195_3279,0.10366294220870692
2025_3195_3280,0.2568837128097381
2025_3195_3286,0.4702679003622549
2025_3195_3293,0.41862580947580064
2025_3195_3301,0.04349788027352662
2025_3195_3304,0.357569736168323
2025_3195_3313,0.45431492679034013
2025_3195_3314,0.04646054795490577
2025_3195_3323,0.04820961498186624
2025_3195_3326,0.07271274727084617
2025_3195_3328,0.046319776049265154
2025_3195_3329,0.21964779829206899
2025_3195_3332,0.3554282366502607
2025_3195_3333,0.6024491888315551
2025_3195_3343,0.4071205960524143
2025_3195_3350,0.28925015024367434
2025_3195_3355,0.3482811901977364
2025_3195_3361,0.5748081586164652
2025_3195_3372,0.569769305531184
2025_3195_3376,0.035573249271995
2025_3195_3378,0.46183214069692496
2025_3195_3380,0.7037537606250645
2025_3195_3395,0.03569511056364967
2025_3195_3397,0.09718255220298772
2025_3195_3399,0.7012964060757982
2025_3195_3400,0.036342243736566235
2025_3195_3417,0.03331429243797619
2025_3195_3422,0.7155254461201649
2025_3195_3425,0.03732938551497135
2025_3195_3428,0.28976400006234293
2025_3195_3435,0.19991009584239444
2025_3195_3436,0.6041653316454925
2025_3195_3449,0.43622420874247303
2025_3195_3452,0.1454784046080128
2025_3195_3453,0.4616970684867263
2025_3195_3456,0.7056060053926214
2025_3195_3471,0.6861463857510017
2025_3199_3206,0.7962938073294062
2025_3199_3210,0.713287083692869
2025_3199_3213,0.8501291129636854
2025_3199_3217,0.741976313105521
2025_3199_3219,0.9505918746048321
2025_3199_3228,0.6586152197008902
2025_3199_3231,0.7149787024334457
2025_3199_3234,0.5280633532965623
2025_3199_3235,0.7764822134184886
2025_3199_3243,0.4330770847876276
2025_3199_3246,0.4257534886212607
2025_3199_3250,0.9343853737486868
2025_3199_3251,0.8844584685244598
2025_3199_3257,0.6523795973750659
2025_3199_3261,0.34525893952641384
2025_3199_3268,0.4562243335892955
2025_3199_3276,0.55183187232361
2025_3199_3277,0.5645589695650017
2025_3199_3279,0.4630457641556939
2025_3199_3280,0.7067430631268565
2025_3199_3286,0.8616217941409103
2025_3199_3293,0.7849182897378357
2025_3199_3301,0.35798994798530925
2025_3199_3304,0.7750198193719535
2025_3199_3313,0.8736383076459072
2025_3199_3314,0.4005096510987665
2025_3199_3323,0.33881620727971545
2025_3199_3326,0.49910966951902846
2025_3199_3328,0.4065061013591435
2025_3199_3329,0.6303885404420632
2025_3199_3332,0.7683438104988273
2025_3199_3333,0.9080179840628584
2025_3199_3343,0.7966038006668413
2025_3199_3350,0.6307239875211632
2025_3199_3355,0.750855085587252
2025_3199_3361,0.9033319894045482
2025_3199_3372,0.8954522376952809
2025_3199_3376,0.26057305286625404
2025_3199_3378,0.8579833379265924
2025_3199_3380,0.955491993240186
2025_3199_3395,0.30175543088575857
2025_3199_3397,0.43455019866966993
2025_3199_3399,0.9557745624463774
2025_3199_3400,0.26423860060186916
2025_3199_3417,0.24322564771083674
2025_3199_3422,0.9602048992618837
2025_3199_3425,0.2462356728401781
2025_3199_3428,0.6702471484378469
2025_3199_3435,0.5911865930302971
2025_3199_3436,0.9015253013115745
2025_3199_3449,0.788543070834366
2025_3199_3452,0.534324901001909
2025_3199_3453,0.8244772888415404
2025_3199_3456,0.9509626058956779
2025_3199_3471,0.9466299283252124
2025_3206_3210,0.3845562724032483
2025_3206_3213,0.6346241219661747
2025_3206_3217,0.45040922772268327
2025_3206_3219,0.7748429952055373
2025_3206_3228,0.37875554276166606
2025_3206_3231,0.46898229145580406
2025_3206_3234,0.25609335701732294
2025_3206_3235,0.5002260320070316
2025_3206_3243,0.19161021509435236
2025_3206_3246,0.19119018620303085
2025_3206_3250,0.7511466700566267
2025_3206_3251,0.6790191008288611
2025_3206_3257,0.3077047034063587
2025_3206_3261,0.1158429879043829
2025_3206_3268,0.1767055120594301
2025_3206_3276,0.25035861794997666
2025_3206_3277,0.28555261696846435
2025_3206_3279,0.2077364560266552
2025_3206_3280,0.36958923358447265
2025_3206_3286,0.6079431030875135
2025_3206_3293,0.531448508085407
2025_3206_3301,0.09749371845672886
2025_3206_3304,0.4682928748078818
2025_3206_3313,0.6521412119058103
2025_3206_3314,0.13137226286867357
2025_3206_3323,0.12822818957084142
2025_3206_3326,0.171026412257293
2025_3206_3328,0.124389096622344
2025_3206_3329,0.2756042275717446
2025_3206_3332,0.4639343834866139
2025_3206_3333,0.7332259803788397
2025_3206_3343,0.5133715287867496
2025_3206_3350,0.39060962315110676
2025_3206_3355,0.45833082081067605
2025_3206_3361,0.7074580286919594
2025_3206_3372,0.6911534859783458
2025_3206_3376,0.06171689444674665
2025_3206_3378,0.6212434745268615
2025_3206_3380,0.8175863209717875
2025_3206_3395,0.09070344801969606
2025_3206_3397,0.19742728731378856
2025_3206_3399,0.8132140243448573
2025_3206_3400,0.06349114900344785
2025_3206_3417,0.059422947584155957
2025_3206_3422,0.8249538773250269
2025_3206_3425,0.060454457727348664
2025_3206_3428,0.3836027210812624
2025_3206_3435,0.28764757171795946
2025_3206_3436,0.6973841150235993
2025_3206_3449,0.5555235855345069
2025_3206_3452,0.2391066003309451
2025_3206_3453,0.596993280541397
2025_3206_3456,0.8143174662266122
2025_3206_3471,0.80478213023217
2025_3210_3213,0.7269434402786458
2025_3210_3217,0.5482221432739803
2025_3210_3219,0.8722370503935597
2025_3210_3228,0.49492768266238996
2025_3210_3231,0.5945978950474636
2025_3210_3234,0.4368754243633235
2025_3210_3235,0.6449911739234077
2025_3210_3243,0.29018274174086156
2025_3210_3246,0.28142706554684516
2025_3210_3250,0.844468396993457
2025_3210_3251,0.7797520871403789
2025_3210_3257,0.5043333812491727
2025_3210_3261,0.21115611033445517
2025_3210_3268,0.3118722122652734
2025_3210_3276,0.3870663241711156
2025_3210_3277,0.45691583600929025
2025_3210_3279,0.317518238855872
2025_3210_3280,0.5030983317772564
2025_3210_3286,0.7117971038210384
2025_3210_3293,0.6561364898913801
2025_3210_3301,0.21184432273444245
2025_3210_3304,0.6497353583650344
2025_3210_3313,0.7628927318113023
2025_3210_3314,0.23937247603016432
2025_3210_3323,0.21560095177164154
2025_3210_3326,0.3198911291228742
2025_3210_3328,0.25184892694495464
2025_3210_3329,0.48566138400862846
2025_3210_3332,0.6418799481322561
2025_3210_3333,0.8241179464831166
2025_3210_3343,0.6830892735262253
2025_3210_3350,0.4860724120374921
2025_3210_3355,0.5767106713494472
2025_3210_3361,0.8157810319554913
2025_3210_3372,0.7949979629759121
2025_3210_3376,0.13095536837094035
2025_3210_3378,0.747220118006745
2025_3210_3380,0.8924256475892103
2025_3210_3395,0.17656852258066796
2025_3210_3397,0.3035231105694808
2025_3210_3399,0.888126407797898
2025_3210_3400,0.13798269769485655
2025_3210_3417,0.12498730655147866
2025_3210_3422,0.8974653717899632
2025_3210_3425,0.13068482669815337
2025_3210_3428,0.5022022816152846
2025_3210_3435,0.4194099083814805
2025_3210_3436,0.8120546594805438
2025_3210_3449,0.6723534280259444
2025_3210_3452,0.38167874621395903
2025_3210_3453,0.7140909239488672
2025_3210_3456,0.8919196162629434
2025_3210_3471,0.8759741126454627
2025_3213_3217,0.3553942896392441
2025_3213_3219,0.7206149547640225
2025_3213_3228,0.3071156664064728
2025_3213_3231,0.37428379260544936
2025_3213_3234,0.20125807710454569
2025_3213_3235,0.3960034159684672
2025_3213_3243,0.1392848996092255
2025_3213_3246,0.11059236060194888
2025_3213_3250,0.6825056436552264
2025_3213_3251,0.5451828720304407
2025_3213_3257,0.2632304702895431
2025_3213_3261,0.07003929531575738
2025_3213_3268,0.11716457392552562
2025_3213_3276,0.19961630848185336
2025_3213_3277,0.25510102630730247
2025_3213_3279,0.1720200343826992
2025_3213_3280,0.30615056562931264
2025_3213_3286,0.5058308729538958
2025_3213_3293,0.4033066549685599
2025_3213_3301,0.05738116516154215
2025_3213_3304,0.38054061739634887
2025_3213_3313,0.5411669613604373
2025_3213_3314,0.07825352510026326
2025_3213_3323,0.07954790798109895
2025_3213_3326,0.10922366806169814
2025_3213_3328,0.07365589179019871
2025_3213_3329,0.22768701090674004
2025_3213_3332,0.4251695246509001
2025_3213_3333,0.6399147551102233
2025_3213_3343,0.4323964860966963
2025_3213_3350,0.26743569301348313
2025_3213_3355,0.36794003301017647
2025_3213_3361,0.6026269077233667
2025_3213_3372,0.5852651654916643
2025_3213_3376,0.04223296587337982
2025_3213_3378,0.5114957130017506
2025_3213_3380,0.7420417716032289
2025_3213_3395,0.04741486613556452
2025_3213_3397,0.15111056063885733
2025_3213_3399,0.7292144734754277
2025_3213_3400,0.04351365890500921
2025_3213_3417,0.037713426645612225
2025_3213_3422,0.7515150424299363
2025_3213_3425,0.0405398998425113
2025_3213_3428,0.29737578984046936
2025_3213_3435,0.23681457770515257
2025_3213_3436,0.6341282560231074
2025_3213_3449,0.4434754535178066
2025_3213_3452,0.21180265938633686
2025_3213_3453,0.4839951447571339
2025_3213_3456,0.7297530405029553
2025_3213_3471,0.7170842307691109
2025_3217_3219,0.8281946040655379
2025_3217_3228,0.41653028750142
2025_3217_3231,0.4879551119987107
2025_3217_3234,0.29980585284654676
2025_3217_3235,0.5299228118255415
2025_3217_3243,0.22850917260444092
2025_3217_3246,0.21202348117368564
2025_3217_3250,0.7959324990493148
2025_3217_3251,0.7074789541647997
2025_3217_3257,0.3967920946082954
2025_3217_3261,0.15515078261850776
2025_3217_3268,0.21553972276768554
2025_3217_3276,0.29320688016728375
2025_3217_3277,0.356404928698266
2025_3217_3279,0.24089434200089405
2025_3217_3280,0.4084360188143936
2025_3217_3286,0.678798141795963
2025_3217_3293,0.5675795015910139
2025_3217_3301,0.1315492766203117
2025_3217_3304,0.5351447535176467
2025_3217_3313,0.6906705372834003
2025_3217_3314,0.16847563238420166
2025_3217_3323,0.1599796764410761
2025_3217_3326,0.21852444670879242
2025_3217_3328,0.15700612810469944
2025_3217_3329,0.3492605910442455
2025_3217_3332,0.5111832588724223
2025_3217_3333,0.7722315956296202
2025_3217_3343,0.5878610500405834
2025_3217_3350,0.3806763983640181
2025_3217_3355,0.48779416441271
2025_3217_3361,0.7504466887618078
2025_3217_3372,0.7431682315733567
2025_3217_3376,0.08489424369325245
2025_3217_3378,0.6705065655050501
2025_3217_3380,0.8485527059185078
2025_3217_3395,0.12059807418416531
2025_3217_3397,0.2371805422259711
2025_3217_3399,0.8428242423686163
2025_3217_3400,0.08646213484713951
2025_3217_3417,0.083368138537274
2025_3217_3422,0.8529089395907874
2025_3217_3425,0.08417614722552287
2025_3217_3428,0.3957548526885577
2025_3217_3435,0.3511933127818033
2025_3217_3436,0.7337073145120481
2025_3217_3449,0.6113486663081349
2025_3217_3452,0.2901785022559654
2025_3217_3453,0.6228322189090333
2025_3217_3456,0.8436034231670672
2025_3217_3471,0.8336142927137693
2025_3219_3228,0.1591482858524343
2025_3219_3231,0.23817945295484416
2025_3219_3234,0.08044386409301513
2025_3219_3235,0.26683094440855554
2025_3219_3243,0.04979167699155892
2025_3219_3246,0.045193771126621846
2025_3219_3250,0.523730885072176
2025_3219_3251,0.37818044981264226
2025_3219_3257,0.12207572796759014
2025_3219_3261,0.030302957261421404
2025_3219_3268,0.04805183651864926
2025_3219_3276,0.07589232530936352
2025_3219_3277,0.11300923621411438
2025_3219_3279,0.056691501470338065
2025_3219_3280,0.16750313351119936
2025_3219_3286,0.35292172682319756
2025_3219_3293,0.2539616845475018
2025_3219_3301,0.04935935809752791
2025_3219_3304,0.2586037768722289
2025_3219_3313,0.4130432953795948
2025_3219_3314,0.045632419691773965
2025_3219_3323,0.03805018662416519
2025_3219_3326,0.052085447051506875
2025_3219_3328,0.0346090952364197
2025_3219_3329,0.09911720777162028
2025_3219_3332,0.31104829379527366
2025_3219_3333,0.4796662909644841
2025_3219_3343,0.2999322519259309
2025_3219_3350,0.13626377694513583
2025_3219_3355,0.23725536831353705
2025_3219_3361,0.43810056655601315
2025_3219_3372,0.42951547270598633
2025_3219_3376,0.0312897289615903
2025_3219_3378,0.37785247333779315
2025_3219_3380,0.622610124432933
2025_3219_3395,0.03730784507174482
2025_3219_3397,0.0493191330158385
2025_3219_3399,0.5652704140919426
2025_3219_3400,0.03479290511352802
2025_3219_3417,0.02722505787775708
2025_3219_3422,0.6270319637519216
2025_3219_3425,0.031004068028059648
2025_3219_3428,0.14446571395332977
2025_3219_3435,0.10789144205397211
2025_3219_3436,0.5084544705299248
2025_3219_3449,0.30864656637453325
2025_3219_3452,0.08553681034967311
2025_3219_3453,0.33721064164192494
2025_3219_3456,0.58208561250006
2025_3219_3471,0.5691597641201954
2025_3228_3231,0.6447986586860106
2025_3228_3234,0.4249979402694384
2025_3228_3235,0.6877680670942286
2025_3228_3243,0.3320595850477226
2025_3228_3246,0.32847422670848053
2025_3228_3250,0.8576320983905461
2025_3228_3251,0.8002763526390159
2025_3228_3257,0.4797972301890236
2025_3228_3261,0.22581452015157105
2025_3228_3268,0.3326352499975431
2025_3228_3276,0.41072714230544877
2025_3228_3277,0.4716116531335653
2025_3228_3279,0.35130266351265527
2025_3228_3280,0.5332607552479225
2025_3228_3286,0.7124192327854282
2025_3228_3293,0.6883032601221154
2025_3228_3301,0.25528026664591547
2025_3228_3304,0.6891373448157104
2025_3228_3313,0.7770364339111477
2025_3228_3314,0.2545832401876909
2025_3228_3323,0.2379612193255126
2025_3228_3326,0.333585561299347
2025_3228_3328,0.2527446169757051
2025_3228_3329,0.47555645631972765
2025_3228_3332,0.6756119017999849
2025_3228_3333,0.8441046713322586
2025_3228_3343,0.6977290905058723
2025_3228_3350,0.5193602812326389
2025_3228_3355,0.6498970203050459
2025_3228_3361,0.8249771701934223
2025_3228_3372,0.7907009692980447
2025_3228_3376,0.1542319459950556
2025_3228_3378,0.7702683119007238
2025_3228_3380,0.9032551129559281
2025_3228_3395,0.20266739936570766
2025_3228_3397,0.33074099196376755
2025_3228_3399,0.8954016287378657
2025_3228_3400,0.15945500515471164
2025_3228_3417,0.14999591868026413
2025_3228_3422,0.9051110014136153
2025_3228_3425,0.1524963921010232
2025_3228_3428,0.5220995342586663
2025_3228_3435,0.4544790536450667
2025_3228_3436,0.8281772782759673
2025_3228_3449,0.695378432561092
2025_3228_3452,0.39320324507824383
2025_3228_3453,0.7629235940352453
2025_3228_3456,0.8998681974833693
2025_3228_3471,0.8812599823426257
2025_3231_3234,0.3751640512744735
2025_3231_3235,0.6555103251974495
2025_3231_3243,0.2889111883126197
2025_3231_3246,0.2753994993500129
2025_3231_3250,0.8088393293947741
2025_3231_3251,0.7586892370928247
2025_3231_3257,0.46501175881118617
2025_3231_3261,0.20413663804144733
2025_3231_3268,0.2883861579637128
2025_3231_3276,0.3728867075101937
2025_3231_3277,0.4481897119569303
2025_3231_3279,0.33187432271927775
2025_3231_3280,0.4663783615332352
2025_3231_3286,0.6584574300077419
2025_3231_3293,0.5961018180477647
2025_3231_3301,0.21920614193224877
2025_3231_3304,0.6079503024621729
2025_3231_3313,0.7462953687227776
2025_3231_3314,0.24878681350531084
2025_3231_3323,0.2076205802210982
2025_3231_3326,0.3383631111024342
2025_3231_3328,0.23405192639248917
2025_3231_3329,0.42186956057560976
2025_3231_3332,0.6521805677921394
2025_3231_3333,0.8016607302147091
2025_3231_3343,0.6694863967914082
2025_3231_3350,0.47504622561249316
2025_3231_3355,0.6155425702807567
2025_3231_3361,0.7768681743044198
2025_3231_3372,0.7224886551666835
2025_3231_3376,0.12692809132878582
2025_3231_3378,0.7425869529694585
2025_3231_3380,0.8789355693486791
2025_3231_3395,0.17435092237234565
2025_3231_3397,0.30588705866853605
2025_3231_3399,0.8679806075658307
2025_3231_3400,0.1332339093782454
2025_3231_3417,0.12260222141116953
2025_3231_3422,0.8796130648678643
2025_3231_3425,0.12793115031353963
2025_3231_3428,0.4744132850594403
2025_3231_3435,0.4151461133466131
2025_3231_3436,0.8127096899181488
2025_3231_3449,0.6334843283694648
2025_3231_3452,0.3808688256707499
2025_3231_3453,0.7098186083621624
2025_3231_3456,0.8593853551733704
2025_3231_3471,0.8395413419948811
2025_3234_3235,0.7797405892764925
2025_3234_3243,0.42402301062493963
2025_3234_3246,0.43117803334205984
2025_3234_3250,0.9155967553061234
2025_3234_3251,0.8678144906649755
2025_3234_3257,0.5845835942558244
2025_3234_3261,0.32475992965970785
2025_3234_3268,0.42872399805479044
2025_3234_3276,0.5171565381760923
2025_3234_3277,0.568801968430231
2025_3234_3279,0.44752637456952965
2025_3234_3280,0.6086830469108495
2025_3234_3286,0.7834477882245319
2025_3234_3293,0.7422084977272216
2025_3234_3301,0.38333480227645556
2025_3234_3304,0.7625627030556792
2025_3234_3313,0.858611595194478
2025_3234_3314,0.37316295442637065
2025_3234_3323,0.33810526721743656
2025_3234_3326,0.48506771839942425
2025_3234_3328,0.35716506566225187
2025_3234_3329,0.6183080329462581
2025_3234_3332,0.7678011631769551
2025_3234_3333,0.8976964726789249
2025_3234_3343,0.7739757776799719
2025_3234_3350,0.6167226512142456
2025_3234_3355,0.7518686808386956
2025_3234_3361,0.8705996717925495
2025_3234_3372,0.8531610197436876
2025_3234_3376,0.24162986190396032
2025_3234_3378,0.8518020198715015
2025_3234_3380,0.9455512651665582
2025_3234_3395,0.29560235825822767
2025_3234_3397,0.43160585962465425
2025_3234_3399,0.9489681097134655
2025_3234_3400,0.2558677824914607
2025_3234_3417,0.23762679725298344
2025_3234_3422,0.9568000732286444
2025_3234_3425,0.24189700432279043
2025_3234_3428,0.6537787378629889
2025_3234_3435,0.5480194746957532
2025_3234_3436,0.9130159393573972
2025_3234_3449,0.7814613643702101
2025_3234_3452,0.5216602602547635
2025_3234_3453,0.8158801490818095
2025_3234_3456,0.9443161132591988
2025_3234_3471,0.9339910489546339
2025_3235_3243,0.21785338004019944
2025_3235_3246,0.21448738858860517
2025_3235_3250,0.7722637316364235
2025_3235_3251,0.7154550415369116
2025_3235_3257,0.3847464241791489
2025_3235_3261,0.12808814247899658
2025_3235_3268,0.217133483615179
2025_3235_3276,0.28351455356320543
2025_3235_3277,0.32702554929188526
2025_3235_3279,0.2552380167065209
2025_3235_3280,0.39832741981306674
2025_3235_3286,0.6049386295119749
2025_3235_3293,0.5146977273727541
2025_3235_3301,0.13155768873567064
2025_3235_3304,0.5580359437500287
2025_3235_3313,0.6912628515257043
2025_3235_3314,0.16542264632083187
2025_3235_3323,0.14107731068361073
2025_3235_3326,0.2240227387425041
2025_3235_3328,0.15038314567925615
2025_3235_3329,0.31365523210561724
2025_3235_3332,0.5774030717338113
2025_3235_3333,0.7594135745599313
2025_3235_3343,0.5908052210756848
2025_3235_3350,0.3876024864104985
2025_3235_3355,0.500892849725242
2025_3235_3361,0.7486938149665325
2025_3235_3372,0.6967599096259608
2025_3235_3376,0.06704461976956458
2025_3235_3378,0.680771937121689
2025_3235_3380,0.8359997285496525
2025_3235_3395,0.10456923092601572
2025_3235_3397,0.2226480805817015
2025_3235_3399,0.8270123815902355
2025_3235_3400,0.07247896132951041
2025_3235_3417,0.06368944683722828
2025_3235_3422,0.8405394778279403
2025_3235_3425,0.07059727313464521
2025_3235_3428,0.40658749382097875
2025_3235_3435,0.31930212505698896
2025_3235_3436,0.7209254818832465
2025_3235_3449,0.5880152534710257
2025_3235_3452,0.286849788369869
2025_3235_3453,0.6299710080321292
2025_3235_3456,0.8310182095942631
2025_3235_3471,0.8107412259022809
2025_3243_3246,0.575057324203367
2025_3243_3250,0.9552632704664423
2025_3243_3251,0.9201091265628923
2025_3243_3257,0.7273472460945221
2025_3243_3261,0.48175895772728927
2025_3243_3268,0.5826506792963928
2025_3243_3276,0.6672642005381781
2025_3243_3277,0.6916971176253498
2025_3243_3279,0.5699605153497195
2025_3243_3280,0.7752421679853048
2025_3243_3286,0.9072852725876939
2025_3243_3293,0.8534431108772111
2025_3243_3301,0.4990288041847612
2025_3243_3304,0.8329825485962843
2025_3243_3313,0.9165234161588203
2025_3243_3314,0.5409043767560777
2025_3243_3323,0.41656618780965593
2025_3243_3326,0.595864700303123
2025_3243_3328,0.5286142582329808
2025_3243_3329,0.710044825365954
2025_3243_3332,0.8348743322985765
2025_3243_3333,0.9364509209838674
2025_3243_3343,0.8603878702268015
2025_3243_3350,0.7351668613057738
2025_3243_3355,0.8237996960680645
2025_3243_3361,0.9350310147234503
2025_3243_3372,0.9337887021691134
2025_3243_3376,0.35353520001781485
2025_3243_3378,0.9004392501412866
2025_3243_3380,0.9662583119499666
2025_3243_3395,0.4103117879912749
2025_3243_3397,0.5408580162734969
2025_3243_3399,0.9679107345332347
2025_3243_3400,0.36689304179620186
2025_3243_3417,0.33074846379509126
2025_3243_3422,0.9699551443139056
2025_3243_3425,0.34847993622544304
2025_3243_3428,0.7475784141608928
2025_3243_3435,0.6926696153541392
2025_3243_3436,0.9466733661936328
2025_3243_3449,0.8509289113960836
2025_3243_3452,0.6277199305451527
2025_3243_3453,0.8872727077432045
2025_3243_3456,0.9580091624484011
2025_3243_3471,0.9590086012306209
2025_3246_3250,0.9540432939688429
2025_3246_3251,0.9332956707485915
2025_3246_3257,0.726785511181773
2025_3246_3261,0.4119564102013878
2025_3246_3268,0.5841714818073318
2025_3246_3276,0.6766823908684917
2025_3246_3277,0.6944409376847499
2025_3246_3279,0.5625803959411174
2025_3246_3280,0.7578183606462168
2025_3246_3286,0.9045524607866762
2025_3246_3293,0.8552241863776864
2025_3246_3301,0.47371595190824617
2025_3246_3304,0.8503614611719382
2025_3246_3313,0.920917594057711
2025_3246_3314,0.4901241263047206
2025_3246_3323,0.420394766672741
2025_3246_3326,0.5899279416071709
2025_3246_3328,0.4822965988404821
2025_3246_3329,0.706929922276348
2025_3246_3332,0.8370179321963291
2025_3246_3333,0.9508436567315182
2025_3246_3343,0.8503449933876097
2025_3246_3350,0.7190820515204486
2025_3246_3355,0.8325080343640849
2025_3246_3361,0.9484017396332546
2025_3246_3372,0.930834699124006
2025_3246_3376,0.3387996084417315
2025_3246_3378,0.9089706330647815
2025_3246_3380,0.9600749711022132
2025_3246_3395,0.3998561093117889
2025_3246_3397,0.5514245129192599
2025_3246_3399,0.9639951984630271
2025_3246_3400,0.3449353358964211
2025_3246_3417,0.3237038526087219
2025_3246_3422,0.968336663396555
2025_3246_3425,0.3242255462138375
2025_3246_3428,0.7521788437470925
2025_3246_3435,0.6943225344417434
2025_3246_3436,0.9431978537800181
2025_3246_3449,0.8537645041353732
2025_3246_3452,0.6509718526447893
2025_3246_3453,0.8951797485244728
2025_3246_3456,0.9581875745110953
2025_3246_3471,0.9509383719363793
2025_3250_3251,0.4128406905927625
2025_3250_3257,0.160464383951741
2025_3250_3261,0.028978432501903257
2025_3250_3268,0.05252211106885589
2025_3250_3276,0.09499449047647524
2025_3250_3277,0.14446225423276024
2025_3250_3279,0.07777674852675598
2025_3250_3280,0.19536359866820147
2025_3250_3286,0.3808856715740808
2025_3250_3293,0.3183722956986789
2025_3250_3301,0.03938704737417109
2025_3250_3304,0.2749141076598428
2025_3250_3313,0.3915847960480575
2025_3250_3314,0.039107450426900184
2025_3250_3323,0.038226741755026106
2025_3250_3326,0.046980305119504864
2025_3250_3328,0.032621095672058585
2025_3250_3329,0.142586626066119
2025_3250_3332,0.28639679723331013
2025_3250_3333,0.48627131631959297
2025_3250_3343,0.3086491572282937
2025_3250_3350,0.1901422942649054
2025_3250_3355,0.27195238110621667
2025_3250_3361,0.47987832133906794
2025_3250_3372,0.43463607738975635
2025_3250_3376,0.031986936835082413
2025_3250_3378,0.37879502457835856
2025_3250_3380,0.6357693935017856
2025_3250_3395,0.037590025458294124
2025_3250_3397,0.06628349125279294
2025_3250_3399,0.6179041462755679
2025_3250_3400,0.034689028180352466
2025_3250_3417,0.029987909637635965
2025_3250_3422,0.6475992897684293
2025_3250_3425,0.030686238670111003
2025_3250_3428,0.20142621779769973
2025_3250_3435,0.13828232333551346
2025_3250_3436,0.5188627103227942
2025_3250_3449,0.3314748355061958
2025_3250_3452,0.10119724731074206
2025_3250_3453,0.40015882267408664
2025_3250_3456,0.6351785461579309
2025_3250_3471,0.6037921920520154
2025_3251_3257,0.23536580109223348
2025_3251_3261,0.052592052563564876
2025_3251_3268,0.09520500063624494
2025_3251_3276,0.15880366220858042
2025_3251_3277,0.21634676473902092
2025_3251_3279,0.13765946909668472
2025_3251_3280,0.2686562336441936
2025_3251_3286,0.48054652231971684
2025_3251_3293,0.399175784244701
2025_3251_3301,0.043331042607855974
2025_3251_3304,0.4056307739183671
2025_3251_3313,0.5153902239340158
2025_3251_3314,0.06363629292927984
2025_3251_3323,0.05830337946889697
2025_3251_3326,0.09991912706676134
2025_3251_3328,0.05866155862393198
2025_3251_3329,0.2080171474576969
2025_3251_3332,0.4141972543910652
2025_3251_3333,0.6371460577600137
2025_3251_3343,0.4191416122659891
2025_3251_3350,0.2595857022678282
2025_3251_3355,0.35033372585623535
2025_3251_3361,0.6118404808013495
2025_3251_3372,0.5753154135461477
2025_3251_3376,0.03152242848420775
2025_3251_3378,0.4933158748313228
2025_3251_3380,0.7311923670067269
2025_3251_3395,0.038472874139578124
2025_3251_3397,0.12574331043437773
2025_3251_3399,0.7128518484637858
2025_3251_3400,0.033871655141783086
2025_3251_3417,0.026637235589582392
2025_3251_3422,0.7388881148137344
2025_3251_3425,0.028083394963117077
2025_3251_3428,0.25893899447904684
2025_3251_3435,0.21481891781050105
2025_3251_3436,0.630227731404705
2025_3251_3449,0.4322379935421491
2025_3251_3452,0.17583132871378132
2025_3251_3453,0.5043364791903345
2025_3251_3456,0.7296914044711309
2025_3251_3471,0.691590029757854
2025_3257_3261,0.2640324071282195
2025_3257_3268,0.36673887850277154
2025_3257_3276,0.44446000410311376
2025_3257_3277,0.5062398430908217
2025_3257_3279,0.38675745109908627
2025_3257_3280,0.5555474631931862
2025_3257_3286,0.7414719942121644
2025_3257_3293,0.6624791286038187
2025_3257_3301,0.28976097082738816
2025_3257_3304,0.6956580007386791
2025_3257_3313,0.8131488341250908
2025_3257_3314,0.2971802384379946
2025_3257_3323,0.2772097366328272
2025_3257_3326,0.3831151246859928
2025_3257_3328,0.27762876389460506
2025_3257_3329,0.5130903490268861
2025_3257_3332,0.6826063907674449
2025_3257_3333,0.8681911944406313
2025_3257_3343,0.7287262908563268
2025_3257_3350,0.5675687678474821
2025_3257_3355,0.6970407675603929
2025_3257_3361,0.8432836374549388
2025_3257_3372,0.8185892755633052
2025_3257_3376,0.18783176872289253
2025_3257_3378,0.8084166934308552
2025_3257_3380,0.9285481245501059
2025_3257_3395,0.23473203502597095
2025_3257_3397,0.37539121264218955
2025_3257_3399,0.9265720315130117
2025_3257_3400,0.1968088254921734
2025_3257_3417,0.18224509681329223
2025_3257_3422,0.930923126250961
2025_3257_3425,0.18899591521994788
2025_3257_3428,0.5614038595230766
2025_3257_3435,0.48837823036202666
2025_3257_3436,0.8470769395842861
2025_3257_3449,0.6991730414251085
2025_3257_3452,0.46419683431144565
2025_3257_3453,0.7726711533083505
2025_3257_3456,0.9200712101588622
2025_3257_3471,0.9091238605633405
2025_3261_3268,0.6552786138378093
2025_3261_3276,0.7375583167871778
2025_3261_3277,0.7507881682458459
2025_3261_3279,0.6076617661067987
2025_3261_3280,0.8327321163149581
2025_3261_3286,0.9509234704686382
2025_3261_3293,0.9030416031864766
2025_3261_3301,0.5392745368005288
2025_3261_3304,0.8831560630659978
2025_3261_3313,0.9515220326704442
2025_3261_3314,0.5827001416515498
2025_3261_3323,0.49556577525261625
2025_3261_3326,0.6510573566168906
2025_3261_3328,0.5698569364479047
2025_3261_3329,0.7820122573307973
2025_3261_3332,0.885650416754443
2025_3261_3333,0.9684696126751431
2025_3261_3343,0.9080192425790137
2025_3261_3350,0.7986919840403174
2025_3261_3355,0.87246898243505
2025_3261_3361,0.9652460567508097
2025_3261_3372,0.9641926854057741
2025_3261_3376,0.39233932444484176
2025_3261_3378,0.9432033484371649
2025_3261_3380,0.9691023750755818
2025_3261_3395,0.4627486484574905
2025_3261_3397,0.6013517442709848
2025_3261_3399,0.9743810015928782
2025_3261_3400,0.4004204219594581
2025_3261_3417,0.3863341080246378
2025_3261_3422,0.975
2025_3261_3425,0.40043363250755354
2025_3261_3428,0.8072528595323561
2025_3261_3435,0.7380706052355461
2025_3261_3436,0.9529740733577643
2025_3261_3449,0.9002307623900772
2025_3261_3452,0.7112304220612479
2025_3261_3453,0.930414727446812
2025_3261_3456,0.9632623767737766
2025_3261_3471,0.968131154078119
2025_3268_3276,0.6250167173419154
2025_3268_3277,0.6554615097739411
2025_3268_3279,0.5286575845590028
2025_3268_3280,0.705053246034183
2025_3268_3286,0.864562814002714
2025_3268_3293,0.8417338840391915
2025_3268_3301,0.46796938928306564
2025_3268_3304,0.828128571513532
2025_3268_3313,0.918976709674236
2025_3268_3314,0.4472782587497638
2025_3268_3323,0.4078080137961835
2025_3268_3326,0.5484920125899448
2025_3268_3328,0.4855470589671362
2025_3268_3329,0.7034280926257207
2025_3268_3332,0.8238093969958034
2025_3268_3333,0.9467905421832459
2025_3268_3343,0.8552189799444909
2025_3268_3350,0.6997089365823447
2025_3268_3355,0.8204356225534438
2025_3268_3361,0.9434038750162346
2025_3268_3372,0.9206155174244924
2025_3268_3376,0.32315277190075814
2025_3268_3378,0.9052175977766939
2025_3268_3380,0.9565812027969478
2025_3268_3395,0.38056035071892125
2025_3268_3397,0.5229959166845874
2025_3268_3399,0.9621271836826246
2025_3268_3400,0.33181839617418035
2025_3268_3417,0.3110663030634109
2025_3268_3422,0.9655288377169556
2025_3268_3425,0.3209605379880154
2025_3268_3428,0.727131160589902
2025_3268_3435,0.6253356802102447
2025_3268_3436,0.934086397145974
2025_3268_3449,0.8229938607054278
2025_3268_3452,0.6374814627540002
2025_3268_3453,0.8899619200544795
2025_3268_3456,0.9557894818809387
2025_3268_3471,0.9407557392706796
2025_3276_3277,0.5868403568022275
2025_3276_3279,0.47095278202975976
2025_3276_3280,0.689795121578517
2025_3276_3286,0.8508751054119996
2025_3276_3293,0.7720014443563988
2025_3276_3301,0.36997834035280464
2025_3276_3304,0.7875273507568514
2025_3276_3313,0.878505307243731
2025_3276_3314,0.4024783350599694
2025_3276_3323,0.33748721607206195
2025_3276_3326,0.483925588223896
2025_3276_3328,0.3770858859938034
2025_3276_3329,0.6332259025126173
2025_3276_3332,0.7851993503671075
2025_3276_3333,0.9175896193280848
2025_3276_3343,0.809374863256418
2025_3276_3350,0.6480810008632133
2025_3276_3355,0.7635836189018432
2025_3276_3361,0.9154222316394971
2025_3276_3372,0.8941553902855217
2025_3276_3376,0.24727371983650148
2025_3276_3378,0.8665164158439549
2025_3276_3380,0.9576959850357949
2025_3276_3395,0.2983132181378503
2025_3276_3397,0.43930768655764163
2025_3276_3399,0.9597195609781458
2025_3276_3400,0.2539197537001634
2025_3276_3417,0.23872398909205716
2025_3276_3422,0.9640833256834129
2025_3276_3425,0.23924468539793065
2025_3276_3428,0.6773986444326902
2025_3276_3435,0.5926005965415655
2025_3276_3436,0.9158961413234716
2025_3276_3449,0.7919552568524412
2025_3276_3452,0.5286304065615316
2025_3276_3453,0.8343068612711996
2025_3276_3456,0.9545522431551657
2025_3276_3471,0.9481709317715867
2025_3277_3279,0.4291074993706233
2025_3277_3280,0.6793165477524383
2025_3277_3286,0.8412499674016622
2025_3277_3293,0.768336939007374
2025_3277_3301,0.35896800156952136
2025_3277_3304,0.7614732615810527
2025_3277_3313,0.8578522173169756
2025_3277_3314,0.38672068610791566
2025_3277_3323,0.3454290939919579
2025_3277_3326,0.48032080097742225
2025_3277_3328,0.3370511480741336
2025_3277_3329,0.6175776881146419
2025_3277_3332,0.7593823412787162
2025_3277_3333,0.8955994997199977
2025_3277_3343,0.7979943251863622
2025_3277_3350,0.6237462925286624
2025_3277_3355,0.7421142199372183
2025_3277_3361,0.8946936971503164
2025_3277_3372,0.8887627498080475
2025_3277_3376,0.23374348003275153
2025_3277_3378,0.842813543243083
2025_3277_3380,0.9445703996477798
2025_3277_3395,0.28570072386160794
2025_3277_3397,0.4181435466644746
2025_3277_3399,0.946527618338645
2025_3277_3400,0.2408611391175859
2025_3277_3417,0.22153305068625684
2025_3277_3422,0.9508120827817746
2025_3277_3425,0.23252844406070994
2025_3277_3428,0.6486463038253132
2025_3277_3435,0.5769350044087247
2025_3277_3436,0.879380035342068
2025_3277_3449,0.7777997811373332
2025_3277_3452,0.5111151551721018
2025_3277_3453,0.8142322437484357
2025_3277_3456,0.940076091168731
2025_3277_3471,0.9400982174826291
2025_3279_3280,0.7837385332926468
2025_3279_3286,0.915685304712555
2025_3279_3293,0.8507490330355061
2025_3279_3301,0.5157195660549131
2025_3279_3304,0.8410582352674121
2025_3279_3313,0.9203275259294407
2025_3279_3314,0.5487952202484878
2025_3279_3323,0.4809766213663456
2025_3279_3326,0.6033490699010893
2025_3279_3328,0.48557544949569054
2025_3279_3329,0.7296094355971363
2025_3279_3332,0.8404176231561848
2025_3279_3333,0.9467338139223402
2025_3279_3343,0.8713662684259493
2025_3279_3350,0.7482868963561795
2025_3279_3355,0.8277830625821343
2025_3279_3361,0.946345813819633
2025_3279_3372,0.9436630826887831
2025_3279_3376,0.353636951109359
2025_3279_3378,0.9054009989038154
2025_3279_3380,0.9708494406294166
2025_3279_3395,0.4124488692779088
2025_3279_3397,0.5795082795453119
2025_3279_3399,0.969898327070555
2025_3279_3400,0.3562373558654943
2025_3279_3417,0.3448912235490082
2025_3279_3422,0.9746180798584345
2025_3279_3425,0.35294721452523586
2025_3279_3428,0.7562303670918806
2025_3279_3435,0.6925399894282667
2025_3279_3436,0.9522509159313144
2025_3279_3449,0.863075440993072
2025_3279_3452,0.649292996386019
2025_3279_3453,0.8839071068357058
2025_3279_3456,0.9646080042660787
2025_3279_3471,0.9698523051449517
2025_3280_3286,0.7825143395665262
2025_3280_3293,0.6719003475670571
2025_3280_3301,0.2600820788055199
2025_3280_3304,0.6574700445455335
2025_3280_3313,0.7942806048016408
2025_3280_3314,0.32456222455034267
2025_3280_3323,0.2239425536315729
2025_3280_3326,0.38051477673971007
2025_3280_3328,0.2853171825235765
2025_3280_3329,0.5155135693380455
2025_3280_3332,0.6765785268240497
2025_3280_3333,0.8389927554980108
2025_3280_3343,0.7154287536063545
2025_3280_3350,0.5428169346059395
2025_3280_3355,0.6087398472054126
2025_3280_3361,0.8319328261734185
2025_3280_3372,0.8277231881431057
2025_3280_3376,0.13747288609314223
2025_3280_3378,0.7744233410368255
2025_3280_3380,0.900365852328795
2025_3280_3395,0.19709139135101275
2025_3280_3397,0.3219373150691969
2025_3280_3399,0.9013581559485551
2025_3280_3400,0.1475996370648608
2025_3280_3417,0.13472286464704492
2025_3280_3422,0.9068251353522102
2025_3280_3425,0.13948389417894158
2025_3280_3428,0.5450581788263277
2025_3280_3435,0.4497976381761413
2025_3280_3436,0.84052947880377
2025_3280_3449,0.6940854498839439
2025_3280_3452,0.42688331071391017
2025_3280_3453,0.7384943504314136
2025_3280_3456,0.8998278878060735
2025_3280_3471,0.8913492732866608
2025_3286_3293,0.3953416699125334
2025_3286_3301,0.04663891242861351
2025_3286_3304,0.34786336122734735
2025_3286_3313,0.491458824273363
2025_3286_3314,0.06703653920373807
2025_3286_3323,0.07146879190058034
2025_3286_3326,0.09702290380725141
2025_3286_3328,0.06474669786268795
2025_3286_3329,0.2041758144743429
2025_3286_3332,0.36752734046133834
2025_3286_3333,0.6199304347074637
2025_3286_3343,0.4067515608335879
2025_3286_3350,0.2496228244090935
2025_3286_3355,0.3455379142979485
2025_3286_3361,0.5801753494518196
2025_3286_3372,0.583104652810245
2025_3286_3376,0.030953344781429398
2025_3286_3378,0.47343928240234
2025_3286_3380,0.7247936379481991
2025_3286_3395,0.042831635778264286
2025_3286_3397,0.12840416666578158
2025_3286_3399,0.7217045108020543
2025_3286_3400,0.03299081726702682
2025_3286_3417,0.031578387469490224
2025_3286_3422,0.730988196882216
2025_3286_3425,0.03264571833883631
2025_3286_3428,0.25831768532806043
2025_3286_3435,0.21663565079580036
2025_3286_3436,0.610825498362853
2025_3286_3449,0.4196589186925797
2025_3286_3452,0.16684804995972252
2025_3286_3453,0.44684302288530486
2025_3286_3456,0.7112152585314102
2025_3286_3471,0.7095481459945027
2025_3293_3301,0.11585257473664462
2025_3293_3304,0.5261650257234366
2025_3293_3313,0.679411227177671
2025_3293_3314,0.16219879833519568
2025_3293_3323,0.13808979789060793
2025_3293_3326,0.22956484557505227
2025_3293_3328,0.17506520160051184
2025_3293_3329,0.32388572383562253
2025_3293_3332,0.5355993706087425
2025_3293_3333,0.7436909430514396
2025_3293_3343,0.5333463452428557
2025_3293_3350,0.3831284997244526
2025_3293_3355,0.4622163792559578
2025_3293_3361,0.7258909083043228
2025_3293_3372,0.7032737307685302
2025_3293_3376,0.07012191394635808
2025_3293_3378,0.6433078419352964
2025_3293_3380,0.829963230488274
2025_3293_3395,0.10031357348244402
2025_3293_3397,0.21429773969227087
2025_3293_3399,0.8167765725871943
2025_3293_3400,0.07780007485669936
2025_3293_3417,0.0664511345655442
2025_3293_3422,0.8333247595872113
2025_3293_3425,0.06777007866913337
2025_3293_3428,0.38620004405529035
2025_3293_3435,0.33422956953436456
2025_3293_3436,0.7170070796069622
2025_3293_3449,0.5686880320403749
2025_3293_3452,0.29834102499039133
2025_3293_3453,0.5728842144188323
2025_3293_3456,0.8262314822737069
2025_3293_3471,0.7968701508008227
2025_3301_3304,0.8884023030074789
2025_3301_3313,0.9400913792167778
2025_3301_3314,0.5719757054180035
2025_3301_3323,0.5474291381136257
2025_3301_3326,0.660170056503434
2025_3301_3328,0.5410300792679303
2025_3301_3329,0.7864950106162708
2025_3301_3332,0.8559249477851633
2025_3301_3333,0.9612097873536413
2025_3301_3343,0.9147843155395414
2025_3301_3350,0.7910196872434971
2025_3301_3355,0.8899028162286082
2025_3301_3361,0.9521662243404728
2025_3301_3372,0.9440704191984327
2025_3301_3376,0.41060378350536997
2025_3301_3378,0.946815989441588
2025_3301_3380,0.9518780764779167
2025_3301_3395,0.4788969438231078
2025_3301_3397,0.6152409265926053
2025_3301_3399,0.9629347537583082
2025_3301_3400,0.40905565017855117
2025_3301_3417,0.4059087891114042
2025_3301_3422,0.9682849029815919
2025_3301_3425,0.4069344579373104
2025_3301_3428,0.7795843036153962
2025_3301_3435,0.7022448147061907
2025_3301_3436,0.9375244639038466
2025_3301_3449,0.8921524888131738
2025_3301_3452,0.6959420474679352
2025_3301_3453,0.9370216309032853
2025_3301_3456,0.9552970830024583
2025_3301_3471,0.9443273040112908
2025_3304_3313,0.6769266679848394
2025_3304_3314,0.17357506169456302
2025_3304_3323,0.15683087858227832
2025_3304_3326,0.2591951429760265
2025_3304_3328,0.17420573460380606
2025_3304_3329,0.3573103891141326
2025_3304_3332,0.5589977986335295
2025_3304_3333,0.7569013021837108
2025_3304_3343,0.5820706630136849
2025_3304_3350,0.3811034677488149
2025_3304_3355,0.5031642100979816
2025_3304_3361,0.723232156299729
2025_3304_3372,0.6710006476764594
2025_3304_3376,0.08625570217230763
2025_3304_3378,0.689583018103816
2025_3304_3380,0.8527685148588546
2025_3304_3395,0.12490092245446457
2025_3304_3397,0.24480048185860118
2025_3304_3399,0.8273865720808533
2025_3304_3400,0.09253386047393637
2025_3304_3417,0.08120088265202004
2025_3304_3422,0.8579969981653198
2025_3304_3425,0.08833631361584571
2025_3304_3428,0.397836588523527
2025_3304_3435,0.34406572152598214
2025_3304_3436,0.7677902748042388
2025_3304_3449,0.5762033473268969
2025_3304_3452,0.3074800701126938
2025_3304_3453,0.653221808511772
2025_3304_3456,0.8505191533854958
2025_3304_3471,0.7913569755161807
2025_3313_3314,0.07596229795375173
2025_3313_3323,0.07430108369931951
2025_3313_3326,0.09843950737109727
2025_3313_3328,0.06574194785118775
2025_3313_3329,0.2384528566679272
2025_3313_3332,0.40525129852820463
2025_3313_3333,0.6571056087212623
2025_3313_3343,0.44446783690174063
2025_3313_3350,0.2821719657167697
2025_3313_3355,0.38359396924162903
2025_3313_3361,0.6501355470646908
2025_3313_3372,0.6128381537192337
2025_3313_3376,0.035732934436686334
2025_3313_3378,0.5225431711118077
2025_3313_3380,0.7321878186183106
2025_3313_3395,0.0446952391126044
2025_3313_3397,0.13752253079417903
2025_3313_3399,0.7433982956088896
2025_3313_3400,0.03423793177336382
2025_3313_3417,0.034664578316154195
2025_3313_3422,0.7543938320880055
2025_3313_3425,0.03837477946928333
2025_3313_3428,0.28321743505320707
2025_3313_3435,0.21646406983271235
2025_3313_3436,0.6001813226049812
2025_3313_3449,0.4570924329058173
2025_3313_3452,0.18361624961601067
2025_3313_3453,0.5006773855166865
2025_3313_3456,0.7335320385075016
2025_3313_3471,0.7238851315935745
2025_3314_3323,0.45378080839085905
2025_3314_3326,0.5539167138574383
2025_3314_3328,0.4696891729691315
2025_3314_3329,0.7214557326004585
2025_3314_3332,0.8291613184511674
2025_3314_3333,0.9565614248558025
2025_3314_3343,0.8483839712800414
2025_3314_3350,0.7089415001493334
2025_3314_3355,0.8242277198216046
2025_3314_3361,0.9466328245557165
2025_3314_3372,0.9427289238351793
2025_3314_3376,0.3505278604244761
2025_3314_3378,0.9186062057668141
2025_3314_3380,0.9573614278674867
2025_3314_3395,0.4023453984507451
2025_3314_3397,0.5496679897839101
2025_3314_3399,0.9578494734780194
2025_3314_3400,0.3575888355858954
2025_3314_3417,0.34734872665525607
2025_3314_3422,0.9646483721454768
2025_3314_3425,0.35696868446685004
2025_3314_3428,0.7268701251734309
2025_3314_3435,0.6389933532771394
2025_3314_3436,0.9207388047644365
2025_3314_3449,0.8522525599934305
2025_3314_3452,0.6297566024767045
2025_3314_3453,0.8985099029373663
2025_3314_3456,0.9532098824351194
2025_3314_3471,0.9564374368003903
2025_3323_3326,0.688179420903995
2025_3323_3328,0.6144258050410311
2025_3323_3329,0.7932187155180941
2025_3323_3332,0.8919843541499952
2025_3323_3333,0.9649739672738968
2025_3323_3343,0.9174985996794214
2025_3323_3350,0.8201923284586887
2025_3323_3355,0.8828099543575948
2025_3323_3361,0.966967905850873
2025_3323_3372,0.9664547528339259
2025_3323_3376,0.45431192455069946
2025_3323_3378,0.9478944580975008
2025_3323_3380,0.9672888092422396
2025_3323_3395,0.4963516761473411
2025_3323_3397,0.6756110993719657
2025_3323_3399,0.9728210568414591
2025_3323_3400,0.4696610332022757
2025_3323_3417,0.4323163386390732
2025_3323_3422,0.9736609255157769
2025_3323_3425,0.45701466942878266
2025_3323_3428,0.826651589079451
2025_3323_3435,0.7517232213997638
2025_3323_3436,0.9580525812391756
2025_3323_3449,0.8994716125872425
2025_3323_3452,0.7402211678110109
2025_3323_3453,0.938620137089751
2025_3323_3456,0.9591995203795887
2025_3323_3471,0.9656341760911066
2025_3326_3328,0.4479952242416831
2025_3326_3329,0.7261721401199939
2025_3326_3332,0.8306496711157292
2025_3326_3333,0.9531222494005374
2025_3326_3343,0.8752121151239252
2025_3326_3350,0.7297670716676173
2025_3326_3355,0.8440523814521936
2025_3326_3361,0.9516220752596947
2025_3326_3372,0.9437864341552247
2025_3326_3376,0.3711479501589921
2025_3326_3378,0.9102141340732289
2025_3326_3380,0.9612972251737214
2025_3326_3395,0.4094592881448207
2025_3326_3397,0.5416504728052819
2025_3326_3399,0.9681955646733547
2025_3326_3400,0.35460255727801837
2025_3326_3417,0.3338547802837232
2025_3326_3422,0.9712566366913356
2025_3326_3425,0.3504977258864216
2025_3326_3428,0.7510622054712446
2025_3326_3435,0.6741511686924658
2025_3326_3436,0.9492698242722527
2025_3326_3449,0.8575880985540334
2025_3326_3452,0.6340489713984905
2025_3326_3453,0.8884852651476839
2025_3326_3456,0.9586734588097271
2025_3326_3471,0.9558378940500472
2025_3328_3329,0.7763307944008551
2025_3328_3332,0.8831165489004897
2025_3328_3333,0.9698432535849119
2025_3328_3343,0.9113138465214138
2025_3328_3350,0.7908968263178369
2025_3328_3355,0.8790413013893749
2025_3328_3361,0.9678308543967202
2025_3328_3372,0.9604274923661962
2025_3328_3376,0.3884176896440933
2025_3328_3378,0.9447352956097648
2025_3328_3380,0.972175318260874
2025_3328_3395,0.48427464224270533
2025_3328_3397,0.6109329827630268
2025_3328_3399,0.9738444522738026
2025_3328_3400,0.40298420926953876
2025_3328_3417,0.38192481033856895
2025_3328_3422,0.9749611513697918
2025_3328_3425,0.38250097135880545
2025_3328_3428,0.8001978509186376
2025_3328_3435,0.7332559310138079
2025_3328_3436,0.9520750288979796
2025_3328_3449,0.8953479388732943
2025_3328_3452,0.7132058483282261
2025_3328_3453,0.9291413055814339
2025_3328_3456,0.9689185683064594
2025_3328_3471,0.9701185469687178
2025_3329_3332,0.7491557485095061
2025_3329_3333,0.8962829781901331
2025_3329_3343,0.7732166137657699
2025_3329_3350,0.6256483407718059
2025_3329_3355,0.7318915138083442
2025_3329_3361,0.8888426779200842
2025_3329_3372,0.8814315531385079
2025_3329_3376,0.2226884978459303
2025_3329_3378,0.8333410633515548
2025_3329_3380,0.9422865768871621
2025_3329_3395,0.26767792217343683
2025_3329_3397,0.3872661281353427
2025_3329_3399,0.9437261101646276
2025_3329_3400,0.22978456774417172
2025_3329_3417,0.20510590021739
2025_3329_3422,0.950803654006855
2025_3329_3425,0.21697184923190688
2025_3329_3428,0.631221377683243
2025_3329_3435,0.5139472269518123
2025_3329_3436,0.8946020268358889
2025_3329_3449,0.764604945177566
2025_3329_3452,0.4678524722061155
2025_3329_3453,0.8192612901411727
2025_3329_3456,0.9361941245515099
2025_3329_3471,0.9345638143241174
2025_3332_3333,0.7759299018091252
2025_3332_3343,0.622643579871557
2025_3332_3350,0.4651930226219063
2025_3332_3355,0.5768031236352663
2025_3332_3361,0.7516134764594354
2025_3332_3372,0.7336612374837463
2025_3332_3376,0.09140318822445595
2025_3332_3378,0.7072485379515729
2025_3332_3380,0.851069369342381
2025_3332_3395,0.14036514872680075
2025_3332_3397,0.2724742911243275
2025_3332_3399,0.8438250704379207
2025_3332_3400,0.09447701786033871
2025_3332_3417,0.08831796966394748
2025_3332_3422,0.8587921152479614
2025_3332_3425,0.09341890343296987
2025_3332_3428,0.45801252233269785
2025_3332_3435,0.3885857495801358
2025_3332_3436,0.7459067521007043
2025_3332_3449,0.6371135301435666
2025_3332_3452,0.3331080154165006
2025_3332_3453,0.6761686553842872
2025_3332_3456,0.8473316723302649
2025_3332_3471,0.7963590609187262
2025_3333_3343,0.3684209034136995
2025_3333_3350,0.1975293582325237
2025_3333_3355,0.2885923499930467
2025_3333_3361,0.5167304181256325
2025_3333_3372,0.5152181943817146
2025_3333_3376,0.025576572229425283
2025_3333_3378,0.46887488883908646
2025_3333_3380,0.7044949774048402
2025_3333_3395,0.0316530974126043
2025_3333_3397,0.09361744680644692
2025_3333_3399,0.6642123252237809
2025_3333_3400,0.02989455048031528
2025_3333_3417,0.025
2025_3333_3422,0.6880491144051446
2025_3333_3425,0.026827688850510113
2025_3333_3428,0.19912489725025898
2025_3333_3435,0.1677214983693278
2025_3333_3436,0.5953759015661014
2025_3333_3449,0.35730195954494315
2025_3333_3452,0.1413325776328341
2025_3333_3453,0.43514225429796893
2025_3333_3456,0.7001688890141506
2025_3333_3471,0.6693385500229954
2025_3343_3350,0.38181899675618913
2025_3343_3355,0.48305959768618945
2025_3343_3361,0.7268623907570252
2025_3343_3372,0.6850801733368257
2025_3343_3376,0.07368670706509586
2025_3343_3378,0.6545434942070367
2025_3343_3380,0.8108350365110876
2025_3343_3395,0.1126663331188421
2025_3343_3397,0.21767084409366758
2025_3343_3399,0.8208287150878856
2025_3343_3400,0.07375736978100056
2025_3343_3417,0.06491316888575512
2025_3343_3422,0.8252645331978152
2025_3343_3425,0.06700849596278817
2025_3343_3428,0.41063669089489296
2025_3343_3435,0.32941266846563677
2025_3343_3436,0.7403323623046191
2025_3343_3449,0.5590971655247048
2025_3343_3452,0.27580815788925717
2025_3343_3453,0.6488045929833033
2025_3343_3456,0.8067510197939194
2025_3343_3471,0.7891094148763291
2025_3350_3355,0.678800007194552
2025_3350_3361,0.8330185906315182
2025_3350_3372,0.8122363620702686
2025_3350_3376,0.18557867968541028
2025_3350_3378,0.7802350402954669
2025_3350_3380,0.9064309394181955
2025_3350_3395,0.2314355753300008
2025_3350_3397,0.3475371917782455
2025_3350_3399,0.9100682435696391
2025_3350_3400,0.20004473891174165
2025_3350_3417,0.17145881960284282
2025_3350_3422,0.9184918672404527
2025_3350_3425,0.17708987325857237
2025_3350_3428,0.545348216867418
2025_3350_3435,0.46429917702639134
2025_3350_3436,0.8308518826615684
2025_3350_3449,0.697318462484394
2025_3350_3452,0.41865416551708023
2025_3350_3453,0.7619174173705487
2025_3350_3456,0.9000982117303844
2025_3350_3471,0.8859160378237934
2025_3355_3361,0.7238769217566279
2025_3355_3372,0.7256096356232646
2025_3355_3376,0.096925318361231
2025_3355_3378,0.6703495956080733
2025_3355_3380,0.8451076120196337
2025_3355_3395,0.13232199036428177
2025_3355_3397,0.24690623768947711
2025_3355_3399,0.8369787833914158
2025_3355_3400,0.09933907952050895
2025_3355_3417,0.09118673775598253
2025_3355_3422,0.8478878029931387
2025_3355_3425,0.09796604688016415
2025_3355_3428,0.40931014382322506
2025_3355_3435,0.3417635934200537
2025_3355_3436,0.7532787130851161
2025_3355_3449,0.603482935965164
2025_3355_3452,0.3030579483468016
2025_3355_3453,0.6699936628374884
2025_3355_3456,0.840989668232023
2025_3355_3471,0.8188271722849122
2025_3361_3372,0.5042156164479856
2025_3361_3376,0.026725589237603428
2025_3361_3378,0.427689268247522
2025_3361_3380,0.6843396647633063
2025_3361_3395,0.030664776400176272
2025_3361_3397,0.09154167603730054
2025_3361_3399,0.6658821426389816
2025_3361_3400,0.031533696117216244
2025_3361_3417,0.025
2025_3361_3422,0.6898457663378531
2025_3361_3425,0.027193089013716285
2025_3361_3428,0.19946829098386054
2025_3361_3435,0.17137015452550972
2025_3361_3436,0.5374182451486562
2025_3361_3449,0.3408254064260399
2025_3361_3452,0.14661898662498357
2025_3361_3453,0.39728222022720755
2025_3361_3456,0.6815186530311939
2025_3361_3471,0.6200505868628226
2025_3372_3376,0.03446512818092139
2025_3372_3378,0.4561831582647262
2025_3372_3380,0.6984353417521012
2025_3372_3395,0.039046345647877956
2025_3372_3397,0.09134949047989431
2025_3372_3399,0.708759161184985
2025_3372_3400,0.03676313682475224
2025_3372_3417,0.03066135630213046
2025_3372_3422,0.7168965251866026
2025_3372_3425,0.03271018404530616
2025_3372_3428,0.2664746756477535
2025_3372_3435,0.19470981465414003
2025_3372_3436,0.5853755133923144
2025_3372_3449,0.4046455502018629
2025_3372_3452,0.14946031835321943
2025_3372_3453,0.4803817343781962
2025_3372_3456,0.698557518377708
2025_3372_3471,0.6842256536215159
2025_3376_3378,0.9720814003728417
2025_3376_3380,0.9696587755396684
2025_3376_3395,0.5774297144757837
2025_3376_3397,0.7222837503919485
2025_3376_3399,0.9713398154770723
2025_3376_3400,0.499489219291124
2025_3376_3417,0.4874055471399334
2025_3376_3422,0.9732623680288617
2025_3376_3425,0.4766013734057694
2025_3376_3428,0.8695114006846865
2025_3376_3435,0.8233081841230837
2025_3376_3436,0.9572762438833287
2025_3376_3449,0.9419390937584937
2025_3376_3452,0.7842692468867017
2025_3376_3453,0.9516433937193071
2025_3376_3456,0.9638324744278064
2025_3376_3471,0.9686229717090156
2025_3378_3380,0.7666898149614118
2025_3378_3395,0.055492813437587725
2025_3378_3397,0.1516703317815029
2025_3378_3399,0.759671858458963
2025_3378_3400,0.03139669315665752
2025_3378_3417,0.026992053142261784
2025_3378_3422,0.7727952799239318
2025_3378_3425,0.02872619211848906
2025_3378_3428,0.26889741714250937
2025_3378_3435,0.23889589904134856
2025_3378_3436,0.6114019669448637
2025_3378_3449,0.47728736631383517
2025_3378_3452,0.2000101747287678
2025_3378_3453,0.5235629885894141
2025_3378_3456,0.7598474062850459
2025_3378_3471,0.7059317235502734
2025_3380_3395,0.03354192853015067
2025_3380_3397,0.038181821929850146
2025_3380_3399,0.5722814022012552
2025_3380_3400,0.03089882961467587
2025_3380_3417,0.025979684089846553
2025_3380_3422,0.6013171124311574
2025_3380_3425,0.02886696185006951
2025_3380_3428,0.12705817616497173
2025_3380_3435,0.09299435041840728
2025_3380_3436,0.4790865361628469
2025_3380_3449,0.27030493857030485
2025_3380_3452,0.0726594218636175
2025_3380_3453,0.2998632240713371
2025_3380_3456,0.5951033928582373
2025_3380_3471,0.5633901849120916
2025_3395_3397,0.693375887702751
2025_3395_3399,0.9694482065608709
2025_3395_3400,0.43112691516824975
2025_3395_3417,0.4223265318090038
2025_3395_3422,0.9725419186637675
2025_3395_3425,0.42670371100945936
2025_3395_3428,0.8370208610834958
2025_3395_3435,0.7861719458115208
2025_3395_3436,0.9540045380859629
2025_3395_3449,0.9186397888603189
2025_3395_3452,0.7429677849457574
2025_3395_3453,0.9464597756412783
2025_3395_3456,0.9594858114242768
2025_3395_3471,0.9608857469085793
2025_3397_3399,0.9688848013444629
2025_3397_3400,0.3181026065113361
2025_3397_3417,0.3000392705627774
2025_3397_3422,0.975
2025_3397_3425,0.31720202483709226
2025_3397_3428,0.7298736796635269
2025_3397_3435,0.6494045107346905
2025_3397_3436,0.94010640615716
2025_3397_3449,0.847508591912869
2025_3397_3452,0.6221099032481547
2025_3397_3453,0.8674567136133189
2025_3397_3456,0.9662691055119388
2025_3397_3471,0.967619631135157
2025_3399_3400,0.030135886961203187
2025_3399_3417,0.026464750253985255
2025_3399_3422,0.5593798250737909
2025_3399_3425,0.02761717697499433
2025_3399_3428,0.11862138043649953
2025_3399_3435,0.09224349785824244
2025_3399_3436,0.4188543544877438
2025_3399_3449,0.2483002406857259
2025_3399_3452,0.062202244437006934
2025_3399_3453,0.2979289970291086
2025_3399_3456,0.5486501875689411
2025_3399_3471,0.5271513109878653
2025_3400_3417,0.5166596908216208
2025_3400_3422,0.9716736857309611
2025_3400_3425,0.4984943345929666
2025_3400_3428,0.8714509617778314
2025_3400_3435,0.8259150365350527
2025_3400_3436,0.9571475346165457
2025_3400_3449,0.9421109942356496
2025_3400_3452,0.785872077500037
2025_3400_3453,0.9520364220384641
2025_3400_3456,0.9609819628312204
2025_3400_3471,0.9669726818473574
2025_3417_3422,0.975
2025_3417_3425,0.48112944342867336
2025_3417_3428,0.8678909421712748
2025_3417_3435,0.8124303003234704
2025_3417_3436,0.9607388205000591
2025_3417_3449,0.9390058444906648
2025_3417_3452,0.7807048852688887
2025_3417_3453,0.9552857424636914
2025_3417_3456,0.9626566438643209
2025_3417_3471,0.9653026336590815
2025_3422_3425,0.025
2025_3422_3428,0.11586084589909376
2025_3422_3435,0.0894951392057173
2025_3422_3436,0.4227197884693658
2025_3422_3449,0.24821007093369907
2025_3422_3452,0.059069699108013685
2025_3422_3453,0.2929258789516045
2025_3422_3456,0.5545665427546042
2025_3422_3471,0.5250937247820961
2025_3425_3428,0.8707777604680605
2025_3425_3435,0.8209621218838749
2025_3425_3436,0.9524615779617882
2025_3425_3449,0.9420803906088189
2025_3425_3452,0.782167387435339
2025_3425_3453,0.9533996914034806
2025_3425_3456,0.9612725456718776
2025_3425_3471,0.9677674418037712
2025_3428_3435,0.49976655894705213
2025_3428_3436,0.8445270069844169
2025_3428_3449,0.7151432709978907
2025_3428_3452,0.44439786375279133
2025_3428_3453,0.7737317517612644
2025_3428_3456,0.9064451691454332
2025_3428_3471,0.8846535220080727
2025_3435_3436,0.882697292289834
2025_3435_3449,0.7731219911552747
2025_3435_3452,0.5047249121955101
2025_3435_3453,0.8135597482756964
2025_3435_3456,0.9349592167776725
2025_3435_3471,0.9342185579511155
2025_3436_3449,0.3914680047369315
2025_3436_3452,0.12394297943671606
2025_3436_3453,0.43715072888219264
2025_3436_3456,0.6714643137708498
2025_3436_3471,0.6364387776522371
2025_3449_3452,0.32991661918881765
2025_3449_3453,0.6356685919279861
2025_3449_3456,0.8206984180497363
2025_3449_3471,0.7965425370217711
2025_3452_3453,0.8472272936406544
2025_3452_3456,0.9469192353310979
2025_3452_3471,0.9496586360898656
2025_3453_3456,0.7502180489831057
2025_3453_3471,0.7157471377519887
2025_3456_3471,0.5557445417296363
