ID,Pred,Team1ID,Team2ID,Team1Name,Team2Name,Team1ELO,Team2ELO,Team1Seed,Team2Seed
2025_1104_1181,0.5766458436712523,1181,1104,Duke,Alabama,1908.0161845361995,1861.1390152368767,1,2
2025_1181_1458,0.6714723447539069,1181,1458,Duke,Wisconsin,1908.0161845361995,1764.264790866877,1,3
2025_1112_1181,0.7000977301583814,1181,1112,Duke,Arizona,1908.0161845361995,1773.8306625358987,1,4
2025_1181_1332,0.7196297266024514,1181,1332,Duke,Oregon,1908.0161845361995,1755.0312490560807,1,5
2025_1140_1181,0.7397010953507441,1181,1140,Duke,BYU,1908.0161845361995,1774.9320773459888,1,6
2025_1181_1388,0.7547036601964983,1181,1388,Duke,St Mary's CA,1908.0161845361995,1804.6149642797652,1,7
2025_1181_1280,0.775987004790129,1181,1280,Duke,Mississippi St,1908.0161845361995,1668.2546506793124,1,8
2025_1124_1181,0.800581561142114,1181,1124,Duke,Baylor,1908.0161845361995,1690.3848009592716,1,9
2025_1181_1435,0.8278587932911283,1181,1435,Duke,Vanderbilt,1908.0161845361995,1618.107851254631,1,10
2025_1181_1433,0.8442976508086085,1181,1433,Duke,VCU,1908.0161845361995,1765.7575359677496,1,11
2025_1181_1251,0.871519296372146,1181,1251,Duke,Liberty,1908.0161845361995,1690.2872112447205,1,12
2025_1103_1181,0.8926381463672183,1181,1103,Duke,Akron,1908.0161845361995,1698.111063478586,1,13
2025_1181_1285,0.9166563449167291,1181,1285,Duke,Montana,1908.0161845361995,1627.389884073406,1,14
2025_1181_1352,0.9400911578419622,1181,1352,Duke,Robert Morris,1908.0161845361995,1587.507713446858,1,15
2025_1110_1181,0.9645373918386826,1181,1110,Duke,American Univ,1908.0161845361995,1502.423605164438,1,16
2025_1181_1291,0.964596996483458,1181,1291,Duke,Mt St Mary's,1908.0161845361995,1537.4161568127138,1,16
2025_1181_1222,0.5817754179239268,1181,1222,Duke,Houston,1908.0161845361995,1950.0503392666685,1,1
2025_1181_1397,0.5921949371561308,1181,1397,Duke,Tennessee,1908.0161845361995,1867.760513953852,1,2
2025_1181_1246,0.6740016678549506,1181,1246,Duke,Kentucky,1908.0161845361995,1760.5286669648633,1,3
2025_1181_1345,0.6918401920781659,1181,1345,Duke,Purdue,1908.0161845361995,1790.5049240062785,1,4
2025_1155_1181,0.711978546573536,1181,1155,Duke,Clemson,1908.0161845361995,1790.9989825246012,1,5
2025_1181_1228,0.7385482521138209,1181,1228,Duke,Illinois,1908.0161845361995,1738.895513846784,1,6
2025_1181_1417,0.7591906978551897,1181,1417,Duke,UCLA,1908.0161845361995,1696.9351080410813,1,7
2025_1181_1211,0.7767160888050216,1181,1211,Duke,Gonzaga,1908.0161845361995,1820.080652363969,1,8
2025_1181_1208,0.8020637200414212,1181,1208,Duke,Georgia,1908.0161845361995,1650.6716433038202,1,9
2025_1181_1429,0.8246560271110899,1181,1429,Duke,Utah St,1908.0161845361995,1755.1191777265424,1,10
2025_1181_1400,0.850057515854156,1181,1400,Duke,Texas,1908.0161845361995,1656.2985376911856,1,11
2025_1181_1462,0.8497939143126368,1181,1462,Duke,Xavier,1908.0161845361995,1676.4993612446326,1,11
2025_1181_1270,0.8708454062583154,1181,1270,Duke,McNeese St,1908.0161845361995,1682.4785209993051,1,12
2025_1181_1219,0.8928900653983615,1181,1219,Duke,High Point,1908.0161845361995,1684.9999559720443,1,13
2025_1181_1407,0.9157441852354089,1181,1407,Duke,Troy,1908.0161845361995,1616.834853879259,1,14
2025_1181_1459,0.9402192780259069,1181,1459,Duke,Wofford,1908.0161845361995,1537.341782572588,1,15
2025_1181_1188,0.9645603694292435,1181,1188,Duke,SIUE,1908.0161845361995,1490.7257513541058,1,16
2025_1120_1181,0.5200178384780879,1181,1120,Duke,Auburn,1908.0161845361995,1900.3128728934946,1,1
2025_1181_1277,0.6489088907703657,1181,1277,Duke,Michigan St,1908.0161845361995,1816.332058092468,1,2
2025_1181_1235,0.6754976252295234,1181,1235,Duke,Iowa St,1908.0161845361995,1779.4875897181623,1,3
2025_1181_1401,0.6865025663362073,1181,1401,Duke,Texas A&M,1908.0161845361995,1735.8270446534461,1,4
2025_1181_1276,0.7215170480746194,1181,1276,Duke,Michigan,1908.0161845361995,1729.3958457974386,1,5
2025_1181_1279,0.7393045456490535,1181,1279,Duke,Mississippi,1908.0161845361995,1697.0550380157622,1,6
2025_1181_1266,0.7535975171987566,1181,1266,Duke,Marquette,1908.0161845361995,1765.2488940225403,1,7
2025_1181_1257,0.7821553106639999,1181,1257,Duke,Louisville,1908.0161845361995,1713.5881285897335,1,8
2025_1166_1181,0.8043453560411008,1181,1166,Duke,Creighton,1908.0161845361995,1761.4870757227866,1,9
2025_1181_1307,0.8265456433620817,1181,1307,Duke,New Mexico,1908.0161845361995,1737.3401376920212,1,10
2025_1181_1314,0.8459651503508449,1181,1314,Duke,North Carolina,1908.0161845361995,1732.0718376880195,1,11
2025_1181_1361,0.8482227656786799,1181,1361,Duke,San Diego St,1908.0161845361995,1718.632552659536,1,11
2025_1181_1471,0.870754747593612,1181,1471,Duke,UC San Diego,1908.0161845361995,1732.0857083956137,1,12
2025_1181_1463,0.8935722703601382,1181,1463,Duke,Yale,1908.0161845361995,1717.2452238126552,1,13
2025_1181_1252,0.9166985152029077,1181,1252,Duke,Lipscomb,1908.0161845361995,1608.2148408183402,1,14
2025_1136_1181,0.9401032575848516,1181,1136,Duke,Bryant,1908.0161845361995,1595.5930025243601,1,15
2025_1106_1181,0.9638328053327927,1181,1106,Duke,Alabama St,1908.0161845361995,1445.3194949173894,1,16
2025_1181_1384,0.9640794493528733,1181,1384,Duke,St Francis PA,1908.0161845361995,1392.3343840415646,1,16
2025_1181_1196,0.5149191975593562,1181,1196,Duke,Florida,1908.0161845361995,1887.3965401334451,1,1
2025_1181_1385,0.6389331593975325,1181,1385,Duke,St John's,1908.0161845361995,1843.627898958888,1,2
2025_1181_1403,0.67820796763675,1181,1403,Duke,Texas Tech,1908.0161845361995,1768.8852797354511,1,3
2025_1181_1268,0.6998729908452558,1181,1268,Duke,Maryland,1908.0161845361995,1726.6530079386407,1,4
2025_1181_1272,0.7204226769942208,1181,1272,Duke,Memphis,1908.0161845361995,1804.101743662243,1,5
2025_1181_1281,0.7373632521710414,1181,1281,Duke,Missouri,1908.0161845361995,1628.84846306522,1,6
2025_1181_1242,0.7554211213056596,1181,1242,Duke,Kansas,1908.0161845361995,1739.9945270353192,1,7
2025_1163_1181,0.7812317366932052,1181,1163,Duke,Connecticut,1908.0161845361995,1817.094753861221,1,8
2025_1181_1328,0.8064811096726926,1181,1328,Duke,Oklahoma,1908.0161845361995,1646.8371922255365,1,9
2025_1116_1181,0.8270981486168272,1181,1116,Duke,Arkansas,1908.0161845361995,1652.2945168596477,1,10
2025_1179_1181,0.8472375307028651,1181,1179,Duke,Drake,1908.0161845361995,1808.4056906385888,1,11
2025_1161_1181,0.8712220778109735,1181,1161,Duke,Colorado St,1908.0161845361995,1755.9333491972916,1,12
2025_1181_1213,0.8943012053634188,1181,1213,Duke,Grand Canyon,1908.0161845361995,1713.3482612768519,1,13
2025_1181_1423,0.9169469473623315,1181,1423,Duke,UNC Wilmington,1908.0161845361995,1675.3212165451996,1,14
2025_1181_1303,0.9401936182263311,1181,1303,Duke,NE Omaha,1908.0161845361995,1542.0616280843851,1,15
2025_1181_1313,0.9640124835344681,1181,1313,Duke,Norfolk St,1908.0161845361995,1575.9738168627744,1,16
2025_1104_1458,0.6537378206714888,1104,1458,Alabama,Wisconsin,1861.1390152368767,1764.264790866877,2,3
2025_1104_1112,0.6752389112688758,1104,1112,Alabama,Arizona,1861.1390152368767,1773.8306625358987,2,4
2025_1104_1332,0.6947418951974439,1104,1332,Alabama,Oregon,1861.1390152368767,1755.0312490560807,2,5
2025_1104_1140,0.7121206738490029,1104,1140,Alabama,BYU,1861.1390152368767,1774.9320773459888,2,6
2025_1104_1388,0.719951602943899,1104,1388,Alabama,St Mary's CA,1861.1390152368767,1804.6149642797652,2,7
2025_1104_1280,0.7463166608278307,1104,1280,Alabama,Mississippi St,1861.1390152368767,1668.2546506793124,2,8
2025_1104_1124,0.7747427578304428,1104,1124,Alabama,Baylor,1861.1390152368767,1690.3848009592716,2,9
2025_1104_1435,0.8054098651944669,1104,1435,Alabama,Vanderbilt,1861.1390152368767,1618.107851254631,2,10
2025_1104_1433,0.811424779447592,1104,1433,Alabama,VCU,1861.1390152368767,1765.7575359677496,2,11
2025_1104_1251,0.846352818960464,1104,1251,Alabama,Liberty,1861.1390152368767,1690.2872112447205,2,12
2025_1103_1104,0.8656764616610712,1104,1103,Alabama,Akron,1861.1390152368767,1698.111063478586,2,13
2025_1104_1285,0.8928165728713534,1104,1285,Alabama,Montana,1861.1390152368767,1627.389884073406,2,14
2025_1104_1352,0.9155819711946527,1104,1352,Alabama,Robert Morris,1861.1390152368767,1587.507713446858,2,15
2025_1104_1110,0.938605005431455,1104,1110,Alabama,American Univ,1861.1390152368767,1502.423605164438,2,16
2025_1104_1291,0.9398747333767827,1104,1291,Alabama,Mt St Mary's,1861.1390152368767,1537.4161568127138,2,16
2025_1104_1222,0.44802376331240856,1104,1222,Alabama,Houston,1861.1390152368767,1950.0503392666685,2,1
2025_1104_1397,0.49871454238891555,1104,1397,Alabama,Tennessee,1861.1390152368767,1867.760513953852,2,2
2025_1104_1246,0.6419496610626478,1104,1246,Alabama,Kentucky,1861.1390152368767,1760.5286669648633,2,3
2025_1104_1345,0.6512811223246314,1104,1345,Alabama,Purdue,1861.1390152368767,1790.5049240062785,2,4
2025_1104_1155,0.6817654871926832,1104,1155,Alabama,Clemson,1861.1390152368767,1790.9989825246012,2,5
2025_1104_1228,0.715847513868229,1104,1228,Alabama,Illinois,1861.1390152368767,1738.895513846784,2,6
2025_1104_1417,0.7283838422379512,1104,1417,Alabama,UCLA,1861.1390152368767,1696.9351080410813,2,7
2025_1104_1211,0.7345342828695329,1104,1211,Alabama,Gonzaga,1861.1390152368767,1820.080652363969,2,8
2025_1104_1208,0.7776870186660904,1104,1208,Alabama,Georgia,1861.1390152368767,1650.6716433038202,2,9
2025_1104_1429,0.7948232458173307,1104,1429,Alabama,Utah St,1861.1390152368767,1755.1191777265424,2,10
2025_1104_1400,0.8279403324451811,1104,1400,Alabama,Texas,1861.1390152368767,1656.2985376911856,2,11
2025_1104_1462,0.8273755784359342,1104,1462,Alabama,Xavier,1861.1390152368767,1676.4993612446326,2,11
2025_1104_1270,0.8446604642813563,1104,1270,Alabama,McNeese St,1861.1390152368767,1682.4785209993051,2,12
2025_1104_1219,0.8643984486701196,1104,1219,Alabama,High Point,1861.1390152368767,1684.9999559720443,2,13
2025_1104_1407,0.8904681796695254,1104,1407,Alabama,Troy,1861.1390152368767,1616.834853879259,2,14
2025_1104_1459,0.9138123092912713,1104,1459,Alabama,Wofford,1861.1390152368767,1537.341782572588,2,15
2025_1104_1188,0.9392434605839666,1104,1188,Alabama,SIUE,1861.1390152368767,1490.7257513541058,2,16
2025_1104_1120,0.4783751562371942,1104,1120,Alabama,Auburn,1861.1390152368767,1900.3128728934946,2,1
2025_1104_1277,0.6055244565010066,1104,1277,Alabama,Michigan St,1861.1390152368767,1816.332058092468,2,2
2025_1104_1235,0.6310135200485487,1104,1235,Alabama,Iowa St,1861.1390152368767,1779.4875897181623,2,3
2025_1104_1401,0.666723523495362,1104,1401,Alabama,Texas A&M,1861.1390152368767,1735.8270446534461,2,4
2025_1104_1276,0.6966078484044599,1104,1276,Alabama,Michigan,1861.1390152368767,1729.3958457974386,2,5
2025_1104_1279,0.7167977609175606,1104,1279,Alabama,Mississippi,1861.1390152368767,1697.0550380157622,2,6
2025_1104_1266,0.7298534245572108,1104,1266,Alabama,Marquette,1861.1390152368767,1765.2488940225403,2,7
2025_1104_1257,0.7584775878850969,1104,1257,Alabama,Louisville,1861.1390152368767,1713.5881285897335,2,8
2025_1104_1166,0.7803436274860519,1104,1166,Alabama,Creighton,1861.1390152368767,1761.4870757227866,2,9
2025_1104_1307,0.8037372694551023,1104,1307,Alabama,New Mexico,1861.1390152368767,1737.3401376920212,2,10
2025_1104_1314,0.8241168434944517,1104,1314,Alabama,North Carolina,1861.1390152368767,1732.0718376880195,2,11
2025_1104_1361,0.8241914983120329,1104,1361,Alabama,San Diego St,1861.1390152368767,1718.632552659536,2,11
2025_1104_1471,0.8449667427485347,1104,1471,Alabama,UC San Diego,1861.1390152368767,1732.0857083956137,2,12
2025_1104_1463,0.8672756542803949,1104,1463,Alabama,Yale,1861.1390152368767,1717.2452238126552,2,13
2025_1104_1252,0.8924104864264987,1104,1252,Alabama,Lipscomb,1861.1390152368767,1608.2148408183402,2,14
2025_1104_1136,0.9135829506181756,1104,1136,Alabama,Bryant,1861.1390152368767,1595.5930025243601,2,15
2025_1104_1106,0.9391265460732396,1104,1106,Alabama,Alabama St,1861.1390152368767,1445.3194949173894,2,16
2025_1104_1384,0.9399512955429967,1104,1384,Alabama,St Francis PA,1861.1390152368767,1392.3343840415646,2,16
2025_1104_1196,0.3946496665611955,1104,1196,Alabama,Florida,1861.1390152368767,1887.3965401334451,2,1
2025_1104_1385,0.5918737858533855,1104,1385,Alabama,St John's,1861.1390152368767,1843.627898958888,2,2
2025_1104_1403,0.6388893499836226,1104,1403,Alabama,Texas Tech,1861.1390152368767,1768.8852797354511,2,3
2025_1104_1268,0.6762887278773048,1104,1268,Alabama,Maryland,1861.1390152368767,1726.6530079386407,2,4
2025_1104_1272,0.6919001841531324,1104,1272,Alabama,Memphis,1861.1390152368767,1804.101743662243,2,5
2025_1104_1281,0.7085234143275185,1104,1281,Alabama,Missouri,1861.1390152368767,1628.84846306522,2,6
2025_1104_1242,0.7272923619828242,1104,1242,Alabama,Kansas,1861.1390152368767,1739.9945270353192,2,7
2025_1104_1163,0.748154510444835,1104,1163,Alabama,Connecticut,1861.1390152368767,1817.094753861221,2,8
2025_1104_1328,0.7846646960113662,1104,1328,Alabama,Oklahoma,1861.1390152368767,1646.8371922255365,2,9
2025_1104_1116,0.8047363923131498,1104,1116,Alabama,Arkansas,1861.1390152368767,1652.2945168596477,2,10
2025_1104_1179,0.8134197767105467,1104,1179,Alabama,Drake,1861.1390152368767,1808.4056906385888,2,11
2025_1104_1161,0.8481439981406093,1104,1161,Alabama,Colorado St,1861.1390152368767,1755.9333491972916,2,12
2025_1104_1213,0.8679715981127923,1104,1213,Alabama,Grand Canyon,1861.1390152368767,1713.3482612768519,2,13
2025_1104_1423,0.8926312620307467,1104,1423,Alabama,UNC Wilmington,1861.1390152368767,1675.3212165451996,2,14
2025_1104_1303,0.9167541561388055,1104,1303,Alabama,NE Omaha,1861.1390152368767,1542.0616280843851,2,15
2025_1104_1313,0.9393680342915471,1104,1313,Alabama,Norfolk St,1861.1390152368767,1575.9738168627744,2,16
2025_1112_1458,0.6302184834942122,1458,1112,Wisconsin,Arizona,1764.264790866877,1773.8306625358987,3,4
2025_1332_1458,0.6501193681933143,1458,1332,Wisconsin,Oregon,1764.264790866877,1755.0312490560807,3,5
2025_1140_1458,0.6808557713017988,1458,1140,Wisconsin,BYU,1764.264790866877,1774.9320773459888,3,6
2025_1388_1458,0.6738886453646584,1458,1388,Wisconsin,St Mary's CA,1764.264790866877,1804.6149642797652,3,7
2025_1280_1458,0.7168601186356562,1458,1280,Wisconsin,Mississippi St,1764.264790866877,1668.2546506793124,3,8
2025_1124_1458,0.7425098909799608,1458,1124,Wisconsin,Baylor,1764.264790866877,1690.3848009592716,3,9
2025_1435_1458,0.7833087201450485,1458,1435,Wisconsin,Vanderbilt,1764.264790866877,1618.107851254631,3,10
2025_1433_1458,0.7921441660462888,1458,1433,Wisconsin,VCU,1764.264790866877,1765.7575359677496,3,11
2025_1251_1458,0.8262517030563719,1458,1251,Wisconsin,Liberty,1764.264790866877,1690.2872112447205,3,12
2025_1103_1458,0.8433773550932765,1458,1103,Wisconsin,Akron,1764.264790866877,1698.111063478586,3,13
2025_1285_1458,0.8709347536208337,1458,1285,Wisconsin,Montana,1764.264790866877,1627.389884073406,3,14
2025_1352_1458,0.8920626933242343,1458,1352,Wisconsin,Robert Morris,1764.264790866877,1587.507713446858,3,15
2025_1110_1458,0.9163442847990075,1458,1110,Wisconsin,American Univ,1764.264790866877,1502.423605164438,3,16
2025_1291_1458,0.9155301449560205,1458,1291,Wisconsin,Mt St Mary's,1764.264790866877,1537.4161568127138,3,16
2025_1222_1458,0.5671936949513687,1458,1222,Wisconsin,Houston,1764.264790866877,1950.0503392666685,3,1
2025_1397_1458,0.5830952271953317,1458,1397,Wisconsin,Tennessee,1764.264790866877,1867.760513953852,3,2
2025_1246_1458,0.4906083703041072,1458,1246,Wisconsin,Kentucky,1764.264790866877,1760.5286669648633,3,3
2025_1345_1458,0.44100362806170174,1458,1345,Wisconsin,Purdue,1764.264790866877,1790.5049240062785,3,4
2025_1155_1458,0.6141079256512382,1458,1155,Wisconsin,Clemson,1764.264790866877,1790.9989825246012,3,5
2025_1228_1458,0.6378008031831311,1458,1228,Wisconsin,Illinois,1764.264790866877,1738.895513846784,3,6
2025_1417_1458,0.6956311680811806,1458,1417,Wisconsin,UCLA,1764.264790866877,1696.9351080410813,3,7
2025_1211_1458,0.638571593292715,1458,1211,Wisconsin,Gonzaga,1764.264790866877,1820.080652363969,3,8
2025_1208_1458,0.7534850432340654,1458,1208,Wisconsin,Georgia,1764.264790866877,1650.6716433038202,3,9
2025_1429_1458,0.7460475917194503,1458,1429,Wisconsin,Utah St,1764.264790866877,1755.1191777265424,3,10
2025_1400_1458,0.8039740489064725,1458,1400,Wisconsin,Texas,1764.264790866877,1656.2985376911856,3,11
2025_1458_1462,0.8073533342420133,1458,1462,Wisconsin,Xavier,1764.264790866877,1676.4993612446326,3,11
2025_1270_1458,0.8223318333950407,1458,1270,Wisconsin,McNeese St,1764.264790866877,1682.4785209993051,3,12
2025_1219_1458,0.8404477271979213,1458,1219,Wisconsin,High Point,1764.264790866877,1684.9999559720443,3,13
2025_1407_1458,0.8700407435538476,1458,1407,Wisconsin,Troy,1764.264790866877,1616.834853879259,3,14
2025_1458_1459,0.8910162443782351,1458,1459,Wisconsin,Wofford,1764.264790866877,1537.341782572588,3,15
2025_1188_1458,0.9139378664754907,1458,1188,Wisconsin,SIUE,1764.264790866877,1490.7257513541058,3,16
2025_1120_1458,0.5407359679959549,1458,1120,Wisconsin,Auburn,1764.264790866877,1900.3128728934946,3,1
2025_1277_1458,0.5766549304261895,1458,1277,Wisconsin,Michigan St,1764.264790866877,1816.332058092468,3,2
2025_1235_1458,0.4296039998531337,1458,1235,Wisconsin,Iowa St,1764.264790866877,1779.4875897181623,3,3
2025_1401_1458,0.539228118942668,1458,1401,Wisconsin,Texas A&M,1764.264790866877,1735.8270446534461,3,4
2025_1276_1458,0.6401514152266242,1458,1276,Wisconsin,Michigan,1764.264790866877,1729.3958457974386,3,5
2025_1279_1458,0.6860802376256513,1458,1279,Wisconsin,Mississippi,1764.264790866877,1697.0550380157622,3,6
2025_1266_1458,0.629072821928875,1458,1266,Wisconsin,Marquette,1764.264790866877,1765.2488940225403,3,7
2025_1257_1458,0.7325218648991603,1458,1257,Wisconsin,Louisville,1764.264790866877,1713.5881285897335,3,8
2025_1166_1458,0.7568315460149797,1458,1166,Wisconsin,Creighton,1764.264790866877,1761.4870757227866,3,9
2025_1307_1458,0.778239076886,1458,1307,Wisconsin,New Mexico,1764.264790866877,1737.3401376920212,3,10
2025_1314_1458,0.7998921738206418,1458,1314,Wisconsin,North Carolina,1764.264790866877,1732.0718376880195,3,11
2025_1361_1458,0.7990469799577268,1458,1361,Wisconsin,San Diego St,1764.264790866877,1718.632552659536,3,11
2025_1458_1471,0.8182886119213468,1458,1471,Wisconsin,UC San Diego,1764.264790866877,1732.0857083956137,3,12
2025_1458_1463,0.8382330570166469,1458,1463,Wisconsin,Yale,1764.264790866877,1717.2452238126552,3,13
2025_1252_1458,0.8699266602637475,1458,1252,Wisconsin,Lipscomb,1764.264790866877,1608.2148408183402,3,14
2025_1136_1458,0.8925762171412966,1458,1136,Wisconsin,Bryant,1764.264790866877,1595.5930025243601,3,15
2025_1106_1458,0.9167338309549371,1458,1106,Wisconsin,Alabama St,1764.264790866877,1445.3194949173894,3,16
2025_1384_1458,0.9164977667593042,1458,1384,Wisconsin,St Francis PA,1764.264790866877,1392.3343840415646,3,16
2025_1196_1458,0.5559166898749603,1458,1196,Wisconsin,Florida,1764.264790866877,1887.3965401334451,3,1
2025_1385_1458,0.5039485290780755,1458,1385,Wisconsin,St John's,1764.264790866877,1843.627898958888,3,2
2025_1403_1458,0.4564049229025836,1458,1403,Wisconsin,Texas Tech,1764.264790866877,1768.8852797354511,3,3
2025_1268_1458,0.5868005528911848,1458,1268,Wisconsin,Maryland,1764.264790866877,1726.6530079386407,3,4
2025_1272_1458,0.657330487129853,1458,1272,Wisconsin,Memphis,1764.264790866877,1804.101743662243,3,5
2025_1281_1458,0.6846845948682355,1458,1281,Wisconsin,Missouri,1764.264790866877,1628.84846306522,3,6
2025_1242_1458,0.6202572651642724,1458,1242,Wisconsin,Kansas,1764.264790866877,1739.9945270353192,3,7
2025_1163_1458,0.6999748529276866,1458,1163,Wisconsin,Connecticut,1764.264790866877,1817.094753861221,3,8
2025_1328_1458,0.7634985043470415,1458,1328,Wisconsin,Oklahoma,1764.264790866877,1646.8371922255365,3,9
2025_1116_1458,0.7829596753452438,1458,1116,Wisconsin,Arkansas,1764.264790866877,1652.2945168596477,3,10
2025_1179_1458,0.7742585406838925,1458,1179,Wisconsin,Drake,1764.264790866877,1808.4056906385888,3,11
2025_1161_1458,0.8236840243664152,1458,1161,Wisconsin,Colorado St,1764.264790866877,1755.9333491972916,3,12
2025_1213_1458,0.8453904721682429,1458,1213,Wisconsin,Grand Canyon,1764.264790866877,1713.3482612768519,3,13
2025_1423_1458,0.8690201332213586,1458,1423,Wisconsin,UNC Wilmington,1764.264790866877,1675.3212165451996,3,14
2025_1303_1458,0.8917426163817904,1458,1303,Wisconsin,NE Omaha,1764.264790866877,1542.0616280843851,3,15
2025_1313_1458,0.9144671855234185,1458,1313,Wisconsin,Norfolk St,1764.264790866877,1575.9738168627744,3,16
2025_1112_1332,0.6024589016899367,1112,1332,Arizona,Oregon,1773.8306625358987,1755.0312490560807,4,5
2025_1112_1140,0.6007496008850791,1112,1140,Arizona,BYU,1773.8306625358987,1774.9320773459888,4,6
2025_1112_1388,0.6102084124074506,1112,1388,Arizona,St Mary's CA,1773.8306625358987,1804.6149642797652,4,7
2025_1112_1280,0.6850274123686715,1112,1280,Arizona,Mississippi St,1773.8306625358987,1668.2546506793124,4,8
2025_1112_1124,0.6956143261275309,1112,1124,Arizona,Baylor,1773.8306625358987,1690.3848009592716,4,9
2025_1112_1435,0.7443282498781236,1112,1435,Arizona,Vanderbilt,1773.8306625358987,1618.107851254631,4,10
2025_1112_1433,0.7395809198949951,1112,1433,Arizona,VCU,1773.8306625358987,1765.7575359677496,4,11
2025_1112_1251,0.7771873341142209,1112,1251,Arizona,Liberty,1773.8306625358987,1690.2872112447205,4,12
2025_1103_1112,0.819845634254492,1112,1103,Arizona,Akron,1773.8306625358987,1698.111063478586,4,13
2025_1112_1285,0.8472307953780055,1112,1285,Arizona,Montana,1773.8306625358987,1627.389884073406,4,14
2025_1112_1352,0.8685035099627679,1112,1352,Arizona,Robert Morris,1773.8306625358987,1587.507713446858,4,15
2025_1110_1112,0.890666394915726,1112,1110,Arizona,American Univ,1773.8306625358987,1502.423605164438,4,16
2025_1112_1291,0.8917761141921542,1112,1291,Arizona,Mt St Mary's,1773.8306625358987,1537.4161568127138,4,16
2025_1112_1222,0.5462705111517374,1112,1222,Arizona,Houston,1773.8306625358987,1950.0503392666685,4,1
2025_1112_1397,0.5690532406590714,1112,1397,Arizona,Tennessee,1773.8306625358987,1867.760513953852,4,2
2025_1112_1246,0.42753944994361126,1112,1246,Arizona,Kentucky,1773.8306625358987,1760.5286669648633,4,3
2025_1112_1345,0.40729090794920875,1112,1345,Arizona,Purdue,1773.8306625358987,1790.5049240062785,4,4
2025_1112_1155,0.518323428915431,1112,1155,Arizona,Clemson,1773.8306625358987,1790.9989825246012,4,5
2025_1112_1228,0.5564790854431846,1112,1228,Arizona,Illinois,1773.8306625358987,1738.895513846784,4,6
2025_1112_1417,0.6550117486701535,1112,1417,Arizona,UCLA,1773.8306625358987,1696.9351080410813,4,7
2025_1112_1211,0.5789416052836343,1112,1211,Arizona,Gonzaga,1773.8306625358987,1820.080652363969,4,8
2025_1112_1208,0.7051742405972499,1112,1208,Arizona,Georgia,1773.8306625358987,1650.6716433038202,4,9
2025_1112_1429,0.6854062421981844,1112,1429,Arizona,Utah St,1773.8306625358987,1755.1191777265424,4,10
2025_1112_1400,0.7583119030330795,1112,1400,Arizona,Texas,1773.8306625358987,1656.2985376911856,4,11
2025_1112_1462,0.7725459988449234,1112,1462,Arizona,Xavier,1773.8306625358987,1676.4993612446326,4,11
2025_1112_1270,0.793687509113458,1112,1270,Arizona,McNeese St,1773.8306625358987,1682.4785209993051,4,12
2025_1112_1219,0.8134797389831907,1112,1219,Arizona,High Point,1773.8306625358987,1684.9999559720443,4,13
2025_1112_1407,0.8280017707293391,1112,1407,Arizona,Troy,1773.8306625358987,1616.834853879259,4,14
2025_1112_1459,0.867056815827102,1112,1459,Arizona,Wofford,1773.8306625358987,1537.341782572588,4,15
2025_1112_1188,0.8913943762446902,1112,1188,Arizona,SIUE,1773.8306625358987,1490.7257513541058,4,16
2025_1112_1120,0.5367440050854151,1112,1120,Arizona,Auburn,1773.8306625358987,1900.3128728934946,4,1
2025_1112_1277,0.5617953618787064,1112,1277,Arizona,Michigan St,1773.8306625358987,1816.332058092468,4,2
2025_1112_1235,0.5063968047633859,1112,1235,Arizona,Iowa St,1773.8306625358987,1779.4875897181623,4,3
2025_1112_1401,0.47643253803253127,1112,1401,Arizona,Texas A&M,1773.8306625358987,1735.8270446534461,4,4
2025_1112_1276,0.5589345171913405,1112,1276,Arizona,Michigan,1773.8306625358987,1729.3958457974386,4,5
2025_1112_1279,0.6296324322201469,1112,1279,Arizona,Mississippi,1773.8306625358987,1697.0550380157622,4,6
2025_1112_1266,0.5802685970054197,1112,1266,Arizona,Marquette,1773.8306625358987,1765.2488940225403,4,7
2025_1112_1257,0.675708062245266,1112,1257,Arizona,Louisville,1773.8306625358987,1713.5881285897335,4,8
2025_1112_1166,0.7095623643479365,1112,1166,Arizona,Creighton,1773.8306625358987,1761.4870757227866,4,9
2025_1112_1307,0.7483497454587968,1112,1307,Arizona,New Mexico,1773.8306625358987,1737.3401376920212,4,10
2025_1112_1314,0.7460428233478683,1112,1314,Arizona,North Carolina,1773.8306625358987,1732.0718376880195,4,11
2025_1112_1361,0.7453121598098892,1112,1361,Arizona,San Diego St,1773.8306625358987,1718.632552659536,4,11
2025_1112_1471,0.7913823888837369,1112,1471,Arizona,UC San Diego,1773.8306625358987,1732.0857083956137,4,12
2025_1112_1463,0.8171225364532835,1112,1463,Arizona,Yale,1773.8306625358987,1717.2452238126552,4,13
2025_1112_1252,0.8415344092791438,1112,1252,Arizona,Lipscomb,1773.8306625358987,1608.2148408183402,4,14
2025_1112_1136,0.8681633164527124,1112,1136,Arizona,Bryant,1773.8306625358987,1595.5930025243601,4,15
2025_1106_1112,0.8891407246257327,1112,1106,Arizona,Alabama St,1773.8306625358987,1445.3194949173894,4,16
2025_1112_1384,0.8896921271945498,1112,1384,Arizona,St Francis PA,1773.8306625358987,1392.3343840415646,4,16
2025_1112_1196,0.5385616338266794,1112,1196,Arizona,Florida,1773.8306625358987,1887.3965401334451,4,1
2025_1112_1385,0.5522670527718796,1112,1385,Arizona,St John's,1773.8306625358987,1843.627898958888,4,2
2025_1112_1403,0.4825174555316659,1112,1403,Arizona,Texas Tech,1773.8306625358987,1768.8852797354511,4,3
2025_1112_1268,0.4427256122231479,1112,1268,Arizona,Maryland,1773.8306625358987,1726.6530079386407,4,4
2025_1112_1272,0.5957679971918364,1112,1272,Arizona,Memphis,1773.8306625358987,1804.101743662243,4,5
2025_1112_1281,0.634471822736428,1112,1281,Arizona,Missouri,1773.8306625358987,1628.84846306522,4,6
2025_1112_1242,0.5521126741157102,1112,1242,Arizona,Kansas,1773.8306625358987,1739.9945270353192,4,7
2025_1112_1163,0.5967696078556939,1112,1163,Arizona,Connecticut,1773.8306625358987,1817.094753861221,4,8
2025_1112_1328,0.7190546126446742,1112,1328,Arizona,Oklahoma,1773.8306625358987,1646.8371922255365,4,9
2025_1112_1116,0.7343823208276781,1112,1116,Arizona,Arkansas,1773.8306625358987,1652.2945168596477,4,10
2025_1112_1179,0.7201491798494476,1112,1179,Arizona,Drake,1773.8306625358987,1808.4056906385888,4,11
2025_1112_1161,0.799331651741174,1112,1161,Arizona,Colorado St,1773.8306625358987,1755.9333491972916,4,12
2025_1112_1213,0.8117602045860655,1112,1213,Arizona,Grand Canyon,1773.8306625358987,1713.3482612768519,4,13
2025_1112_1423,0.8418955538218379,1112,1423,Arizona,UNC Wilmington,1773.8306625358987,1675.3212165451996,4,14
2025_1112_1303,0.8696276237609094,1112,1303,Arizona,NE Omaha,1773.8306625358987,1542.0616280843851,4,15
2025_1112_1313,0.8908117408420108,1112,1313,Arizona,Norfolk St,1773.8306625358987,1575.9738168627744,4,16
2025_1140_1332,0.5056146457657118,1332,1140,Oregon,BYU,1755.0312490560807,1774.9320773459888,5,6
2025_1332_1388,0.5185604283787467,1332,1388,Oregon,St Mary's CA,1755.0312490560807,1804.6149642797652,5,7
2025_1280_1332,0.5882516705976056,1332,1280,Oregon,Mississippi St,1755.0312490560807,1668.2546506793124,5,8
2025_1124_1332,0.641577950908558,1332,1124,Oregon,Baylor,1755.0312490560807,1690.3848009592716,5,9
2025_1332_1435,0.7337887914261836,1332,1435,Oregon,Vanderbilt,1755.0312490560807,1618.107851254631,5,10
2025_1332_1433,0.7274576618139299,1332,1433,Oregon,VCU,1755.0312490560807,1765.7575359677496,5,11
2025_1251_1332,0.7752046342228073,1332,1251,Oregon,Liberty,1755.0312490560807,1690.2872112447205,5,12
2025_1103_1332,0.7882620857297452,1332,1103,Oregon,Akron,1755.0312490560807,1698.111063478586,5,13
2025_1285_1332,0.8194815690842039,1332,1285,Oregon,Montana,1755.0312490560807,1627.389884073406,5,14
2025_1332_1352,0.8443737063353419,1332,1352,Oregon,Robert Morris,1755.0312490560807,1587.507713446858,5,15
2025_1110_1332,0.8678115596415704,1332,1110,Oregon,American Univ,1755.0312490560807,1502.423605164438,5,16
2025_1291_1332,0.867382972443313,1332,1291,Oregon,Mt St Mary's,1755.0312490560807,1537.4161568127138,5,16
2025_1222_1332,0.5316667459469865,1332,1222,Oregon,Houston,1755.0312490560807,1950.0503392666685,5,1
2025_1332_1397,0.5645710742487375,1332,1397,Oregon,Tennessee,1755.0312490560807,1867.760513953852,5,2
2025_1246_1332,0.5657217880509628,1332,1246,Oregon,Kentucky,1755.0312490560807,1760.5286669648633,5,3
2025_1332_1345,0.5584967628255578,1332,1345,Oregon,Purdue,1755.0312490560807,1790.5049240062785,5,4
2025_1155_1332,0.5591576904058452,1332,1155,Oregon,Clemson,1755.0312490560807,1790.9989825246012,5,5
2025_1228_1332,0.5055663362011213,1332,1228,Oregon,Illinois,1755.0312490560807,1738.895513846784,5,6
2025_1332_1417,0.5310816059090354,1332,1417,Oregon,UCLA,1755.0312490560807,1696.9351080410813,5,7
2025_1211_1332,0.6283370161042737,1332,1211,Oregon,Gonzaga,1755.0312490560807,1820.080652363969,5,8
2025_1208_1332,0.693145743801014,1332,1208,Oregon,Georgia,1755.0312490560807,1650.6716433038202,5,9
2025_1332_1429,0.6422119320712107,1332,1429,Oregon,Utah St,1755.0312490560807,1755.1191777265424,5,10
2025_1332_1400,0.7581758691732439,1332,1400,Oregon,Texas,1755.0312490560807,1656.2985376911856,5,11
2025_1332_1462,0.7581654383604082,1332,1462,Oregon,Xavier,1755.0312490560807,1676.4993612446326,5,11
2025_1270_1332,0.7715203817222732,1332,1270,Oregon,McNeese St,1755.0312490560807,1682.4785209993051,5,12
2025_1219_1332,0.7937657700120481,1332,1219,Oregon,High Point,1755.0312490560807,1684.9999559720443,5,13
2025_1332_1407,0.821121143850363,1332,1407,Oregon,Troy,1755.0312490560807,1616.834853879259,5,14
2025_1332_1459,0.8375366363470912,1332,1459,Oregon,Wofford,1755.0312490560807,1537.341782572588,5,15
2025_1188_1332,0.8676804294230646,1332,1188,Oregon,SIUE,1755.0312490560807,1490.7257513541058,5,16
2025_1120_1332,0.5384400389653275,1332,1120,Oregon,Auburn,1755.0312490560807,1900.3128728934946,5,1
2025_1277_1332,0.5602092659487192,1332,1277,Oregon,Michigan St,1755.0312490560807,1816.332058092468,5,2
2025_1235_1332,0.5613320549748673,1332,1235,Oregon,Iowa St,1755.0312490560807,1779.4875897181623,5,3
2025_1332_1401,0.54204787762315,1332,1401,Oregon,Texas A&M,1755.0312490560807,1735.8270446534461,5,4
2025_1276_1332,0.574492415785789,1332,1276,Oregon,Michigan,1755.0312490560807,1729.3958457974386,5,5
2025_1279_1332,0.5282452776893873,1332,1279,Oregon,Mississippi,1755.0312490560807,1697.0550380157622,5,6
2025_1266_1332,0.4677835667707183,1332,1266,Oregon,Marquette,1755.0312490560807,1765.2488940225403,5,7
2025_1257_1332,0.5827989184842634,1332,1257,Oregon,Louisville,1755.0312490560807,1713.5881285897335,5,8
2025_1166_1332,0.6560308255690499,1332,1166,Oregon,Creighton,1755.0312490560807,1761.4870757227866,5,9
2025_1307_1332,0.7292665870270747,1332,1307,Oregon,New Mexico,1755.0312490560807,1737.3401376920212,5,10
2025_1314_1332,0.7386613680784258,1332,1314,Oregon,North Carolina,1755.0312490560807,1732.0718376880195,5,11
2025_1332_1361,0.7464825405542406,1332,1361,Oregon,San Diego St,1755.0312490560807,1718.632552659536,5,11
2025_1332_1471,0.7675446625087875,1332,1471,Oregon,UC San Diego,1755.0312490560807,1732.0857083956137,5,12
2025_1332_1463,0.7846801147996457,1332,1463,Oregon,Yale,1755.0312490560807,1717.2452238126552,5,13
2025_1252_1332,0.8185775752392179,1332,1252,Oregon,Lipscomb,1755.0312490560807,1608.2148408183402,5,14
2025_1136_1332,0.8436315689032435,1332,1136,Oregon,Bryant,1755.0312490560807,1595.5930025243601,5,15
2025_1106_1332,0.8676199009062951,1332,1106,Oregon,Alabama St,1755.0312490560807,1445.3194949173894,5,16
2025_1332_1384,0.8684047748686975,1332,1384,Oregon,St Francis PA,1755.0312490560807,1392.3343840415646,5,16
2025_1196_1332,0.5417197249394486,1332,1196,Oregon,Florida,1755.0312490560807,1887.3965401334451,5,1
2025_1332_1385,0.5576136922850077,1332,1385,Oregon,St John's,1755.0312490560807,1843.627898958888,5,2
2025_1332_1403,0.5403077831290497,1332,1403,Oregon,Texas Tech,1755.0312490560807,1768.8852797354511,5,3
2025_1268_1332,0.5397159651056024,1332,1268,Oregon,Maryland,1755.0312490560807,1726.6530079386407,5,4
2025_1272_1332,0.5307094812393184,1332,1272,Oregon,Memphis,1755.0312490560807,1804.101743662243,5,5
2025_1281_1332,0.5235223993524809,1332,1281,Oregon,Missouri,1755.0312490560807,1628.84846306522,5,6
2025_1242_1332,0.5031671861387946,1332,1242,Oregon,Kansas,1755.0312490560807,1739.9945270353192,5,7
2025_1163_1332,0.5818500572429227,1332,1163,Oregon,Connecticut,1755.0312490560807,1817.094753861221,5,8
2025_1328_1332,0.70801218528928,1332,1328,Oregon,Oklahoma,1755.0312490560807,1646.8371922255365,5,9
2025_1116_1332,0.7363965244374293,1332,1116,Oregon,Arkansas,1755.0312490560807,1652.2945168596477,5,10
2025_1179_1332,0.7085792465869936,1332,1179,Oregon,Drake,1755.0312490560807,1808.4056906385888,5,11
2025_1161_1332,0.7741108889911789,1332,1161,Oregon,Colorado St,1755.0312490560807,1755.9333491972916,5,12
2025_1213_1332,0.7957909868299039,1332,1213,Oregon,Grand Canyon,1755.0312490560807,1713.3482612768519,5,13
2025_1332_1423,0.819410162719763,1332,1423,Oregon,UNC Wilmington,1755.0312490560807,1675.3212165451996,5,14
2025_1303_1332,0.8390744063799739,1332,1303,Oregon,NE Omaha,1755.0312490560807,1542.0616280843851,5,15
2025_1313_1332,0.8659986545684045,1332,1313,Oregon,Norfolk St,1755.0312490560807,1575.9738168627744,5,16
2025_1140_1388,0.4613620564207334,1140,1388,BYU,St Mary's CA,1774.9320773459888,1804.6149642797652,6,7
2025_1140_1280,0.5175452718712547,1140,1280,BYU,Mississippi St,1774.9320773459888,1668.2546506793124,6,8
2025_1124_1140,0.5424703264222669,1140,1124,BYU,Baylor,1774.9320773459888,1690.3848009592716,6,9
2025_1140_1435,0.6653979935187264,1140,1435,BYU,Vanderbilt,1774.9320773459888,1618.107851254631,6,10
2025_1140_1433,0.6968947233042735,1140,1433,BYU,VCU,1774.9320773459888,1765.7575359677496,6,11
2025_1140_1251,0.7502405836050066,1140,1251,BYU,Liberty,1774.9320773459888,1690.2872112447205,6,12
2025_1103_1140,0.7746539767120498,1140,1103,BYU,Akron,1774.9320773459888,1698.111063478586,6,13
2025_1140_1285,0.7975630329190763,1140,1285,BYU,Montana,1774.9320773459888,1627.389884073406,6,14
2025_1140_1352,0.8218470986214048,1140,1352,BYU,Robert Morris,1774.9320773459888,1587.507713446858,6,15
2025_1110_1140,0.8399822149222255,1140,1110,BYU,American Univ,1774.9320773459888,1502.423605164438,6,16
2025_1140_1291,0.8426806662028193,1140,1291,BYU,Mt St Mary's,1774.9320773459888,1537.4161568127138,6,16
2025_1140_1222,0.5167416124262785,1140,1222,BYU,Houston,1774.9320773459888,1950.0503392666685,6,1
2025_1140_1397,0.5413128636342118,1140,1397,BYU,Tennessee,1774.9320773459888,1867.760513953852,6,2
2025_1140_1246,0.5247786110653345,1140,1246,BYU,Kentucky,1774.9320773459888,1760.5286669648633,6,3
2025_1140_1345,0.5035816808961167,1140,1345,BYU,Purdue,1774.9320773459888,1790.5049240062785,6,4
2025_1140_1155,0.5474463001027795,1140,1155,BYU,Clemson,1774.9320773459888,1790.9989825246012,6,5
2025_1140_1228,0.4656798079609866,1140,1228,BYU,Illinois,1774.9320773459888,1738.895513846784,6,6
2025_1140_1417,0.46354903279392906,1140,1417,BYU,UCLA,1774.9320773459888,1696.9351080410813,6,7
2025_1140_1211,0.5919132719017722,1140,1211,BYU,Gonzaga,1774.9320773459888,1820.080652363969,6,8
2025_1140_1208,0.594304328559451,1140,1208,BYU,Georgia,1774.9320773459888,1650.6716433038202,6,9
2025_1140_1429,0.5089411505001946,1140,1429,BYU,Utah St,1774.9320773459888,1755.1191777265424,6,10
2025_1140_1400,0.6835857660851496,1140,1400,BYU,Texas,1774.9320773459888,1656.2985376911856,6,11
2025_1140_1462,0.7367875905118006,1140,1462,BYU,Xavier,1774.9320773459888,1676.4993612446326,6,11
2025_1140_1270,0.752403367943004,1140,1270,BYU,McNeese St,1774.9320773459888,1682.4785209993051,6,12
2025_1140_1219,0.769458239826979,1140,1219,BYU,High Point,1774.9320773459888,1684.9999559720443,6,13
2025_1140_1407,0.7951662407456906,1140,1407,BYU,Troy,1774.9320773459888,1616.834853879259,6,14
2025_1140_1459,0.8179842408028013,1140,1459,BYU,Wofford,1774.9320773459888,1537.341782572588,6,15
2025_1140_1188,0.8414111468737483,1140,1188,BYU,SIUE,1774.9320773459888,1490.7257513541058,6,16
2025_1120_1140,0.5224928049960111,1140,1120,BYU,Auburn,1774.9320773459888,1900.3128728934946,6,1
2025_1140_1277,0.5422917805176805,1140,1277,BYU,Michigan St,1774.9320773459888,1816.332058092468,6,2
2025_1140_1235,0.5429884409918253,1140,1235,BYU,Iowa St,1774.9320773459888,1779.4875897181623,6,3
2025_1140_1401,0.4931423594973816,1140,1401,BYU,Texas A&M,1774.9320773459888,1735.8270446534461,6,4
2025_1140_1276,0.544056196524212,1140,1276,BYU,Michigan,1774.9320773459888,1729.3958457974386,6,5
2025_1140_1279,0.48763864338397933,1140,1279,BYU,Mississippi,1774.9320773459888,1697.0550380157622,6,6
2025_1140_1266,0.4505712091788549,1140,1266,BYU,Marquette,1774.9320773459888,1765.2488940225403,6,7
2025_1140_1257,0.5496063718773582,1140,1257,BYU,Louisville,1774.9320773459888,1713.5881285897335,6,8
2025_1140_1166,0.5863630229220914,1140,1166,BYU,Creighton,1774.9320773459888,1761.4870757227866,6,9
2025_1140_1307,0.6288145401019021,1140,1307,BYU,New Mexico,1774.9320773459888,1737.3401376920212,6,10
2025_1140_1314,0.6761288673958796,1140,1314,BYU,North Carolina,1774.9320773459888,1732.0718376880195,6,11
2025_1140_1361,0.6942219616255778,1140,1361,BYU,San Diego St,1774.9320773459888,1718.632552659536,6,11
2025_1140_1471,0.7479115619127306,1140,1471,BYU,UC San Diego,1774.9320773459888,1732.0857083956137,6,12
2025_1140_1463,0.7679154630039352,1140,1463,BYU,Yale,1774.9320773459888,1717.2452238126552,6,13
2025_1140_1252,0.796608434730676,1140,1252,BYU,Lipscomb,1774.9320773459888,1608.2148408183402,6,14
2025_1136_1140,0.8204257960644132,1140,1136,BYU,Bryant,1774.9320773459888,1595.5930025243601,6,15
2025_1106_1140,0.8412671122496486,1140,1106,BYU,Alabama St,1774.9320773459888,1445.3194949173894,6,16
2025_1140_1384,0.8422997329180598,1140,1384,BYU,St Francis PA,1774.9320773459888,1392.3343840415646,6,16
2025_1140_1196,0.5233841030516599,1140,1196,BYU,Florida,1774.9320773459888,1887.3965401334451,6,1
2025_1140_1385,0.5453400514584611,1140,1385,BYU,St John's,1774.9320773459888,1843.627898958888,6,2
2025_1140_1403,0.5379050141586725,1140,1403,BYU,Texas Tech,1774.9320773459888,1768.8852797354511,6,3
2025_1140_1268,0.5618544598840012,1140,1268,BYU,Maryland,1774.9320773459888,1726.6530079386407,6,4
2025_1140_1272,0.40230312646777355,1140,1272,BYU,Memphis,1774.9320773459888,1804.101743662243,6,5
2025_1140_1281,0.5155911654233928,1140,1281,BYU,Missouri,1774.9320773459888,1628.84846306522,6,6
2025_1140_1242,0.4534135237201948,1140,1242,BYU,Kansas,1774.9320773459888,1739.9945270353192,6,7
2025_1140_1163,0.46147333478705665,1140,1163,BYU,Connecticut,1774.9320773459888,1817.094753861221,6,8
2025_1140_1328,0.6336141878352689,1140,1328,BYU,Oklahoma,1774.9320773459888,1646.8371922255365,6,9
2025_1116_1140,0.7063797928828164,1140,1116,BYU,Arkansas,1774.9320773459888,1652.2945168596477,6,10
2025_1140_1179,0.6932699562392253,1140,1179,BYU,Drake,1774.9320773459888,1808.4056906385888,6,11
2025_1140_1161,0.7502399577562364,1140,1161,BYU,Colorado St,1774.9320773459888,1755.9333491972916,6,12
2025_1140_1213,0.7736712451313156,1140,1213,BYU,Grand Canyon,1774.9320773459888,1713.3482612768519,6,13
2025_1140_1423,0.7999826536714109,1140,1423,BYU,UNC Wilmington,1774.9320773459888,1675.3212165451996,6,14
2025_1140_1303,0.8208397801247007,1140,1303,BYU,NE Omaha,1774.9320773459888,1542.0616280843851,6,15
2025_1140_1313,0.8407609198038936,1140,1313,BYU,Norfolk St,1774.9320773459888,1575.9738168627744,6,16
2025_1280_1388,0.5636176690325041,1388,1280,St Mary's CA,Mississippi St,1804.6149642797652,1668.2546506793124,7,8
2025_1124_1388,0.644677225706742,1388,1124,St Mary's CA,Baylor,1804.6149642797652,1690.3848009592716,7,9
2025_1388_1435,0.6963124179826307,1388,1435,St Mary's CA,Vanderbilt,1804.6149642797652,1618.107851254631,7,10
2025_1388_1433,0.6932987489241524,1388,1433,St Mary's CA,VCU,1804.6149642797652,1765.7575359677496,7,11
2025_1251_1388,0.7361313433728236,1388,1251,St Mary's CA,Liberty,1804.6149642797652,1690.2872112447205,7,12
2025_1103_1388,0.7564212872449907,1388,1103,St Mary's CA,Akron,1804.6149642797652,1698.111063478586,7,13
2025_1285_1388,0.7794414515827316,1388,1285,St Mary's CA,Montana,1804.6149642797652,1627.389884073406,7,14
2025_1352_1388,0.8014990554391416,1388,1352,St Mary's CA,Robert Morris,1804.6149642797652,1587.507713446858,7,15
2025_1110_1388,0.8218155379619962,1388,1110,St Mary's CA,American Univ,1804.6149642797652,1502.423605164438,7,16
2025_1291_1388,0.8235916967716581,1388,1291,St Mary's CA,Mt St Mary's,1804.6149642797652,1537.4161568127138,7,16
2025_1222_1388,0.49590655427531816,1388,1222,St Mary's CA,Houston,1804.6149642797652,1950.0503392666685,7,1
2025_1388_1397,0.5126165239729856,1388,1397,St Mary's CA,Tennessee,1804.6149642797652,1867.760513953852,7,2
2025_1246_1388,0.4889062247735093,1388,1246,St Mary's CA,Kentucky,1804.6149642797652,1760.5286669648633,7,3
2025_1345_1388,0.47867891848225047,1388,1345,St Mary's CA,Purdue,1804.6149642797652,1790.5049240062785,7,4
2025_1155_1388,0.3879396324775948,1388,1155,St Mary's CA,Clemson,1804.6149642797652,1790.9989825246012,7,5
2025_1228_1388,0.4558626309171411,1388,1228,St Mary's CA,Illinois,1804.6149642797652,1738.895513846784,7,6
2025_1388_1417,0.5359172880649562,1388,1417,St Mary's CA,UCLA,1804.6149642797652,1696.9351080410813,7,7
2025_1211_1388,0.4477763920888204,1388,1211,St Mary's CA,Gonzaga,1804.6149642797652,1820.080652363969,7,8
2025_1208_1388,0.6482296029307105,1388,1208,St Mary's CA,Georgia,1804.6149642797652,1650.6716433038202,7,9
2025_1388_1429,0.6646111214147138,1388,1429,St Mary's CA,Utah St,1804.6149642797652,1755.1191777265424,7,10
2025_1388_1400,0.7127822854060097,1388,1400,St Mary's CA,Texas,1804.6149642797652,1656.2985376911856,7,11
2025_1388_1462,0.7170531966227456,1388,1462,St Mary's CA,Xavier,1804.6149642797652,1676.4993612446326,7,11
2025_1270_1388,0.7348200113854426,1388,1270,St Mary's CA,McNeese St,1804.6149642797652,1682.4785209993051,7,12
2025_1219_1388,0.7559353007738145,1388,1219,St Mary's CA,High Point,1804.6149642797652,1684.9999559720443,7,13
2025_1388_1407,0.7781344111297744,1388,1407,St Mary's CA,Troy,1804.6149642797652,1616.834853879259,7,14
2025_1388_1459,0.7997502551614316,1388,1459,St Mary's CA,Wofford,1804.6149642797652,1537.341782572588,7,15
2025_1188_1388,0.8228684242096311,1388,1188,St Mary's CA,SIUE,1804.6149642797652,1490.7257513541058,7,16
2025_1120_1388,0.49744408588962175,1388,1120,St Mary's CA,Auburn,1804.6149642797652,1900.3128728934946,7,1
2025_1277_1388,0.5040481178679441,1388,1277,St Mary's CA,Michigan St,1804.6149642797652,1816.332058092468,7,2
2025_1235_1388,0.50836596410094,1388,1235,St Mary's CA,Iowa St,1804.6149642797652,1779.4875897181623,7,3
2025_1388_1401,0.46955247879166057,1388,1401,St Mary's CA,Texas A&M,1804.6149642797652,1735.8270446534461,7,4
2025_1276_1388,0.5277707060597672,1388,1276,St Mary's CA,Michigan,1804.6149642797652,1729.3958457974386,7,5
2025_1279_1388,0.48357657046467983,1388,1279,St Mary's CA,Mississippi,1804.6149642797652,1697.0550380157622,7,6
2025_1266_1388,0.4335801959037776,1388,1266,St Mary's CA,Marquette,1804.6149642797652,1765.2488940225403,7,7
2025_1257_1388,0.5210287347301741,1388,1257,St Mary's CA,Louisville,1804.6149642797652,1713.5881285897335,7,8
2025_1166_1388,0.6462737063147285,1388,1166,St Mary's CA,Creighton,1804.6149642797652,1761.4870757227866,7,9
2025_1307_1388,0.6872892284379529,1388,1307,St Mary's CA,New Mexico,1804.6149642797652,1737.3401376920212,7,10
2025_1314_1388,0.6988266624945565,1388,1314,St Mary's CA,North Carolina,1804.6149642797652,1732.0718376880195,7,11
2025_1361_1388,0.7113242365855141,1388,1361,St Mary's CA,San Diego St,1804.6149642797652,1718.632552659536,7,11
2025_1388_1471,0.7324203283867854,1388,1471,St Mary's CA,UC San Diego,1804.6149642797652,1732.0857083956137,7,12
2025_1388_1463,0.7526879503194841,1388,1463,St Mary's CA,Yale,1804.6149642797652,1717.2452238126552,7,13
2025_1252_1388,0.7782268281314987,1388,1252,St Mary's CA,Lipscomb,1804.6149642797652,1608.2148408183402,7,14
2025_1136_1388,0.8009629712640317,1388,1136,St Mary's CA,Bryant,1804.6149642797652,1595.5930025243601,7,15
2025_1106_1388,0.822325247081793,1388,1106,St Mary's CA,Alabama St,1804.6149642797652,1445.3194949173894,7,16
2025_1384_1388,0.82239635542301,1388,1384,St Mary's CA,St Francis PA,1804.6149642797652,1392.3343840415646,7,16
2025_1196_1388,0.5007496998842201,1388,1196,St Mary's CA,Florida,1804.6149642797652,1887.3965401334451,7,1
2025_1385_1388,0.5189195363440489,1388,1385,St Mary's CA,St John's,1804.6149642797652,1843.627898958888,7,2
2025_1388_1403,0.4811112038355897,1388,1403,St Mary's CA,Texas Tech,1804.6149642797652,1768.8852797354511,7,3
2025_1268_1388,0.48353195846218516,1388,1268,St Mary's CA,Maryland,1804.6149642797652,1726.6530079386407,7,4
2025_1272_1388,0.48065719807369844,1388,1272,St Mary's CA,Memphis,1804.6149642797652,1804.101743662243,7,5
2025_1281_1388,0.48793349118382656,1388,1281,St Mary's CA,Missouri,1804.6149642797652,1628.84846306522,7,6
2025_1242_1388,0.46315187811851455,1388,1242,St Mary's CA,Kansas,1804.6149642797652,1739.9945270353192,7,7
2025_1163_1388,0.5885189995035429,1388,1163,St Mary's CA,Connecticut,1804.6149642797652,1817.094753861221,7,8
2025_1328_1388,0.6662638822771766,1388,1328,St Mary's CA,Oklahoma,1804.6149642797652,1646.8371922255365,7,9
2025_1116_1388,0.6914448642716932,1388,1116,St Mary's CA,Arkansas,1804.6149642797652,1652.2945168596477,7,10
2025_1179_1388,0.7059251286524697,1388,1179,St Mary's CA,Drake,1804.6149642797652,1808.4056906385888,7,11
2025_1161_1388,0.7354638905606288,1388,1161,St Mary's CA,Colorado St,1804.6149642797652,1755.9333491972916,7,12
2025_1213_1388,0.7565596892301591,1388,1213,St Mary's CA,Grand Canyon,1804.6149642797652,1713.3482612768519,7,13
2025_1388_1423,0.7778370137546676,1388,1423,St Mary's CA,UNC Wilmington,1804.6149642797652,1675.3212165451996,7,14
2025_1303_1388,0.7999901340543302,1388,1303,St Mary's CA,NE Omaha,1804.6149642797652,1542.0616280843851,7,15
2025_1313_1388,0.8230522747364408,1388,1313,St Mary's CA,Norfolk St,1804.6149642797652,1575.9738168627744,7,16
2025_1124_1280,0.6176803633436461,1280,1124,Mississippi St,Baylor,1668.2546506793124,1690.3848009592716,8,9
2025_1280_1435,0.6731038430906989,1280,1435,Mississippi St,Vanderbilt,1668.2546506793124,1618.107851254631,8,10
2025_1280_1433,0.6314364874349164,1280,1433,Mississippi St,VCU,1668.2546506793124,1765.7575359677496,8,11
2025_1251_1280,0.7105035700339242,1280,1251,Mississippi St,Liberty,1668.2546506793124,1690.2872112447205,8,12
2025_1103_1280,0.719818386562826,1280,1103,Mississippi St,Akron,1668.2546506793124,1698.111063478586,8,13
2025_1280_1285,0.7575601829950365,1280,1285,Mississippi St,Montana,1668.2546506793124,1627.389884073406,8,14
2025_1280_1352,0.781243329796614,1280,1352,Mississippi St,Robert Morris,1668.2546506793124,1587.507713446858,8,15
2025_1110_1280,0.8026749060689481,1280,1110,Mississippi St,American Univ,1668.2546506793124,1502.423605164438,8,16
2025_1280_1291,0.8043124244748624,1280,1291,Mississippi St,Mt St Mary's,1668.2546506793124,1537.4161568127138,8,16
2025_1222_1280,0.46367955848234677,1280,1222,Mississippi St,Houston,1668.2546506793124,1950.0503392666685,8,1
2025_1280_1397,0.5030822680528603,1280,1397,Mississippi St,Tennessee,1668.2546506793124,1867.760513953852,8,2
2025_1246_1280,0.5249135582365965,1280,1246,Mississippi St,Kentucky,1668.2546506793124,1760.5286669648633,8,3
2025_1280_1345,0.5371818445187638,1280,1345,Mississippi St,Purdue,1668.2546506793124,1790.5049240062785,8,4
2025_1155_1280,0.41354595780510356,1280,1155,Mississippi St,Clemson,1668.2546506793124,1790.9989825246012,8,5
2025_1228_1280,0.5510503580592407,1280,1228,Mississippi St,Illinois,1668.2546506793124,1738.895513846784,8,6
2025_1280_1417,0.43080001772792065,1280,1417,Mississippi St,UCLA,1668.2546506793124,1696.9351080410813,8,7
2025_1211_1280,0.5002487659454341,1280,1211,Mississippi St,Gonzaga,1668.2546506793124,1820.080652363969,8,8
2025_1208_1280,0.6213756576046248,1280,1208,Mississippi St,Georgia,1668.2546506793124,1650.6716433038202,8,9
2025_1280_1429,0.5951788762785651,1280,1429,Mississippi St,Utah St,1668.2546506793124,1755.1191777265424,8,10
2025_1280_1400,0.6931025886521863,1280,1400,Mississippi St,Texas,1668.2546506793124,1656.2985376911856,8,11
2025_1280_1462,0.6993564867959546,1280,1462,Mississippi St,Xavier,1668.2546506793124,1676.4993612446326,8,11
2025_1270_1280,0.7010790922182961,1280,1270,Mississippi St,McNeese St,1668.2546506793124,1682.4785209993051,8,12
2025_1219_1280,0.7244087488732356,1280,1219,Mississippi St,High Point,1668.2546506793124,1684.9999559720443,8,13
2025_1280_1407,0.7564846767847093,1280,1407,Mississippi St,Troy,1668.2546506793124,1616.834853879259,8,14
2025_1280_1459,0.7774764354560989,1280,1459,Mississippi St,Wofford,1668.2546506793124,1537.341782572588,8,15
2025_1188_1280,0.8035428987084897,1280,1188,Mississippi St,SIUE,1668.2546506793124,1490.7257513541058,8,16
2025_1120_1280,0.48000500246542477,1280,1120,Mississippi St,Auburn,1668.2546506793124,1900.3128728934946,8,1
2025_1277_1280,0.49628462653712846,1280,1277,Mississippi St,Michigan St,1668.2546506793124,1816.332058092468,8,2
2025_1235_1280,0.5218195407309507,1280,1235,Mississippi St,Iowa St,1668.2546506793124,1779.4875897181623,8,3
2025_1280_1401,0.5194958202105592,1280,1401,Mississippi St,Texas A&M,1668.2546506793124,1735.8270446534461,8,4
2025_1276_1280,0.5499496078504984,1280,1276,Mississippi St,Michigan,1668.2546506793124,1729.3958457974386,8,5
2025_1279_1280,0.5398741593383087,1280,1279,Mississippi St,Mississippi,1668.2546506793124,1697.0550380157622,8,6
2025_1266_1280,0.5667281195655557,1280,1266,Mississippi St,Marquette,1668.2546506793124,1765.2488940225403,8,7
2025_1257_1280,0.44725684672594024,1280,1257,Mississippi St,Louisville,1668.2546506793124,1713.5881285897335,8,8
2025_1166_1280,0.6149581745132704,1280,1166,Mississippi St,Creighton,1668.2546506793124,1761.4870757227866,8,9
2025_1280_1307,0.6636882463671424,1280,1307,Mississippi St,New Mexico,1668.2546506793124,1737.3401376920212,8,10
2025_1280_1314,0.667333503960185,1280,1314,Mississippi St,North Carolina,1668.2546506793124,1732.0718376880195,8,11
2025_1280_1361,0.6845223212228345,1280,1361,Mississippi St,San Diego St,1668.2546506793124,1718.632552659536,8,11
2025_1280_1471,0.6833249547022744,1280,1471,Mississippi St,UC San Diego,1668.2546506793124,1732.0857083956137,8,12
2025_1280_1463,0.7044549317441005,1280,1463,Mississippi St,Yale,1668.2546506793124,1717.2452238126552,8,13
2025_1252_1280,0.7568375064794572,1280,1252,Mississippi St,Lipscomb,1668.2546506793124,1608.2148408183402,8,14
2025_1136_1280,0.7818144615028518,1280,1136,Mississippi St,Bryant,1668.2546506793124,1595.5930025243601,8,15
2025_1106_1280,0.803878383451608,1280,1106,Mississippi St,Alabama St,1668.2546506793124,1445.3194949173894,8,16
2025_1280_1384,0.8035333023606809,1280,1384,Mississippi St,St Francis PA,1668.2546506793124,1392.3343840415646,8,16
2025_1196_1280,0.4743376736308911,1280,1196,Mississippi St,Florida,1668.2546506793124,1887.3965401334451,8,1
2025_1280_1385,0.4993033931787453,1280,1385,Mississippi St,St John's,1668.2546506793124,1843.627898958888,8,2
2025_1280_1403,0.5020063309588407,1280,1403,Mississippi St,Texas Tech,1668.2546506793124,1768.8852797354511,8,3
2025_1268_1280,0.5112440041762422,1280,1268,Mississippi St,Maryland,1668.2546506793124,1726.6530079386407,8,4
2025_1272_1280,0.46508099794525554,1280,1272,Mississippi St,Memphis,1668.2546506793124,1804.101743662243,8,5
2025_1280_1281,0.48209295475704805,1280,1281,Mississippi St,Missouri,1668.2546506793124,1628.84846306522,8,6
2025_1242_1280,0.5832115754619333,1280,1242,Mississippi St,Kansas,1668.2546506793124,1739.9945270353192,8,7
2025_1163_1280,0.5426143318414683,1280,1163,Mississippi St,Connecticut,1668.2546506793124,1817.094753861221,8,8
2025_1280_1328,0.6506342068180342,1280,1328,Mississippi St,Oklahoma,1668.2546506793124,1646.8371922255365,8,9
2025_1116_1280,0.6743754783846595,1280,1116,Mississippi St,Arkansas,1668.2546506793124,1652.2945168596477,8,10
2025_1179_1280,0.6432910466180372,1280,1179,Mississippi St,Drake,1668.2546506793124,1808.4056906385888,8,11
2025_1161_1280,0.6986647464770241,1280,1161,Mississippi St,Colorado St,1668.2546506793124,1755.9333491972916,8,12
2025_1213_1280,0.7269711227498072,1280,1213,Mississippi St,Grand Canyon,1668.2546506793124,1713.3482612768519,8,13
2025_1280_1423,0.7539891197149309,1280,1423,Mississippi St,UNC Wilmington,1668.2546506793124,1675.3212165451996,8,14
2025_1280_1303,0.779955362829985,1280,1303,Mississippi St,NE Omaha,1668.2546506793124,1542.0616280843851,8,15
2025_1280_1313,0.8029031322537931,1280,1313,Mississippi St,Norfolk St,1668.2546506793124,1575.9738168627744,8,16
2025_1124_1435,0.6489075794681807,1124,1435,Baylor,Vanderbilt,1690.3848009592716,1618.107851254631,9,10
2025_1124_1433,0.5199715832449653,1124,1433,Baylor,VCU,1690.3848009592716,1765.7575359677496,9,11
2025_1124_1251,0.6835676038251447,1124,1251,Baylor,Liberty,1690.3848009592716,1690.2872112447205,9,12
2025_1103_1124,0.7096733667391701,1124,1103,Baylor,Akron,1690.3848009592716,1698.111063478586,9,13
2025_1124_1285,0.7361795933327693,1124,1285,Baylor,Montana,1690.3848009592716,1627.389884073406,9,14
2025_1124_1352,0.7608165635530504,1124,1352,Baylor,Robert Morris,1690.3848009592716,1587.507713446858,9,15
2025_1110_1124,0.7817576582763809,1124,1110,Baylor,American Univ,1690.3848009592716,1502.423605164438,9,16
2025_1124_1291,0.7831974382732528,1124,1291,Baylor,Mt St Mary's,1690.3848009592716,1537.4161568127138,9,16
2025_1124_1222,0.45773058671364464,1124,1222,Baylor,Houston,1690.3848009592716,1950.0503392666685,9,1
2025_1124_1397,0.48555973812597775,1124,1397,Baylor,Tennessee,1690.3848009592716,1867.760513953852,9,2
2025_1124_1246,0.5037690029676399,1124,1246,Baylor,Kentucky,1690.3848009592716,1760.5286669648633,9,3
2025_1124_1345,0.5263126878657316,1124,1345,Baylor,Purdue,1690.3848009592716,1790.5049240062785,9,4
2025_1124_1155,0.5205776892167161,1124,1155,Baylor,Clemson,1690.3848009592716,1790.9989825246012,9,5
2025_1124_1228,0.5503966426863138,1124,1228,Baylor,Illinois,1690.3848009592716,1738.895513846784,9,6
2025_1124_1417,0.5245840182326569,1124,1417,Baylor,UCLA,1690.3848009592716,1696.9351080410813,9,7
2025_1124_1211,0.5951093778148385,1124,1211,Baylor,Gonzaga,1690.3848009592716,1820.080652363969,9,8
2025_1124_1208,0.5222218692302699,1124,1208,Baylor,Georgia,1690.3848009592716,1650.6716433038202,9,9
2025_1124_1429,0.47346465288250633,1124,1429,Baylor,Utah St,1690.3848009592716,1755.1191777265424,9,10
2025_1124_1400,0.6645150819994666,1124,1400,Baylor,Texas,1690.3848009592716,1656.2985376911856,9,11
2025_1124_1462,0.671073619482682,1124,1462,Baylor,Xavier,1690.3848009592716,1676.4993612446326,9,11
2025_1124_1270,0.6825820410237836,1124,1270,Baylor,McNeese St,1690.3848009592716,1682.4785209993051,9,12
2025_1124_1219,0.7098328985709115,1124,1219,Baylor,High Point,1690.3848009592716,1684.9999559720443,9,13
2025_1124_1407,0.735771390923025,1124,1407,Baylor,Troy,1690.3848009592716,1616.834853879259,9,14
2025_1124_1459,0.7575518085424455,1124,1459,Baylor,Wofford,1690.3848009592716,1537.341782572588,9,15
2025_1124_1188,0.7831491287086624,1124,1188,Baylor,SIUE,1690.3848009592716,1490.7257513541058,9,16
2025_1120_1124,0.46647476691612877,1124,1120,Baylor,Auburn,1690.3848009592716,1900.3128728934946,9,1
2025_1124_1277,0.48746583506124996,1124,1277,Baylor,Michigan St,1690.3848009592716,1816.332058092468,9,2
2025_1124_1235,0.5064139888818703,1124,1235,Baylor,Iowa St,1690.3848009592716,1779.4875897181623,9,3
2025_1124_1401,0.5205909995951628,1124,1401,Baylor,Texas A&M,1690.3848009592716,1735.8270446534461,9,4
2025_1124_1276,0.5411470435124467,1124,1276,Baylor,Michigan,1690.3848009592716,1729.3958457974386,9,5
2025_1124_1279,0.5278714960827295,1124,1279,Baylor,Mississippi,1690.3848009592716,1697.0550380157622,9,6
2025_1124_1266,0.5795022329114212,1124,1266,Baylor,Marquette,1690.3848009592716,1765.2488940225403,9,7
2025_1124_1257,0.5738085702195855,1124,1257,Baylor,Louisville,1690.3848009592716,1713.5881285897335,9,8
2025_1124_1166,0.579075357317924,1124,1166,Baylor,Creighton,1690.3848009592716,1761.4870757227866,9,9
2025_1124_1307,0.6218466535076399,1124,1307,Baylor,New Mexico,1690.3848009592716,1737.3401376920212,9,10
2025_1124_1314,0.6083283165671088,1124,1314,Baylor,North Carolina,1690.3848009592716,1732.0718376880195,9,11
2025_1124_1361,0.6544870177485206,1124,1361,Baylor,San Diego St,1690.3848009592716,1718.632552659536,9,11
2025_1124_1471,0.6663130128369855,1124,1471,Baylor,UC San Diego,1690.3848009592716,1732.0857083956137,9,12
2025_1124_1463,0.7017005600470467,1124,1463,Baylor,Yale,1690.3848009592716,1717.2452238126552,9,13
2025_1124_1252,0.7343598039231318,1124,1252,Baylor,Lipscomb,1690.3848009592716,1608.2148408183402,9,14
2025_1124_1136,0.761593003458217,1124,1136,Baylor,Bryant,1690.3848009592716,1595.5930025243601,9,15
2025_1106_1124,0.7832083459232467,1124,1106,Baylor,Alabama St,1690.3848009592716,1445.3194949173894,9,16
2025_1124_1384,0.7836898918483871,1124,1384,Baylor,St Francis PA,1690.3848009592716,1392.3343840415646,9,16
2025_1124_1196,0.4626190914572207,1124,1196,Baylor,Florida,1690.3848009592716,1887.3965401334451,9,1
2025_1124_1385,0.49105996533888363,1124,1385,Baylor,St John's,1690.3848009592716,1843.627898958888,9,2
2025_1124_1403,0.5037134514387093,1124,1403,Baylor,Texas Tech,1690.3848009592716,1768.8852797354511,9,3
2025_1124_1268,0.5112155167975401,1124,1268,Baylor,Maryland,1690.3848009592716,1726.6530079386407,9,4
2025_1124_1272,0.5319240890008042,1124,1272,Baylor,Memphis,1690.3848009592716,1804.101743662243,9,5
2025_1124_1281,0.4961538529409831,1124,1281,Baylor,Missouri,1690.3848009592716,1628.84846306522,9,6
2025_1124_1242,0.5806681593678726,1124,1242,Baylor,Kansas,1690.3848009592716,1739.9945270353192,9,7
2025_1124_1163,0.4612869963184091,1124,1163,Baylor,Connecticut,1690.3848009592716,1817.094753861221,9,8
2025_1124_1328,0.6036617219448085,1124,1328,Baylor,Oklahoma,1690.3848009592716,1646.8371922255365,9,9
2025_1116_1124,0.6356106474861403,1124,1116,Baylor,Arkansas,1690.3848009592716,1652.2945168596477,9,10
2025_1124_1179,0.6190574953533866,1124,1179,Baylor,Drake,1690.3848009592716,1808.4056906385888,9,11
2025_1124_1161,0.6716788613782453,1124,1161,Baylor,Colorado St,1690.3848009592716,1755.9333491972916,9,12
2025_1124_1213,0.7077160396117135,1124,1213,Baylor,Grand Canyon,1690.3848009592716,1713.3482612768519,9,13
2025_1124_1423,0.7297123403630275,1124,1423,Baylor,UNC Wilmington,1690.3848009592716,1675.3212165451996,9,14
2025_1124_1303,0.7599860622350725,1124,1303,Baylor,NE Omaha,1690.3848009592716,1542.0616280843851,9,15
2025_1124_1313,0.7815361674163955,1124,1313,Baylor,Norfolk St,1690.3848009592716,1575.9738168627744,9,16
2025_1433_1435,0.4359821304544706,1435,1433,Vanderbilt,VCU,1618.107851254631,1765.7575359677496,10,11
2025_1251_1435,0.5847311804272391,1435,1251,Vanderbilt,Liberty,1618.107851254631,1690.2872112447205,10,12
2025_1103_1435,0.6234758847938108,1435,1103,Vanderbilt,Akron,1618.107851254631,1698.111063478586,10,13
2025_1285_1435,0.7050374962824746,1435,1285,Vanderbilt,Montana,1618.107851254631,1627.389884073406,10,14
2025_1352_1435,0.7255511016926783,1435,1352,Vanderbilt,Robert Morris,1618.107851254631,1587.507713446858,10,15
2025_1110_1435,0.7532225443784746,1435,1110,Vanderbilt,American Univ,1618.107851254631,1502.423605164438,10,16
2025_1291_1435,0.7524717940752061,1435,1291,Vanderbilt,Mt St Mary's,1618.107851254631,1537.4161568127138,10,16
2025_1222_1435,0.43792327686878396,1435,1222,Vanderbilt,Houston,1618.107851254631,1950.0503392666685,10,1
2025_1397_1435,0.4640693618715731,1435,1397,Vanderbilt,Tennessee,1618.107851254631,1867.760513953852,10,2
2025_1246_1435,0.4833870296146252,1435,1246,Vanderbilt,Kentucky,1618.107851254631,1760.5286669648633,10,3
2025_1345_1435,0.503087781482502,1435,1345,Vanderbilt,Purdue,1618.107851254631,1790.5049240062785,10,4
2025_1155_1435,0.5187741606154417,1435,1155,Vanderbilt,Clemson,1618.107851254631,1790.9989825246012,10,5
2025_1228_1435,0.5422317288380692,1435,1228,Vanderbilt,Illinois,1618.107851254631,1738.895513846784,10,6
2025_1417_1435,0.5476900553717081,1435,1417,Vanderbilt,UCLA,1618.107851254631,1696.9351080410813,10,7
2025_1211_1435,0.579580165984465,1435,1211,Vanderbilt,Gonzaga,1618.107851254631,1820.080652363969,10,8
2025_1208_1435,0.5383028730884286,1435,1208,Vanderbilt,Georgia,1618.107851254631,1650.6716433038202,10,9
2025_1429_1435,0.5132866710424419,1435,1429,Vanderbilt,Utah St,1618.107851254631,1755.1191777265424,10,10
2025_1400_1435,0.5170746371015806,1435,1400,Vanderbilt,Texas,1618.107851254631,1656.2985376911856,10,11
2025_1435_1462,0.5164904966816206,1435,1462,Vanderbilt,Xavier,1618.107851254631,1676.4993612446326,10,11
2025_1270_1435,0.5914919564701774,1435,1270,Vanderbilt,McNeese St,1618.107851254631,1682.4785209993051,10,12
2025_1219_1435,0.6287467831359433,1435,1219,Vanderbilt,High Point,1618.107851254631,1684.9999559720443,10,13
2025_1407_1435,0.689985058500187,1435,1407,Vanderbilt,Troy,1618.107851254631,1616.834853879259,10,14
2025_1435_1459,0.7232130796990413,1435,1459,Vanderbilt,Wofford,1618.107851254631,1537.341782572588,10,15
2025_1188_1435,0.7532091333334001,1435,1188,Vanderbilt,SIUE,1618.107851254631,1490.7257513541058,10,16
2025_1120_1435,0.43943178102108194,1435,1120,Vanderbilt,Auburn,1618.107851254631,1900.3128728934946,10,1
2025_1277_1435,0.4630133463800875,1435,1277,Vanderbilt,Michigan St,1618.107851254631,1816.332058092468,10,2
2025_1235_1435,0.48235729977148556,1435,1235,Vanderbilt,Iowa St,1618.107851254631,1779.4875897181623,10,3
2025_1401_1435,0.495299033933445,1435,1401,Vanderbilt,Texas A&M,1618.107851254631,1735.8270446534461,10,4
2025_1276_1435,0.52106077360296,1435,1276,Vanderbilt,Michigan,1618.107851254631,1729.3958457974386,10,5
2025_1279_1435,0.5385658643704484,1435,1279,Vanderbilt,Mississippi,1618.107851254631,1697.0550380157622,10,6
2025_1266_1435,0.5543251550211374,1435,1266,Vanderbilt,Marquette,1618.107851254631,1765.2488940225403,10,7
2025_1257_1435,0.5531591405890717,1435,1257,Vanderbilt,Louisville,1618.107851254631,1713.5881285897335,10,8
2025_1166_1435,0.5772120550409051,1435,1166,Vanderbilt,Creighton,1618.107851254631,1761.4870757227866,10,9
2025_1307_1435,0.599937236309051,1435,1307,Vanderbilt,New Mexico,1618.107851254631,1737.3401376920212,10,10
2025_1314_1435,0.4794453978404302,1435,1314,Vanderbilt,North Carolina,1618.107851254631,1732.0718376880195,10,11
2025_1361_1435,0.520030952976634,1435,1361,Vanderbilt,San Diego St,1618.107851254631,1718.632552659536,10,11
2025_1435_1471,0.46853869801537773,1435,1471,Vanderbilt,UC San Diego,1618.107851254631,1732.0857083956137,10,12
2025_1435_1463,0.6128375136838483,1435,1463,Vanderbilt,Yale,1618.107851254631,1717.2452238126552,10,13
2025_1252_1435,0.7013752378958626,1435,1252,Vanderbilt,Lipscomb,1618.107851254631,1608.2148408183402,10,14
2025_1136_1435,0.7257822485051173,1435,1136,Vanderbilt,Bryant,1618.107851254631,1595.5930025243601,10,15
2025_1106_1435,0.7560966207448991,1435,1106,Vanderbilt,Alabama St,1618.107851254631,1445.3194949173894,10,16
2025_1384_1435,0.7551594569150957,1435,1384,Vanderbilt,St Francis PA,1618.107851254631,1392.3343840415646,10,16
2025_1196_1435,0.4406930451068516,1435,1196,Vanderbilt,Florida,1618.107851254631,1887.3965401334451,10,1
2025_1385_1435,0.46745642561325706,1435,1385,Vanderbilt,St John's,1618.107851254631,1843.627898958888,10,2
2025_1403_1435,0.4847841028835156,1435,1403,Vanderbilt,Texas Tech,1618.107851254631,1768.8852797354511,10,3
2025_1268_1435,0.4960293100412331,1435,1268,Vanderbilt,Maryland,1618.107851254631,1726.6530079386407,10,4
2025_1272_1435,0.5224756984629606,1435,1272,Vanderbilt,Memphis,1618.107851254631,1804.101743662243,10,5
2025_1281_1435,0.5114423386317323,1435,1281,Vanderbilt,Missouri,1618.107851254631,1628.84846306522,10,6
2025_1242_1435,0.5455937600149576,1435,1242,Vanderbilt,Kansas,1618.107851254631,1739.9945270353192,10,7
2025_1163_1435,0.5637144228242172,1435,1163,Vanderbilt,Connecticut,1618.107851254631,1817.094753861221,10,8
2025_1328_1435,0.5488246426120492,1435,1328,Vanderbilt,Oklahoma,1618.107851254631,1646.8371922255365,10,9
2025_1116_1435,0.45633287578821136,1435,1116,Vanderbilt,Arkansas,1618.107851254631,1652.2945168596477,10,10
2025_1179_1435,0.4759124517306585,1435,1179,Vanderbilt,Drake,1618.107851254631,1808.4056906385888,10,11
2025_1161_1435,0.5012044871427276,1435,1161,Vanderbilt,Colorado St,1618.107851254631,1755.9333491972916,10,12
2025_1213_1435,0.6285359168038892,1435,1213,Vanderbilt,Grand Canyon,1618.107851254631,1713.3482612768519,10,13
2025_1423_1435,0.6537132330674096,1435,1423,Vanderbilt,UNC Wilmington,1618.107851254631,1675.3212165451996,10,14
2025_1303_1435,0.7275724740109462,1435,1303,Vanderbilt,NE Omaha,1618.107851254631,1542.0616280843851,10,15
2025_1313_1435,0.7472948922578844,1435,1313,Vanderbilt,Norfolk St,1618.107851254631,1575.9738168627744,10,16
2025_1251_1433,0.6360427215561171,1433,1251,VCU,Liberty,1765.7575359677496,1690.2872112447205,11,12
2025_1103_1433,0.6705210546232917,1433,1103,VCU,Akron,1765.7575359677496,1698.111063478586,11,13
2025_1285_1433,0.6936799788461255,1433,1285,VCU,Montana,1765.7575359677496,1627.389884073406,11,14
2025_1352_1433,0.7178412892359658,1433,1352,VCU,Robert Morris,1765.7575359677496,1587.507713446858,11,15
2025_1110_1433,0.736078027018072,1433,1110,VCU,American Univ,1765.7575359677496,1502.423605164438,11,16
2025_1291_1433,0.7366827757439631,1433,1291,VCU,Mt St Mary's,1765.7575359677496,1537.4161568127138,11,16
2025_1222_1433,0.42144746447154324,1433,1222,VCU,Houston,1765.7575359677496,1950.0503392666685,11,1
2025_1397_1433,0.4433424715671177,1433,1397,VCU,Tennessee,1765.7575359677496,1867.760513953852,11,2
2025_1246_1433,0.4516184582174746,1433,1246,VCU,Kentucky,1765.7575359677496,1760.5286669648633,11,3
2025_1345_1433,0.47906873270529293,1433,1345,VCU,Purdue,1765.7575359677496,1790.5049240062785,11,4
2025_1155_1433,0.4921139703329048,1433,1155,VCU,Clemson,1765.7575359677496,1790.9989825246012,11,5
2025_1228_1433,0.5020426301875089,1433,1228,VCU,Illinois,1765.7575359677496,1738.895513846784,11,6
2025_1417_1433,0.48009990672884684,1433,1417,VCU,UCLA,1765.7575359677496,1696.9351080410813,11,7
2025_1211_1433,0.565447202922291,1433,1211,VCU,Gonzaga,1765.7575359677496,1820.080652363969,11,8
2025_1208_1433,0.4885451575539841,1433,1208,VCU,Georgia,1765.7575359677496,1650.6716433038202,11,9
2025_1429_1433,0.36071286985130036,1433,1429,VCU,Utah St,1765.7575359677496,1755.1191777265424,11,10
2025_1400_1433,0.4980324417352672,1433,1400,VCU,Texas,1765.7575359677496,1656.2985376911856,11,11
2025_1433_1462,0.6285378992557521,1433,1462,VCU,Xavier,1765.7575359677496,1676.4993612446326,11,11
2025_1270_1433,0.6499600484833021,1433,1270,VCU,McNeese St,1765.7575359677496,1682.4785209993051,11,12
2025_1219_1433,0.6688038150049903,1433,1219,VCU,High Point,1765.7575359677496,1684.9999559720443,11,13
2025_1407_1433,0.6945400142655896,1433,1407,VCU,Troy,1765.7575359677496,1616.834853879259,11,14
2025_1433_1459,0.7137568809527322,1433,1459,VCU,Wofford,1765.7575359677496,1537.341782572588,11,15
2025_1188_1433,0.7367636592469233,1433,1188,VCU,SIUE,1765.7575359677496,1490.7257513541058,11,16
2025_1120_1433,0.4250990834290628,1433,1120,VCU,Auburn,1765.7575359677496,1900.3128728934946,11,1
2025_1277_1433,0.4410227183971043,1433,1277,VCU,Michigan St,1765.7575359677496,1816.332058092468,11,2
2025_1235_1433,0.45931216616043724,1433,1235,VCU,Iowa St,1765.7575359677496,1779.4875897181623,11,3
2025_1401_1433,0.46769360348242306,1433,1401,VCU,Texas A&M,1765.7575359677496,1735.8270446534461,11,4
2025_1276_1433,0.4827380703027687,1433,1276,VCU,Michigan,1765.7575359677496,1729.3958457974386,11,5
2025_1279_1433,0.50112349676275,1433,1279,VCU,Mississippi,1765.7575359677496,1697.0550380157622,11,6
2025_1266_1433,0.5222637556058,1433,1266,VCU,Marquette,1765.7575359677496,1765.2488940225403,11,7
2025_1257_1433,0.5062686568512385,1433,1257,VCU,Louisville,1765.7575359677496,1713.5881285897335,11,8
2025_1166_1433,0.4570011278413071,1433,1166,VCU,Creighton,1765.7575359677496,1761.4870757227866,11,9
2025_1307_1433,0.4264527678623887,1433,1307,VCU,New Mexico,1765.7575359677496,1737.3401376920212,11,10
2025_1314_1433,0.49170974493026687,1433,1314,VCU,North Carolina,1765.7575359677496,1732.0718376880195,11,11
2025_1361_1433,0.5012885689735408,1433,1361,VCU,San Diego St,1765.7575359677496,1718.632552659536,11,11
2025_1433_1471,0.620738960789134,1433,1471,VCU,UC San Diego,1765.7575359677496,1732.0857083956137,11,12
2025_1433_1463,0.6619874874331214,1433,1463,VCU,Yale,1765.7575359677496,1717.2452238126552,11,13
2025_1252_1433,0.6924245560155439,1433,1252,VCU,Lipscomb,1765.7575359677496,1608.2148408183402,11,14
2025_1136_1433,0.7176752903002663,1433,1136,VCU,Bryant,1765.7575359677496,1595.5930025243601,11,15
2025_1106_1433,0.7375135750851649,1433,1106,VCU,Alabama St,1765.7575359677496,1445.3194949173894,11,16
2025_1384_1433,0.7369445593438166,1433,1384,VCU,St Francis PA,1765.7575359677496,1392.3343840415646,11,16
2025_1196_1433,0.42530772948809903,1433,1196,VCU,Florida,1765.7575359677496,1887.3965401334451,11,1
2025_1385_1433,0.44809862419697,1433,1385,VCU,St John's,1765.7575359677496,1843.627898958888,11,2
2025_1403_1433,0.4583894266546694,1433,1403,VCU,Texas Tech,1765.7575359677496,1768.8852797354511,11,3
2025_1268_1433,0.4687619273330548,1433,1268,VCU,Maryland,1765.7575359677496,1726.6530079386407,11,4
2025_1272_1433,0.45887590210990525,1433,1272,VCU,Memphis,1765.7575359677496,1804.101743662243,11,5
2025_1281_1433,0.45924868570947397,1433,1281,VCU,Missouri,1765.7575359677496,1628.84846306522,11,6
2025_1242_1433,0.515706171796901,1433,1242,VCU,Kansas,1765.7575359677496,1739.9945270353192,11,7
2025_1163_1433,0.4302837765230601,1433,1163,VCU,Connecticut,1765.7575359677496,1817.094753861221,11,8
2025_1328_1433,0.44907125139458315,1433,1328,VCU,Oklahoma,1765.7575359677496,1646.8371922255365,11,9
2025_1116_1433,0.5461321070924493,1433,1116,VCU,Arkansas,1765.7575359677496,1652.2945168596477,11,10
2025_1179_1433,0.543412601947784,1433,1179,VCU,Drake,1765.7575359677496,1808.4056906385888,11,11
2025_1161_1433,0.6469222083553572,1433,1161,VCU,Colorado St,1765.7575359677496,1755.9333491972916,11,12
2025_1213_1433,0.6698157528616645,1433,1213,VCU,Grand Canyon,1765.7575359677496,1713.3482612768519,11,13
2025_1423_1433,0.6961963081346082,1433,1423,VCU,UNC Wilmington,1765.7575359677496,1675.3212165451996,11,14
2025_1303_1433,0.7141599871653481,1433,1303,VCU,NE Omaha,1765.7575359677496,1542.0616280843851,11,15
2025_1313_1433,0.736607584484579,1433,1313,VCU,Norfolk St,1765.7575359677496,1575.9738168627744,11,16
2025_1103_1251,0.6431374922260542,1251,1103,Liberty,Akron,1690.2872112447205,1698.111063478586,12,13
2025_1251_1285,0.6694842020251014,1251,1285,Liberty,Montana,1690.2872112447205,1627.389884073406,12,14
2025_1251_1352,0.695116033552699,1251,1352,Liberty,Robert Morris,1690.2872112447205,1587.507713446858,12,15
2025_1110_1251,0.7116018452185555,1251,1110,Liberty,American Univ,1690.2872112447205,1502.423605164438,12,16
2025_1251_1291,0.7155904390353127,1251,1291,Liberty,Mt St Mary's,1690.2872112447205,1537.4161568127138,12,16
2025_1222_1251,0.4041842053292096,1251,1222,Liberty,Houston,1690.2872112447205,1950.0503392666685,12,1
2025_1251_1397,0.42681277657100003,1251,1397,Liberty,Tennessee,1690.2872112447205,1867.760513953852,12,2
2025_1246_1251,0.44740485593410684,1251,1246,Liberty,Kentucky,1690.2872112447205,1760.5286669648633,12,3
2025_1251_1345,0.46832814354309715,1251,1345,Liberty,Purdue,1690.2872112447205,1790.5049240062785,12,4
2025_1155_1251,0.4872409467365124,1251,1155,Liberty,Clemson,1690.2872112447205,1790.9989825246012,12,5
2025_1228_1251,0.5074027703340492,1251,1228,Liberty,Illinois,1690.2872112447205,1738.895513846784,12,6
2025_1251_1417,0.5137120573439573,1251,1417,Liberty,UCLA,1690.2872112447205,1696.9351080410813,12,7
2025_1211_1251,0.5546411476594041,1251,1211,Liberty,Gonzaga,1690.2872112447205,1820.080652363969,12,8
2025_1208_1251,0.5135467416061823,1251,1208,Liberty,Georgia,1690.2872112447205,1650.6716433038202,12,9
2025_1251_1429,0.5744879325650467,1251,1429,Liberty,Utah St,1690.2872112447205,1755.1191777265424,12,10
2025_1251_1400,0.5872910961642953,1251,1400,Liberty,Texas,1690.2872112447205,1656.2985376911856,12,11
2025_1251_1462,0.5754860684409829,1251,1462,Liberty,Xavier,1690.2872112447205,1676.4993612446326,12,11
2025_1251_1270,0.5034173339605327,1251,1270,Liberty,McNeese St,1690.2872112447205,1682.4785209993051,12,12
2025_1219_1251,0.6411618366703291,1251,1219,Liberty,High Point,1690.2872112447205,1684.9999559720443,12,13
2025_1251_1407,0.6725280026175239,1251,1407,Liberty,Troy,1690.2872112447205,1616.834853879259,12,14
2025_1251_1459,0.6920566761479902,1251,1459,Liberty,Wofford,1690.2872112447205,1537.341782572588,12,15
2025_1188_1251,0.7135863222617074,1251,1188,Liberty,SIUE,1690.2872112447205,1490.7257513541058,12,16
2025_1120_1251,0.4111616442559064,1251,1120,Liberty,Auburn,1690.2872112447205,1900.3128728934946,12,1
2025_1251_1277,0.4284158136899118,1251,1277,Liberty,Michigan St,1690.2872112447205,1816.332058092468,12,2
2025_1235_1251,0.4505671207580204,1251,1235,Liberty,Iowa St,1690.2872112447205,1779.4875897181623,12,3
2025_1251_1401,0.45947396296868004,1251,1401,Liberty,Texas A&M,1690.2872112447205,1735.8270446534461,12,4
2025_1251_1276,0.4819423620368817,1251,1276,Liberty,Michigan,1690.2872112447205,1729.3958457974386,12,5
2025_1251_1279,0.49088235955791093,1251,1279,Liberty,Mississippi,1690.2872112447205,1697.0550380157622,12,6
2025_1251_1266,0.5242067365565275,1251,1266,Liberty,Marquette,1690.2872112447205,1765.2488940225403,12,7
2025_1251_1257,0.52978168945132,1251,1257,Liberty,Louisville,1690.2872112447205,1713.5881285897335,12,8
2025_1166_1251,0.5570733761801188,1251,1166,Liberty,Creighton,1690.2872112447205,1761.4870757227866,12,9
2025_1251_1307,0.5709585329316391,1251,1307,Liberty,New Mexico,1690.2872112447205,1737.3401376920212,12,10
2025_1251_1314,0.5911752924457284,1251,1314,Liberty,North Carolina,1690.2872112447205,1732.0718376880195,12,11
2025_1251_1361,0.5729756847158166,1251,1361,Liberty,San Diego St,1690.2872112447205,1718.632552659536,12,11
2025_1251_1471,0.6030131340026851,1251,1471,Liberty,UC San Diego,1690.2872112447205,1732.0857083956137,12,12
2025_1251_1463,0.5898792371019621,1251,1463,Liberty,Yale,1690.2872112447205,1717.2452238126552,12,13
2025_1251_1252,0.667873893139527,1251,1252,Liberty,Lipscomb,1690.2872112447205,1608.2148408183402,12,14
2025_1136_1251,0.6949369811997937,1251,1136,Liberty,Bryant,1690.2872112447205,1595.5930025243601,12,15
2025_1106_1251,0.7139772095221444,1251,1106,Liberty,Alabama St,1690.2872112447205,1445.3194949173894,12,16
2025_1251_1384,0.7149031080740853,1251,1384,Liberty,St Francis PA,1690.2872112447205,1392.3343840415646,12,16
2025_1196_1251,0.41088513830879336,1251,1196,Liberty,Florida,1690.2872112447205,1887.3965401334451,12,1
2025_1251_1385,0.42695806289264004,1251,1385,Liberty,St John's,1690.2872112447205,1843.627898958888,12,2
2025_1251_1403,0.4517019037875767,1251,1403,Liberty,Texas Tech,1690.2872112447205,1768.8852797354511,12,3
2025_1251_1268,0.4671654059351412,1251,1268,Liberty,Maryland,1690.2872112447205,1726.6530079386407,12,4
2025_1251_1272,0.4854079548980572,1251,1272,Liberty,Memphis,1690.2872112447205,1804.101743662243,12,5
2025_1251_1281,0.46904919307784654,1251,1281,Liberty,Missouri,1690.2872112447205,1628.84846306522,12,6
2025_1242_1251,0.5191334872164701,1251,1242,Liberty,Kansas,1690.2872112447205,1739.9945270353192,12,7
2025_1163_1251,0.5481930277806352,1251,1163,Liberty,Connecticut,1690.2872112447205,1817.094753861221,12,8
2025_1251_1328,0.5387084251656,1251,1328,Liberty,Oklahoma,1690.2872112447205,1646.8371922255365,12,9
2025_1116_1251,0.5437541981957688,1251,1116,Liberty,Arkansas,1690.2872112447205,1652.2945168596477,12,10
2025_1179_1251,0.5913157209888192,1251,1179,Liberty,Drake,1690.2872112447205,1808.4056906385888,12,11
2025_1161_1251,0.5887486249208446,1251,1161,Liberty,Colorado St,1690.2872112447205,1755.9333491972916,12,12
2025_1213_1251,0.6197501346334715,1251,1213,Liberty,Grand Canyon,1690.2872112447205,1713.3482612768519,12,13
2025_1251_1423,0.6637192109801032,1251,1423,Liberty,UNC Wilmington,1690.2872112447205,1675.3212165451996,12,14
2025_1251_1303,0.693215867279582,1251,1303,Liberty,NE Omaha,1690.2872112447205,1542.0616280843851,12,15
2025_1251_1313,0.7146212377089425,1251,1313,Liberty,Norfolk St,1690.2872112447205,1575.9738168627744,12,16
2025_1103_1285,0.6455582752689619,1103,1285,Akron,Montana,1698.111063478586,1627.389884073406,13,14
2025_1103_1352,0.6740352550722816,1103,1352,Akron,Robert Morris,1698.111063478586,1587.507713446858,13,15
2025_1103_1110,0.6847788298116254,1103,1110,Akron,American Univ,1698.111063478586,1502.423605164438,13,16
2025_1103_1291,0.693054368494563,1103,1291,Akron,Mt St Mary's,1698.111063478586,1537.4161568127138,13,16
2025_1103_1222,0.38329623392567524,1103,1222,Akron,Houston,1698.111063478586,1950.0503392666685,13,1
2025_1103_1397,0.4042420814392865,1103,1397,Akron,Tennessee,1698.111063478586,1867.760513953852,13,2
2025_1103_1246,0.4214843597466592,1103,1246,Akron,Kentucky,1698.111063478586,1760.5286669648633,13,3
2025_1103_1345,0.4441305939826603,1103,1345,Akron,Purdue,1698.111063478586,1790.5049240062785,13,4
2025_1103_1155,0.46452947992691673,1103,1155,Akron,Clemson,1698.111063478586,1790.9989825246012,13,5
2025_1103_1228,0.48376575752752804,1103,1228,Akron,Illinois,1698.111063478586,1738.895513846784,13,6
2025_1103_1417,0.47550310950831987,1103,1417,Akron,UCLA,1698.111063478586,1696.9351080410813,13,7
2025_1103_1211,0.5312992720522856,1103,1211,Akron,Gonzaga,1698.111063478586,1820.080652363969,13,8
2025_1103_1208,0.4863647572260926,1103,1208,Akron,Georgia,1698.111063478586,1650.6716433038202,13,9
2025_1103_1429,0.5293199038519327,1103,1429,Akron,Utah St,1698.111063478586,1755.1191777265424,13,10
2025_1103_1400,0.5279218038342728,1103,1400,Akron,Texas,1698.111063478586,1656.2985376911856,13,11
2025_1103_1462,0.5195262064955963,1103,1462,Akron,Xavier,1698.111063478586,1676.4993612446326,13,11
2025_1103_1270,0.5555092886224481,1103,1270,Akron,McNeese St,1698.111063478586,1682.4785209993051,13,12
2025_1103_1219,0.3962574549019332,1103,1219,Akron,High Point,1698.111063478586,1684.9999559720443,13,13
2025_1103_1407,0.618953488753726,1103,1407,Akron,Troy,1698.111063478586,1616.834853879259,13,14
2025_1103_1459,0.6705963650919654,1103,1459,Akron,Wofford,1698.111063478586,1537.341782572588,13,15
2025_1103_1188,0.6854147219644117,1103,1188,Akron,SIUE,1698.111063478586,1490.7257513541058,13,16
2025_1103_1120,0.38316930583462605,1103,1120,Akron,Auburn,1698.111063478586,1900.3128728934946,13,1
2025_1103_1277,0.4041241834519208,1103,1277,Akron,Michigan St,1698.111063478586,1816.332058092468,13,2
2025_1103_1235,0.42504609489985745,1103,1235,Akron,Iowa St,1698.111063478586,1779.4875897181623,13,3
2025_1103_1401,0.43178906485172464,1103,1401,Akron,Texas A&M,1698.111063478586,1735.8270446534461,13,4
2025_1103_1276,0.4573303713263003,1103,1276,Akron,Michigan,1698.111063478586,1729.3958457974386,13,5
2025_1103_1279,0.466218686547456,1103,1279,Akron,Mississippi,1698.111063478586,1697.0550380157622,13,6
2025_1103_1266,0.4987942801053963,1103,1266,Akron,Marquette,1698.111063478586,1765.2488940225403,13,7
2025_1103_1257,0.5098145990290617,1103,1257,Akron,Louisville,1698.111063478586,1713.5881285897335,13,8
2025_1103_1166,0.520924677656276,1103,1166,Akron,Creighton,1698.111063478586,1761.4870757227866,13,9
2025_1103_1307,0.5502428627027933,1103,1307,Akron,New Mexico,1698.111063478586,1737.3401376920212,13,10
2025_1103_1314,0.5534836431763901,1103,1314,Akron,North Carolina,1698.111063478586,1732.0718376880195,13,11
2025_1103_1361,0.5140436967633499,1103,1361,Akron,San Diego St,1698.111063478586,1718.632552659536,13,11
2025_1103_1471,0.5759902194276544,1103,1471,Akron,UC San Diego,1698.111063478586,1732.0857083956137,13,12
2025_1103_1463,0.5729439467191692,1103,1463,Akron,Yale,1698.111063478586,1717.2452238126552,13,13
2025_1103_1252,0.5981221571430464,1103,1252,Akron,Lipscomb,1698.111063478586,1608.2148408183402,13,14
2025_1103_1136,0.675044600126908,1103,1136,Akron,Bryant,1698.111063478586,1595.5930025243601,13,15
2025_1103_1106,0.6810018324838208,1103,1106,Akron,Alabama St,1698.111063478586,1445.3194949173894,13,16
2025_1103_1384,0.6816366517530011,1103,1384,Akron,St Francis PA,1698.111063478586,1392.3343840415646,13,16
2025_1103_1196,0.3854126756523598,1103,1196,Akron,Florida,1698.111063478586,1887.3965401334451,13,1
2025_1103_1385,0.406532240903169,1103,1385,Akron,St John's,1698.111063478586,1843.627898958888,13,2
2025_1103_1403,0.4273478772694711,1103,1403,Akron,Texas Tech,1698.111063478586,1768.8852797354511,13,3
2025_1103_1268,0.437084162679636,1103,1268,Akron,Maryland,1698.111063478586,1726.6530079386407,13,4
2025_1103_1272,0.4608491017282931,1103,1272,Akron,Memphis,1698.111063478586,1804.101743662243,13,5
2025_1103_1281,0.4522191797162869,1103,1281,Akron,Missouri,1698.111063478586,1628.84846306522,13,6
2025_1103_1242,0.49198751907901384,1103,1242,Akron,Kansas,1698.111063478586,1739.9945270353192,13,7
2025_1103_1163,0.5189396827139829,1103,1163,Akron,Connecticut,1698.111063478586,1817.094753861221,13,8
2025_1103_1328,0.48363097529230814,1103,1328,Akron,Oklahoma,1698.111063478586,1646.8371922255365,13,9
2025_1103_1116,0.4892914509787028,1103,1116,Akron,Arkansas,1698.111063478586,1652.2945168596477,13,10
2025_1103_1179,0.559136532785727,1103,1179,Akron,Drake,1698.111063478586,1808.4056906385888,13,11
2025_1103_1161,0.56208862812669,1103,1161,Akron,Colorado St,1698.111063478586,1755.9333491972916,13,12
2025_1103_1213,0.43744834363460494,1103,1213,Akron,Grand Canyon,1698.111063478586,1713.3482612768519,13,13
2025_1103_1423,0.5816236957773466,1103,1423,Akron,UNC Wilmington,1698.111063478586,1675.3212165451996,13,14
2025_1103_1303,0.6711727420069434,1103,1303,Akron,NE Omaha,1698.111063478586,1542.0616280843851,13,15
2025_1103_1313,0.6798574829087781,1103,1313,Akron,Norfolk St,1698.111063478586,1575.9738168627744,13,16
2025_1285_1352,0.48795727639048286,1285,1352,Montana,Robert Morris,1627.389884073406,1587.507713446858,14,15
2025_1110_1285,0.648159686682389,1285,1110,Montana,American Univ,1627.389884073406,1502.423605164438,14,16
2025_1285_1291,0.6676315704561927,1285,1291,Montana,Mt St Mary's,1627.389884073406,1537.4161568127138,14,16
2025_1222_1285,0.35883928558597306,1285,1222,Montana,Houston,1627.389884073406,1950.0503392666685,14,1
2025_1285_1397,0.3826576893661965,1285,1397,Montana,Tennessee,1627.389884073406,1867.760513953852,14,2
2025_1246_1285,0.4029914567826093,1285,1246,Montana,Kentucky,1627.389884073406,1760.5286669648633,14,3
2025_1285_1345,0.4245276536996011,1285,1345,Montana,Purdue,1627.389884073406,1790.5049240062785,14,4
2025_1155_1285,0.44337695285412027,1285,1155,Montana,Clemson,1627.389884073406,1790.9989825246012,14,5
2025_1228_1285,0.46651845712074913,1285,1228,Montana,Illinois,1627.389884073406,1738.895513846784,14,6
2025_1285_1417,0.47612178966063046,1285,1417,Montana,UCLA,1627.389884073406,1696.9351080410813,14,7
2025_1211_1285,0.5117452369268379,1285,1211,Montana,Gonzaga,1627.389884073406,1820.080652363969,14,8
2025_1208_1285,0.503262111417291,1285,1208,Montana,Georgia,1627.389884073406,1650.6716433038202,14,9
2025_1285_1429,0.5257914565068315,1285,1429,Montana,Utah St,1627.389884073406,1755.1191777265424,14,10
2025_1285_1400,0.5378852552189295,1285,1400,Montana,Texas,1627.389884073406,1656.2985376911856,14,11
2025_1285_1462,0.5380322402729456,1285,1462,Montana,Xavier,1627.389884073406,1676.4993612446326,14,11
2025_1270_1285,0.5591016044638886,1285,1270,Montana,McNeese St,1627.389884073406,1682.4785209993051,14,12
2025_1219_1285,0.5805181905761453,1285,1219,Montana,High Point,1627.389884073406,1684.9999559720443,14,13
2025_1285_1407,0.5474773108959193,1285,1407,Montana,Troy,1627.389884073406,1616.834853879259,14,14
2025_1285_1459,0.5677528008684416,1285,1459,Montana,Wofford,1627.389884073406,1537.341782572588,14,15
2025_1188_1285,0.6548182705618598,1285,1188,Montana,SIUE,1627.389884073406,1490.7257513541058,14,16
2025_1120_1285,0.35996268412837723,1285,1120,Montana,Auburn,1627.389884073406,1900.3128728934946,14,1
2025_1277_1285,0.3823314433430184,1285,1277,Montana,Michigan St,1627.389884073406,1816.332058092468,14,2
2025_1235_1285,0.40584470132568484,1285,1235,Montana,Iowa St,1627.389884073406,1779.4875897181623,14,3
2025_1285_1401,0.41117877626963895,1285,1401,Montana,Texas A&M,1627.389884073406,1735.8270446534461,14,4
2025_1276_1285,0.4425720517310734,1285,1276,Montana,Michigan,1627.389884073406,1729.3958457974386,14,5
2025_1279_1285,0.45823600429901756,1285,1279,Montana,Mississippi,1627.389884073406,1697.0550380157622,14,6
2025_1266_1285,0.4862355951930859,1285,1266,Montana,Marquette,1627.389884073406,1765.2488940225403,14,7
2025_1257_1285,0.5115107522542915,1285,1257,Montana,Louisville,1627.389884073406,1713.5881285897335,14,8
2025_1166_1285,0.51531086253309,1285,1166,Montana,Creighton,1627.389884073406,1761.4870757227866,14,9
2025_1285_1307,0.5349123082619737,1285,1307,Montana,New Mexico,1627.389884073406,1737.3401376920212,14,10
2025_1285_1314,0.5458545899404947,1285,1314,Montana,North Carolina,1627.389884073406,1732.0718376880195,14,11
2025_1285_1361,0.5240800446285669,1285,1361,Montana,San Diego St,1627.389884073406,1718.632552659536,14,11
2025_1285_1471,0.5598319401763214,1285,1471,Montana,UC San Diego,1627.389884073406,1732.0857083956137,14,12
2025_1285_1463,0.5865715488925668,1285,1463,Montana,Yale,1627.389884073406,1717.2452238126552,14,13
2025_1252_1285,0.5575413465499873,1285,1252,Montana,Lipscomb,1627.389884073406,1608.2148408183402,14,14
2025_1136_1285,0.598890520618846,1285,1136,Montana,Bryant,1627.389884073406,1595.5930025243601,14,15
2025_1106_1285,0.6589745620466926,1285,1106,Montana,Alabama St,1627.389884073406,1445.3194949173894,14,16
2025_1285_1384,0.6581321099974372,1285,1384,Montana,St Francis PA,1627.389884073406,1392.3343840415646,14,16
2025_1196_1285,0.36147500297794083,1285,1196,Montana,Florida,1627.389884073406,1887.3965401334451,14,1
2025_1285_1385,0.3807312374447335,1285,1385,Montana,St John's,1627.389884073406,1843.627898958888,14,2
2025_1285_1403,0.4057734141705335,1285,1403,Montana,Texas Tech,1627.389884073406,1768.8852797354511,14,3
2025_1268_1285,0.42563001180239957,1285,1268,Montana,Maryland,1627.389884073406,1726.6530079386407,14,4
2025_1272_1285,0.44163003012272073,1285,1272,Montana,Memphis,1627.389884073406,1804.101743662243,14,5
2025_1281_1285,0.4606213821829287,1285,1281,Montana,Missouri,1627.389884073406,1628.84846306522,14,6
2025_1242_1285,0.47872499271887325,1285,1242,Montana,Kansas,1627.389884073406,1739.9945270353192,14,7
2025_1163_1285,0.5030262992914162,1285,1163,Montana,Connecticut,1627.389884073406,1817.094753861221,14,8
2025_1285_1328,0.5025773732581114,1285,1328,Montana,Oklahoma,1627.389884073406,1646.8371922255365,14,9
2025_1116_1285,0.5100573353034089,1285,1116,Montana,Arkansas,1627.389884073406,1652.2945168596477,14,10
2025_1179_1285,0.5384571021809046,1285,1179,Montana,Drake,1627.389884073406,1808.4056906385888,14,11
2025_1161_1285,0.5630172570966019,1285,1161,Montana,Colorado St,1627.389884073406,1755.9333491972916,14,12
2025_1213_1285,0.578679730011532,1285,1213,Montana,Grand Canyon,1627.389884073406,1713.3482612768519,14,13
2025_1285_1423,0.5910339117050166,1285,1423,Montana,UNC Wilmington,1627.389884073406,1675.3212165451996,14,14
2025_1285_1303,0.6440214589103956,1285,1303,Montana,NE Omaha,1627.389884073406,1542.0616280843851,14,15
2025_1285_1313,0.5511442462183692,1285,1313,Montana,Norfolk St,1627.389884073406,1575.9738168627744,14,16
2025_1110_1352,0.6295103505119581,1352,1110,Robert Morris,American Univ,1587.507713446858,1502.423605164438,15,16
2025_1291_1352,0.5972063317760725,1352,1291,Robert Morris,Mt St Mary's,1587.507713446858,1537.4161568127138,15,16
2025_1222_1352,0.3321353963133891,1352,1222,Robert Morris,Houston,1587.507713446858,1950.0503392666685,15,1
2025_1352_1397,0.35423935673007706,1352,1397,Robert Morris,Tennessee,1587.507713446858,1867.760513953852,15,2
2025_1246_1352,0.37530813864216694,1352,1246,Robert Morris,Kentucky,1587.507713446858,1760.5286669648633,15,3
2025_1345_1352,0.3956867883560956,1352,1345,Robert Morris,Purdue,1587.507713446858,1790.5049240062785,15,4
2025_1155_1352,0.4195440497452859,1352,1155,Robert Morris,Clemson,1587.507713446858,1790.9989825246012,15,5
2025_1228_1352,0.44351475879284097,1352,1228,Robert Morris,Illinois,1587.507713446858,1738.895513846784,15,6
2025_1352_1417,0.4463085784376589,1352,1417,Robert Morris,UCLA,1587.507713446858,1696.9351080410813,15,7
2025_1211_1352,0.4858359758521893,1352,1211,Robert Morris,Gonzaga,1587.507713446858,1820.080652363969,15,8
2025_1208_1352,0.47337786119536973,1352,1208,Robert Morris,Georgia,1587.507713446858,1650.6716433038202,15,9
2025_1352_1429,0.4959924905219053,1352,1429,Robert Morris,Utah St,1587.507713446858,1755.1191777265424,15,10
2025_1352_1400,0.5152965537768434,1352,1400,Robert Morris,Texas,1587.507713446858,1656.2985376911856,15,11
2025_1352_1462,0.5217485926610063,1352,1462,Robert Morris,Xavier,1587.507713446858,1676.4993612446326,15,11
2025_1270_1352,0.5221965080513422,1352,1270,Robert Morris,McNeese St,1587.507713446858,1682.4785209993051,15,12
2025_1219_1352,0.5567995389722122,1352,1219,Robert Morris,High Point,1587.507713446858,1684.9999559720443,15,13
2025_1352_1407,0.5503645584121438,1352,1407,Robert Morris,Troy,1587.507713446858,1616.834853879259,15,14
2025_1352_1459,0.39022602736949874,1352,1459,Robert Morris,Wofford,1587.507713446858,1537.341782572588,15,15
2025_1188_1352,0.6389210000499983,1352,1188,Robert Morris,SIUE,1587.507713446858,1490.7257513541058,15,16
2025_1120_1352,0.32566006691428023,1352,1120,Robert Morris,Auburn,1587.507713446858,1900.3128728934946,15,1
2025_1277_1352,0.35429455063113907,1352,1277,Robert Morris,Michigan St,1587.507713446858,1816.332058092468,15,2
2025_1235_1352,0.37978528192982564,1352,1235,Robert Morris,Iowa St,1587.507713446858,1779.4875897181623,15,3
2025_1352_1401,0.38421641091087466,1352,1401,Robert Morris,Texas A&M,1587.507713446858,1735.8270446534461,15,4
2025_1276_1352,0.4145026292855386,1352,1276,Robert Morris,Michigan,1587.507713446858,1729.3958457974386,15,5
2025_1279_1352,0.4310647492084141,1352,1279,Robert Morris,Mississippi,1587.507713446858,1697.0550380157622,15,6
2025_1266_1352,0.4557464971006838,1352,1266,Robert Morris,Marquette,1587.507713446858,1765.2488940225403,15,7
2025_1257_1352,0.48345500871199154,1352,1257,Robert Morris,Louisville,1587.507713446858,1713.5881285897335,15,8
2025_1166_1352,0.49214398127154924,1352,1166,Robert Morris,Creighton,1587.507713446858,1761.4870757227866,15,9
2025_1307_1352,0.5157981305041288,1352,1307,Robert Morris,New Mexico,1587.507713446858,1737.3401376920212,15,10
2025_1314_1352,0.5325997672539781,1352,1314,Robert Morris,North Carolina,1587.507713446858,1732.0718376880195,15,11
2025_1352_1361,0.5027967892151902,1352,1361,Robert Morris,San Diego St,1587.507713446858,1718.632552659536,15,11
2025_1352_1471,0.536108738781399,1352,1471,Robert Morris,UC San Diego,1587.507713446858,1732.0857083956137,15,12
2025_1352_1463,0.5424120655082001,1352,1463,Robert Morris,Yale,1587.507713446858,1717.2452238126552,15,13
2025_1252_1352,0.5584007397428247,1352,1252,Robert Morris,Lipscomb,1587.507713446858,1608.2148408183402,15,14
2025_1136_1352,0.38786334767937614,1352,1136,Robert Morris,Bryant,1587.507713446858,1595.5930025243601,15,15
2025_1106_1352,0.6391404643520613,1352,1106,Robert Morris,Alabama St,1587.507713446858,1445.3194949173894,15,16
2025_1352_1384,0.6395227387413283,1352,1384,Robert Morris,St Francis PA,1587.507713446858,1392.3343840415646,15,16
2025_1196_1352,0.334473865341862,1352,1196,Robert Morris,Florida,1587.507713446858,1887.3965401334451,15,1
2025_1352_1385,0.35919047615298966,1352,1385,Robert Morris,St John's,1587.507713446858,1843.627898958888,15,2
2025_1352_1403,0.37748963883862385,1352,1403,Robert Morris,Texas Tech,1587.507713446858,1768.8852797354511,15,3
2025_1268_1352,0.3977007100937665,1352,1268,Robert Morris,Maryland,1587.507713446858,1726.6530079386407,15,4
2025_1272_1352,0.42045683527537625,1352,1272,Robert Morris,Memphis,1587.507713446858,1804.101743662243,15,5
2025_1281_1352,0.44075825258823587,1352,1281,Robert Morris,Missouri,1587.507713446858,1628.84846306522,15,6
2025_1242_1352,0.44608330268273033,1352,1242,Robert Morris,Kansas,1587.507713446858,1739.9945270353192,15,7
2025_1163_1352,0.4675811295177319,1352,1163,Robert Morris,Connecticut,1587.507713446858,1817.094753861221,15,8
2025_1328_1352,0.4753228799636803,1352,1328,Robert Morris,Oklahoma,1587.507713446858,1646.8371922255365,15,9
2025_1116_1352,0.47575699674272287,1352,1116,Robert Morris,Arkansas,1587.507713446858,1652.2945168596477,15,10
2025_1179_1352,0.5147857419711183,1352,1179,Robert Morris,Drake,1587.507713446858,1808.4056906385888,15,11
2025_1161_1352,0.5245251125111048,1352,1161,Robert Morris,Colorado St,1587.507713446858,1755.9333491972916,15,12
2025_1213_1352,0.5591327329896225,1352,1213,Robert Morris,Grand Canyon,1587.507713446858,1713.3482612768519,15,13
2025_1352_1423,0.5753674253955575,1352,1423,Robert Morris,UNC Wilmington,1587.507713446858,1675.3212165451996,15,14
2025_1303_1352,0.5961643666028972,1352,1303,Robert Morris,NE Omaha,1587.507713446858,1542.0616280843851,15,15
2025_1313_1352,0.441749908016612,1352,1313,Robert Morris,Norfolk St,1587.507713446858,1575.9738168627744,15,16
2025_1110_1291,0.5573554843664165,1110,1291,American Univ,Mt St Mary's,1502.423605164438,1537.4161568127138,16,16
2025_1110_1222,0.3097048125890386,1110,1222,American Univ,Houston,1502.423605164438,1950.0503392666685,16,1
2025_1110_1397,0.3381081393477519,1110,1397,American Univ,Tennessee,1502.423605164438,1867.760513953852,16,2
2025_1110_1246,0.3576116385198567,1110,1246,American Univ,Kentucky,1502.423605164438,1760.5286669648633,16,3
2025_1110_1345,0.3839652662609566,1110,1345,American Univ,Purdue,1502.423605164438,1790.5049240062785,16,4
2025_1110_1155,0.4000395069477857,1110,1155,American Univ,Clemson,1502.423605164438,1790.9989825246012,16,5
2025_1110_1228,0.4256306078488473,1110,1228,American Univ,Illinois,1502.423605164438,1738.895513846784,16,6
2025_1110_1417,0.44298269793125344,1110,1417,American Univ,UCLA,1502.423605164438,1696.9351080410813,16,7
2025_1110_1211,0.46810438770661034,1110,1211,American Univ,Gonzaga,1502.423605164438,1820.080652363969,16,8
2025_1110_1208,0.472034013714967,1110,1208,American Univ,Georgia,1502.423605164438,1650.6716433038202,16,9
2025_1110_1429,0.4885420725877724,1110,1429,American Univ,Utah St,1502.423605164438,1755.1191777265424,16,10
2025_1110_1400,0.5048407106318449,1110,1400,American Univ,Texas,1502.423605164438,1656.2985376911856,16,11
2025_1110_1462,0.509476163856027,1110,1462,American Univ,Xavier,1502.423605164438,1676.4993612446326,16,11
2025_1110_1270,0.5190766505461762,1110,1270,American Univ,McNeese St,1502.423605164438,1682.4785209993051,16,12
2025_1110_1219,0.5377434259666865,1110,1219,American Univ,High Point,1502.423605164438,1684.9999559720443,16,13
2025_1110_1407,0.5683201035283341,1110,1407,American Univ,Troy,1502.423605164438,1616.834853879259,16,14
2025_1110_1459,0.5940448984637948,1110,1459,American Univ,Wofford,1502.423605164438,1537.341782572588,16,15
2025_1110_1188,0.4574309349060054,1110,1188,American Univ,SIUE,1502.423605164438,1490.7257513541058,16,16
2025_1110_1120,0.31335908395325063,1110,1120,American Univ,Auburn,1502.423605164438,1900.3128728934946,16,1
2025_1110_1277,0.34012322337599593,1110,1277,American Univ,Michigan St,1502.423605164438,1816.332058092468,16,2
2025_1110_1235,0.3599400343633626,1110,1235,American Univ,Iowa St,1502.423605164438,1779.4875897181623,16,3
2025_1110_1401,0.3753958766792763,1110,1401,American Univ,Texas A&M,1502.423605164438,1735.8270446534461,16,4
2025_1110_1276,0.40289412239769107,1110,1276,American Univ,Michigan,1502.423605164438,1729.3958457974386,16,5
2025_1110_1279,0.4191577520424966,1110,1279,American Univ,Mississippi,1502.423605164438,1697.0550380157622,16,6
2025_1110_1266,0.448229456392252,1110,1266,American Univ,Marquette,1502.423605164438,1765.2488940225403,16,7
2025_1110_1257,0.46686017054924644,1110,1257,American Univ,Louisville,1502.423605164438,1713.5881285897335,16,8
2025_1110_1166,0.4840262596275189,1110,1166,American Univ,Creighton,1502.423605164438,1761.4870757227866,16,9
2025_1110_1307,0.5009099469716988,1110,1307,American Univ,New Mexico,1502.423605164438,1737.3401376920212,16,10
2025_1110_1314,0.5163398771204923,1110,1314,American Univ,North Carolina,1502.423605164438,1732.0718376880195,16,11
2025_1110_1361,0.4981683878817533,1110,1361,American Univ,San Diego St,1502.423605164438,1718.632552659536,16,11
2025_1110_1471,0.5311725936394761,1110,1471,American Univ,UC San Diego,1502.423605164438,1732.0857083956137,16,12
2025_1110_1463,0.5533776795877878,1110,1463,American Univ,Yale,1502.423605164438,1717.2452238126552,16,13
2025_1110_1252,0.5641686996243729,1110,1252,American Univ,Lipscomb,1502.423605164438,1608.2148408183402,16,14
2025_1110_1136,0.5978860899940225,1110,1136,American Univ,Bryant,1502.423605164438,1595.5930025243601,16,15
2025_1106_1110,0.6147650241851802,1110,1106,American Univ,Alabama St,1502.423605164438,1445.3194949173894,16,16
2025_1110_1384,0.631924724578857,1110,1384,American Univ,St Francis PA,1502.423605164438,1392.3343840415646,16,16
2025_1110_1196,0.31079530936752675,1110,1196,American Univ,Florida,1502.423605164438,1887.3965401334451,16,1
2025_1110_1385,0.3398803642508586,1110,1385,American Univ,St John's,1502.423605164438,1843.627898958888,16,2
2025_1110_1403,0.3607009472585652,1110,1403,American Univ,Texas Tech,1502.423605164438,1768.8852797354511,16,3
2025_1110_1268,0.37906034043774495,1110,1268,American Univ,Maryland,1502.423605164438,1726.6530079386407,16,4
2025_1110_1272,0.39953844050148135,1110,1272,American Univ,Memphis,1502.423605164438,1804.101743662243,16,5
2025_1110_1281,0.4204572525078897,1110,1281,American Univ,Missouri,1502.423605164438,1628.84846306522,16,6
2025_1110_1242,0.44323995157810403,1110,1242,American Univ,Kansas,1502.423605164438,1739.9945270353192,16,7
2025_1110_1163,0.46640869516739525,1110,1163,American Univ,Connecticut,1502.423605164438,1817.094753861221,16,8
2025_1110_1328,0.46678221866148495,1110,1328,American Univ,Oklahoma,1502.423605164438,1646.8371922255365,16,9
2025_1110_1116,0.4784930573041878,1110,1116,American Univ,Arkansas,1502.423605164438,1652.2945168596477,16,10
2025_1110_1179,0.5081167011179899,1110,1179,American Univ,Drake,1502.423605164438,1808.4056906385888,16,11
2025_1110_1161,0.5378220878106187,1110,1161,American Univ,Colorado St,1502.423605164438,1755.9333491972916,16,12
2025_1110_1213,0.5460972702516977,1110,1213,American Univ,Grand Canyon,1502.423605164438,1713.3482612768519,16,13
2025_1110_1423,0.5705125411771073,1110,1423,American Univ,UNC Wilmington,1502.423605164438,1675.3212165451996,16,14
2025_1110_1303,0.5860655352607461,1110,1303,American Univ,NE Omaha,1502.423605164438,1542.0616280843851,16,15
2025_1110_1313,0.5941085427999492,1110,1313,American Univ,Norfolk St,1502.423605164438,1575.9738168627744,16,16
2025_1222_1291,0.30963033658539174,1291,1222,Mt St Mary's,Houston,1537.4161568127138,1950.0503392666685,16,1
2025_1291_1397,0.3374663165328105,1291,1397,Mt St Mary's,Tennessee,1537.4161568127138,1867.760513953852,16,2
2025_1246_1291,0.359357309553716,1291,1246,Mt St Mary's,Kentucky,1537.4161568127138,1760.5286669648633,16,3
2025_1291_1345,0.37981797507748494,1291,1345,Mt St Mary's,Purdue,1537.4161568127138,1790.5049240062785,16,4
2025_1155_1291,0.4005279074070752,1291,1155,Mt St Mary's,Clemson,1537.4161568127138,1790.9989825246012,16,5
2025_1228_1291,0.4241705920750741,1291,1228,Mt St Mary's,Illinois,1537.4161568127138,1738.895513846784,16,6
2025_1291_1417,0.436823571172678,1291,1417,Mt St Mary's,UCLA,1537.4161568127138,1696.9351080410813,16,7
2025_1211_1291,0.4689497603834597,1291,1211,Mt St Mary's,Gonzaga,1537.4161568127138,1820.080652363969,16,8
2025_1208_1291,0.46680978580969357,1291,1208,Mt St Mary's,Georgia,1537.4161568127138,1650.6716433038202,16,9
2025_1291_1429,0.48103850346164323,1291,1429,Mt St Mary's,Utah St,1537.4161568127138,1755.1191777265424,16,10
2025_1291_1400,0.505140134564874,1291,1400,Mt St Mary's,Texas,1537.4161568127138,1656.2985376911856,16,11
2025_1291_1462,0.5104684917845701,1291,1462,Mt St Mary's,Xavier,1537.4161568127138,1676.4993612446326,16,11
2025_1270_1291,0.5197267584067414,1291,1270,Mt St Mary's,McNeese St,1537.4161568127138,1682.4785209993051,16,12
2025_1219_1291,0.5366867697252695,1291,1219,Mt St Mary's,High Point,1537.4161568127138,1684.9999559720443,16,13
2025_1291_1407,0.5623395224831833,1291,1407,Mt St Mary's,Troy,1537.4161568127138,1616.834853879259,16,14
2025_1291_1459,0.5584777787461969,1291,1459,Mt St Mary's,Wofford,1537.4161568127138,1537.341782572588,16,15
2025_1188_1291,0.49584083855152083,1291,1188,Mt St Mary's,SIUE,1537.4161568127138,1490.7257513541058,16,16
2025_1120_1291,0.31279346567665456,1291,1120,Mt St Mary's,Auburn,1537.4161568127138,1900.3128728934946,16,1
2025_1277_1291,0.3392898610350688,1291,1277,Mt St Mary's,Michigan St,1537.4161568127138,1816.332058092468,16,2
2025_1235_1291,0.3611837448812459,1291,1235,Mt St Mary's,Iowa St,1537.4161568127138,1779.4875897181623,16,3
2025_1291_1401,0.37821621945843586,1291,1401,Mt St Mary's,Texas A&M,1537.4161568127138,1735.8270446534461,16,4
2025_1276_1291,0.40557654002884036,1291,1276,Mt St Mary's,Michigan,1537.4161568127138,1729.3958457974386,16,5
2025_1279_1291,0.42425722742625516,1291,1279,Mt St Mary's,Mississippi,1537.4161568127138,1697.0550380157622,16,6
2025_1266_1291,0.4438130800399418,1291,1266,Mt St Mary's,Marquette,1537.4161568127138,1765.2488940225403,16,7
2025_1257_1291,0.4701861991346804,1291,1257,Mt St Mary's,Louisville,1537.4161568127138,1713.5881285897335,16,8
2025_1166_1291,0.48219094320791744,1291,1166,Mt St Mary's,Creighton,1537.4161568127138,1761.4870757227866,16,9
2025_1291_1307,0.5023986027772865,1291,1307,Mt St Mary's,New Mexico,1537.4161568127138,1737.3401376920212,16,10
2025_1291_1314,0.5208298652091001,1291,1314,Mt St Mary's,North Carolina,1537.4161568127138,1732.0718376880195,16,11
2025_1291_1361,0.49122127281808603,1291,1361,Mt St Mary's,San Diego St,1537.4161568127138,1718.632552659536,16,11
2025_1291_1471,0.5218249462109635,1291,1471,Mt St Mary's,UC San Diego,1537.4161568127138,1732.0857083956137,16,12
2025_1291_1463,0.5343707716478769,1291,1463,Mt St Mary's,Yale,1537.4161568127138,1717.2452238126552,16,13
2025_1252_1291,0.5617277106068863,1291,1252,Mt St Mary's,Lipscomb,1537.4161568127138,1608.2148408183402,16,14
2025_1136_1291,0.5925422951713296,1291,1136,Mt St Mary's,Bryant,1537.4161568127138,1595.5930025243601,16,15
2025_1106_1291,0.6026904344558711,1291,1106,Mt St Mary's,Alabama St,1537.4161568127138,1445.3194949173894,16,16
2025_1291_1384,0.5981536418199535,1291,1384,Mt St Mary's,St Francis PA,1537.4161568127138,1392.3343840415646,16,16
2025_1196_1291,0.31322270852600453,1291,1196,Mt St Mary's,Florida,1537.4161568127138,1887.3965401334451,16,1
2025_1291_1385,0.33971818001242476,1291,1385,Mt St Mary's,St John's,1537.4161568127138,1843.627898958888,16,2
2025_1291_1403,0.3600741448141072,1291,1403,Mt St Mary's,Texas Tech,1537.4161568127138,1768.8852797354511,16,3
2025_1268_1291,0.38172776750073323,1291,1268,Mt St Mary's,Maryland,1537.4161568127138,1726.6530079386407,16,4
2025_1272_1291,0.40123073557594424,1291,1272,Mt St Mary's,Memphis,1537.4161568127138,1804.101743662243,16,5
2025_1281_1291,0.42613694930621426,1291,1281,Mt St Mary's,Missouri,1537.4161568127138,1628.84846306522,16,6
2025_1242_1291,0.4406128470573063,1291,1242,Mt St Mary's,Kansas,1537.4161568127138,1739.9945270353192,16,7
2025_1163_1291,0.46091478604683556,1291,1163,Mt St Mary's,Connecticut,1537.4161568127138,1817.094753861221,16,8
2025_1291_1328,0.46885833784597897,1291,1328,Mt St Mary's,Oklahoma,1537.4161568127138,1646.8371922255365,16,9
2025_1116_1291,0.48189290624217607,1291,1116,Mt St Mary's,Arkansas,1537.4161568127138,1652.2945168596477,16,10
2025_1179_1291,0.502370336524484,1291,1179,Mt St Mary's,Drake,1537.4161568127138,1808.4056906385888,16,11
2025_1161_1291,0.5244893334370683,1291,1161,Mt St Mary's,Colorado St,1537.4161568127138,1755.9333491972916,16,12
2025_1213_1291,0.5483851647390787,1291,1213,Mt St Mary's,Grand Canyon,1537.4161568127138,1713.3482612768519,16,13
2025_1291_1423,0.5605615755341782,1291,1423,Mt St Mary's,UNC Wilmington,1537.4161568127138,1675.3212165451996,16,14
2025_1291_1303,0.5707324937120172,1291,1303,Mt St Mary's,NE Omaha,1537.4161568127138,1542.0616280843851,16,15
2025_1291_1313,0.5856985360383983,1291,1313,Mt St Mary's,Norfolk St,1537.4161568127138,1575.9738168627744,16,16
2025_1222_1397,0.5400949641927977,1222,1397,Houston,Tennessee,1950.0503392666685,1867.760513953852,1,2
2025_1222_1246,0.6228213647581794,1222,1246,Houston,Kentucky,1950.0503392666685,1760.5286669648633,1,3
2025_1222_1345,0.6133675181851911,1222,1345,Houston,Purdue,1950.0503392666685,1790.5049240062785,1,4
2025_1155_1222,0.691925577117817,1222,1155,Houston,Clemson,1950.0503392666685,1790.9989825246012,1,5
2025_1222_1228,0.7301501662812251,1222,1228,Houston,Illinois,1950.0503392666685,1738.895513846784,1,6
2025_1222_1417,0.7515493525926622,1222,1417,Houston,UCLA,1950.0503392666685,1696.9351080410813,1,7
2025_1211_1222,0.7441186364029068,1222,1211,Houston,Gonzaga,1950.0503392666685,1820.080652363969,1,8
2025_1208_1222,0.7968358264504941,1222,1208,Houston,Georgia,1950.0503392666685,1650.6716433038202,1,9
2025_1222_1429,0.8160832400646574,1222,1429,Houston,Utah St,1950.0503392666685,1755.1191777265424,1,10
2025_1222_1400,0.8480296764319301,1222,1400,Houston,Texas,1950.0503392666685,1656.2985376911856,1,11
2025_1222_1462,0.8476435575430751,1222,1462,Houston,Xavier,1950.0503392666685,1676.4993612446326,1,11
2025_1222_1270,0.8704902221800989,1222,1270,Houston,McNeese St,1950.0503392666685,1682.4785209993051,1,12
2025_1219_1222,0.8909340793754122,1222,1219,Houston,High Point,1950.0503392666685,1684.9999559720443,1,13
2025_1222_1407,0.9147369263433496,1222,1407,Houston,Troy,1950.0503392666685,1616.834853879259,1,14
2025_1222_1459,0.9390409538033422,1222,1459,Houston,Wofford,1950.0503392666685,1537.341782572588,1,15
2025_1188_1222,0.9643797077509293,1222,1188,Houston,SIUE,1950.0503392666685,1490.7257513541058,1,16
2025_1120_1222,0.47059114128351165,1222,1120,Houston,Auburn,1950.0503392666685,1900.3128728934946,1,1
2025_1222_1277,0.6413101330265303,1222,1277,Houston,Michigan St,1950.0503392666685,1816.332058092468,1,2
2025_1222_1235,0.6148847082831123,1222,1235,Houston,Iowa St,1950.0503392666685,1779.4875897181623,1,3
2025_1222_1401,0.6795002424703168,1222,1401,Houston,Texas A&M,1950.0503392666685,1735.8270446534461,1,4
2025_1222_1276,0.7154892899531289,1222,1276,Houston,Michigan,1950.0503392666685,1729.3958457974386,1,5
2025_1222_1279,0.7336678834042567,1222,1279,Houston,Mississippi,1950.0503392666685,1697.0550380157622,1,6
2025_1222_1266,0.7277130677167924,1222,1266,Houston,Marquette,1950.0503392666685,1765.2488940225403,1,7
2025_1222_1257,0.7803264017437118,1222,1257,Houston,Louisville,1950.0503392666685,1713.5881285897335,1,8
2025_1166_1222,0.799476550632623,1222,1166,Houston,Creighton,1950.0503392666685,1761.4870757227866,1,9
2025_1222_1307,0.8230281944599516,1222,1307,Houston,New Mexico,1950.0503392666685,1737.3401376920212,1,10
2025_1222_1314,0.8415527675097346,1222,1314,Houston,North Carolina,1950.0503392666685,1732.0718376880195,1,11
2025_1222_1361,0.8449331555312037,1222,1361,Houston,San Diego St,1950.0503392666685,1718.632552659536,1,11
2025_1222_1471,0.8687488426806634,1222,1471,Houston,UC San Diego,1950.0503392666685,1732.0857083956137,1,12
2025_1222_1463,0.8912458414699099,1222,1463,Houston,Yale,1950.0503392666685,1717.2452238126552,1,13
2025_1222_1252,0.9152037797235528,1222,1252,Houston,Lipscomb,1950.0503392666685,1608.2148408183402,1,14
2025_1136_1222,0.9403479942562993,1222,1136,Houston,Bryant,1950.0503392666685,1595.5930025243601,1,15
2025_1106_1222,0.9642159737917313,1222,1106,Houston,Alabama St,1950.0503392666685,1445.3194949173894,1,16
2025_1222_1384,0.9642837740751633,1222,1384,Houston,St Francis PA,1950.0503392666685,1392.3343840415646,1,16
2025_1196_1222,0.4265488594770427,1222,1196,Houston,Florida,1950.0503392666685,1887.3965401334451,1,1
2025_1222_1385,0.6267020180687208,1222,1385,Houston,St John's,1950.0503392666685,1843.627898958888,1,2
2025_1222_1403,0.6604380050875404,1222,1403,Houston,Texas Tech,1950.0503392666685,1768.8852797354511,1,3
2025_1222_1268,0.6906145417676496,1222,1268,Houston,Maryland,1950.0503392666685,1726.6530079386407,1,4
2025_1222_1272,0.7167508818644448,1222,1272,Houston,Memphis,1950.0503392666685,1804.101743662243,1,5
2025_1222_1281,0.7312460572800654,1222,1281,Houston,Missouri,1950.0503392666685,1628.84846306522,1,6
2025_1222_1242,0.7341930462781938,1222,1242,Houston,Kansas,1950.0503392666685,1739.9945270353192,1,7
2025_1163_1222,0.7716766949031967,1222,1163,Houston,Connecticut,1950.0503392666685,1817.094753861221,1,8
2025_1222_1328,0.8036039934693845,1222,1328,Houston,Oklahoma,1950.0503392666685,1646.8371922255365,1,9
2025_1116_1222,0.824479001316107,1222,1116,Houston,Arkansas,1950.0503392666685,1652.2945168596477,1,10
2025_1179_1222,0.8452916178648829,1222,1179,Houston,Drake,1950.0503392666685,1808.4056906385888,1,11
2025_1161_1222,0.8700398792864984,1222,1161,Houston,Colorado St,1950.0503392666685,1755.9333491972916,1,12
2025_1213_1222,0.8919577891494296,1222,1213,Houston,Grand Canyon,1950.0503392666685,1713.3482612768519,1,13
2025_1222_1423,0.9165239928030053,1222,1423,Houston,UNC Wilmington,1950.0503392666685,1675.3212165451996,1,14
2025_1222_1303,0.9399186619999822,1222,1303,Houston,NE Omaha,1950.0503392666685,1542.0616280843851,1,15
2025_1222_1313,0.9640020527216324,1222,1313,Houston,Norfolk St,1950.0503392666685,1575.9738168627744,1,16
2025_1246_1397,0.6410974338516493,1397,1246,Tennessee,Kentucky,1867.760513953852,1760.5286669648633,2,3
2025_1345_1397,0.6458556691385963,1397,1345,Tennessee,Purdue,1867.760513953852,1790.5049240062785,2,4
2025_1155_1397,0.6837352418885755,1397,1155,Tennessee,Clemson,1867.760513953852,1790.9989825246012,2,5
2025_1228_1397,0.7158186056155129,1397,1228,Tennessee,Illinois,1867.760513953852,1738.895513846784,2,6
2025_1397_1417,0.732334199675085,1397,1417,Tennessee,UCLA,1867.760513953852,1696.9351080410813,2,7
2025_1211_1397,0.7406035854284319,1397,1211,Tennessee,Gonzaga,1867.760513953852,1820.080652363969,2,8
2025_1208_1397,0.7815561945770401,1397,1208,Tennessee,Georgia,1867.760513953852,1650.6716433038202,2,9
2025_1397_1429,0.7981997595368894,1397,1429,Tennessee,Utah St,1867.760513953852,1755.1191777265424,2,10
2025_1397_1400,0.8273880060043699,1397,1400,Tennessee,Texas,1867.760513953852,1656.2985376911856,2,11
2025_1397_1462,0.8275517697658903,1397,1462,Tennessee,Xavier,1867.760513953852,1676.4993612446326,2,11
2025_1270_1397,0.8472425374930262,1397,1270,Tennessee,McNeese St,1867.760513953852,1682.4785209993051,2,12
2025_1219_1397,0.8683353354575342,1397,1219,Tennessee,High Point,1867.760513953852,1684.9999559720443,2,13
2025_1397_1407,0.8929661209250949,1397,1407,Tennessee,Troy,1867.760513953852,1616.834853879259,2,14
2025_1397_1459,0.9154522118829767,1397,1459,Tennessee,Wofford,1867.760513953852,1537.341782572588,2,15
2025_1188_1397,0.9402108141663488,1397,1188,Tennessee,SIUE,1867.760513953852,1490.7257513541058,2,16
2025_1120_1397,0.5229504898324701,1397,1120,Tennessee,Auburn,1867.760513953852,1900.3128728934946,2,1
2025_1277_1397,0.6242108106613155,1397,1277,Tennessee,Michigan St,1867.760513953852,1816.332058092468,2,2
2025_1235_1397,0.631760723875453,1397,1235,Tennessee,Iowa St,1867.760513953852,1779.4875897181623,2,3
2025_1397_1401,0.6748628357626655,1397,1401,Tennessee,Texas A&M,1867.760513953852,1735.8270446534461,2,4
2025_1276_1397,0.7009596133218335,1397,1276,Tennessee,Michigan,1867.760513953852,1729.3958457974386,2,5
2025_1279_1397,0.7171634056109353,1397,1279,Tennessee,Mississippi,1867.760513953852,1697.0550380157622,2,6
2025_1266_1397,0.734698358305456,1397,1266,Tennessee,Marquette,1867.760513953852,1765.2488940225403,2,7
2025_1257_1397,0.758808602279857,1397,1257,Tennessee,Louisville,1867.760513953852,1713.5881285897335,2,8
2025_1166_1397,0.7812121565673965,1397,1166,Tennessee,Creighton,1867.760513953852,1761.4870757227866,2,9
2025_1307_1397,0.8042631016313108,1397,1307,Tennessee,New Mexico,1867.760513953852,1737.3401376920212,2,10
2025_1314_1397,0.8227051074829466,1397,1314,Tennessee,North Carolina,1867.760513953852,1732.0718376880195,2,11
2025_1361_1397,0.8254377718296415,1397,1361,Tennessee,San Diego St,1867.760513953852,1718.632552659536,2,11
2025_1397_1471,0.844037863964355,1397,1471,Tennessee,UC San Diego,1867.760513953852,1732.0857083956137,2,12
2025_1397_1463,0.8680631508471673,1397,1463,Tennessee,Yale,1867.760513953852,1717.2452238126552,2,13
2025_1252_1397,0.8919349307681582,1397,1252,Tennessee,Lipscomb,1867.760513953852,1608.2148408183402,2,14
2025_1136_1397,0.9169346688055078,1397,1136,Tennessee,Bryant,1867.760513953852,1595.5930025243601,2,15
2025_1106_1397,0.9396757432702001,1397,1106,Tennessee,Alabama St,1867.760513953852,1445.3194949173894,2,16
2025_1384_1397,0.9402972409012731,1397,1384,Tennessee,St Francis PA,1867.760513953852,1392.3343840415646,2,16
2025_1196_1397,0.5047320172324868,1397,1196,Tennessee,Florida,1867.760513953852,1887.3965401334451,2,1
2025_1385_1397,0.6179345011711116,1397,1385,Tennessee,St John's,1867.760513953852,1843.627898958888,2,2
2025_1397_1403,0.6369584575161238,1397,1403,Tennessee,Texas Tech,1867.760513953852,1768.8852797354511,2,3
2025_1268_1397,0.672315541861222,1397,1268,Tennessee,Maryland,1867.760513953852,1726.6530079386407,2,4
2025_1272_1397,0.6986747288690137,1397,1272,Tennessee,Memphis,1867.760513953852,1804.101743662243,2,5
2025_1281_1397,0.7093389548796578,1397,1281,Tennessee,Missouri,1867.760513953852,1628.84846306522,2,6
2025_1242_1397,0.7377627523026484,1397,1242,Tennessee,Kansas,1867.760513953852,1739.9945270353192,2,7
2025_1163_1397,0.7490012242261919,1397,1163,Tennessee,Connecticut,1867.760513953852,1817.094753861221,2,8
2025_1328_1397,0.7842551822994369,1397,1328,Tennessee,Oklahoma,1867.760513953852,1646.8371922255365,2,9
2025_1116_1397,0.8061477408944638,1397,1116,Tennessee,Arkansas,1867.760513953852,1652.2945168596477,2,10
2025_1179_1397,0.8197418327656156,1397,1179,Tennessee,Drake,1867.760513953852,1808.4056906385888,2,11
2025_1161_1397,0.8476788434927821,1397,1161,Tennessee,Colorado St,1867.760513953852,1755.9333491972916,2,12
2025_1213_1397,0.8715974082591241,1397,1213,Tennessee,Grand Canyon,1867.760513953852,1713.3482612768519,2,13
2025_1397_1423,0.8933566505576632,1397,1423,Tennessee,UNC Wilmington,1867.760513953852,1675.3212165451996,2,14
2025_1303_1397,0.9166977403425256,1397,1303,Tennessee,NE Omaha,1867.760513953852,1542.0616280843851,2,15
2025_1313_1397,0.9402978965523656,1397,1313,Tennessee,Norfolk St,1867.760513953852,1575.9738168627744,2,16
2025_1246_1345,0.49322137980311104,1246,1345,Kentucky,Purdue,1760.5286669648633,1790.5049240062785,3,4
2025_1155_1246,0.6176348665930488,1246,1155,Kentucky,Clemson,1760.5286669648633,1790.9989825246012,3,5
2025_1228_1246,0.6655908429608869,1246,1228,Kentucky,Illinois,1760.5286669648633,1738.895513846784,3,6
2025_1246_1417,0.7034268893736764,1246,1417,Kentucky,UCLA,1760.5286669648633,1696.9351080410813,3,7
2025_1211_1246,0.6375164271674174,1246,1211,Kentucky,Gonzaga,1760.5286669648633,1820.080652363969,3,8
2025_1208_1246,0.7549711956445726,1246,1208,Kentucky,Georgia,1760.5286669648633,1650.6716433038202,3,9
2025_1246_1429,0.7630358691547531,1246,1429,Kentucky,Utah St,1760.5286669648633,1755.1191777265424,3,10
2025_1246_1400,0.8055712447701963,1246,1400,Kentucky,Texas,1760.5286669648633,1656.2985376911856,3,11
2025_1246_1462,0.8066237733899625,1246,1462,Kentucky,Xavier,1760.5286669648633,1676.4993612446326,3,11
2025_1246_1270,0.8208730395164854,1246,1270,Kentucky,McNeese St,1760.5286669648633,1682.4785209993051,3,12
2025_1219_1246,0.8383551571314692,1246,1219,Kentucky,High Point,1760.5286669648633,1684.9999559720443,3,13
2025_1246_1407,0.8678888668658441,1246,1407,Kentucky,Troy,1760.5286669648633,1616.834853879259,3,14
2025_1246_1459,0.8905414933825991,1246,1459,Kentucky,Wofford,1760.5286669648633,1537.341782572588,3,15
2025_1188_1246,0.9146538672708551,1246,1188,Kentucky,SIUE,1760.5286669648633,1490.7257513541058,3,16
2025_1120_1246,0.5393399527095093,1246,1120,Kentucky,Auburn,1760.5286669648633,1900.3128728934946,3,1
2025_1246_1277,0.5756306097045633,1246,1277,Kentucky,Michigan St,1760.5286669648633,1816.332058092468,3,2
2025_1235_1246,0.4582781627774234,1246,1235,Kentucky,Iowa St,1760.5286669648633,1779.4875897181623,3,3
2025_1246_1401,0.578466035412242,1246,1401,Kentucky,Texas A&M,1760.5286669648633,1735.8270446534461,3,4
2025_1246_1276,0.6532006601073005,1246,1276,Kentucky,Michigan,1760.5286669648633,1729.3958457974386,3,5
2025_1246_1279,0.683970352409892,1246,1279,Kentucky,Mississippi,1760.5286669648633,1697.0550380157622,3,6
2025_1246_1266,0.6292894103068276,1246,1266,Kentucky,Marquette,1760.5286669648633,1765.2488940225403,3,7
2025_1246_1257,0.7188420028767604,1246,1257,Kentucky,Louisville,1760.5286669648633,1713.5881285897335,3,8
2025_1166_1246,0.7546337141458543,1246,1166,Kentucky,Creighton,1760.5286669648633,1761.4870757227866,3,9
2025_1246_1307,0.7790163214538711,1246,1307,Kentucky,New Mexico,1760.5286669648633,1737.3401376920212,3,10
2025_1246_1314,0.7978118227063687,1246,1314,Kentucky,North Carolina,1760.5286669648633,1732.0718376880195,3,11
2025_1246_1361,0.7996000514565976,1246,1361,Kentucky,San Diego St,1760.5286669648633,1718.632552659536,3,11
2025_1246_1471,0.8194084341850645,1246,1471,Kentucky,UC San Diego,1760.5286669648633,1732.0857083956137,3,12
2025_1246_1463,0.8367689583247065,1246,1463,Kentucky,Yale,1760.5286669648633,1717.2452238126552,3,13
2025_1246_1252,0.8689031591059869,1246,1252,Kentucky,Lipscomb,1760.5286669648633,1608.2148408183402,3,14
2025_1136_1246,0.8909783954288027,1246,1136,Kentucky,Bryant,1760.5286669648633,1595.5930025243601,3,15
2025_1106_1246,0.9148031769060174,1246,1106,Kentucky,Alabama St,1760.5286669648633,1445.3194949173894,3,16
2025_1246_1384,0.917192280080227,1246,1384,Kentucky,St Francis PA,1760.5286669648633,1392.3343840415646,3,16
2025_1196_1246,0.549305029752089,1246,1196,Kentucky,Florida,1760.5286669648633,1887.3965401334451,3,1
2025_1246_1385,0.5649319782987329,1246,1385,Kentucky,St John's,1760.5286669648633,1843.627898958888,3,2
2025_1246_1403,0.536729177832603,1246,1403,Kentucky,Texas Tech,1760.5286669648633,1768.8852797354511,3,3
2025_1246_1268,0.5018009170755644,1246,1268,Kentucky,Maryland,1760.5286669648633,1726.6530079386407,3,4
2025_1246_1272,0.6544407347418525,1246,1272,Kentucky,Memphis,1760.5286669648633,1804.101743662243,3,5
2025_1246_1281,0.66670524120193,1246,1281,Kentucky,Missouri,1760.5286669648633,1628.84846306522,3,6
2025_1242_1246,0.6087669499653741,1246,1242,Kentucky,Kansas,1760.5286669648633,1739.9945270353192,3,7
2025_1163_1246,0.6926882000050563,1246,1163,Kentucky,Connecticut,1760.5286669648633,1817.094753861221,3,8
2025_1246_1328,0.7618348195020708,1246,1328,Kentucky,Oklahoma,1760.5286669648633,1646.8371922255365,3,9
2025_1116_1246,0.7827298100326675,1246,1116,Kentucky,Arkansas,1760.5286669648633,1652.2945168596477,3,10
2025_1179_1246,0.7693479524194272,1246,1179,Kentucky,Drake,1760.5286669648633,1808.4056906385888,3,11
2025_1161_1246,0.8230796332683927,1246,1161,Kentucky,Colorado St,1760.5286669648633,1755.9333491972916,3,12
2025_1213_1246,0.8395410511439204,1246,1213,Kentucky,Grand Canyon,1760.5286669648633,1713.3482612768519,3,13
2025_1246_1423,0.8687603165747827,1246,1423,Kentucky,UNC Wilmington,1760.5286669648633,1675.3212165451996,3,14
2025_1246_1303,0.8929257983829043,1246,1303,Kentucky,NE Omaha,1760.5286669648633,1542.0616280843851,3,15
2025_1246_1313,0.9145290849470178,1246,1313,Kentucky,Norfolk St,1760.5286669648633,1575.9738168627744,3,16
2025_1155_1345,0.4951273277267713,1345,1155,Purdue,Clemson,1790.5049240062785,1790.9989825246012,4,5
2025_1228_1345,0.6644629577376105,1345,1228,Purdue,Illinois,1790.5049240062785,1738.895513846784,4,6
2025_1345_1417,0.6818131113038587,1345,1417,Purdue,UCLA,1790.5049240062785,1696.9351080410813,4,7
2025_1211_1345,0.6066389449376031,1345,1211,Purdue,Gonzaga,1790.5049240062785,1820.080652363969,4,8
2025_1208_1345,0.7361230881295222,1345,1208,Purdue,Georgia,1790.5049240062785,1650.6716433038202,4,9
2025_1345_1429,0.7451144649450334,1345,1429,Purdue,Utah St,1790.5049240062785,1755.1191777265424,4,10
2025_1345_1400,0.7854175622795242,1345,1400,Purdue,Texas,1790.5049240062785,1656.2985376911856,4,11
2025_1345_1462,0.7850715871189254,1345,1462,Purdue,Xavier,1790.5049240062785,1676.4993612446326,4,11
2025_1270_1345,0.8011163042127164,1345,1270,Purdue,McNeese St,1790.5049240062785,1682.4785209993051,4,12
2025_1219_1345,0.8211628671017057,1345,1219,Purdue,High Point,1790.5049240062785,1684.9999559720443,4,13
2025_1345_1407,0.8464285764639735,1345,1407,Purdue,Troy,1790.5049240062785,1616.834853879259,4,14
2025_1345_1459,0.8688863207938379,1345,1459,Purdue,Wofford,1790.5049240062785,1537.341782572588,4,15
2025_1188_1345,0.8927499050761721,1345,1188,Purdue,SIUE,1790.5049240062785,1490.7257513541058,4,16
2025_1120_1345,0.5544839417948191,1345,1120,Purdue,Auburn,1790.5049240062785,1900.3128728934946,4,1
2025_1277_1345,0.4305546512625946,1345,1277,Purdue,Michigan St,1790.5049240062785,1816.332058092468,4,2
2025_1235_1345,0.46997857542187893,1345,1235,Purdue,Iowa St,1790.5049240062785,1779.4875897181623,4,3
2025_1345_1401,0.5919143170118327,1345,1401,Purdue,Texas A&M,1790.5049240062785,1735.8270446534461,4,4
2025_1276_1345,0.6345168724521895,1345,1276,Purdue,Michigan,1790.5049240062785,1729.3958457974386,4,5
2025_1279_1345,0.6694729367472388,1345,1279,Purdue,Mississippi,1790.5049240062785,1697.0550380157622,4,6
2025_1266_1345,0.6713628971562909,1345,1266,Purdue,Marquette,1790.5049240062785,1765.2488940225403,4,7
2025_1257_1345,0.6460911997097893,1345,1257,Purdue,Louisville,1790.5049240062785,1713.5881285897335,4,8
2025_1166_1345,0.7361671359620112,1345,1166,Purdue,Creighton,1790.5049240062785,1761.4870757227866,4,9
2025_1307_1345,0.7588495506708177,1345,1307,Purdue,New Mexico,1790.5049240062785,1737.3401376920212,4,10
2025_1314_1345,0.7793223913047927,1345,1314,Purdue,North Carolina,1790.5049240062785,1732.0718376880195,4,11
2025_1345_1361,0.7795054967735427,1345,1361,Purdue,San Diego St,1790.5049240062785,1718.632552659536,4,11
2025_1345_1471,0.7981365488111051,1345,1471,Purdue,UC San Diego,1790.5049240062785,1732.0857083956137,4,12
2025_1345_1463,0.8227108891334898,1345,1463,Purdue,Yale,1790.5049240062785,1717.2452238126552,4,13
2025_1252_1345,0.8470201823656917,1345,1252,Purdue,Lipscomb,1790.5049240062785,1608.2148408183402,4,14
2025_1136_1345,0.8703269352557367,1345,1136,Purdue,Bryant,1790.5049240062785,1595.5930025243601,4,15
2025_1106_1345,0.8929735417033694,1345,1106,Purdue,Alabama St,1790.5049240062785,1445.3194949173894,4,16
2025_1345_1384,0.8940994138385318,1345,1384,Purdue,St Francis PA,1790.5049240062785,1392.3343840415646,4,16
2025_1196_1345,0.5538776731504862,1345,1196,Purdue,Florida,1790.5049240062785,1887.3965401334451,4,1
2025_1345_1385,0.4311405872724785,1345,1385,Purdue,St John's,1790.5049240062785,1843.627898958888,4,2
2025_1345_1403,0.43509405554682934,1345,1403,Purdue,Texas Tech,1790.5049240062785,1768.8852797354511,4,3
2025_1268_1345,0.4593569472432132,1345,1268,Purdue,Maryland,1790.5049240062785,1726.6530079386407,4,4
2025_1272_1345,0.6476606502994795,1345,1272,Purdue,Memphis,1790.5049240062785,1804.101743662243,4,5
2025_1281_1345,0.6541872659899451,1345,1281,Purdue,Missouri,1790.5049240062785,1628.84846306522,4,6
2025_1242_1345,0.6643400096879529,1345,1242,Purdue,Kansas,1790.5049240062785,1739.9945270353192,4,7
2025_1163_1345,0.691853932334797,1345,1163,Purdue,Connecticut,1790.5049240062785,1817.094753861221,4,8
2025_1328_1345,0.7428717048249263,1345,1328,Purdue,Oklahoma,1790.5049240062785,1646.8371922255365,4,9
2025_1116_1345,0.7629378630582841,1345,1116,Purdue,Arkansas,1790.5049240062785,1652.2945168596477,4,10
2025_1179_1345,0.7698354776237625,1345,1179,Purdue,Drake,1790.5049240062785,1808.4056906385888,4,11
2025_1161_1345,0.8014307187139066,1345,1161,Purdue,Colorado St,1790.5049240062785,1755.9333491972916,4,12
2025_1213_1345,0.8250639314976103,1345,1213,Purdue,Grand Canyon,1790.5049240062785,1713.3482612768519,4,13
2025_1345_1423,0.8470105562155604,1345,1423,Purdue,UNC Wilmington,1790.5049240062785,1675.3212165451996,4,14
2025_1303_1345,0.8717919876219934,1345,1303,Purdue,NE Omaha,1790.5049240062785,1542.0616280843851,4,15
2025_1313_1345,0.8924689585830233,1345,1313,Purdue,Norfolk St,1790.5049240062785,1575.9738168627744,4,16
2025_1155_1228,0.4998762979969282,1155,1228,Clemson,Illinois,1790.9989825246012,1738.895513846784,5,6
2025_1155_1417,0.6319954136587836,1155,1417,Clemson,UCLA,1790.9989825246012,1696.9351080410813,5,7
2025_1155_1211,0.5596648061261701,1155,1211,Clemson,Gonzaga,1790.9989825246012,1820.080652363969,5,8
2025_1155_1208,0.7161383547324105,1155,1208,Clemson,Georgia,1790.9989825246012,1650.6716433038202,5,9
2025_1155_1429,0.7193827362141627,1155,1429,Clemson,Utah St,1790.9989825246012,1755.1191777265424,5,10
2025_1155_1400,0.7656280590955766,1155,1400,Clemson,Texas,1790.9989825246012,1656.2985376911856,5,11
2025_1155_1462,0.7655378176633867,1155,1462,Clemson,Xavier,1790.9989825246012,1676.4993612446326,5,11
2025_1155_1270,0.7839994783733505,1155,1270,Clemson,McNeese St,1790.9989825246012,1682.4785209993051,5,12
2025_1155_1219,0.8045361207067044,1155,1219,Clemson,High Point,1790.9989825246012,1684.9999559720443,5,13
2025_1155_1407,0.8264567728367216,1155,1407,Clemson,Troy,1790.9989825246012,1616.834853879259,5,14
2025_1155_1459,0.848930898660934,1155,1459,Clemson,Wofford,1790.9989825246012,1537.341782572588,5,15
2025_1155_1188,0.8726615001799768,1155,1188,Clemson,SIUE,1790.9989825246012,1490.7257513541058,5,16
2025_1120_1155,0.5365137658577989,1155,1120,Clemson,Auburn,1790.9989825246012,1900.3128728934946,5,1
2025_1155_1277,0.5552201783670847,1155,1277,Clemson,Michigan St,1790.9989825246012,1816.332058092468,5,2
2025_1155_1235,0.48196243548615114,1155,1235,Clemson,Iowa St,1790.9989825246012,1779.4875897181623,5,3
2025_1155_1401,0.4441048100724908,1155,1401,Clemson,Texas A&M,1790.9989825246012,1735.8270446534461,5,4
2025_1155_1276,0.5519547522068019,1155,1276,Clemson,Michigan,1790.9989825246012,1729.3958457974386,5,5
2025_1155_1279,0.6075799837574263,1155,1279,Clemson,Mississippi,1790.9989825246012,1697.0550380157622,5,6
2025_1155_1266,0.5527479687906959,1155,1266,Clemson,Marquette,1790.9989825246012,1765.2488940225403,5,7
2025_1155_1257,0.6678214871869611,1155,1257,Clemson,Louisville,1790.9989825246012,1713.5881285897335,5,8
2025_1155_1166,0.7086286463278695,1155,1166,Clemson,Creighton,1790.9989825246012,1761.4870757227866,5,9
2025_1155_1307,0.7416286499581355,1155,1307,Clemson,New Mexico,1790.9989825246012,1737.3401376920212,5,10
2025_1155_1314,0.760802467054561,1155,1314,Clemson,North Carolina,1790.9989825246012,1732.0718376880195,5,11
2025_1155_1361,0.7614439024393114,1155,1361,Clemson,San Diego St,1790.9989825246012,1718.632552659536,5,11
2025_1155_1471,0.7801270242069381,1155,1471,Clemson,UC San Diego,1790.9989825246012,1732.0857083956137,5,12
2025_1155_1463,0.8033362792073758,1155,1463,Clemson,Yale,1790.9989825246012,1717.2452238126552,5,13
2025_1155_1252,0.8263846810188658,1155,1252,Clemson,Lipscomb,1790.9989825246012,1608.2148408183402,5,14
2025_1136_1155,0.8498600754683375,1155,1136,Clemson,Bryant,1790.9989825246012,1595.5930025243601,5,15
2025_1106_1155,0.8724265088679498,1155,1106,Clemson,Alabama St,1790.9989825246012,1445.3194949173894,5,16
2025_1155_1384,0.8726132502200311,1155,1384,Clemson,St Francis PA,1790.9989825246012,1392.3343840415646,5,16
2025_1155_1196,0.537364890382869,1155,1196,Clemson,Florida,1790.9989825246012,1887.3965401334451,5,1
2025_1155_1385,0.551798543931431,1155,1385,Clemson,St John's,1790.9989825246012,1843.627898958888,5,2
2025_1155_1403,0.5401418586991562,1155,1403,Clemson,Texas Tech,1790.9989825246012,1768.8852797354511,5,3
2025_1155_1268,0.5722474947705957,1155,1268,Clemson,Maryland,1790.9989825246012,1726.6530079386407,5,4
2025_1155_1272,0.576726189255714,1155,1272,Clemson,Memphis,1790.9989825246012,1804.101743662243,5,5
2025_1155_1281,0.6188955828413267,1155,1281,Clemson,Missouri,1790.9989825246012,1628.84846306522,5,6
2025_1155_1242,0.576801214573548,1155,1242,Clemson,Kansas,1790.9989825246012,1739.9945270353192,5,7
2025_1155_1163,0.676262011526637,1155,1163,Clemson,Connecticut,1790.9989825246012,1817.094753861221,5,8
2025_1155_1328,0.7237757660883828,1155,1328,Clemson,Oklahoma,1790.9989825246012,1646.8371922255365,5,9
2025_1116_1155,0.7434874804101008,1155,1116,Clemson,Arkansas,1790.9989825246012,1652.2945168596477,5,10
2025_1155_1179,0.7537737979356798,1155,1179,Clemson,Drake,1790.9989825246012,1808.4056906385888,5,11
2025_1155_1161,0.7826149220798629,1155,1161,Clemson,Colorado St,1790.9989825246012,1755.9333491972916,5,12
2025_1155_1213,0.8060464129983457,1155,1213,Clemson,Grand Canyon,1790.9989825246012,1713.3482612768519,5,13
2025_1155_1423,0.8275366897907621,1155,1423,Clemson,UNC Wilmington,1790.9989825246012,1675.3212165451996,5,14
2025_1155_1303,0.8501176569407344,1155,1303,Clemson,NE Omaha,1790.9989825246012,1542.0616280843851,5,15
2025_1155_1313,0.872387169802398,1155,1313,Clemson,Norfolk St,1790.9989825246012,1575.9738168627744,5,16
2025_1228_1417,0.6002412065729399,1228,1417,Illinois,UCLA,1738.895513846784,1696.9351080410813,6,7
2025_1211_1228,0.4858170861579635,1228,1211,Illinois,Gonzaga,1738.895513846784,1820.080652363969,6,8
2025_1208_1228,0.6808630430684613,1228,1208,Illinois,Georgia,1738.895513846784,1650.6716433038202,6,9
2025_1228_1429,0.6925544955271645,1228,1429,Illinois,Utah St,1738.895513846784,1755.1191777265424,6,10
2025_1228_1400,0.7384967835030574,1228,1400,Illinois,Texas,1738.895513846784,1656.2985376911856,6,11
2025_1228_1462,0.739470395573141,1228,1462,Illinois,Xavier,1738.895513846784,1676.4993612446326,6,11
2025_1228_1270,0.7515472068254503,1228,1270,Illinois,McNeese St,1738.895513846784,1682.4785209993051,6,12
2025_1219_1228,0.7747765536640304,1228,1219,Illinois,High Point,1738.895513846784,1684.9999559720443,6,13
2025_1228_1407,0.8017482326566251,1228,1407,Illinois,Troy,1738.895513846784,1616.834853879259,6,14
2025_1228_1459,0.8211322899189359,1228,1459,Illinois,Wofford,1738.895513846784,1537.341782572588,6,15
2025_1188_1228,0.8458014163916469,1228,1188,Illinois,SIUE,1738.895513846784,1490.7257513541058,6,16
2025_1120_1228,0.5111202387728666,1228,1120,Illinois,Auburn,1738.895513846784,1900.3128728934946,6,1
2025_1228_1277,0.532454242513759,1228,1277,Illinois,Michigan St,1738.895513846784,1816.332058092468,6,2
2025_1228_1235,0.5508441245569651,1228,1235,Illinois,Iowa St,1738.895513846784,1779.4875897181623,6,3
2025_1228_1401,0.4919064869902863,1228,1401,Illinois,Texas A&M,1738.895513846784,1735.8270446534461,6,4
2025_1228_1276,0.5444918021693917,1228,1276,Illinois,Michigan,1738.895513846784,1729.3958457974386,6,5
2025_1228_1279,0.5608709216117854,1228,1279,Illinois,Mississippi,1738.895513846784,1697.0550380157622,6,6
2025_1228_1266,0.5531264319881697,1228,1266,Illinois,Marquette,1738.895513846784,1765.2488940225403,6,7
2025_1228_1257,0.44811370244400284,1228,1257,Illinois,Louisville,1738.895513846784,1713.5881285897335,6,8
2025_1166_1228,0.6786231005178022,1228,1166,Illinois,Creighton,1738.895513846784,1761.4870757227866,6,9
2025_1228_1307,0.7119007625121041,1228,1307,Illinois,New Mexico,1738.895513846784,1737.3401376920212,6,10
2025_1228_1314,0.7273141176781672,1228,1314,Illinois,North Carolina,1738.895513846784,1732.0718376880195,6,11
2025_1228_1361,0.7267049880108851,1228,1361,Illinois,San Diego St,1738.895513846784,1718.632552659536,6,11
2025_1228_1471,0.7506501271192583,1228,1471,Illinois,UC San Diego,1738.895513846784,1732.0857083956137,6,12
2025_1228_1463,0.7731695230339187,1228,1463,Illinois,Yale,1738.895513846784,1717.2452238126552,6,13
2025_1228_1252,0.8006146417199643,1228,1252,Illinois,Lipscomb,1738.895513846784,1608.2148408183402,6,14
2025_1136_1228,0.8224763448562986,1228,1136,Illinois,Bryant,1738.895513846784,1595.5930025243601,6,15
2025_1106_1228,0.8451188538020015,1228,1106,Illinois,Alabama St,1738.895513846784,1445.3194949173894,6,16
2025_1228_1384,0.8459565374796748,1228,1384,Illinois,St Francis PA,1738.895513846784,1392.3343840415646,6,16
2025_1196_1228,0.5109209506430601,1228,1196,Illinois,Florida,1738.895513846784,1887.3965401334451,6,1
2025_1228_1385,0.5288515887719224,1228,1385,Illinois,St John's,1738.895513846784,1843.627898958888,6,2
2025_1228_1403,0.5132042831196253,1228,1403,Illinois,Texas Tech,1738.895513846784,1768.8852797354511,6,3
2025_1228_1268,0.38238499367458956,1228,1268,Illinois,Maryland,1738.895513846784,1726.6530079386407,6,4
2025_1228_1272,0.5129694387450906,1228,1272,Illinois,Memphis,1738.895513846784,1804.101743662243,6,5
2025_1228_1281,0.5173503965139384,1228,1281,Illinois,Missouri,1738.895513846784,1628.84846306522,6,6
2025_1228_1242,0.49724211542456337,1228,1242,Illinois,Kansas,1738.895513846784,1739.9945270353192,6,7
2025_1163_1228,0.595622021911309,1228,1163,Illinois,Connecticut,1738.895513846784,1817.094753861221,6,8
2025_1228_1328,0.6969422304616498,1228,1328,Illinois,Oklahoma,1738.895513846784,1646.8371922255365,6,9
2025_1116_1228,0.713906846238987,1228,1116,Illinois,Arkansas,1738.895513846784,1652.2945168596477,6,10
2025_1179_1228,0.6949655742726344,1228,1179,Illinois,Drake,1738.895513846784,1808.4056906385888,6,11
2025_1161_1228,0.7559596492712053,1228,1161,Illinois,Colorado St,1738.895513846784,1755.9333491972916,6,12
2025_1213_1228,0.7761065419052261,1228,1213,Illinois,Grand Canyon,1738.895513846784,1713.3482612768519,6,13
2025_1228_1423,0.8001212940751584,1228,1423,Illinois,UNC Wilmington,1738.895513846784,1675.3212165451996,6,14
2025_1228_1303,0.8234350557651884,1228,1303,Illinois,NE Omaha,1738.895513846784,1542.0616280843851,6,15
2025_1228_1313,0.8456074628775477,1228,1313,Illinois,Norfolk St,1738.895513846784,1575.9738168627744,6,16
2025_1211_1417,0.6037392541631956,1417,1211,UCLA,Gonzaga,1696.9351080410813,1820.080652363969,7,8
2025_1208_1417,0.6577946583010413,1417,1208,UCLA,Georgia,1696.9351080410813,1650.6716433038202,7,9
2025_1417_1429,0.6346081101880597,1417,1429,UCLA,Utah St,1696.9351080410813,1755.1191777265424,7,10
2025_1400_1417,0.7199495055216714,1417,1400,UCLA,Texas,1696.9351080410813,1656.2985376911856,7,11
2025_1417_1462,0.7206717052000924,1417,1462,UCLA,Xavier,1696.9351080410813,1676.4993612446326,7,11
2025_1270_1417,0.7320562632164973,1417,1270,UCLA,McNeese St,1696.9351080410813,1682.4785209993051,7,12
2025_1219_1417,0.7553797556821855,1417,1219,UCLA,High Point,1696.9351080410813,1684.9999559720443,7,13
2025_1407_1417,0.7815578635070938,1417,1407,UCLA,Troy,1696.9351080410813,1616.834853879259,7,14
2025_1417_1459,0.8031428323327573,1417,1459,UCLA,Wofford,1696.9351080410813,1537.341782572588,7,15
2025_1188_1417,0.8262864823665983,1417,1188,UCLA,SIUE,1696.9351080410813,1490.7257513541058,7,16
2025_1120_1417,0.5096556172903023,1417,1120,UCLA,Auburn,1696.9351080410813,1900.3128728934946,7,1
2025_1277_1417,0.5344480960288023,1417,1277,UCLA,Michigan St,1696.9351080410813,1816.332058092468,7,2
2025_1235_1417,0.5466958783131669,1417,1235,UCLA,Iowa St,1696.9351080410813,1779.4875897181623,7,3
2025_1401_1417,0.5483746743215983,1417,1401,UCLA,Texas A&M,1696.9351080410813,1735.8270446534461,7,4
2025_1276_1417,0.5792808016560806,1417,1276,UCLA,Michigan,1696.9351080410813,1729.3958457974386,7,5
2025_1279_1417,0.5579037860170099,1417,1279,UCLA,Mississippi,1696.9351080410813,1697.0550380157622,7,6
2025_1266_1417,0.49608809351921035,1417,1266,UCLA,Marquette,1696.9351080410813,1765.2488940225403,7,7
2025_1257_1417,0.5997461005911131,1417,1257,UCLA,Louisville,1696.9351080410813,1713.5881285897335,7,8
2025_1166_1417,0.6247784385658958,1417,1166,UCLA,Creighton,1696.9351080410813,1761.4870757227866,7,9
2025_1307_1417,0.6859626376615094,1417,1307,UCLA,New Mexico,1696.9351080410813,1737.3401376920212,7,10
2025_1314_1417,0.6917093314665719,1417,1314,UCLA,North Carolina,1696.9351080410813,1732.0718376880195,7,11
2025_1361_1417,0.7092315473097726,1417,1361,UCLA,San Diego St,1696.9351080410813,1718.632552659536,7,11
2025_1417_1471,0.7229800553402919,1417,1471,UCLA,UC San Diego,1696.9351080410813,1732.0857083956137,7,12
2025_1417_1463,0.7532184912626299,1417,1463,UCLA,Yale,1696.9351080410813,1717.2452238126552,7,13
2025_1252_1417,0.7803921158645767,1417,1252,UCLA,Lipscomb,1696.9351080410813,1608.2148408183402,7,14
2025_1136_1417,0.8050790296136411,1417,1136,UCLA,Bryant,1696.9351080410813,1595.5930025243601,7,15
2025_1106_1417,0.8269001419868833,1417,1106,UCLA,Alabama St,1696.9351080410813,1445.3194949173894,7,16
2025_1384_1417,0.8267330403652555,1417,1384,UCLA,St Francis PA,1696.9351080410813,1392.3343840415646,7,16
2025_1196_1417,0.5077321157987557,1417,1196,UCLA,Florida,1696.9351080410813,1887.3965401334451,7,1
2025_1385_1417,0.527068742982385,1417,1385,UCLA,St John's,1696.9351080410813,1843.627898958888,7,2
2025_1403_1417,0.5415210626584123,1417,1403,UCLA,Texas Tech,1696.9351080410813,1768.8852797354511,7,3
2025_1268_1417,0.5551600968851511,1417,1268,UCLA,Maryland,1696.9351080410813,1726.6530079386407,7,4
2025_1272_1417,0.5017134925149216,1417,1272,UCLA,Memphis,1696.9351080410813,1804.101743662243,7,5
2025_1281_1417,0.5400754407182428,1417,1281,UCLA,Missouri,1696.9351080410813,1628.84846306522,7,6
2025_1242_1417,0.5710796028375621,1417,1242,UCLA,Kansas,1696.9351080410813,1739.9945270353192,7,7
2025_1163_1417,0.579877994941165,1417,1163,UCLA,Connecticut,1696.9351080410813,1817.094753861221,7,8
2025_1328_1417,0.6773660222269752,1417,1328,UCLA,Oklahoma,1696.9351080410813,1646.8371922255365,7,9
2025_1116_1417,0.6951037549958753,1417,1116,UCLA,Arkansas,1696.9351080410813,1652.2945168596477,7,10
2025_1179_1417,0.6717380501765176,1417,1179,UCLA,Drake,1696.9351080410813,1808.4056906385888,7,11
2025_1161_1417,0.7225652666172999,1417,1161,UCLA,Colorado St,1696.9351080410813,1755.9333491972916,7,12
2025_1213_1417,0.7561764909688982,1417,1213,UCLA,Grand Canyon,1696.9351080410813,1713.3482612768519,7,13
2025_1417_1423,0.7805918808315414,1417,1423,UCLA,UNC Wilmington,1696.9351080410813,1675.3212165451996,7,14
2025_1303_1417,0.8044667110978635,1417,1303,UCLA,NE Omaha,1696.9351080410813,1542.0616280843851,7,15
2025_1313_1417,0.8257577593651182,1417,1313,UCLA,Norfolk St,1696.9351080410813,1575.9738168627744,7,16
2025_1208_1211,0.649641640470912,1211,1208,Gonzaga,Georgia,1820.080652363969,1650.6716433038202,8,9
2025_1211_1429,0.6765784064509132,1211,1429,Gonzaga,Utah St,1820.080652363969,1755.1191777265424,8,10
2025_1211_1400,0.7032005393491315,1211,1400,Gonzaga,Texas,1820.080652363969,1656.2985376911856,8,11
2025_1211_1462,0.7048733437047529,1211,1462,Gonzaga,Xavier,1820.080652363969,1676.4993612446326,8,11
2025_1211_1270,0.7205256738203927,1211,1270,Gonzaga,McNeese St,1820.080652363969,1682.4785209993051,8,12
2025_1211_1219,0.7420245440087336,1211,1219,Gonzaga,High Point,1820.080652363969,1684.9999559720443,8,13
2025_1211_1407,0.758964259809688,1211,1407,Gonzaga,Troy,1820.080652363969,1616.834853879259,8,14
2025_1211_1459,0.7836550231311935,1211,1459,Gonzaga,Wofford,1820.080652363969,1537.341782572588,8,15
2025_1188_1211,0.8055698738633664,1211,1188,Gonzaga,SIUE,1820.080652363969,1490.7257513541058,8,16
2025_1120_1211,0.467553234543977,1211,1120,Gonzaga,Auburn,1820.080652363969,1900.3128728934946,8,1
2025_1211_1277,0.46248475473479844,1211,1277,Gonzaga,Michigan St,1820.080652363969,1816.332058092468,8,2
2025_1211_1235,0.4286584197201704,1211,1235,Gonzaga,Iowa St,1820.080652363969,1779.4875897181623,8,3
2025_1211_1401,0.3733398519021104,1211,1401,Gonzaga,Texas A&M,1820.080652363969,1735.8270446534461,8,4
2025_1211_1276,0.4543757057203715,1211,1276,Gonzaga,Michigan,1820.080652363969,1729.3958457974386,8,5
2025_1211_1279,0.4672865500472321,1211,1279,Gonzaga,Mississippi,1820.080652363969,1697.0550380157622,8,6
2025_1211_1266,0.3978758126631471,1211,1266,Gonzaga,Marquette,1820.080652363969,1765.2488940225403,8,7
2025_1211_1257,0.6054529607295985,1211,1257,Gonzaga,Louisville,1820.080652363969,1713.5881285897335,8,8
2025_1166_1211,0.6515603735908766,1211,1166,Gonzaga,Creighton,1820.080652363969,1761.4870757227866,8,9
2025_1211_1307,0.6782953778483131,1211,1307,Gonzaga,New Mexico,1820.080652363969,1737.3401376920212,8,10
2025_1211_1314,0.698850324152522,1211,1314,Gonzaga,North Carolina,1820.080652363969,1732.0718376880195,8,11
2025_1211_1361,0.6992785537229108,1211,1361,Gonzaga,San Diego St,1820.080652363969,1718.632552659536,8,11
2025_1211_1471,0.7233367182749673,1211,1471,Gonzaga,UC San Diego,1820.080652363969,1732.0857083956137,8,12
2025_1211_1463,0.7415420444092768,1211,1463,Gonzaga,Yale,1820.080652363969,1717.2452238126552,8,13
2025_1211_1252,0.7652809216444048,1211,1252,Gonzaga,Lipscomb,1820.080652363969,1608.2148408183402,8,14
2025_1136_1211,0.783574884686293,1211,1136,Gonzaga,Bryant,1820.080652363969,1595.5930025243601,8,15
2025_1106_1211,0.8066921101151975,1211,1106,Gonzaga,Alabama St,1820.080652363969,1445.3194949173894,8,16
2025_1211_1384,0.8067441747724088,1211,1384,Gonzaga,St Francis PA,1820.080652363969,1392.3343840415646,8,16
2025_1196_1211,0.4708108369972088,1211,1196,Gonzaga,Florida,1820.080652363969,1887.3965401334451,8,1
2025_1211_1385,0.4689186887081108,1211,1385,Gonzaga,St John's,1820.080652363969,1843.627898958888,8,2
2025_1211_1403,0.48650310324811685,1211,1403,Gonzaga,Texas Tech,1820.080652363969,1768.8852797354511,8,3
2025_1211_1268,0.46927311043558817,1211,1268,Gonzaga,Maryland,1820.080652363969,1726.6530079386407,8,4
2025_1211_1272,0.44760358989376475,1211,1272,Gonzaga,Memphis,1820.080652363969,1804.101743662243,8,5
2025_1211_1281,0.5266691526196732,1211,1281,Gonzaga,Missouri,1820.080652363969,1628.84846306522,8,6
2025_1211_1242,0.47430037410409176,1211,1242,Gonzaga,Kansas,1820.080652363969,1739.9945270353192,8,7
2025_1163_1211,0.6232286155223842,1211,1163,Gonzaga,Connecticut,1820.080652363969,1817.094753861221,8,8
2025_1211_1328,0.6626051440700789,1211,1328,Gonzaga,Oklahoma,1820.080652363969,1646.8371922255365,8,9
2025_1116_1211,0.6812746564127662,1211,1116,Gonzaga,Arkansas,1820.080652363969,1652.2945168596477,8,10
2025_1179_1211,0.6954819762692975,1211,1179,Gonzaga,Drake,1820.080652363969,1808.4056906385888,8,11
2025_1161_1211,0.7242751934069558,1211,1161,Gonzaga,Colorado St,1820.080652363969,1755.9333491972916,8,12
2025_1211_1213,0.7397246689877528,1211,1213,Gonzaga,Grand Canyon,1820.080652363969,1713.3482612768519,8,13
2025_1211_1423,0.7640076770250352,1211,1423,Gonzaga,UNC Wilmington,1820.080652363969,1675.3212165451996,8,14
2025_1211_1303,0.7863762433860916,1211,1303,Gonzaga,NE Omaha,1820.080652363969,1542.0616280843851,8,15
2025_1211_1313,0.8060651586591275,1211,1313,Gonzaga,Norfolk St,1820.080652363969,1575.9738168627744,8,16
2025_1208_1429,0.44131868331282326,1208,1429,Georgia,Utah St,1650.6716433038202,1755.1191777265424,9,10
2025_1208_1400,0.6435869375445106,1208,1400,Georgia,Texas,1650.6716433038202,1656.2985376911856,9,11
2025_1208_1462,0.6656453648783424,1208,1462,Georgia,Xavier,1650.6716433038202,1676.4993612446326,9,11
2025_1208_1270,0.6627239489541578,1208,1270,Georgia,McNeese St,1650.6716433038202,1682.4785209993051,9,12
2025_1208_1219,0.6933902420538827,1208,1219,Georgia,High Point,1650.6716433038202,1684.9999559720443,9,13
2025_1208_1407,0.7278482945046443,1208,1407,Georgia,Troy,1650.6716433038202,1616.834853879259,9,14
2025_1208_1459,0.7499969198171648,1208,1459,Georgia,Wofford,1650.6716433038202,1537.341782572588,9,15
2025_1188_1208,0.7796460147236007,1208,1188,Georgia,SIUE,1650.6716433038202,1490.7257513541058,9,16
2025_1120_1208,0.46423175472626366,1208,1120,Georgia,Auburn,1650.6716433038202,1900.3128728934946,9,1
2025_1208_1277,0.484609252658067,1208,1277,Georgia,Michigan St,1650.6716433038202,1816.332058092468,9,2
2025_1208_1235,0.5072444305952034,1208,1235,Georgia,Iowa St,1650.6716433038202,1779.4875897181623,9,3
2025_1208_1401,0.5125003843226408,1208,1401,Georgia,Texas A&M,1650.6716433038202,1735.8270446534461,9,4
2025_1208_1276,0.543444415138347,1208,1276,Georgia,Michigan,1650.6716433038202,1729.3958457974386,9,5
2025_1208_1279,0.5515054678930704,1208,1279,Georgia,Mississippi,1650.6716433038202,1697.0550380157622,9,6
2025_1208_1266,0.5647774716637863,1208,1266,Georgia,Marquette,1650.6716433038202,1765.2488940225403,9,7
2025_1208_1257,0.5809401616588327,1208,1257,Georgia,Louisville,1650.6716433038202,1713.5881285897335,9,8
2025_1166_1208,0.4725591003894801,1208,1166,Georgia,Creighton,1650.6716433038202,1761.4870757227866,9,9
2025_1208_1307,0.5945984199508925,1208,1307,Georgia,New Mexico,1650.6716433038202,1737.3401376920212,9,10
2025_1208_1314,0.6027083585240104,1208,1314,Georgia,North Carolina,1650.6716433038202,1732.0718376880195,9,11
2025_1208_1361,0.6290408412195899,1208,1361,Georgia,San Diego St,1650.6716433038202,1718.632552659536,9,11
2025_1208_1471,0.6342060321555661,1208,1471,Georgia,UC San Diego,1650.6716433038202,1732.0857083956137,9,12
2025_1208_1463,0.6791140057581826,1208,1463,Georgia,Yale,1650.6716433038202,1717.2452238126552,9,13
2025_1208_1252,0.7315367789349574,1208,1252,Georgia,Lipscomb,1650.6716433038202,1608.2148408183402,9,14
2025_1136_1208,0.7546363963548692,1208,1136,Georgia,Bryant,1650.6716433038202,1595.5930025243601,9,15
2025_1106_1208,0.7797714526985305,1208,1106,Georgia,Alabama St,1650.6716433038202,1445.3194949173894,9,16
2025_1208_1384,0.7804781849716323,1208,1384,Georgia,St Francis PA,1650.6716433038202,1392.3343840415646,9,16
2025_1196_1208,0.46395280498871483,1208,1196,Georgia,Florida,1650.6716433038202,1887.3965401334451,9,1
2025_1208_1385,0.4850561086799481,1208,1385,Georgia,St John's,1650.6716433038202,1843.627898958888,9,2
2025_1208_1403,0.49764337401942826,1208,1403,Georgia,Texas Tech,1650.6716433038202,1768.8852797354511,9,3
2025_1208_1268,0.5267773358740782,1208,1268,Georgia,Maryland,1650.6716433038202,1726.6530079386407,9,4
2025_1208_1272,0.4758764110070298,1208,1272,Georgia,Memphis,1650.6716433038202,1804.101743662243,9,5
2025_1208_1281,0.5112619167580073,1208,1281,Georgia,Missouri,1650.6716433038202,1628.84846306522,9,6
2025_1208_1242,0.5802512546799912,1208,1242,Georgia,Kansas,1650.6716433038202,1739.9945270353192,9,7
2025_1163_1208,0.46360950620324337,1208,1163,Georgia,Connecticut,1650.6716433038202,1817.094753861221,9,8
2025_1208_1328,0.49948110282421065,1208,1328,Georgia,Oklahoma,1650.6716433038202,1646.8371922255365,9,9
2025_1116_1208,0.6380577757820387,1208,1116,Georgia,Arkansas,1650.6716433038202,1652.2945168596477,9,10
2025_1179_1208,0.6082265267349937,1208,1179,Georgia,Drake,1650.6716433038202,1808.4056906385888,9,11
2025_1161_1208,0.6596428656564283,1208,1161,Georgia,Colorado St,1650.6716433038202,1755.9333491972916,9,12
2025_1208_1213,0.680460504485981,1208,1213,Georgia,Grand Canyon,1650.6716433038202,1713.3482612768519,9,13
2025_1208_1423,0.7184388072571772,1208,1423,Georgia,UNC Wilmington,1650.6716433038202,1675.3212165451996,9,14
2025_1208_1303,0.754698951429561,1208,1303,Georgia,NE Omaha,1650.6716433038202,1542.0616280843851,9,15
2025_1208_1313,0.7787985558841842,1208,1313,Georgia,Norfolk St,1650.6716433038202,1575.9738168627744,9,16
2025_1400_1429,0.6555422618850966,1429,1400,Utah St,Texas,1755.1191777265424,1656.2985376911856,10,11
2025_1429_1462,0.653614379452159,1429,1462,Utah St,Xavier,1755.1191777265424,1676.4993612446326,10,11
2025_1270_1429,0.6759420970656135,1429,1270,Utah St,McNeese St,1755.1191777265424,1682.4785209993051,10,12
2025_1219_1429,0.693580081461482,1429,1219,Utah St,High Point,1755.1191777265424,1684.9999559720443,10,13
2025_1407_1429,0.7154940285223885,1429,1407,Utah St,Troy,1755.1191777265424,1616.834853879259,10,14
2025_1429_1459,0.7380226583561915,1429,1459,Utah St,Wofford,1755.1191777265424,1537.341782572588,10,15
2025_1188_1429,0.760209639257625,1429,1188,Utah St,SIUE,1755.1191777265424,1490.7257513541058,10,16
2025_1120_1429,0.44649412676426126,1429,1120,Utah St,Auburn,1755.1191777265424,1900.3128728934946,10,1
2025_1277_1429,0.4691668106974093,1429,1277,Utah St,Michigan St,1755.1191777265424,1816.332058092468,10,2
2025_1235_1429,0.48113057657736324,1429,1235,Utah St,Iowa St,1755.1191777265424,1779.4875897181623,10,3
2025_1401_1429,0.4787601159151039,1429,1401,Utah St,Texas A&M,1755.1191777265424,1735.8270446534461,10,4
2025_1276_1429,0.49214091288232553,1429,1276,Utah St,Michigan,1755.1191777265424,1729.3958457974386,10,5
2025_1279_1429,0.5097976825696061,1429,1279,Utah St,Mississippi,1755.1191777265424,1697.0550380157622,10,6
2025_1266_1429,0.5517588472380106,1429,1266,Utah St,Marquette,1755.1191777265424,1765.2488940225403,10,7
2025_1257_1429,0.5298441728375687,1429,1257,Utah St,Louisville,1755.1191777265424,1713.5881285897335,10,8
2025_1166_1429,0.5595603779092523,1429,1166,Utah St,Creighton,1755.1191777265424,1761.4870757227866,10,9
2025_1307_1429,0.5058895856142039,1429,1307,Utah St,New Mexico,1755.1191777265424,1737.3401376920212,10,10
2025_1314_1429,0.46407002209274956,1429,1314,Utah St,North Carolina,1755.1191777265424,1732.0718376880195,10,11
2025_1361_1429,0.6439257338508864,1429,1361,Utah St,San Diego St,1755.1191777265424,1718.632552659536,10,11
2025_1429_1471,0.5723245183207252,1429,1471,Utah St,UC San Diego,1755.1191777265424,1732.0857083956137,10,12
2025_1429_1463,0.6920072638974714,1429,1463,Utah St,Yale,1755.1191777265424,1717.2452238126552,10,13
2025_1252_1429,0.7160125889319344,1429,1252,Utah St,Lipscomb,1755.1191777265424,1608.2148408183402,10,14
2025_1136_1429,0.7410669655880946,1429,1136,Utah St,Bryant,1755.1191777265424,1595.5930025243601,10,15
2025_1106_1429,0.7615496410791429,1429,1106,Utah St,Alabama St,1755.1191777265424,1445.3194949173894,10,16
2025_1384_1429,0.7613368226949724,1429,1384,Utah St,St Francis PA,1755.1191777265424,1392.3343840415646,10,16
2025_1196_1429,0.4481356982860203,1429,1196,Utah St,Florida,1755.1191777265424,1887.3965401334451,10,1
2025_1385_1429,0.4614498867453066,1429,1385,Utah St,St John's,1755.1191777265424,1843.627898958888,10,2
2025_1403_1429,0.46105221554296993,1429,1403,Utah St,Texas Tech,1755.1191777265424,1768.8852797354511,10,3
2025_1268_1429,0.47010784607486344,1429,1268,Utah St,Maryland,1755.1191777265424,1726.6530079386407,10,4
2025_1272_1429,0.5221654860892271,1429,1272,Utah St,Memphis,1755.1191777265424,1804.101743662243,10,5
2025_1281_1429,0.4764806977969239,1429,1281,Utah St,Missouri,1755.1191777265424,1628.84846306522,10,6
2025_1242_1429,0.5215274012102549,1429,1242,Utah St,Kansas,1755.1191777265424,1739.9945270353192,10,7
2025_1163_1429,0.43364168757422106,1429,1163,Utah St,Connecticut,1755.1191777265424,1817.094753861221,10,8
2025_1328_1429,0.5834164366260263,1429,1328,Utah St,Oklahoma,1755.1191777265424,1646.8371922255365,10,9
2025_1116_1429,0.6198986232280727,1429,1116,Utah St,Arkansas,1755.1191777265424,1652.2945168596477,10,10
2025_1179_1429,0.6175912842020292,1429,1179,Utah St,Drake,1755.1191777265424,1808.4056906385888,10,11
2025_1161_1429,0.6635629276015022,1429,1161,Utah St,Colorado St,1755.1191777265424,1755.9333491972916,10,12
2025_1213_1429,0.6943583691106366,1429,1213,Utah St,Grand Canyon,1755.1191777265424,1713.3482612768519,10,13
2025_1423_1429,0.7186961390513344,1429,1423,Utah St,UNC Wilmington,1755.1191777265424,1675.3212165451996,10,14
2025_1303_1429,0.7423703403553981,1429,1303,Utah St,NE Omaha,1755.1191777265424,1542.0616280843851,10,15
2025_1313_1429,0.7597527100507768,1429,1313,Utah St,Norfolk St,1755.1191777265424,1575.9738168627744,10,16
2025_1400_1462,0.5070417135953899,1400,1462,Texas,Xavier,1656.2985376911856,1676.4993612446326,11,11
2025_1270_1400,0.6083196475967665,1400,1270,Texas,McNeese St,1656.2985376911856,1682.4785209993051,11,12
2025_1219_1400,0.6305827090718009,1400,1219,Texas,High Point,1656.2985376911856,1684.9999559720443,11,13
2025_1400_1407,0.6849338614926862,1400,1407,Texas,Troy,1656.2985376911856,1616.834853879259,11,14
2025_1400_1459,0.7057889022368355,1400,1459,Texas,Wofford,1656.2985376911856,1537.341782572588,11,15
2025_1188_1400,0.7309504480443019,1400,1188,Texas,SIUE,1656.2985376911856,1490.7257513541058,11,16
2025_1120_1400,0.41884929800578397,1400,1120,Texas,Auburn,1656.2985376911856,1900.3128728934946,11,1
2025_1277_1400,0.4426657204303379,1400,1277,Texas,Michigan St,1656.2985376911856,1816.332058092468,11,2
2025_1235_1400,0.46568062443146385,1400,1235,Texas,Iowa St,1656.2985376911856,1779.4875897181623,11,3
2025_1400_1401,0.4741325144435742,1400,1401,Texas,Texas A&M,1656.2985376911856,1735.8270446534461,11,4
2025_1276_1400,0.4962949381406746,1400,1276,Texas,Michigan,1656.2985376911856,1729.3958457974386,11,5
2025_1279_1400,0.518603840342996,1400,1279,Texas,Mississippi,1656.2985376911856,1697.0550380157622,11,6
2025_1266_1400,0.5385045013886521,1400,1266,Texas,Marquette,1656.2985376911856,1765.2488940225403,11,7
2025_1257_1400,0.5321692144884531,1400,1257,Texas,Louisville,1656.2985376911856,1713.5881285897335,11,8
2025_1166_1400,0.5543632736228241,1400,1166,Texas,Creighton,1656.2985376911856,1761.4870757227866,11,9
2025_1307_1400,0.5792469278112146,1400,1307,Texas,New Mexico,1656.2985376911856,1737.3401376920212,11,10
2025_1314_1400,0.5067456573247905,1400,1314,Texas,North Carolina,1656.2985376911856,1732.0718376880195,11,11
2025_1361_1400,0.4578113541007037,1400,1361,Texas,San Diego St,1656.2985376911856,1718.632552659536,11,11
2025_1400_1471,0.4509476199611921,1400,1471,Texas,UC San Diego,1656.2985376911856,1732.0857083956137,11,12
2025_1400_1463,0.6015590468622901,1400,1463,Texas,Yale,1656.2985376911856,1717.2452238126552,11,13
2025_1252_1400,0.6778145933137464,1400,1252,Texas,Lipscomb,1656.2985376911856,1608.2148408183402,11,14
2025_1136_1400,0.7106149711150094,1400,1136,Texas,Bryant,1656.2985376911856,1595.5930025243601,11,15
2025_1106_1400,0.7322123379788417,1400,1106,Texas,Alabama St,1656.2985376911856,1445.3194949173894,11,16
2025_1384_1400,0.7351135642609614,1400,1384,Texas,St Francis PA,1656.2985376911856,1392.3343840415646,11,16
2025_1196_1400,0.422057488208497,1400,1196,Texas,Florida,1656.2985376911856,1887.3965401334451,11,1
2025_1385_1400,0.4434035067233677,1400,1385,Texas,St John's,1656.2985376911856,1843.627898958888,11,2
2025_1400_1403,0.4611321641863314,1400,1403,Texas,Texas Tech,1656.2985376911856,1768.8852797354511,11,3
2025_1268_1400,0.47988859459417843,1400,1268,Texas,Maryland,1656.2985376911856,1726.6530079386407,11,4
2025_1272_1400,0.4980126843984566,1400,1272,Texas,Memphis,1656.2985376911856,1804.101743662243,11,5
2025_1281_1400,0.4879566370167707,1400,1281,Texas,Missouri,1656.2985376911856,1628.84846306522,11,6
2025_1242_1400,0.5350332162839005,1400,1242,Texas,Kansas,1656.2985376911856,1739.9945270353192,11,7
2025_1163_1400,0.542806080581135,1400,1163,Texas,Connecticut,1656.2985376911856,1817.094753861221,11,8
2025_1328_1400,0.46863151395542757,1400,1328,Texas,Oklahoma,1656.2985376911856,1646.8371922255365,11,9
2025_1116_1400,0.4357541024819108,1400,1116,Texas,Arkansas,1656.2985376911856,1652.2945168596477,11,10
2025_1179_1400,0.48901793956756545,1400,1179,Texas,Drake,1656.2985376911856,1808.4056906385888,11,11
2025_1161_1400,0.48421095310299583,1400,1161,Texas,Colorado St,1656.2985376911856,1755.9333491972916,11,12
2025_1213_1400,0.6261250416018226,1400,1213,Texas,Grand Canyon,1656.2985376911856,1713.3482612768519,11,13
2025_1400_1423,0.684994807241969,1400,1423,Texas,UNC Wilmington,1656.2985376911856,1675.3212165451996,11,14
2025_1303_1400,0.7119306840437813,1400,1303,Texas,NE Omaha,1656.2985376911856,1542.0616280843851,11,15
2025_1313_1400,0.7310995192608851,1400,1313,Texas,Norfolk St,1656.2985376911856,1575.9738168627744,11,16
2025_1270_1462,0.6142572238907118,1462,1270,Xavier,McNeese St,1676.4993612446326,1682.4785209993051,11,12
2025_1219_1462,0.6489938536860206,1462,1219,Xavier,High Point,1676.4993612446326,1684.9999559720443,11,13
2025_1407_1462,0.6819018924222516,1462,1407,Xavier,Troy,1676.4993612446326,1616.834853879259,11,14
2025_1459_1462,0.7041834511298104,1462,1459,Xavier,Wofford,1676.4993612446326,1537.341782572588,11,15
2025_1188_1462,0.7303612859330195,1462,1188,Xavier,SIUE,1676.4993612446326,1490.7257513541058,11,16
2025_1120_1462,0.4220206823403482,1462,1120,Xavier,Auburn,1676.4993612446326,1900.3128728934946,11,1
2025_1277_1462,0.44608672901722146,1462,1277,Xavier,Michigan St,1676.4993612446326,1816.332058092468,11,2
2025_1235_1462,0.46595575947174706,1462,1235,Xavier,Iowa St,1676.4993612446326,1779.4875897181623,11,3
2025_1401_1462,0.47402120276945614,1462,1401,Xavier,Texas A&M,1676.4993612446326,1735.8270446534461,11,4
2025_1276_1462,0.49887939553813554,1462,1276,Xavier,Michigan,1676.4993612446326,1729.3958457974386,11,5
2025_1279_1462,0.5163636891760801,1462,1279,Xavier,Mississippi,1676.4993612446326,1697.0550380157622,11,6
2025_1266_1462,0.5429789326649735,1462,1266,Xavier,Marquette,1676.4993612446326,1765.2488940225403,11,7
2025_1257_1462,0.5509357666983072,1462,1257,Xavier,Louisville,1676.4993612446326,1713.5881285897335,11,8
2025_1166_1462,0.567415871264769,1462,1166,Xavier,Creighton,1676.4993612446326,1761.4870757227866,11,9
2025_1307_1462,0.5994758650794717,1462,1307,Xavier,New Mexico,1676.4993612446326,1737.3401376920212,11,10
2025_1314_1462,0.5962593019008632,1462,1314,Xavier,North Carolina,1676.4993612446326,1732.0718376880195,11,11
2025_1361_1462,0.39443284496664954,1462,1361,Xavier,San Diego St,1676.4993612446326,1718.632552659536,11,11
2025_1462_1471,0.4224743954703111,1462,1471,Xavier,UC San Diego,1676.4993612446326,1732.0857083956137,11,12
2025_1462_1463,0.6159610042549827,1462,1463,Xavier,Yale,1676.4993612446326,1717.2452238126552,11,13
2025_1252_1462,0.6771701180921125,1462,1252,Xavier,Lipscomb,1676.4993612446326,1608.2148408183402,11,14
2025_1136_1462,0.70929791708173,1462,1136,Xavier,Bryant,1676.4993612446326,1595.5930025243601,11,15
2025_1106_1462,0.7302306623539943,1462,1106,Xavier,Alabama St,1676.4993612446326,1445.3194949173894,11,16
2025_1384_1462,0.7329386205754298,1462,1384,Xavier,St Francis PA,1676.4993612446326,1392.3343840415646,11,16
2025_1196_1462,0.4245170738751535,1462,1196,Xavier,Florida,1676.4993612446326,1887.3965401334451,11,1
2025_1385_1462,0.4471644405994053,1462,1385,Xavier,St John's,1676.4993612446326,1843.627898958888,11,2
2025_1403_1462,0.4659077479303805,1462,1403,Xavier,Texas Tech,1676.4993612446326,1768.8852797354511,11,3
2025_1268_1462,0.4808981184627392,1462,1268,Xavier,Maryland,1676.4993612446326,1726.6530079386407,11,4
2025_1272_1462,0.49584304552631,1462,1272,Xavier,Memphis,1676.4993612446326,1804.101743662243,11,5
2025_1281_1462,0.4861854551949476,1462,1281,Xavier,Missouri,1676.4993612446326,1628.84846306522,11,6
2025_1242_1462,0.5302395723324845,1462,1242,Xavier,Kansas,1676.4993612446326,1739.9945270353192,11,7
2025_1163_1462,0.5454268074049418,1462,1163,Xavier,Connecticut,1676.4993612446326,1817.094753861221,11,8
2025_1328_1462,0.45744999551994936,1462,1328,Xavier,Oklahoma,1676.4993612446326,1646.8371922255365,11,9
2025_1116_1462,0.5058489188686105,1462,1116,Xavier,Arkansas,1676.4993612446326,1652.2945168596477,11,10
2025_1179_1462,0.4103039786219592,1462,1179,Xavier,Drake,1676.4993612446326,1808.4056906385888,11,11
2025_1161_1462,0.5220025703176756,1462,1161,Xavier,Colorado St,1676.4993612446326,1755.9333491972916,11,12
2025_1213_1462,0.6334468016602256,1462,1213,Xavier,Grand Canyon,1676.4993612446326,1713.3482612768519,11,13
2025_1423_1462,0.6808170580850171,1462,1423,Xavier,UNC Wilmington,1676.4993612446326,1675.3212165451996,11,14
2025_1303_1462,0.7044508375662728,1462,1303,Xavier,NE Omaha,1676.4993612446326,1542.0616280843851,11,15
2025_1313_1462,0.7318308682522792,1462,1313,Xavier,Norfolk St,1676.4993612446326,1575.9738168627744,11,16
2025_1219_1270,0.6189741119608183,1270,1219,McNeese St,High Point,1682.4785209993051,1684.9999559720443,12,13
2025_1270_1407,0.6628743747450568,1270,1407,McNeese St,Troy,1682.4785209993051,1616.834853879259,12,14
2025_1270_1459,0.6881970369802045,1270,1459,McNeese St,Wofford,1682.4785209993051,1537.341782572588,12,15
2025_1188_1270,0.7163335599440499,1270,1188,McNeese St,SIUE,1682.4785209993051,1490.7257513541058,12,16
2025_1120_1270,0.40401164988258487,1270,1120,McNeese St,Auburn,1682.4785209993051,1900.3128728934946,12,1
2025_1270_1277,0.425432332998002,1270,1277,McNeese St,Michigan St,1682.4785209993051,1816.332058092468,12,2
2025_1235_1270,0.4466548506888981,1270,1235,McNeese St,Iowa St,1682.4785209993051,1779.4875897181623,12,3
2025_1270_1401,0.4572968735159365,1270,1401,McNeese St,Texas A&M,1682.4785209993051,1735.8270446534461,12,4
2025_1270_1276,0.48140180751341366,1270,1276,McNeese St,Michigan,1682.4785209993051,1729.3958457974386,12,5
2025_1270_1279,0.49445869784907914,1270,1279,McNeese St,Mississippi,1682.4785209993051,1697.0550380157622,12,6
2025_1266_1270,0.5230402438559507,1270,1266,McNeese St,Marquette,1682.4785209993051,1765.2488940225403,12,7
2025_1257_1270,0.5365760229092668,1270,1257,McNeese St,Louisville,1682.4785209993051,1713.5881285897335,12,8
2025_1166_1270,0.5459071314348642,1270,1166,McNeese St,Creighton,1682.4785209993051,1761.4870757227866,12,9
2025_1270_1307,0.5702568074486984,1270,1307,McNeese St,New Mexico,1682.4785209993051,1737.3401376920212,12,10
2025_1270_1314,0.5875886127486917,1270,1314,McNeese St,North Carolina,1682.4785209993051,1732.0718376880195,12,11
2025_1270_1361,0.5794167265430185,1270,1361,McNeese St,San Diego St,1682.4785209993051,1718.632552659536,12,11
2025_1270_1471,0.6027990937232967,1270,1471,McNeese St,UC San Diego,1682.4785209993051,1732.0857083956137,12,12
2025_1270_1463,0.608799047754695,1270,1463,McNeese St,Yale,1682.4785209993051,1717.2452238126552,12,13
2025_1252_1270,0.6660417059637763,1270,1252,McNeese St,Lipscomb,1682.4785209993051,1608.2148408183402,12,14
2025_1136_1270,0.6947650217996167,1270,1136,McNeese St,Bryant,1682.4785209993051,1595.5930025243601,12,15
2025_1106_1270,0.7154383279818459,1270,1106,McNeese St,Alabama St,1682.4785209993051,1445.3194949173894,12,16
2025_1270_1384,0.7168367125529214,1270,1384,McNeese St,St Francis PA,1682.4785209993051,1392.3343840415646,12,16
2025_1196_1270,0.4042937288639844,1270,1196,McNeese St,Florida,1682.4785209993051,1887.3965401334451,12,1
2025_1270_1385,0.4245130803639535,1270,1385,McNeese St,St John's,1682.4785209993051,1843.627898958888,12,2
2025_1270_1403,0.4484868590507145,1270,1403,McNeese St,Texas Tech,1682.4785209993051,1768.8852797354511,12,3
2025_1268_1270,0.46436076897988,1270,1268,McNeese St,Maryland,1682.4785209993051,1726.6530079386407,12,4
2025_1270_1272,0.48244304105299496,1270,1272,McNeese St,Memphis,1682.4785209993051,1804.101743662243,12,5
2025_1270_1281,0.4820000753934822,1270,1281,McNeese St,Missouri,1682.4785209993051,1628.84846306522,12,6
2025_1242_1270,0.5176665871062254,1270,1242,McNeese St,Kansas,1682.4785209993051,1739.9945270353192,12,7
2025_1163_1270,0.5415508351784776,1270,1163,McNeese St,Connecticut,1682.4785209993051,1817.094753861221,12,8
2025_1270_1328,0.5223247176422541,1270,1328,McNeese St,Oklahoma,1682.4785209993051,1646.8371922255365,12,9
2025_1116_1270,0.5244574924729599,1270,1116,McNeese St,Arkansas,1682.4785209993051,1652.2945168596477,12,10
2025_1179_1270,0.5919298276439401,1270,1179,McNeese St,Drake,1682.4785209993051,1808.4056906385888,12,11
2025_1161_1270,0.4508746847510333,1270,1161,McNeese St,Colorado St,1682.4785209993051,1755.9333491972916,12,12
2025_1213_1270,0.5926141217216749,1270,1213,McNeese St,Grand Canyon,1682.4785209993051,1713.3482612768519,12,13
2025_1270_1423,0.6601957718111732,1270,1423,McNeese St,UNC Wilmington,1682.4785209993051,1675.3212165451996,12,14
2025_1270_1303,0.6950786018357801,1270,1303,McNeese St,NE Omaha,1682.4785209993051,1542.0616280843851,12,15
2025_1270_1313,0.7152793921965523,1270,1313,McNeese St,Norfolk St,1682.4785209993051,1575.9738168627744,12,16
2025_1219_1407,0.630051739500453,1219,1407,High Point,Troy,1684.9999559720443,1616.834853879259,13,14
2025_1219_1459,0.6670093575693824,1219,1459,High Point,Wofford,1684.9999559720443,1537.341782572588,13,15
2025_1188_1219,0.6923284137235212,1219,1188,High Point,SIUE,1684.9999559720443,1490.7257513541058,13,16
2025_1120_1219,0.3778375511501778,1219,1120,High Point,Auburn,1684.9999559720443,1900.3128728934946,13,1
2025_1219_1277,0.3998231718895734,1219,1277,High Point,Michigan St,1684.9999559720443,1816.332058092468,13,2
2025_1219_1235,0.4247766223008279,1219,1235,High Point,Iowa St,1684.9999559720443,1779.4875897181623,13,3
2025_1219_1401,0.4324062411460514,1219,1401,High Point,Texas A&M,1684.9999559720443,1735.8270446534461,13,4
2025_1219_1276,0.45887806553253807,1219,1276,High Point,Michigan,1684.9999559720443,1729.3958457974386,13,5
2025_1219_1279,0.46852410480040096,1219,1279,High Point,Mississippi,1684.9999559720443,1697.0550380157622,13,6
2025_1219_1266,0.5013697670038185,1219,1266,High Point,Marquette,1684.9999559720443,1765.2488940225403,13,7
2025_1219_1257,0.5053444294848417,1219,1257,High Point,Louisville,1684.9999559720443,1713.5881285897335,13,8
2025_1166_1219,0.5276904604893754,1219,1166,High Point,Creighton,1684.9999559720443,1761.4870757227866,13,9
2025_1219_1307,0.5414931690706675,1219,1307,High Point,New Mexico,1684.9999559720443,1737.3401376920212,13,10
2025_1219_1314,0.5668830951474442,1219,1314,High Point,North Carolina,1684.9999559720443,1732.0718376880195,13,11
2025_1219_1361,0.5296369274876847,1219,1361,High Point,San Diego St,1684.9999559720443,1718.632552659536,13,11
2025_1219_1471,0.5816469237342569,1219,1471,High Point,UC San Diego,1684.9999559720443,1732.0857083956137,13,12
2025_1219_1463,0.5315712898969646,1219,1463,High Point,Yale,1684.9999559720443,1717.2452238126552,13,13
2025_1219_1252,0.644193060682704,1219,1252,High Point,Lipscomb,1684.9999559720443,1608.2148408183402,13,14
2025_1136_1219,0.6730739811636665,1219,1136,High Point,Bryant,1684.9999559720443,1595.5930025243601,13,15
2025_1106_1219,0.6932847404466199,1219,1106,High Point,Alabama St,1684.9999559720443,1445.3194949173894,13,16
2025_1219_1384,0.6931641900525617,1219,1384,High Point,St Francis PA,1684.9999559720443,1392.3343840415646,13,16
2025_1196_1219,0.3799367075298775,1219,1196,High Point,Florida,1684.9999559720443,1887.3965401334451,13,1
2025_1219_1385,0.4023905525563062,1219,1385,High Point,St John's,1684.9999559720443,1843.627898958888,13,2
2025_1219_1403,0.4199379768426065,1219,1403,High Point,Texas Tech,1684.9999559720443,1768.8852797354511,13,3
2025_1219_1268,0.44377853914829446,1219,1268,High Point,Maryland,1684.9999559720443,1726.6530079386407,13,4
2025_1219_1272,0.45793762344727196,1219,1272,High Point,Memphis,1684.9999559720443,1804.101743662243,13,5
2025_1219_1281,0.46041206165808224,1219,1281,High Point,Missouri,1684.9999559720443,1628.84846306522,13,6
2025_1219_1242,0.49267219763354875,1219,1242,High Point,Kansas,1684.9999559720443,1739.9945270353192,13,7
2025_1163_1219,0.5100748627104734,1219,1163,High Point,Connecticut,1684.9999559720443,1817.094753861221,13,8
2025_1219_1328,0.5021831444960664,1219,1328,High Point,Oklahoma,1684.9999559720443,1646.8371922255365,13,9
2025_1116_1219,0.4972255146517222,1219,1116,High Point,Arkansas,1684.9999559720443,1652.2945168596477,13,10
2025_1179_1219,0.5551325609706177,1219,1179,High Point,Drake,1684.9999559720443,1808.4056906385888,13,11
2025_1161_1219,0.5775880113378259,1219,1161,High Point,Colorado St,1684.9999559720443,1755.9333491972916,13,12
2025_1213_1219,0.4022730462253089,1219,1213,High Point,Grand Canyon,1684.9999559720443,1713.3482612768519,13,13
2025_1219_1423,0.6296607628330488,1219,1423,High Point,UNC Wilmington,1684.9999559720443,1675.3212165451996,13,14
2025_1219_1303,0.6740156451441505,1219,1303,High Point,NE Omaha,1684.9999559720443,1542.0616280843851,13,15
2025_1219_1313,0.6922540867314863,1219,1313,High Point,Norfolk St,1684.9999559720443,1575.9738168627744,13,16
2025_1407_1459,0.6278748586639662,1407,1459,Troy,Wofford,1616.834853879259,1537.341782572588,14,15
2025_1188_1407,0.672054413912461,1407,1188,Troy,SIUE,1616.834853879259,1490.7257513541058,14,16
2025_1120_1407,0.3575859787202809,1407,1120,Troy,Auburn,1616.834853879259,1900.3128728934946,14,1
2025_1277_1407,0.3816004817818154,1407,1277,Troy,Michigan St,1616.834853879259,1816.332058092468,14,2
2025_1235_1407,0.4043220708725751,1407,1235,Troy,Iowa St,1616.834853879259,1779.4875897181623,14,3
2025_1401_1407,0.41561348105021756,1407,1401,Troy,Texas A&M,1616.834853879259,1735.8270446534461,14,4
2025_1276_1407,0.4438515548381443,1407,1276,Troy,Michigan,1616.834853879259,1729.3958457974386,14,5
2025_1279_1407,0.4567933930815188,1407,1279,Troy,Mississippi,1616.834853879259,1697.0550380157622,14,6
2025_1266_1407,0.4870932762290814,1407,1266,Troy,Marquette,1616.834853879259,1765.2488940225403,14,7
2025_1257_1407,0.5024764464433632,1407,1257,Troy,Louisville,1616.834853879259,1713.5881285897335,14,8
2025_1166_1407,0.5235241143622373,1407,1166,Troy,Creighton,1616.834853879259,1761.4870757227866,14,9
2025_1307_1407,0.5374623141747544,1407,1307,Troy,New Mexico,1616.834853879259,1737.3401376920212,14,10
2025_1314_1407,0.5547799086584513,1407,1314,Troy,North Carolina,1616.834853879259,1732.0718376880195,14,11
2025_1361_1407,0.5344044631733362,1407,1361,Troy,San Diego St,1616.834853879259,1718.632552659536,14,11
2025_1407_1471,0.5708756526730789,1407,1471,Troy,UC San Diego,1616.834853879259,1732.0857083956137,14,12
2025_1407_1463,0.5892142698302957,1407,1463,Troy,Yale,1616.834853879259,1717.2452238126552,14,13
2025_1252_1407,0.5521628767251964,1407,1252,Troy,Lipscomb,1616.834853879259,1608.2148408183402,14,14
2025_1136_1407,0.6426760032638807,1407,1136,Troy,Bryant,1616.834853879259,1595.5930025243601,14,15
2025_1106_1407,0.6738694647528388,1407,1106,Troy,Alabama St,1616.834853879259,1445.3194949173894,14,16
2025_1384_1407,0.6707657614924171,1407,1384,Troy,St Francis PA,1616.834853879259,1392.3343840415646,14,16
2025_1196_1407,0.35982142112025955,1407,1196,Troy,Florida,1616.834853879259,1887.3965401334451,14,1
2025_1385_1407,0.3820475762222756,1407,1385,Troy,St John's,1616.834853879259,1843.627898958888,14,2
2025_1403_1407,0.4062955508587659,1407,1403,Troy,Texas Tech,1616.834853879259,1768.8852797354511,14,3
2025_1268_1407,0.42575959230014127,1407,1268,Troy,Maryland,1616.834853879259,1726.6530079386407,14,4
2025_1272_1407,0.4442468528422947,1407,1272,Troy,Memphis,1616.834853879259,1804.101743662243,14,5
2025_1281_1407,0.4532296015680758,1407,1281,Troy,Missouri,1616.834853879259,1628.84846306522,14,6
2025_1242_1407,0.47424930974501156,1407,1242,Troy,Kansas,1616.834853879259,1739.9945270353192,14,7
2025_1163_1407,0.5034389720495186,1407,1163,Troy,Connecticut,1616.834853879259,1817.094753861221,14,8
2025_1328_1407,0.5166823356070493,1407,1328,Troy,Oklahoma,1616.834853879259,1646.8371922255365,14,9
2025_1116_1407,0.5273791454297135,1407,1116,Troy,Arkansas,1616.834853879259,1652.2945168596477,14,10
2025_1179_1407,0.5444342112554972,1407,1179,Troy,Drake,1616.834853879259,1808.4056906385888,14,11
2025_1161_1407,0.5799935241959824,1407,1161,Troy,Colorado St,1616.834853879259,1755.9333491972916,14,12
2025_1213_1407,0.5912959322467538,1407,1213,Troy,Grand Canyon,1616.834853879259,1713.3482612768519,14,13
2025_1407_1423,0.5881577938795085,1407,1423,Troy,UNC Wilmington,1616.834853879259,1675.3212165451996,14,14
2025_1303_1407,0.6376616731151838,1407,1303,Troy,NE Omaha,1616.834853879259,1542.0616280843851,14,15
2025_1313_1407,0.6647379437662818,1407,1313,Troy,Norfolk St,1616.834853879259,1575.9738168627744,14,16
2025_1188_1459,0.6404863968357344,1459,1188,Wofford,SIUE,1537.341782572588,1490.7257513541058,15,16
2025_1120_1459,0.3363294175383647,1459,1120,Wofford,Auburn,1537.341782572588,1900.3128728934946,15,1
2025_1277_1459,0.36003912708530167,1459,1277,Wofford,Michigan St,1537.341782572588,1816.332058092468,15,2
2025_1235_1459,0.38343648365483174,1459,1235,Wofford,Iowa St,1537.341782572588,1779.4875897181623,15,3
2025_1401_1459,0.3952034244892896,1459,1401,Wofford,Texas A&M,1537.341782572588,1735.8270446534461,15,4
2025_1276_1459,0.4217540111596231,1459,1276,Wofford,Michigan,1537.341782572588,1729.3958457974386,15,5
2025_1279_1459,0.44352954074474527,1459,1279,Wofford,Mississippi,1537.341782572588,1697.0550380157622,15,6
2025_1266_1459,0.465445871538016,1459,1266,Wofford,Marquette,1537.341782572588,1765.2488940225403,15,7
2025_1257_1459,0.48308581754225277,1459,1257,Wofford,Louisville,1537.341782572588,1713.5881285897335,15,8
2025_1166_1459,0.49807044129924394,1459,1166,Wofford,Creighton,1537.341782572588,1761.4870757227866,15,9
2025_1307_1459,0.5213382332243894,1459,1307,Wofford,New Mexico,1537.341782572588,1737.3401376920212,15,10
2025_1314_1459,0.5378647051316331,1459,1314,Wofford,North Carolina,1537.341782572588,1732.0718376880195,15,11
2025_1361_1459,0.5182181052428315,1459,1361,Wofford,San Diego St,1537.341782572588,1718.632552659536,15,11
2025_1459_1471,0.541013381482548,1459,1471,Wofford,UC San Diego,1537.341782572588,1732.0857083956137,15,12
2025_1459_1463,0.5679441770337357,1459,1463,Wofford,Yale,1537.341782572588,1717.2452238126552,15,13
2025_1252_1459,0.5865920826926919,1459,1252,Wofford,Lipscomb,1537.341782572588,1608.2148408183402,15,14
2025_1136_1459,0.5635821133852,1459,1136,Wofford,Bryant,1537.341782572588,1595.5930025243601,15,15
2025_1106_1459,0.6406495943531294,1459,1106,Wofford,Alabama St,1537.341782572588,1445.3194949173894,15,16
2025_1384_1459,0.6421861722931166,1459,1384,Wofford,St Francis PA,1537.341782572588,1392.3343840415646,15,16
2025_1196_1459,0.33459098846884566,1459,1196,Wofford,Florida,1537.341782572588,1887.3965401334451,15,1
2025_1385_1459,0.36335347316035965,1459,1385,Wofford,St John's,1537.341782572588,1843.627898958888,15,2
2025_1403_1459,0.38391946009144673,1459,1403,Wofford,Texas Tech,1537.341782572588,1768.8852797354511,15,3
2025_1268_1459,0.4034438262341321,1459,1268,Wofford,Maryland,1537.341782572588,1726.6530079386407,15,4
2025_1272_1459,0.4203371193463449,1459,1272,Wofford,Memphis,1537.341782572588,1804.101743662243,15,5
2025_1281_1459,0.4469803218516941,1459,1281,Wofford,Missouri,1537.341782572588,1628.84846306522,15,6
2025_1242_1459,0.4601257695616213,1459,1242,Wofford,Kansas,1537.341782572588,1739.9945270353192,15,7
2025_1163_1459,0.48509902402418636,1459,1163,Wofford,Connecticut,1537.341782572588,1817.094753861221,15,8
2025_1328_1459,0.4836338089044533,1459,1328,Wofford,Oklahoma,1537.341782572588,1646.8371922255365,15,9
2025_1116_1459,0.4993715225377058,1459,1116,Wofford,Arkansas,1537.341782572588,1652.2945168596477,15,10
2025_1179_1459,0.5300811133843492,1459,1179,Wofford,Drake,1537.341782572588,1808.4056906385888,15,11
2025_1161_1459,0.5368443346037333,1459,1161,Wofford,Colorado St,1537.341782572588,1755.9333491972916,15,12
2025_1213_1459,0.5647930880807175,1459,1213,Wofford,Grand Canyon,1537.341782572588,1713.3482612768519,15,13
2025_1423_1459,0.5907827660575601,1459,1423,Wofford,UNC Wilmington,1537.341782572588,1675.3212165451996,15,14
2025_1303_1459,0.616504049301147,1459,1303,Wofford,NE Omaha,1537.341782572588,1542.0616280843851,15,15
2025_1313_1459,0.5211904719337721,1459,1313,Wofford,Norfolk St,1537.341782572588,1575.9738168627744,15,16
2025_1120_1188,0.3110948227075231,1188,1120,SIUE,Auburn,1490.7257513541058,1900.3128728934946,16,1
2025_1188_1277,0.3385235837218364,1188,1277,SIUE,Michigan St,1490.7257513541058,1816.332058092468,16,2
2025_1188_1235,0.3598643960691426,1188,1235,SIUE,Iowa St,1490.7257513541058,1779.4875897181623,16,3
2025_1188_1401,0.37394864610180745,1188,1401,SIUE,Texas A&M,1490.7257513541058,1735.8270446534461,16,4
2025_1188_1276,0.40488143066146975,1188,1276,SIUE,Michigan,1490.7257513541058,1729.3958457974386,16,5
2025_1188_1279,0.42046559715815823,1188,1279,SIUE,Mississippi,1490.7257513541058,1697.0550380157622,16,6
2025_1188_1266,0.44350167557331277,1188,1266,SIUE,Marquette,1490.7257513541058,1765.2488940225403,16,7
2025_1188_1257,0.46755602497467674,1188,1257,SIUE,Louisville,1490.7257513541058,1713.5881285897335,16,8
2025_1166_1188,0.4823584024574139,1188,1166,SIUE,Creighton,1490.7257513541058,1761.4870757227866,16,9
2025_1188_1307,0.49820511799411393,1188,1307,SIUE,New Mexico,1490.7257513541058,1737.3401376920212,16,10
2025_1188_1314,0.5180772333064054,1188,1314,SIUE,North Carolina,1490.7257513541058,1732.0718376880195,16,11
2025_1188_1361,0.48583267020368326,1188,1361,SIUE,San Diego St,1490.7257513541058,1718.632552659536,16,11
2025_1188_1471,0.5318598649960588,1188,1471,SIUE,UC San Diego,1490.7257513541058,1732.0857083956137,16,12
2025_1188_1463,0.5534880673899119,1188,1463,SIUE,Yale,1490.7257513541058,1717.2452238126552,16,13
2025_1188_1252,0.5599123319409622,1188,1252,SIUE,Lipscomb,1490.7257513541058,1608.2148408183402,16,14
2025_1136_1188,0.5917181119456979,1188,1136,SIUE,Bryant,1490.7257513541058,1595.5930025243601,16,15
2025_1106_1188,0.6115765929222102,1188,1106,SIUE,Alabama St,1490.7257513541058,1445.3194949173894,16,16
2025_1188_1384,0.6189667940139766,1188,1384,SIUE,St Francis PA,1490.7257513541058,1392.3343840415646,16,16
2025_1188_1196,0.31026780826126454,1188,1196,SIUE,Florida,1490.7257513541058,1887.3965401334451,16,1
2025_1188_1385,0.3367402425524791,1188,1385,SIUE,St John's,1490.7257513541058,1843.627898958888,16,2
2025_1188_1403,0.3598372461534474,1188,1403,SIUE,Texas Tech,1490.7257513541058,1768.8852797354511,16,3
2025_1188_1268,0.37941683581814656,1188,1268,SIUE,Maryland,1490.7257513541058,1726.6530079386407,16,4
2025_1188_1272,0.40039153197982913,1188,1272,SIUE,Memphis,1490.7257513541058,1804.101743662243,16,5
2025_1188_1281,0.4196252610737924,1188,1281,SIUE,Missouri,1490.7257513541058,1628.84846306522,16,6
2025_1188_1242,0.4431647603187199,1188,1242,SIUE,Kansas,1490.7257513541058,1739.9945270353192,16,7
2025_1163_1188,0.4639473511637179,1188,1163,SIUE,Connecticut,1490.7257513541058,1817.094753861221,16,8
2025_1188_1328,0.46749383851545834,1188,1328,SIUE,Oklahoma,1490.7257513541058,1646.8371922255365,16,9
2025_1116_1188,0.47699657838897325,1188,1116,SIUE,Arkansas,1490.7257513541058,1652.2945168596477,16,10
2025_1179_1188,0.5024810223498319,1188,1179,SIUE,Drake,1490.7257513541058,1808.4056906385888,16,11
2025_1161_1188,0.5355056725007127,1188,1161,SIUE,Colorado St,1490.7257513541058,1755.9333491972916,16,12
2025_1188_1213,0.5445391452326243,1188,1213,SIUE,Grand Canyon,1490.7257513541058,1713.3482612768519,16,13
2025_1188_1423,0.5554839303515686,1188,1423,SIUE,UNC Wilmington,1490.7257513541058,1675.3212165451996,16,14
2025_1188_1303,0.5859316632285806,1188,1303,SIUE,NE Omaha,1490.7257513541058,1542.0616280843851,16,15
2025_1188_1313,0.5887280315160747,1188,1313,SIUE,Norfolk St,1490.7257513541058,1575.9738168627744,16,16
2025_1120_1277,0.653156854198863,1120,1277,Auburn,Michigan St,1900.3128728934946,1816.332058092468,1,2
2025_1120_1235,0.6797585824705817,1120,1235,Auburn,Iowa St,1900.3128728934946,1779.4875897181623,1,3
2025_1120_1401,0.695992281435542,1120,1401,Auburn,Texas A&M,1900.3128728934946,1735.8270446534461,1,4
2025_1120_1276,0.7222541191119118,1120,1276,Auburn,Michigan,1900.3128728934946,1729.3958457974386,1,5
2025_1120_1279,0.7410857410511988,1120,1279,Auburn,Mississippi,1900.3128728934946,1697.0550380157622,1,6
2025_1120_1266,0.7590254141752275,1120,1266,Auburn,Marquette,1900.3128728934946,1765.2488940225403,1,7
2025_1120_1257,0.7826984579895157,1120,1257,Auburn,Louisville,1900.3128728934946,1713.5881285897335,1,8
2025_1120_1166,0.8047360942899259,1120,1166,Auburn,Creighton,1900.3128728934946,1761.4870757227866,1,9
2025_1120_1307,0.8281548197594053,1120,1307,Auburn,New Mexico,1900.3128728934946,1737.3401376920212,1,10
2025_1120_1314,0.8480951223318934,1120,1314,Auburn,North Carolina,1900.3128728934946,1732.0718376880195,1,11
2025_1120_1361,0.8488630387728572,1120,1361,Auburn,San Diego St,1900.3128728934946,1718.632552659536,1,11
2025_1120_1471,0.8709051301123804,1120,1471,Auburn,UC San Diego,1900.3128728934946,1732.0857083956137,1,12
2025_1120_1463,0.8937341565753482,1120,1463,Auburn,Yale,1900.3128728934946,1717.2452238126552,1,13
2025_1120_1252,0.9175042507909814,1120,1252,Auburn,Lipscomb,1900.3128728934946,1608.2148408183402,1,14
2025_1120_1136,0.9409326264145788,1120,1136,Auburn,Bryant,1900.3128728934946,1595.5930025243601,1,15
2025_1106_1120,0.9640876747938523,1120,1106,Auburn,Alabama St,1900.3128728934946,1445.3194949173894,1,16
2025_1120_1384,0.964651653942717,1120,1384,Auburn,St Francis PA,1900.3128728934946,1392.3343840415646,1,16
2025_1120_1196,0.5406094998121257,1120,1196,Auburn,Florida,1900.3128728934946,1887.3965401334451,1,1
2025_1120_1385,0.6465316489204664,1120,1385,Auburn,St John's,1900.3128728934946,1843.627898958888,1,2
2025_1120_1403,0.6772188881613471,1120,1403,Auburn,Texas Tech,1900.3128728934946,1768.8852797354511,1,3
2025_1120_1268,0.7011639082418012,1120,1268,Auburn,Maryland,1900.3128728934946,1726.6530079386407,1,4
2025_1120_1272,0.722654245092289,1120,1272,Auburn,Memphis,1900.3128728934946,1804.101743662243,1,5
2025_1120_1281,0.7377685339531916,1120,1281,Auburn,Missouri,1900.3128728934946,1628.84846306522,1,6
2025_1120_1242,0.7614187194768938,1120,1242,Auburn,Kansas,1900.3128728934946,1739.9945270353192,1,7
2025_1120_1163,0.7799419815872329,1120,1163,Auburn,Connecticut,1900.3128728934946,1817.094753861221,1,8
2025_1120_1328,0.807430641466287,1120,1328,Auburn,Oklahoma,1900.3128728934946,1646.8371922255365,1,9
2025_1116_1120,0.8289331968155271,1120,1116,Auburn,Arkansas,1900.3128728934946,1652.2945168596477,1,10
2025_1120_1179,0.8475311133807063,1120,1179,Auburn,Drake,1900.3128728934946,1808.4056906385888,1,11
2025_1120_1161,0.8715568174960321,1120,1161,Auburn,Colorado St,1900.3128728934946,1755.9333491972916,1,12
2025_1120_1213,0.8954500550891421,1120,1213,Auburn,Grand Canyon,1900.3128728934946,1713.3482612768519,1,13
2025_1120_1423,0.9174349305891076,1120,1423,Auburn,UNC Wilmington,1900.3128728934946,1675.3212165451996,1,14
2025_1120_1303,0.9410571703198369,1120,1303,Auburn,NE Omaha,1900.3128728934946,1542.0616280843851,1,15
2025_1120_1313,0.9649854399534592,1120,1313,Auburn,Norfolk St,1900.3128728934946,1575.9738168627744,1,16
2025_1235_1277,0.5020317658647795,1277,1235,Michigan St,Iowa St,1816.332058092468,1779.4875897181623,2,3
2025_1277_1401,0.6098556557871558,1277,1401,Michigan St,Texas A&M,1816.332058092468,1735.8270446534461,2,4
2025_1276_1277,0.6963046693788099,1277,1276,Michigan St,Michigan,1816.332058092468,1729.3958457974386,2,5
2025_1277_1279,0.7098841883677407,1277,1279,Michigan St,Mississippi,1816.332058092468,1697.0550380157622,2,6
2025_1266_1277,0.6967835457406062,1277,1266,Michigan St,Marquette,1816.332058092468,1765.2488940225403,2,7
2025_1257_1277,0.7569236351911577,1277,1257,Michigan St,Louisville,1816.332058092468,1713.5881285897335,2,8
2025_1166_1277,0.780330723080458,1277,1166,Michigan St,Creighton,1816.332058092468,1761.4870757227866,2,9
2025_1277_1307,0.8027652369081052,1277,1307,Michigan St,New Mexico,1816.332058092468,1737.3401376920212,2,10
2025_1277_1314,0.8202067191925413,1277,1314,Michigan St,North Carolina,1816.332058092468,1732.0718376880195,2,11
2025_1277_1361,0.8208765859928495,1277,1361,Michigan St,San Diego St,1816.332058092468,1718.632552659536,2,11
2025_1277_1471,0.8427015874331355,1277,1471,Michigan St,UC San Diego,1816.332058092468,1732.0857083956137,2,12
2025_1277_1463,0.8678312887789911,1277,1463,Michigan St,Yale,1816.332058092468,1717.2452238126552,2,13
2025_1252_1277,0.8903755540515444,1277,1252,Michigan St,Lipscomb,1816.332058092468,1608.2148408183402,2,14
2025_1136_1277,0.9156299231313745,1277,1136,Michigan St,Bryant,1816.332058092468,1595.5930025243601,2,15
2025_1106_1277,0.9387468048813756,1277,1106,Michigan St,Alabama St,1816.332058092468,1445.3194949173894,2,16
2025_1277_1384,0.9396846243622716,1277,1384,Michigan St,St Francis PA,1816.332058092468,1392.3343840415646,2,16
2025_1196_1277,0.5391997292772027,1277,1196,Michigan St,Florida,1816.332058092468,1887.3965401334451,2,1
2025_1277_1385,0.5617799222469325,1277,1385,Michigan St,St John's,1816.332058092468,1843.627898958888,2,2
2025_1277_1403,0.5934020057186384,1277,1403,Michigan St,Texas Tech,1816.332058092468,1768.8852797354511,2,3
2025_1268_1277,0.6604311803557136,1277,1268,Michigan St,Maryland,1816.332058092468,1726.6530079386407,2,4
2025_1272_1277,0.6928256058679151,1277,1272,Michigan St,Memphis,1816.332058092468,1804.101743662243,2,5
2025_1277_1281,0.7091719426649972,1277,1281,Michigan St,Missouri,1816.332058092468,1628.84846306522,2,6
2025_1242_1277,0.6933374435982722,1277,1242,Michigan St,Kansas,1816.332058092468,1739.9945270353192,2,7
2025_1163_1277,0.7452321841184648,1277,1163,Michigan St,Connecticut,1816.332058092468,1817.094753861221,2,8
2025_1277_1328,0.7814630027149337,1277,1328,Michigan St,Oklahoma,1816.332058092468,1646.8371922255365,2,9
2025_1116_1277,0.8022282586633237,1277,1116,Michigan St,Arkansas,1816.332058092468,1652.2945168596477,2,10
2025_1179_1277,0.8146580632057554,1277,1179,Michigan St,Drake,1816.332058092468,1808.4056906385888,2,11
2025_1161_1277,0.8466796610300898,1277,1161,Michigan St,Colorado St,1816.332058092468,1755.9333491972916,2,12
2025_1213_1277,0.8696257164122766,1277,1213,Michigan St,Grand Canyon,1816.332058092468,1713.3482612768519,2,13
2025_1277_1423,0.8893832559253237,1277,1423,Michigan St,UNC Wilmington,1816.332058092468,1675.3212165451996,2,14
2025_1277_1303,0.9158603248857538,1277,1303,Michigan St,NE Omaha,1816.332058092468,1542.0616280843851,2,15
2025_1277_1313,0.939116502690595,1277,1313,Michigan St,Norfolk St,1816.332058092468,1575.9738168627744,2,16
2025_1235_1401,0.6181876435741682,1235,1401,Iowa St,Texas A&M,1779.4875897181623,1735.8270446534461,3,4
2025_1235_1276,0.6699371079184272,1235,1276,Iowa St,Michigan,1779.4875897181623,1729.3958457974386,3,5
2025_1235_1279,0.6921265923963117,1235,1279,Iowa St,Mississippi,1779.4875897181623,1697.0550380157622,3,6
2025_1235_1266,0.7047310091990395,1235,1266,Iowa St,Marquette,1779.4875897181623,1765.2488940225403,3,7
2025_1235_1257,0.7184143395504969,1235,1257,Iowa St,Louisville,1779.4875897181623,1713.5881285897335,3,8
2025_1166_1235,0.7573350562517198,1235,1166,Iowa St,Creighton,1779.4875897181623,1761.4870757227866,3,9
2025_1235_1307,0.779645418677153,1235,1307,Iowa St,New Mexico,1779.4875897181623,1737.3401376920212,3,10
2025_1235_1314,0.8008979127942594,1235,1314,Iowa St,North Carolina,1779.4875897181623,1732.0718376880195,3,11
2025_1235_1361,0.8011947141229184,1235,1361,Iowa St,San Diego St,1779.4875897181623,1718.632552659536,3,11
2025_1235_1471,0.8178661043968565,1235,1471,Iowa St,UC San Diego,1779.4875897181623,1732.0857083956137,3,12
2025_1235_1463,0.840556326860702,1235,1463,Iowa St,Yale,1779.4875897181623,1717.2452238126552,3,13
2025_1235_1252,0.8683531274439996,1235,1252,Iowa St,Lipscomb,1779.4875897181623,1608.2148408183402,3,14
2025_1136_1235,0.8924986714984439,1235,1136,Iowa St,Bryant,1779.4875897181623,1595.5930025243601,3,15
2025_1106_1235,0.9169594941400567,1235,1106,Iowa St,Alabama St,1779.4875897181623,1445.3194949173894,3,16
2025_1235_1384,0.9173275230192224,1235,1384,Iowa St,St Francis PA,1779.4875897181623,1392.3343840415646,3,16
2025_1196_1235,0.5410827329180969,1235,1196,Iowa St,Florida,1779.4875897181623,1887.3965401334451,3,1
2025_1235_1385,0.47458450944573605,1235,1385,Iowa St,St John's,1779.4875897181623,1843.627898958888,3,2
2025_1235_1403,0.500660634040832,1235,1403,Iowa St,Texas Tech,1779.4875897181623,1768.8852797354511,3,3
2025_1235_1268,0.5420417263969679,1235,1268,Iowa St,Maryland,1779.4875897181623,1726.6530079386407,3,4
2025_1235_1272,0.6656901577688911,1235,1272,Iowa St,Memphis,1779.4875897181623,1804.101743662243,3,5
2025_1235_1281,0.6857564651952314,1235,1281,Iowa St,Missouri,1779.4875897181623,1628.84846306522,3,6
2025_1235_1242,0.7021327533263131,1235,1242,Iowa St,Kansas,1779.4875897181623,1739.9945270353192,3,7
2025_1163_1235,0.7019391686997432,1235,1163,Iowa St,Connecticut,1779.4875897181623,1817.094753861221,3,8
2025_1235_1328,0.7638207270566972,1235,1328,Iowa St,Oklahoma,1779.4875897181623,1646.8371922255365,3,9
2025_1116_1235,0.7836203332279342,1235,1116,Iowa St,Arkansas,1779.4875897181623,1652.2945168596477,3,10
2025_1179_1235,0.776453690344003,1235,1179,Iowa St,Drake,1779.4875897181623,1808.4056906385888,3,11
2025_1161_1235,0.8245864386883146,1235,1161,Iowa St,Colorado St,1779.4875897181623,1755.9333491972916,3,12
2025_1213_1235,0.8472542498057246,1235,1213,Iowa St,Grand Canyon,1779.4875897181623,1713.3482612768519,3,13
2025_1235_1423,0.8688628961684411,1235,1423,Iowa St,UNC Wilmington,1779.4875897181623,1675.3212165451996,3,14
2025_1235_1303,0.8944534058238528,1235,1303,Iowa St,NE Omaha,1779.4875897181623,1542.0616280843851,3,15
2025_1235_1313,0.9158017931245843,1235,1313,Iowa St,Norfolk St,1779.4875897181623,1575.9738168627744,3,16
2025_1276_1401,0.584964282797267,1401,1276,Texas A&M,Michigan,1735.8270446534461,1729.3958457974386,4,5
2025_1279_1401,0.6183301547743537,1401,1279,Texas A&M,Mississippi,1735.8270446534461,1697.0550380157622,4,6
2025_1266_1401,0.5804764235005903,1401,1266,Texas A&M,Marquette,1735.8270446534461,1765.2488940225403,4,7
2025_1257_1401,0.6151527680891915,1401,1257,Texas A&M,Louisville,1735.8270446534461,1713.5881285897335,4,8
2025_1166_1401,0.7226744921288508,1401,1166,Texas A&M,Creighton,1735.8270446534461,1761.4870757227866,4,9
2025_1307_1401,0.7545120312635454,1401,1307,Texas A&M,New Mexico,1735.8270446534461,1737.3401376920212,4,10
2025_1314_1401,0.7703965659473556,1401,1314,Texas A&M,North Carolina,1735.8270446534461,1732.0718376880195,4,11
2025_1361_1401,0.7764748390052932,1401,1361,Texas A&M,San Diego St,1735.8270446534461,1718.632552659536,4,11
2025_1401_1471,0.7902860508500608,1401,1471,Texas A&M,UC San Diego,1735.8270446534461,1732.0857083956137,4,12
2025_1401_1463,0.8186633761253721,1401,1463,Texas A&M,Yale,1735.8270446534461,1717.2452238126552,4,13
2025_1252_1401,0.8432675633376002,1401,1252,Texas A&M,Lipscomb,1735.8270446534461,1608.2148408183402,4,14
2025_1136_1401,0.866735189163894,1401,1136,Texas A&M,Bryant,1735.8270446534461,1595.5930025243601,4,15
2025_1106_1401,0.8923577661181948,1401,1106,Texas A&M,Alabama St,1735.8270446534461,1445.3194949173894,4,16
2025_1384_1401,0.8919588918353579,1401,1384,Texas A&M,St Francis PA,1735.8270446534461,1392.3343840415646,4,16
2025_1196_1401,0.5514263725294535,1401,1196,Texas A&M,Florida,1735.8270446534461,1887.3965401334451,4,1
2025_1385_1401,0.43420915359480516,1401,1385,Texas A&M,St John's,1735.8270446534461,1843.627898958888,4,2
2025_1401_1403,0.47129855008275234,1401,1403,Texas A&M,Texas Tech,1735.8270446534461,1768.8852797354511,4,3
2025_1268_1401,0.4578674346208568,1401,1268,Texas A&M,Maryland,1735.8270446534461,1726.6530079386407,4,4
2025_1272_1401,0.6157100424036284,1401,1272,Texas A&M,Memphis,1735.8270446534461,1804.101743662243,4,5
2025_1281_1401,0.6584521869398811,1401,1281,Texas A&M,Missouri,1735.8270446534461,1628.84846306522,4,6
2025_1242_1401,0.5932782345996427,1401,1242,Texas A&M,Kansas,1735.8270446534461,1739.9945270353192,4,7
2025_1163_1401,0.6741536178130074,1401,1163,Texas A&M,Connecticut,1735.8270446534461,1817.094753861221,4,8
2025_1328_1401,0.7376382978043574,1401,1328,Texas A&M,Oklahoma,1735.8270446534461,1646.8371922255365,4,9
2025_1116_1401,0.7571023299161943,1401,1116,Texas A&M,Arkansas,1735.8270446534461,1652.2945168596477,4,10
2025_1179_1401,0.7362675572965759,1401,1179,Texas A&M,Drake,1735.8270446534461,1808.4056906385888,4,11
2025_1161_1401,0.7954825029908689,1401,1161,Texas A&M,Colorado St,1735.8270446534461,1755.9333491972916,4,12
2025_1213_1401,0.8202113683548338,1401,1213,Texas A&M,Grand Canyon,1735.8270446534461,1713.3482612768519,4,13
2025_1401_1423,0.8428726527636409,1401,1423,Texas A&M,UNC Wilmington,1735.8270446534461,1675.3212165451996,4,14
2025_1303_1401,0.8658538450839227,1401,1303,Texas A&M,NE Omaha,1735.8270446534461,1542.0616280843851,4,15
2025_1313_1401,0.8882686788703463,1401,1313,Texas A&M,Norfolk St,1735.8270446534461,1575.9738168627744,4,16
2025_1276_1279,0.5601618960365553,1276,1279,Michigan,Mississippi,1729.3958457974386,1697.0550380157622,5,6
2025_1266_1276,0.503686901388333,1276,1266,Michigan,Marquette,1729.3958457974386,1765.2488940225403,5,7
2025_1257_1276,0.6008428388820218,1276,1257,Michigan,Louisville,1729.3958457974386,1713.5881285897335,5,8
2025_1166_1276,0.6918927945631905,1276,1166,Michigan,Creighton,1729.3958457974386,1761.4870757227866,5,9
2025_1276_1307,0.7301707298836726,1276,1307,Michigan,New Mexico,1729.3958457974386,1737.3401376920212,5,10
2025_1276_1314,0.7453137828771623,1276,1314,Michigan,North Carolina,1729.3958457974386,1732.0718376880195,5,11
2025_1276_1361,0.7431051327650102,1276,1361,Michigan,San Diego St,1729.3958457974386,1718.632552659536,5,11
2025_1276_1471,0.7702261860702652,1276,1471,Michigan,UC San Diego,1729.3958457974386,1732.0857083956137,5,12
2025_1276_1463,0.7908615336953672,1276,1463,Michigan,Yale,1729.3958457974386,1717.2452238126552,5,13
2025_1252_1276,0.8187820489731199,1276,1252,Michigan,Lipscomb,1729.3958457974386,1608.2148408183402,5,14
2025_1136_1276,0.8458046946471095,1276,1136,Michigan,Bryant,1729.3958457974386,1595.5930025243601,5,15
2025_1106_1276,0.8687276234271234,1276,1106,Michigan,Alabama St,1729.3958457974386,1445.3194949173894,5,16
2025_1276_1384,0.8699049045684045,1276,1384,Michigan,St Francis PA,1729.3958457974386,1392.3343840415646,5,16
2025_1196_1276,0.5219856105309556,1276,1196,Michigan,Florida,1729.3958457974386,1887.3965401334451,5,1
2025_1276_1385,0.4987736409916346,1276,1385,Michigan,St John's,1729.3958457974386,1843.627898958888,5,2
2025_1276_1403,0.5061126729272141,1276,1403,Michigan,Texas Tech,1729.3958457974386,1768.8852797354511,5,3
2025_1268_1276,0.396290120495865,1276,1268,Michigan,Maryland,1729.3958457974386,1726.6530079386407,5,4
2025_1272_1276,0.5490507245063777,1276,1272,Michigan,Memphis,1729.3958457974386,1804.101743662243,5,5
2025_1276_1281,0.5949017330869932,1276,1281,Michigan,Missouri,1729.3958457974386,1628.84846306522,5,6
2025_1242_1276,0.5080170968748786,1276,1242,Michigan,Kansas,1729.3958457974386,1739.9945270353192,5,7
2025_1163_1276,0.6145271712527799,1276,1163,Michigan,Connecticut,1729.3958457974386,1817.094753861221,5,8
2025_1276_1328,0.7127892591494485,1276,1328,Michigan,Oklahoma,1729.3958457974386,1646.8371922255365,5,9
2025_1116_1276,0.7347665460190791,1276,1116,Michigan,Arkansas,1729.3958457974386,1652.2945168596477,5,10
2025_1179_1276,0.6874118043844255,1276,1179,Michigan,Drake,1729.3958457974386,1808.4056906385888,5,11
2025_1161_1276,0.7714029307697433,1276,1161,Michigan,Colorado St,1729.3958457974386,1755.9333491972916,5,12
2025_1213_1276,0.790721313768533,1276,1213,Michigan,Grand Canyon,1729.3958457974386,1713.3482612768519,5,13
2025_1276_1423,0.815618681463278,1276,1423,Michigan,UNC Wilmington,1729.3958457974386,1675.3212165451996,5,14
2025_1276_1303,0.8440464172308803,1276,1303,Michigan,NE Omaha,1729.3958457974386,1542.0616280843851,5,15
2025_1276_1313,0.8666373183371728,1276,1313,Michigan,Norfolk St,1729.3958457974386,1575.9738168627744,5,16
2025_1266_1279,0.4607558771833677,1279,1266,Mississippi,Marquette,1697.0550380157622,1765.2488940225403,6,7
2025_1257_1279,0.43823008632437965,1279,1257,Mississippi,Louisville,1697.0550380157622,1713.5881285897335,6,8
2025_1166_1279,0.639992987512164,1279,1166,Mississippi,Creighton,1697.0550380157622,1761.4870757227866,6,9
2025_1279_1307,0.6941555358904763,1279,1307,Mississippi,New Mexico,1697.0550380157622,1737.3401376920212,6,10
2025_1279_1314,0.6944968284449595,1279,1314,Mississippi,North Carolina,1697.0550380157622,1732.0718376880195,6,11
2025_1279_1361,0.7186155648312587,1279,1361,Mississippi,San Diego St,1697.0550380157622,1718.632552659536,6,11
2025_1279_1471,0.7179321243230852,1279,1471,Mississippi,UC San Diego,1697.0550380157622,1732.0857083956137,6,12
2025_1279_1463,0.7608336265419143,1279,1463,Mississippi,Yale,1697.0550380157622,1717.2452238126552,6,13
2025_1252_1279,0.7944619224607022,1279,1252,Mississippi,Lipscomb,1697.0550380157622,1608.2148408183402,6,14
2025_1136_1279,0.8221971268978483,1279,1136,Mississippi,Bryant,1697.0550380157622,1595.5930025243601,6,15
2025_1106_1279,0.8442037436907649,1279,1106,Mississippi,Alabama St,1697.0550380157622,1445.3194949173894,6,16
2025_1279_1384,0.8457263741438746,1279,1384,Mississippi,St Francis PA,1697.0550380157622,1392.3343840415646,6,16
2025_1196_1279,0.514957108966348,1279,1196,Mississippi,Florida,1697.0550380157622,1887.3965401334451,6,1
2025_1279_1385,0.5413263342839311,1279,1385,Mississippi,St John's,1697.0550380157622,1843.627898958888,6,2
2025_1279_1403,0.5084912991537516,1279,1403,Mississippi,Texas Tech,1697.0550380157622,1768.8852797354511,6,3
2025_1268_1279,0.4167801221631302,1279,1268,Mississippi,Maryland,1697.0550380157622,1726.6530079386407,6,4
2025_1272_1279,0.4798055336013528,1279,1272,Mississippi,Memphis,1697.0550380157622,1804.101743662243,6,5
2025_1279_1281,0.4426986485719676,1279,1281,Mississippi,Missouri,1697.0550380157622,1628.84846306522,6,6
2025_1242_1279,0.44165897368042656,1279,1242,Mississippi,Kansas,1697.0550380157622,1739.9945270353192,6,7
2025_1163_1279,0.5782576093651511,1279,1163,Mississippi,Connecticut,1697.0550380157622,1817.094753861221,6,8
2025_1279_1328,0.6758146488652753,1279,1328,Mississippi,Oklahoma,1697.0550380157622,1646.8371922255365,6,9
2025_1116_1279,0.7073467590350075,1279,1116,Mississippi,Arkansas,1697.0550380157622,1652.2945168596477,6,10
2025_1179_1279,0.6647456468424815,1279,1179,Mississippi,Drake,1697.0550380157622,1808.4056906385888,6,11
2025_1161_1279,0.7272981001798662,1279,1161,Mississippi,Colorado St,1697.0550380157622,1755.9333491972916,6,12
2025_1213_1279,0.7734601254795211,1279,1213,Mississippi,Grand Canyon,1697.0550380157622,1713.3482612768519,6,13
2025_1279_1423,0.7897993491231473,1279,1423,Mississippi,UNC Wilmington,1697.0550380157622,1675.3212165451996,6,14
2025_1279_1303,0.8177086289253599,1279,1303,Mississippi,NE Omaha,1697.0550380157622,1542.0616280843851,6,15
2025_1279_1313,0.8423061106150508,1279,1313,Mississippi,Norfolk St,1697.0550380157622,1575.9738168627744,6,16
2025_1257_1266,0.40262507273404785,1266,1257,Marquette,Louisville,1765.2488940225403,1713.5881285897335,7,8
2025_1166_1266,0.6516960004545905,1266,1166,Marquette,Creighton,1765.2488940225403,1761.4870757227866,7,9
2025_1266_1307,0.6929504477963971,1266,1307,Marquette,New Mexico,1765.2488940225403,1737.3401376920212,7,10
2025_1266_1314,0.7036881663340493,1266,1314,Marquette,North Carolina,1765.2488940225403,1732.0718376880195,7,11
2025_1266_1361,0.7136204161185189,1266,1361,Marquette,San Diego St,1765.2488940225403,1718.632552659536,7,11
2025_1266_1471,0.724471810587408,1266,1471,Marquette,UC San Diego,1765.2488940225403,1732.0857083956137,7,12
2025_1266_1463,0.7459685100976976,1266,1463,Marquette,Yale,1765.2488940225403,1717.2452238126552,7,13
2025_1252_1266,0.7754678483341354,1266,1252,Marquette,Lipscomb,1765.2488940225403,1608.2148408183402,7,14
2025_1136_1266,0.8020782635747464,1266,1136,Marquette,Bryant,1765.2488940225403,1595.5930025243601,7,15
2025_1106_1266,0.8248416657772428,1266,1106,Marquette,Alabama St,1765.2488940225403,1445.3194949173894,7,16
2025_1266_1384,0.8245229597416288,1266,1384,Marquette,St Francis PA,1765.2488940225403,1392.3343840415646,7,16
2025_1196_1266,0.5018491373594246,1266,1196,Marquette,Florida,1765.2488940225403,1887.3965401334451,7,1
2025_1266_1385,0.5055866031565641,1266,1385,Marquette,St John's,1765.2488940225403,1843.627898958888,7,2
2025_1266_1403,0.43447272996721964,1266,1403,Marquette,Texas Tech,1765.2488940225403,1768.8852797354511,7,3
2025_1266_1268,0.3429008415355151,1266,1268,Marquette,Maryland,1765.2488940225403,1726.6530079386407,7,4
2025_1266_1272,0.5127479513905777,1266,1272,Marquette,Memphis,1765.2488940225403,1804.101743662243,7,5
2025_1266_1281,0.3977770254150125,1266,1281,Marquette,Missouri,1765.2488940225403,1628.84846306522,7,6
2025_1242_1266,0.5718620032072063,1266,1242,Marquette,Kansas,1765.2488940225403,1739.9945270353192,7,7
2025_1163_1266,0.5797443315252562,1266,1163,Marquette,Connecticut,1765.2488940225403,1817.094753861221,7,8
2025_1266_1328,0.67417565381305,1266,1328,Marquette,Oklahoma,1765.2488940225403,1646.8371922255365,7,9
2025_1116_1266,0.6965930366502332,1266,1116,Marquette,Arkansas,1765.2488940225403,1652.2945168596477,7,10
2025_1179_1266,0.6645295240420266,1266,1179,Marquette,Drake,1765.2488940225403,1808.4056906385888,7,11
2025_1161_1266,0.7307602198205012,1266,1161,Marquette,Colorado St,1765.2488940225403,1755.9333491972916,7,12
2025_1213_1266,0.7573264135782274,1266,1213,Marquette,Grand Canyon,1765.2488940225403,1713.3482612768519,7,13
2025_1266_1423,0.7757893259857315,1266,1423,Marquette,UNC Wilmington,1765.2488940225403,1675.3212165451996,7,14
2025_1266_1303,0.797963278108743,1266,1303,Marquette,NE Omaha,1765.2488940225403,1542.0616280843851,7,15
2025_1266_1313,0.823360996994055,1266,1313,Marquette,Norfolk St,1765.2488940225403,1575.9738168627744,7,16
2025_1166_1257,0.5718111619219084,1257,1166,Louisville,Creighton,1713.5881285897335,1761.4870757227866,8,9
2025_1257_1307,0.6559204200484016,1257,1307,Louisville,New Mexico,1713.5881285897335,1737.3401376920212,8,10
2025_1257_1314,0.6729663813100385,1257,1314,Louisville,North Carolina,1713.5881285897335,1732.0718376880195,8,11
2025_1257_1361,0.649760534761958,1257,1361,Louisville,San Diego St,1713.5881285897335,1718.632552659536,8,11
2025_1257_1471,0.7008548595446511,1257,1471,Louisville,UC San Diego,1713.5881285897335,1732.0857083956137,8,12
2025_1257_1463,0.7281558544716853,1257,1463,Louisville,Yale,1713.5881285897335,1717.2452238126552,8,13
2025_1252_1257,0.7387308074895891,1257,1252,Louisville,Lipscomb,1713.5881285897335,1608.2148408183402,8,14
2025_1136_1257,0.782770818028273,1257,1136,Louisville,Bryant,1713.5881285897335,1595.5930025243601,8,15
2025_1106_1257,0.8009977803765805,1257,1106,Louisville,Alabama St,1713.5881285897335,1445.3194949173894,8,16
2025_1257_1384,0.8017872438966306,1257,1384,Louisville,St Francis PA,1713.5881285897335,1392.3343840415646,8,16
2025_1196_1257,0.46700677916067623,1257,1196,Louisville,Florida,1713.5881285897335,1887.3965401334451,8,1
2025_1257_1385,0.48580550413684465,1257,1385,Louisville,St John's,1713.5881285897335,1843.627898958888,8,2
2025_1257_1403,0.45761530982637155,1257,1403,Louisville,Texas Tech,1713.5881285897335,1768.8852797354511,8,3
2025_1257_1268,0.4576516203147004,1257,1268,Louisville,Maryland,1713.5881285897335,1726.6530079386407,8,4
2025_1257_1272,0.36167067945141246,1257,1272,Louisville,Memphis,1713.5881285897335,1804.101743662243,8,5
2025_1257_1281,0.4066628297589554,1257,1281,Louisville,Missouri,1713.5881285897335,1628.84846306522,8,6
2025_1242_1257,0.3747189648583623,1257,1242,Louisville,Kansas,1713.5881285897335,1739.9945270353192,8,7
2025_1163_1257,0.42703939080238296,1257,1163,Louisville,Connecticut,1713.5881285897335,1817.094753861221,8,8
2025_1257_1328,0.6244208589061995,1257,1328,Louisville,Oklahoma,1713.5881285897335,1646.8371922255365,8,9
2025_1116_1257,0.6530751923300483,1257,1116,Louisville,Arkansas,1713.5881285897335,1652.2945168596477,8,10
2025_1179_1257,0.5740321034179258,1257,1179,Louisville,Drake,1713.5881285897335,1808.4056906385888,8,11
2025_1161_1257,0.691533229543583,1257,1161,Louisville,Colorado St,1713.5881285897335,1755.9333491972916,8,12
2025_1213_1257,0.717510345705511,1257,1213,Louisville,Grand Canyon,1713.5881285897335,1713.3482612768519,8,13
2025_1257_1423,0.7341745390359911,1257,1423,Louisville,UNC Wilmington,1713.5881285897335,1675.3212165451996,8,14
2025_1257_1303,0.7832427974079269,1257,1303,Louisville,NE Omaha,1713.5881285897335,1542.0616280843851,8,15
2025_1257_1313,0.8002063499032529,1257,1313,Louisville,Norfolk St,1713.5881285897335,1575.9738168627744,8,16
2025_1166_1307,0.6223344579204817,1166,1307,Creighton,New Mexico,1761.4870757227866,1737.3401376920212,9,10
2025_1166_1314,0.6105154345013358,1166,1314,Creighton,North Carolina,1761.4870757227866,1732.0718376880195,9,11
2025_1166_1361,0.6274609456040122,1166,1361,Creighton,San Diego St,1761.4870757227866,1718.632552659536,9,11
2025_1166_1471,0.6768397593484449,1166,1471,Creighton,UC San Diego,1761.4870757227866,1732.0857083956137,9,12
2025_1166_1463,0.7066488780516549,1166,1463,Creighton,Yale,1761.4870757227866,1717.2452238126552,9,13
2025_1166_1252,0.7329499454579371,1166,1252,Creighton,Lipscomb,1761.4870757227866,1608.2148408183402,9,14
2025_1136_1166,0.7583521797124895,1166,1136,Creighton,Bryant,1761.4870757227866,1595.5930025243601,9,15
2025_1106_1166,0.7810466344688552,1166,1106,Creighton,Alabama St,1761.4870757227866,1445.3194949173894,9,16
2025_1166_1384,0.7798895294998306,1166,1384,Creighton,St Francis PA,1761.4870757227866,1392.3343840415646,9,16
2025_1166_1196,0.46824556130776085,1166,1196,Creighton,Florida,1761.4870757227866,1887.3965401334451,9,1
2025_1166_1385,0.48173118278044247,1166,1385,Creighton,St John's,1761.4870757227866,1843.627898958888,9,2
2025_1166_1403,0.4976294265325508,1166,1403,Creighton,Texas Tech,1761.4870757227866,1768.8852797354511,9,3
2025_1166_1268,0.5069377212443327,1166,1268,Creighton,Maryland,1761.4870757227866,1726.6530079386407,9,4
2025_1166_1272,0.49643473844347696,1166,1272,Creighton,Memphis,1761.4870757227866,1804.101743662243,9,5
2025_1166_1281,0.5076156324161951,1166,1281,Creighton,Missouri,1761.4870757227866,1628.84846306522,9,6
2025_1166_1242,0.5457896819136872,1166,1242,Creighton,Kansas,1761.4870757227866,1739.9945270353192,9,7
2025_1163_1166,0.46782531292588436,1166,1163,Creighton,Connecticut,1761.4870757227866,1817.094753861221,9,8
2025_1166_1328,0.5913641065359111,1166,1328,Creighton,Oklahoma,1761.4870757227866,1646.8371922255365,9,9
2025_1116_1166,0.632551796720912,1166,1116,Creighton,Arkansas,1761.4870757227866,1652.2945168596477,9,10
2025_1166_1179,0.6028624216295936,1166,1179,Creighton,Drake,1761.4870757227866,1808.4056906385888,9,11
2025_1161_1166,0.6860394680486249,1166,1161,Creighton,Colorado St,1761.4870757227866,1755.9333491972916,9,12
2025_1166_1213,0.7097316004771157,1166,1213,Creighton,Grand Canyon,1761.4870757227866,1713.3482612768519,9,13
2025_1166_1423,0.7311208875260371,1166,1423,Creighton,UNC Wilmington,1761.4870757227866,1675.3212165451996,9,14
2025_1166_1303,0.7561014189188036,1166,1303,Creighton,NE Omaha,1761.4870757227866,1542.0616280843851,9,15
2025_1166_1313,0.7774865384433883,1166,1313,Creighton,Norfolk St,1761.4870757227866,1575.9738168627744,9,16
2025_1307_1314,0.5223809257015486,1307,1314,New Mexico,North Carolina,1737.3401376920212,1732.0718376880195,10,11
2025_1307_1361,0.6062827631696959,1307,1361,New Mexico,San Diego St,1737.3401376920212,1718.632552659536,10,11
2025_1307_1471,0.6291575173117377,1307,1471,New Mexico,UC San Diego,1737.3401376920212,1732.0857083956137,10,12
2025_1307_1463,0.6692523562894391,1307,1463,New Mexico,Yale,1737.3401376920212,1717.2452238126552,10,13
2025_1252_1307,0.7014257528323098,1307,1252,New Mexico,Lipscomb,1737.3401376920212,1608.2148408183402,10,14
2025_1136_1307,0.7295738787732142,1307,1136,New Mexico,Bryant,1737.3401376920212,1595.5930025243601,10,15
2025_1106_1307,0.7559641494218858,1307,1106,New Mexico,Alabama St,1737.3401376920212,1445.3194949173894,10,16
2025_1307_1384,0.7571050419275316,1307,1384,New Mexico,St Francis PA,1737.3401376920212,1392.3343840415646,10,16
2025_1196_1307,0.43191170140835,1307,1196,New Mexico,Florida,1737.3401376920212,1887.3965401334451,10,1
2025_1307_1385,0.45953762072930016,1307,1385,New Mexico,St John's,1737.3401376920212,1843.627898958888,10,2
2025_1307_1403,0.46622124954718136,1307,1403,New Mexico,Texas Tech,1737.3401376920212,1768.8852797354511,10,3
2025_1268_1307,0.4626798705394707,1307,1268,New Mexico,Maryland,1737.3401376920212,1726.6530079386407,10,4
2025_1272_1307,0.4801497398533796,1307,1272,New Mexico,Memphis,1737.3401376920212,1804.101743662243,10,5
2025_1281_1307,0.4719292573195527,1307,1281,New Mexico,Missouri,1737.3401376920212,1628.84846306522,10,6
2025_1242_1307,0.5036623394503061,1307,1242,New Mexico,Kansas,1737.3401376920212,1739.9945270353192,10,7
2025_1163_1307,0.4329210003636612,1307,1163,New Mexico,Connecticut,1737.3401376920212,1817.094753861221,10,8
2025_1307_1328,0.4578473612800332,1307,1328,New Mexico,Oklahoma,1737.3401376920212,1646.8371922255365,10,9
2025_1116_1307,0.5526142030954356,1307,1116,New Mexico,Arkansas,1737.3401376920212,1652.2945168596477,10,10
2025_1179_1307,0.5171980634197493,1307,1179,New Mexico,Drake,1737.3401376920212,1808.4056906385888,10,11
2025_1161_1307,0.6495795289255836,1307,1161,New Mexico,Colorado St,1737.3401376920212,1755.9333491972916,10,12
2025_1213_1307,0.6793875896916913,1307,1213,New Mexico,Grand Canyon,1737.3401376920212,1713.3482612768519,10,13
2025_1307_1423,0.7013522305029793,1307,1423,New Mexico,UNC Wilmington,1737.3401376920212,1675.3212165451996,10,14
2025_1303_1307,0.725084546335699,1307,1303,New Mexico,NE Omaha,1737.3401376920212,1542.0616280843851,10,15
2025_1307_1313,0.747505177444652,1307,1313,New Mexico,Norfolk St,1737.3401376920212,1575.9738168627744,10,16
2025_1314_1361,0.5714899510145183,1314,1361,North Carolina,San Diego St,1732.0718376880195,1718.632552659536,11,11
2025_1314_1471,0.6191326156124373,1314,1471,North Carolina,UC San Diego,1732.0718376880195,1732.0857083956137,11,12
2025_1314_1463,0.6493057647921302,1314,1463,North Carolina,Yale,1732.0718376880195,1717.2452238126552,11,13
2025_1252_1314,0.6888945901380109,1314,1252,North Carolina,Lipscomb,1732.0718376880195,1608.2148408183402,11,14
2025_1136_1314,0.7161426760691567,1314,1136,North Carolina,Bryant,1732.0718376880195,1595.5930025243601,11,15
2025_1106_1314,0.7344932885251063,1314,1106,North Carolina,Alabama St,1732.0718376880195,1445.3194949173894,11,16
2025_1314_1384,0.7349158556542414,1314,1384,North Carolina,St Francis PA,1732.0718376880195,1392.3343840415646,11,16
2025_1196_1314,0.41951388979502957,1314,1196,North Carolina,Florida,1732.0718376880195,1887.3965401334451,11,1
2025_1314_1385,0.4429421667728062,1314,1385,North Carolina,St John's,1732.0718376880195,1843.627898958888,11,2
2025_1314_1403,0.4531935109556643,1314,1403,North Carolina,Texas Tech,1732.0718376880195,1768.8852797354511,11,3
2025_1268_1314,0.464769906249223,1314,1268,North Carolina,Maryland,1732.0718376880195,1726.6530079386407,11,4
2025_1272_1314,0.4708497897918663,1314,1272,North Carolina,Memphis,1732.0718376880195,1804.101743662243,11,5
2025_1281_1314,0.45267457651281107,1314,1281,North Carolina,Missouri,1732.0718376880195,1628.84846306522,11,6
2025_1242_1314,0.5229503117066453,1314,1242,North Carolina,Kansas,1732.0718376880195,1739.9945270353192,11,7
2025_1163_1314,0.4349120175852244,1314,1163,North Carolina,Connecticut,1732.0718376880195,1817.094753861221,11,8
2025_1314_1328,0.4046276291630997,1314,1328,North Carolina,Oklahoma,1732.0718376880195,1646.8371922255365,11,9
2025_1116_1314,0.5568575605884286,1314,1116,North Carolina,Arkansas,1732.0718376880195,1652.2945168596477,11,10
2025_1179_1314,0.5283322840929027,1314,1179,North Carolina,Drake,1732.0718376880195,1808.4056906385888,11,11
2025_1161_1314,0.6297482624515791,1314,1161,North Carolina,Colorado St,1732.0718376880195,1755.9333491972916,11,12
2025_1213_1314,0.662913207171128,1314,1213,North Carolina,Grand Canyon,1732.0718376880195,1713.3482612768519,11,13
2025_1314_1423,0.684178670643382,1314,1423,North Carolina,UNC Wilmington,1732.0718376880195,1675.3212165451996,11,14
2025_1303_1314,0.7153002836245461,1314,1303,North Carolina,NE Omaha,1732.0718376880195,1542.0616280843851,11,15
2025_1313_1314,0.7328972847542781,1314,1313,North Carolina,Norfolk St,1732.0718376880195,1575.9738168627744,11,16
2025_1361_1471,0.44416605679838844,1361,1471,San Diego St,UC San Diego,1718.632552659536,1732.0857083956137,11,12
2025_1361_1463,0.6556178072668769,1361,1463,San Diego St,Yale,1718.632552659536,1717.2452238126552,11,13
2025_1252_1361,0.6899086141572522,1361,1252,San Diego St,Lipscomb,1718.632552659536,1608.2148408183402,11,14
2025_1136_1361,0.7117635526198312,1361,1136,San Diego St,Bryant,1718.632552659536,1595.5930025243601,11,15
2025_1106_1361,0.7360119552693385,1361,1106,San Diego St,Alabama St,1718.632552659536,1445.3194949173894,11,16
2025_1361_1384,0.7363246412358302,1361,1384,San Diego St,St Francis PA,1718.632552659536,1392.3343840415646,11,16
2025_1196_1361,0.42130643988200467,1361,1196,San Diego St,Florida,1718.632552659536,1887.3965401334451,11,1
2025_1361_1385,0.44956960722538186,1361,1385,San Diego St,St John's,1718.632552659536,1843.627898958888,11,2
2025_1361_1403,0.45993700165161766,1361,1403,San Diego St,Texas Tech,1718.632552659536,1768.8852797354511,11,3
2025_1268_1361,0.47331372543829464,1361,1268,San Diego St,Maryland,1718.632552659536,1726.6530079386407,11,4
2025_1272_1361,0.5068515465791664,1361,1272,San Diego St,Memphis,1718.632552659536,1804.101743662243,11,5
2025_1281_1361,0.44568319009923685,1361,1281,San Diego St,Missouri,1718.632552659536,1628.84846306522,11,6
2025_1242_1361,0.5370498500329087,1361,1242,San Diego St,Kansas,1718.632552659536,1739.9945270353192,11,7
2025_1163_1361,0.5446207737936442,1361,1163,San Diego St,Connecticut,1718.632552659536,1817.094753861221,11,8
2025_1328_1361,0.550351091267897,1361,1328,San Diego St,Oklahoma,1718.632552659536,1646.8371922255365,11,9
2025_1116_1361,0.41792327613980496,1361,1116,San Diego St,Arkansas,1718.632552659536,1652.2945168596477,11,10
2025_1179_1361,0.4549272194504733,1361,1179,San Diego St,Drake,1718.632552659536,1808.4056906385888,11,11
2025_1161_1361,0.47498738764374443,1361,1161,San Diego St,Colorado St,1718.632552659536,1755.9333491972916,11,12
2025_1213_1361,0.6567503253199317,1361,1213,San Diego St,Grand Canyon,1718.632552659536,1713.3482612768519,11,13
2025_1361_1423,0.6821997666345166,1361,1423,San Diego St,UNC Wilmington,1718.632552659536,1675.3212165451996,11,14
2025_1303_1361,0.7079232849615975,1361,1303,San Diego St,NE Omaha,1718.632552659536,1542.0616280843851,11,15
2025_1313_1361,0.7286420793614405,1361,1313,San Diego St,Norfolk St,1718.632552659536,1575.9738168627744,11,16
2025_1463_1471,0.6468386128410597,1471,1463,UC San Diego,Yale,1732.0857083956137,1717.2452238126552,12,13
2025_1252_1471,0.6696830729223945,1471,1252,UC San Diego,Lipscomb,1732.0857083956137,1608.2148408183402,12,14
2025_1136_1471,0.6987398171411084,1471,1136,UC San Diego,Bryant,1732.0857083956137,1595.5930025243601,12,15
2025_1106_1471,0.7170599617499276,1471,1106,UC San Diego,Alabama St,1732.0857083956137,1445.3194949173894,12,16
2025_1384_1471,0.7169358350771828,1471,1384,UC San Diego,St Francis PA,1732.0857083956137,1392.3343840415646,12,16
2025_1196_1471,0.4077407548783124,1471,1196,UC San Diego,Florida,1732.0857083956137,1887.3965401334451,12,1
2025_1385_1471,0.42476049924441617,1471,1385,UC San Diego,St John's,1732.0857083956137,1843.627898958888,12,2
2025_1403_1471,0.44972150966259195,1471,1403,UC San Diego,Texas Tech,1732.0857083956137,1768.8852797354511,12,3
2025_1268_1471,0.45723187465080894,1471,1268,UC San Diego,Maryland,1732.0857083956137,1726.6530079386407,12,4
2025_1272_1471,0.4743647639419415,1471,1272,UC San Diego,Memphis,1732.0857083956137,1804.101743662243,12,5
2025_1281_1471,0.48050873737887956,1471,1281,UC San Diego,Missouri,1732.0857083956137,1628.84846306522,12,6
2025_1242_1471,0.5092097012915586,1471,1242,UC San Diego,Kansas,1732.0857083956137,1739.9945270353192,12,7
2025_1163_1471,0.5213144920331071,1471,1163,UC San Diego,Connecticut,1732.0857083956137,1817.094753861221,12,8
2025_1328_1471,0.4048631107820933,1471,1328,UC San Diego,Oklahoma,1732.0857083956137,1646.8371922255365,12,9
2025_1116_1471,0.4484915515206589,1471,1116,UC San Diego,Arkansas,1732.0857083956137,1652.2945168596477,12,10
2025_1179_1471,0.38181731553227627,1471,1179,UC San Diego,Drake,1732.0857083956137,1808.4056906385888,12,11
2025_1161_1471,0.6029666721820827,1471,1161,UC San Diego,Colorado St,1732.0857083956137,1755.9333491972916,12,12
2025_1213_1471,0.6301628425583143,1471,1213,UC San Diego,Grand Canyon,1732.0857083956137,1713.3482612768519,12,13
2025_1423_1471,0.6650809088923194,1471,1423,UC San Diego,UNC Wilmington,1732.0857083956137,1675.3212165451996,12,14
2025_1303_1471,0.6964456343637037,1471,1303,UC San Diego,NE Omaha,1732.0857083956137,1542.0616280843851,12,15
2025_1313_1471,0.7155625738638802,1471,1313,UC San Diego,Norfolk St,1732.0857083956137,1575.9738168627744,12,16
2025_1252_1463,0.6089521869882841,1463,1252,Yale,Lipscomb,1717.2452238126552,1608.2148408183402,13,14
2025_1136_1463,0.6759923437811591,1463,1136,Yale,Bryant,1717.2452238126552,1595.5930025243601,13,15
2025_1106_1463,0.6871442401395368,1463,1106,Yale,Alabama St,1717.2452238126552,1445.3194949173894,13,16
2025_1384_1463,0.6831833028779554,1463,1384,Yale,St Francis PA,1717.2452238126552,1392.3343840415646,13,16
2025_1196_1463,0.3854449217651833,1463,1196,Yale,Florida,1717.2452238126552,1887.3965401334451,13,1
2025_1385_1463,0.4055696556923688,1463,1385,Yale,St John's,1717.2452238126552,1843.627898958888,13,2
2025_1403_1463,0.42701471710749905,1463,1403,Yale,Texas Tech,1717.2452238126552,1768.8852797354511,13,3
2025_1268_1463,0.4389650766524906,1463,1268,Yale,Maryland,1717.2452238126552,1726.6530079386407,13,4
2025_1272_1463,0.46210914391884483,1463,1272,Yale,Memphis,1717.2452238126552,1804.101743662243,13,5
2025_1281_1463,0.4713434641029217,1463,1281,Yale,Missouri,1717.2452238126552,1628.84846306522,13,6
2025_1242_1463,0.49638154368953324,1463,1242,Yale,Kansas,1717.2452238126552,1739.9945270353192,13,7
2025_1163_1463,0.5239931731142973,1463,1163,Yale,Connecticut,1717.2452238126552,1817.094753861221,13,8
2025_1328_1463,0.4989779941302369,1463,1328,Yale,Oklahoma,1717.2452238126552,1646.8371922255365,13,9
2025_1116_1463,0.49161360323566844,1463,1116,Yale,Arkansas,1717.2452238126552,1652.2945168596477,13,10
2025_1179_1463,0.5607846161149277,1463,1179,Yale,Drake,1717.2452238126552,1808.4056906385888,13,11
2025_1161_1463,0.5605114892259332,1463,1161,Yale,Colorado St,1717.2452238126552,1755.9333491972916,13,12
2025_1213_1463,0.4840339630842204,1463,1213,Yale,Grand Canyon,1717.2452238126552,1713.3482612768519,13,13
2025_1423_1463,0.6163841411337156,1463,1423,Yale,UNC Wilmington,1717.2452238126552,1675.3212165451996,13,14
2025_1303_1463,0.6737873891569831,1463,1303,Yale,NE Omaha,1717.2452238126552,1542.0616280843851,13,15
2025_1313_1463,0.6794265115247297,1463,1313,Yale,Norfolk St,1717.2452238126552,1575.9738168627744,13,16
2025_1136_1252,0.6496708765491743,1252,1136,Lipscomb,Bryant,1608.2148408183402,1595.5930025243601,14,15
2025_1106_1252,0.6721553841807105,1252,1106,Lipscomb,Alabama St,1608.2148408183402,1445.3194949173894,14,16
2025_1252_1384,0.6739708522536018,1252,1384,Lipscomb,St Francis PA,1608.2148408183402,1392.3343840415646,14,16
2025_1196_1252,0.3624019744134877,1252,1196,Lipscomb,Florida,1608.2148408183402,1887.3965401334451,14,1
2025_1252_1385,0.3840555971001137,1252,1385,Lipscomb,St John's,1608.2148408183402,1843.627898958888,14,2
2025_1252_1403,0.4085170755741895,1252,1403,Lipscomb,Texas Tech,1608.2148408183402,1768.8852797354511,14,3
2025_1252_1268,0.4254211273247842,1252,1268,Lipscomb,Maryland,1608.2148408183402,1726.6530079386407,14,4
2025_1252_1272,0.4427781347903843,1252,1272,Lipscomb,Memphis,1608.2148408183402,1804.101743662243,14,5
2025_1252_1281,0.4573305501402346,1252,1281,Lipscomb,Missouri,1608.2148408183402,1628.84846306522,14,6
2025_1242_1252,0.47817496105688595,1252,1242,Lipscomb,Kansas,1608.2148408183402,1739.9945270353192,14,7
2025_1163_1252,0.5058982000883064,1252,1163,Lipscomb,Connecticut,1608.2148408183402,1817.094753861221,14,8
2025_1252_1328,0.5094892470755552,1252,1328,Lipscomb,Oklahoma,1608.2148408183402,1646.8371922255365,14,9
2025_1116_1252,0.5180725059968064,1252,1116,Lipscomb,Arkansas,1608.2148408183402,1652.2945168596477,14,10
2025_1179_1252,0.549398950339741,1252,1179,Lipscomb,Drake,1608.2148408183402,1808.4056906385888,14,11
2025_1161_1252,0.5707667251847519,1252,1161,Lipscomb,Colorado St,1608.2148408183402,1755.9333491972916,14,12
2025_1213_1252,0.5854104504123422,1252,1213,Lipscomb,Grand Canyon,1608.2148408183402,1713.3482612768519,14,13
2025_1252_1423,0.5336382895708079,1252,1423,Lipscomb,UNC Wilmington,1608.2148408183402,1675.3212165451996,14,14
2025_1252_1303,0.6495294943317671,1252,1303,Lipscomb,NE Omaha,1608.2148408183402,1542.0616280843851,14,15
2025_1252_1313,0.6642786005713203,1252,1313,Lipscomb,Norfolk St,1608.2148408183402,1575.9738168627744,14,16
2025_1106_1136,0.6370805576309462,1136,1106,Bryant,Alabama St,1595.5930025243601,1445.3194949173894,15,16
2025_1136_1384,0.6356293633445997,1136,1384,Bryant,St Francis PA,1595.5930025243601,1392.3343840415646,15,16
2025_1136_1196,0.331847893309315,1136,1196,Bryant,Florida,1595.5930025243601,1887.3965401334451,15,1
2025_1136_1385,0.3610255839563344,1136,1385,Bryant,St John's,1595.5930025243601,1843.627898958888,15,2
2025_1136_1403,0.38156522563443074,1136,1403,Bryant,Texas Tech,1595.5930025243601,1768.8852797354511,15,3
2025_1136_1268,0.40126319030502444,1136,1268,Bryant,Maryland,1595.5930025243601,1726.6530079386407,15,4
2025_1136_1272,0.4192672755772714,1136,1272,Bryant,Memphis,1595.5930025243601,1804.101743662243,15,5
2025_1136_1281,0.4402926807078953,1136,1281,Bryant,Missouri,1595.5930025243601,1628.84846306522,15,6
2025_1136_1242,0.4446849479139773,1136,1242,Bryant,Kansas,1595.5930025243601,1739.9945270353192,15,7
2025_1136_1163,0.4776769344474652,1136,1163,Bryant,Connecticut,1595.5930025243601,1817.094753861221,15,8
2025_1136_1328,0.4754926041896782,1136,1328,Bryant,Oklahoma,1595.5930025243601,1646.8371922255365,15,9
2025_1116_1136,0.4746198295273756,1136,1116,Bryant,Arkansas,1595.5930025243601,1652.2945168596477,15,10
2025_1136_1179,0.518879999921901,1136,1179,Bryant,Drake,1595.5930025243601,1808.4056906385888,15,11
2025_1136_1161,0.5377146816267435,1136,1161,Bryant,Colorado St,1595.5930025243601,1755.9333491972916,15,12
2025_1136_1213,0.5527341594718231,1136,1213,Bryant,Grand Canyon,1595.5930025243601,1713.3482612768519,15,13
2025_1136_1423,0.5789789304271432,1136,1423,Bryant,UNC Wilmington,1595.5930025243601,1675.3212165451996,15,14
2025_1136_1303,0.599508067965507,1136,1303,Bryant,NE Omaha,1595.5930025243601,1542.0616280843851,15,15
2025_1136_1313,0.49362168459742256,1136,1313,Bryant,Norfolk St,1595.5930025243601,1575.9738168627744,15,16
2025_1106_1384,0.614518022537231,1106,1384,Alabama St,St Francis PA,1445.3194949173894,1392.3343840415646,16,16
2025_1106_1196,0.3100012264875066,1106,1196,Alabama St,Florida,1445.3194949173894,1887.3965401334451,16,1
2025_1106_1385,0.3382992318389018,1106,1385,Alabama St,St John's,1445.3194949173894,1843.627898958888,16,2
2025_1106_1403,0.3561298670507405,1106,1403,Alabama St,Texas Tech,1445.3194949173894,1768.8852797354511,16,3
2025_1106_1268,0.3768655484055031,1106,1268,Alabama St,Maryland,1445.3194949173894,1726.6530079386407,16,4
2025_1106_1272,0.39942993024566775,1106,1272,Alabama St,Memphis,1445.3194949173894,1804.101743662243,16,5
2025_1106_1281,0.41643313432284634,1106,1281,Alabama St,Missouri,1445.3194949173894,1628.84846306522,16,6
2025_1106_1242,0.4388992731246586,1106,1242,Alabama St,Kansas,1445.3194949173894,1739.9945270353192,16,7
2025_1106_1163,0.45652123827347435,1106,1163,Alabama St,Connecticut,1445.3194949173894,1817.094753861221,16,8
2025_1106_1328,0.45544328435915493,1106,1328,Alabama St,Oklahoma,1445.3194949173894,1646.8371922255365,16,9
2025_1106_1116,0.4789362625415764,1106,1116,Alabama St,Arkansas,1445.3194949173894,1652.2945168596477,16,10
2025_1106_1179,0.4985091923394178,1106,1179,Alabama St,Drake,1445.3194949173894,1808.4056906385888,16,11
2025_1106_1161,0.5240431926709245,1106,1161,Alabama St,Colorado St,1445.3194949173894,1755.9333491972916,16,12
2025_1106_1213,0.5349785006060068,1106,1213,Alabama St,Grand Canyon,1445.3194949173894,1713.3482612768519,16,13
2025_1106_1423,0.5536794146321549,1106,1423,Alabama St,UNC Wilmington,1445.3194949173894,1675.3212165451996,16,14
2025_1106_1303,0.5718467131391259,1106,1303,Alabama St,NE Omaha,1445.3194949173894,1542.0616280843851,16,15
2025_1106_1313,0.5817524850368495,1106,1313,Alabama St,Norfolk St,1445.3194949173894,1575.9738168627744,16,16
2025_1196_1384,0.31188139540230153,1384,1196,St Francis PA,Florida,1392.3343840415646,1887.3965401334451,16,1
2025_1384_1385,0.34031446487875777,1384,1385,St Francis PA,St John's,1392.3343840415646,1843.627898958888,16,2
2025_1384_1403,0.35774431845912674,1384,1403,St Francis PA,Texas Tech,1392.3343840415646,1768.8852797354511,16,3
2025_1268_1384,0.37860227874264607,1384,1268,St Francis PA,Maryland,1392.3343840415646,1726.6530079386407,16,4
2025_1272_1384,0.3990808258412183,1384,1272,St Francis PA,Memphis,1392.3343840415646,1804.101743662243,16,5
2025_1281_1384,0.4172039713914041,1384,1281,St Francis PA,Missouri,1392.3343840415646,1628.84846306522,16,6
2025_1242_1384,0.44437080070110513,1384,1242,St Francis PA,Kansas,1392.3343840415646,1739.9945270353192,16,7
2025_1163_1384,0.4616049780310122,1384,1163,St Francis PA,Connecticut,1392.3343840415646,1817.094753861221,16,8
2025_1328_1384,0.4672068719531872,1384,1328,St Francis PA,Oklahoma,1392.3343840415646,1646.8371922255365,16,9
2025_1116_1384,0.47908652585105516,1384,1116,St Francis PA,Arkansas,1392.3343840415646,1652.2945168596477,16,10
2025_1179_1384,0.5045032887377714,1384,1179,St Francis PA,Drake,1392.3343840415646,1808.4056906385888,16,11
2025_1161_1384,0.5276351175767015,1384,1161,St Francis PA,Colorado St,1392.3343840415646,1755.9333491972916,16,12
2025_1213_1384,0.5410560584082071,1384,1213,St Francis PA,Grand Canyon,1392.3343840415646,1713.3482612768519,16,13
2025_1384_1423,0.5525530805609955,1384,1423,St Francis PA,UNC Wilmington,1392.3343840415646,1675.3212165451996,16,14
2025_1303_1384,0.5839631900325509,1384,1303,St Francis PA,NE Omaha,1392.3343840415646,1542.0616280843851,16,15
2025_1313_1384,0.5806620925664897,1384,1313,St Francis PA,Norfolk St,1392.3343840415646,1575.9738168627744,16,16
2025_1196_1385,0.6417577043041487,1196,1385,Florida,St John's,1887.3965401334451,1843.627898958888,1,2
2025_1196_1403,0.6781645754553535,1196,1403,Florida,Texas Tech,1887.3965401334451,1768.8852797354511,1,3
2025_1196_1268,0.7006036543832349,1196,1268,Florida,Maryland,1887.3965401334451,1726.6530079386407,1,4
2025_1196_1272,0.7240109660166665,1196,1272,Florida,Memphis,1887.3965401334451,1804.101743662243,1,5
2025_1196_1281,0.7385667295537013,1196,1281,Florida,Missouri,1887.3965401334451,1628.84846306522,1,6
2025_1196_1242,0.7559181644384416,1196,1242,Florida,Kansas,1887.3965401334451,1739.9945270353192,1,7
2025_1163_1196,0.779632663283171,1196,1163,Florida,Connecticut,1887.3965401334451,1817.094753861221,1,8
2025_1196_1328,0.8074037895738156,1196,1328,Florida,Oklahoma,1887.3965401334451,1646.8371922255365,1,9
2025_1116_1196,0.8282187755432493,1196,1116,Florida,Arkansas,1887.3965401334451,1652.2945168596477,1,10
2025_1179_1196,0.847298863882339,1196,1179,Florida,Drake,1887.3965401334451,1808.4056906385888,1,11
2025_1161_1196,0.8717116703631586,1196,1161,Florida,Colorado St,1887.3965401334451,1755.9333491972916,1,12
2025_1196_1213,0.8951363260413668,1196,1213,Florida,Grand Canyon,1887.3965401334451,1713.3482612768519,1,13
2025_1196_1423,0.917856514241604,1196,1423,Florida,UNC Wilmington,1887.3965401334451,1675.3212165451996,1,14
2025_1196_1303,0.9413223215821203,1196,1303,Florida,NE Omaha,1887.3965401334451,1542.0616280843851,1,15
2025_1196_1313,0.9650867082449326,1196,1313,Florida,Norfolk St,1887.3965401334451,1575.9738168627744,1,16
2025_1385_1403,0.6026428416237135,1385,1403,St John's,Texas Tech,1843.627898958888,1768.8852797354511,2,3
2025_1268_1385,0.6578710118509986,1385,1268,St John's,Maryland,1843.627898958888,1726.6530079386407,2,4
2025_1272_1385,0.6904938423619794,1385,1272,St John's,Memphis,1843.627898958888,1804.101743662243,2,5
2025_1281_1385,0.7113126434821053,1385,1281,St John's,Missouri,1843.627898958888,1628.84846306522,2,6
2025_1242_1385,0.6822919429621714,1385,1242,St John's,Kansas,1843.627898958888,1739.9945270353192,2,7
2025_1163_1385,0.7480515136186632,1385,1163,St John's,Connecticut,1843.627898958888,1817.094753861221,2,8
2025_1328_1385,0.7821997757290023,1385,1328,St John's,Oklahoma,1843.627898958888,1646.8371922255365,2,9
2025_1116_1385,0.8035599754392179,1385,1116,St John's,Arkansas,1843.627898958888,1652.2945168596477,2,10
2025_1179_1385,0.812594520601309,1385,1179,St John's,Drake,1843.627898958888,1808.4056906385888,2,11
2025_1161_1385,0.8470631275122523,1385,1161,St John's,Colorado St,1843.627898958888,1755.9333491972916,2,12
2025_1213_1385,0.8705022027136987,1385,1213,St John's,Grand Canyon,1843.627898958888,1713.3482612768519,2,13
2025_1385_1423,0.8888158793117068,1385,1423,St John's,UNC Wilmington,1843.627898958888,1675.3212165451996,2,14
2025_1303_1385,0.9150975940488855,1385,1303,St John's,NE Omaha,1843.627898958888,1542.0616280843851,2,15
2025_1313_1385,0.9399060556176122,1385,1313,St John's,Norfolk St,1843.627898958888,1575.9738168627744,2,16
2025_1268_1403,0.6010681316122313,1403,1268,Texas Tech,Maryland,1768.8852797354511,1726.6530079386407,3,4
2025_1272_1403,0.6570561269499519,1403,1272,Texas Tech,Memphis,1768.8852797354511,1804.101743662243,3,5
2025_1281_1403,0.6884894275651502,1403,1281,Texas Tech,Missouri,1768.8852797354511,1628.84846306522,3,6
2025_1242_1403,0.6220541365879937,1403,1242,Texas Tech,Kansas,1768.8852797354511,1739.9945270353192,3,7
2025_1163_1403,0.7033044130883235,1403,1163,Texas Tech,Connecticut,1768.8852797354511,1817.094753861221,3,8
2025_1328_1403,0.7589364840452226,1403,1328,Texas Tech,Oklahoma,1768.8852797354511,1646.8371922255365,3,9
2025_1116_1403,0.7823683674667495,1403,1116,Texas Tech,Arkansas,1768.8852797354511,1652.2945168596477,3,10
2025_1179_1403,0.7873430417119535,1403,1179,Texas Tech,Drake,1768.8852797354511,1808.4056906385888,3,11
2025_1161_1403,0.8254669483032591,1403,1161,Texas Tech,Colorado St,1768.8852797354511,1755.9333491972916,3,12
2025_1213_1403,0.8439304265921473,1403,1213,Texas Tech,Grand Canyon,1768.8852797354511,1713.3482612768519,3,13
2025_1403_1423,0.8708213855864709,1403,1423,Texas Tech,UNC Wilmington,1768.8852797354511,1675.3212165451996,3,14
2025_1303_1403,0.894340961661484,1403,1303,Texas Tech,NE Omaha,1768.8852797354511,1542.0616280843851,3,15
2025_1313_1403,0.9163992998861352,1403,1313,Texas Tech,Norfolk St,1768.8852797354511,1575.9738168627744,3,16
2025_1268_1272,0.6232497170433302,1268,1272,Maryland,Memphis,1726.6530079386407,1804.101743662243,4,5
2025_1268_1281,0.6467634478785255,1268,1281,Maryland,Missouri,1726.6530079386407,1628.84846306522,4,6
2025_1242_1268,0.5116651782379674,1268,1242,Maryland,Kansas,1726.6530079386407,1739.9945270353192,4,7
2025_1163_1268,0.6521199115055962,1268,1163,Maryland,Connecticut,1726.6530079386407,1817.094753861221,4,8
2025_1268_1328,0.7419024736962336,1268,1328,Maryland,Oklahoma,1726.6530079386407,1646.8371922255365,4,9
2025_1116_1268,0.7621707512800249,1268,1116,Maryland,Arkansas,1726.6530079386407,1652.2945168596477,4,10
2025_1179_1268,0.7431267853115219,1268,1179,Maryland,Drake,1726.6530079386407,1808.4056906385888,4,11
2025_1161_1268,0.7990436420976194,1268,1161,Maryland,Colorado St,1726.6530079386407,1755.9333491972916,4,12
2025_1213_1268,0.8226697917309171,1268,1213,Maryland,Grand Canyon,1726.6530079386407,1713.3482612768519,4,13
2025_1268_1423,0.8473362657969356,1268,1423,Maryland,UNC Wilmington,1726.6530079386407,1675.3212165451996,4,14
2025_1268_1303,0.8712373962046808,1268,1303,Maryland,NE Omaha,1726.6530079386407,1542.0616280843851,4,15
2025_1268_1313,0.8935405010844729,1268,1313,Maryland,Norfolk St,1726.6530079386407,1575.9738168627744,4,16
2025_1272_1281,0.48578397928326317,1272,1281,Memphis,Missouri,1804.101743662243,1628.84846306522,5,6
2025_1242_1272,0.5477984586931922,1272,1242,Memphis,Kansas,1804.101743662243,1739.9945270353192,5,7
2025_1163_1272,0.6279726976142453,1272,1163,Memphis,Connecticut,1804.101743662243,1817.094753861221,5,8
2025_1272_1328,0.7014923610228463,1272,1328,Memphis,Oklahoma,1804.101743662243,1646.8371922255365,5,9
2025_1116_1272,0.7261998982510585,1272,1116,Memphis,Arkansas,1804.101743662243,1652.2945168596477,5,10
2025_1179_1272,0.7325445308153185,1272,1179,Memphis,Drake,1804.101743662243,1808.4056906385888,5,11
2025_1161_1272,0.7677306290004867,1272,1161,Memphis,Colorado St,1804.101743662243,1755.9333491972916,5,12
2025_1213_1272,0.7969698176919492,1272,1213,Memphis,Grand Canyon,1804.101743662243,1713.3482612768519,5,13
2025_1272_1423,0.8155327911701566,1272,1423,Memphis,UNC Wilmington,1804.101743662243,1675.3212165451996,5,14
2025_1272_1303,0.8386363122408748,1272,1303,Memphis,NE Omaha,1804.101743662243,1542.0616280843851,5,15
2025_1272_1313,0.8647086014392084,1272,1313,Memphis,Norfolk St,1804.101743662243,1575.9738168627744,5,16
2025_1242_1281,0.43538419900982567,1281,1242,Missouri,Kansas,1628.84846306522,1739.9945270353192,6,7
2025_1163_1281,0.5572899321295478,1281,1163,Missouri,Connecticut,1628.84846306522,1817.094753861221,6,8
2025_1281_1328,0.6549407744393873,1281,1328,Missouri,Oklahoma,1628.84846306522,1646.8371922255365,6,9
2025_1116_1281,0.6678955175417824,1281,1116,Missouri,Arkansas,1628.84846306522,1652.2945168596477,6,10
2025_1179_1281,0.658986318238737,1281,1179,Missouri,Drake,1628.84846306522,1808.4056906385888,6,11
2025_1161_1281,0.7139553769294771,1281,1161,Missouri,Colorado St,1628.84846306522,1755.9333491972916,6,12
2025_1213_1281,0.720582684430899,1281,1213,Missouri,Grand Canyon,1628.84846306522,1713.3482612768519,6,13
2025_1281_1423,0.7742746339379819,1281,1423,Missouri,UNC Wilmington,1628.84846306522,1675.3212165451996,6,14
2025_1281_1303,0.8235055084553129,1281,1303,Missouri,NE Omaha,1628.84846306522,1542.0616280843851,6,15
2025_1281_1313,0.8390362594073176,1281,1313,Missouri,Norfolk St,1628.84846306522,1575.9738168627744,6,16
2025_1163_1242,0.5604003295168181,1242,1163,Kansas,Connecticut,1739.9945270353192,1817.094753861221,7,8
2025_1242_1328,0.6717341879584052,1242,1328,Kansas,Oklahoma,1739.9945270353192,1646.8371922255365,7,9
2025_1116_1242,0.6949742937074231,1242,1116,Kansas,Arkansas,1739.9945270353192,1652.2945168596477,7,10
2025_1179_1242,0.6619260825652047,1242,1179,Kansas,Drake,1739.9945270353192,1808.4056906385888,7,11
2025_1161_1242,0.7307927043519038,1242,1161,Kansas,Colorado St,1739.9945270353192,1755.9333491972916,7,12
2025_1213_1242,0.7523772015039476,1242,1213,Kansas,Grand Canyon,1739.9945270353192,1713.3482612768519,7,13
2025_1242_1423,0.7747873719070572,1242,1423,Kansas,UNC Wilmington,1739.9945270353192,1675.3212165451996,7,14
2025_1242_1303,0.7966664300500425,1242,1303,Kansas,NE Omaha,1739.9945270353192,1542.0616280843851,7,15
2025_1242_1313,0.8197994704571134,1242,1313,Kansas,Norfolk St,1739.9945270353192,1575.9738168627744,7,16
2025_1163_1328,0.6440829709038038,1163,1328,Connecticut,Oklahoma,1817.094753861221,1646.8371922255365,8,9
2025_1116_1163,0.6627112368323066,1163,1116,Connecticut,Arkansas,1817.094753861221,1652.2945168596477,8,10
2025_1163_1179,0.688570668695979,1163,1179,Connecticut,Drake,1817.094753861221,1808.4056906385888,8,11
2025_1161_1163,0.7170794524687691,1163,1161,Connecticut,Colorado St,1817.094753861221,1755.9333491972916,8,12
2025_1163_1213,0.7391591103158015,1163,1213,Connecticut,Grand Canyon,1817.094753861221,1713.3482612768519,8,13
2025_1163_1423,0.7613433196012529,1163,1423,Connecticut,UNC Wilmington,1817.094753861221,1675.3212165451996,8,14
2025_1163_1303,0.7809155638549942,1163,1303,Connecticut,NE Omaha,1817.094753861221,1542.0616280843851,8,15
2025_1163_1313,0.801730619484094,1163,1313,Connecticut,Norfolk St,1817.094753861221,1575.9738168627744,8,16
2025_1116_1328,0.5821098014578123,1328,1116,Oklahoma,Arkansas,1646.8371922255365,1652.2945168596477,9,10
2025_1179_1328,0.5883569905735709,1328,1179,Oklahoma,Drake,1646.8371922255365,1808.4056906385888,9,11
2025_1161_1328,0.6310540789351987,1328,1161,Oklahoma,Colorado St,1646.8371922255365,1755.9333491972916,9,12
2025_1213_1328,0.6538194485443993,1328,1213,Oklahoma,Grand Canyon,1646.8371922255365,1713.3482612768519,9,13
2025_1328_1423,0.7110785873017329,1328,1423,Oklahoma,UNC Wilmington,1646.8371922255365,1675.3212165451996,9,14
2025_1303_1328,0.7548693313066515,1328,1303,Oklahoma,NE Omaha,1646.8371922255365,1542.0616280843851,9,15
2025_1313_1328,0.7754555697773117,1328,1313,Oklahoma,Norfolk St,1646.8371922255365,1575.9738168627744,9,16
2025_1116_1179,0.4630970433220167,1116,1179,Arkansas,Drake,1652.2945168596477,1808.4056906385888,10,11
2025_1116_1161,0.5911388138510444,1116,1161,Arkansas,Colorado St,1652.2945168596477,1755.9333491972916,10,12
2025_1116_1213,0.6351688706861066,1116,1213,Arkansas,Grand Canyon,1652.2945168596477,1713.3482612768519,10,13
2025_1116_1423,0.6908852078455849,1116,1423,Arkansas,UNC Wilmington,1652.2945168596477,1675.3212165451996,10,14
2025_1116_1303,0.7243734629235286,1116,1303,Arkansas,NE Omaha,1652.2945168596477,1542.0616280843851,10,15
2025_1116_1313,0.7495206787054094,1116,1313,Arkansas,Norfolk St,1652.2945168596477,1575.9738168627744,10,16
2025_1161_1179,0.4793083369597692,1179,1161,Drake,Colorado St,1808.4056906385888,1755.9333491972916,11,12
2025_1179_1213,0.6577968040682532,1179,1213,Drake,Grand Canyon,1808.4056906385888,1713.3482612768519,11,13
2025_1179_1423,0.689581354855113,1179,1423,Drake,UNC Wilmington,1808.4056906385888,1675.3212165451996,11,14
2025_1179_1303,0.7119785763758584,1179,1303,Drake,NE Omaha,1808.4056906385888,1542.0616280843851,11,15
2025_1179_1313,0.7336280973038691,1179,1313,Drake,Norfolk St,1808.4056906385888,1575.9738168627744,11,16
2025_1161_1213,0.6038963422045012,1161,1213,Colorado St,Grand Canyon,1755.9333491972916,1713.3482612768519,12,13
2025_1161_1423,0.6544003823973396,1161,1423,Colorado St,UNC Wilmington,1755.9333491972916,1675.3212165451996,12,14
2025_1161_1303,0.6912652158723401,1161,1303,Colorado St,NE Omaha,1755.9333491972916,1542.0616280843851,12,15
2025_1161_1313,0.7117215909499093,1161,1313,Colorado St,Norfolk St,1755.9333491972916,1575.9738168627744,12,16
2025_1213_1423,0.6296432092651625,1213,1423,Grand Canyon,UNC Wilmington,1713.3482612768519,1675.3212165451996,13,14
2025_1213_1303,0.659404222128556,1213,1303,Grand Canyon,NE Omaha,1713.3482612768519,1542.0616280843851,13,15
2025_1213_1313,0.6883360648141431,1213,1313,Grand Canyon,Norfolk St,1713.3482612768519,1575.9738168627744,13,16
2025_1303_1423,0.6510454788669844,1423,1303,UNC Wilmington,NE Omaha,1675.3212165451996,1542.0616280843851,14,15
2025_1313_1423,0.6734306553580024,1423,1313,UNC Wilmington,Norfolk St,1675.3212165451996,1575.9738168627744,14,16
2025_1303_1313,0.4294910952314634,1303,1313,NE Omaha,Norfolk St,1542.0616280843851,1575.9738168627744,15,16
