,Season,Team1ID,Team2ID,Team1Seed,Team2Seed,SeedDiff,Result,Team1WinPct,Team2WinPct,WinPctDiff,Team1AvgRank,Team2AvgRank,RankDiff,Team1ELO,Team2ELO,ELODiff,ELOWinProb
0,2010,1115,1457,16,16,0,1,0.53125,0.5666666666666667,-0.03541666666666665,228.79166666666666,191.25,-37.54166666666666,1467.80762192961,1521.9699740533363,-54.16235212372635,0.4226794515426142
1,2010,1457,1115,16,16,0,0,0.5666666666666667,0.53125,-0.03541666666666665,228.79166666666666,191.25,-37.54166666666666,1521.9699740533363,1467.80762192961,54.16235212372635,0.5773205484573858
2,2010,1124,1358,3,14,11,1,0.7741935483870968,0.75,0.024193548387096753,11.923076923076923,94.4375,82.51442307692308,1783.8690557786488,1643.5191734759655,140.34988230268323,0.6916658502560075
3,2010,1358,1124,14,3,-11,0,0.75,0.7741935483870968,0.024193548387096753,11.923076923076923,94.4375,82.51442307692308,1643.5191734759655,1783.8690557786488,-140.34988230268323,0.30833414974399254
4,2010,1139,1431,5,12,7,1,0.875,0.8125,0.0625,17.901960784313726,33.8235294117647,15.921568627450977,1843.2540623430216,1734.80299284376,108.45106949926162,0.6511946434215621
5,2010,1431,1139,12,5,-7,0,0.8125,0.875,0.0625,17.901960784313726,33.8235294117647,15.921568627450977,1734.80299284376,1843.2540623430216,-108.45106949926162,0.3488053565784379
6,2010,1140,1196,7,10,3,1,0.8484848484848485,0.6363636363636364,0.21212121212121215,14.51923076923077,50.979166666666664,36.4599358974359,1784.1795778537812,1664.677522153491,119.50205570029016,0.6655016410386073
7,2010,1196,1140,10,7,-3,0,0.6363636363636364,0.8484848484848485,0.21212121212121215,14.51923076923077,50.979166666666664,36.4599358974359,1664.677522153491,1784.1795778537812,-119.50205570029016,0.3344983589613927
8,2010,1242,1250,1,16,15,1,0.9411764705882353,0.6875,0.2536764705882353,1.1153846153846154,176.0625,174.9471153846154,1976.377198070804,1527.2535158612718,449.12368220953226,0.9299136538971157
9,2010,1250,1242,16,1,-15,0,0.6875,0.9411764705882353,0.2536764705882353,1.1153846153846154,176.0625,174.9471153846154,1527.2535158612718,1976.377198070804,-449.12368220953226,0.07008634610288433
10,2010,1243,1317,2,15,13,1,0.78125,0.7333333333333333,0.04791666666666672,6.9423076923076925,132.70833333333334,125.76602564102565,1789.8020191936541,1637.28431579358,152.5177034000742,0.7063998181353484
11,2010,1317,1243,15,2,-13,0,0.7333333333333333,0.78125,0.04791666666666672,6.9423076923076925,132.70833333333334,125.76602564102565,1637.28431579358,1789.8020191936541,-152.5177034000742,0.29360018186465164
12,2010,1246,1190,1,16,15,1,0.9411764705882353,0.5757575757575758,0.3654188948306595,3.3461538461538463,155.0,151.65384615384616,1869.363918513329,1553.7167386108172,315.6471799025119,0.8602071114460152
13,2010,1190,1246,16,1,-15,0,0.5757575757575758,0.9411764705882353,0.3654188948306595,3.3461538461538463,155.0,151.65384615384616,1553.7167386108172,1869.363918513329,-315.6471799025119,0.13979288855398475
14,2010,1293,1435,13,4,-9,1,0.875,0.7419354838709677,0.13306451612903225,56.854166666666664,26.865384615384617,-29.988782051282048,1696.2548965942265,1730.3753945882524,-34.12049799402598,0.4510539095352655
15,2010,1435,1293,4,13,9,0,0.7419354838709677,0.875,0.13306451612903225,56.854166666666664,26.865384615384617,-29.988782051282048,1730.3753945882524,1696.2548965942265,34.12049799402598,0.5489460904647345
16,2010,1307,1285,3,14,11,1,0.8787878787878788,0.6896551724137931,0.18913270637408564,19.51923076923077,103.4375,83.91826923076923,1796.3418083173037,1579.8679712814378,216.47383703586593,0.7766281122863502
17,2010,1285,1307,14,3,-11,0,0.6896551724137931,0.8787878787878788,0.18913270637408564,19.51923076923077,103.4375,83.91826923076923,1579.8679712814378,1796.3418083173037,-216.47383703586593,0.2233718877136498
18,2010,1320,1424,9,8,-1,1,0.875,0.75,0.125,27.0,39.83673469387755,12.836734693877553,1783.7666181323111,1700.3483429533676,83.41827517894353,0.6177937293986996
19,2010,1424,1320,8,9,1,0,0.75,0.875,0.125,27.0,39.83673469387755,12.836734693877553,1700.3483429533676,1783.7666181323111,-83.41827517894353,0.3822062706013004
20,2010,1325,1207,14,3,-11,1,0.5882352941176471,0.696969696969697,-0.10873440285204994,106.83333333333333,12.313725490196079,-94.51960784313725,1584.6308117264593,1759.4071988821581,-174.77638715569879,0.2677450038733576
21,2010,1207,1325,3,14,11,0,0.696969696969697,0.5882352941176471,-0.10873440285204994,106.83333333333333,12.313725490196079,-94.51960784313725,1759.4071988821581,1584.6308117264593,174.77638715569879,0.7322549961266425
22,2010,1330,1323,11,6,-5,1,0.7647058823529411,0.6764705882352942,0.08823529411764697,42.479166666666664,35.30612244897959,-7.173044217687071,1737.9980615353106,1720.4217234510318,17.57633808427886,0.5252728278622285
23,2010,1323,1330,6,11,5,0,0.6764705882352942,0.7647058823529411,0.08823529411764697,42.479166666666664,35.30612244897959,-7.173044217687071,1720.4217234510318,1737.9980615353106,-17.57633808427886,0.4747271721377715
24,2010,1388,1350,10,7,-3,1,0.8333333333333334,0.7647058823529411,0.06862745098039225,32.0,36.10204081632653,4.102040816326529,1752.978427126528,1736.0144727958047,16.963954330723254,0.5243937109656989
25,2010,1350,1388,7,10,3,0,0.7647058823529411,0.8333333333333334,0.06862745098039225,32.0,36.10204081632653,4.102040816326529,1736.0144727958047,1752.978427126528,-16.963954330723254,0.47560628903430113
26,2010,1397,1361,6,11,5,1,0.7575757575757576,0.7419354838709677,0.01564027370478982,20.557692307692307,38.22,17.662307692307692,1786.3020930847342,1759.53504265999,26.767050424744184,0.5384448498554594
27,2010,1361,1397,11,6,-5,0,0.7419354838709677,0.7575757575757576,0.01564027370478982,20.557692307692307,38.22,17.662307692307692,1759.53504265999,1786.3020930847342,-26.767050424744184,0.4615551501445406
28,2010,1437,1352,2,15,13,1,0.7741935483870968,0.6764705882352942,0.0977229601518026,11.98076923076923,166.85416666666666,154.87339743589743,1821.358290788753,1607.4255251398129,213.93276564894018,0.7740803007235624
29,2010,1352,1437,15,2,-13,0,0.6764705882352942,0.7741935483870968,0.0977229601518026,11.98076923076923,166.85416666666666,154.87339743589743,1607.4255251398129,1821.358290788753,-213.93276564894018,0.22591969927643762
30,2010,1448,1400,9,8,-1,1,0.6551724137931034,0.7272727272727273,-0.07210031347962387,47.63265306122449,21.816326530612244,-25.816326530612244,1696.2119226323532,1780.3059446370257,-84.09402200467252,0.38128818850778357
31,2010,1400,1448,8,9,1,0,0.7272727272727273,0.6551724137931034,-0.07210031347962387,47.63265306122449,21.816326530612244,-25.816326530612244,1780.3059446370257,1696.2119226323532,84.09402200467252,0.6187118114922164
32,2010,1449,1266,11,6,-5,1,0.7272727272727273,0.6666666666666666,0.06060606060606066,33.625,30.714285714285715,-2.9107142857142847,1757.8455260738792,1745.266279781223,12.579246292656308,0.5180950845261251
33,2010,1266,1449,6,11,5,0,0.6666666666666666,0.7272727272727273,0.06060606060606066,33.625,30.714285714285715,-2.9107142857142847,1745.266279781223,1757.8455260738792,-12.579246292656308,0.48190491547387493
34,2010,1143,1257,8,9,1,1,0.696969696969697,0.625,0.07196969696969702,27.625,38.91836734693877,11.293367346938773,1727.1003655496208,1743.6073285038174,-16.506962954196524,0.47626242883952874
35,2010,1257,1143,9,8,-1,0,0.625,0.696969696969697,0.07196969696969702,27.625,38.91836734693877,11.293367346938773,1743.6073285038174,1727.1003655496208,16.506962954196524,0.5237375711604713
36,2010,1165,1396,12,5,-7,1,0.8620689655172413,0.8529411764705882,0.009127789046653123,52.326530612244895,15.26923076923077,-37.05729984301412,1734.8406633921127,1824.8999717467811,-90.05930835466847,0.3732210506843128
37,2010,1396,1165,5,12,7,0,0.8529411764705882,0.8620689655172413,0.009127789046653123,52.326530612244895,15.26923076923077,-37.05729984301412,1824.8999717467811,1734.8406633921127,90.05930835466847,0.6267789493156872
38,2010,1181,1115,1,16,15,1,0.8529411764705882,0.53125,0.3216911764705882,3.4423076923076925,228.79166666666666,225.34935897435898,1927.1242117928334,1485.1272383833316,441.99697340950183,0.9271922889778432
39,2010,1115,1181,16,1,-15,0,0.53125,0.8529411764705882,0.3216911764705882,3.4423076923076925,228.79166666666666,225.34935897435898,1485.1272383833316,1927.1242117928334,-441.99697340950183,0.07280771102215677
40,2010,1210,1329,10,7,-3,1,0.6363636363636364,0.6875,-0.051136363636363646,37.36734693877551,36.816326530612244,-0.5510204081632679,1680.2341025245996,1731.1953957191458,-50.961293194546215,0.4271822698361265
41,2010,1329,1210,7,10,3,0,0.6875,0.6363636363636364,-0.051136363636363646,37.36734693877551,36.816326530612244,-0.5510204081632679,1731.1953957191458,1680.2341025245996,50.961293194546215,0.5728177301638735
42,2010,1211,1199,8,9,1,1,0.8064516129032258,0.7096774193548387,0.09677419354838701,34.745098039215684,32.16326530612245,-2.5818327330932362,1784.7338083252553,1731.4058537721953,53.32795455305995,0.5761480362742571
43,2010,1199,1211,9,8,-1,0,0.7096774193548387,0.8064516129032258,0.09677419354838701,34.745098039215684,32.16326530612245,-2.5818327330932362,1731.4058537721953,1784.7338083252553,-53.32795455305995,0.42385196372574285
44,2010,1268,1222,4,13,9,1,0.7333333333333333,0.5454545454545454,0.18787878787878787,17.576923076923077,101.70833333333333,84.13141025641025,1761.3677654377004,1594.9431768102606,166.4245886274398,0.7227245882917849
45,2010,1222,1268,13,4,-9,0,0.5454545454545454,0.7333333333333333,0.18787878787878787,17.576923076923077,101.70833333333333,84.13141025641025,1594.9431768102606,1761.3677654377004,-166.4245886274398,0.2772754117082151
46,2010,1277,1308,5,12,7,1,0.75,0.65625,0.09375,23.173076923076923,85.79166666666667,62.61858974358975,1800.229181184687,1656.1895399504929,144.03964123419405,0.6961770387951018
47,2010,1308,1277,12,5,-7,0,0.65625,0.75,0.09375,23.173076923076923,85.79166666666667,62.61858974358975,1656.1895399504929,1800.229181184687,-144.03964123419405,0.30382296120489816
48,2010,1281,1155,10,7,-3,1,0.6875,0.6774193548387096,0.01008064516129037,32.244897959183675,31.3265306122449,-0.9183673469387763,1724.0304085287319,1714.0707006770406,9.959707851691292,0.5143292469199461
49,2010,1155,1281,7,10,3,0,0.6774193548387096,0.6875,0.01008064516129037,32.244897959183675,31.3265306122449,-0.9183673469387763,1714.0707006770406,1724.0304085287319,-9.959707851691292,0.4856707530800539
50,2010,1326,1364,2,15,13,1,0.7941176470588235,0.6785714285714286,0.11554621848739488,11.326923076923077,119.16666666666667,107.83974358974359,1814.731957877792,1595.3963132617932,219.33564461599872,0.7794729226813611
51,2010,1364,1326,15,2,-13,0,0.6785714285714286,0.7941176470588235,0.11554621848739488,11.326923076923077,119.16666666666667,107.83974358974359,1595.3963132617932,1814.731957877792,-219.33564461599872,0.22052707731863885
52,2010,1338,1324,3,14,11,1,0.75,0.75,0.0,20.115384615384617,91.54166666666667,71.42628205128206,1808.4125519315112,1684.7930862088642,123.61946572264696,0.6707570004568855
53,2010,1324,1338,14,3,-11,0,0.75,0.75,0.0,20.115384615384617,91.54166666666667,71.42628205128206,1684.7930862088642,1808.4125519315112,-123.61946572264696,0.32924299954311453
54,2010,1345,1373,4,13,9,1,0.84375,0.8181818181818182,0.025568181818181768,11.596153846153847,51.041666666666664,39.44551282051282,1845.497708587588,1753.1480472475873,92.3496613400007,0.6298579306424061
55,2010,1373,1345,13,4,-9,0,0.8181818181818182,0.84375,0.025568181818181768,11.596153846153847,51.041666666666664,39.44551282051282,1753.1480472475873,1845.497708587588,-92.3496613400007,0.37014206935759386
56,2010,1393,1436,1,16,15,1,0.875,0.7352941176470589,0.13970588235294112,3.8076923076923075,131.9375,128.12980769230768,1869.1992696040088,1635.7698736406412,233.4293959633676,0.7931022786091363
57,2010,1436,1393,16,1,-15,0,0.7352941176470589,0.875,0.13970588235294112,3.8076923076923075,131.9375,128.12980769230768,1635.7698736406412,1869.1992696040088,-233.4293959633676,0.2068977213908637
58,2010,1401,1429,5,12,7,1,0.7096774193548387,0.7878787878787878,-0.0782013685239491,18.686274509803923,35.36734693877551,16.68107242897159,1775.2139628672899,1742.316340474196,32.8976223930938,0.5472025019708213
59,2010,1429,1401,12,5,-7,0,0.7878787878787878,0.7096774193548387,-0.0782013685239491,18.686274509803923,35.36734693877551,16.68107242897159,1742.316340474196,1775.2139628672899,-32.8976223930938,0.4527974980291787
60,2010,1452,1288,2,15,13,1,0.8181818181818182,0.75,0.06818181818181823,5.615384615384615,132.83333333333334,127.21794871794873,1868.8072223081797,1636.3866484502869,232.4205738578928,0.7921477392951696
61,2010,1288,1452,15,2,-13,0,0.75,0.8181818181818182,0.06818181818181823,5.615384615384615,132.83333333333334,127.21794871794873,1636.3866484502869,1868.8072223081797,-232.4205738578928,0.20785226070483043
62,2010,1458,1459,4,13,9,1,0.7419354838709677,0.7575757575757576,-0.01564027370478982,15.961538461538462,78.66666666666667,62.70512820512821,1752.960617657091,1673.462599673401,79.49801798369003,0.6124511735117375
63,2010,1459,1458,13,4,-9,0,0.7575757575757576,0.7419354838709677,-0.01564027370478982,15.961538461538462,78.66666666666667,62.70512820512821,1673.462599673401,1752.960617657091,-79.49801798369003,0.3875488264882625
64,2010,1462,1278,6,11,5,1,0.75,0.6176470588235294,0.13235294117647056,23.020408163265305,44.770833333333336,21.75042517006803,1794.285265928331,1681.9706975008949,112.31456842743614,0.6562291245491032
65,2010,1278,1462,11,6,-5,0,0.6176470588235294,0.75,0.13235294117647056,23.020408163265305,44.770833333333336,21.75042517006803,1681.9706975008949,1794.285265928331,-112.31456842743614,0.3437708754508968
66,2010,1124,1330,3,11,8,1,0.7741935483870968,0.7647058823529411,0.009487666034155628,11.923076923076923,42.479166666666664,30.55608974358974,1793.1190802709687,1752.2398766994438,40.87920357152484,0.5585599208521281
67,2010,1330,1124,11,3,-8,0,0.7647058823529411,0.7741935483870968,0.009487666034155628,11.923076923076923,42.479166666666664,30.55608974358974,1752.2398766994438,1793.1190802709687,-40.87920357152484,0.44144007914787187
68,2010,1139,1293,5,13,8,1,0.875,0.875,0.0,17.901960784313726,56.854166666666664,38.95220588235294,1853.7182230403748,1712.7232793081685,140.99494373220637,0.6924571941475937
69,2010,1293,1139,13,5,-8,0,0.875,0.875,0.0,17.901960784313726,56.854166666666664,38.95220588235294,1712.7232793081685,1853.7182230403748,-140.99494373220637,0.30754280585240634
70,2010,1243,1140,2,7,5,1,0.78125,0.8484848484848485,-0.06723484848484851,6.9423076923076925,14.51923076923077,7.5769230769230775,1798.6100246495937,1794.214528622623,4.395496026970704,0.5063252898079578
71,2010,1140,1243,7,2,-5,0,0.8484848484848485,0.78125,-0.06723484848484851,6.9423076923076925,14.51923076923077,7.5769230769230775,1794.214528622623,1798.6100246495937,-4.395496026970704,0.49367471019204223
72,2010,1246,1448,1,9,8,1,0.9411764705882353,0.6551724137931034,0.28600405679513186,3.3461538461538463,47.63265306122449,44.28649921507064,1873.5577051699486,1714.7732769771196,158.78442819282895,0.7138254741180657
73,2010,1448,1246,9,1,-8,0,0.6551724137931034,0.9411764705882353,0.28600405679513186,3.3461538461538463,47.63265306122449,44.28649921507064,1714.7732769771196,1873.5577051699486,-158.78442819282895,0.28617452588193426
74,2010,1320,1242,9,1,-8,1,0.875,0.9411764705882353,-0.06617647058823528,27.0,1.1153846153846154,-25.884615384615383,1795.2328062503502,1978.4797884538907,-183.24698220354048,0.25829400829735377
75,2010,1242,1320,1,9,8,0,0.9411764705882353,0.875,-0.06617647058823528,27.0,1.1153846153846154,-25.884615384615383,1978.4797884538907,1795.2328062503502,183.24698220354048,0.7417059917026463
76,2010,1388,1437,10,2,-8,1,0.8333333333333334,0.7741935483870968,0.05913978494623662,32.0,11.98076923076923,-20.01923076923077,1767.246615797557,1828.1358817670462,-60.88926596948909,0.41325953113725045
77,2010,1437,1388,2,10,8,0,0.7741935483870968,0.8333333333333334,0.05913978494623662,32.0,11.98076923076923,-20.01923076923077,1828.1358817670462,1767.246615797557,60.88926596948909,0.5867404688627496
78,2010,1397,1325,6,14,8,1,0.7575757575757576,0.5882352941176471,0.1693404634581105,20.557692307692307,106.83333333333333,86.27564102564102,1800.1487475890704,1606.5984616102587,193.55028597881164,0.7529047820261006
79,2010,1325,1397,14,6,-8,0,0.5882352941176471,0.7575757575757576,0.1693404634581105,20.557692307692307,106.83333333333333,86.27564102564102,1606.5984616102587,1800.1487475890704,-193.55028597881164,0.24709521797389944
80,2010,1449,1307,11,3,-8,1,0.7272727272727273,0.8787878787878788,-0.1515151515151515,33.625,19.51923076923077,-14.10576923076923,1772.3026735380954,1803.0429649487132,-30.74029141061783,0.45587624246112607
81,2010,1307,1449,3,11,8,0,0.8787878787878788,0.7272727272727273,-0.1515151515151515,33.625,19.51923076923077,-14.10576923076923,1803.0429649487132,1772.3026735380954,30.74029141061783,0.544123757538874
82,2010,1165,1458,12,4,-8,1,0.8620689655172413,0.7419354838709677,0.12013348164627358,52.326530612244895,15.961538461538462,-36.364992150706435,1753.6440318715834,1764.587082451739,-10.943050580155614,0.4842568898647103
83,2010,1458,1165,4,12,8,0,0.7419354838709677,0.8620689655172413,0.12013348164627358,52.326530612244895,15.961538461538462,-36.364992150706435,1764.587082451739,1753.6440318715834,10.943050580155614,0.5157431101352896
84,2010,1181,1143,1,8,7,1,0.8529411764705882,0.696969696969697,0.15597147950089119,3.4423076923076925,27.625,24.182692307692307,1929.3084431234981,1742.812492684435,186.4959504390631,0.7452727679546745
85,2010,1143,1181,8,1,-7,0,0.696969696969697,0.8529411764705882,0.15597147950089119,3.4423076923076925,27.625,24.182692307692307,1742.812492684435,1929.3084431234981,-186.4959504390631,0.25472723204532555
86,2010,1277,1268,5,4,-1,1,0.75,0.7333333333333333,0.01666666666666672,23.173076923076923,17.576923076923077,-5.596153846153847,1809.343870020834,1769.6860277889468,39.657842231887116,0.5568256439044299
87,2010,1268,1277,4,5,1,0,0.7333333333333333,0.75,0.01666666666666672,23.173076923076923,17.576923076923077,-5.596153846153847,1769.6860277889468,1809.343870020834,-39.657842231887116,0.4431743560955701
88,2010,1326,1210,2,10,8,1,0.7941176470588235,0.6363636363636364,0.15775401069518713,11.326923076923077,37.36734693877551,26.040423861852435,1821.347770197351,1697.4186344295158,123.9291357678353,0.6711505544903575
89,2010,1210,1326,10,2,-8,0,0.6363636363636364,0.7941176470588235,0.15775401069518713,11.326923076923077,37.36734693877551,26.040423861852435,1697.4186344295158,1821.347770197351,-123.9291357678353,0.32884944550964246
90,2010,1345,1401,4,5,1,1,0.84375,0.7096774193548387,0.13407258064516125,11.596153846153847,18.686274509803923,7.090120663650076,1856.6019706683157,1788.7978878081651,67.80408286015063,0.5963577267193427
91,2010,1401,1345,5,4,-1,0,0.7096774193548387,0.84375,0.13407258064516125,11.596153846153847,18.686274509803923,7.090120663650076,1788.7978878081651,1856.6019706683157,-67.80408286015063,0.40364227328065727
92,2010,1393,1211,1,8,7,1,0.875,0.8064516129032258,0.06854838709677424,3.8076923076923075,34.745098039215684,30.937405731523377,1875.4062012457348,1797.4493672370274,77.95683400870735,0.6103433283073889
93,2010,1211,1393,8,1,-7,0,0.8064516129032258,0.875,0.06854838709677424,3.8076923076923075,34.745098039215684,30.937405731523377,1797.4493672370274,1875.4062012457348,-77.95683400870735,0.3896566716926111
94,2010,1452,1281,2,10,8,1,0.8181818181818182,0.6875,0.13068181818181823,5.615384615384615,32.244897959183675,26.62951334379906,1875.0427901293247,1738.6005311211334,136.4422590081913,0.6868480986952648
95,2010,1281,1452,10,2,-8,0,0.6875,0.8181818181818182,0.13068181818181823,5.615384615384615,32.244897959183675,26.62951334379906,1738.6005311211334,1875.0427901293247,-136.4422590081913,0.31315190130473525
96,2010,1462,1338,6,3,-3,1,0.75,0.75,0.0,23.020408163265305,20.115384615384617,-2.9050235478806883,1804.598392191858,1818.2898419178046,-13.69144972594654,0.48030661303231675
97,2010,1338,1462,3,6,3,0,0.75,0.75,0.0,23.020408163265305,20.115384615384617,-2.9050235478806883,1818.2898419178046,1804.598392191858,13.69144972594654,0.5196933869676832
98,2010,1139,1393,5,1,-4,1,0.875,0.875,0.0,17.901960784313726,3.8076923076923075,-14.09426847662142,1862.944507215947,1887.0959013965132,-24.151394180566285,0.46529922439527877
99,2010,1393,1139,1,5,4,0,0.875,0.875,0.0,17.901960784313726,3.8076923076923075,-14.09426847662142,1887.0959013965132,1862.944507215947,24.151394180566285,0.5347007756047213
100,2010,1243,1462,2,6,4,1,0.78125,0.75,0.03125,6.9423076923076925,23.020408163265305,16.07810047095761,1813.420265955355,1820.1891938008885,-6.768927845533426,0.49025996208845074
101,2010,1462,1243,6,2,-4,0,0.75,0.78125,0.03125,6.9423076923076925,23.020408163265305,16.07810047095761,1820.1891938008885,1813.420265955355,6.768927845533426,0.5097400379115493
102,2010,1246,1165,1,12,11,1,0.9411764705882353,0.8620689655172413,0.07910750507099396,3.3461538461538463,52.326530612244895,48.98037676609105,1882.1429409464065,1769.116325175642,113.02661577076447,0.6571532065774706
103,2010,1165,1246,12,1,-11,0,0.8620689655172413,0.9411764705882353,0.07910750507099396,3.3461538461538463,52.326530612244895,48.98037676609105,1769.116325175642,1882.1429409464065,-113.02661577076447,0.34284679342252944
104,2010,1452,1449,2,11,9,1,0.8181818181818182,0.7272727272727273,0.09090909090909094,5.615384615384615,33.625,28.009615384615387,1884.4373471684667,1788.6263862642616,95.8109609042051,0.6344910059929925
105,2010,1449,1452,11,2,-9,0,0.7272727272727273,0.8181818181818182,0.09090909090909094,5.615384615384615,33.625,28.009615384615387,1788.6263862642616,1884.4373471684667,-95.8109609042051,0.36550899400700754
106,2010,1124,1388,3,10,7,1,0.7741935483870968,0.8333333333333334,-0.05913978494623662,11.923076923076923,32.0,20.076923076923077,1806.3622826454048,1784.8488298634395,21.51345278196527,0.5309208387852589
107,2010,1388,1124,10,3,-7,0,0.8333333333333334,0.7741935483870968,-0.05913978494623662,11.923076923076923,32.0,20.076923076923077,1784.8488298634395,1806.3622826454048,-21.51345278196527,0.46907916121474114
108,2010,1181,1345,1,4,3,1,0.8529411764705882,0.84375,0.009191176470588203,3.4423076923076925,11.596153846153847,8.153846153846153,1936.950260084858,1868.7112388667354,68.23902121812262,0.5969602612119901
109,2010,1345,1181,4,1,-3,0,0.84375,0.8529411764705882,0.009191176470588203,3.4423076923076925,11.596153846153847,8.153846153846153,1868.7112388667354,1936.950260084858,-68.23902121812262,0.4030397387880099
110,2010,1277,1320,5,9,4,1,0.75,0.875,-0.125,23.173076923076923,27.0,3.8269230769230766,1822.6391007037012,1817.4839860014297,5.155114702271476,0.5074182620357652
111,2010,1320,1277,9,5,-4,0,0.875,0.75,-0.125,23.173076923076923,27.0,3.8269230769230766,1817.4839860014297,1822.6391007037012,-5.155114702271476,0.49258173796423477
112,2010,1397,1326,6,2,-4,1,0.7575757575757576,0.7941176470588235,-0.036541889483065915,20.557692307692307,11.326923076923077,-9.23076923076923,1807.5616041282874,1831.2132535626404,-23.651649434352976,0.4660150218233531
113,2010,1326,1397,2,6,4,0,0.7941176470588235,0.7575757575757576,-0.036541889483065915,20.557692307692307,11.326923076923077,-9.23076923076923,1831.2132535626404,1807.5616041282874,23.651649434352976,0.5339849781766469
114,2010,1139,1243,5,2,-3,1,0.875,0.78125,0.09375,17.901960784313726,6.9423076923076925,-10.959653092006032,1878.9855304840885,1828.7124670927014,50.27306339138704,0.5718480163505876
115,2010,1243,1139,2,5,3,0,0.78125,0.875,0.09375,17.901960784313726,6.9423076923076925,-10.959653092006032,1828.7124670927014,1878.9855304840885,-50.27306339138704,0.4281519836494124
116,2010,1452,1246,2,1,-1,1,0.8181818181818182,0.9411764705882353,-0.12299465240641705,5.615384615384615,3.3461538461538463,-2.2692307692307687,1895.402616988677,1892.4283447490823,2.974272239594711,0.5042802172683521
117,2010,1246,1452,1,2,1,0,0.9411764705882353,0.8181818181818182,-0.12299465240641705,5.615384615384615,3.3461538461538463,-2.2692307692307687,1892.4283447490823,1895.402616988677,-2.974272239594711,0.49571978273164785
118,2010,1181,1124,1,3,2,1,0.8529411764705882,0.7741935483870968,0.07874762808349145,3.4423076923076925,11.923076923076923,8.48076923076923,1949.0414522484982,1820.434657481847,128.60679476665132,0.6770658758331807
119,2010,1124,1181,3,1,-2,0,0.7741935483870968,0.8529411764705882,0.07874762808349145,3.4423076923076925,11.923076923076923,8.48076923076923,1820.434657481847,1949.0414522484982,-128.60679476665132,0.3229341241668193
120,2010,1277,1397,5,6,1,1,0.75,0.7575757575757576,-0.007575757575757569,23.173076923076923,20.557692307692307,-2.6153846153846168,1837.416552842628,1823.5811534735867,13.835399369041397,0.5199002223981894
121,2010,1397,1277,6,5,-1,0,0.7575757575757576,0.75,-0.007575757575757569,23.173076923076923,20.557692307692307,-2.6153846153846168,1823.5811534735867,1837.416552842628,-13.835399369041397,0.48009977760181055
122,2010,1139,1277,5,5,0,1,0.875,0.75,0.125,17.901960784313726,23.173076923076923,5.2711161387631975,1891.830089993571,1851.8195461706823,40.01054382288862,0.5573266081304575
123,2010,1277,1139,5,5,0,0,0.75,0.875,0.125,17.901960784313726,23.173076923076923,5.2711161387631975,1851.8195461706823,1891.830089993571,-40.01054382288862,0.44267339186954247
124,2010,1181,1452,1,2,1,1,0.8529411764705882,0.8181818181818182,0.03475935828876997,3.4423076923076925,5.615384615384615,2.1730769230769225,1958.7294759735028,1910.2742104706265,48.45526550287627,0.5692841077371797
125,2010,1452,1181,2,1,-1,0,0.8181818181818182,0.8529411764705882,0.03475935828876997,3.4423076923076925,5.615384615384615,2.1730769230769225,1910.2742104706265,1958.7294759735028,-48.45526550287627,0.43071589226282025
126,2010,1181,1139,1,5,4,1,0.8529411764705882,0.875,-0.022058823529411797,3.4423076923076925,17.901960784313726,14.459653092006032,1971.6509527413873,1905.110291749657,66.54066099173019,0.5946058234490177
127,2010,1139,1181,5,1,-4,0,0.875,0.8529411764705882,-0.022058823529411797,3.4423076923076925,17.901960784313726,14.459653092006032,1905.110291749657,1971.6509527413873,-66.54066099173019,0.4053941765509823
128,2011,1155,1412,12,12,0,1,0.65625,0.7333333333333333,-0.07708333333333328,40.6530612244898,49.775510204081634,9.122448979591837,1696.5384112461586,1695.5357604799292,1.002650766229408,0.50144292643672
129,2011,1412,1155,12,12,0,0,0.7333333333333333,0.65625,-0.07708333333333328,40.6530612244898,49.775510204081634,9.122448979591837,1695.5357604799292,1696.5384112461586,-1.002650766229408,0.49855707356328005
130,2011,1421,1114,16,16,0,1,0.5517241379310345,0.5151515151515151,0.03657262277951934,155.0408163265306,198.24489795918367,43.20408163265307,1506.380718879751,1477.4713453652816,28.90937351446928,0.5415081823572094
131,2011,1114,1421,16,16,0,0,0.5151515151515151,0.5517241379310345,0.03657262277951934,155.0408163265306,198.24489795918367,43.20408163265307,1477.4713453652816,1506.380718879751,-28.90937351446928,0.45849181764279057
132,2011,1427,1106,16,16,0,1,0.5517241379310345,0.46875,0.08297413793103448,204.9387755102041,278.9795918367347,74.0408163265306,1528.6104393714625,1434.8641746776032,93.7462646938593,0.6317302689734781
133,2011,1106,1427,16,16,0,0,0.46875,0.5517241379310345,0.08297413793103448,204.9387755102041,278.9795918367347,74.0408163265306,1434.8641746776032,1528.6104393714625,-93.7462646938593,0.36826973102652194
134,2011,1433,1425,11,11,0,1,0.6764705882352942,0.5757575757575758,0.10071301247771836,68.75510204081633,61.93877551020408,-6.816326530612244,1688.7803625016434,1644.64573837574,44.13462412590343,0.5631753841586457
135,2011,1425,1433,11,11,0,0,0.5757575757575758,0.6764705882352942,0.10071301247771836,68.75510204081633,61.93877551020408,-6.816326530612244,1644.64573837574,1688.7803625016434,-44.13462412590343,0.43682461584135435
136,2011,1139,1330,8,9,1,1,0.7096774193548387,0.8181818181818182,-0.10850439882697949,45.44897959183673,32.51020408163265,-12.938775510204081,1782.84575877313,1789.3235656375798,-6.4778068644498035,0.49067876661305593
137,2011,1330,1139,9,8,-1,0,0.8181818181818182,0.7096774193548387,-0.10850439882697949,45.44897959183673,32.51020408163265,-12.938775510204081,1789.3235656375798,1782.84575877313,6.4778068644498035,0.5093212333869441
138,2011,1140,1459,3,14,11,1,0.8787878787878788,0.6363636363636364,0.24242424242424243,8.115384615384615,98.42857142857143,90.31318681318682,1853.5978296733197,1658.0301024969774,195.56772717634226,0.7550589642119653
139,2011,1459,1140,14,3,-11,0,0.6363636363636364,0.8787878787878788,0.24242424242424243,8.115384615384615,98.42857142857143,90.31318681318682,1658.0301024969774,1853.5978296733197,-195.56772717634226,0.24494103578803472
140,2011,1153,1281,6,11,5,1,0.7575757575757576,0.6875,0.07007575757575757,22.44,34.10204081632653,11.662040816326527,1724.51620458588,1712.4930981285627,12.023106457317226,0.5172957375844558
141,2011,1281,1153,11,6,-5,0,0.6875,0.7575757575757576,0.07007575757575757,22.44,34.10204081632653,11.662040816326527,1712.4930981285627,1724.51620458588,-12.023106457317226,0.4827042624155442
142,2011,1163,1137,3,14,11,1,0.7428571428571429,0.7575757575757576,-0.014718614718614687,13.01923076923077,86.95918367346938,73.93995290423861,1796.0228178113575,1618.7824117951293,177.24040601622823,0.735026706433478
143,2011,1137,1163,14,3,-11,0,0.7575757575757576,0.7428571428571429,-0.014718614718614687,13.01923076923077,86.95918367346938,73.93995290423861,1618.7824117951293,1796.0228178113575,-177.24040601622823,0.264973293566522
144,2011,1196,1364,2,15,13,1,0.7878787878787878,0.5517241379310345,0.23615464994775337,15.615384615384615,148.18367346938774,132.56828885400313,1794.80968646589,1542.936210747923,251.87347571796704,0.809983085931659
145,2011,1364,1196,15,2,-13,0,0.5517241379310345,0.7878787878787878,0.23615464994775337,15.615384615384615,148.18367346938774,132.56828885400313,1542.936210747923,1794.80968646589,-251.87347571796704,0.19001691406834098
146,2011,1211,1385,11,6,-5,1,0.71875,0.65625,0.0625,40.04,28.274509803921568,-11.765490196078431,1749.256864234704,1711.8145279204464,37.442336314257545,0.5536762177534773
147,2011,1385,1211,6,11,5,0,0.65625,0.71875,0.0625,40.04,28.274509803921568,-11.765490196078431,1711.8145279204464,1749.256864234704,-37.442336314257545,0.4463237822465227
148,2011,1243,1429,5,12,7,1,0.6774193548387096,0.90625,-0.22883064516129037,27.23076923076923,19.21153846153846,-8.01923076923077,1780.1863885573248,1807.4743897357248,-27.28800117840001,0.46080996051146583
149,2011,1429,1243,12,5,-7,0,0.90625,0.6774193548387096,-0.22883064516129037,27.23076923076923,19.21153846153846,-8.01923076923077,1807.4743897357248,1780.1863885573248,27.28800117840001,0.5391900394885342
150,2011,1246,1343,4,13,9,1,0.7575757575757576,0.8,-0.042424242424242475,12.153846153846153,68.06122448979592,55.907378335949765,1844.161075511105,1676.3633949790321,167.79768053207295,0.7243057393208382
151,2011,1343,1246,13,4,-9,0,0.8,0.7575757575757576,-0.042424242424242475,12.153846153846153,68.06122448979592,55.907378335949765,1676.3633949790321,1844.161075511105,-167.79768053207295,0.2756942606791618
152,2011,1287,1257,13,4,-9,1,0.7096774193548387,0.7352941176470589,-0.02561669829222013,94.63265306122449,13.76923076923077,-80.86342229199371,1644.6126827932485,1781.0670306459747,-136.4543478527262,0.3131369337589248
153,2011,1257,1287,4,13,9,0,0.7352941176470589,0.7096774193548387,-0.02561669829222013,94.63265306122449,13.76923076923077,-80.86342229199371,1781.0670306459747,1644.6126827932485,136.4543478527262,0.6868630662410752
154,2011,1338,1421,1,16,15,1,0.84375,0.5517241379310345,0.2920258620689655,5.596153846153846,155.0408163265306,149.44466248037676,1864.1001337040066,1520.1354734090346,343.96466029497196,0.8786832672705621
155,2011,1421,1338,16,1,-15,0,0.5517241379310345,0.84375,0.2920258620689655,5.596153846153846,155.0408163265306,149.44466248037676,1520.1354734090346,1864.1001337040066,-343.96466029497196,0.12131673272943788
156,2011,1350,1435,12,5,-7,1,0.7941176470588235,0.696969696969697,0.09714795008912647,35.285714285714285,29.666666666666668,-5.619047619047617,1783.2590410478458,1717.5452756562704,65.71376539157541,0.593457913449494
157,2011,1435,1350,5,12,7,0,0.696969696969697,0.7941176470588235,0.09714795008912647,35.285714285714285,29.666666666666668,-5.619047619047617,1717.5452756562704,1783.2590410478458,-65.71376539157541,0.40654208655050605
158,2011,1361,1294,2,15,13,1,0.9375,0.6551724137931034,0.2823275862068966,5.384615384615385,120.6938775510204,115.30926216640502,1889.2417440955521,1598.974332656494,290.26741143905815,0.8416975812688935
159,2011,1294,1361,15,2,-13,0,0.6551724137931034,0.9375,0.2823275862068966,5.384615384615385,120.6938775510204,115.30926216640502,1598.974332656494,1889.2417440955521,-290.26741143905815,0.1583024187311065
160,2011,1396,1336,7,10,3,1,0.78125,0.5757575757575758,0.2054924242424242,30.53061224489796,47.795918367346935,17.265306122448976,1795.447039017466,1656.0166825167582,139.43035650070783,0.6905358529919621
161,2011,1336,1396,10,7,-3,0,0.5757575757575758,0.78125,0.2054924242424242,30.53061224489796,47.795918367346935,17.265306122448976,1656.0166825167582,1795.447039017466,-139.43035650070783,0.3094641470080379
162,2011,1417,1277,7,10,3,1,0.6875,0.5625,0.125,44.53061224489796,46.734693877551024,2.2040816326530646,1680.0810406531625,1706.3795894377906,-26.29854878462811,0.46222546124181524
163,2011,1277,1417,10,7,-3,0,0.5625,0.6875,0.125,44.53061224489796,46.734693877551024,2.2040816326530646,1706.3795894377906,1680.0810406531625,26.29854878462811,0.5377745387581847
164,2011,1452,1155,5,12,7,1,0.6451612903225806,0.65625,-0.011088709677419373,22.784313725490197,40.6530612244898,17.8687474989996,1784.6156009254344,1711.495123453057,73.12047747237739,0.6037022532064522
165,2011,1155,1452,12,5,-7,0,0.65625,0.6451612903225806,-0.011088709677419373,22.784313725490197,40.6530612244898,17.8687474989996,1711.495123453057,1784.6156009254344,-73.12047747237739,0.3962977467935478
166,2011,1458,1125,4,13,9,1,0.7419354838709677,0.8823529411764706,-0.1404174573055028,15.0,35.02040816326531,20.02040816326531,1772.2428634245946,1724.5189864037243,47.723877020870304,0.5682514656266207
167,2011,1125,1458,13,4,-9,0,0.8823529411764706,0.7419354838709677,-0.1404174573055028,15.0,35.02040816326531,20.02040816326531,1724.5189864037243,1772.2428634245946,-47.723877020870304,0.43174853437337934
168,2011,1112,1272,5,12,7,1,0.7941176470588235,0.7352941176470589,0.05882352941176461,21.96153846153846,58.52,36.55846153846154,1741.7221100134725,1725.9675459012128,15.754564112259686,0.5226571132793151
169,2011,1272,1112,12,5,-7,0,0.7352941176470589,0.7941176470588235,0.05882352941176461,21.96153846153846,58.52,36.55846153846154,1725.9675459012128,1741.7221100134725,-15.754564112259686,0.4773428867206849
170,2011,1181,1214,1,16,15,1,0.8823529411764706,0.7419354838709677,0.1404174573055028,3.673076923076923,163.0204081632653,159.34733124018837,1975.96235092236,1525.3664008165606,450.5959501057994,0.9304640007641063
171,2011,1214,1181,16,1,-15,0,0.7419354838709677,0.8823529411764706,0.1404174573055028,3.673076923076923,163.0204081632653,159.34733124018837,1525.3664008165606,1975.96235092236,-450.5959501057994,0.06953599923589371
172,2011,1199,1401,10,7,-3,1,0.6774193548387096,0.7419354838709677,-0.06451612903225812,44.59183673469388,31.294117647058822,-13.297719087635056,1709.6306869224495,1761.5822555598627,-51.951568637413175,0.4257879578342481
173,2011,1401,1199,7,10,3,0,0.7419354838709677,0.6774193548387096,-0.06451612903225812,44.59183673469388,31.294117647058822,-13.297719087635056,1761.5822555598627,1709.6306869224495,51.951568637413175,0.574212042165752
174,2011,1206,1437,8,9,1,1,0.8125,0.65625,0.15625,29.306122448979593,33.326530612244895,4.0204081632653015,1722.7216744285224,1703.1575253797541,19.564149048768286,0.5281253530752551
175,2011,1437,1206,9,8,-1,0,0.65625,0.8125,0.15625,29.306122448979593,33.326530612244895,4.0204081632653015,1703.1575253797541,1722.7216744285224,-19.564149048768286,0.4718746469247449
176,2011,1228,1424,9,8,-1,1,0.59375,0.75,-0.15625,37.224489795918366,23.62,-13.604489795918365,1645.5781029509496,1745.6286027831595,-100.05049983220988,0.35986803084368707
177,2011,1424,1228,8,9,1,0,0.75,0.59375,-0.15625,37.224489795918366,23.62,-13.604489795918365,1745.6286027831595,1645.5781029509496,100.05049983220988,0.640131969156313
178,2011,1242,1131,1,16,15,1,0.9411764705882353,0.6176470588235294,0.32352941176470584,2.0576923076923075,154.81632653061226,152.75863422291994,1998.9342684319965,1594.4190047240024,404.5152637079941,0.9112162849827568
179,2011,1131,1242,16,1,-15,0,0.6176470588235294,0.9411764705882353,0.32352941176470584,2.0576923076923075,154.81632653061226,152.75863422291994,1594.4190047240024,1998.9342684319965,-404.5152637079941,0.08878371501724325
180,2011,1266,1462,11,6,-5,1,0.5882352941176471,0.7741935483870968,-0.18595825426944967,41.183673469387756,29.54901960784314,-11.634653861544617,1685.3161728990947,1793.154853478947,-107.83868057985228,0.34960649594568105
181,2011,1462,1266,6,11,5,0,0.7741935483870968,0.5882352941176471,-0.18595825426944967,41.183673469387756,29.54901960784314,-11.634653861544617,1793.154853478947,1685.3161728990947,107.83868057985228,0.650393504054319
182,2011,1276,1397,8,9,1,1,0.59375,0.5757575757575758,0.0179924242424242,44.142857142857146,50.87755102040816,6.734693877551017,1657.8126461731008,1686.8213711856718,-29.00872501257095,0.45834982808424934
183,2011,1397,1276,9,8,-1,0,0.5757575757575758,0.59375,0.0179924242424242,44.142857142857146,50.87755102040816,6.734693877551017,1686.8213711856718,1657.8126461731008,29.00872501257095,0.5416501719157507
184,2011,1314,1254,2,15,13,1,0.7878787878787878,0.84375,-0.055871212121212155,11.884615384615385,87.55102040816327,75.66640502354788,1842.2556102340232,1622.3256218881224,219.9299883459007,0.7800604673035676
185,2011,1254,1314,15,2,-13,0,0.84375,0.7878787878787878,-0.055871212121212155,11.884615384615385,87.55102040816327,75.66640502354788,1622.3256218881224,1842.2556102340232,-219.9299883459007,0.2199395326964324
186,2011,1323,1103,2,15,13,1,0.8125,0.6470588235294118,0.1654411764705882,8.0,116.87755102040816,108.87755102040816,1812.0504735554164,1623.323956126332,188.72651742908442,0.7477026772086519
187,2011,1103,1323,15,2,-13,0,0.6470588235294118,0.8125,0.1654411764705882,8.0,116.87755102040816,108.87755102040816,1623.323956126332,1812.0504735554164,-188.72651742908442,0.2522973227913481
188,2011,1326,1427,1,16,15,1,0.9411764705882353,0.5517241379310345,0.3894523326572008,1.3653846153846154,204.9387755102041,203.57339089481948,1933.2946170499742,1539.658531302258,393.63608574771615,0.9060176218461901
189,2011,1427,1326,16,1,-15,0,0.5517241379310345,0.9411764705882353,0.3894523326572008,1.3653846153846154,204.9387755102041,203.57339089481948,1539.658531302258,1933.2946170499742,-393.63608574771615,0.09398237815380994
190,2011,1345,1389,3,14,11,1,0.78125,0.6060606060606061,0.17518939393939392,10.23076923076923,119.6734693877551,109.44270015698588,1820.7333551713505,1579.955764654134,240.77759051721637,0.7999572550562638
191,2011,1389,1345,14,3,-11,0,0.6060606060606061,0.78125,0.17518939393939392,10.23076923076923,119.6734693877551,109.44270015698588,1579.955764654134,1820.7333551713505,-240.77759051721637,0.2000427449437362
192,2011,1393,1232,3,14,11,1,0.7878787878787878,0.59375,0.19412878787878785,11.23076923076923,103.0204081632653,91.78963893249608,1849.8681744282214,1635.2788588437597,214.5893155844617,0.7747405583479788
193,2011,1232,1393,14,3,-11,0,0.59375,0.7878787878787878,0.19412878787878785,11.23076923076923,103.0204081632653,91.78963893249608,1635.2788588437597,1849.8681744282214,-214.5893155844617,0.22525944165202116
194,2011,1400,1324,4,13,9,1,0.7941176470588235,0.7272727272727273,0.06684491978609619,8.76923076923077,61.30612244897959,52.53689167974882,1819.0415433177027,1721.128666719335,97.9128765983678,0.6372924573844412
195,2011,1324,1400,13,4,-9,0,0.7272727272727273,0.7941176470588235,0.06684491978609619,8.76923076923077,61.30612244897959,52.53689167974882,1721.128666719335,1819.0415433177027,-97.9128765983678,0.3627075426155588
196,2011,1433,1207,11,6,-5,1,0.6764705882352942,0.6774193548387096,-0.000948766603415474,68.75510204081633,22.68,-46.075102040816326,1701.885100976884,1753.1554760017948,-51.27037502491089,0.4267469560047333
197,2011,1207,1433,6,11,5,0,0.6774193548387096,0.6764705882352942,-0.000948766603415474,68.75510204081633,22.68,-46.075102040816326,1753.1554760017948,1701.885100976884,51.27037502491089,0.5732530439952668
198,2011,1449,1208,7,10,3,1,0.696969696969697,0.65625,0.04071969696969702,27.076923076923077,52.12244897959184,25.04552590266876,1731.3895377141102,1639.7171736481932,91.67236406591701,0.6289485086299471
199,2011,1208,1449,10,7,-3,0,0.65625,0.696969696969697,0.04071969696969702,27.076923076923077,52.12244897959184,25.04552590266876,1639.7171736481932,1731.3895377141102,-91.67236406591701,0.3710514913700529
200,2011,1139,1338,8,1,-7,1,0.7096774193548387,0.84375,-0.13407258064516125,45.44897959183673,5.596153846153846,-39.852825745682885,1798.1253957747383,1867.7396356858897,-69.61423991115134,0.4011365351359248
201,2011,1338,1139,1,8,7,0,0.84375,0.7096774193548387,-0.13407258064516125,45.44897959183673,5.596153846153846,-39.852825745682885,1867.7396356858897,1798.1253957747383,69.61423991115134,0.5988634648640752
202,2011,1140,1211,3,11,8,1,0.8787878787878788,0.71875,0.16003787878787878,8.115384615384615,40.04,31.924615384615386,1860.9460607469607,1762.6465777020996,98.29948304486106,0.6378067227774975
203,2011,1211,1140,11,3,-8,0,0.71875,0.8787878787878788,0.16003787878787878,8.115384615384615,40.04,31.924615384615386,1762.6465777020996,1860.9460607469607,-98.29948304486106,0.3621932772225025
204,2011,1163,1153,3,6,3,1,0.7428571428571429,0.7575757575757576,-0.014718614718614687,13.01923076923077,22.44,9.420769230769231,1803.972016618353,1738.9973324583461,64.97468416000697,0.5924310436772809
205,2011,1153,1163,6,3,-3,0,0.7575757575757576,0.7428571428571429,-0.014718614718614687,13.01923076923077,22.44,9.420769230769231,1738.9973324583461,1803.972016618353,-64.97468416000697,0.40756895632271906
206,2011,1196,1417,2,7,5,1,0.7878787878787878,0.6875,0.10037878787878785,15.615384615384615,44.53061224489796,28.915227629513346,1800.5101938879402,1696.214276815908,104.29591707203213,0.6457422236828594
207,2011,1417,1196,7,2,-5,0,0.6875,0.7878787878787878,0.10037878787878785,15.615384615384615,44.53061224489796,28.915227629513346,1696.214276815908,1800.5101938879402,-104.29591707203213,0.3542577763171406
208,2011,1246,1452,4,5,1,1,0.7575757575757576,0.6451612903225806,0.11241446725317694,12.153846153846153,22.784313725490197,10.630467571644044,1852.43190333148,1796.5045333292408,55.927370002239286,0.5797979030746379
209,2011,1452,1246,5,4,-1,0,0.6451612903225806,0.7575757575757576,0.11241446725317694,12.153846153846153,22.784313725490197,10.630467571644044,1796.5045333292408,1852.43190333148,-55.927370002239286,0.42020209692536215
210,2011,1350,1287,12,13,1,1,0.7941176470588235,0.7096774193548387,0.08444022770398474,35.285714285714285,94.63265306122449,59.3469387755102,1795.455303644361,1665.2185747804808,130.23672886388022,0.6791139539198476
211,2011,1287,1350,13,12,-1,0,0.7096774193548387,0.7941176470588235,0.08444022770398474,35.285714285714285,94.63265306122449,59.3469387755102,1665.2185747804808,1795.455303644361,-130.23672886388022,0.32088604608015237
212,2011,1361,1396,2,7,5,1,0.9375,0.78125,0.15625,5.384615384615385,30.53061224489796,25.145996860282573,1893.9908166574853,1804.7309634277071,89.25985322977817,0.6257017823807794
213,2011,1396,1361,7,2,-5,0,0.78125,0.9375,0.15625,5.384615384615385,30.53061224489796,25.145996860282573,1804.7309634277071,1893.9908166574853,-89.25985322977817,0.37429821761922055
214,2011,1458,1243,4,5,1,1,0.7419354838709677,0.6774193548387096,0.06451612903225812,15.0,27.23076923076923,12.23076923076923,1785.195319455796,1796.3620897419808,-11.166770286184828,0.4839352570764623
215,2011,1243,1458,5,4,-1,0,0.6774193548387096,0.7419354838709677,0.06451612903225812,15.0,27.23076923076923,12.23076923076923,1796.3620897419808,1785.195319455796,11.166770286184828,0.5160647429235377
216,2011,1112,1400,5,4,-1,1,0.7941176470588235,0.7941176470588235,0.0,21.96153846153846,8.76923076923077,-13.19230769230769,1756.0423966150931,1829.9227695961695,-73.88037298107633,0.39525168745676814
217,2011,1400,1112,4,5,1,0,0.7941176470588235,0.7941176470588235,0.0,21.96153846153846,8.76923076923077,-13.19230769230769,1829.9227695961695,1756.0423966150931,73.88037298107633,0.6047483125432318
218,2011,1181,1276,1,8,7,1,0.8823529411764706,0.59375,0.28860294117647056,3.673076923076923,44.142857142857146,40.469780219780226,1978.0484308994369,1674.0621513305732,303.98627956886367,0.8519383834965969
219,2011,1276,1181,8,1,-7,0,0.59375,0.8823529411764706,0.28860294117647056,3.673076923076923,44.142857142857146,40.469780219780226,1674.0621513305732,1978.0484308994369,-303.98627956886367,0.1480616165034031
220,2011,1199,1323,10,2,-8,1,0.6774193548387096,0.8125,-0.13508064516129037,44.59183673469388,8.0,-36.59183673469388,1726.8570481874222,1819.6193932391568,-92.76234505173466,0.3695884007287433
221,2011,1323,1199,2,10,8,0,0.8125,0.6774193548387096,-0.13508064516129037,44.59183673469388,8.0,-36.59183673469388,1819.6193932391568,1726.8570481874222,92.76234505173466,0.6304115992712567
222,2011,1242,1228,1,9,8,1,0.9411764705882353,0.59375,0.3474264705882353,2.0576923076923075,37.224489795918366,35.16679748822606,2001.5977798825138,1664.782062025639,336.8157178568747,0.8742276327919132
223,2011,1228,1242,9,1,-8,0,0.59375,0.9411764705882353,0.3474264705882353,2.0576923076923075,37.224489795918366,35.16679748822606,1664.782062025639,2001.5977798825138,-336.8157178568747,0.12577236720808682
224,2011,1266,1393,11,3,-8,1,0.5882352941176471,0.7878787878787878,-0.19964349376114077,41.183673469387756,11.23076923076923,-29.952904238618526,1704.8279780207242,1856.625957677782,-151.7979796570578,0.2944601836256475
225,2011,1393,1266,3,11,8,0,0.7878787878787878,0.5882352941176471,-0.19964349376114077,41.183673469387756,11.23076923076923,-29.952904238618526,1856.625957677782,1704.8279780207242,151.7979796570578,0.7055398163743525
226,2011,1314,1449,2,7,5,1,0.7878787878787878,0.696969696969697,0.09090909090909083,11.884615384615385,27.076923076923077,15.192307692307692,1848.8537962149162,1742.5210824552119,106.33271375970435,0.6484197608191826
227,2011,1449,1314,7,2,-5,0,0.696969696969697,0.7878787878787878,0.09090909090909083,11.884615384615385,27.076923076923077,15.192307692307692,1742.5210824552119,1848.8537962149162,-106.33271375970435,0.3515802391808174
228,2011,1326,1206,1,8,7,1,0.9411764705882353,0.8125,0.12867647058823528,1.3653846153846154,29.306122448979593,27.940737833594977,1936.1140883945886,1736.8779138362647,199.2361745583239,0.7589434314097102
229,2011,1206,1326,8,1,-7,0,0.8125,0.9411764705882353,0.12867647058823528,1.3653846153846154,29.306122448979593,27.940737833594977,1736.8779138362647,1936.1140883945886,-199.2361745583239,0.2410565685902898
230,2011,1433,1345,11,3,-8,1,0.6764705882352942,0.78125,-0.10477941176470584,68.75510204081633,10.23076923076923,-58.5243328100471,1719.082692296742,1826.7346375196626,-107.65194522292063,0.34985095611900857
231,2011,1345,1433,3,11,8,0,0.78125,0.6764705882352942,-0.10477941176470584,68.75510204081633,10.23076923076923,-58.5243328100471,1826.7346375196626,1719.082692296742,107.65194522292063,0.6501490438809914
232,2011,1112,1181,5,1,-4,1,0.7941176470588235,0.8823529411764706,-0.08823529411764708,21.96153846153846,3.673076923076923,-18.288461538461537,1774.1848459913901,1982.490279394539,-208.30543340314875,0.23163492158162038
233,2011,1181,1112,1,5,4,0,0.8823529411764706,0.7941176470588235,-0.08823529411764708,21.96153846153846,3.673076923076923,-18.288461538461537,1982.490279394539,1774.1848459913901,208.30543340314875,0.7683650784183796
234,2011,1139,1458,8,4,-4,1,0.7096774193548387,0.7419354838709677,-0.032258064516129004,45.44897959183673,15.0,-30.448979591836732,1816.0912997206606,1800.677261743502,15.414037977158614,0.5221680414849985
235,2011,1458,1139,4,8,4,0,0.7419354838709677,0.7096774193548387,-0.032258064516129004,45.44897959183673,15.0,-30.448979591836732,1800.677261743502,1816.0912997206606,-15.414037977158614,0.4778319585150015
236,2011,1163,1361,3,2,-1,1,0.7428571428571429,0.9375,-0.19464285714285712,13.01923076923077,5.384615384615385,-7.634615384615385,1816.1990853080347,1905.219763186062,-89.0206778780273,0.3746207195876003
237,2011,1361,1163,2,3,1,0,0.9375,0.7428571428571429,-0.19464285714285712,13.01923076923077,5.384615384615385,-7.634615384615385,1905.219763186062,1816.1990853080347,89.0206778780273,0.6253792804123997
238,2011,1196,1140,2,3,1,1,0.7878787878787878,0.8787878787878788,-0.09090909090909094,15.615384615384615,8.115384615384615,-7.5,1811.1379271774545,1871.811859063636,-60.673931886181435,0.4135601277190588
239,2011,1140,1196,3,2,-1,0,0.8787878787878788,0.7878787878787878,-0.09090909090909094,15.615384615384615,8.115384615384615,-7.5,1871.811859063636,1811.1379271774545,60.673931886181435,0.5864398722809412
240,2011,1242,1350,1,12,11,1,0.9411764705882353,0.7941176470588235,0.1470588235294118,2.0576923076923075,35.285714285714285,33.22802197802198,2005.3709508987565,1805.0818850267656,200.28906587199094,0.760050527266648
241,2011,1350,1242,12,1,-11,0,0.7941176470588235,0.9411764705882353,0.1470588235294118,2.0576923076923075,35.285714285714285,33.22802197802198,1805.0818850267656,2005.3709508987565,-200.28906587199094,0.239949472733352
242,2011,1246,1326,4,1,-3,1,0.7575757575757576,0.9411764705882353,-0.1836007130124777,12.153846153846153,1.3653846153846154,-10.788461538461538,1865.0379662392409,1943.3457854522974,-78.30781921305652,0.3891762707334274
243,2011,1326,1246,1,4,3,0,0.9411764705882353,0.7575757575757576,-0.1836007130124777,12.153846153846153,1.3653846153846154,-10.788461538461538,1943.3457854522974,1865.0379662392409,78.30781921305652,0.6108237292665726
244,2011,1314,1266,2,11,9,1,0.7878787878787878,0.5882352941176471,0.19964349376114077,11.884615384615385,41.183673469387756,29.29905808477237,1859.4012033903407,1725.9941725119547,133.40703087838597,0.6830778340057652
245,2011,1266,1314,11,2,-9,0,0.5882352941176471,0.7878787878787878,0.19964349376114077,11.884615384615385,41.183673469387756,29.29905808477237,1725.9941725119547,1859.4012033903407,-133.40703087838597,0.31692216599423484
246,2011,1433,1199,11,10,-1,1,0.6764705882352942,0.6774193548387096,-0.000948766603415474,68.75510204081633,44.59183673469388,-24.163265306122447,1738.5871636131717,1745.7693961655598,-7.182232552388086,0.48966540856929486
247,2011,1199,1433,10,11,1,0,0.6774193548387096,0.6764705882352942,-0.000948766603415474,68.75510204081633,44.59183673469388,-24.163265306122447,1745.7693961655598,1738.5871636131717,7.182232552388086,0.5103345914307051
248,2011,1139,1196,8,2,-6,1,0.7096774193548387,0.7878787878787878,-0.0782013685239491,45.44897959183673,15.615384615384615,-29.83359497645212,1830.4262584761107,1828.7311233458827,1.6951351302279818,0.5024394761940706
249,2011,1196,1139,2,8,6,0,0.7878787878787878,0.7096774193548387,-0.0782013685239491,45.44897959183673,15.615384615384615,-29.83359497645212,1828.7311233458827,1830.4262584761107,-1.6951351302279818,0.4975605238059294
250,2011,1163,1112,3,5,2,1,0.7428571428571429,0.7941176470588235,-0.0512605042016806,13.01923076923077,21.96153846153846,8.94230769230769,1834.9604637204068,1797.2357983439415,37.72466537646528,0.5540778043427198
251,2011,1112,1163,5,3,-2,0,0.7941176470588235,0.7428571428571429,-0.0512605042016806,13.01923076923077,21.96153846153846,8.94230769230769,1797.2357983439415,1834.9604637204068,-37.72466537646528,0.4459221956572802
252,2011,1246,1314,4,2,-2,1,0.7575757575757576,0.7878787878787878,-0.030303030303030276,12.153846153846153,11.884615384615385,-0.2692307692307683,1883.3626781172381,1868.9088683701677,14.453809747070409,0.5207887128209481
253,2011,1314,1246,2,4,2,0,0.7878787878787878,0.7575757575757576,-0.030303030303030276,12.153846153846153,11.884615384615385,-0.2692307692307683,1868.9088683701677,1883.3626781172381,-14.453809747070409,0.4792112871790519
254,2011,1433,1242,11,1,-10,1,0.6764705882352942,0.9411764705882353,-0.2647058823529411,68.75510204081633,2.0576923076923075,-66.69740973312402,1753.8972013560929,2012.569435080757,-258.67223372466424,0.18406630142741937
255,2011,1242,1433,1,11,10,0,0.9411764705882353,0.6764705882352942,-0.2647058823529411,68.75510204081633,2.0576923076923075,-66.69740973312402,2012.569435080757,1753.8972013560929,258.67223372466424,0.8159336985725807
256,2011,1139,1433,8,11,3,1,0.7096774193548387,0.6764705882352942,0.03320683111954459,45.44897959183673,68.75510204081633,23.306122448979593,1845.3530741902885,1778.3752123132704,66.97786187701809,0.595212335972687
257,2011,1433,1139,11,8,-3,0,0.6764705882352942,0.7096774193548387,0.03320683111954459,45.44897959183673,68.75510204081633,23.306122448979593,1778.3752123132704,1845.3530741902885,-66.97786187701809,0.40478766402731303
258,2011,1163,1246,3,4,1,1,0.7428571428571429,0.7575757575757576,-0.014718614718614687,13.01923076923077,12.153846153846153,-0.8653846153846168,1848.3381295901252,1897.7390167326098,-49.400887142484635,0.42938166987584636
259,2011,1246,1163,4,3,-1,0,0.7575757575757576,0.7428571428571429,-0.014718614718614687,13.01923076923077,12.153846153846153,-0.8653846153846168,1897.7390167326098,1848.3381295901252,49.400887142484635,0.5706183301241536
260,2011,1163,1139,3,8,5,1,0.7428571428571429,0.7096774193548387,0.03317972350230414,13.01923076923077,45.44897959183673,32.42974882260596,1865.4566794938498,1857.4967041111079,7.959975382741959,0.511453321539129
261,2011,1139,1163,8,3,-5,0,0.7096774193548387,0.7428571428571429,0.03317972350230414,13.01923076923077,45.44897959183673,32.42974882260596,1857.4967041111079,1865.4566794938498,-7.959975382741959,0.48854667846087096
262,2012,1140,1233,14,14,0,1,0.7419354838709677,0.78125,-0.03931451612903225,44.93103448275862,55.8448275862069,10.913793103448278,1752.0611472077485,1704.7692050605567,47.291942147191776,0.5676413405341806
263,2012,1233,1140,14,14,0,0,0.78125,0.7419354838709677,-0.03931451612903225,44.93103448275862,55.8448275862069,10.913793103448278,1704.7692050605567,1752.0611472077485,-47.291942147191776,0.4323586594658194
264,2012,1443,1290,16,16,0,1,0.45454545454545453,0.6363636363636364,-0.18181818181818182,185.3793103448276,198.8793103448276,13.5,1504.4216110396449,1517.0154043066314,-12.593793266986495,0.48188400814554
265,2012,1290,1443,16,16,0,0,0.6363636363636364,0.45454545454545453,-0.18181818181818182,185.3793103448276,198.8793103448276,13.5,1517.0154043066314,1504.4216110396449,12.593793266986495,0.51811599185446
266,2012,1378,1143,12,12,0,1,0.59375,0.7272727272727273,-0.1335227272727273,63.258620689655174,37.310344827586206,-25.948275862068968,1653.867756741849,1684.007075869937,-30.13931912808789,0.4567345059800305
267,2012,1143,1378,12,12,0,0,0.7272727272727273,0.59375,-0.1335227272727273,63.258620689655174,37.310344827586206,-25.948275862068968,1684.007075869937,1653.867756741849,30.13931912808789,0.5432654940199695
268,2012,1436,1249,16,16,0,1,0.6764705882352942,0.65625,0.020220588235294157,136.18965517241378,115.36206896551724,-20.82758620689654,1609.2453085630646,1546.7538301583106,62.491478404753934,0.588975040791728
269,2012,1249,1436,16,16,0,0,0.65625,0.6764705882352942,0.020220588235294157,136.18965517241378,115.36206896551724,-20.82758620689654,1546.7538301583106,1609.2453085630646,-62.491478404753934,0.411024959208272
270,2012,1124,1355,3,14,11,1,0.7878787878787878,0.78125,0.006628787878787845,11.754098360655737,58.0,46.24590163934426,1797.119424038279,1670.120021862646,126.99940217563312,0.6750394461413053
271,2012,1355,1124,14,3,-11,0,0.78125,0.7878787878787878,0.006628787878787845,11.754098360655737,58.0,46.24590163934426,1670.120021862646,1797.119424038279,-126.99940217563312,0.3249605538586947
272,2012,1160,1424,11,6,-5,1,0.65625,0.75,-0.09375,70.36206896551724,27.737704918032787,-42.62436404748445,1679.9448175036014,1721.3365182750072,-41.391700771405795,0.44071277948334525
273,2012,1424,1160,6,11,5,0,0.75,0.65625,-0.09375,70.36206896551724,27.737704918032787,-42.62436404748445,1721.3365182750072,1679.9448175036014,41.391700771405795,0.5592872205166548
274,2012,1211,1452,7,10,3,1,0.8064516129032258,0.59375,0.21270161290322576,24.06896551724138,49.12068965517241,25.051724137931032,1771.3758320438073,1695.079817899022,76.29601414478543,0.6080672372760333
275,2012,1452,1211,10,7,-3,0,0.59375,0.8064516129032258,0.21270161290322576,24.06896551724138,49.12068965517241,25.051724137931032,1695.079817899022,1771.3758320438073,-76.29601414478543,0.3919327627239667
276,2012,1231,1308,4,13,9,1,0.7575757575757576,0.7272727272727273,0.030303030303030276,13.114754098360656,64.55172413793103,51.436970039570376,1690.4076045031807,1643.9196845137953,46.48791998938532,0.5665050821464931
277,2012,1308,1231,13,4,-9,0,0.7272727272727273,0.7575757575757576,0.030303030303030276,13.114754098360656,64.55172413793103,51.436970039570376,1643.9196845137953,1690.4076045031807,-46.48791998938532,0.4334949178535069
278,2012,1235,1163,8,9,1,1,0.6875,0.6060606060606061,0.08143939393939392,32.56896551724138,41.44827586206897,8.879310344827587,1683.8736679223423,1719.9549962143833,-36.08132829204101,0.44826066231981093
279,2012,1163,1235,9,8,-1,0,0.6060606060606061,0.6875,0.08143939393939392,32.56896551724138,41.44827586206897,8.879310344827587,1719.9549962143833,1683.8736679223423,36.08132829204101,0.5517393376801891
280,2012,1243,1379,8,9,1,1,0.6774193548387096,0.7419354838709677,-0.06451612903225812,30.310344827586206,51.48275862068966,21.172413793103452,1740.8909781660157,1659.7099060980881,81.18107206792752,0.6147482495808965
281,2012,1379,1243,9,8,-1,0,0.7419354838709677,0.6774193548387096,-0.06451612903225812,30.310344827586206,51.48275862068966,21.172413793103452,1659.7099060980881,1740.8909781660157,-81.18107206792752,0.38525175041910353
282,2012,1246,1443,1,16,15,1,0.9411764705882353,0.45454545454545453,0.48663101604278075,1.2295081967213115,185.3793103448276,184.1498021481063,1961.206667190989,1519.9650907952787,441.24157639571035,0.926898195790717
283,2012,1443,1246,16,1,-15,0,0.45454545454545453,0.9411764705882353,0.48663101604278075,1.2295081967213115,185.3793103448276,184.1498021481063,1519.9650907952787,1961.206667190989,-441.24157639571035,0.07310180420928303
284,2012,1257,1172,4,13,9,1,0.7428571428571429,0.7741935483870968,-0.03133640552995387,17.78688524590164,61.46551724137931,43.67863199547767,1817.813801298678,1655.9320448781616,161.88175642051647,0.717453763435596
285,2012,1172,1257,13,4,-9,0,0.7741935483870968,0.7428571428571429,-0.03133640552995387,17.78688524590164,61.46551724137931,43.67863199547767,1655.9320448781616,1817.813801298678,-161.88175642051647,0.28254623656440403
286,2012,1266,1140,3,14,11,1,0.78125,0.7419354838709677,0.03931451612903225,13.721311475409836,44.93103448275862,31.209723007348785,1804.315396185768,1765.031906991723,39.28348919404493,0.5562938003175885
287,2012,1140,1266,14,3,-11,0,0.7419354838709677,0.78125,0.03931451612903225,13.721311475409836,44.93103448275862,31.209723007348785,1765.031906991723,1804.315396185768,-39.28348919404493,0.44370619968241154
288,2012,1293,1161,6,11,5,1,0.9642857142857143,0.6451612903225806,0.3191244239631337,25.442622950819672,64.56896551724138,39.12634256642171,1776.6981213137099,1648.6799533035482,128.01816801016162,0.6763245642462672
289,2012,1161,1293,11,6,-5,0,0.6451612903225806,0.9642857142857143,0.3191244239631337,25.442622950819672,64.56896551724138,39.12634256642171,1648.6799533035482,1776.6981213137099,-128.01816801016162,0.3236754357537328
290,2012,1307,1253,5,12,7,1,0.8125,0.7419354838709677,0.07056451612903225,19.868852459016395,44.44827586206897,24.579423403052573,1781.119561200791,1698.6302251831373,82.48933601765361,0.6165302828257809
291,2012,1253,1307,12,5,-7,0,0.7419354838709677,0.8125,0.07056451612903225,19.868852459016395,44.44827586206897,24.579423403052573,1698.6302251831373,1781.119561200791,-82.48933601765361,0.38346971717421907
292,2012,1326,1259,2,15,13,1,0.7941176470588235,0.75,0.044117647058823484,5.213114754098361,105.29310344827586,100.0799886941775,1890.4831732805467,1625.9534132673416,264.5297600132051,0.8209439138020682
293,2012,1259,1326,15,2,-13,0,0.75,0.7941176470588235,0.044117647058823484,5.213114754098361,105.29310344827586,100.0799886941775,1625.9534132673416,1890.4831732805467,-264.5297600132051,0.17905608619793179
294,2012,1393,1421,1,16,15,1,0.9393939393939394,0.7,0.2393939393939395,3.5081967213114753,114.41379310344827,110.90559638213679,1942.3773409884286,1598.0490087225226,344.32833226590606,0.8789062515653908
295,2012,1421,1393,16,1,-15,0,0.7,0.9393939393939394,0.2393939393939395,3.5081967213114753,114.41379310344827,110.90559638213679,1598.0490087225226,1942.3773409884286,-344.32833226590606,0.12109374843460918
296,2012,1433,1455,12,5,-7,1,0.8235294117647058,0.8387096774193549,-0.015180265654649028,44.224137931034484,13.15,-31.074137931034485,1796.7169191519745,1796.300577940889,0.41634121108540967,0.5005991628796063
297,2012,1455,1433,5,12,7,0,0.8387096774193549,0.8235294117647058,-0.015180265654649028,44.224137931034484,13.15,-31.074137931034485,1796.300577940889,1796.7169191519745,-0.41634121108540967,0.49940083712039374
298,2012,1435,1217,5,12,7,1,0.7058823529411765,0.8620689655172413,-0.1561866125760648,20.557377049180328,41.69491525423729,21.13753820505696,1768.1963869903195,1726.7526277142908,41.443759276028686,0.5593610840718257
299,2012,1217,1435,12,5,-7,0,0.8620689655172413,0.7058823529411765,-0.1561866125760648,20.557377049180328,41.69491525423729,21.13753820505696,1726.7526277142908,1768.1963869903195,-41.443759276028686,0.4406389159281743
300,2012,1458,1285,4,13,9,1,0.7272727272727273,0.7931034482758621,-0.0658307210031348,14.426229508196721,79.74137931034483,65.3151498021481,1788.2380751639914,1657.1027271150617,131.1353480489297,0.6802401699390999
301,2012,1285,1458,13,4,-9,0,0.7931034482758621,0.7272727272727273,-0.0658307210031348,14.426229508196721,79.74137931034483,65.3151498021481,1657.1027271150617,1788.2380751639914,-131.1353480489297,0.31975983006090014
302,2012,1153,1400,6,11,5,1,0.7058823529411765,0.6060606060606061,0.09982174688057044,34.51724137931034,42.43103448275862,7.913793103448278,1771.0326231339727,1713.2132754873915,57.819347646581264,0.5824489962314701
303,2012,1400,1153,11,6,-5,0,0.6060606060606061,0.7058823529411765,0.09982174688057044,34.51724137931034,42.43103448275862,7.913793103448278,1713.2132754873915,1771.0326231339727,-57.819347646581264,0.41755100376852994
304,2012,1166,1104,8,9,1,1,0.8484848484848485,0.65625,0.1922348484848485,21.983333333333334,37.03448275862069,15.051149425287356,1752.2978154580526,1684.5808574288212,67.71695802923136,0.5962369947961036
305,2012,1104,1166,9,8,-1,0,0.65625,0.8484848484848485,0.1922348484848485,21.983333333333334,37.03448275862069,15.051149425287356,1684.5808574288212,1752.2978154580526,-67.71695802923136,0.4037630052038964
306,2012,1196,1438,7,10,3,1,0.696969696969697,0.7096774193548387,-0.012707722385141729,23.666666666666668,37.06896551724138,13.402298850574713,1760.886637835146,1662.5119339129458,98.3747039222003,0.6379067452644451
307,2012,1438,1196,10,7,-3,0,0.7096774193548387,0.696969696969697,-0.012707722385141729,23.666666666666668,37.06896551724138,13.402298850574713,1662.5119339129458,1760.886637835146,-98.3747039222003,0.36209325473555487
308,2012,1199,1382,3,14,11,1,0.7272727272727273,0.6451612903225806,0.08211143695014667,20.016393442622952,68.84482758620689,48.828434143583934,1800.1042587852685,1649.7901787478452,150.3140800374233,0.7037620738824968
309,2012,1382,1199,14,3,-11,0,0.6451612903225806,0.7272727272727273,0.08211143695014667,20.016393442622952,68.84482758620689,48.828434143583934,1649.7901787478452,1800.1042587852685,-150.3140800374233,0.2962379261175032
310,2012,1207,1125,3,14,11,1,0.7333333333333333,0.7878787878787878,-0.054545454545454564,18.18032786885246,44.63793103448276,26.457603165630303,1757.8683013510051,1728.9441128232534,28.924188527751767,0.5415293558652329
311,2012,1125,1207,14,3,-11,0,0.7878787878787878,0.7333333333333333,-0.054545454545454564,18.18032786885246,44.63793103448276,26.457603165630303,1728.9441128232534,1757.8683013510051,-28.924188527751767,0.4584706441347671
312,2012,1242,1178,2,15,13,1,0.8181818181818182,0.6060606060606061,0.21212121212121215,5.60655737704918,116.36206896551724,110.75551158846805,1921.9817066930968,1633.9909316277015,287.9907750653954,0.8399435556834307
313,2012,1178,1242,15,2,-13,0,0.6060606060606061,0.8181818181818182,0.21212121212121215,5.60655737704918,116.36206896551724,110.75551158846805,1633.9909316277015,1921.9817066930968,-287.9907750653954,0.1600564443165693
314,2012,1250,1181,15,2,-13,1,0.78125,0.8181818181818182,-0.03693181818181823,86.08620689655173,9.540983606557377,-76.54522328999435,1634.6212391144875,1911.5158943177632,-276.89465520327576,0.16883116355432753
315,2012,1181,1250,2,15,13,0,0.8181818181818182,0.78125,-0.03693181818181823,86.08620689655173,9.540983606557377,-76.54522328999435,1911.5158943177632,1634.6212391144875,276.89465520327576,0.8311688364456724
316,2012,1277,1254,1,16,15,1,0.7941176470588235,0.7575757575757576,0.036541889483065915,4.360655737704918,124.12068965517241,119.7600339174675,1826.3062668957084,1659.3121995179633,166.99406737774507,0.7233810358612536
317,2012,1254,1277,16,1,-15,0,0.7575757575757576,0.7941176470588235,0.036541889483065915,4.360655737704918,124.12068965517241,119.7600339174675,1659.3121995179633,1826.3062668957084,-166.99406737774507,0.2766189641387464
318,2012,1301,1361,11,6,-5,1,0.6470588235294118,0.7741935483870968,-0.12713472485768496,47.53448275862069,35.295081967213115,-12.239400791407576,1653.6609652186191,1789.7324775535928,-136.0715123349737,0.31361112233252575
319,2012,1361,1301,6,11,5,0,0.7741935483870968,0.6470588235294118,-0.12713472485768496,47.53448275862069,35.295081967213115,-12.239400791407576,1789.7324775535928,1653.6609652186191,136.0715123349737,0.6863888776674743
320,2012,1313,1281,15,2,-13,1,0.75,0.8823529411764706,-0.13235294117647056,159.25862068965517,5.901639344262295,-153.35698134539288,1546.2175527295287,1861.9557658511756,-315.7382131216468,0.13972988548195053
321,2012,1281,1313,2,15,13,0,0.8823529411764706,0.75,-0.13235294117647056,159.25862068965517,5.901639344262295,-153.35698134539288,1861.9557658511756,1546.2175527295287,315.7382131216468,0.8602701145180495
322,2012,1314,1436,1,16,15,1,0.8529411764705882,0.6764705882352942,0.17647058823529405,4.229508196721311,136.18965517241378,131.96014697569248,1894.903099649433,1621.5760573393127,273.3270423101203,0.8282673288308177
323,2012,1436,1314,16,1,-15,0,0.6764705882352942,0.8529411764705882,0.17647058823529405,4.229508196721311,136.18965517241378,131.96014697569248,1621.5760573393127,1894.903099649433,-273.3270423101203,0.17173267116918234
324,2012,1325,1276,13,4,-9,1,0.7878787878787878,0.71875,0.06912878787878785,60.258620689655174,20.75409836065574,-39.504522328999435,1687.4663547490468,1756.5691095522302,-69.10275480318342,0.4018440488316359
325,2012,1276,1325,4,13,9,0,0.71875,0.7878787878787878,0.06912878787878785,60.258620689655174,20.75409836065574,-39.504522328999435,1756.5691095522302,1687.4663547490468,69.10275480318342,0.5981559511683641
326,2012,1345,1388,10,7,-3,1,0.6363636363636364,0.8333333333333334,-0.19696969696969702,37.55172413793103,29.049180327868854,-8.502543810062178,1720.098370180482,1762.125419774133,-42.02704959365087,0.43981149099796735
327,2012,1388,1345,7,10,3,0,0.8333333333333334,0.6363636363636364,-0.19696969696969702,37.55172413793103,29.049180327868854,-8.502543810062178,1762.125419774133,1720.098370180482,42.02704959365087,0.5601885090020327
328,2012,1378,1396,12,5,-7,1,0.59375,0.7741935483870968,-0.18044354838709675,63.258620689655174,29.54237288135593,-33.716247808299244,1670.1657215624482,1774.2571260510722,-104.091404488624,0.3545271336361854
329,2012,1396,1378,5,12,7,0,0.7741935483870968,0.59375,-0.18044354838709675,63.258620689655174,29.54237288135593,-33.716247808299244,1774.2571260510722,1670.1657215624482,104.091404488624,0.6454728663638146
330,2012,1387,1272,9,8,-1,1,0.7741935483870968,0.7647058823529411,0.009487666034155628,28.362068965517242,16.52542372881356,-11.836645236703681,1689.6729691370665,1764.804246011279,-75.13127687421252,0.39353180521369335
331,2012,1272,1387,8,9,1,0,0.7647058823529411,0.7741935483870968,0.009487666034155628,28.362068965517242,16.52542372881356,-11.836645236703681,1764.804246011279,1689.6729691370665,75.13127687421252,0.6064681947863066
332,2012,1462,1323,10,7,-3,1,0.6363636363636364,0.6666666666666666,-0.030303030303030276,57.275862068965516,39.5,-17.775862068965516,1685.6190773181058,1754.785640299558,-69.16656298145222,0.40175576354132314
333,2012,1323,1462,7,10,3,0,0.6666666666666666,0.6363636363636364,-0.030303030303030276,57.275862068965516,39.5,-17.775862068965516,1754.785640299558,1685.6190773181058,69.16656298145222,0.5982442364586769
334,2012,1124,1160,3,11,8,1,0.7878787878787878,0.65625,0.13162878787878785,11.754098360655737,70.36206896551724,58.6079706048615,1806.86824065404,1696.723434119101,110.14480653493888,0.6534059678970482
335,2012,1160,1124,11,3,-8,0,0.65625,0.7878787878787878,0.13162878787878785,11.754098360655737,70.36206896551724,58.6079706048615,1696.723434119101,1806.86824065404,-110.14480653493888,0.3465940321029518
336,2012,1231,1433,4,12,8,1,0.7575757575757576,0.8235294117647058,-0.06595365418894827,13.114754098360656,44.224137931034484,31.109383832673828,1703.412452038786,1811.6989442655863,-108.28649222680042,0.349020576120539
337,2012,1433,1231,12,4,-8,0,0.8235294117647058,0.7575757575757576,-0.06595365418894827,13.114754098360656,44.224137931034484,31.109383832673828,1811.6989442655863,1703.412452038786,108.28649222680042,0.6509794238794611
338,2012,1246,1235,1,8,7,1,0.9411764705882353,0.6875,0.2536764705882353,1.2295081967213115,32.56896551724138,31.33945732052007,1963.3997213172674,1700.425848052748,262.9738732645194,0.8196235806701215
339,2012,1235,1246,8,1,-7,0,0.6875,0.9411764705882353,0.2536764705882353,1.2295081967213115,32.56896551724138,31.33945732052007,1700.425848052748,1963.3997213172674,-262.9738732645194,0.18037641932987847
340,2012,1257,1307,4,5,1,1,0.7428571428571429,0.8125,-0.06964285714285712,17.78688524590164,19.868852459016395,2.081967213114755,1826.2901883956101,1792.6236527160174,33.6665356795927,0.5482989643109217
341,2012,1307,1257,5,4,-1,0,0.8125,0.7428571428571429,-0.06964285714285712,17.78688524590164,19.868852459016395,2.081967213114755,1792.6236527160174,1826.2901883956101,-33.6665356795927,0.45170103568907827
342,2012,1266,1293,3,6,3,1,0.78125,0.9642857142857143,-0.1830357142857143,13.721311475409836,25.442622950819672,11.721311475409836,1817.6265821762402,1786.4083843863218,31.21819778991835,0.5448060808128967
343,2012,1293,1266,6,3,-3,0,0.9642857142857143,0.78125,-0.1830357142857143,13.721311475409836,25.442622950819672,11.721311475409836,1786.4083843863218,1817.6265821762402,-31.21819778991835,0.4551939191871033
344,2012,1326,1211,2,7,5,1,0.7941176470588235,0.8064516129032258,-0.012333965844402273,5.213114754098361,24.06896551724138,18.85585076314302,1895.8548558664847,1783.1338149255264,112.72104094095835,0.6567567825595276
345,2012,1211,1326,7,2,-5,0,0.8064516129032258,0.7941176470588235,-0.012333965844402273,5.213114754098361,24.06896551724138,18.85585076314302,1783.1338149255264,1895.8548558664847,-112.72104094095835,0.34324321744047237
346,2012,1393,1243,1,8,7,1,0.9393939393939394,0.6774193548387096,0.2619745845552298,3.5081967213114753,30.310344827586206,26.802148106274732,1946.0101534414669,1752.4485306785887,193.5616227628782,0.7529169227001732
347,2012,1243,1393,8,1,-7,0,0.6774193548387096,0.9393939393939394,0.2619745845552298,3.5081967213114753,30.310344827586206,26.802148106274732,1752.4485306785887,1946.0101534414669,-193.5616227628782,0.24708307729982681
348,2012,1458,1435,4,5,1,1,0.7272727272727273,0.7058823529411765,0.021390374331550777,14.426229508196721,20.557377049180328,6.131147540983607,1797.8308700658183,1781.4155544681648,16.41531559765349,0.5236059756354478
349,2012,1435,1458,5,4,-1,0,0.7058823529411765,0.7272727272727273,0.021390374331550777,14.426229508196721,20.557377049180328,6.131147540983607,1781.4155544681648,1797.8308700658183,-16.41531559765349,0.47639402436455225
350,2012,1153,1199,6,3,-3,1,0.7058823529411765,0.7272727272727273,-0.021390374331550777,34.51724137931034,20.016393442622952,-14.50084793668739,1783.5591532470287,1808.9913965687936,-25.432243321764872,0.4634652901823436
351,2012,1199,1153,3,6,3,0,0.7272727272727273,0.7058823529411765,-0.021390374331550777,34.51724137931034,20.016393442622952,-14.50084793668739,1808.9913965687936,1783.5591532470287,25.432243321764872,0.5365347098176564
352,2012,1196,1313,7,15,8,1,0.696969696969697,0.75,-0.05303030303030298,23.666666666666668,159.25862068965517,135.59195402298852,1771.7494354772127,1572.0256561650701,199.7237793121426,0.7594565717758178
353,2012,1313,1196,15,7,-8,0,0.75,0.696969696969697,-0.05303030303030298,23.666666666666668,159.25862068965517,135.59195402298852,1572.0256561650701,1771.7494354772127,-199.7237793121426,0.24054342822418218
354,2012,1242,1345,2,10,8,1,0.8181818181818182,0.6363636363636364,0.18181818181818188,5.60655737704918,37.55172413793103,31.945166760881854,1926.783400022594,1736.904025450543,189.8793745720509,0.7489525270811579
355,2012,1345,1242,10,2,-8,0,0.6363636363636364,0.8181818181818182,0.18181818181818188,5.60655737704918,37.55172413793103,31.945166760881854,1736.904025450543,1926.783400022594,-189.8793745720509,0.2510474729188421
356,2012,1277,1387,1,9,8,1,0.7941176470588235,0.7741935483870968,0.01992409867172673,4.360655737704918,28.362068965517242,24.001413227812325,1834.6048358198707,1707.8670149806558,126.73782083921492,0.6747090487191095
357,2012,1387,1277,9,1,-8,0,0.7741935483870968,0.7941176470588235,0.01992409867172673,4.360655737704918,28.362068965517242,24.001413227812325,1707.8670149806558,1834.6048358198707,-126.73782083921492,0.3252909512808905
358,2012,1301,1207,11,3,-8,1,0.6470588235294118,0.7333333333333333,-0.08627450980392148,47.53448275862069,18.18032786885246,-29.354154889768232,1674.2526315486434,1771.622420675048,-97.36978912640461,0.3634304904114637
359,2012,1207,1301,3,11,8,0,0.7333333333333333,0.6470588235294118,-0.08627450980392148,47.53448275862069,18.18032786885246,-29.354154889768232,1771.622420675048,1674.2526315486434,97.36978912640461,0.6365695095885363
360,2012,1314,1166,1,8,7,1,0.8529411764705882,0.8484848484848485,0.004456327985739694,4.229508196721311,21.983333333333334,17.753825136612022,1900.0550797845085,1764.4107056141695,135.644374170339,0.6858593549095381
361,2012,1166,1314,8,1,-7,0,0.8484848484848485,0.8529411764705882,0.004456327985739694,4.229508196721311,21.983333333333334,17.753825136612022,1764.4107056141695,1900.0550797845085,-135.644374170339,0.3141406450904619
362,2012,1325,1378,13,12,-1,1,0.7878787878787878,0.59375,0.19412878787878785,60.258620689655174,63.258620689655174,3.0,1705.4110332840978,1689.5299075533626,15.88112573073522,0.5228388730851119
363,2012,1378,1325,12,13,1,0,0.59375,0.7878787878787878,0.19412878787878785,60.258620689655174,63.258620689655174,3.0,1689.5299075533626,1705.4110332840978,-15.88112573073522,0.4771611269148881
364,2012,1462,1250,10,15,5,1,0.6363636363636364,0.78125,-0.14488636363636365,57.275862068965516,86.08620689655173,28.810344827586214,1703.5664044118662,1659.5563042078577,44.010100204008495,0.5629990327616577
365,2012,1250,1462,15,10,-5,0,0.78125,0.6363636363636364,-0.14488636363636365,57.275862068965516,86.08620689655173,28.810344827586214,1659.5563042078577,1703.5664044118662,-44.010100204008495,0.43700096723834225
366,2012,1196,1266,7,3,-4,1,0.696969696969697,0.78125,-0.08428030303030298,23.666666666666668,13.721311475409836,-9.945355191256832,1778.9657383239382,1831.2823997518533,-52.31666142791505,0.4252742020378691
367,2012,1266,1196,3,7,4,0,0.78125,0.696969696969697,-0.08428030303030298,23.666666666666668,13.721311475409836,-9.945355191256832,1831.2823997518533,1778.9657383239382,52.31666142791505,0.574725797962131
368,2012,1257,1277,4,1,-3,1,0.7428571428571429,0.7941176470588235,-0.0512605042016806,17.78688524590164,4.360655737704918,-13.426229508196723,1839.8412194662824,1844.3635643582975,-4.522344892015099,0.493492190066907
369,2012,1277,1257,1,4,3,0,0.7941176470588235,0.7428571428571429,-0.0512605042016806,17.78688524590164,4.360655737704918,-13.426229508196723,1844.3635643582975,1839.8412194662824,4.522344892015099,0.5065078099330931
370,2012,1326,1153,2,6,4,1,0.7941176470588235,0.7058823529411765,0.08823529411764697,5.213114754098361,34.51724137931034,29.304126625211982,1906.1521523896988,1799.6551945415583,106.49695784814048,0.6486352697005736
371,2012,1153,1326,6,2,-4,0,0.7058823529411765,0.7941176470588235,0.08823529411764697,5.213114754098361,34.51724137931034,29.304126625211982,1799.6551945415583,1906.1521523896988,-106.49695784814048,0.3513647302994264
372,2012,1393,1458,1,4,3,1,0.9393939393939394,0.7272727272727273,0.21212121212121215,3.5081967213114753,14.426229508196721,10.918032786885245,1953.4226457604616,1812.1226907967548,141.2999549637068,0.69283098028643
373,2012,1458,1393,4,1,-3,0,0.7272727272727273,0.9393939393939394,0.21212121212121215,3.5081967213114753,14.426229508196721,10.918032786885245,1812.1226907967548,1953.4226457604616,-141.2999549637068,0.30716901971357
374,2012,1124,1462,3,10,7,1,0.7878787878787878,0.6363636363636364,0.1515151515151515,11.754098360655737,57.275862068965516,45.52176370830978,1817.2660616171286,1716.6764334290165,100.5896281881121,0.6408465830839825
375,2012,1462,1124,10,3,-7,0,0.6363636363636364,0.7878787878787878,0.1515151515151515,11.754098360655737,57.275862068965516,45.52176370830978,1716.6764334290165,1817.2660616171286,-100.5896281881121,0.35915341691601754
376,2012,1242,1301,2,11,9,1,0.8181818181818182,0.6470588235294118,0.17112299465240643,5.60655737704918,47.53448275862069,41.92792538157151,1934.3148242101593,1693.3497168362994,240.96510737385984,0.8001299362178467
377,2012,1301,1242,11,2,-9,0,0.6470588235294118,0.8181818181818182,0.17112299465240643,5.60655737704918,47.53448275862069,41.92792538157151,1693.3497168362994,1934.3148242101593,-240.96510737385984,0.19987006378215333
378,2012,1246,1231,1,4,3,1,0.9411764705882353,0.7575757575757576,0.1836007130124777,1.2295081967213115,13.114754098360656,11.885245901639344,1968.8110138971638,1722.9418347551698,245.86917914199398,0.8046063274918812
379,2012,1231,1246,4,1,-3,0,0.7575757575757576,0.9411764705882353,0.1836007130124777,1.2295081967213115,13.114754098360656,11.885245901639344,1722.9418347551698,1968.8110138971638,-245.86917914199398,0.1953936725081188
380,2012,1314,1325,1,13,12,1,0.8529411764705882,0.7878787878787878,0.06506238859180036,4.229508196721311,60.258620689655174,56.02911249293386,1909.4792991372224,1719.7258670915444,189.75343204567798,0.748816189176508
381,2012,1325,1314,13,1,-12,0,0.7878787878787878,0.8529411764705882,0.06506238859180036,4.229508196721311,60.258620689655174,56.02911249293386,1719.7258670915444,1909.4792991372224,-189.75343204567798,0.25118381082349195
382,2012,1257,1196,4,7,3,1,0.7428571428571429,0.696969696969697,0.045887445887445866,17.78688524590164,23.666666666666668,5.879781420765028,1855.0364537642752,1796.207512262802,58.82894150147308,0.583861730751049
383,2012,1196,1257,7,4,-3,0,0.696969696969697,0.7428571428571429,0.045887445887445866,17.78688524590164,23.666666666666668,5.879781420765028,1796.207512262802,1855.0364537642752,-58.82894150147308,0.41613826924895103
384,2012,1326,1393,2,1,-1,1,0.7941176470588235,0.9393939393939394,-0.14527629233511596,5.213114754098361,3.5081967213114753,-1.7049180327868854,1916.6930942986817,1962.6377163518687,-45.944622053187004,0.4342631129997704
385,2012,1393,1326,1,2,1,0,0.9393939393939394,0.7941176470588235,-0.14527629233511596,5.213114754098361,3.5081967213114753,-1.7049180327868854,1962.6377163518687,1916.6930942986817,45.944622053187004,0.5657368870002296
386,2012,1242,1314,2,1,-1,1,0.8181818181818182,0.8529411764705882,-0.03475935828876997,5.60655737704918,4.229508196721311,-1.3770491803278686,1940.3109261236239,1917.0148134619271,23.296112661696725,0.5334756482015955
387,2012,1314,1242,1,2,1,0,0.8529411764705882,0.8181818181818182,-0.03475935828876997,5.60655737704918,4.229508196721311,-1.3770491803278686,1917.0148134619271,1940.3109261236239,-23.296112661696725,0.46652435179840446
388,2012,1246,1124,1,3,2,1,0.9411764705882353,0.7878787878787878,0.15329768270944744,1.2295081967213115,11.754098360655737,10.524590163934425,1974.6728240724074,1828.040664124609,146.6321599477983,0.699324353886171
389,2012,1124,1246,3,1,-2,0,0.7878787878787878,0.9411764705882353,0.15329768270944744,1.2295081967213115,11.754098360655737,10.524590163934425,1828.040664124609,1974.6728240724074,-146.6321599477983,0.300675646113829
390,2012,1242,1326,2,2,0,1,0.8181818181818182,0.7941176470588235,0.02406417112299475,5.60655737704918,5.213114754098361,-0.3934426229508192,1954.306656677576,1933.6652009086886,20.641455768887454,0.5296705420221836
391,2012,1326,1242,2,2,0,0,0.7941176470588235,0.8181818181818182,0.02406417112299475,5.60655737704918,5.213114754098361,-0.3934426229508192,1933.6652009086886,1954.306656677576,-20.641455768887454,0.47032945797781645
392,2012,1246,1257,1,4,3,1,0.9411764705882353,0.7428571428571429,0.1983193277310924,1.2295081967213115,17.78688524590164,16.557377049180328,1983.6930934558222,1867.5206018417437,116.17249161407858,0.6612215533044093
393,2012,1257,1246,4,1,-3,0,0.7428571428571429,0.9411764705882353,0.1983193277310924,1.2295081967213115,17.78688524590164,16.557377049180328,1867.5206018417437,1983.6930934558222,-116.17249161407858,0.33877844669559065
394,2012,1246,1242,1,2,1,1,0.9411764705882353,0.8181818181818182,0.12299465240641705,1.2295081967213115,5.60655737704918,4.377049180327869,1993.85644685669,1968.4165404169105,25.439906439779406,0.5365456790326507
395,2012,1242,1246,2,1,-1,0,0.8181818181818182,0.9411764705882353,0.12299465240641705,1.2295081967213115,5.60655737704918,4.377049180327869,1968.4165404169105,1993.85644685669,-25.439906439779406,0.4634543209673493
396,2013,1299,1251,16,16,0,1,0.5294117647058824,0.375,0.15441176470588236,223.56140350877192,267.12280701754383,43.56140350877192,1438.0902107841653,1400.9433618976,37.146848886565294,0.5532558395869388
397,2013,1251,1299,16,16,0,0,0.375,0.5294117647058824,0.15441176470588236,223.56140350877192,267.12280701754383,43.56140350877192,1400.9433618976,1438.0902107841653,-37.146848886565294,0.4467441604130612
398,2013,1388,1292,11,11,0,1,0.8125,0.8484848484848485,-0.03598484848484851,27.83050847457627,40.13793103448276,12.307422559906492,1770.9986472068267,1729.3291798759897,41.66946733083705,0.559681301008272
399,2013,1292,1388,11,11,0,0,0.8484848484848485,0.8125,-0.03598484848484851,27.83050847457627,40.13793103448276,12.307422559906492,1729.3291798759897,1770.9986472068267,-41.66946733083705,0.44031869899172804
400,2013,1241,1254,16,16,0,1,0.5882352941176471,0.6060606060606061,-0.017825311942959,175.91228070175438,171.31578947368422,-4.596491228070164,1530.8619230529218,1586.0380506995168,-55.17612764659498,0.4212560465088857
401,2013,1254,1241,16,16,0,0,0.6060606060606061,0.5882352941176471,-0.017825311942959,175.91228070175438,171.31578947368422,-4.596491228070164,1586.0380506995168,1530.8619230529218,55.17612764659498,0.5787439534911143
402,2013,1247,1129,13,13,0,1,0.7,0.6551724137931034,0.04482758620689653,53.49122807017544,48.93103448275862,-4.560193587416819,1670.8530656743164,1635.804401495579,35.048664178737454,0.5502686797314914
403,2013,1129,1247,13,13,0,0,0.6551724137931034,0.7,0.04482758620689653,53.49122807017544,48.93103448275862,-4.560193587416819,1635.804401495579,1670.8530656743164,-35.048664178737454,0.4497313202685086
404,2013,1112,1125,6,11,5,1,0.78125,0.8,-0.018750000000000044,19.557377049180328,40.827586206896555,21.270209157716227,1733.0879118245268,1754.6117821372086,-21.523870312681765,0.46906422654602775
405,2013,1125,1112,11,6,-5,0,0.8,0.78125,-0.018750000000000044,19.557377049180328,40.827586206896555,21.270209157716227,1754.6117821372086,1733.0879118245268,21.523870312681765,0.5309357734539722
406,2013,1139,1137,6,11,5,1,0.7575757575757576,0.84375,-0.08617424242424243,34.08620689655172,55.92982456140351,21.843617664851784,1749.5537344853506,1717.2104790764533,32.34325540889722,0.5464116955206775
407,2013,1137,1139,11,6,-5,0,0.84375,0.7575757575757576,-0.08617424242424243,34.08620689655172,55.92982456140351,21.843617664851784,1717.2104790764533,1749.5537344853506,-32.34325540889722,0.4535883044793225
408,2013,1143,1424,12,5,-7,1,0.6451612903225806,0.7272727272727273,-0.08211143695014667,53.89473684210526,30.155172413793103,-23.739564428312157,1661.7893811031665,1720.171697738984,-58.38231663581746,0.41676306730625085
409,2013,1424,1143,5,12,7,0,0.7272727272727273,0.6451612903225806,-0.08211143695014667,53.89473684210526,30.155172413793103,-23.739564428312157,1720.171697738984,1661.7893811031665,58.38231663581746,0.5832369326937492
410,2013,1161,1281,8,9,1,1,0.7419354838709677,0.696969696969697,0.04496578690127073,27.96551724137931,30.96551724137931,3.0,1715.5939616195435,1741.507735201326,-25.913773581782607,0.4627760825765452
411,2013,1281,1161,9,8,-1,0,0.696969696969697,0.7419354838709677,0.04496578690127073,27.96551724137931,30.96551724137931,3.0,1741.507735201326,1715.5939616195435,25.913773581782607,0.5372239174234548
412,2013,1211,1380,1,16,15,1,0.9375,0.6896551724137931,0.24784482758620685,3.4754098360655736,175.33333333333334,171.85792349726776,1893.6716167262846,1486.8568352574507,406.81478146883387,0.9122813677491903
413,2013,1380,1211,16,1,-15,0,0.6896551724137931,0.9375,0.24784482758620685,3.4754098360655736,175.33333333333334,171.85792349726776,1486.8568352574507,1893.6716167262846,-406.81478146883387,0.08771863225080967
414,2013,1217,1307,14,3,-11,1,0.6666666666666666,0.8529411764705882,-0.18627450980392157,102.26315789473684,12.19672131147541,-90.06643658326142,1646.3475106563826,1848.8731777434464,-202.52566708706377,0.2376092947193552
415,2013,1307,1217,3,14,11,0,0.8529411764705882,0.6666666666666666,-0.18627450980392157,102.26315789473684,12.19672131147541,-90.06643658326142,1848.8731777434464,1646.3475106563826,202.52566708706377,0.7623907052806448
416,2013,1257,1299,1,16,15,1,0.8529411764705882,0.5294117647058824,0.32352941176470584,1.8852459016393444,223.56140350877192,221.67615760713258,1932.1816801643374,1451.492535596557,480.68914456778043,0.9408701433849231
417,2013,1299,1257,16,1,-15,0,0.5294117647058824,0.8529411764705882,0.32352941176470584,1.8852459016393444,223.56140350877192,221.67615760713258,1451.492535596557,1932.1816801643374,-480.68914456778043,0.05912985661507686
418,2013,1266,1172,3,14,11,1,0.7419354838709677,0.78125,-0.03931451612903225,21.42622950819672,63.68421052631579,42.25798101811907,1797.516515608877,1728.1495259071835,69.36698970169346,0.5985215063319637
419,2013,1172,1266,14,3,-11,0,0.78125,0.7419354838709677,-0.03931451612903225,21.42622950819672,63.68421052631579,42.25798101811907,1728.1495259071835,1797.516515608877,-69.36698970169346,0.40147849366803634
420,2013,1272,1388,6,11,5,1,0.8823529411764706,0.8125,0.06985294117647056,20.475409836065573,27.83050847457627,7.355098638510697,1836.32319404657,1784.2082081765786,52.114985869991415,0.5744420215303895
421,2013,1388,1272,11,6,-5,0,0.8125,0.8823529411764706,0.06985294117647056,20.475409836065573,27.83050847457627,7.355098638510697,1784.2082081765786,1836.32319404657,-52.114985869991415,0.4255579784696105
422,2013,1276,1355,4,13,9,1,0.78125,0.7096774193548387,0.07157258064516125,12.836065573770492,89.57894736842105,76.74288179465056,1796.6336916183827,1666.879267947976,129.75442367040682,0.6785086313523792
423,2013,1355,1276,13,4,-9,0,0.7096774193548387,0.78125,0.07157258064516125,12.836065573770492,89.57894736842105,76.74288179465056,1666.879267947976,1796.6336916183827,-129.75442367040682,0.32149136864762085
424,2013,1277,1434,3,14,11,1,0.75,0.78125,-0.03125,11.180327868852459,59.98245614035088,48.80212827149842,1815.6095500747747,1706.8758278979244,108.73372217685028,0.6515641275988056
425,2013,1434,1277,14,3,-11,0,0.78125,0.75,-0.03125,11.180327868852459,59.98245614035088,48.80212827149842,1706.8758278979244,1815.6095500747747,-108.73372217685028,0.34843587240119445
426,2013,1332,1329,12,5,-7,1,0.7647058823529411,0.75,0.014705882352941124,36.557377049180324,22.327868852459016,-14.229508196721309,1715.5701055400923,1742.3458817270657,-26.775776186973417,0.4615426670269412
427,2013,1329,1332,5,12,7,0,0.75,0.7647058823529411,0.014705882352941124,36.557377049180324,22.327868852459016,-14.229508196721309,1742.3458817270657,1715.5701055400923,26.775776186973417,0.5384573329730589
428,2013,1387,1308,4,13,9,1,0.8181818181818182,0.696969696969697,0.12121212121212122,15.655737704918034,73.2280701754386,57.57233247052057,1806.1418164786319,1678.9447105204767,127.19710595815513,0.6752890457617661
429,2013,1308,1387,13,4,-9,0,0.696969696969697,0.8181818181818182,0.12121212121212122,15.655737704918034,73.2280701754386,57.57233247052057,1678.9447105204767,1806.1418164786319,-127.19710595815513,0.32471095423823393
430,2013,1393,1285,4,13,9,1,0.7428571428571429,0.7931034482758621,-0.05024630541871922,14.721311475409836,107.32758620689656,92.60627473148672,1855.6935731247243,1673.884172858588,181.8094002661362,0.7401174395004146
431,2013,1285,1393,13,4,-9,0,0.7931034482758621,0.7428571428571429,-0.05024630541871922,14.721311475409836,107.32758620689656,92.60627473148672,1673.884172858588,1855.6935731247243,-181.8094002661362,0.25988256049958536
432,2013,1433,1103,5,12,7,1,0.7647058823529411,0.8064516129032258,-0.04174573055028463,22.847457627118644,50.59649122807018,27.749033600951535,1783.2771753080074,1715.8693645512221,67.40781075678524,0.5958085046586696
433,2013,1103,1433,12,5,-7,0,0.8064516129032258,0.7647058823529411,-0.04174573055028463,22.847457627118644,50.59649122807018,27.749033600951535,1715.8693645512221,1783.2771753080074,-67.40781075678524,0.40419149534133036
434,2013,1455,1338,9,8,-1,1,0.7647058823529411,0.75,0.014705882352941124,34.63793103448276,19.0,-15.637931034482762,1725.7941611605222,1746.3906905336273,-20.596529373105113,0.4703938850813097
435,2013,1338,1455,8,9,1,0,0.75,0.7647058823529411,0.014705882352941124,34.63793103448276,19.0,-15.637931034482762,1746.3906905336273,1725.7941611605222,20.596529373105113,0.5296061149186904
436,2013,1166,1153,7,10,3,1,0.7941176470588235,0.6666666666666666,0.12745098039215685,20.3,38.39655172413793,18.096551724137928,1768.807207761473,1730.0242962663874,38.7829114950855,0.5555824278287348
437,2013,1153,1166,10,7,-3,0,0.6666666666666666,0.7941176470588235,0.12745098039215685,20.3,38.39655172413793,18.096551724137928,1730.0242962663874,1768.807207761473,-38.7829114950855,0.4444175721712652
438,2013,1181,1107,2,15,13,1,0.84375,0.7058823529411765,0.13786764705882348,4.770491803278689,133.89473684210526,129.12424503882656,1899.3661353500695,1564.363990278647,335.00214507142255,0.8730752506010587
439,2013,1107,1181,15,2,-13,0,0.7058823529411765,0.84375,0.13786764705882348,4.770491803278689,133.89473684210526,129.12424503882656,1564.363990278647,1899.3661353500695,-335.00214507142255,0.12692474939894127
440,2013,1195,1207,15,2,-13,1,0.6875,0.8064516129032258,-0.11895161290322576,113.66666666666667,10.557377049180328,-103.10928961748634,1578.355609749567,1828.7986914426092,-250.44308169304213,0.19128745027999244
441,2013,1207,1195,2,15,13,0,0.8064516129032258,0.6875,-0.11895161290322576,113.66666666666667,10.557377049180328,-103.10928961748634,1828.7986914426092,1578.355609749567,250.44308169304213,0.8087125497200076
442,2013,1196,1322,3,14,11,1,0.7878787878787878,0.7037037037037037,0.08417508417508412,8.21311475409836,110.84210526315789,102.62899050905953,1818.7244432920525,1582.2595559219835,236.46488737006894,0.7959548729717179
443,2013,1322,1196,14,3,-11,0,0.7037037037037037,0.7878787878787878,0.08417508417508412,8.21311475409836,110.84210526315789,102.62899050905953,1582.2595559219835,1818.7244432920525,-236.46488737006894,0.20404512702828215
444,2013,1228,1160,7,10,3,1,0.6363636363636364,0.65625,-0.019886363636363646,43.5,46.01724137931034,2.5172413793103416,1674.0511879378469,1676.1549362469018,-2.103748309054936,0.4969724998150226
445,2013,1160,1228,10,7,-3,0,0.65625,0.6363636363636364,-0.019886363636363646,43.5,46.01724137931034,2.5172413793103416,1676.1549362469018,1674.0511879378469,2.103748309054936,0.5030275001849773
446,2013,1231,1241,1,16,15,1,0.8181818181818182,0.5882352941176471,0.22994652406417115,3.901639344262295,175.91228070175438,172.0106413574921,1834.3859101502696,1548.2242416576553,286.16166849261435,0.8385229576166884
447,2013,1241,1231,16,1,-15,0,0.5882352941176471,0.8181818181818182,0.22994652406417115,3.901639344262295,175.91228070175438,172.0106413574921,1548.2242416576553,1834.3859101502696,-286.16166849261435,0.16147704238331162
448,2013,1235,1323,10,7,-3,1,0.6666666666666666,0.7352941176470589,-0.06862745098039225,40.224137931034484,27.65,-12.574137931034485,1711.5880580310707,1768.0134663548722,-56.42540832380155,0.419503778225686
449,2013,1323,1235,7,10,3,0,0.7352941176470589,0.6666666666666666,-0.06862745098039225,40.224137931034484,27.65,-12.574137931034485,1768.0134663548722,1711.5880580310707,56.42540832380155,0.5804962217743139
450,2013,1242,1443,1,16,15,1,0.8529411764705882,0.5588235294117647,0.2941176470588235,4.770491803278689,163.859649122807,159.0891573195283,1923.7160296607226,1533.5492059408796,390.166823719843,0.9043032811630786
451,2013,1443,1242,16,1,-15,0,0.5588235294117647,0.8529411764705882,0.2941176470588235,4.770491803278689,163.859649122807,159.0891573195283,1533.5492059408796,1923.7160296607226,-390.166823719843,0.09569671883692143
452,2013,1247,1243,13,4,-9,1,0.7,0.7878787878787878,-0.08787878787878789,53.49122807017544,20.19672131147541,-33.294506758700024,1684.3450052823716,1808.3743458679846,-124.029340585613,0.3287221484178299
453,2013,1243,1247,4,13,9,0,0.7878787878787878,0.7,-0.08787878787878789,53.49122807017544,20.19672131147541,-33.294506758700024,1808.3743458679846,1684.3450052823716,124.029340585613,0.6712778515821701
454,2013,1274,1334,2,15,13,1,0.8181818181818182,0.625,0.19318181818181823,9.311475409836065,108.43859649122807,99.127121081392,1805.7455356458024,1564.1720129825846,241.57352266321777,0.8006894456012372
455,2013,1334,1274,15,2,-13,0,0.625,0.8181818181818182,0.19318181818181823,9.311475409836065,108.43859649122807,99.127121081392,1564.1720129825846,1805.7455356458024,-241.57352266321777,0.19931055439876277
456,2013,1278,1417,11,6,-5,1,0.625,0.7352941176470589,-0.11029411764705888,35.87931034482759,34.266666666666666,-1.6126436781609215,1657.8399440651515,1716.5598662034383,-58.71992213828685,0.4162907552052963
457,2013,1417,1278,6,11,5,0,0.7352941176470589,0.625,-0.11029411764705888,35.87931034482759,34.266666666666666,-1.6126436781609215,1716.5598662034383,1657.8399440651515,58.71992213828685,0.5837092447947037
458,2013,1279,1458,12,5,-7,1,0.7647058823529411,0.6764705882352942,0.08823529411764697,34.59322033898305,19.295081967213115,-15.298138371769937,1739.0769953578815,1780.2410431402097,-41.164047782328225,0.44103581723269414
459,2013,1458,1279,5,12,7,0,0.6764705882352942,0.7647058823529411,0.08823529411764697,34.59322033898305,19.295081967213115,-15.298138371769937,1780.2410431402097,1739.0769953578815,41.164047782328225,0.5589641827673059
460,2013,1314,1437,8,9,1,1,0.696969696969697,0.59375,0.10321969696969702,26.948275862068964,52.666666666666664,25.7183908045977,1807.7770554415267,1668.8331346794248,138.94392076210192,0.6899371530273646
461,2013,1437,1314,9,8,-1,0,0.59375,0.696969696969697,0.10321969696969702,26.948275862068964,52.666666666666664,25.7183908045977,1668.8331346794248,1807.7770554415267,-138.94392076210192,0.3100628469726354
462,2013,1326,1233,2,15,13,1,0.7878787878787878,0.6060606060606061,0.18181818181818177,7.163934426229508,103.56140350877193,96.39746908254243,1906.214487648816,1609.3787972025286,296.83569044628734,0.8466706546584993
463,2013,1233,1326,15,2,-13,0,0.6060606060606061,0.7878787878787878,0.18181818181818177,7.163934426229508,103.56140350877193,96.39746908254243,1609.3787972025286,1906.214487648816,-296.83569044628734,0.15332934534150067
464,2013,1361,1328,7,10,3,1,0.6666666666666666,0.6451612903225806,0.021505376344086002,34.43103448275862,47.0,12.56896551724138,1711.8747038872034,1648.313925791384,63.56077809581939,0.5904643369414293
465,2013,1328,1361,10,7,-3,0,0.6451612903225806,0.6666666666666666,0.021505376344086002,34.43103448275862,47.0,12.56896551724138,1648.313925791384,1711.8747038872034,-63.56077809581939,0.4095356630585707
466,2013,1396,1301,9,8,-1,1,0.71875,0.7058823529411765,0.012867647058823484,48.5,30.913793103448278,-17.586206896551722,1742.1724952371967,1724.63797364132,17.53452159587664,0.5252128024815953
467,2013,1301,1396,8,9,1,0,0.7058823529411765,0.71875,0.012867647058823484,48.5,30.913793103448278,-17.586206896551722,1724.63797364132,1742.1724952371967,-17.53452159587664,0.4747871975184047
468,2013,1112,1217,6,14,8,1,0.78125,0.6666666666666666,0.11458333333333337,19.557377049180328,102.26315789473684,82.7057808455565,1749.015985028146,1669.219231814802,79.79675321334389,0.612859263513502
469,2013,1217,1112,14,6,-8,0,0.6666666666666666,0.78125,0.11458333333333337,19.557377049180328,102.26315789473684,82.7057808455565,1669.219231814802,1749.015985028146,-79.79675321334389,0.38714073648649805
470,2013,1257,1161,1,8,7,1,0.8529411764705882,0.7419354838709677,0.11100569259962045,1.8852459016393444,27.96551724137931,26.080271339739966,1933.9555758627898,1731.710679142247,202.24489672054278,0.7620977966909418
471,2013,1161,1257,8,1,-7,0,0.7419354838709677,0.8529411764705882,0.11100569259962045,1.8852459016393444,27.96551724137931,26.080271339739966,1731.710679142247,1933.9555758627898,-202.24489672054278,0.2379022033090582
472,2013,1266,1139,3,6,3,1,0.7419354838709677,0.7575757575757576,-0.01564027370478982,21.42622950819672,34.08620689655172,12.659977388355003,1809.560870418918,1763.1613836197303,46.3994867991878,0.5663800638708872
473,2013,1139,1266,6,3,-3,0,0.7575757575757576,0.7419354838709677,-0.01564027370478982,21.42622950819672,34.08620689655172,12.659977388355003,1763.1613836197303,1809.560870418918,-46.3994867991878,0.43361993612911276
474,2013,1276,1433,4,5,1,1,0.78125,0.7647058823529411,0.016544117647058876,12.836065573770492,22.847457627118644,10.011392053348152,1806.2784326778115,1795.4029201682472,10.87551250956426,0.5156460108030854
475,2013,1433,1276,5,4,-1,0,0.7647058823529411,0.78125,0.016544117647058876,12.836065573770492,22.847457627118644,10.011392053348152,1795.4029201682472,1806.2784326778115,-10.87551250956426,0.48435398919691464
476,2013,1277,1272,3,6,3,1,0.75,0.8823529411764706,-0.13235294117647056,11.180327868852459,20.475409836065573,9.295081967213115,1826.0626262468106,1849.0899334006583,-23.027307153847687,0.4669094798819217
477,2013,1272,1277,6,3,-3,0,0.8823529411764706,0.75,-0.13235294117647056,11.180327868852459,20.475409836065573,9.295081967213115,1849.0899334006583,1826.0626262468106,23.027307153847687,0.5330905201180782
478,2013,1332,1387,12,4,-8,1,0.7647058823529411,0.8181818181818182,-0.05347593582887711,36.557377049180324,15.655737704918034,-20.901639344262293,1731.723825529284,1815.8831451057788,-84.15931957649468,0.38119951883528347
479,2013,1387,1332,4,12,8,0,0.8181818181818182,0.7647058823529411,-0.05347593582887711,36.557377049180324,15.655737704918034,-20.901639344262293,1815.8831451057788,1731.723825529284,84.15931957649468,0.6188004811647165
480,2013,1393,1143,4,12,8,1,0.7428571428571429,0.6451612903225806,0.09769585253456226,14.721311475409836,53.89473684210526,39.173425366695426,1863.4900499397118,1679.286489083979,184.2035608557328,0.7427595140749711
481,2013,1143,1393,12,4,-8,0,0.6451612903225806,0.7428571428571429,0.09769585253456226,14.721311475409836,53.89473684210526,39.173425366695426,1679.286489083979,1863.4900499397118,-184.2035608557328,0.2572404859250289
482,2013,1455,1211,9,1,-8,1,0.7647058823529411,0.9375,-0.17279411764705888,34.63793103448276,3.4754098360655736,-31.16252119841719,1741.682344608083,1896.303175693809,-154.62083108572597,0.29109557776967365
483,2013,1211,1455,1,9,8,0,0.9375,0.7647058823529411,-0.17279411764705888,34.63793103448276,3.4754098360655736,-31.16252119841719,1896.303175693809,1741.682344608083,154.62083108572597,0.7089044222303263
484,2013,1181,1166,2,7,5,1,0.84375,0.7941176470588235,0.049632352941176516,4.770491803278689,20.3,15.529508196721313,1903.1738778320378,1782.1397349266108,121.03414290542696,0.6674620471565393
485,2013,1166,1181,7,2,-5,0,0.7941176470588235,0.84375,0.049632352941176516,4.770491803278689,20.3,15.529508196721313,1782.1397349266108,1903.1738778320378,-121.03414290542696,0.33253795284346066
486,2013,1195,1361,15,7,-8,1,0.6875,0.6666666666666666,0.02083333333333337,113.66666666666667,34.43103448275862,-79.23563218390805,1602.6169862411673,1724.1607737789604,-121.54378753779315,0.3318871082183783
487,2013,1361,1195,7,15,8,0,0.6666666666666666,0.6875,0.02083333333333337,113.66666666666667,34.43103448275862,-79.23563218390805,1724.1607737789604,1602.6169862411673,121.54378753779315,0.6681128917816217
488,2013,1196,1278,3,11,8,1,0.7878787878787878,0.625,0.16287878787878785,8.21311475409836,35.87931034482759,27.666195590729227,1824.8457971029009,1675.3512214089926,149.49457569390825,0.7027776314408385
489,2013,1278,1196,11,3,-8,0,0.625,0.7878787878787878,0.16287878787878785,8.21311475409836,35.87931034482759,27.666195590729227,1675.3512214089926,1824.8457971029009,-149.49457569390825,0.2972223685591615
490,2013,1231,1396,1,9,8,1,0.8181818181818182,0.71875,0.09943181818181823,3.901639344262295,48.5,44.59836065573771,1839.2302214217689,1756.4161111627488,82.81411025902003,0.6169721869242316
491,2013,1396,1231,9,1,-8,0,0.71875,0.8181818181818182,0.09943181818181823,3.901639344262295,48.5,44.59836065573771,1756.4161111627488,1839.2302214217689,-82.81411025902003,0.3830278130757684
492,2013,1242,1314,1,8,7,1,0.8529411764705882,0.696969696969697,0.15597147950089119,4.770491803278689,26.948275862068964,22.177784058790277,1926.5869312258303,1817.0789408507057,109.50799037512456,0.6525753184874766
493,2013,1314,1242,8,1,-7,0,0.696969696969697,0.8529411764705882,0.15597147950089119,4.770491803278689,26.948275862068964,22.177784058790277,1817.0789408507057,1926.5869312258303,-109.50799037512456,0.34742468151252337
494,2013,1247,1279,13,12,-1,1,0.7,0.7647058823529411,-0.06470588235294117,53.49122807017544,34.59322033898305,-18.898007731192386,1704.4833408298368,1755.8459208409006,-51.362580011063756,0.4266171155552658
495,2013,1279,1247,12,13,1,0,0.7647058823529411,0.7,-0.06470588235294117,53.49122807017544,34.59322033898305,-18.898007731192386,1755.8459208409006,1704.4833408298368,51.362580011063756,0.5733828844447342
496,2013,1274,1228,2,7,5,1,0.8181818181818182,0.6363636363636364,0.18181818181818188,9.311475409836065,43.5,34.18852459016394,1811.7248522777652,1689.1420129433961,122.58283933436905,0.6694378291860819
497,2013,1228,1274,7,2,-5,0,0.6363636363636364,0.8181818181818182,0.18181818181818188,9.311475409836065,43.5,34.18852459016394,1689.1420129433961,1811.7248522777652,-122.58283933436905,0.33056217081391814
498,2013,1326,1235,2,10,8,1,0.7878787878787878,0.6666666666666666,0.12121212121212122,7.163934426229508,40.224137931034484,33.060203504804974,1910.814368009061,1729.0029446843,181.81142332476088,0.740119679462801
499,2013,1235,1326,10,2,-8,0,0.6666666666666666,0.7878787878787878,0.12121212121212122,7.163934426229508,40.224137931034484,33.060203504804974,1729.0029446843,1910.814368009061,-181.81142332476088,0.259880320537199
500,2013,1266,1274,3,2,-1,1,0.7419354838709677,0.8181818181818182,-0.07624633431085048,21.42622950819672,9.311475409836065,-12.114754098360654,1822.5694685027916,1821.6417174021828,0.9277511006087025,0.5013351379855612
501,2013,1274,1266,2,3,1,0,0.8181818181818182,0.7419354838709677,-0.07624633431085048,21.42622950819672,9.311475409836065,-12.114754098360654,1821.6417174021828,1822.5694685027916,-0.9277511006087025,0.4986648620144388
502,2013,1326,1112,2,6,4,1,0.7878787878787878,0.78125,0.006628787878787845,7.163934426229508,19.557377049180328,12.39344262295082,1918.610777625177,1760.6302071227408,157.9805705024362,0.7128792652088753
503,2013,1112,1326,6,2,-4,0,0.78125,0.7878787878787878,0.006628787878787845,7.163934426229508,19.557377049180328,12.39344262295082,1760.6302071227408,1918.610777625177,-157.9805705024362,0.28712073479112465
504,2013,1393,1231,4,1,-3,1,0.7428571428571429,0.8181818181818182,-0.07532467532467535,14.721311475409836,3.901639344262295,-10.819672131147541,1871.2072645174626,1850.7210558140418,20.486208703420743,0.5294479043847895
505,2013,1231,1393,1,4,3,0,0.8181818181818182,0.7428571428571429,-0.07532467532467535,14.721311475409836,3.901639344262295,-10.819672131147541,1850.7210558140418,1871.2072645174626,-20.486208703420743,0.4705520956152105
506,2013,1455,1247,9,13,4,1,0.7647058823529411,0.7,0.06470588235294117,34.63793103448276,53.49122807017544,18.853297035692677,1762.949477274993,1721.6848273631788,41.264649911814104,0.5591069425473529
507,2013,1247,1455,13,9,-4,0,0.7,0.7647058823529411,0.06470588235294117,34.63793103448276,53.49122807017544,18.853297035692677,1721.6848273631788,1762.949477274993,-41.264649911814104,0.44089305745264706
508,2013,1181,1277,2,3,1,1,0.84375,0.75,0.09375,4.770491803278689,11.180327868852459,6.40983606557377,1913.1500164173415,1842.055341850353,71.09467456698849,0.6009089512985727
509,2013,1277,1181,3,2,-1,0,0.75,0.84375,0.09375,4.770491803278689,11.180327868852459,6.40983606557377,1842.055341850353,1913.1500164173415,-71.09467456698849,0.3990910487014273
510,2013,1196,1195,3,15,12,1,0.7878787878787878,0.6875,0.10037878787878785,8.21311475409836,113.66666666666667,105.45355191256832,1833.7624681596758,1622.660372994616,211.10209516505984,0.7712179727181042
511,2013,1195,1196,15,3,-12,0,0.6875,0.7878787878787878,0.10037878787878785,8.21311475409836,113.66666666666667,105.45355191256832,1622.660372994616,1833.7624681596758,-211.10209516505984,0.22878202728189578
512,2013,1257,1332,1,12,11,1,0.8529411764705882,0.7647058823529411,0.08823529411764708,1.8852459016393444,36.557377049180324,34.67213114754098,1941.0926419620616,1750.2878399642257,190.80480199783597,0.7499528301359553
513,2013,1332,1257,12,1,-11,0,0.7647058823529411,0.8529411764705882,0.08823529411764708,1.8852459016393444,36.557377049180324,34.67213114754098,1750.2878399642257,1941.0926419620616,-190.80480199783597,0.25004716986404474
514,2013,1276,1242,4,1,-3,1,0.78125,0.8529411764705882,-0.0716911764705882,12.836065573770492,4.770491803278689,-8.065573770491802,1820.809052353719,1937.009671671206,-116.20061931748705,0.33874217720904043
515,2013,1242,1276,1,4,3,0,0.8529411764705882,0.78125,-0.0716911764705882,12.836065573770492,4.770491803278689,-8.065573770491802,1937.009671671206,1820.809052353719,116.20061931748705,0.6612578227909596
516,2013,1393,1266,4,3,-1,1,0.7428571428571429,0.7419354838709677,0.0009216589861751334,14.721311475409836,21.42622950819672,6.704918032786884,1885.323827385919,1837.5294143632248,47.79441302269424,0.5683510809001072
517,2013,1266,1393,3,4,1,0,0.7419354838709677,0.7428571428571429,0.0009216589861751334,14.721311475409836,21.42622950819672,6.704918032786884,1837.5294143632248,1885.323827385919,-47.79441302269424,0.4316489190998928
518,2013,1455,1326,9,2,-7,1,0.7647058823529411,0.7878787878787878,-0.02317290552584672,34.63793103448276,7.163934426229508,-27.473996608253252,1776.1762689985724,1927.2243996689108,-151.04813067033842,0.29535774141093935
519,2013,1326,1455,2,9,7,0,0.7878787878787878,0.7647058823529411,-0.02317290552584672,34.63793103448276,7.163934426229508,-27.473996608253252,1927.2243996689108,1776.1762689985724,151.04813067033842,0.7046422585890606
520,2013,1257,1181,1,2,1,1,0.8529411764705882,0.84375,0.009191176470588203,1.8852459016393444,4.770491803278689,2.8852459016393444,1948.594057057983,1925.1227478783842,23.471309179598848,0.5337266376053253
521,2013,1181,1257,2,1,-1,0,0.84375,0.8529411764705882,0.009191176470588203,1.8852459016393444,4.770491803278689,2.8852459016393444,1925.1227478783842,1948.594057057983,-23.471309179598848,0.46627336239467465
522,2013,1276,1196,4,3,-1,1,0.78125,0.7878787878787878,-0.006628787878787845,12.836065573770492,8.21311475409836,-4.622950819672132,1840.6467870374477,1840.6259289781326,0.020858059315060018,0.5000300171602436
523,2013,1196,1276,3,4,1,0,0.7878787878787878,0.78125,-0.006628787878787845,12.836065573770492,8.21311475409836,-4.622950819672132,1840.6259289781326,1840.6467870374477,-0.020858059315060018,0.49996998283975636
524,2013,1257,1455,1,9,8,1,0.8529411764705882,0.7647058823529411,0.08823529411764708,1.8852459016393444,34.63793103448276,32.75268513284342,1962.5822579298233,1797.3155367562442,165.26672117357907,0.7213869388398556
525,2013,1455,1257,9,1,-8,0,0.7647058823529411,0.8529411764705882,0.08823529411764708,1.8852459016393444,34.63793103448276,32.75268513284342,1797.3155367562442,1962.5822579298233,-165.26672117357907,0.2786130611601444
526,2013,1276,1393,4,4,0,1,0.78125,0.7428571428571429,0.03839285714285712,12.836065573770492,14.721311475409836,1.885245901639344,1855.6458865226405,1898.2732949589158,-42.627408436275346,0.43896020279002335
527,2013,1393,1276,4,4,0,0,0.7428571428571429,0.78125,0.03839285714285712,12.836065573770492,14.721311475409836,1.885245901639344,1898.2732949589158,1855.6458865226405,42.627408436275346,0.5610397972099767
528,2013,1257,1276,1,4,3,1,0.8529411764705882,0.78125,0.0716911764705882,1.8852459016393444,12.836065573770492,10.950819672131148,1970.9406497646276,1872.4770804389398,98.46356932568779,0.6380248957191342
529,2013,1276,1257,4,1,-3,0,0.78125,0.8529411764705882,0.0716911764705882,1.8852459016393444,12.836065573770492,10.950819672131148,1872.4770804389398,1970.9406497646276,-98.46356932568779,0.36197510428086577
530,2014,1107,1291,16,16,0,1,0.5625,0.5,0.0625,191.98360655737704,212.86885245901638,20.885245901639337,1517.8172196843882,1512.758249342502,5.058970341886152,0.5072799290712461
531,2014,1291,1107,16,16,0,0,0.5,0.5625,0.0625,191.98360655737704,212.86885245901638,20.885245901639337,1512.758249342502,1517.8172196843882,-5.058970341886152,0.4927200709287539
532,2014,1301,1462,12,12,0,1,0.6176470588235294,0.6363636363636364,-0.018716577540106916,59.83606557377049,47.950819672131146,-11.885245901639344,1701.6798772408065,1674.0805510851994,27.59932615560706,0.5396352882948487
533,2014,1462,1301,12,12,0,0,0.6363636363636364,0.6176470588235294,-0.018716577540106916,59.83606557377049,47.950819672131146,-11.885245901639344,1674.0805510851994,1701.6798772408065,-27.59932615560706,0.46036471170515125
534,2014,1142,1411,16,16,0,1,0.36666666666666664,0.5625,-0.19583333333333336,199.55737704918033,240.2295081967213,40.672131147540966,1443.1658042048123,1488.4649566131443,-45.29915240833202,0.4351761839993873
535,2014,1411,1142,16,16,0,0,0.5625,0.36666666666666664,-0.19583333333333336,199.55737704918033,240.2295081967213,40.672131147540966,1488.4649566131443,1443.1658042048123,45.29915240833202,0.5648238160006127
536,2014,1397,1234,11,11,0,1,0.625,0.625,0.0,33.70967741935484,35.016129032258064,1.3064516129032242,1677.1482095851156,1660.9053144661825,16.24289511893312,0.5233583899205344
537,2014,1234,1397,11,11,0,0,0.625,0.625,0.0,33.70967741935484,35.016129032258064,1.3064516129032242,1660.9053144661825,1677.1482095851156,-16.24289511893312,0.4766416100794656
538,2014,1163,1386,7,10,3,1,0.7647058823529411,0.7272727272727273,0.03743315508021383,22.907692307692308,44.11290322580645,21.20521091811414,1784.7503086175066,1719.9666284119305,64.78368020557605,0.592165533571168
539,2014,1386,1163,10,7,-3,0,0.7272727272727273,0.7647058823529411,0.03743315508021383,22.907692307692308,44.11290322580645,21.20521091811414,1719.9666284119305,1784.7503086175066,-64.78368020557605,0.40783446642883203
540,2014,1173,1326,11,6,-5,1,0.696969696969697,0.7352941176470589,-0.03832442067736186,50.47540983606557,20.50769230769231,-29.967717528373264,1673.8256661248965,1825.364066369947,-151.53840024505052,0.2947707163492665
541,2014,1326,1173,6,11,5,0,0.7352941176470589,0.696969696969697,-0.03832442067736186,50.47540983606557,20.50769230769231,-29.967717528373264,1825.364066369947,1673.8256661248965,151.53840024505052,0.7052292836507335
542,2014,1196,1107,1,16,15,1,0.9411764705882353,0.5625,0.3786764705882353,2.0923076923076924,191.98360655737704,189.89129886506936,1937.7235122609898,1532.598821812251,405.1246904487389,0.9114996886601382
543,2014,1107,1196,16,1,-15,0,0.5625,0.9411764705882353,0.3786764705882353,2.0923076923076924,191.98360655737704,189.89129886506936,1532.598821812251,1937.7235122609898,-405.1246904487389,0.0885003113398618
544,2014,1217,1153,12,5,-7,1,0.8620689655172413,0.8181818181818182,0.04388714733542309,41.37096774193548,20.83076923076923,-20.54019851116625,1732.6709546481632,1783.3829196324375,-50.711964984274346,0.4275335083287149
545,2014,1153,1217,5,12,7,0,0.8181818181818182,0.8620689655172413,0.04388714733542309,41.37096774193548,20.83076923076923,-20.54019851116625,1783.3829196324375,1732.6709546481632,50.711964984274346,0.5724664916712852
546,2014,1257,1264,4,13,9,1,0.8529411764705882,0.78125,0.0716911764705882,6.507692307692308,72.26229508196721,65.7546027742749,1912.0720689179257,1655.5570973188135,256.5149715991122,0.8140613383776591
547,2014,1264,1257,13,4,-9,0,0.78125,0.8529411764705882,0.0716911764705882,6.507692307692308,72.26229508196721,65.7546027742749,1655.5570973188135,1912.0720689179257,-256.5149715991122,0.18593866162234085
548,2014,1276,1459,2,15,13,1,0.7575757575757576,0.5862068965517241,0.17136886102403348,12.015384615384615,179.04918032786884,167.03379571248422,1861.7249496812756,1506.4844697195495,355.2404799617261,0.8854341764892079
549,2014,1459,1276,15,2,-13,0,0.5862068965517241,0.7575757575757576,0.17136886102403348,12.015384615384615,179.04918032786884,167.03379571248422,1506.4844697195495,1861.7249496812756,-355.2404799617261,0.11456582351079214
550,2014,1277,1174,4,13,9,1,0.7647058823529411,0.7352941176470589,0.02941176470588225,12.092307692307692,91.9672131147541,79.8749054224464,1842.1818594911133,1666.1753957963715,176.0064636947418,0.7336409733663223
551,2014,1174,1277,13,4,-9,0,0.7352941176470589,0.7647058823529411,0.02941176470588225,12.092307692307692,91.9672131147541,79.8749054224464,1666.1753957963715,1842.1818594911133,-176.0064636947418,0.2663590266336777
552,2014,1295,1328,12,5,-7,1,0.7857142857142857,0.71875,0.0669642857142857,56.14754098360656,24.3125,-31.83504098360656,1703.5227612261986,1720.3263018105679,-16.80354058436933,0.4758365986625118
553,2014,1328,1295,5,12,7,0,0.71875,0.7857142857142857,0.0669642857142857,56.14754098360656,24.3125,-31.83504098360656,1720.3263018105679,1703.5227612261986,16.80354058436933,0.5241634013374882
554,2014,1332,1140,7,10,3,1,0.71875,0.6666666666666666,0.05208333333333337,27.41269841269841,45.32786885245902,17.915170439760608,1736.5701088155429,1709.4691282279107,27.100980587632193,0.5389225374337033
555,2014,1140,1332,10,7,-3,0,0.6666666666666666,0.71875,0.05208333333333337,27.41269841269841,45.32786885245902,17.915170439760608,1709.4691282279107,1736.5701088155429,-27.100980587632193,0.46107746256629667
556,2014,1338,1160,9,8,-1,1,0.7352941176470589,0.6764705882352942,0.05882352941176472,24.5,45.645161290322584,21.145161290322584,1750.1075825897642,1692.1290659543638,57.97851663540041,0.582671813450944
557,2014,1160,1338,8,9,1,0,0.6764705882352942,0.7352941176470589,0.05882352941176472,24.5,45.645161290322584,21.145161290322584,1692.1290659543638,1750.1075825897642,-57.97851663540041,0.417328186549056
558,2014,1361,1308,4,13,9,1,0.8709677419354839,0.7352941176470589,0.135673624288425,16.76923076923077,77.70491803278688,60.935687263556105,1822.5016305553281,1659.1240729734998,163.37755758182834,0.7191959630833722
559,2014,1308,1361,13,4,-9,0,0.7352941176470589,0.8709677419354839,0.135673624288425,16.76923076923077,77.70491803278688,60.935687263556105,1659.1240729734998,1822.5016305553281,-163.37755758182834,0.2808040369166278
560,2014,1387,1301,5,12,7,1,0.8064516129032258,0.6176470588235294,0.18880455407969632,31.215384615384615,59.83606557377049,28.620680958385876,1775.8544942000826,1715.490818591961,60.36367560812164,0.5860066554083108
561,2014,1301,1387,12,5,-7,0,0.6176470588235294,0.8064516129032258,0.18880455407969632,31.215384615384615,59.83606557377049,28.620680958385876,1715.490818591961,1775.8544942000826,-60.36367560812164,0.41399334459168924
562,2014,1393,1444,3,14,11,1,0.84375,0.7096774193548387,0.13407258064516125,14.338461538461539,92.87096774193549,78.53250620347394,1866.2735690935233,1647.9201105404638,218.35345855305945,0.7784995076693221
563,2014,1444,1393,14,3,-11,0,0.7096774193548387,0.84375,0.13407258064516125,14.338461538461539,92.87096774193549,78.53250620347394,1647.9201105404638,1866.2735690935233,-218.35345855305945,0.22150049233067792
564,2014,1400,1113,7,10,3,1,0.696969696969697,0.65625,0.04071969696969702,35.25806451612903,42.85245901639344,7.594394500264407,1703.931216296902,1642.0098166370424,61.92139965985962,0.5881803794839242
565,2014,1113,1400,10,7,-3,0,0.65625,0.696969696969697,0.04071969696969702,35.25806451612903,42.85245901639344,7.594394500264407,1642.0098166370424,1703.931216296902,-61.92139965985962,0.4118196205160758
566,2014,1437,1454,2,15,13,1,0.875,0.6060606060606061,0.2689393939393939,5.8,145.40983606557376,139.60983606557375,1824.7185625351262,1543.584901035109,281.1336615000173,0.8345654394198367
567,2014,1454,1437,15,2,-13,0,0.6060606060606061,0.875,0.2689393939393939,5.8,145.40983606557376,139.60983606557375,1543.584901035109,1824.7185625351262,-281.1336615000173,0.16543456058016326
568,2014,1458,1110,2,15,13,1,0.7878787878787878,0.625,0.16287878787878785,9.36923076923077,131.7704918032787,122.40126103404793,1826.9209882671294,1535.0518257849826,291.86916248214675,0.8429222683602493
569,2014,1110,1458,15,2,-13,0,0.625,0.7878787878787878,0.16287878787878785,9.36923076923077,131.7704918032787,122.40126103404793,1535.0518257849826,1826.9209882671294,-291.86916248214675,0.1570777316397507
570,2014,1112,1451,1,16,15,1,0.8823529411764706,0.6071428571428571,0.27521008403361347,2.3846153846153846,163.59016393442624,161.20554854981086,1855.6811563696526,1561.2663627840639,294.41479358558877,0.8448527632787819
571,2014,1451,1112,16,1,-15,0,0.6071428571428571,0.8823529411764706,0.27521008403361347,2.3846153846153846,163.59016393442624,161.20554854981086,1561.2663627840639,1855.6811563696526,-294.41479358558877,0.1551472367212181
572,2014,1124,1304,6,11,5,1,0.6666666666666666,0.6129032258064516,0.053763440860215006,29.3015873015873,51.16129032258065,21.859703020993347,1747.3657341137855,1679.2435447489593,68.12218936482623,0.5967984388416293
573,2014,1304,1124,11,6,-5,0,0.6129032258064516,0.6666666666666666,0.053763440860215006,29.3015873015873,51.16129032258065,21.859703020993347,1679.2435447489593,1747.3657341137855,-68.12218936482623,0.4032015611583707
574,2014,1166,1418,3,14,11,1,0.7878787878787878,0.6451612903225806,0.14271749755620722,11.25,114.40983606557377,103.15983606557377,1786.4954038748558,1575.3501836318287,211.1452202430271,0.7712617708305897
575,2014,1418,1166,14,3,-11,0,0.6451612903225806,0.7878787878787878,0.14271749755620722,11.25,114.40983606557377,103.15983606557377,1575.3501836318287,1786.4954038748558,-211.1452202430271,0.22873822916941033
576,2014,1211,1329,8,9,1,1,0.8181818181818182,0.6363636363636364,0.18181818181818188,22.571428571428573,28.35483870967742,5.783410138248847,1839.6334510501467,1704.707209491178,134.92624155896874,0.6849679957475976
577,2014,1329,1211,9,8,-1,0,0.6363636363636364,0.8181818181818182,0.18181818181818188,22.571428571428573,28.35483870967742,5.783410138248847,1704.707209491178,1839.6334510501467,-134.92624155896874,0.3150320042524024
578,2014,1235,1300,3,14,11,1,0.7878787878787878,0.8387096774193549,-0.050830889540567026,12.676923076923076,85.54838709677419,72.87146401985112,1813.1602032212675,1647.5567739354426,165.60342928582486,0.7217763358128804
579,2014,1300,1235,14,3,-11,0,0.8387096774193549,0.7878787878787878,-0.050830889540567026,12.676923076923076,85.54838709677419,72.87146401985112,1647.5567739354426,1813.1602032212675,-165.60342928582486,0.27822366418711963
580,2014,1242,1184,2,15,13,1,0.7272727272727273,0.7096774193548387,0.017595307917888547,7.123076923076923,124.24590163934427,117.12282471626735,1846.5467000541369,1621.7876752922577,224.75902476187912,0.7847925468142181
581,2014,1184,1242,15,2,-13,0,0.7096774193548387,0.7272727272727273,0.017595307917888547,7.123076923076923,124.24590163934427,117.12282471626735,1621.7876752922577,1846.5467000541369,-224.75902476187912,0.21520745318578194
582,2014,1246,1243,8,9,1,1,0.7058823529411765,0.625,0.08088235294117652,21.904761904761905,46.16129032258065,24.256528417818743,1752.6161306972592,1700.5030954522958,52.113035244963385,0.5744392765781544
583,2014,1243,1246,9,8,-1,0,0.625,0.7058823529411765,0.08088235294117652,21.904761904761905,46.16129032258065,24.256528417818743,1700.5030954522958,1752.6161306972592,-52.113035244963385,0.4255607234218456
584,2014,1272,1203,8,9,1,1,0.7096774193548387,0.75,-0.040322580645161255,37.301587301587304,41.064516129032256,3.762928827444952,1757.0689882958902,1680.9026026716297,76.16638562426056,0.6078893870434144
585,2014,1203,1272,9,8,-1,0,0.75,0.7096774193548387,-0.040322580645161255,37.301587301587304,41.064516129032256,3.762928827444952,1680.9026026716297,1757.0689882958902,-76.16638562426056,0.39211061295658556
586,2014,1273,1181,14,3,-11,1,0.7419354838709677,0.7647058823529411,-0.022770398481973375,93.72131147540983,9.938461538461539,-83.7828499369483,1648.5816118894834,1845.7393797802831,-197.15776789079973,0.24325218752431096
587,2014,1181,1273,3,14,11,0,0.7647058823529411,0.7419354838709677,-0.022770398481973375,93.72131147540983,9.938461538461539,-83.7828499369483,1845.7393797802831,1648.5816118894834,197.15776789079973,0.756747812475689
588,2014,1314,1344,6,11,5,1,0.71875,0.6764705882352942,0.04227941176470584,24.907692307692308,43.0,18.092307692307692,1790.0222353972677,1716.8526654744555,73.16956992281212,0.6037698618273843
589,2014,1344,1314,11,6,-5,0,0.6764705882352942,0.71875,0.04227941176470584,24.907692307692308,43.0,18.092307692307692,1716.8526654744555,1790.0222353972677,-73.16956992281212,0.39623013817261565
590,2014,1372,1433,12,5,-7,1,0.9354838709677419,0.7647058823529411,0.17077798861480076,60.854838709677416,22.83076923076923,-38.02406947890819,1753.9724507330943,1781.69961124724,-27.72716051414568,0.460181904640335
591,2014,1433,1372,5,12,7,0,0.7647058823529411,0.9354838709677419,0.17077798861480076,60.854838709677416,22.83076923076923,-38.02406947890819,1781.69961124724,1753.9724507330943,27.72716051414568,0.539818095359665
592,2014,1390,1307,10,7,-3,1,0.6363636363636364,0.8181818181818182,-0.18181818181818188,39.63934426229508,22.03076923076923,-17.608575031525852,1671.9517759353091,1836.4027564761805,-164.45098054087134,0.27955783630948067
593,2014,1307,1390,7,10,3,0,0.8181818181818182,0.6363636363636364,-0.18181818181818188,39.63934426229508,22.03076923076923,-17.608575031525852,1836.4027564761805,1671.9517759353091,164.45098054087134,0.7204421636905194
594,2014,1397,1269,11,6,-5,1,0.625,0.75,-0.125,33.70967741935484,39.32258064516129,5.612903225806448,1691.4474578874997,1696.8289924636601,-5.381534576160448,0.492255968494332
595,2014,1269,1397,6,11,5,0,0.75,0.625,-0.125,33.70967741935484,39.32258064516129,5.612903225806448,1696.8289924636601,1691.4474578874997,5.381534576160448,0.507744031505668
596,2014,1417,1409,4,13,9,1,0.7647058823529411,0.6363636363636364,0.12834224598930477,16.015384615384615,77.74193548387096,61.72655086848634,1766.1917183106355,1659.6440213568662,106.54769695376922,0.6487018335414028
597,2014,1409,1417,13,4,-9,0,0.6363636363636364,0.7647058823529411,0.12834224598930477,16.015384615384615,77.74193548387096,61.72655086848634,1659.6440213568662,1766.1917183106355,-106.54769695376922,0.35129816645859724
598,2014,1438,1157,1,16,15,1,0.8235294117647058,0.6,0.22352941176470587,7.184615384615385,201.08196721311475,193.89735182849935,1832.271850763573,1484.3556630994976,347.9161876640753,0.8810872440293618
599,2014,1157,1438,16,1,-15,0,0.6,0.8235294117647058,0.22352941176470587,7.184615384615385,201.08196721311475,193.89735182849935,1484.3556630994976,1832.271850763573,-347.9161876640753,0.11891275597063822
600,2014,1455,1142,1,16,15,1,1.0,0.36666666666666664,0.6333333333333333,5.892307692307693,199.55737704918033,193.66506935687264,1909.724746843824,1460.1105186848306,449.61422815899346,0.9300974702882571
601,2014,1142,1455,16,1,-15,0,0.36666666666666664,1.0,0.6333333333333333,5.892307692307693,199.55737704918033,193.66506935687264,1460.1105186848306,1909.724746843824,-449.61422815899346,0.06990252971174293
602,2014,1163,1437,7,2,-5,1,0.7647058823529411,0.875,-0.11029411764705888,22.907692307692308,5.8,-17.107692307692307,1796.9853426103716,1829.681599352531,-32.69625674215945,0.45308471949550144
603,2014,1437,1163,2,7,5,0,0.875,0.7647058823529411,-0.11029411764705888,22.907692307692308,5.8,-17.107692307692307,1829.681599352531,1796.9853426103716,32.69625674215945,0.5469152805044986
604,2014,1173,1393,11,3,-8,1,0.696969696969697,0.84375,-0.14678030303030298,50.47540983606557,14.338461538461539,-36.136948297604036,1694.9825446344184,1872.9185838634437,-177.93603922902525,0.2641941237672004
605,2014,1393,1173,3,11,8,0,0.84375,0.696969696969697,-0.14678030303030298,50.47540983606557,14.338461538461539,-36.136948297604036,1872.9185838634437,1694.9825446344184,177.93603922902525,0.7358058762327996
606,2014,1196,1338,1,9,8,1,0.9411764705882353,0.7352941176470589,0.2058823529411764,2.0923076923076924,24.5,22.407692307692308,1940.3785216011856,1762.6274281862359,177.75109341494976,0.7355988641903999
607,2014,1338,1196,9,1,-8,0,0.7352941176470589,0.9411764705882353,0.2058823529411764,2.0923076923076924,24.5,22.407692307692308,1762.6274281862359,1940.3785216011856,-177.75109341494976,0.2644011358096001
608,2014,1257,1387,4,5,1,1,0.8529411764705882,0.8064516129032258,0.046489563567362446,6.507692307692308,31.215384615384615,24.707692307692305,1917.6502287665958,1788.2742945378334,129.3759342287624,0.6780331834555487
609,2014,1387,1257,5,4,-1,0,0.8064516129032258,0.8529411764705882,0.046489563567362446,6.507692307692308,31.215384615384615,24.707692307692305,1788.2742945378334,1917.6502287665958,-129.3759342287624,0.32196681654445125
610,2014,1276,1400,2,7,5,1,0.7575757575757576,0.696969696969697,0.06060606060606055,12.015384615384615,35.25806451612903,23.242679900744417,1865.1619243865994,1716.2858049123843,148.8761194742151,0.7020334527047309
611,2014,1400,1276,7,2,-5,0,0.696969696969697,0.7575757575757576,0.06060606060606055,12.015384615384615,35.25806451612903,23.242679900744417,1716.2858049123843,1865.1619243865994,-148.8761194742151,0.29796654729526906
612,2014,1277,1217,4,12,8,1,0.7647058823529411,0.8620689655172413,-0.0973630831643002,12.092307692307692,41.37096774193548,29.27866004962779,1850.1726302901236,1749.8449493983017,100.32768089182196,0.6404994501199016
613,2014,1217,1277,12,4,-8,0,0.8620689655172413,0.7647058823529411,-0.0973630831643002,12.092307692307692,41.37096774193548,29.27866004962779,1749.8449493983017,1850.1726302901236,-100.32768089182196,0.3595005498800984
614,2014,1361,1295,4,12,8,1,0.8709677419354839,0.7857142857142857,0.08525345622119818,16.76923076923077,56.14754098360656,39.37831021437579,1830.925751662827,1719.2476632663231,111.67808839650388,0.655402109831968
615,2014,1295,1361,12,4,-8,0,0.7857142857142857,0.8709677419354839,0.08525345622119818,16.76923076923077,56.14754098360656,39.37831021437579,1719.2476632663231,1830.925751662827,-111.67808839650388,0.344597890168032
616,2014,1458,1332,2,7,5,1,0.7878787878787878,0.71875,0.06912878787878785,9.36923076923077,27.41269841269841,18.043467643467643,1831.6333202163219,1750.4024326925319,81.23088752378999,0.6148161617237957
617,2014,1332,1458,7,2,-5,0,0.71875,0.7878787878787878,0.06912878787878785,9.36923076923077,27.41269841269841,18.043467643467643,1750.4024326925319,1831.6333202163219,-81.23088752378999,0.3851838382762043
618,2014,1112,1211,1,8,7,1,0.8823529411764706,0.8181818181818182,0.06417112299465233,2.3846153846153846,22.571428571428573,20.18681318681319,1860.335573471289,1849.0844111777187,11.25116229357036,0.5161860664625111
619,2014,1211,1112,8,1,-7,0,0.8181818181818182,0.8823529411764706,0.06417112299465233,2.3846153846153846,22.571428571428573,20.18681318681319,1849.0844111777187,1860.335573471289,-11.25116229357036,0.4838139335374889
620,2014,1124,1166,6,3,-3,1,0.6666666666666666,0.7878787878787878,-0.12121212121212122,29.3015873015873,11.25,-18.0515873015873,1759.4617809485367,1793.3575507499381,-33.89576980140146,0.4513742404422952
621,2014,1166,1124,3,6,3,0,0.7878787878787878,0.6666666666666666,-0.12121212121212122,29.3015873015873,11.25,-18.0515873015873,1793.3575507499381,1759.4617809485367,33.89576980140146,0.5486257595577049
622,2014,1235,1314,3,6,3,1,0.7878787878787878,0.71875,0.06912878787878785,12.676923076923076,24.907692307692308,12.230769230769232,1821.506913146881,1801.9091395424462,19.597773604434906,0.5281735893262657
623,2014,1314,1235,6,3,-3,0,0.71875,0.7878787878787878,0.06912878787878785,12.676923076923076,24.907692307692308,12.230769230769232,1801.9091395424462,1821.506913146881,-19.597773604434906,0.4718264106737343
624,2014,1246,1455,8,1,-7,1,0.7058823529411765,1.0,-0.2941176470588235,21.904761904761905,5.892307692307693,-16.012454212454212,1765.3829523999145,1911.8218227351763,-146.43887033526175,0.30090965772282013
625,2014,1455,1246,1,8,7,0,1.0,0.7058823529411765,-0.2941176470588235,21.904761904761905,5.892307692307693,-16.012454212454212,1911.8218227351763,1765.3829523999145,146.43887033526175,0.6990903422771799
626,2014,1390,1242,10,2,-8,1,0.6363636363636364,0.7272727272727273,-0.09090909090909094,39.63934426229508,7.123076923076923,-32.51626733921816,1693.5650408460247,1853.0029236497103,-159.43788280368562,0.2854067323412061
627,2014,1242,1390,2,10,8,0,0.7272727272727273,0.6363636363636364,-0.09090909090909094,39.63934426229508,7.123076923076923,-32.51626733921816,1853.0029236497103,1693.5650408460247,159.43788280368562,0.7145932676587938
628,2014,1397,1273,11,14,3,1,0.625,0.7419354838709677,-0.11693548387096775,33.70967741935484,93.72131147540983,60.011634056054994,1706.6797788326696,1671.2840462637541,35.39573256891549,0.5507630529410086
629,2014,1273,1397,14,11,-3,0,0.7419354838709677,0.625,-0.11693548387096775,33.70967741935484,93.72131147540983,60.011634056054994,1671.2840462637541,1706.6797788326696,-35.39573256891549,0.4492369470589914
630,2014,1417,1372,4,12,8,1,0.7647058823529411,0.9354838709677419,-0.17077798861480076,16.015384615384615,60.854838709677416,44.839454094292805,1776.7306633043934,1770.1669935938842,6.563669710509203,0.5094447564391801
631,2014,1372,1417,12,4,-8,0,0.9354838709677419,0.7647058823529411,-0.17077798861480076,16.015384615384615,60.854838709677416,44.839454094292805,1770.1669935938842,1776.7306633043934,-6.563669710509203,0.4905552435608199
632,2014,1438,1272,1,8,7,1,0.8235294117647058,0.7096774193548387,0.1138519924098671,7.184615384615385,37.301587301587304,30.11697191697192,1835.8392334426921,1768.8323066845878,67.00692675810433,0.5952526463182232
633,2014,1272,1438,8,1,-7,0,0.7096774193548387,0.8235294117647058,0.1138519924098671,7.184615384615385,37.301587301587304,30.11697191697192,1768.8323066845878,1835.8392334426921,-67.00692675810433,0.40474735368177683
634,2014,1112,1361,1,4,3,1,0.8823529411764706,0.8709677419354839,0.011385199240986688,2.3846153846153846,16.76923076923077,14.384615384615385,1874.8499914774138,1841.2636883678679,33.58630310954595,0.5481845752239772
635,2014,1361,1112,4,1,-3,0,0.8709677419354839,0.8823529411764706,0.011385199240986688,2.3846153846153846,16.76923076923077,14.384615384615385,1841.2636883678679,1874.8499914774138,-33.58630310954595,0.45181542477602277
636,2014,1173,1390,11,10,-1,1,0.696969696969697,0.6363636363636364,0.06060606060606066,50.47540983606557,39.63934426229508,-10.83606557377049,1717.0567209214025,1715.0028388757885,2.0538820456140456,0.5029557394323906
637,2014,1390,1173,10,11,1,0,0.6363636363636364,0.696969696969697,0.06060606060606066,50.47540983606557,39.63934426229508,-10.83606557377049,1715.0028388757885,1717.0567209214025,-2.0538820456140456,0.4970442605676094
638,2014,1196,1417,1,4,3,1,0.9411764705882353,0.7647058823529411,0.17647058823529416,2.0923076923076924,16.015384615384615,13.923076923076923,1948.3105556754736,1791.447320611218,156.8632350642556,0.7115609679088842
639,2014,1417,1196,4,1,-3,0,0.7647058823529411,0.9411764705882353,0.17647058823529416,2.0923076923076924,16.015384615384615,13.923076923076923,1791.447320611218,1948.3105556754736,-156.8632350642556,0.28843903209111577
640,2014,1458,1124,2,6,4,1,0.7878787878787878,0.6666666666666666,0.12121212121212122,9.36923076923077,29.3015873015873,19.93235653235653,1843.188835364608,1775.9205537352677,67.26828162934021,0.5956150639639792
641,2014,1124,1458,6,2,-4,0,0.6666666666666666,0.7878787878787878,0.12121212121212122,9.36923076923077,29.3015873015873,19.93235653235653,1775.9205537352677,1843.188835364608,-67.26828162934021,0.40438493603602077
642,2014,1163,1235,7,3,-4,1,0.7647058823529411,0.7878787878787878,-0.02317290552584672,22.907692307692308,12.676923076923076,-10.230769230769232,1813.3928010255065,1835.661705467093,-22.26890444158653,0.46799628401324733
643,2014,1235,1163,3,7,4,0,0.7878787878787878,0.7647058823529411,-0.02317290552584672,22.907692307692308,12.676923076923076,-10.230769230769232,1835.661705467093,1813.3928010255065,22.26890444158653,0.5320037159867527
644,2014,1246,1257,8,4,-4,1,0.7058823529411765,0.8529411764705882,-0.1470588235294117,21.904761904761905,6.507692307692308,-15.397069597069597,1786.35566266823,1927.3092332629294,-140.95357059469939,0.30759352740778406
645,2014,1257,1246,4,8,4,0,0.8529411764705882,0.7058823529411765,-0.1470588235294117,21.904761904761905,6.507692307692308,-15.397069597069597,1927.3092332629294,1786.35566266823,140.95357059469939,0.6924064725922159
646,2014,1276,1397,2,11,9,1,0.7575757575757576,0.625,0.13257575757575757,12.015384615384615,33.70967741935484,21.694292803970225,1874.1009208054575,1720.1568872444393,153.94403356101816,0.7080998022522917
647,2014,1397,1276,11,2,-9,0,0.625,0.7575757575757576,0.13257575757575757,12.015384615384615,33.70967741935484,21.694292803970225,1720.1568872444393,1874.1009208054575,-153.94403356101816,0.29190019774770826
648,2014,1277,1438,4,1,-3,1,0.7647058823529411,0.8235294117647058,-0.05882352941176472,12.092307692307692,7.184615384615385,-4.907692307692307,1860.9576467865265,1847.9816540531453,12.97599273338119,0.5186652769314928
649,2014,1438,1277,1,4,3,0,0.8235294117647058,0.7647058823529411,-0.05882352941176472,12.092307692307692,7.184615384615385,-4.907692307692307,1847.9816540531453,1860.9576467865265,-12.97599273338119,0.4813347230685072
650,2014,1196,1173,1,11,10,1,0.9411764705882353,0.696969696969697,0.24420677361853826,2.0923076923076924,50.47540983606557,48.38310214375788,1956.963726638207,1731.9680487384308,224.99567789977618,0.7850225382240921
651,2014,1173,1196,11,1,-10,0,0.696969696969697,0.9411764705882353,0.24420677361853826,2.0923076923076924,50.47540983606557,48.38310214375788,1731.9680487384308,1956.963726638207,-224.99567789977618,0.21497746177590793
652,2014,1458,1112,2,1,-1,1,0.7878787878787878,0.8823529411764706,-0.09447415329768272,9.36923076923077,2.3846153846153846,-6.984615384615385,1855.3203834456885,1888.4044542206946,-33.08407077500601,0.45253158209260386
653,2014,1112,1458,1,2,1,0,0.8823529411764706,0.7878787878787878,-0.09447415329768272,9.36923076923077,2.3846153846153846,-6.984615384615385,1888.4044542206946,1855.3203834456885,33.08407077500601,0.5474684179073961
654,2014,1163,1277,7,4,-3,1,0.7647058823529411,0.7647058823529411,0.0,22.907692307692308,12.092307692307692,-10.815384615384616,1829.352912505109,1875.3976884785818,-46.044775973472724,0.43412147668537926
655,2014,1277,1163,4,7,3,0,0.7647058823529411,0.7647058823529411,0.0,22.907692307692308,12.092307692307692,-10.815384615384616,1875.3976884785818,1829.352912505109,46.044775973472724,0.5658785233146207
656,2014,1246,1276,8,2,-6,1,0.7058823529411765,0.7575757575757576,-0.05169340463458105,21.904761904761905,12.015384615384615,-9.88937728937729,1807.1278568459966,1882.8579267378886,-75.73006989189207,0.39270944799128793
657,2014,1276,1246,2,8,6,0,0.7575757575757576,0.7058823529411765,-0.05169340463458105,21.904761904761905,12.015384615384615,-9.88937728937729,1882.8579267378886,1807.1278568459966,75.73006989189207,0.6072905520087121
658,2014,1163,1196,7,1,-6,1,0.7647058823529411,0.9411764705882353,-0.17647058823529416,22.907692307692308,2.0923076923076924,-20.815384615384616,1846.3292682045478,1963.4130504914842,-117.08378228693641,0.33760434083070073
659,2014,1196,1163,1,7,6,0,0.9411764705882353,0.7647058823529411,-0.17647058823529416,22.907692307692308,2.0923076923076924,-20.815384615384616,1963.4130504914842,1846.3292682045478,117.08378228693641,0.6623956591692992
660,2014,1246,1458,8,2,-6,1,0.7058823529411765,0.7878787878787878,-0.08199643493761133,21.904761904761905,9.36923076923077,-12.535531135531135,1825.346573406258,1871.7444359829105,-46.39786257665264,0.43362223237662045
661,2014,1458,1246,2,8,6,0,0.7878787878787878,0.7058823529411765,-0.08199643493761133,21.904761904761905,9.36923076923077,-12.535531135531135,1871.7444359829105,1825.346573406258,46.39786257665264,0.5663777676233795
662,2014,1163,1246,7,8,1,1,0.7647058823529411,0.7058823529411765,0.05882352941176461,22.907692307692308,21.904761904761905,-1.002930402930403,1866.2011379796268,1842.3379064349592,23.863231544667542,0.5342880500043592
663,2014,1246,1163,8,7,-1,0,0.7058823529411765,0.7647058823529411,0.05882352941176461,22.907692307692308,21.904761904761905,-1.002930402930403,1842.3379064349592,1866.2011379796268,-23.863231544667542,0.4657119499956408
664,2015,1214,1264,16,16,0,1,0.48484848484848486,0.59375,-0.10890151515151514,252.56896551724137,149.72413793103448,-102.84482758620689,1444.6055894951828,1607.3075116713014,-162.70192217611861,0.28159015635800416
665,2015,1264,1214,16,16,0,0,0.59375,0.48484848484848486,-0.10890151515151514,252.56896551724137,149.72413793103448,-102.84482758620689,1607.3075116713014,1444.6055894951828,162.70192217611861,0.7184098436419959
666,2015,1279,1140,11,11,0,1,0.625,0.71875,-0.09375,49.16949152542373,33.40677966101695,-15.762711864406782,1640.6937203049308,1723.2252703958438,-82.53155009091302,0.3834122676887758
667,2015,1140,1279,11,11,0,0,0.71875,0.625,-0.09375,49.16949152542373,33.40677966101695,-15.762711864406782,1723.2252703958438,1640.6937203049308,82.53155009091302,0.6165877323112242
668,2015,1173,1129,11,11,0,1,0.7575757575757576,0.7419354838709677,0.01564027370478982,42.50847457627118,46.7,4.1915254237288195,1725.8333472500133,1703.6939989412988,22.13934830871449,0.5318180291620124
669,2015,1129,1173,11,11,0,0,0.7419354838709677,0.7575757575757576,0.01564027370478982,42.50847457627118,46.7,4.1915254237288195,1703.6939989412988,1725.8333472500133,-22.13934830871449,0.4681819708379876
670,2015,1352,1316,16,16,0,1,0.5757575757575758,0.6451612903225806,-0.06940371456500483,173.4655172413793,143.5,-29.965517241379303,1548.2147229199425,1559.2567286787394,-11.042005758796904,0.48411462437554087
671,2015,1316,1352,16,16,0,0,0.6451612903225806,0.5757575757575758,-0.06940371456500483,173.4655172413793,143.5,-29.965517241379303,1559.2567286787394,1548.2147229199425,11.042005758796904,0.5158853756244591
672,2015,1112,1411,2,15,13,1,0.9117647058823529,0.6470588235294118,0.2647058823529411,4.209677419354839,175.94827586206895,171.7385984427141,1940.796643200381,1570.9519013217796,369.8447418786013,0.8936897975224442
673,2015,1411,1112,15,2,-13,0,0.6470588235294118,0.9117647058823529,0.2647058823529411,4.209677419354839,175.94827586206895,171.7385984427141,1570.9519013217796,1940.796643200381,-369.8447418786013,0.10631020247755585
674,2015,1116,1459,5,12,7,1,0.7647058823529411,0.8125,-0.047794117647058876,22.306451612903224,79.6896551724138,57.38320355951057,1748.34144690426,1654.218864849274,94.12258205498597,0.6322340984588387
675,2015,1459,1116,12,5,-7,0,0.8125,0.7647058823529411,-0.047794117647058876,22.306451612903224,79.6896551724138,57.38320355951057,1654.218864849274,1748.34144690426,-94.12258205498597,0.3677659015411613
676,2015,1139,1400,6,11,5,1,0.6875,0.6060606060606061,0.08143939393939392,24.524590163934427,29.74576271186441,5.2211725479299815,1687.7564419309958,1688.450867682935,-0.6944257519392067,0.4990006423403898
677,2015,1400,1139,11,6,-5,0,0.6060606060606061,0.6875,0.08143939393939392,24.524590163934427,29.74576271186441,5.2211725479299815,1688.450867682935,1687.7564419309958,0.6944257519392067,0.5009993576596101
678,2015,1153,1345,8,9,1,1,0.6875,0.6363636363636364,0.051136363636363646,45.813559322033896,43.59322033898305,-2.220338983050844,1709.634058694953,1671.2014000987917,38.43265859616122,0.5550845466776245
679,2015,1345,1153,9,8,-1,0,0.6363636363636364,0.6875,0.051136363636363646,45.813559322033896,43.59322033898305,-2.220338983050844,1671.2014000987917,1709.634058694953,-38.43265859616122,0.4449154533223755
680,2015,1207,1186,4,13,9,1,0.6774193548387096,0.7419354838709677,-0.06451612903225812,23.24590163934426,111.84482758620689,88.59892594686264,1723.286668394759,1585.3107823150604,137.97588607969874,0.6887438117578488
681,2015,1186,1207,13,4,-9,0,0.7419354838709677,0.6774193548387096,-0.06451612903225812,23.24590163934426,111.84482758620689,88.59892594686264,1585.3107823150604,1723.286668394759,-137.97588607969874,0.3112561882421512
682,2015,1209,1124,14,3,-11,1,0.71875,0.71875,0.0,77.5,14.17741935483871,-63.32258064516129,1651.329634421385,1766.2349243008653,-114.90528987948028,0.3404144092283567
683,2015,1124,1209,3,14,11,0,0.71875,0.71875,0.0,77.5,14.17741935483871,-63.32258064516129,1766.2349243008653,1651.329634421385,114.90528987948028,0.6595855907716432
684,2015,1246,1214,1,16,15,1,1.0,0.48484848484848486,0.5151515151515151,1.1129032258064515,252.56896551724137,251.4560622914349,1999.832767936166,1466.1578848044428,533.6748831317232,0.955726250168041
685,2015,1214,1246,16,1,-15,0,0.48484848484848486,1.0,0.5151515151515151,1.1129032258064515,252.56896551724137,251.4560622914349,1466.1578848044428,1999.832767936166,-533.6748831317232,0.044273749831958975
686,2015,1301,1261,8,9,1,1,0.6060606060606061,0.6875,-0.08143939393939392,35.74576271186441,42.47457627118644,6.728813559322035,1693.4847799458753,1669.321518785302,24.163261160573256,0.5347177712642001
687,2015,1261,1301,9,8,-1,0,0.6875,0.6060606060606061,-0.08143939393939392,35.74576271186441,42.47457627118644,6.728813559322035,1669.321518785302,1693.4847799458753,-24.163261160573256,0.46528222873579994
688,2015,1314,1217,4,13,9,1,0.6857142857142857,0.7407407407407407,-0.05502645502645498,11.836065573770492,77.05172413793103,65.21565856416053,1803.4763255857317,1700.5903544809833,102.88597110474848,0.6438833564025501
689,2015,1217,1314,13,4,-9,0,0.7407407407407407,0.6857142857142857,-0.05502645502645498,11.836065573770492,77.05172413793103,65.21565856416053,1700.5903544809833,1803.4763255857317,-102.88597110474848,0.3561166435974499
690,2015,1323,1318,3,14,11,1,0.8529411764705882,0.6764705882352942,0.17647058823529405,10.17741935483871,112.44827586206897,102.27085650723026,1810.6183620181712,1585.9303027009705,224.68805931720067,0.7847235442346299
691,2015,1318,1323,14,3,-11,0,0.6764705882352942,0.8529411764705882,0.17647058823529405,10.17741935483871,112.44827586206897,102.27085650723026,1585.9303027009705,1810.6183620181712,-224.68805931720067,0.21527645576537013
692,2015,1326,1433,10,7,-3,1,0.696969696969697,0.7428571428571429,-0.045887445887445866,24.033898305084747,28.1,4.066101694915254,1751.1883002109862,1763.9044788187973,-12.716178607811116,0.4817081149457938
693,2015,1433,1326,7,10,3,0,0.7428571428571429,0.696969696969697,-0.045887445887445866,24.033898305084747,28.1,4.066101694915254,1763.9044788187973,1751.1883002109862,12.716178607811116,0.5182918850542062
694,2015,1412,1235,14,3,-11,1,0.5454545454545454,0.7575757575757576,-0.21212121212121215,134.91379310344828,11.258064516129032,-123.65572858731926,1567.6908037788683,1820.934373237953,-253.2435694590847,0.18880600515525917
695,2015,1235,1412,3,14,11,0,0.7575757575757576,0.5454545454545454,-0.21212121212121215,134.91379310344828,11.258064516129032,-123.65572858731926,1820.934373237953,1567.6908037788683,253.2435694590847,0.8111939948447409
696,2015,1417,1374,11,6,-5,1,0.6060606060606061,0.8125,-0.20643939393939392,47.86440677966102,23.241935483870968,-24.62247129579005,1699.8427539135955,1790.0471922049692,-90.20443829137366,0.3730256404906908
697,2015,1374,1417,6,11,5,0,0.8125,0.6060606060606061,-0.20643939393939392,47.86440677966102,23.241935483870968,-24.62247129579005,1790.0471922049692,1699.8427539135955,90.20443829137366,0.6269743595093091
698,2015,1428,1372,5,12,7,1,0.7419354838709677,0.8666666666666667,-0.12473118279569895,15.290322580645162,40.440677966101696,25.150355385456535,1717.6640424610446,1770.2499767674697,-52.58593430642509,0.42489538661482146
699,2015,1372,1428,12,5,-7,0,0.8666666666666667,0.7419354838709677,-0.12473118279569895,15.290322580645162,40.440677966101696,25.150355385456535,1770.2499767674697,1717.6640424610446,52.58593430642509,0.5751046133851785
700,2015,1437,1248,1,16,15,1,0.9411764705882353,0.6129032258064516,0.32827324478178366,3.661290322580645,161.86206896551724,158.2007786429366,1928.6020052396693,1531.3255589960795,397.2764462435898,0.9077868665803209
701,2015,1248,1437,16,1,-15,0,0.6129032258064516,0.9411764705882353,0.32827324478178366,3.661290322580645,161.86206896551724,158.2007786429366,1531.3255589960795,1928.6020052396693,-397.2764462435898,0.09221313341967907
702,2015,1462,1279,6,11,5,1,0.6176470588235294,0.625,-0.007352941176470562,30.25423728813559,49.16949152542373,18.91525423728814,1699.1235105367427,1659.1913522742675,39.93215826247524,0.5572152822373705
703,2015,1279,1462,11,6,-5,0,0.625,0.6176470588235294,-0.007352941176470562,30.25423728813559,49.16949152542373,18.91525423728814,1659.1913522742675,1699.1235105367427,-39.93215826247524,0.4427847177626295
704,2015,1173,1344,11,6,-5,1,0.7575757575757576,0.6666666666666666,0.09090909090909094,42.50847457627118,26.661016949152543,-15.84745762711864,1739.8788063751529,1713.2096019817784,26.669204393374457,0.5383048675524804
705,2015,1344,1173,6,11,5,0,0.6666666666666666,0.7575757575757576,0.09090909090909094,42.50847457627118,26.661016949152543,-15.84745762711864,1713.2096019817784,1739.8788063751529,-26.669204393374457,0.4616951324475196
706,2015,1181,1352,1,16,15,1,0.8787878787878788,0.5757575757575758,0.303030303030303,4.661290322580645,173.4655172413793,168.80422691879866,1932.0212340091107,1563.6912841886763,368.3299498204344,0.892858491051147
707,2015,1352,1181,16,1,-15,0,0.5757575757575758,0.8787878787878788,0.303030303030303,4.661290322580645,173.4655172413793,168.80422691879866,1563.6912841886763,1932.0212340091107,-368.3299498204344,0.10714150894885299
708,2015,1211,1295,2,15,13,1,0.9393939393939394,0.7,0.2393939393939395,6.967741935483871,138.63793103448276,131.6701890989989,1912.3516008723982,1663.3400232702402,249.011577602158,0.8074345442758245
709,2015,1295,1211,15,2,-13,0,0.7,0.9393939393939394,0.2393939393939395,6.967741935483871,138.63793103448276,131.6701890989989,1663.3400232702402,1912.3516008723982,-249.011577602158,0.1925654557241755
710,2015,1234,1172,7,10,3,1,0.65625,0.7666666666666667,-0.11041666666666672,29.508474576271187,32.33898305084746,2.8305084745762734,1697.2615568853446,1724.2619757671532,-27.000418881808628,0.4612213087494398
711,2015,1172,1234,10,7,-3,0,0.7666666666666667,0.65625,-0.11041666666666672,29.508474576271187,32.33898305084746,2.8305084745762734,1724.2619757671532,1697.2615568853446,27.000418881808628,0.5387786912505602
712,2015,1242,1308,2,15,13,1,0.7647058823529411,0.6774193548387096,0.0872865275142315,9.790322580645162,106.60344827586206,96.8131256952169,1823.2411005173553,1635.9116378630129,187.32946265434248,0.7461825694973531
713,2015,1308,1242,15,2,-13,0,0.6774193548387096,0.7647058823529411,0.0872865275142315,9.790322580645162,106.60344827586206,96.8131256952169,1635.9116378630129,1823.2411005173553,-187.32946265434248,0.25381743050264693
714,2015,1257,1414,4,13,9,1,0.75,0.6129032258064516,0.13709677419354838,16.080645161290324,101.62068965517241,85.54004449388209,1843.829818004632,1602.405197069342,241.42462093529002,0.8005526217669583
715,2015,1414,1257,13,4,-9,0,0.6129032258064516,0.75,0.13709677419354838,16.080645161290324,101.62068965517241,85.54004449388209,1602.405197069342,1843.829818004632,-241.42462093529002,0.1994473782330417
716,2015,1268,1434,4,13,9,1,0.8181818181818182,0.8333333333333334,-0.015151515151515138,20.096774193548388,62.44827586206897,42.351501668520584,1779.9990948886164,1684.6064758708987,95.3926190177176,0.6339323415163951
717,2015,1434,1268,13,4,-9,0,0.8333333333333334,0.8181818181818182,-0.015151515151515138,20.096774193548388,62.44827586206897,42.351501668520584,1684.6064758708987,1779.9990948886164,-95.3926190177176,0.3660676584836049
718,2015,1277,1208,7,10,3,1,0.6764705882352942,0.65625,0.020220588235294157,20.193548387096776,37.728813559322035,17.53526517222526,1789.7581621603508,1685.9115497260223,103.84661243432856,0.6451503368602748
719,2015,1208,1277,10,7,-3,0,0.65625,0.6764705882352942,0.020220588235294157,20.193548387096776,37.728813559322035,17.53526517222526,1685.9115497260223,1789.7581621603508,-103.84661243432856,0.3548496631397252
720,2015,1320,1461,5,12,7,1,0.9090909090909091,0.71875,0.19034090909090906,18.838709677419356,83.89830508474576,65.0595954073264,1768.7315956538976,1650.0199666553121,118.71162899858541,0.6644879938081251
721,2015,1461,1320,12,5,-7,0,0.71875,0.9090909090909091,0.19034090909090906,18.838709677419356,83.89830508474576,65.0595954073264,1650.0199666553121,1768.7315956538976,-118.71162899858541,0.33551200619187493
722,2015,1328,1107,3,14,11,1,0.6875,0.75,-0.0625,14.612903225806452,118.87931034482759,104.26640711902114,1755.3476037647176,1628.9196527617564,126.42795100296121,0.6743174342172452
723,2015,1107,1328,14,3,-11,0,0.75,0.6875,-0.0625,14.612903225806452,118.87931034482759,104.26640711902114,1628.9196527617564,1755.3476037647176,-126.42795100296121,0.3256825657827548
724,2015,1332,1329,8,9,1,1,0.7272727272727273,0.5666666666666667,0.16060606060606064,37.63333333333333,43.08474576271186,5.451412429378529,1772.4419284042226,1640.5152312322864,131.9266971719362,0.6812302101076548
725,2015,1329,1332,9,8,-1,0,0.5666666666666667,0.7272727272727273,0.16060606060606064,37.63333333333333,43.08474576271186,5.451412429378529,1640.5152312322864,1772.4419284042226,-131.9266971719362,0.31876978989234517
726,2015,1361,1385,8,9,1,1,0.7575757575757576,0.6451612903225806,0.11241446725317694,33.96666666666667,41.0,7.033333333333331,1773.5642252617633,1685.2898643852773,88.27436087648607,0.6243722382792485
727,2015,1385,1361,9,8,-1,0,0.6451612903225806,0.7575757575757576,0.11241446725317694,33.96666666666667,41.0,7.033333333333331,1685.2898643852773,1773.5642252617633,-88.27436087648607,0.3756277617207515
728,2015,1438,1125,2,15,13,1,0.90625,0.6774193548387096,0.22883064516129037,5.161290322580645,129.72413793103448,124.56284760845384,1920.646891565175,1648.8255267729646,271.8213647922105,0.827030966354907
729,2015,1125,1438,15,2,-13,0,0.6774193548387096,0.90625,0.22883064516129037,5.161290322580645,129.72413793103448,124.56284760845384,1648.8255267729646,1920.646891565175,-271.8213647922105,0.17296903364509297
730,2015,1452,1138,5,12,7,1,0.71875,0.71875,0.0,22.532258064516128,55.36206896551724,32.82981090100111,1706.3706663510661,1662.8223080456376,43.548358305428565,0.5623449728938625
731,2015,1138,1452,12,5,-7,0,0.71875,0.71875,0.0,22.532258064516128,55.36206896551724,32.82981090100111,1662.8223080456376,1706.3706663510661,-43.548358305428565,0.43765502710613746
732,2015,1455,1231,7,10,3,1,0.8709677419354839,0.6060606060606061,0.2649071358748778,17.14516129032258,46.49152542372882,29.346364133406237,1857.280429649785,1635.8681387558115,221.41229089397348,0.7815209112497786
733,2015,1231,1455,10,7,-3,0,0.6060606060606061,0.8709677419354839,0.2649071358748778,17.14516129032258,46.49152542372882,29.346364133406237,1635.8681387558115,1857.280429649785,-221.41229089397348,0.21847908875022137
734,2015,1458,1157,1,16,15,1,0.9117647058823529,0.6896551724137931,0.22210953346855977,3.5806451612903225,138.44827586206895,134.86763070077862,1956.9448790421711,1534.5970973033507,422.34778173882046,0.9191779018652486
735,2015,1157,1458,16,1,-15,0,0.6896551724137931,0.9117647058823529,0.22210953346855977,3.5806451612903225,138.44827586206895,134.86763070077862,1534.5970973033507,1956.9448790421711,-422.34778173882046,0.08082209813475139
736,2015,1112,1326,2,10,8,1,0.9117647058823529,0.696969696969697,0.2147950089126559,4.209677419354839,24.033898305084747,19.824220885729908,1943.9859492747075,1766.7370567626124,177.24889251209515,0.7350362208977135
737,2015,1326,1112,10,2,-8,0,0.696969696969697,0.9117647058823529,0.2147950089126559,4.209677419354839,24.033898305084747,19.824220885729908,1766.7370567626124,1943.9859492747075,-177.24889251209515,0.2649637791022865
738,2015,1246,1153,1,8,7,1,1.0,0.6875,0.3125,1.1129032258064515,45.813559322033896,44.70065609622745,2001.1609804311247,1722.9815222946243,278.17945813650044,0.832204144734287
739,2015,1153,1246,8,1,-7,0,0.6875,1.0,0.3125,1.1129032258064515,45.813559322033896,44.70065609622745,1722.9815222946243,2001.1609804311247,-278.17945813650044,0.16779585526571295
740,2015,1301,1437,8,1,-7,1,0.6060606060606061,0.9411764705882353,-0.3351158645276292,35.74576271186441,3.661290322580645,-32.08447238928376,1707.4432468079492,1931.3683992422598,-223.92515243431058,0.2160192749865987
741,2015,1437,1301,1,8,7,0,0.9411764705882353,0.6060606060606061,-0.3351158645276292,35.74576271186441,3.661290322580645,-32.08447238928376,1931.3683992422598,1707.4432468079492,223.92515243431058,0.7839807250134013
742,2015,1314,1116,4,5,1,1,0.6857142857142857,0.7647058823529411,-0.0789915966386554,11.836065573770492,22.306451612903224,10.470386039132732,1814.1598248936552,1759.374423950495,54.78540094316031,0.5781955020941931
743,2015,1116,1314,5,4,-1,0,0.7647058823529411,0.6857142857142857,-0.0789915966386554,11.836065573770492,22.306451612903224,10.470386039132732,1759.374423950495,1814.1598248936552,-54.78540094316031,0.4218044979058069
744,2015,1323,1139,3,6,3,1,0.8529411764705882,0.6875,0.1654411764705882,10.17741935483871,24.524590163934427,14.347170809095717,1817.0766556911324,1702.7864226607842,114.29023303034819,0.6587901734363589
745,2015,1139,1323,6,3,-3,0,0.6875,0.8529411764705882,0.1654411764705882,10.17741935483871,24.524590163934427,14.347170809095717,1702.7864226607842,1817.0766556911324,-114.29023303034819,0.34120982656364107
746,2015,1417,1412,11,14,3,1,0.6060606060606061,0.5454545454545454,0.06060606060606066,47.86440677966102,134.91379310344828,87.04938632378727,1718.6519846988747,1592.0266236242105,126.62536107466417,0.6745669498925945
747,2015,1412,1417,14,11,-3,0,0.5454545454545454,0.6060606060606061,0.06060606060606066,47.86440677966102,134.91379310344828,87.04938632378727,1592.0266236242105,1718.6519846988747,-126.62536107466417,0.32543305010740553
748,2015,1428,1207,5,4,-1,1,0.7419354838709677,0.6774193548387096,0.06451612903225812,15.290322580645162,23.24590163934426,7.955579058699099,1734.9171808626,1732.6243540420237,2.292826820576238,0.5032995951365544
749,2015,1207,1428,4,5,1,0,0.6774193548387096,0.7419354838709677,0.06451612903225812,15.290322580645162,23.24590163934426,7.955579058699099,1732.6243540420237,1734.9171808626,-2.292826820576238,0.4967004048634456
750,2015,1462,1209,6,14,8,1,0.6176470588235294,0.71875,-0.10110294117647056,30.25423728813559,77.5,47.24576271186441,1712.4070520696216,1671.1172021445343,41.28984992508731,0.559142701178679
751,2015,1209,1462,14,6,-8,0,0.71875,0.6176470588235294,-0.10110294117647056,30.25423728813559,77.5,47.24576271186441,1671.1172021445343,1712.4070520696216,-41.28984992508731,0.44085729882132096
752,2015,1181,1361,1,8,7,1,0.8787878787878788,0.7575757575757576,0.12121212121212122,4.661290322580645,33.96666666666667,29.305376344086024,1935.2354792775764,1784.833058113386,150.4024211641904,0.7038680822485509
753,2015,1361,1181,8,1,-7,0,0.7575757575757576,0.8787878787878788,0.12121212121212122,4.661290322580645,33.96666666666667,29.305376344086024,1784.833058113386,1935.2354792775764,-150.4024211641904,0.2961319177514491
754,2015,1211,1234,2,7,5,1,0.9393939393939394,0.65625,0.28314393939393945,6.967741935483871,29.508474576271187,22.540732640787315,1918.1285645441235,1713.4249176228614,204.70364692126213,0.7646544035585596
755,2015,1234,1211,7,2,-5,0,0.65625,0.9393939393939394,0.28314393939393945,6.967741935483871,29.508474576271187,22.540732640787315,1713.4249176228614,1918.1285645441235,-204.70364692126213,0.23534559644144037
756,2015,1257,1320,4,5,1,1,0.75,0.9090909090909091,-0.15909090909090906,16.080645161290324,18.838709677419356,2.758064516129032,1849.8132393516232,1778.7969558396537,71.0162835119695,0.6008007275341604
757,2015,1320,1257,5,4,-1,0,0.9090909090909091,0.75,-0.15909090909090906,16.080645161290324,18.838709677419356,2.758064516129032,1778.7969558396537,1849.8132393516232,-71.0162835119695,0.39919927246583964
758,2015,1277,1438,7,2,-5,1,0.6764705882352942,0.90625,-0.22977941176470584,20.193548387096776,5.161290322580645,-15.032258064516132,1800.4036520545426,1925.835962574528,-125.43231051998532,0.3269425063630576
759,2015,1438,1277,2,7,5,0,0.90625,0.6764705882352942,-0.22977941176470584,20.193548387096776,5.161290322580645,-15.032258064516132,1925.835962574528,1800.4036520545426,125.43231051998532,0.6730574936369424
760,2015,1328,1173,3,11,8,1,0.6875,0.7575757575757576,-0.07007575757575757,14.612903225806452,42.50847457627118,27.89557135046473,1765.1180807382002,1753.7296603485784,11.388420389621842,0.5163833872045418
761,2015,1173,1328,11,3,-8,0,0.7575757575757576,0.6875,-0.07007575757575757,14.612903225806452,42.50847457627118,27.89557135046473,1753.7296603485784,1765.1180807382002,-11.388420389621842,0.4836166127954582
762,2015,1452,1268,5,4,-1,1,0.71875,0.8181818181818182,-0.09943181818181823,22.532258064516128,20.096774193548388,-2.43548387096774,1719.5003171642502,1790.9811246431245,-71.48080747887434,0.39855811203699854
763,2015,1268,1452,4,5,1,0,0.8181818181818182,0.71875,-0.09943181818181823,22.532258064516128,20.096774193548388,-2.43548387096774,1790.9811246431245,1719.5003171642502,71.48080747887434,0.6014418879630015
764,2015,1455,1242,7,2,-5,1,0.8709677419354839,0.7647058823529411,0.10626185958254275,17.14516129032258,9.790322580645162,-7.354838709677418,1863.8348023122917,1830.8556234324346,32.979178879857045,0.5473188225798736
765,2015,1242,1455,2,7,5,0,0.7647058823529411,0.8709677419354839,0.10626185958254275,17.14516129032258,9.790322580645162,-7.354838709677418,1830.8556234324346,1863.8348023122917,-32.979178879857045,0.45268117742012637
766,2015,1458,1332,1,8,7,1,0.9117647058823529,0.7272727272727273,0.18449197860962563,3.5806451612903225,37.63333333333333,34.05268817204301,1959.3695419862136,1782.005022100993,177.3645198852205,0.7351658324328146
767,2015,1332,1458,8,1,-7,0,0.7272727272727273,0.9117647058823529,0.18449197860962563,3.5806451612903225,37.63333333333333,34.05268817204301,1782.005022100993,1959.3695419862136,-177.3645198852205,0.26483416756718536
768,2015,1112,1462,2,6,4,1,0.9117647058823529,0.6176470588235294,0.2941176470588235,4.209677419354839,30.25423728813559,26.044559868780752,1951.934862647776,1725.6327710342612,226.3020916135149,0.786288963427705
769,2015,1462,1112,6,2,-4,0,0.6176470588235294,0.9117647058823529,0.2941176470588235,4.209677419354839,30.25423728813559,26.044559868780752,1725.6327710342612,1951.934862647776,-226.3020916135149,0.21371103657229495
770,2015,1246,1452,1,5,4,1,1.0,0.71875,0.28125,1.1129032258064515,22.532258064516128,21.419354838709676,2006.194856089096,1737.5435738031401,268.65128228595586,0.8244049113321912
771,2015,1452,1246,5,1,-4,0,0.71875,1.0,0.28125,1.1129032258064515,22.532258064516128,21.419354838709676,1737.5435738031401,2006.194856089096,-268.65128228595586,0.17559508866780882
772,2015,1323,1455,3,7,4,1,0.8529411764705882,0.8709677419354839,-0.018026565464895672,10.17741935483871,17.14516129032258,6.96774193548387,1827.3129504880417,1877.4152376348954,-50.10228714685377,0.42839269267602925
773,2015,1455,1323,7,3,-4,0,0.8709677419354839,0.8529411764705882,-0.018026565464895672,10.17741935483871,17.14516129032258,6.96774193548387,1877.4152376348954,1827.3129504880417,50.10228714685377,0.5716073073239707
774,2015,1458,1314,1,4,3,1,0.9117647058823529,0.6857142857142857,0.2260504201680672,3.5806451612903225,11.836065573770492,8.25542041248017,1967.3145670132292,1826.8139598308294,140.5006071823998,0.691850856489587
775,2015,1314,1458,4,1,-3,0,0.6857142857142857,0.9117647058823529,0.2260504201680672,3.5806451612903225,11.836065573770492,8.25542041248017,1826.8139598308294,1967.3145670132292,-140.5006071823998,0.308149143510413
776,2015,1181,1428,1,5,4,1,0.8787878787878788,0.7419354838709677,0.13685239491691104,4.661290322580645,15.290322580645162,10.629032258064516,1944.1194368101199,1749.8181930085034,194.30124380161647,0.753708123929564
777,2015,1428,1181,5,1,-4,0,0.7419354838709677,0.8787878787878788,0.13685239491691104,4.661290322580645,15.290322580645162,10.629032258064516,1749.8181930085034,1944.1194368101199,-194.30124380161647,0.246291876070436
778,2015,1211,1417,2,11,9,1,0.9393939393939394,0.6060606060606061,0.33333333333333337,6.967741935483871,47.86440677966102,40.896664844177145,1925.1889324373667,1728.4149762020968,196.7739562352699,0.7563408746732995
779,2015,1417,1211,11,2,-9,0,0.6060606060606061,0.9393939393939394,0.33333333333333337,6.967741935483871,47.86440677966102,40.896664844177145,1728.4149762020968,1925.1889324373667,-196.7739562352699,0.24365912532670053
780,2015,1257,1301,4,8,4,1,0.75,0.6060606060606061,0.14393939393939392,16.080645161290324,35.74576271186441,19.665117550574085,1861.7892175255984,1730.9626685583512,130.82654896724716,0.6798533962441355
781,2015,1301,1257,8,4,-4,0,0.6060606060606061,0.75,0.14393939393939392,16.080645161290324,35.74576271186441,19.665117550574085,1730.9626685583512,1861.7892175255984,-130.82654896724716,0.32014660375586446
782,2015,1277,1328,7,3,-4,1,0.6764705882352942,0.6875,-0.011029411764705843,20.193548387096776,14.612903225806452,-5.580645161290324,1820.595376863651,1779.626579122064,40.96879774158697,0.5586870847563057
783,2015,1328,1277,3,7,4,0,0.6875,0.6764705882352942,-0.011029411764705843,20.193548387096776,14.612903225806452,-5.580645161290324,1779.626579122064,1820.595376863651,-40.96879774158697,0.4413129152436943
784,2015,1246,1323,1,3,2,1,1.0,0.8529411764705882,0.1470588235294118,1.1129032258064515,10.17741935483871,9.064516129032258,2011.4627087491303,1844.4611697077607,167.0015390413696,0.723389642189502
785,2015,1323,1246,3,1,-2,0,0.8529411764705882,1.0,0.1470588235294118,1.1129032258064515,10.17741935483871,9.064516129032258,1844.4611697077607,2011.4627087491303,-167.0015390413696,0.27661035781049803
786,2015,1458,1112,1,2,1,1,0.9117647058823529,0.9117647058823529,0.0,3.5806451612903225,4.209677419354839,0.6290322580645165,1976.5590413185416,1958.346193744945,18.21284757359672,0.5261864127476857
787,2015,1112,1458,2,1,-1,0,0.9117647058823529,0.9117647058823529,0.0,3.5806451612903225,4.209677419354839,0.6290322580645165,1958.346193744945,1976.5590413185416,-18.21284757359672,0.47381358725231426
788,2015,1181,1211,1,2,1,1,0.8787878787878788,0.9393939393939394,-0.06060606060606066,4.661290322580645,6.967741935483871,2.306451612903226,1951.508193092233,1932.4987061971676,19.009486895065265,0.5273295849770141
789,2015,1211,1181,2,1,-1,0,0.9393939393939394,0.8787878787878788,-0.06060606060606066,4.661290322580645,6.967741935483871,2.306451612903226,1932.4987061971676,1951.508193092233,-19.009486895065265,0.4726704150229859
790,2015,1277,1257,7,4,-3,1,0.6764705882352942,0.75,-0.07352941176470584,20.193548387096776,16.080645161290324,-4.112903225806452,1833.8347643209618,1871.3936156382742,-37.558851317312474,0.4461580420706735
791,2015,1257,1277,4,7,3,0,0.75,0.6764705882352942,-0.07352941176470584,20.193548387096776,16.080645161290324,-4.112903225806452,1871.3936156382742,1833.8347643209618,37.558851317312474,0.5538419579293266
792,2015,1181,1277,1,7,6,1,0.8787878787878788,0.6764705882352942,0.20231729055258463,4.661290322580645,20.193548387096776,15.532258064516132,1965.6883055429225,1850.4500230588415,115.23828248408108,0.6600158561637
793,2015,1277,1181,7,1,-6,0,0.6764705882352942,0.8787878787878788,0.20231729055258463,4.661290322580645,20.193548387096776,15.532258064516132,1850.4500230588415,1965.6883055429225,-115.23828248408108,0.33998414383630005
794,2015,1458,1246,1,1,0,1,0.9117647058823529,1.0,-0.08823529411764708,3.5806451612903225,1.1129032258064515,-2.467741935483871,1990.773448936111,2019.7610194834454,-28.98757054733437,0.45838006071285337
795,2015,1246,1458,1,1,0,0,1.0,0.9117647058823529,-0.08823529411764708,3.5806451612903225,1.1129032258064515,-2.467741935483871,2019.7610194834454,1990.773448936111,28.98757054733437,0.5416199392871466
796,2015,1181,1458,1,1,0,1,0.8787878787878788,0.9117647058823529,-0.03297682709447414,4.661290322580645,3.5806451612903225,-1.0806451612903225,1975.8878298580116,2007.0220471147254,-31.134217256713782,0.45531380895568624
797,2015,1458,1181,1,1,0,0,0.9117647058823529,0.8787878787878788,-0.03297682709447414,4.661290322580645,3.5806451612903225,-1.0806451612903225,2007.0220471147254,1975.8878298580116,31.134217256713782,0.5446861910443137
798,2016,1195,1192,16,16,0,1,0.5517241379310345,0.5483870967741935,0.0033370411568409697,182.6206896551724,246.5344827586207,63.913793103448285,1498.279323794959,1440.900936609686,57.37838718527314,0.5818315296624309
799,2016,1192,1195,16,16,0,0,0.5483870967741935,0.5517241379310345,0.0033370411568409697,182.6206896551724,246.5344827586207,63.913793103448285,1440.900936609686,1498.279323794959,-57.37838718527314,0.4181684703375691
800,2016,1455,1435,11,11,0,1,0.7419354838709677,0.59375,0.14818548387096775,31.203389830508474,38.87931034482759,7.675920514319113,1764.396409885827,1654.3383330686063,110.05807681722081,0.6532928943380331
801,2016,1435,1455,11,11,0,0,0.59375,0.7419354838709677,0.14818548387096775,31.203389830508474,38.87931034482759,7.675920514319113,1654.3383330686063,1764.396409885827,-110.05807681722081,0.34670710566196694
802,2016,1221,1380,16,16,0,1,0.42424242424242425,0.6129032258064516,-0.18866080156402737,267.6896551724138,216.4655172413793,-51.22413793103448,1443.1607201322054,1485.9154680199847,-42.75474788777933,0.43877968581885496
803,2016,1380,1221,16,16,0,0,0.6129032258064516,0.42424242424242425,-0.18866080156402737,267.6896551724138,216.4655172413793,-51.22413793103448,1485.9154680199847,1443.1607201322054,42.75474788777933,0.561220314181145
804,2016,1276,1409,11,11,0,1,0.6363636363636364,0.6451612903225806,-0.008797653958944274,48.10344827586207,65.91379310344827,17.8103448275862,1684.6036757420497,1658.1064645496297,26.49721119242008,0.5380587928239685
805,2016,1409,1276,11,11,0,0,0.6451612903225806,0.6363636363636364,-0.008797653958944274,48.10344827586207,65.91379310344827,17.8103448275862,1658.1064645496297,1684.6036757420497,-26.49721119242008,0.4619412071760315
806,2016,1114,1345,12,5,-7,1,0.8709677419354839,0.7647058823529411,0.10626185958254275,55.45762711864407,12.193548387096774,-43.26407873154729,1650.087863429945,1774.0790226351426,-123.99115920519762,0.3287706498938744
807,2016,1345,1114,5,12,7,0,0.7647058823529411,0.8709677419354839,0.10626185958254275,55.45762711864407,12.193548387096774,-43.26407873154729,1774.0790226351426,1650.087863429945,123.99115920519762,0.6712293501061256
808,2016,1139,1403,9,8,-1,1,0.6774193548387096,0.6129032258064516,0.06451612903225801,34.241379310344826,43.258620689655174,9.017241379310349,1713.0707176227752,1631.0932517712033,81.97746585157188,0.6158334159306204
809,2016,1403,1139,8,9,1,0,0.6129032258064516,0.6774193548387096,0.06451612903225801,34.241379310344826,43.258620689655174,9.017241379310349,1631.0932517712033,1713.0707176227752,-81.97746585157188,0.38416658406937965
810,2016,1163,1160,9,8,-1,1,0.7058823529411765,0.65625,0.049632352941176516,32.13559322033898,44.49152542372882,12.355932203389834,1723.3160134850477,1662.5704574174272,60.745556067620555,0.586539863539892
811,2016,1160,1163,8,9,1,0,0.65625,0.7058823529411765,0.049632352941176516,32.13559322033898,44.49152542372882,12.355932203389834,1662.5704574174272,1723.3160134850477,-60.745556067620555,0.41346013646010804
812,2016,1181,1423,4,13,9,1,0.696969696969697,0.7666666666666667,-0.0696969696969697,19.451612903225808,72.52542372881356,53.073810825587756,1838.5631108020364,1659.846048937179,178.71706186485744,0.7366789376834066
813,2016,1423,1181,13,4,-9,0,0.7666666666666667,0.696969696969697,-0.0696969696969697,19.451612903225808,72.52542372881356,53.073810825587756,1659.846048937179,1838.5631108020364,-178.71706186485744,0.26332106231659336
814,2016,1211,1371,11,6,-5,1,0.78125,0.7575757575757576,0.02367424242424243,28.8,23.032258064516128,-5.767741935483873,1817.2543353932315,1759.560170062975,57.69416533025651,0.5822737325625945
815,2016,1371,1211,6,11,5,0,0.7575757575757576,0.78125,0.02367424242424243,28.8,23.032258064516128,-5.767741935483873,1759.560170062975,1817.2543353932315,-57.69416533025651,0.4177262674374055
816,2016,1231,1151,5,12,7,1,0.78125,0.84375,-0.0625,16.725806451612904,77.64406779661017,60.91826134499727,1757.6693975154637,1673.289142155737,84.38025535972679,0.6191004382141425
817,2016,1151,1231,12,5,-7,0,0.84375,0.78125,-0.0625,16.725806451612904,77.64406779661017,60.91826134499727,1673.289142155737,1757.6693975154637,-84.38025535972679,0.3808995617858575
818,2016,1235,1233,4,13,9,1,0.65625,0.6875,-0.03125,22.24590163934426,97.60344827586206,75.35754663651781,1749.3468509093825,1674.8162306546185,74.53062025476402,0.6056426715419343
819,2016,1233,1235,13,4,-9,0,0.6875,0.65625,-0.03125,22.24590163934426,97.60344827586206,75.35754663651781,1674.8162306546185,1749.3468509093825,-74.53062025476402,0.3943573284580657
820,2016,1242,1122,1,16,15,1,0.8787878787878788,0.48484848484848486,0.3939393939393939,1.3387096774193548,208.29310344827587,206.9543937708565,1939.401594542424,1453.8499399621141,485.5516545803098,0.9424082915453608
821,2016,1122,1242,16,1,-15,0,0.48484848484848486,0.8787878787878788,0.3939393939393939,1.3387096774193548,208.29310344827587,206.9543937708565,1453.8499399621141,1939.401594542424,-485.5516545803098,0.057591708454639234
822,2016,1246,1392,4,13,9,1,0.7647058823529411,0.8,-0.03529411764705892,10.64516129032258,86.42372881355932,75.77856752323675,1889.0478421962828,1662.9377266385177,226.11011555776508,0.7861032046812374
823,2016,1392,1246,13,4,-9,0,0.8,0.7647058823529411,-0.03529411764705892,10.64516129032258,86.42372881355932,75.77856752323675,1662.9377266385177,1889.0478421962828,-226.11011555776508,0.2138967953187626
824,2016,1274,1138,3,14,11,1,0.78125,0.5757575757575758,0.2054924242424242,12.306451612903226,122.46551724137932,110.15906562847609,1796.7900056817653,1608.5308883496323,188.25911733213297,0.7471947805587135
825,2016,1138,1274,14,3,-11,0,0.5757575757575758,0.78125,0.2054924242424242,12.306451612903226,122.46551724137932,110.15906562847609,1608.5308883496323,1796.7900056817653,-188.25911733213297,0.25280521944128653
826,2016,1314,1195,1,16,15,1,0.8235294117647058,0.5517241379310345,0.27180527383367137,4.080645161290323,182.6206896551724,178.54004449388208,1901.4832298238364,1510.824377905086,390.6588519187503,0.9045481082797434
827,2016,1195,1314,16,1,-15,0,0.5517241379310345,0.8235294117647058,0.27180527383367137,4.080645161290323,182.6206896551724,178.54004449388208,1510.824377905086,1901.4832298238364,-390.6588519187503,0.09545189172025659
828,2016,1344,1425,9,8,-1,1,0.696969696969697,0.6363636363636364,0.06060606060606066,41.101694915254235,44.87931034482759,3.777615429573352,1728.7647406086135,1614.242498158655,114.52224244995841,0.6590903230583842
829,2016,1425,1344,8,9,1,0,0.6363636363636364,0.696969696969697,0.06060606060606066,41.101694915254235,44.87931034482759,3.777615429573352,1614.242498158655,1728.7647406086135,-114.52224244995841,0.3409096769416158
830,2016,1428,1201,3,14,11,1,0.7575757575757576,0.71875,0.03882575757575757,18.193548387096776,85.65517241379311,67.46162402669634,1798.9476000275595,1672.2765215831864,126.67107844437305,0.6746247200692083
831,2016,1201,1428,14,3,-11,0,0.71875,0.7575757575757576,0.03882575757575757,18.193548387096776,85.65517241379311,67.46162402669634,1672.2765215831864,1798.9476000275595,-126.67107844437305,0.32537527993079174
832,2016,1438,1214,1,16,15,1,0.7878787878787878,0.6666666666666666,0.12121212121212122,4.709677419354839,209.72413793103448,205.01446051167963,1890.9823882491844,1532.8969624559631,358.08542579322125,0.8870849925416837
833,2016,1214,1438,16,1,-15,0,0.6666666666666666,0.7878787878787878,0.12121212121212122,4.709677419354839,209.72413793103448,205.01446051167963,1532.8969624559631,1890.9823882491844,-358.08542579322125,0.11291500745831629
834,2016,1455,1112,11,6,-5,1,0.7419354838709677,0.7575757575757576,-0.01564027370478982,31.203389830508474,16.870967741935484,-14.33242208857299,1774.797623055686,1820.9320100502152,-46.13438699452922,0.43399475911470325
835,2016,1112,1455,6,11,5,0,0.7575757575757576,0.7419354838709677,-0.01564027370478982,31.203389830508474,16.870967741935484,-14.33242208857299,1820.9320100502152,1774.797623055686,46.13438699452922,0.5660052408852967
836,2016,1463,1124,12,5,-7,1,0.7777777777777778,0.65625,0.12152777777777779,60.152542372881356,24.229508196721312,-35.923034176160044,1690.4752064514607,1726.6207723726307,-36.14556592116992,0.4481692085810294
837,2016,1124,1463,5,12,7,0,0.65625,0.7777777777777778,0.12152777777777779,60.152542372881356,24.229508196721312,-35.923034176160044,1726.6207723726307,1690.4752064514607,36.14556592116992,0.5518307914189706
838,2016,1218,1143,13,4,-9,1,0.8333333333333334,0.696969696969697,0.13636363636363635,60.258620689655174,23.114754098360656,-37.14386659129452,1661.7631077642318,1726.2559953744703,-64.49288761023854,0.40823879366673776
839,2016,1143,1218,4,13,9,0,0.696969696969697,0.8333333333333334,0.13636363636363635,60.258620689655174,23.114754098360656,-37.14386659129452,1726.2559953744703,1661.7631077642318,64.49288761023854,0.5917612063332622
840,2016,1234,1396,7,10,3,1,0.6774193548387096,0.65625,0.02116935483870963,25.951612903225808,74.86206896551724,48.91045606229143,1705.886538498878,1691.8456066704512,14.040931828426892,0.5201955318507252
841,2016,1396,1234,10,7,-3,0,0.65625,0.6774193548387096,0.02116935483870963,25.951612903225808,74.86206896551724,48.91045606229143,1691.8456066704512,1705.886538498878,-14.040931828426892,0.4798044681492748
842,2016,1268,1355,5,12,7,1,0.75,0.7741935483870968,-0.024193548387096753,21.516129032258064,72.37288135593221,50.856752323674144,1767.7937202902656,1693.7508556999096,74.04286459035598,0.6049718716953385
843,2016,1355,1268,12,5,-7,0,0.7741935483870968,0.75,-0.024193548387096753,21.516129032258064,72.37288135593221,50.856752323674144,1693.7508556999096,1767.7937202902656,-74.04286459035598,0.3950281283046615
844,2016,1292,1277,15,2,-13,1,0.7096774193548387,0.8529411764705882,-0.14326375711574946,110.1896551724138,3.7903225806451615,-106.39933259176863,1635.2254671221078,1903.3219615228622,-268.0964944007544,0.17605788020095667
845,2016,1277,1292,2,15,13,0,0.8529411764705882,0.7096774193548387,-0.14326375711574946,110.1896551724138,3.7903225806451615,-106.39933259176863,1903.3219615228622,1635.2254671221078,268.0964944007544,0.8239421197990433
846,2016,1320,1400,11,6,-5,1,0.6363636363636364,0.625,0.011363636363636354,75.8103448275862,30.372881355932204,-45.437463471654,1711.1567508454257,1709.7003692218163,1.4563816236093317,0.5020958893593862
847,2016,1400,1320,6,11,5,0,0.625,0.6363636363636364,0.011363636363636354,75.8103448275862,30.372881355932204,-45.437463471654,1709.7003692218163,1711.1567508454257,-1.4563816236093317,0.4979041106406138
848,2016,1323,1276,6,11,5,1,0.65625,0.6363636363636364,0.019886363636363646,35.689655172413794,48.10344827586207,12.413793103448278,1752.1905141769312,1698.4619119573306,53.72860221960059,0.5767111422595548
849,2016,1276,1323,11,6,-5,0,0.6363636363636364,0.65625,0.019886363636363646,35.689655172413794,48.10344827586207,12.413793103448278,1698.4619119573306,1752.1905141769312,-53.72860221960059,0.4232888577404452
850,2016,1328,1167,2,15,13,1,0.78125,0.7241379310344828,0.05711206896551724,8.161290322580646,112.39655172413794,104.2352614015573,1828.3025719975396,1555.7179817019273,272.5845902956123,0.8276585541019168
851,2016,1167,1328,15,2,-13,0,0.7241379310344828,0.78125,0.05711206896551724,8.161290322580646,112.39655172413794,104.2352614015573,1555.7179817019273,1828.3025719975396,-272.5845902956123,0.1723414458980832
852,2016,1332,1221,1,16,15,1,0.8181818181818182,0.42424242424242425,0.393939393939394,9.241935483870968,267.6896551724138,258.4477196885428,1845.7192514945527,1459.9973295576397,385.7219219369131,0.9020659967326654
853,2016,1221,1332,16,1,-15,0,0.42424242424242425,0.8181818181818182,0.393939393939394,9.241935483870968,267.6896551724138,258.4477196885428,1459.9973295576397,1845.7192514945527,-385.7219219369131,0.09793400326733459
854,2016,1372,1452,14,3,-11,1,0.8214285714285714,0.7647058823529411,0.05672268907563027,62.44827586206897,8.048387096774194,-54.399888765294776,1751.222907840397,1808.6381514373354,-57.41524359693835,0.4181168513191083
855,2016,1452,1372,3,14,11,0,0.7647058823529411,0.8214285714285714,0.05672268907563027,62.44827586206897,8.048387096774194,-54.399888765294776,1808.6381514373354,1751.222907840397,57.41524359693835,0.5818831486808917
856,2016,1386,1153,8,9,1,1,0.7941176470588235,0.6875,0.10661764705882348,34.516666666666666,38.220338983050844,3.7036723163841785,1717.6760020256859,1698.2709122522976,19.405089773388227,0.5278971668041305
857,2016,1153,1386,9,8,-1,0,0.6875,0.7941176470588235,0.10661764705882348,34.516666666666666,38.220338983050844,3.7036723163841785,1698.2709122522976,1717.6760020256859,-19.405089773388227,0.47210283319586954
858,2016,1393,1173,10,7,-3,1,0.59375,0.78125,-0.1875,50.258620689655174,38.71666666666667,-11.541954022988506,1661.9345051828095,1738.4250668443296,-76.49056166152013,0.391665897514633
859,2016,1173,1393,7,10,3,0,0.78125,0.59375,-0.1875,50.258620689655174,38.71666666666667,-11.541954022988506,1738.4250668443296,1661.9345051828095,76.49056166152013,0.608334102485367
860,2016,1401,1453,3,14,11,1,0.7647058823529411,0.6363636363636364,0.12834224598930477,16.725806451612904,120.0,103.2741935483871,1743.257247149492,1630.0687911645095,113.18845598498251,0.6573630741089656
861,2016,1453,1401,14,3,-11,0,0.6363636363636364,0.7647058823529411,0.12834224598930477,16.725806451612904,120.0,103.2741935483871,1630.0687911645095,1743.257247149492,-113.18845598498251,0.34263692589103445
862,2016,1433,1333,10,7,-3,1,0.7058823529411765,0.6,0.10588235294117654,40.152542372881356,55.0,14.847457627118644,1721.5692737702793,1636.182563583218,85.38671018706123,0.6204657152500428
863,2016,1333,1433,7,10,3,0,0.6,0.7058823529411765,0.10588235294117654,40.152542372881356,55.0,14.847457627118644,1636.182563583218,1721.5692737702793,-85.38671018706123,0.3795342847499572
864,2016,1437,1421,2,15,13,1,0.8529411764705882,0.6451612903225806,0.20777988614800758,4.419354838709677,128.93103448275863,124.51167964404895,1921.9523244016434,1515.9379817191514,406.01434268249204,0.9119119400047755
865,2016,1421,1437,15,2,-13,0,0.6451612903225806,0.8529411764705882,0.20777988614800758,4.419354838709677,128.93103448275863,124.51167964404895,1515.9379817191514,1921.9523244016434,-406.01434268249204,0.08808805999522451
866,2016,1458,1338,7,10,3,1,0.625,0.6451612903225806,-0.020161290322580627,38.98275862068966,39.01724137931034,0.034482758620683285,1790.405495370031,1672.7455240920829,117.65997127794822,0.6631369897094872
867,2016,1338,1458,10,7,-3,0,0.6451612903225806,0.625,-0.020161290322580627,38.98275862068966,39.01724137931034,0.034482758620683285,1672.7455240920829,1790.405495370031,-117.65997127794822,0.3368630102905128
868,2016,1462,1451,2,15,13,1,0.84375,0.7419354838709677,0.10181451612903225,10.758064516129032,126.27586206896552,115.5177975528365,1816.8524788799957,1587.6367656427183,229.21571323727744,0.7890937995636494
869,2016,1451,1462,15,2,-13,0,0.7419354838709677,0.84375,0.10181451612903225,10.758064516129032,126.27586206896552,115.5177975528365,1587.6367656427183,1816.8524788799957,-229.21571323727744,0.21090620043635055
870,2016,1181,1463,4,12,8,1,0.696969696969697,0.7777777777777778,-0.08080808080808077,19.451612903225808,60.152542372881356,40.70092946965555,1846.4627426715342,1707.0301301940299,139.43261247750434,0.6905386281378876
871,2016,1463,1181,12,4,-8,0,0.7777777777777778,0.696969696969697,-0.08080808080808077,19.451612903225808,60.152542372881356,40.70092946965555,1707.0301301940299,1846.4627426715342,-139.43261247750434,0.3094613718621124
872,2016,1211,1428,11,3,-8,1,0.78125,0.7575757575757576,0.02367424242424243,28.8,18.193548387096776,-10.606451612903225,1829.7861234163536,1808.7088584254832,21.07726499087039,0.5302954665355001
873,2016,1428,1211,3,11,8,0,0.7575757575757576,0.78125,0.02367424242424243,28.8,18.193548387096776,-10.606451612903225,1808.7088584254832,1829.7861234163536,-21.07726499087039,0.4697045334644999
874,2016,1231,1246,5,4,-1,1,0.78125,0.7647058823529411,0.016544117647058876,16.725806451612904,10.64516129032258,-6.080645161290324,1769.0963843690395,1895.4647460558456,-126.36836168680611,0.32575790289396034
875,2016,1246,1231,4,5,1,0,0.7647058823529411,0.78125,0.016544117647058876,16.725806451612904,10.64516129032258,-6.080645161290324,1895.4647460558456,1769.0963843690395,126.36836168680611,0.6742420971060397
876,2016,1235,1114,4,12,8,1,0.65625,0.8709677419354839,-0.21471774193548387,22.24590163934426,55.45762711864407,33.21172547929981,1761.1775707631245,1670.2247439331288,90.95282682999573,0.6279813679680335
877,2016,1114,1235,12,4,-8,0,0.8709677419354839,0.65625,-0.21471774193548387,22.24590163934426,55.45762711864407,33.21172547929981,1670.2247439331288,1761.1775707631245,-90.95282682999573,0.3720186320319665
878,2016,1242,1163,1,9,8,1,0.8787878787878788,0.7058823529411765,0.17290552584670227,1.3387096774193548,32.13559322033898,30.796883542919627,1941.129345796063,1735.719817578851,205.40952821721203,0.7653848548475937
879,2016,1163,1242,9,1,-8,0,0.7058823529411765,0.8787878787878788,0.17290552584670227,1.3387096774193548,32.13559322033898,30.796883542919627,1735.719817578851,1941.129345796063,-205.40952821721203,0.23461514515240633
880,2016,1274,1455,3,11,8,1,0.78125,0.7419354838709677,0.03931451612903225,12.306451612903226,31.203389830508474,18.896938217605246,1804.3741622650039,1791.777780282245,12.596381982758885,0.5181197124242984
881,2016,1455,1274,11,3,-8,0,0.7419354838709677,0.78125,0.03931451612903225,12.306451612903226,31.203389830508474,18.896938217605246,1791.777780282245,1804.3741622650039,-12.596381982758885,0.48188028757570156
882,2016,1314,1344,1,9,8,1,0.8235294117647058,0.696969696969697,0.12655971479500883,4.080645161290323,41.101694915254235,37.021049753963915,1904.3467865754442,1738.992030916862,165.35475565858223,0.7214887814546895
883,2016,1344,1314,9,1,-8,0,0.696969696969697,0.8235294117647058,0.12655971479500883,4.080645161290323,41.101694915254235,37.021049753963915,1738.992030916862,1904.3467865754442,-165.35475565858223,0.27851121854531047
884,2016,1438,1139,1,9,8,1,0.7878787878787878,0.6774193548387096,0.11045943304007821,4.709677419354839,34.241379310344826,29.531701890989986,1894.369838472934,1724.5957151448565,169.7741233280774,0.7265718338306022
885,2016,1139,1438,9,1,-8,0,0.6774193548387096,0.7878787878787878,0.11045943304007821,4.709677419354839,34.241379310344826,29.531701890989986,1724.5957151448565,1894.369838472934,-169.7741233280774,0.2734281661693978
886,2016,1268,1218,5,13,8,1,0.75,0.8333333333333334,-0.08333333333333337,21.516129032258064,60.258620689655174,38.74249165739711,1779.6445641394055,1679.5159439542297,100.1286201851758,0.6402355561679625
887,2016,1218,1268,13,5,-8,0,0.8333333333333334,0.75,-0.08333333333333337,21.516129032258064,60.258620689655174,38.74249165739711,1679.5159439542297,1779.6445641394055,-100.1286201851758,0.35976444383203754
888,2016,1323,1372,6,14,8,1,0.65625,0.8214285714285714,-0.1651785714285714,35.689655172413794,62.44827586206897,26.758620689655174,1764.8891799091446,1768.6794023008238,-3.790222391679208,0.49454564788472066
889,2016,1372,1323,14,6,-8,0,0.8214285714285714,0.65625,-0.1651785714285714,35.689655172413794,62.44827586206897,26.758620689655174,1768.6794023008238,1764.8891799091446,3.790222391679208,0.5054543521152793
890,2016,1328,1433,2,10,8,1,0.78125,0.7058823529411765,0.07536764705882348,8.161290322580646,40.152542372881356,31.99125205030071,1833.4728153744823,1732.955302312778,100.51751306170422,0.6407510306994291
891,2016,1433,1328,10,2,-8,0,0.7058823529411765,0.78125,0.07536764705882348,8.161290322580646,40.152542372881356,31.99125205030071,1732.955302312778,1833.4728153744823,-100.51751306170422,0.35924896930057093
892,2016,1332,1386,1,8,7,1,0.8181818181818182,0.7941176470588235,0.02406417112299475,9.241935483870968,34.516666666666666,25.274731182795698,1848.6572715925727,1731.839087021562,116.81818457101076,0.6620536692603226
893,2016,1386,1332,8,1,-7,0,0.7941176470588235,0.8181818181818182,0.02406417112299475,9.241935483870968,34.516666666666666,25.274731182795698,1731.839087021562,1848.6572715925727,-116.81818457101076,0.3379463307396774
894,2016,1393,1292,10,15,5,1,0.59375,0.7096774193548387,-0.11592741935483875,50.258620689655174,110.1896551724138,59.93103448275862,1680.1845282573706,1659.9437307160792,20.240797541291386,0.529095939813049
895,2016,1292,1393,15,10,-5,0,0.7096774193548387,0.59375,-0.11592741935483875,50.258620689655174,110.1896551724138,59.93103448275862,1659.9437307160792,1680.1845282573706,-20.240797541291386,0.47090406018695097
896,2016,1401,1320,3,11,8,1,0.7647058823529411,0.6363636363636364,0.12834224598930477,16.725806451612904,75.8103448275862,59.0845383759733,1753.536354926223,1726.0938741646441,27.442480761578963,0.5394109799931298
897,2016,1320,1401,11,3,-8,0,0.6363636363636364,0.7647058823529411,0.12834224598930477,16.725806451612904,75.8103448275862,59.0845383759733,1726.0938741646441,1753.536354926223,-27.442480761578963,0.4605890200068702
898,2016,1437,1234,2,7,5,1,0.8529411764705882,0.6774193548387096,0.17552182163187857,4.419354838709677,25.951612903225808,21.53225806451613,1924.5949662015003,1720.2806725433563,204.31429365814392,0.7642508248080695
899,2016,1234,1437,7,2,-5,0,0.6774193548387096,0.8529411764705882,0.17552182163187857,4.419354838709677,25.951612903225808,21.53225806451613,1720.2806725433563,1924.5949662015003,-204.31429365814392,0.2357491751919305
900,2016,1458,1462,7,2,-5,1,0.625,0.84375,-0.21875,38.98275862068966,10.758064516129032,-28.224694104560626,1800.5113856787464,1823.1796648930863,-22.66827921433992,0.46742393458610226
901,2016,1462,1458,2,7,5,0,0.84375,0.625,-0.21875,38.98275862068966,10.758064516129032,-28.224694104560626,1823.1796648930863,1800.5113856787464,22.66827921433992,0.5325760654138978
902,2016,1242,1268,1,5,4,1,0.8787878787878788,0.75,0.12878787878787878,1.3387096774193548,21.516129032258064,20.177419354838708,1948.1678001506352,1790.4374974543666,157.7303026962686,0.7125842975772503
903,2016,1268,1242,5,1,-4,0,0.75,0.8787878787878788,0.12878787878787878,1.3387096774193548,21.516129032258064,20.177419354838708,1790.4374974543666,1948.1678001506352,-157.7303026962686,0.2874157024227497
904,2016,1328,1401,2,3,1,1,0.78125,0.7647058823529411,0.016544117647058876,8.161290322580646,16.725806451612904,8.564516129032258,1844.2502844534995,1767.3540255264293,76.89625892707022,0.6088903981040764
905,2016,1401,1328,3,2,-1,0,0.7647058823529411,0.78125,0.016544117647058876,8.161290322580646,16.725806451612904,8.564516129032258,1767.3540255264293,1844.2502844534995,-76.89625892707022,0.3911096018959236
906,2016,1332,1181,1,4,3,1,0.8181818181818182,0.696969696969697,0.12121212121212122,9.241935483870968,19.451612903225808,10.20967741935484,1858.795661514763,1855.7465838273977,3.0490776873652976,0.5043878628723796
907,2016,1181,1332,4,1,-3,0,0.696969696969697,0.8181818181818182,0.12121212121212122,9.241935483870968,19.451612903225808,10.20967741935484,1855.7465838273977,1858.795661514763,-3.0490776873652976,0.4956121371276204
908,2016,1437,1274,2,3,1,1,0.8529411764705882,0.78125,0.0716911764705882,4.419354838709677,12.306451612903226,7.887096774193549,1931.667441457258,1818.8305708922749,112.8368705649832,0.6569070747687614
909,2016,1274,1437,3,2,-1,0,0.78125,0.8529411764705882,0.0716911764705882,4.419354838709677,12.306451612903226,7.887096774193549,1818.8305708922749,1931.667441457258,-112.8368705649832,0.3430929252312386
910,2016,1314,1231,1,5,4,1,0.8235294117647058,0.78125,0.04227941176470584,4.080645161290323,16.725806451612904,12.64516129032258,1912.7021231318035,1789.3236472822207,123.37847584958286,0.6704505649589511
911,2016,1231,1314,5,1,-4,0,0.78125,0.8235294117647058,0.04227941176470584,4.080645161290323,16.725806451612904,12.64516129032258,1789.3236472822207,1912.7021231318035,-123.37847584958286,0.32954943504104894
912,2016,1323,1458,6,7,1,1,0.65625,0.625,0.03125,35.689655172413794,38.98275862068966,3.2931034482758648,1780.052810472603,1816.4886676411634,-36.43585716856046,0.4477559709441154
913,2016,1458,1323,7,6,-1,0,0.625,0.65625,0.03125,35.689655172413794,38.98275862068966,3.2931034482758648,1816.4886676411634,1780.052810472603,36.43585716856046,0.5522440290558845
914,2016,1393,1211,10,11,1,1,0.59375,0.78125,-0.1875,50.258620689655174,28.8,-21.458620689655174,1694.3116500629792,1843.8772594202885,-149.5656093573093,0.29713696355534175
915,2016,1211,1393,11,10,-1,0,0.78125,0.59375,-0.1875,50.258620689655174,28.8,-21.458620689655174,1843.8772594202885,1694.3116500629792,149.5656093573093,0.7028630364446582
916,2016,1438,1235,1,4,3,1,0.7878787878787878,0.65625,0.13162878787878785,4.709677419354839,22.24590163934426,17.53622421998942,1902.572683458016,1772.3381297240835,130.23455373393244,0.6791112253481797
917,2016,1235,1438,4,1,-3,0,0.65625,0.7878787878787878,0.13162878787878785,4.709677419354839,22.24590163934426,17.53622421998942,1772.3381297240835,1902.572683458016,-130.23455373393244,0.3208887746518203
918,2016,1328,1332,2,1,-1,1,0.78125,0.8181818181818182,-0.03693181818181823,8.161290322580646,9.241935483870968,1.080645161290322,1855.9835725103771,1873.6640256285916,-17.680453118214473,0.4745777236320489
919,2016,1332,1328,1,2,1,0,0.8181818181818182,0.78125,-0.03693181818181823,8.161290322580646,9.241935483870968,1.080645161290322,1873.6640256285916,1855.9835725103771,17.680453118214473,0.525422276367951
920,2016,1437,1242,2,1,-1,1,0.8529411764705882,0.8787878787878788,-0.025846702317290582,4.419354838709677,1.3387096774193548,-3.080645161290322,1941.9602292141951,1956.7902712233176,-14.830042009122508,0.47867080595663997
921,2016,1242,1437,1,2,1,0,0.8787878787878788,0.8529411764705882,-0.025846702317290582,4.419354838709677,1.3387096774193548,-3.080645161290322,1956.7902712233176,1941.9602292141951,14.830042009122508,0.52132919404336
922,2016,1314,1323,1,6,5,1,0.8235294117647058,0.65625,0.16727941176470584,4.080645161290323,35.689655172413794,31.60901001112347,1922.588606183035,1796.6201313442793,125.96847483875558,0.6737362984404061
923,2016,1323,1314,6,1,-5,0,0.65625,0.8235294117647058,0.16727941176470584,4.080645161290323,35.689655172413794,31.60901001112347,1796.6201313442793,1922.588606183035,-125.96847483875558,0.32626370155959394
924,2016,1393,1438,10,1,-9,1,0.59375,0.7878787878787878,-0.19412878787878785,50.258620689655174,4.709677419354839,-45.548943270300335,1715.397541156319,1912.1993466975705,-196.8018055412515,0.24362958247062877
925,2016,1438,1393,1,10,9,0,0.7878787878787878,0.59375,-0.19412878787878785,50.258620689655174,4.709677419354839,-45.548943270300335,1912.1993466975705,1715.397541156319,196.8018055412515,0.7563704175293713
926,2016,1314,1393,1,10,9,1,0.8235294117647058,0.59375,0.22977941176470584,4.080645161290323,50.258620689655174,46.177975528364854,1932.3765172298226,1738.0886536822002,194.28786354762246,0.7536938257145103
927,2016,1393,1314,10,1,-9,0,0.59375,0.8235294117647058,0.22977941176470584,4.080645161290323,50.258620689655174,46.177975528364854,1738.0886536822002,1932.3765172298226,-194.28786354762246,0.24630617428548973
928,2016,1437,1328,2,2,0,1,0.8529411764705882,0.78125,0.0716911764705882,4.419354838709677,8.161290322580646,3.741935483870969,1957.600105035496,1871.7462408014158,85.85386423408022,0.6210987735196369
929,2016,1328,1437,2,2,0,0,0.78125,0.8529411764705882,0.0716911764705882,4.419354838709677,8.161290322580646,3.741935483870969,1871.7462408014158,1957.600105035496,-85.85386423408022,0.37890122648036306
930,2016,1437,1314,2,1,-1,1,0.8529411764705882,0.8235294117647058,0.02941176470588236,4.419354838709677,4.080645161290323,-0.3387096774193541,1968.967141829907,1939.7657024583873,29.201439371519655,0.5419255729834566
931,2016,1314,1437,1,2,1,0,0.8235294117647058,0.8529411764705882,0.02941176470588236,4.419354838709677,4.080645161290323,-0.3387096774193541,1939.7657024583873,1968.967141829907,-29.201439371519655,0.45807442701654344
932,2017,1243,1448,11,11,0,1,0.6060606060606061,0.59375,0.012310606060606077,40.22222222222222,39.15277777777778,-1.0694444444444429,1649.0749972919257,1644.0345666747035,5.040430617222228,0.5072532538980724
933,2017,1448,1243,11,11,0,0,0.59375,0.6060606060606061,0.012310606060606077,40.22222222222222,39.15277777777778,-1.0694444444444429,1644.0345666747035,1649.0749972919257,-5.040430617222228,0.4927467461019276
934,2017,1291,1309,16,16,0,1,0.5588235294117647,0.6071428571428571,-0.048319327731092376,197.93055555555554,176.90277777777777,-21.02777777777777,1487.275292466099,1471.7220331507567,15.553259315342302,0.5223679996963791
935,2017,1309,1291,16,16,0,0,0.6071428571428571,0.5588235294117647,-0.048319327731092376,197.93055555555554,176.90277777777777,-21.02777777777777,1471.7220331507567,1487.275292466099,-15.553259315342302,0.47763200030362085
936,2017,1413,1300,16,16,0,1,0.625,0.7333333333333333,-0.10833333333333328,190.48611111111111,164.79166666666666,-25.694444444444457,1538.1799419043953,1515.6098842148838,22.570057689511486,0.5324353106998875
937,2017,1300,1413,16,16,0,0,0.7333333333333333,0.625,-0.10833333333333328,190.48611111111111,164.79166666666666,-25.694444444444457,1515.6098842148838,1538.1799419043953,-22.570057689511486,0.4675646893001125
938,2017,1425,1344,11,11,0,1,0.7272727272727273,0.625,0.10227272727272729,50.06849315068493,53.27777777777778,3.209284627092849,1678.3372147088799,1705.3428347062747,-27.005619997394888,0.46121386877449033
939,2017,1344,1425,11,11,0,0,0.625,0.7272727272727273,0.10227272727272729,50.06849315068493,53.27777777777778,3.209284627092849,1705.3428347062747,1678.3372147088799,27.005619997394888,0.5387861312255097
940,2017,1112,1315,2,15,13,1,0.8823529411764706,0.6785714285714286,0.20378151260504196,11.706666666666667,149.56944444444446,137.86277777777778,1888.0407428606918,1547.9742816439248,340.06646121676704,0.8762708044984735
941,2017,1315,1112,15,2,-13,0,0.6785714285714286,0.8823529411764706,0.20378151260504196,11.706666666666667,149.56944444444446,137.86277777777778,1547.9742816439248,1888.0407428606918,-340.06646121676704,0.1237291955015265
942,2017,1139,1457,4,13,9,1,0.7419354838709677,0.8,-0.058064516129032295,21.826666666666668,93.11111111111111,71.28444444444445,1764.8824192475338,1635.347127095203,129.53529215233084,0.6782334094549592
943,2017,1457,1139,13,4,-9,0,0.8,0.7419354838709677,-0.058064516129032295,21.826666666666668,93.11111111111111,71.28444444444445,1635.347127095203,1764.8824192475338,-129.53529215233084,0.32176659054504075
944,2017,1196,1190,4,13,9,1,0.75,0.78125,-0.03125,11.946666666666667,65.02777777777777,53.081111111111106,1773.6914412322515,1668.9241810701594,104.76726016209204,0.6463626631987575
945,2017,1190,1196,13,4,-9,0,0.78125,0.75,-0.03125,11.946666666666667,65.02777777777777,53.081111111111106,1668.9241810701594,1773.6914412322515,-104.76726016209204,0.35363733680124254
946,2017,1199,1195,3,14,11,1,0.7575757575757576,0.7666666666666667,-0.00909090909090915,16.88,94.27777777777777,77.39777777777778,1757.0777799886428,1613.3147391486568,143.76304083998593,0.6958401517072509
947,2017,1195,1199,14,3,-11,0,0.7666666666666667,0.7575757575757576,-0.00909090909090915,16.88,94.27777777777777,77.39777777777778,1613.3147391486568,1757.0777799886428,-143.76304083998593,0.3041598482927491
948,2017,1211,1355,1,16,15,1,0.9696969696969697,0.5,0.4696969696969697,2.013333333333333,174.38888888888889,172.37555555555556,1907.5699461081292,1589.8447004216848,317.7252456864444,0.8616394003413834
949,2017,1355,1211,16,1,-15,0,0.5,0.9696969696969697,0.4696969696969697,2.013333333333333,174.38888888888889,172.37555555555556,1589.8447004216848,1907.5699461081292,-317.7252456864444,0.13836059965861658
950,2017,1235,1305,5,12,7,1,0.696969696969697,0.8235294117647058,-0.12655971479500883,19.95945945945946,44.791666666666664,24.832207207207205,1792.7313263510973,1735.653901046623,57.07742530447422,0.5814099523876849
951,2017,1305,1235,12,5,-7,0,0.8235294117647058,0.696969696969697,-0.12655971479500883,19.95945945945946,44.791666666666664,24.832207207207205,1735.653901046623,1792.7313263510973,-57.07742530447422,0.4185900476123151
952,2017,1292,1278,12,5,-7,1,0.8787878787878788,0.7272727272727273,0.1515151515151515,42.534246575342465,30.125,-12.409246575342465,1755.4751628231418,1671.645564356591,83.8295984665508,0.6183526614125946
953,2017,1278,1292,5,12,7,0,0.7272727272727273,0.8787878787878788,0.1515151515151515,42.534246575342465,30.125,-12.409246575342465,1671.645564356591,1755.4751628231418,-83.8295984665508,0.3816473385874054
954,2017,1321,1435,8,9,1,1,0.6764705882352942,0.5588235294117647,0.11764705882352944,40.611111111111114,42.05555555555556,1.4444444444444429,1668.5484773872302,1679.238471077168,-10.689993689937864,0.4846207152438064
955,2017,1435,1321,9,8,-1,0,0.5588235294117647,0.6764705882352942,0.11764705882352944,40.611111111111114,42.05555555555556,1.4444444444444429,1679.238471077168,1668.5484773872302,10.689993689937864,0.5153792847561935
956,2017,1323,1343,5,12,7,1,0.7352941176470589,0.7857142857142857,-0.05042016806722682,20.506666666666668,63.06944444444444,42.562777777777775,1800.2681996316849,1727.5120554332543,72.75614419843055,0.6032003808902671
957,2017,1343,1323,12,5,-7,0,0.7857142857142857,0.7352941176470589,-0.05042016806722682,20.506666666666668,63.06944444444444,42.562777777777775,1727.5120554332543,1800.2681996316849,-72.75614419843055,0.39679961910973294
958,2017,1345,1436,4,13,9,1,0.78125,0.8484848484848485,-0.06723484848484851,15.24,56.888888888888886,41.648888888888884,1803.7168855478922,1719.345550943087,84.37133460480527,0.6190883285653969
959,2017,1436,1345,13,4,-9,0,0.8484848484848485,0.78125,-0.06723484848484851,15.24,56.888888888888886,41.648888888888884,1719.345550943087,1803.7168855478922,-84.37133460480527,0.38091167143460314
960,2017,1388,1433,7,10,3,1,0.875,0.7647058823529411,0.11029411764705888,19.133333333333333,41.708333333333336,22.575000000000003,1795.2329895971093,1742.7566162090743,52.47637338803497,0.5749504927515056
961,2017,1433,1388,10,7,-3,0,0.7647058823529411,0.875,0.11029411764705888,19.133333333333333,41.708333333333336,22.575000000000003,1742.7566162090743,1795.2329895971093,-52.47637338803497,0.42504950724849444
962,2017,1437,1291,1,16,15,1,0.9117647058823529,0.5588235294117647,0.3529411764705882,1.8133333333333332,197.93055555555554,196.1172222222222,1996.9915841680097,1501.6042524752077,495.38733169280204,0.9454053927526136
963,2017,1291,1437,16,1,-15,0,0.5588235294117647,0.9117647058823529,0.3529411764705882,1.8133333333333332,197.93055555555554,196.1172222222222,1501.6042524752077,1996.9915841680097,-495.38733169280204,0.054594607247386406
964,2017,1438,1423,5,12,7,1,0.6875,0.84375,-0.15625,15.31081081081081,50.861111111111114,35.55030030030031,1828.9983403349436,1739.400186147518,89.59815418742551,0.6261577538183047
965,2017,1423,1438,12,5,-7,0,0.84375,0.6875,-0.15625,15.31081081081081,50.861111111111114,35.55030030030031,1739.400186147518,1828.9983403349436,-89.59815418742551,0.37384224618169526
966,2017,1452,1137,4,13,9,1,0.7647058823529411,0.7647058823529411,0.0,11.68,76.52777777777777,64.84777777777776,1809.4116634464829,1623.3439419641875,186.06772148229538,0.7448045103935507
967,2017,1137,1452,13,4,-9,0,0.7647058823529411,0.7647058823529411,0.0,11.68,76.52777777777777,64.84777777777776,1623.3439419641875,1809.4116634464829,-186.06772148229538,0.25519548960644933
968,2017,1458,1439,8,9,1,1,0.7352941176470589,0.6875,0.047794117647058876,23.14666666666667,40.625,17.47833333333333,1760.4009843387219,1706.358354648806,54.042629689915884,0.5771523652963017
969,2017,1439,1458,9,8,-1,0,0.6875,0.7352941176470589,0.047794117647058876,23.14666666666667,40.625,17.47833333333333,1706.358354648806,1760.4009843387219,-54.042629689915884,0.42284763470369835
970,2017,1462,1268,11,6,-5,1,0.6176470588235294,0.7419354838709677,-0.12428842504743831,41.875,38.16438356164384,-3.710616438356162,1714.1140624238924,1730.292101900475,-16.178039476582626,0.4767347419634203
971,2017,1268,1462,6,11,5,0,0.7419354838709677,0.6176470588235294,-0.12428842504743831,41.875,38.16438356164384,-3.710616438356162,1730.292101900475,1714.1140624238924,16.178039476582626,0.5232652580365798
972,2017,1116,1371,8,9,1,1,0.7352941176470589,0.65625,0.07904411764705888,35.416666666666664,44.55555555555556,9.138888888888893,1722.9045570796038,1745.5924653716168,-22.687908292012935,0.4673958060854405
973,2017,1371,1116,9,8,-1,0,0.65625,0.7352941176470589,0.07904411764705888,35.416666666666664,44.55555555555556,9.138888888888893,1745.5924653716168,1722.9045570796038,22.687908292012935,0.5326041939145595
974,2017,1124,1308,3,14,11,1,0.7741935483870968,0.8333333333333334,-0.05913978494623662,14.346666666666666,78.94444444444444,64.59777777777778,1784.1310896116083,1658.905493282021,125.22559632958723,0.6727955915667266
975,2017,1308,1124,14,3,-11,0,0.8333333333333334,0.7741935483870968,-0.05913978494623662,14.346666666666666,78.94444444444444,64.59777777777778,1658.905493282021,1784.1310896116083,-125.22559632958723,0.32720440843327336
976,2017,1153,1243,6,11,5,1,0.8529411764705882,0.6060606060606061,0.24688057040998213,18.933333333333334,40.22222222222222,21.288888888888888,1786.215853395068,1663.8573996749835,122.35845372008453,0.6691519325086723
977,2017,1243,1153,11,6,-5,0,0.6060606060606061,0.8529411764705882,0.24688057040998213,18.933333333333334,40.22222222222222,21.288888888888888,1663.8573996749835,1786.215853395068,-122.35845372008453,0.33084806749132767
978,2017,1181,1407,2,15,13,1,0.7714285714285715,0.5882352941176471,0.18319327731092439,8.56,136.375,127.815,1889.6263234938983,1518.1424029168002,371.48392057709816,0.8945829594521448
979,2017,1407,1181,15,2,-13,0,0.5882352941176471,0.7714285714285715,0.18319327731092439,8.56,136.375,127.815,1518.1424029168002,1889.6263234938983,-371.48392057709816,0.10541704054785517
980,2017,1242,1413,1,16,15,1,0.875,0.625,0.25,6.04,190.48611111111111,184.44611111111112,1952.9396770502474,1552.2068825833987,400.73279446684865,0.9094389281773244
981,2017,1413,1242,16,1,-15,0,0.625,0.875,0.25,6.04,190.48611111111111,184.44611111111112,1552.2068825833987,1952.9396770502474,-400.73279446684865,0.09056107182267559
982,2017,1246,1297,2,15,13,1,0.8529411764705882,0.6875,0.1654411764705882,4.8133333333333335,128.31944444444446,123.50611111111112,1921.8386891805173,1568.3911432381615,353.4475459423559,0.8843830412708521
983,2017,1297,1246,15,2,-13,0,0.6875,0.8529411764705882,0.1654411764705882,4.8133333333333335,128.31944444444446,123.50611111111112,1568.3911432381615,1921.8386891805173,-353.4475459423559,0.1156169587291479
984,2017,1257,1240,2,15,13,1,0.75,0.5625,0.1875,9.573333333333334,171.43055555555554,161.85722222222222,1844.9022115723876,1482.6558568852104,362.24635468717725,0.8894620204912235
985,2017,1240,1257,15,2,-13,0,0.5625,0.75,0.1875,9.573333333333334,171.43055555555554,161.85722222222222,1482.6558568852104,1844.9022115723876,-362.24635468717725,0.11053797950877653
986,2017,1276,1329,7,10,3,1,0.6857142857142857,0.6129032258064516,0.0728110599078341,23.243243243243242,29.76388888888889,6.520645645645647,1755.4911951299534,1665.1075159439363,90.38367918601716,0.6272156411810305
987,2017,1329,1276,10,7,-3,0,0.6129032258064516,0.6857142857142857,0.0728110599078341,23.243243243243242,29.76388888888889,6.520645645645647,1665.1075159439363,1755.4911951299534,-90.38367918601716,0.37278435881896954
988,2017,1277,1274,9,8,-1,1,0.5757575757575758,0.65625,-0.0804924242424242,46.236111111111114,34.138888888888886,-12.097222222222229,1702.5649491750908,1763.201466636776,-60.636517461685344,0.41361236312830857
989,2017,1274,1277,8,9,1,0,0.65625,0.5757575757575758,-0.0804924242424242,46.236111111111114,34.138888888888886,-12.097222222222229,1763.201466636776,1702.5649491750908,60.636517461685344,0.5863876368716914
990,2017,1314,1411,1,16,15,1,0.7878787878787878,0.6764705882352942,0.11140819964349369,5.426666666666667,179.25,173.82333333333332,1910.0910332518326,1578.876191106635,331.21484214519774,0.8706396099909911
991,2017,1411,1314,16,1,-15,0,0.6764705882352942,0.7878787878787878,0.11140819964349369,5.426666666666667,179.25,173.82333333333332,1578.876191106635,1910.0910332518326,-331.21484214519774,0.1293603900090089
992,2017,1332,1233,3,14,11,1,0.8484848484848485,0.6470588235294118,0.2014260249554367,11.946666666666667,114.38888888888889,102.44222222222221,1868.703985296541,1616.1990164337417,252.5049688627994,0.8105419458538021
993,2017,1233,1332,14,3,-11,0,0.6470588235294118,0.8484848484848485,0.2014260249554367,11.946666666666667,114.38888888888889,102.44222222222221,1616.1990164337417,1868.703985296541,-252.5049688627994,0.18945805414619787
994,2017,1348,1166,11,6,-5,1,0.7272727272727273,0.7272727272727273,0.0,39.916666666666664,25.875,-14.041666666666664,1721.9367274940973,1722.6296716748823,-0.6929441807849344,0.4990027744841742
995,2017,1166,1348,6,11,5,0,0.7272727272727273,0.7272727272727273,0.0,39.916666666666664,25.875,-14.041666666666664,1722.6296716748823,1721.9367274940973,0.6929441807849344,0.5009972255158258
996,2017,1376,1266,7,10,3,1,0.6774193548387096,0.6129032258064516,0.06451612903225801,38.09722222222222,38.791666666666664,0.6944444444444429,1662.6289555997687,1662.8025776092484,-0.1736220094796863,0.4997501378640216
997,2017,1266,1376,10,7,-3,0,0.6129032258064516,0.6774193548387096,0.06451612903225801,38.09722222222222,38.791666666666664,0.6944444444444429,1662.8025776092484,1662.6289555997687,0.1736220094796863,0.5002498621359783
998,2017,1417,1245,3,14,11,1,0.8787878787878788,0.6176470588235294,0.26114081996434935,12.133333333333333,130.43055555555554,118.29722222222222,1804.7707268594584,1601.9490402010147,202.8216866584437,0.7626992533955377
999,2017,1245,1417,14,3,-11,0,0.6176470588235294,0.8787878787878788,0.26114081996434935,12.133333333333333,130.43055555555554,118.29722222222222,1601.9490402010147,1804.7707268594584,-202.8216866584437,0.23730074660446232
1000,2017,1425,1374,11,6,-5,1,0.7272727272727273,0.8823529411764706,-0.15508021390374327,50.06849315068493,13.266666666666667,-36.801826484018264,1694.500798645645,1853.5352801046938,-159.03448145904872,0.285880573137175
1001,2017,1374,1425,6,11,5,0,0.8823529411764706,0.7272727272727273,-0.15508021390374327,50.06849315068493,13.266666666666667,-36.801826484018264,1853.5352801046938,1694.500798645645,159.03448145904872,0.714119426862825
1002,2017,1455,1173,10,7,-3,1,0.8787878787878788,0.7666666666666667,0.11212121212121207,17.253333333333334,38.486111111111114,21.23277777777778,1826.9392251147667,1732.2848606801304,94.65436443463636,0.6329455788130594
1003,2017,1173,1455,7,10,3,0,0.7666666666666667,0.8787878787878788,0.11212121212121207,17.253333333333334,38.486111111111114,21.23277777777778,1732.2848606801304,1826.9392251147667,-94.65436443463636,0.36705442118694065
1004,2017,1112,1388,2,7,5,1,0.8823529411764706,0.875,0.007352941176470562,11.706666666666667,19.133333333333333,7.426666666666666,1891.7526187257376,1807.984474814564,83.76814391117364,0.6182691729565056
1005,2017,1388,1112,7,2,-5,0,0.875,0.8823529411764706,0.007352941176470562,11.706666666666667,19.133333333333333,7.426666666666666,1807.984474814564,1891.7526187257376,-83.76814391117364,0.38173082704349437
1006,2017,1139,1292,4,12,8,1,0.7419354838709677,0.8787878787878788,-0.13685239491691104,21.826666666666668,42.534246575342465,20.707579908675797,1774.535416963885,1766.924582980764,7.610833983120983,0.5109511189293506
1007,2017,1292,1139,12,4,-8,0,0.8787878787878788,0.7419354838709677,-0.13685239491691104,21.826666666666668,42.534246575342465,20.707579908675797,1766.924582980764,1774.535416963885,-7.610833983120983,0.48904888107064937
1008,2017,1196,1438,4,5,1,1,0.75,0.6875,0.0625,11.946666666666667,15.31081081081081,3.3641441441441433,1784.3005613362886,1840.2136077203945,-55.91304638410588,0.4202221853622302
1009,2017,1438,1196,5,4,-1,0,0.6875,0.75,0.0625,11.946666666666667,15.31081081081081,3.3641441441441433,1840.2136077203945,1784.3005613362886,55.91304638410588,0.5797778146377698
1010,2017,1211,1321,1,8,7,1,0.9696969696969697,0.6764705882352942,0.29322638146167557,2.013333333333333,40.611111111111114,38.59777777777778,1911.7207640978877,1684.009855929916,227.71090816797164,0.7876485590158193
1011,2017,1321,1211,8,1,-7,0,0.6764705882352942,0.9696969696969697,0.29322638146167557,2.013333333333333,40.611111111111114,38.59777777777778,1684.009855929916,1911.7207640978877,-227.71090816797164,0.21235144098418068
1012,2017,1345,1235,4,5,1,1,0.78125,0.696969696969697,0.08428030303030298,15.24,19.95945945945946,4.719459459459459,1815.1442356909301,1805.2890277794668,9.855207911463367,0.5141789816410098
1013,2017,1235,1345,5,4,-1,0,0.696969696969697,0.78125,0.08428030303030298,15.24,19.95945945945946,4.719459459459459,1805.2890277794668,1815.1442356909301,-9.855207911463367,0.48582101835899016
1014,2017,1452,1323,4,5,1,1,0.7647058823529411,0.7352941176470589,0.02941176470588225,11.68,20.506666666666668,8.826666666666668,1817.0675281346764,1812.172188204977,4.895339929699503,0.5070444943017522
1015,2017,1323,1452,5,4,-1,0,0.7352941176470589,0.7647058823529411,0.02941176470588225,11.68,20.506666666666668,8.826666666666668,1812.172188204977,1817.0675281346764,-4.895339929699503,0.49295550569824775
1016,2017,1458,1437,8,1,-7,1,0.7352941176470589,0.9117647058823529,-0.17647058823529405,23.14666666666667,1.8133333333333332,-21.333333333333336,1773.0864133798327,1998.6294223854313,-225.5430090055986,0.21444622186362597
1017,2017,1437,1458,1,8,7,0,0.9117647058823529,0.7352941176470589,-0.17647058823529405,23.14666666666667,1.8133333333333332,-21.333333333333336,1998.6294223854313,1773.0864133798327,225.5430090055986,0.7855537781363741
1018,2017,1462,1199,11,3,-8,1,0.6176470588235294,0.7575757575757576,-0.13992869875222813,41.875,16.88,-24.995,1729.8120201649897,1766.2025754374251,-36.39055527243545,0.4478204547120946
1019,2017,1199,1462,3,11,8,0,0.7575757575757576,0.6176470588235294,-0.13992869875222813,41.875,16.88,-24.995,1766.2025754374251,1729.8120201649897,36.39055527243545,0.5521795452879055
1020,2017,1124,1425,3,11,8,1,0.7741935483870968,0.7272727272727273,0.04692082111436946,14.346666666666666,50.06849315068493,35.721826484018266,1793.9472218646065,1715.9243814515298,78.02284041307666,0.6104336890680189
1021,2017,1425,1124,11,3,-8,0,0.7272727272727273,0.7741935483870968,0.04692082111436946,14.346666666666666,50.06849315068493,35.721826484018266,1715.9243814515298,1793.9472218646065,-78.02284041307666,0.38956631093198113
1022,2017,1242,1277,1,9,8,1,0.875,0.5757575757575758,0.2992424242424242,6.04,46.236111111111114,40.196111111111115,1955.6565092049277,1720.1565782812415,235.49993092368618,0.7950512411623463
1023,2017,1277,1242,9,1,-8,0,0.5757575757575758,0.875,0.2992424242424242,6.04,46.236111111111114,40.196111111111115,1720.1565782812415,1955.6565092049277,-235.49993092368618,0.20494875883765373
1024,2017,1246,1455,2,10,8,1,0.8529411764705882,0.8787878787878788,-0.025846702317290582,4.8133333333333335,17.253333333333334,12.440000000000001,1925.307197942392,1837.950857750375,87.35634019201689,0.6231320319189692
1025,2017,1455,1246,10,2,-8,0,0.8787878787878788,0.8529411764705882,-0.025846702317290582,4.8133333333333335,17.253333333333334,12.440000000000001,1837.950857750375,1925.307197942392,-87.35634019201689,0.37686796808103085
1026,2017,1276,1257,7,2,-5,1,0.6857142857142857,0.75,-0.06428571428571428,23.243243243243242,9.573333333333334,-13.669909909909908,1766.6747258945225,1848.218350957651,-81.5436250631285,0.38475759340376287
1027,2017,1257,1276,2,7,5,0,0.75,0.6857142857142857,-0.06428571428571428,23.243243243243242,9.573333333333334,-13.669909909909908,1848.218350957651,1766.6747258945225,81.5436250631285,0.6152424065962372
1028,2017,1314,1116,1,8,7,1,0.7878787878787878,0.7352941176470589,0.05258467023172897,5.426666666666667,35.416666666666664,29.99,1913.9718449521029,1738.8826828970407,175.08916205506216,0.7326078457201226
1029,2017,1116,1314,8,1,-7,0,0.7352941176470589,0.7878787878787878,0.05258467023172897,5.426666666666667,35.416666666666664,29.99,1738.8826828970407,1913.9718449521029,-175.08916205506216,0.2673921542798774
1030,2017,1332,1348,3,11,8,1,0.8484848484848485,0.7272727272727273,0.12121212121212122,11.946666666666667,39.916666666666664,27.97,1874.387726920927,1736.9666442595721,137.42108266135483,0.6880587463651505
1031,2017,1348,1332,11,3,-8,0,0.7272727272727273,0.8484848484848485,0.12121212121212122,11.946666666666667,39.916666666666664,27.97,1736.9666442595721,1874.387726920927,-137.42108266135483,0.3119412536348495
1032,2017,1376,1181,7,2,-5,1,0.6774193548387096,0.7714285714285715,-0.09400921658986183,38.09722222222222,8.56,-29.53722222222222,1677.636451463848,1892.788834710334,-215.1523832464859,0.2246942852818957
1033,2017,1181,1376,2,7,5,0,0.7714285714285715,0.6774193548387096,-0.09400921658986183,38.09722222222222,8.56,-29.53722222222222,1892.788834710334,1677.636451463848,215.1523832464859,0.7753057147181043
1034,2017,1417,1153,3,6,3,1,0.8787878787878788,0.8529411764705882,0.025846702317290582,12.133333333333333,18.933333333333334,6.800000000000001,1811.8897492575923,1796.1412954198079,15.748453837784382,0.5226483379366642
1035,2017,1153,1417,6,3,-3,0,0.8529411764705882,0.8787878787878788,0.025846702317290582,12.133333333333333,18.933333333333334,6.800000000000001,1796.1412954198079,1811.8897492575923,-15.748453837784382,0.4773516620633358
1036,2017,1211,1452,1,4,3,1,0.9696969696969697,0.7647058823529411,0.2049910873440286,2.013333333333333,11.68,9.666666666666666,1918.091307327413,1831.856193305624,86.23511402178906,0.6216151142794146
1037,2017,1452,1211,4,1,-3,0,0.7647058823529411,0.9696969696969697,0.2049910873440286,2.013333333333333,11.68,9.666666666666666,1831.856193305624,1918.091307327413,-86.23511402178906,0.3783848857205854
1038,2017,1242,1345,1,4,3,1,0.875,0.78125,0.09375,6.04,15.24,9.2,1961.8049719700573,1829.7188662416997,132.08610572835755,0.6814294453365013
1039,2017,1345,1242,4,1,-3,0,0.78125,0.875,0.09375,6.04,15.24,9.2,1829.7188662416997,1961.8049719700573,-132.08610572835755,0.3185705546634987
1040,2017,1332,1276,3,7,4,1,0.8484848484848485,0.6857142857142857,0.1627705627705628,11.946666666666667,23.243243243243242,11.296576576576575,1883.7459645299725,1785.1319980924095,98.61396643756302,0.6382248172646695
1041,2017,1276,1332,7,3,-4,0,0.6857142857142857,0.8484848484848485,0.1627705627705628,11.946666666666667,23.243243243243242,11.296576576576575,1785.1319980924095,1883.7459645299725,-98.61396643756302,0.3617751827353305
1042,2017,1462,1112,11,2,-9,1,0.6176470588235294,0.8823529411764706,-0.2647058823529411,41.875,11.706666666666667,-30.168333333333333,1746.3774065236269,1903.2045435370426,-156.82713701341572,0.28848168264618185
1043,2017,1112,1462,2,11,9,0,0.8823529411764706,0.6176470588235294,-0.2647058823529411,41.875,11.706666666666667,-30.168333333333333,1903.2045435370426,1746.3774065236269,156.82713701341572,0.7115183173538182
1044,2017,1196,1458,4,8,4,1,0.75,0.7352941176470589,0.014705882352941124,11.946666666666667,23.14666666666667,11.200000000000001,1801.6938957754217,1796.6530267239239,5.040869051497793,0.5072538847229249
1045,2017,1458,1196,8,4,-4,0,0.7352941176470589,0.75,0.014705882352941124,11.946666666666667,23.14666666666667,11.200000000000001,1796.6530267239239,1801.6938957754217,-5.040869051497793,0.4927461152770751
1046,2017,1246,1417,2,3,1,1,0.8529411764705882,0.8787878787878788,-0.025846702317290582,4.8133333333333335,12.133333333333333,7.319999999999999,1936.6132369848228,1826.2102991194922,110.40293786533061,0.6537424031747988
1047,2017,1417,1246,3,2,-1,0,0.8787878787878788,0.8529411764705882,-0.025846702317290582,4.8133333333333335,12.133333333333333,7.319999999999999,1826.2102991194922,1936.6132369848228,-110.40293786533061,0.3462575968252012
1048,2017,1314,1139,1,4,3,1,0.7878787878787878,0.7419354838709677,0.045943304007820096,5.426666666666667,21.826666666666668,16.400000000000002,1921.9936095804992,1789.2068833960045,132.78672618449468,0.6823043219014643
1049,2017,1139,1314,4,1,-3,0,0.7419354838709677,0.7878787878787878,0.045943304007820096,5.426666666666667,21.826666666666668,16.400000000000002,1789.2068833960045,1921.9936095804992,-132.78672618449468,0.3176956780985357
1050,2017,1376,1124,7,3,-4,1,0.6774193548387096,0.7741935483870968,-0.09677419354838712,38.09722222222222,14.346666666666666,-23.750555555555557,1700.8956229053913,1805.634211192566,-104.73858828717471,0.35367506418190886
1051,2017,1124,1376,3,7,4,0,0.7741935483870968,0.6774193548387096,-0.09677419354838712,38.09722222222222,14.346666666666666,-23.750555555555557,1805.634211192566,1700.8956229053913,104.73858828717471,0.6463249358180911
1052,2017,1211,1462,1,11,10,1,0.9696969696969697,0.6176470588235294,0.3520499108734403,2.013333333333333,41.875,39.861666666666665,1929.4428538990305,1767.7229560442413,161.71989785478922,0.7172648500203368
1053,2017,1462,1211,11,1,-10,0,0.6176470588235294,0.9696969696969697,0.3520499108734403,2.013333333333333,41.875,39.861666666666665,1767.7229560442413,1929.4428538990305,-161.71989785478922,0.2827351499796632
1054,2017,1332,1242,3,1,-2,1,0.8484848484848485,0.875,-0.02651515151515149,11.946666666666667,6.04,-5.906666666666667,1894.5992200120324,1971.3620886099623,-76.76286859792981,0.39129247672689693
1055,2017,1242,1332,1,3,2,0,0.875,0.8484848484848485,-0.02651515151515149,11.946666666666667,6.04,-5.906666666666667,1971.3620886099623,1894.5992200120324,76.76286859792981,0.6087075232731031
1056,2017,1314,1246,1,2,1,1,0.7878787878787878,0.8529411764705882,-0.06506238859180036,5.426666666666667,4.8133333333333335,-0.6133333333333333,1931.5244799234554,1947.0009648895789,-15.476484966123508,0.4777422674428563
1057,2017,1246,1314,2,1,-1,0,0.8529411764705882,0.7878787878787878,-0.06506238859180036,5.426666666666667,4.8133333333333335,-0.6133333333333333,1947.0009648895789,1931.5244799234554,15.476484966123508,0.5222577325571437
1058,2017,1376,1196,7,4,-3,1,0.6774193548387096,0.75,-0.07258064516129037,38.09722222222222,11.946666666666667,-26.150555555555556,1720.285370979934,1816.476279233734,-96.19090825379999,0.365001916026568
1059,2017,1196,1376,4,7,3,0,0.75,0.6774193548387096,-0.07258064516129037,38.09722222222222,11.946666666666667,-26.150555555555556,1816.476279233734,1720.285370979934,96.19090825379999,0.6349980839734319
1060,2017,1211,1376,1,7,6,1,0.9696969696969697,0.6774193548387096,0.2922776148582601,2.013333333333333,38.09722222222222,36.083888888888886,1937.9249083984205,1739.3353134991369,198.5895948992836,0.7582618395722598
1061,2017,1376,1211,7,1,-6,0,0.6774193548387096,0.9696969696969697,0.2922776148582601,2.013333333333333,38.09722222222222,36.083888888888886,1739.3353134991369,1937.9249083984205,-198.5895948992836,0.2417381604277402
1062,2017,1314,1332,1,3,2,1,0.7878787878787878,0.8484848484848485,-0.06060606060606066,5.426666666666667,11.946666666666667,6.5200000000000005,1947.1922119001697,1912.8604457102256,34.33176618994412,0.549247198305361
1063,2017,1332,1314,3,1,-2,0,0.8484848484848485,0.7878787878787878,-0.06060606060606066,5.426666666666667,11.946666666666667,6.5200000000000005,1912.8604457102256,1947.1922119001697,-34.33176618994412,0.45075280169463905
1064,2017,1314,1211,1,1,0,1,0.7878787878787878,0.9696969696969697,-0.18181818181818188,5.426666666666667,2.013333333333333,-3.4133333333333336,1960.714795951009,1945.1770532112528,15.53774273975614,0.522345714194134
1065,2017,1211,1314,1,1,0,0,0.9696969696969697,0.7878787878787878,-0.18181818181818188,5.426666666666667,2.013333333333333,-3.4133333333333336,1945.1770532112528,1960.714795951009,-15.53774273975614,0.477654285805866
1066,2018,1347,1254,16,16,0,1,0.625,0.5151515151515151,0.10984848484848486,164.6290322580645,242.80645161290323,78.17741935483872,1517.780734481521,1460.758116116236,57.0226183652851,0.5813331678529455
1067,2018,1254,1347,16,16,0,0,0.5151515151515151,0.625,0.10984848484848486,164.6290322580645,242.80645161290323,78.17741935483872,1460.758116116236,1517.780734481521,-57.0226183652851,0.41866683214705447
1068,2018,1382,1417,11,11,0,1,0.78125,0.65625,0.125,55.328125,45.5625,-9.765625,1728.1362913485268,1734.8714217525448,-6.735130404018037,0.49030858215157724
1069,2018,1417,1382,11,11,0,0,0.65625,0.78125,0.125,55.328125,45.5625,-9.765625,1734.8714217525448,1728.1362913485268,6.735130404018037,0.5096914178484228
1070,2018,1393,1113,11,11,0,1,0.6060606060606061,0.6451612903225806,-0.03910068426197455,51.65625,48.46875,-3.1875,1667.0833650930338,1601.382103343633,65.70126174940083,0.5934405478175384
1071,2018,1113,1393,11,11,0,0,0.6451612903225806,0.6060606060606061,-0.03910068426197455,51.65625,48.46875,-3.1875,1601.382103343633,1667.0833650930338,-65.70126174940083,0.4065594521824616
1072,2018,1411,1300,16,16,0,1,0.4411764705882353,0.5161290322580645,-0.07495256166982922,245.08064516129033,289.30645161290323,44.2258064516129,1481.122627892157,1430.9626699745172,50.15995791763976,0.5716885980405018
1073,2018,1300,1411,16,16,0,0,0.5161290322580645,0.4411764705882353,-0.07495256166982922,245.08064516129033,289.30645161290323,44.2258064516129,1430.9626699745172,1481.122627892157,-50.15995791763976,0.42831140195949824
1074,2018,1104,1439,9,8,-1,1,0.5588235294117647,0.65625,-0.09742647058823528,49.8125,36.0625,-13.75,1639.073387625248,1713.2679726201243,-74.19458499487632,0.3948194280153343
1075,2018,1439,1104,8,9,1,0,0.65625,0.5588235294117647,-0.09742647058823528,49.8125,36.0625,-13.75,1713.2679726201243,1639.073387625248,74.19458499487632,0.6051805719846657
1076,2018,1138,1112,13,4,-9,1,0.7575757575757576,0.7941176470588235,-0.036541889483065915,62.333333333333336,17.64179104477612,-44.691542288557216,1677.3938326036077,1841.8047642906351,-164.41093168702741,0.27960427058255344
1077,2018,1112,1138,4,13,9,0,0.7941176470588235,0.7575757575757576,-0.036541889483065915,62.333333333333336,17.64179104477612,-44.691542288557216,1841.8047642906351,1677.3938326036077,164.41093168702741,0.7203957294174466
1078,2018,1181,1233,2,15,13,1,0.7878787878787878,0.6060606060606061,0.18181818181818177,5.432835820895522,137.8548387096774,132.4220028887819,1867.3977608977907,1582.2831757355916,285.1145851621991,0.8377051551259338
1079,2018,1233,1181,15,2,-13,0,0.6060606060606061,0.7878787878787878,0.18181818181818177,5.432835820895522,137.8548387096774,132.4220028887819,1582.2831757355916,1867.3977608977907,-285.1145851621991,0.1622948448740662
1080,2018,1196,1382,6,11,5,1,0.625,0.78125,-0.15625,24.924242424242426,55.328125,30.403882575757574,1720.0856816393632,1743.4270338839794,-23.341352244616246,0.4664595392020876
1081,2018,1382,1196,11,6,-5,0,0.78125,0.625,-0.15625,24.924242424242426,55.328125,30.403882575757574,1743.4270338839794,1720.0856816393632,23.341352244616246,0.5335404607979124
1082,2018,1211,1422,4,13,9,1,0.8823529411764706,0.7741935483870968,0.10815939278937381,10.26865671641791,78.66666666666667,68.39800995024876,1904.345213114467,1670.4173413325168,233.92787178195022,0.7935727349135276
1083,2018,1422,1211,13,4,-9,0,0.7741935483870968,0.8823529411764706,0.10815939278937381,10.26865671641791,78.66666666666667,68.39800995024876,1670.4173413325168,1904.345213114467,-233.92787178195022,0.20642726508647236
1084,2018,1222,1361,6,11,5,1,0.7878787878787878,0.6774193548387096,0.11045943304007821,18.597014925373134,51.578125,32.98111007462687,1752.7762893129843,1681.6836344896694,71.09265482331489,0.6009061630395014
1085,2018,1361,1222,11,6,-5,0,0.6774193548387096,0.7878787878787878,0.11045943304007821,18.597014925373134,51.578125,32.98111007462687,1681.6836344896694,1752.7762893129843,-71.09265482331489,0.3990938369604986
1086,2018,1242,1335,1,16,15,1,0.7941176470588235,0.7419354838709677,0.052182163187855735,7.432835820895522,110.20967741935483,102.77684159845931,1913.9644213363094,1628.1397775646578,285.8246437716516,0.838260095268717
1087,2018,1335,1242,16,1,-15,0,0.7419354838709677,0.7941176470588235,0.052182163187855735,7.432835820895522,110.20967741935483,102.77684159845931,1628.1397775646578,1913.9644213363094,-285.8246437716516,0.16173990473128297
1088,2018,1246,1172,5,12,7,1,0.7058823529411765,0.65625,0.049632352941176516,16.98507462686567,56.390625,39.40555037313433,1813.2511086471463,1693.4481092537972,119.80299939334918,0.6658871721748784
1089,2018,1172,1246,12,5,-7,0,0.65625,0.7058823529411765,0.049632352941176516,16.98507462686567,56.390625,39.40555037313433,1693.4481092537972,1813.2511086471463,-119.80299939334918,0.33411282782512164
1090,2018,1260,1274,11,6,-5,1,0.84375,0.7096774193548387,0.13407258064516125,43.609375,33.014925373134325,-10.594449626865675,1718.8698950946068,1763.7300353329986,-44.86014023839175,0.4357974553084422
1091,2018,1274,1260,6,11,5,0,0.7096774193548387,0.84375,0.13407258064516125,43.609375,33.014925373134325,-10.594449626865675,1763.7300353329986,1718.8698950946068,44.86014023839175,0.5642025446915577
1092,2018,1276,1285,3,14,11,1,0.7941176470588235,0.7741935483870968,0.01992409867172673,11.164179104477611,80.57142857142857,69.40724946695096,1842.568737094214,1624.821391058222,217.747346035992,0.7778972757673356
1093,2018,1285,1276,14,3,-11,0,0.7741935483870968,0.7941176470588235,0.01992409867172673,11.164179104477611,80.57142857142857,69.40724946695096,1624.821391058222,1842.568737094214,-217.747346035992,0.22210272423266442
1094,2018,1326,1355,5,12,7,1,0.75,0.8,-0.050000000000000044,17.70149253731343,65.47619047619048,47.774697938877054,1716.8616040540865,1713.9372561064406,2.924347947645856,0.5042083756139738
1095,2018,1355,1326,12,5,-7,0,0.8,0.75,-0.050000000000000044,17.70149253731343,65.47619047619048,47.774697938877054,1713.9372561064406,1716.8616040540865,-2.924347947645856,0.4957916243860262
1096,2018,1348,1328,7,10,3,1,0.78125,0.5806451612903226,0.20060483870967738,35.45454545454545,45.359375,9.904829545454547,1741.251130620153,1634.3515679958994,106.89956262425358,0.6491632814338194
1097,2018,1328,1348,10,7,-3,0,0.5806451612903226,0.78125,0.20060483870967738,35.45454545454545,45.359375,9.904829545454547,1634.3515679958994,1741.251130620153,-106.89956262425358,0.3508367185661806
1098,2018,1371,1301,8,9,1,1,0.65625,0.65625,0.0,29.0,43.671875,14.671875,1710.301333974607,1653.7914001467957,56.50993382781121,0.5806147063239967
1099,2018,1301,1371,9,8,-1,0,0.65625,0.65625,0.0,29.0,43.671875,14.671875,1653.7914001467957,1710.301333974607,-56.50993382781121,0.4193852936760033
1100,2018,1397,1460,3,14,11,1,0.7575757575757576,0.71875,0.03882575757575757,12.104477611940299,121.1774193548387,109.07294174289841,1765.6859862418946,1603.3960700757825,162.2899161661121,0.7179298076378786
1101,2018,1460,1397,14,3,-11,0,0.71875,0.7575757575757576,0.03882575757575757,12.104477611940299,121.1774193548387,109.07294174289841,1603.3960700757825,1765.6859862418946,-162.2899161661121,0.2820701923621214
1102,2018,1403,1372,3,14,11,1,0.7272727272727273,0.8,-0.07272727272727275,15.597014925373134,98.91935483870968,83.32233991333655,1724.1437232051696,1625.7423400354885,98.40138316968114,0.6379422182468258
1103,2018,1372,1403,14,3,-11,0,0.8,0.7272727272727273,-0.07272727272727275,15.597014925373134,98.91935483870968,83.32233991333655,1625.7423400354885,1724.1437232051696,-98.40138316968114,0.36205778175317416
1104,2018,1437,1347,1,16,15,1,0.8823529411764706,0.625,0.25735294117647056,2.462686567164179,164.6290322580645,162.16634569090033,1969.9235237707314,1530.3407394459327,439.5827843247987,0.9262485473149469
1105,2018,1347,1437,16,1,-15,0,0.625,0.8823529411764706,0.25735294117647056,2.462686567164179,164.6290322580645,162.16634569090033,1530.3407394459327,1969.9235237707314,-439.5827843247987,0.07375145268505312
1106,2018,1120,1158,4,13,9,1,0.78125,0.7741935483870968,0.007056451612903247,16.98507462686567,98.96774193548387,81.9826673086182,1703.9659002285218,1695.0504771221554,8.915423106366461,0.5128275098318477
1107,2018,1158,1120,13,4,-9,0,0.7741935483870968,0.78125,0.007056451612903247,16.98507462686567,98.96774193548387,81.9826673086182,1695.0504771221554,1703.9659002285218,-8.915423106366461,0.48717249016815234
1108,2018,1139,1116,10,7,-3,1,0.6060606060606061,0.6764705882352942,-0.07040998217468808,31.640625,29.03125,-2.609375,1703.5018558392837,1729.13172805695,-25.62987221766616,0.4631824096361563
1109,2018,1116,1139,7,10,3,0,0.6764705882352942,0.6060606060606061,-0.07040998217468808,31.640625,29.03125,-2.609375,1729.13172805695,1703.5018558392837,25.62987221766616,0.5368175903638437
1110,2018,1153,1209,2,15,13,1,0.8823529411764706,0.6875,0.19485294117647056,6.597014925373134,108.58064516129032,101.98363023591719,1862.822168173714,1605.5499671366795,257.2722010370346,0.8147202318354186
1111,2018,1209,1153,15,2,-13,0,0.6875,0.8823529411764706,0.19485294117647056,6.597014925373134,108.58064516129032,101.98363023591719,1605.5499671366795,1862.822168173714,-257.2722010370346,0.18527976816458136
1112,2018,1155,1308,5,12,7,1,0.71875,0.8333333333333334,-0.11458333333333337,20.0,51.875,31.875,1720.2854599616112,1713.800517575595,6.4849423860162005,0.5093314986551566
1113,2018,1308,1155,12,5,-7,0,0.8333333333333334,0.71875,-0.11458333333333337,20.0,51.875,31.875,1713.800517575595,1720.2854599616112,-6.4849423860162005,0.4906685013448434
1114,2018,1199,1281,9,8,-1,1,0.6451612903225806,0.6129032258064516,0.032258064516129004,41.765625,42.09375,0.328125,1703.9862998794338,1603.5028038677942,100.48349601163955,0.6407059543061402
1115,2018,1281,1199,8,9,1,0,0.6129032258064516,0.6451612903225806,0.032258064516129004,41.765625,42.09375,0.328125,1603.5028038677942,1703.9862998794338,-100.48349601163955,0.3592940456938598
1116,2018,1243,1166,9,8,-1,1,0.6666666666666666,0.6451612903225806,0.021505376344086002,38.515625,31.640625,-6.875,1717.9903050271353,1695.8909613419921,22.09934368514314,0.5317606905986165
1117,2018,1166,1243,8,9,1,0,0.6451612903225806,0.6666666666666666,0.021505376344086002,38.515625,31.640625,-6.875,1695.8909613419921,1717.9903050271353,-22.09934368514314,0.4682393094013835
1118,2018,1267,1455,13,4,-9,1,0.696969696969697,0.78125,-0.08428030303030298,100.64516129032258,16.208955223880597,-84.43620606644198,1631.2180274703123,1817.6638171397854,-186.44578966947302,0.2547820523283163
1119,2018,1455,1267,4,13,9,0,0.78125,0.696969696969697,-0.08428030303030298,100.64516129032258,16.208955223880597,-84.43620606644198,1817.6638171397854,1631.2180274703123,186.44578966947302,0.7452179476716837
1120,2018,1277,1137,3,14,11,1,0.8787878787878788,0.7352941176470589,0.1434937611408199,7.268656716417911,93.36507936507937,86.09642264866146,1853.1788151957896,1678.9901813333363,174.18863386245334,0.7315911376899712
1121,2018,1137,1277,14,3,-11,0,0.7352941176470589,0.8787878787878788,0.1434937611408199,7.268656716417911,93.36507936507937,86.09642264866146,1678.9901813333363,1853.1788151957896,-174.18863386245334,0.2684088623100288
1122,2018,1305,1400,7,10,3,1,0.7941176470588235,0.5757575757575758,0.21836007130124768,28.223880597014926,40.359375,12.135494402985074,1737.2543724898128,1654.0570466763897,83.19732581342305,0.6174933606312442
1123,2018,1400,1305,10,7,-3,0,0.5757575757575758,0.7941176470588235,0.21836007130124768,28.223880597014926,40.359375,12.135494402985074,1654.0570466763897,1737.2543724898128,-83.19732581342305,0.38250663936875584
1124,2018,1314,1252,2,15,13,1,0.7142857142857143,0.6896551724137931,0.024630541871921152,8.567164179104477,143.08064516129033,134.51348098218585,1881.4025813514647,1590.5420446526323,290.86053669883245,0.8421519819224685
1125,2018,1252,1314,15,2,-13,0,0.6896551724137931,0.7142857142857143,0.024630541871921152,8.567164179104477,143.08064516129033,134.51348098218585,1590.5420446526323,1881.4025813514647,-290.86053669883245,0.15784801807753146
1126,2018,1345,1168,2,15,13,1,0.8235294117647058,0.6206896551724138,0.20283975659229203,7.223880597014926,148.29032258064515,141.06644198363023,1838.0718544459191,1534.5428624546237,303.52899199129547,0.8516060316842826
1127,2018,1168,1345,15,2,-13,0,0.6206896551724138,0.8235294117647058,0.20283975659229203,7.223880597014926,148.29032258064515,141.06644198363023,1534.5428624546237,1838.0718544459191,-303.52899199129547,0.14839396831571738
1128,2018,1393,1395,11,6,-5,1,0.6060606060606061,0.65625,-0.05018939393939392,51.65625,23.109375,-28.546875,1679.2801486585076,1701.2131851518138,-21.93303649330619,0.4684776862094889
1129,2018,1395,1393,6,11,5,0,0.65625,0.6060606060606061,-0.05018939393939392,51.65625,23.109375,-28.546875,1701.2131851518138,1679.2801486585076,21.93303649330619,0.5315223137905112
1130,2018,1401,1344,7,10,3,1,0.625,0.6176470588235294,0.007352941176470562,28.890625,51.234375,22.34375,1676.2530300749333,1712.7866063562542,-36.53357628132085,0.44761688128169697
1131,2018,1344,1401,10,7,-3,0,0.6176470588235294,0.625,0.007352941176470562,28.890625,51.234375,22.34375,1712.7866063562542,1676.2530300749333,36.53357628132085,0.552383118718303
1132,2018,1420,1438,16,1,-15,1,0.6774193548387096,0.9393939393939394,-0.2619745845552298,160.98387096774192,2.4925373134328357,-158.49133365430907,1577.147558890462,1970.5316058275776,-393.3840469371155,0.0941059905495227
1133,2018,1438,1420,1,16,15,0,0.9393939393939394,0.6774193548387096,-0.2619745845552298,160.98387096774192,2.4925373134328357,-158.49133365430907,1970.5316058275776,1577.147558890462,393.3840469371155,0.9058940094504773
1134,2018,1452,1293,5,12,7,1,0.7058823529411765,0.8275862068965517,-0.1217038539553752,14.343283582089553,62.476190476190474,48.13290689410092,1792.5824653884733,1654.3439978251358,138.2384675633375,0.6890677569457954
1135,2018,1293,1452,12,5,-7,0,0.8275862068965517,0.7058823529411765,-0.1217038539553752,14.343283582089553,62.476190476190474,48.13290689410092,1654.3439978251358,1792.5824653884733,-138.2384675633375,0.31093224305420464
1136,2018,1462,1411,1,16,15,1,0.8484848484848485,0.4411764705882353,0.4073083778966132,9.432835820895523,245.08064516129033,235.64780934039482,1856.2883301211077,1493.971969950942,362.3163601701658,0.8895016353874495
1137,2018,1411,1462,16,1,-15,0,0.4411764705882353,0.8484848484848485,0.4073083778966132,9.432835820895523,245.08064516129033,235.64780934039482,1493.971969950942,1856.2883301211077,-362.3163601701658,0.11049836461255047
1138,2018,1181,1348,2,7,5,1,0.7878787878787878,0.78125,0.006628787878787845,5.432835820895522,35.45454545454545,30.02170963364993,1872.2666062440128,1751.7762321771384,120.49037406687444,0.6667669185441718
1139,2018,1348,1181,7,2,-5,0,0.78125,0.7878787878787878,0.006628787878787845,5.432835820895522,35.45454545454545,30.02170963364993,1751.7762321771384,1872.2666062440128,-120.49037406687444,0.3332330814558282
1140,2018,1211,1326,4,5,1,1,0.8823529411764706,0.75,0.13235294117647056,10.26865671641791,17.70149253731343,7.432835820895521,1910.5380310670612,1731.7353527856671,178.80267828139404,0.7367745306480622
1141,2018,1326,1211,5,4,-1,0,0.75,0.8823529411764706,0.13235294117647056,10.26865671641791,17.70149253731343,7.432835820895521,1731.7353527856671,1910.5380310670612,-178.80267828139404,0.2632254693519378
1142,2018,1242,1371,1,8,7,1,0.7941176470588235,0.65625,0.13786764705882348,7.432835820895522,29.0,21.567164179104477,1918.8166184782478,1722.882892784887,195.93372569336088,0.7554484072685432
1143,2018,1371,1242,8,1,-7,0,0.65625,0.7941176470588235,0.13786764705882348,7.432835820895522,29.0,21.567164179104477,1722.882892784887,1918.8166184782478,-195.93372569336088,0.24455159273145677
1144,2018,1246,1138,5,13,8,1,0.7058823529411765,0.7575757575757576,-0.05169340463458105,16.98507462686567,62.333333333333336,45.34825870646766,1823.2744934819,1699.0057044861312,124.26878899576877,0.6715819375310474
1145,2018,1138,1246,13,5,-8,0,0.7575757575757576,0.7058823529411765,-0.05169340463458105,16.98507462686567,62.333333333333336,45.34825870646766,1699.0057044861312,1823.2744934819,-124.26878899576877,0.32841806246895255
1146,2018,1260,1397,11,3,-8,1,0.84375,0.7575757575757576,0.08617424242424243,43.609375,12.104477611940299,-31.504897388059703,1735.7959714353535,1774.1480920127583,-38.352120577404776,0.44502995302264403
1147,2018,1397,1260,3,11,8,0,0.7575757575757576,0.84375,0.08617424242424243,43.609375,12.104477611940299,-31.504897388059703,1774.1480920127583,1735.7959714353535,38.352120577404776,0.554970046977356
1148,2018,1276,1222,3,6,3,1,0.7941176470588235,0.7878787878787878,0.0062388591800356386,11.164179104477611,18.597014925373134,7.432835820895523,1849.2318188211939,1764.7491044217993,84.48271439939458,0.6192395125657931
1149,2018,1222,1276,6,3,-3,0,0.7878787878787878,0.7941176470588235,0.0062388591800356386,11.164179104477611,18.597014925373134,7.432835820895523,1764.7491044217993,1849.2318188211939,-84.48271439939458,0.3807604874342069
1150,2018,1403,1196,3,6,3,1,0.7272727272727273,0.625,0.10227272727272729,15.597014925373134,24.924242424242426,9.327227498869291,1735.0054566577649,1736.0918954633005,-1.0864388055356358,0.4984364939723259
1151,2018,1196,1403,6,3,-3,0,0.625,0.7272727272727273,0.10227272727272729,15.597014925373134,24.924242424242426,9.327227498869291,1736.0918954633005,1735.0054566577649,1.0864388055356358,0.5015635060276741
1152,2018,1437,1104,1,9,8,1,0.8823529411764706,0.5588235294117647,0.32352941176470584,2.462686567164179,49.8125,47.34981343283582,1972.136067351283,1657.2288047847878,314.9072625664951,0.8596941400246049
1153,2018,1104,1437,9,1,-8,0,0.5588235294117647,0.8823529411764706,0.32352941176470584,2.462686567164179,49.8125,47.34981343283582,1657.2288047847878,1972.136067351283,-314.9072625664951,0.14030585997539513
1154,2018,1155,1120,5,4,-1,1,0.71875,0.78125,-0.0625,20.0,16.98507462686567,-3.0149253731343286,1735.0055150019566,1718.5810749335665,16.42444006839014,0.5236190775191772
1155,2018,1120,1155,4,5,1,0,0.78125,0.71875,-0.0625,20.0,16.98507462686567,-3.0149253731343286,1718.5810749335665,1735.0055150019566,-16.42444006839014,0.47638092248082275
1156,2018,1199,1462,9,1,-8,1,0.6451612903225806,0.8484848484848485,-0.20332355816226788,41.765625,9.432835820895523,-32.33278917910448,1714.7651212502496,1859.6032810594843,-144.83815980923464,0.30285158201993284
1157,2018,1462,1199,1,9,8,0,0.8484848484848485,0.6451612903225806,-0.20332355816226788,41.765625,9.432835820895523,-32.33278917910448,1859.6032810594843,1714.7651212502496,144.83815980923464,0.6971484179800671
1158,2018,1243,1420,9,16,7,1,0.6666666666666666,0.6774193548387096,-0.010752688172043001,38.515625,160.98387096774192,122.46824596774192,1732.0374843091768,1604.3243791739765,127.7131051352003,0.6759400217481667
1159,2018,1420,1243,16,9,-7,0,0.6774193548387096,0.6666666666666666,-0.010752688172043001,38.515625,160.98387096774192,122.46824596774192,1604.3243791739765,1732.0374843091768,-127.7131051352003,0.3240599782518333
1160,2018,1305,1153,7,2,-5,1,0.7941176470588235,0.8823529411764706,-0.08823529411764708,28.223880597014926,6.597014925373134,-21.62686567164179,1748.7295716708754,1868.3805612186516,-119.65098954777613,0.33430753602067137
1161,2018,1153,1305,2,7,5,0,0.8823529411764706,0.7941176470588235,-0.08823529411764708,28.223880597014926,6.597014925373134,-21.62686567164179,1868.3805612186516,1748.7295716708754,119.65098954777613,0.6656924639793287
1162,2018,1345,1139,2,10,8,1,0.8235294117647058,0.6060606060606061,0.21746880570409977,7.223880597014926,31.640625,24.416744402985074,1842.5236734953908,1719.606383550199,122.91728994519167,0.6698637308241829
1163,2018,1139,1345,10,2,-8,0,0.6060606060606061,0.8235294117647058,0.21746880570409977,7.223880597014926,31.640625,24.416744402985074,1719.606383550199,1842.5236734953908,-122.91728994519167,0.33013626917581707
1164,2018,1393,1277,11,3,-8,1,0.6060606060606061,0.8787878787878788,-0.2727272727272727,51.65625,7.268656716417911,-44.38759328358209,1695.2258180722229,1861.2310810650904,-166.00526299286753,0.27775938861169586
1165,2018,1277,1393,3,11,8,0,0.8787878787878788,0.6060606060606061,-0.2727272727272727,51.65625,7.268656716417911,-44.38759328358209,1861.2310810650904,1695.2258180722229,166.00526299286753,0.7222406113883042
1166,2018,1401,1314,7,2,-5,1,0.625,0.7142857142857143,-0.0892857142857143,28.890625,8.567164179104477,-20.323460820895523,1692.8245236364824,1886.1380218937907,-193.3134982573083,0.24734888787667822
1167,2018,1314,1401,2,7,5,0,0.7142857142857143,0.625,-0.0892857142857143,28.890625,8.567164179104477,-20.323460820895523,1886.1380218937907,1692.8245236364824,193.3134982573083,0.7526511121233218
1168,2018,1452,1267,5,13,8,1,0.7058823529411765,0.696969696969697,0.0089126559714795,14.343283582089553,100.64516129032258,86.30187770823302,1801.9104326800996,1653.5745659004629,148.33586677963672,0.701382498310301
1169,2018,1267,1452,13,5,-8,0,0.696969696969697,0.7058823529411765,0.0089126559714795,14.343283582089553,100.64516129032258,86.30187770823302,1653.5745659004629,1801.9104326800996,-148.33586677963672,0.298617501689699
1170,2018,1199,1211,9,4,-5,1,0.6451612903225806,0.8823529411764706,-0.23719165085388993,41.765625,10.26865671641791,-31.496968283582092,1735.6795737896516,1918.4347951476193,-182.75522135796768,0.25883669943424076
1171,2018,1211,1199,4,9,5,0,0.8823529411764706,0.6451612903225806,-0.23719165085388993,41.765625,10.26865671641791,-31.496968283582092,1918.4347951476193,1735.6795737896516,182.75522135796768,0.7411633005657592
1172,2018,1243,1246,9,5,-4,1,0.6666666666666666,0.7058823529411765,-0.03921568627450989,38.515625,16.98507462686567,-21.53055037313433,1741.7592836567317,1833.1270353559685,-91.3677516992368,0.3714607997153599
1173,2018,1246,1243,5,9,4,0,0.7058823529411765,0.6666666666666666,-0.03921568627450989,38.515625,16.98507462686567,-21.53055037313433,1833.1270353559685,1741.7592836567317,91.3677516992368,0.6285392002846402
1174,2018,1260,1305,11,7,-4,1,0.84375,0.7941176470588235,0.049632352941176516,43.609375,28.223880597014926,-15.385494402985074,1752.445072844674,1768.7003455902552,-16.255272745581124,0.4766238361481848
1175,2018,1305,1260,7,11,4,0,0.7941176470588235,0.84375,0.049632352941176516,43.609375,28.223880597014926,-15.385494402985074,1768.7003455902552,1752.445072844674,16.255272745581124,0.5233761638518152
1176,2018,1276,1401,3,7,4,1,0.7941176470588235,0.625,0.16911764705882348,11.164179104477611,28.890625,17.72644589552239,1860.65463344422,1715.404057000182,145.25057644403796,0.6976494246871011
1177,2018,1401,1276,7,3,-4,0,0.625,0.7941176470588235,0.16911764705882348,11.164179104477611,28.890625,17.72644589552239,1715.404057000182,1860.65463344422,-145.25057644403796,0.3023505753128989
1178,2018,1181,1393,2,11,9,1,0.7878787878787878,0.6060606060606061,0.18181818181818177,5.432835820895522,51.65625,46.22341417910448,1882.2635986876876,1716.893036413872,165.3705622738155,0.7215070649027535
1179,2018,1393,1181,11,2,-9,0,0.6060606060606061,0.7878787878787878,0.18181818181818177,5.432835820895522,51.65625,46.22341417910448,1716.893036413872,1882.2635986876876,-165.3705622738155,0.2784929350972465
1180,2018,1242,1155,1,5,4,1,0.7941176470588235,0.71875,0.07536764705882348,7.432835820895522,20.0,12.567164179104477,1926.1531662601915,1749.2969426763814,176.8562235838101,0.7345957592598985
1181,2018,1155,1242,5,1,-4,0,0.71875,0.7941176470588235,0.07536764705882348,7.432835820895522,20.0,12.567164179104477,1749.2969426763814,1926.1531662601915,-176.8562235838101,0.2654042407401015
1182,2018,1403,1345,3,2,-1,1,0.7272727272727273,0.8235294117647058,-0.09625668449197855,15.597014925373134,7.223880597014926,-8.373134328358208,1750.052361838595,1852.4277615706653,-102.37539973207026,0.356790853320902
1183,2018,1345,1403,2,3,1,0,0.8235294117647058,0.7272727272727273,-0.09625668449197855,15.597014925373134,7.223880597014926,-8.373134328358208,1852.4277615706653,1750.052361838595,102.37539973207026,0.643209146679098
1184,2018,1437,1452,1,5,4,1,0.8823529411764706,0.7058823529411765,0.17647058823529405,2.462686567164179,14.343283582089553,11.880597014925375,1976.3452431505448,1810.8689577307905,165.47628541975428,0.7216293354876934
1185,2018,1452,1437,5,1,-4,0,0.7058823529411765,0.8823529411764706,0.17647058823529405,2.462686567164179,14.343283582089553,11.880597014925375,1810.8689577307905,1976.3452431505448,-165.47628541975428,0.27837066451230663
1186,2018,1260,1243,11,9,-2,1,0.84375,0.6666666666666666,0.17708333333333337,43.609375,38.515625,-5.09375,1768.1463577602285,1760.615459665271,7.5308980949575925,0.5108361365458347
1187,2018,1243,1260,9,11,2,0,0.6666666666666666,0.84375,0.17708333333333337,43.609375,38.515625,-5.09375,1760.615459665271,1768.1463577602285,-7.5308980949575925,0.4891638634541653
1188,2018,1276,1199,3,9,6,1,0.7941176470588235,0.6451612903225806,0.14895635673624286,11.164179104477611,41.765625,30.60144589552239,1869.725150703607,1757.9144728066244,111.8106778969825,0.6555744687468658
1189,2018,1199,1276,9,3,-6,0,0.6451612903225806,0.7941176470588235,0.14895635673624286,11.164179104477611,41.765625,30.60144589552239,1757.9144728066244,1869.725150703607,-111.8106778969825,0.34442553125313424
1190,2018,1242,1181,1,2,1,1,0.7941176470588235,0.7878787878787878,0.0062388591800356386,7.432835820895522,5.432835820895522,-2.0,1934.1152934823945,1890.618386740605,43.49690674178942,0.5622720780131162
1191,2018,1181,1242,2,1,-1,0,0.7878787878787878,0.7941176470588235,0.0062388591800356386,7.432835820895522,5.432835820895522,-2.0,1890.618386740605,1934.1152934823945,-43.49690674178942,0.4377279219868838
1192,2018,1437,1403,1,3,2,1,0.8823529411764706,0.7272727272727273,0.15508021390374327,2.462686567164179,15.597014925373134,13.134328358208956,1984.696363085914,1769.348636238968,215.347726846946,0.7755015475141415
1193,2018,1403,1437,3,1,-2,0,0.7272727272727273,0.8823529411764706,0.15508021390374327,2.462686567164179,15.597014925373134,13.134328358208956,1769.348636238968,1984.696363085914,-215.347726846946,0.22449845248585854
1194,2018,1276,1260,3,11,8,1,0.7941176470588235,0.84375,-0.049632352941176516,11.164179104477611,43.609375,32.44519589552239,1880.057916641201,1782.8212736638534,97.23664297734763,0.636392173575247
1195,2018,1260,1276,11,3,-8,0,0.84375,0.7941176470588235,-0.049632352941176516,11.164179104477611,43.609375,32.44519589552239,1782.8212736638534,1880.057916641201,-97.23664297734763,0.363607826424753
1196,2018,1437,1242,1,1,0,1,0.8823529411764706,0.7941176470588235,0.08823529411764708,2.462686567164179,7.432835820895522,4.970149253731343,1991.4313166604898,1947.247131142001,44.184185518488675,0.5632455688081172
1197,2018,1242,1437,1,1,0,0,0.7941176470588235,0.8823529411764706,0.08823529411764708,2.462686567164179,7.432835820895522,4.970149253731343,1947.247131142001,1991.4313166604898,-44.184185518488675,0.43675443119188284
1198,2018,1437,1276,1,3,2,1,0.8823529411764706,0.7941176470588235,0.08823529411764708,2.462686567164179,11.164179104477611,8.701492537313433,2004.5339495962462,1890.9661514339437,113.56779816230255,0.6578547477395278
1199,2018,1276,1437,3,1,-2,0,0.7941176470588235,0.8823529411764706,0.08823529411764708,2.462686567164179,11.164179104477611,8.701492537313433,1890.9661514339437,2004.5339495962462,-113.56779816230255,0.3421452522604722
1200,2019,1125,1396,11,11,0,1,0.8333333333333334,0.71875,0.11458333333333337,49.71875,58.84375,9.125,1719.224468639992,1674.1515603993437,45.0729082406483,0.5645036701958299
1201,2019,1396,1125,11,11,0,0,0.71875,0.8333333333333334,0.11458333333333337,49.71875,58.84375,9.125,1674.1515603993437,1719.224468639992,-45.0729082406483,0.4354963298041701
1202,2019,1192,1341,16,16,0,1,0.5806451612903226,0.6363636363636364,-0.055718475073313734,203.75,199.984375,-3.765625,1496.4508060669662,1539.0488815432307,-42.59807547626451,0.43900178761514475
1203,2019,1341,1192,16,16,0,0,0.6363636363636364,0.5806451612903226,-0.055718475073313734,203.75,199.984375,-3.765625,1539.0488815432307,1496.4508060669662,42.59807547626451,0.5609982123848553
1204,2019,1113,1385,11,11,0,1,0.6875,0.6363636363636364,0.051136363636363646,53.90625,66.1875,12.28125,1683.816531498211,1623.4675314982799,60.34899999993104,0.5859861602692724
1205,2019,1385,1113,11,11,0,0,0.6363636363636364,0.6875,0.051136363636363646,53.90625,66.1875,12.28125,1623.4675314982799,1683.816531498211,-60.34899999993104,0.4140138397307276
1206,2019,1295,1300,16,16,0,1,0.5161290322580645,0.5,0.016129032258064502,194.890625,284.96875,90.078125,1504.9069022324945,1423.1382635454422,81.76863868705232,0.6155489790216938
1207,2019,1300,1295,16,16,0,0,0.5,0.5161290322580645,0.016129032258064502,194.890625,284.96875,90.078125,1423.1382635454422,1504.9069022324945,-81.76863868705232,0.3844510209783062
1208,2019,1120,1308,5,12,7,1,0.7352941176470589,0.875,-0.13970588235294112,14.26865671641791,44.875,30.606343283582092,1810.441107157076,1770.718591011756,39.722516145320014,0.5569175130116469
1209,2019,1308,1120,12,5,-7,0,0.875,0.7352941176470589,-0.13970588235294112,14.26865671641791,44.875,30.606343283582092,1770.718591011756,1810.441107157076,-39.722516145320014,0.44308248698835306
1210,2019,1124,1393,9,8,-1,1,0.59375,0.6060606060606061,-0.012310606060606077,47.53125,37.25,-10.28125,1674.8551854804464,1686.1784702087207,-11.323284728274302,0.48371025047873456
1211,2019,1393,1124,8,9,1,0,0.6060606060606061,0.59375,-0.012310606060606077,47.53125,37.25,-10.28125,1686.1784702087207,1674.8551854804464,11.323284728274302,0.5162897495212655
1212,2019,1196,1305,10,7,-3,1,0.5588235294117647,0.8787878787878788,-0.31996434937611407,36.96875,22.746268656716417,-14.222481343283583,1690.462485355152,1811.2251744315995,-120.76268907644749,0.3328848757979857
1213,2019,1305,1196,7,10,3,0,0.8787878787878788,0.5588235294117647,-0.31996434937611407,36.96875,22.746268656716417,-14.222481343283583,1811.2251744315995,1690.462485355152,120.76268907644749,0.6671151242020144
1214,2019,1199,1436,4,13,9,1,0.7941176470588235,0.8125,-0.018382352941176516,13.134328358208956,74.890625,61.756296641791046,1846.8321723079416,1712.842333243881,133.98983906406056,0.6838036676165731
1215,2019,1436,1199,13,4,-9,0,0.8125,0.7941176470588235,-0.018382352941176516,13.134328358208956,74.890625,61.756296641791046,1712.842333243881,1846.8321723079416,-133.98983906406056,0.3161963323834269
1216,2019,1211,1192,1,16,15,1,0.9090909090909091,0.5806451612903226,0.32844574780058644,4.358208955223881,203.75,199.3917910447761,1925.9320028053264,1513.2807524385119,412.65125036681457,0.9149329912043087
1217,2019,1192,1211,16,1,-15,0,0.5806451612903226,0.9090909090909091,0.32844574780058644,4.358208955223881,203.75,199.3917910447761,1513.2807524385119,1925.9320028053264,-412.65125036681457,0.08506700879569129
1218,2019,1242,1318,4,13,9,1,0.7352941176470589,0.696969696969697,0.03832442067736186,15.552238805970148,79.703125,64.15088619402985,1860.0916206738827,1689.6886279569921,170.4029927168906,0.7272904242494534
1219,2019,1318,1242,13,4,-9,0,0.696969696969697,0.7352941176470589,0.03832442067736186,15.552238805970148,79.703125,64.15088619402985,1689.6886279569921,1860.0916206738827,-170.4029927168906,0.27270957575054655
1220,2019,1246,1101,2,15,13,1,0.8181818181818182,0.7931034482758621,0.025078369905956133,7.223880597014926,135.875,128.65111940298507,1862.6838605335192,1569.0837056121945,293.6001549213247,0.8442370934275338
1221,2019,1101,1246,15,2,-13,0,0.7931034482758621,0.8181818181818182,0.025078369905956133,7.223880597014926,135.875,128.65111940298507,1569.0837056121945,1862.6838605335192,-293.6001549213247,0.15576290657246616
1222,2019,1261,1463,3,14,11,1,0.8125,0.75,0.0625,16.08955223880597,77.203125,61.11357276119403,1780.8099458758732,1637.7334534064128,143.0764924694604,0.6950030583323038
1223,2019,1463,1261,14,3,-11,0,0.75,0.8125,0.0625,16.08955223880597,77.203125,61.11357276119403,1637.7334534064128,1780.8099458758732,-143.0764924694604,0.3049969416676962
1224,2019,1268,1125,6,11,5,1,0.6875,0.8333333333333334,-0.14583333333333337,26.140625,49.71875,23.578125,1709.8888707917627,1732.2893585341171,-22.40048774235447,0.46780770081542644
1225,2019,1125,1268,11,6,-5,0,0.8333333333333334,0.6875,-0.14583333333333337,26.140625,49.71875,23.578125,1732.2893585341171,1709.8888707917627,22.40048774235447,0.5321922991845736
1226,2019,1276,1285,2,15,13,1,0.8235294117647058,0.75,0.07352941176470584,7.17910447761194,112.0,104.82089552238806,1873.8445188064907,1649.8771489048795,223.96736990161116,0.7840218793674005
1227,2019,1285,1276,15,2,-13,0,0.75,0.8235294117647058,0.07352941176470584,7.17910447761194,112.0,104.82089552238806,1649.8771489048795,1873.8445188064907,-223.96736990161116,0.21597812063259947
1228,2019,1277,1133,2,15,13,1,0.8235294117647058,0.5757575757575758,0.24777183600713004,5.149253731343284,155.84375,150.6944962686567,1902.714332824196,1572.4723725395127,330.2419602846833,0.8700075521664016
1229,2019,1133,1277,15,2,-13,0,0.5757575757575758,0.8235294117647058,0.24777183600713004,5.149253731343284,155.84375,150.6944962686567,1572.4723725395127,1902.714332824196,-330.2419602846833,0.12999244783359842
1230,2019,1278,1257,10,7,-3,1,0.6176470588235294,0.6060606060606061,0.01158645276292336,44.9375,24.65625,-20.28125,1648.507636247813,1704.8766216072092,-56.36898535939622,0.4195828748997347
1231,2019,1257,1278,7,10,3,0,0.6060606060606061,0.6176470588235294,0.01158645276292336,44.9375,24.65625,-20.28125,1704.8766216072092,1648.507636247813,56.36898535939622,0.5804171251002652
1232,2019,1293,1266,12,5,-7,1,0.8620689655172413,0.7272727272727273,0.13479623824451403,48.296875,25.848484848484848,-22.448390151515152,1734.7586071569506,1723.6595503483602,11.099056808590376,0.5159673953830859
1233,2019,1266,1293,5,12,7,0,0.7272727272727273,0.8620689655172413,0.13479623824451403,48.296875,25.848484848484848,-22.448390151515152,1723.6595503483602,1734.7586071569506,-11.099056808590376,0.4840326046169141
1234,2019,1345,1330,3,14,11,1,0.71875,0.7647058823529411,-0.045955882352941124,13.73134328358209,90.875,77.14365671641791,1794.417460559143,1687.7582420408946,106.65921851824828,0.6488481166186209
1235,2019,1330,1345,14,3,-11,0,0.7647058823529411,0.71875,-0.045955882352941124,13.73134328358209,90.875,77.14365671641791,1687.7582420408946,1794.417460559143,-106.65921851824828,0.35115188338137915
1236,2019,1437,1388,6,11,5,1,0.7352941176470589,0.6666666666666666,0.06862745098039225,23.402985074626866,40.984375,17.581389925373134,1856.7640905544047,1705.6561897330198,151.10790082138487,0.7047138608130901
1237,2019,1388,1437,11,6,-5,0,0.6666666666666666,0.7352941176470589,0.06862745098039225,23.402985074626866,40.984375,17.581389925373134,1705.6561897330198,1856.7640905544047,-151.10790082138487,0.29528613918690994
1238,2019,1459,1371,7,10,3,1,0.8666666666666667,0.6060606060606061,0.2606060606060606,23.34328358208955,49.25,25.90671641791045,1747.3219390188833,1704.1979607628346,43.12397825604876,0.5617436450294127
1239,2019,1371,1459,10,7,-3,0,0.6060606060606061,0.8666666666666667,0.2606060606060606,23.34328358208955,49.25,25.90671641791045,1704.1979607628346,1747.3219390188833,-43.12397825604876,0.43825635497058735
1240,2019,1138,1113,6,11,5,1,0.9090909090909091,0.6875,0.22159090909090906,17.35820895522388,53.90625,36.54804104477612,1819.730937801376,1696.2369466901328,123.4939911112433,0.6705974688025274
1241,2019,1113,1138,11,6,-5,0,0.6875,0.9090909090909091,0.22159090909090906,17.35820895522388,53.90625,36.54804104477612,1696.2369466901328,1819.730937801376,-123.4939911112433,0.32940253119747265
1242,2019,1181,1295,1,16,15,1,0.8529411764705882,0.5161290322580645,0.3368121442125237,2.0,194.890625,192.890625,1956.5142933003115,1516.4404328618436,440.0738604384678,0.9264414238304323
1243,2019,1295,1181,16,1,-15,0,0.5161290322580645,0.8529411764705882,0.3368121442125237,2.0,194.890625,192.890625,1516.4404328618436,1956.5142933003115,-440.0738604384678,0.07355857616956774
1244,2019,1222,1209,3,14,11,1,0.9117647058823529,0.71875,0.19301470588235292,11.0,93.671875,82.671875,1840.522727359633,1658.9260336598982,181.59669369973494,0.7398818575462075
1245,2019,1209,1222,14,3,-11,0,0.71875,0.9117647058823529,0.19301470588235292,11.0,93.671875,82.671875,1658.9260336598982,1840.522727359633,-181.59669369973494,0.2601181424537925
1246,2019,1234,1153,10,7,-3,1,0.6666666666666666,0.8235294117647058,-0.1568627450980392,39.8125,24.492537313432837,-15.319962686567163,1638.1750613210459,1838.256071370592,-200.0810100495462,0.24016796348950717
1247,2019,1153,1234,7,10,3,0,0.8235294117647058,0.6666666666666666,-0.1568627450980392,39.8125,24.492537313432837,-15.319962686567163,1838.256071370592,1638.1750613210459,200.0810100495462,0.7598320365104928
1248,2019,1251,1280,12,5,-7,1,0.8064516129032258,0.696969696969697,0.10948191593352874,77.71875,22.5,-55.21875,1648.8950884731614,1719.4974530333188,-70.60236456015741,0.3997708765396288
1249,2019,1280,1251,5,12,7,0,0.696969696969697,0.8064516129032258,0.10948191593352874,77.71875,22.5,-55.21875,1719.4974530333188,1648.8950884731614,70.60236456015741,0.6002291234603712
1250,2019,1314,1233,1,16,15,1,0.8181818181818182,0.53125,0.28693181818181823,4.1940298507462686,200.828125,196.63409514925374,1920.2669023641122,1548.3054706561402,371.961431707972,0.8948418997096824
1251,2019,1233,1314,16,1,-15,0,0.53125,0.8181818181818182,0.28693181818181823,4.1940298507462686,200.828125,196.63409514925374,1548.3054706561402,1920.2669023641122,-371.961431707972,0.10515810029031758
1252,2019,1326,1235,11,6,-5,1,0.5757575757575758,0.6764705882352942,-0.10071301247771836,47.40625,21.16417910447761,-26.24207089552239,1660.9256914561097,1719.4537342566375,-58.52804280052783,0.41655917674256093
1253,2019,1235,1326,6,11,5,0,0.6764705882352942,0.5757575757575758,-0.10071301247771836,47.40625,21.16417910447761,-26.24207089552239,1719.4537342566375,1660.9256914561097,58.52804280052783,0.5834408232574391
1254,2019,1328,1279,9,8,-1,1,0.59375,0.625,-0.03125,38.546875,45.875,7.328125,1659.7333880712247,1620.0338309534243,39.699557117800396,0.556884900224793
1255,2019,1279,1328,8,9,1,0,0.625,0.59375,-0.03125,38.546875,45.875,7.328125,1620.0338309534243,1659.7333880712247,-39.699557117800396,0.443115099775207
1256,2019,1332,1458,12,5,-7,1,0.6571428571428571,0.696969696969697,-0.03982683982683988,45.765625,18.850746268656717,-26.914878731343283,1719.3331272206299,1738.7934729838641,-19.460345763234272,0.4720235616840073
1257,2019,1458,1332,5,12,7,0,0.696969696969697,0.6571428571428571,-0.03982683982683988,45.765625,18.850746268656717,-26.914878731343283,1738.7934729838641,1719.3331272206299,19.460345763234272,0.5279764383159927
1258,2019,1397,1159,2,15,13,1,0.8484848484848485,0.696969696969697,0.1515151515151515,6.731343283582089,122.921875,116.19053171641791,1871.2390183052032,1597.6633156851967,273.5757026200065,0.8284708368513474
1259,2019,1159,1397,15,2,-13,0,0.696969696969697,0.8484848484848485,0.1515151515151515,6.731343283582089,122.921875,116.19053171641791,1597.6633156851967,1871.2390183052032,-273.5757026200065,0.17152916314865263
1260,2019,1403,1297,3,14,11,1,0.8125,0.75,0.0625,10.552238805970148,98.75,88.19776119402985,1828.5913635225143,1616.480543819426,212.11081970308828,0.7722408951159002
1261,2019,1297,1403,14,3,-11,0,0.75,0.8125,0.0625,10.552238805970148,98.75,88.19776119402985,1616.480543819426,1828.5913635225143,-212.11081970308828,0.22775910488409978
1262,2019,1414,1243,13,4,-9,1,0.8529411764705882,0.7575757575757576,0.09536541889483063,66.984375,20.55223880597015,-46.43213619402985,1704.1509082753319,1803.8616366139306,-99.71072833859876,0.36031871711735297
1263,2019,1243,1414,4,13,9,0,0.7575757575757576,0.8529411764705882,0.09536541889483063,66.984375,20.55223880597015,-46.43213619402985,1803.8616366139306,1704.1509082753319,99.71072833859876,0.639681282882647
1264,2019,1416,1433,9,8,-1,1,0.7419354838709677,0.78125,-0.03931451612903225,37.9375,36.828125,-1.109375,1705.696045139449,1707.8224440246504,-2.126398885201297,0.4969399042236692
1265,2019,1433,1416,8,9,1,0,0.78125,0.7419354838709677,-0.03931451612903225,37.9375,36.828125,-1.109375,1707.8224440246504,1705.696045139449,2.126398885201297,0.5030600957763308
1266,2019,1438,1205,1,16,15,1,0.90625,0.6451612903225806,0.2610887096774194,1.8507462686567164,163.65625,161.8055037313433,1980.0581647522315,1547.534106438909,432.5240583133225,0.9234242710865852
1267,2019,1205,1438,16,1,-15,0,0.6451612903225806,0.90625,0.2610887096774194,1.8507462686567164,163.65625,161.8055037313433,1547.534106438909,1980.0581647522315,-432.5240583133225,0.0765757289134148
1268,2019,1439,1387,4,13,9,1,0.75,0.6571428571428571,0.09285714285714286,15.925373134328359,92.328125,76.40275186567165,1768.8726351841203,1619.1927308803515,149.6799043037688,0.7030004254988902
1269,2019,1387,1439,13,4,-9,0,0.6571428571428571,0.75,0.09285714285714286,15.925373134328359,92.328125,76.40275186567165,1619.1927308803515,1768.8726351841203,-149.6799043037688,0.2969995745011098
1270,2019,1449,1429,9,8,-1,1,0.7647058823529411,0.8181818181818182,-0.05347593582887711,41.046875,34.621212121212125,-6.425662878787875,1715.1172622784256,1724.6949630124204,-9.577700733994789,0.48622007108516074
1271,2019,1429,1449,8,9,1,0,0.8181818181818182,0.7647058823529411,-0.05347593582887711,41.046875,34.621212121212125,-6.425662878787875,1724.6949630124204,1715.1172622784256,9.577700733994789,0.5137799289148393
1272,2019,1120,1242,5,4,-1,1,0.7352941176470589,0.7352941176470589,0.0,14.26865671641791,15.552238805970148,1.2835820895522385,1823.7335817667265,1868.272907946399,-44.53932617967257,0.4362515853078775
1273,2019,1242,1120,4,5,1,0,0.7352941176470589,0.7352941176470589,0.0,14.26865671641791,15.552238805970148,1.2835820895522385,1868.272907946399,1823.7335817667265,44.53932617967257,0.5637484146921226
1274,2019,1199,1293,4,12,8,1,0.7941176470588235,0.8620689655172413,-0.06795131845841784,13.134328358208956,48.296875,35.162546641791046,1856.3180622794443,1749.279585295458,107.03847698398636,0.6493453814581396
1275,2019,1293,1199,12,4,-8,0,0.8620689655172413,0.7941176470588235,-0.06795131845841784,13.134328358208956,48.296875,35.162546641791046,1749.279585295458,1856.3180622794443,-107.03847698398636,0.3506546185418604
1276,2019,1211,1124,1,9,8,1,0.9090909090909091,0.59375,0.31534090909090906,4.358208955223881,47.53125,43.17304104477612,1928.484013069197,1690.3438779660844,238.1401351031127,0.7975166115006292
1277,2019,1124,1211,9,1,-8,0,0.59375,0.9090909090909091,0.31534090909090906,4.358208955223881,47.53125,43.17304104477612,1690.3438779660844,1928.484013069197,-238.1401351031127,0.20248338849937075
1278,2019,1246,1459,2,7,5,1,0.8181818181818182,0.8666666666666667,-0.048484848484848464,7.223880597014926,23.34328358208955,16.119402985074625,1867.3567477306933,1760.4696296680008,106.88711806269248,0.6491469659887457
1279,2019,1459,1246,7,2,-5,0,0.8666666666666667,0.8181818181818182,-0.048484848484848464,7.223880597014926,23.34328358208955,16.119402985074625,1760.4696296680008,1867.3567477306933,-106.88711806269248,0.35085303401125434
1280,2019,1261,1268,3,6,3,1,0.8125,0.6875,0.125,16.08955223880597,26.140625,10.051072761194028,1789.959854125904,1725.8546397673,64.10521435860414,0.5912219800414086
1281,2019,1268,1261,6,3,-3,0,0.6875,0.8125,0.125,16.08955223880597,26.140625,10.051072761194028,1725.8546397673,1789.959854125904,-64.10521435860414,0.4087780199585914
1282,2019,1276,1196,2,10,8,1,0.8235294117647058,0.5588235294117647,0.2647058823529411,7.17910447761194,36.96875,29.78964552238806,1880.3238624254686,1710.4759390812123,169.8479233442563,0.7266562240576188
1283,2019,1196,1276,10,2,-8,0,0.5588235294117647,0.8235294117647058,0.2647058823529411,7.17910447761194,36.96875,29.78964552238806,1710.4759390812123,1880.3238624254686,-169.8479233442563,0.27334377594238124
1284,2019,1277,1278,2,10,8,1,0.8235294117647058,0.6176470588235294,0.2058823529411764,5.149253731343284,44.9375,39.788246268656714,1906.614106259204,1665.920150000821,240.69395625838297,0.7998802015848159
1285,2019,1278,1277,10,2,-8,0,0.6176470588235294,0.8235294117647058,0.2058823529411764,5.149253731343284,44.9375,39.788246268656714,1665.920150000821,1906.614106259204,-240.69395625838297,0.20011979841518412
1286,2019,1345,1437,3,6,3,1,0.71875,0.7352941176470589,-0.016544117647058876,13.73134328358209,23.402985074626866,9.671641791044776,1804.9520170605842,1865.622674730012,-60.67065766942778,0.4135646988744257
1287,2019,1437,1345,6,3,-3,0,0.7352941176470589,0.71875,-0.016544117647058876,13.73134328358209,23.402985074626866,9.671641791044776,1865.622674730012,1804.9520170605842,60.67065766942778,0.5864353011255743
1288,2019,1181,1416,1,9,8,1,0.8529411764705882,0.7419354838709677,0.11100569259962045,2.0,37.9375,35.9375,1958.7210505853984,1720.787848012739,237.9332025726594,0.7973241838426136
1289,2019,1416,1181,9,1,-8,0,0.7419354838709677,0.8529411764705882,0.11100569259962045,2.0,37.9375,35.9375,1720.787848012739,1958.7210505853984,-237.9332025726594,0.2026758161573864
1290,2019,1222,1326,3,11,8,1,0.9117647058823529,0.5757575757575758,0.3360071301247771,11.0,47.40625,36.40625,1848.326271633247,1678.428916153833,169.89735547941405,0.7267127405554447
1291,2019,1326,1222,11,3,-8,0,0.5757575757575758,0.9117647058823529,0.3360071301247771,11.0,47.40625,36.40625,1678.428916153833,1848.326271633247,-169.89735547941405,0.27328725944455534
1292,2019,1314,1449,1,9,8,1,0.8181818181818182,0.7647058823529411,0.05347593582887711,4.1940298507462686,41.046875,36.85284514925373,1923.4216453728218,1730.5306601458708,192.890985226951,0.7521980411774077
1293,2019,1449,1314,9,1,-8,0,0.7647058823529411,0.8181818181818182,0.05347593582887711,4.1940298507462686,41.046875,36.85284514925373,1730.5306601458708,1923.4216453728218,-192.890985226951,0.24780195882259226
1294,2019,1332,1414,12,13,1,1,0.6571428571428571,0.8529411764705882,-0.19579831932773106,45.765625,66.984375,21.21875,1735.1724203701096,1723.3413467618113,11.831073608298311,0.5170197055314658
1295,2019,1414,1332,13,12,-1,0,0.8529411764705882,0.6571428571428571,-0.19579831932773106,45.765625,66.984375,21.21875,1723.3413467618113,1735.1724203701096,-11.831073608298311,0.4829802944685342
1296,2019,1397,1234,2,10,8,1,0.8484848484848485,0.6666666666666666,0.18181818181818188,6.731343283582089,39.8125,33.08115671641791,1876.3848931996629,1660.9700224163607,215.41487078330215,0.7755688315862661
1297,2019,1234,1397,10,2,-8,0,0.6666666666666666,0.8484848484848485,0.18181818181818188,6.731343283582089,39.8125,33.08115671641791,1660.9700224163607,1876.3848931996629,-215.41487078330215,0.2244311684137339
1298,2019,1403,1138,3,6,3,1,0.8125,0.9090909090909091,-0.09659090909090906,10.552238805970148,17.35820895522388,6.8059701492537314,1835.4241366690374,1829.6130137373002,5.811122931737145,0.5083620983939012
1299,2019,1138,1403,6,3,-3,0,0.9090909090909091,0.8125,-0.09659090909090906,10.552238805970148,17.35820895522388,6.8059701492537314,1829.6130137373002,1835.4241366690374,-5.811122931737145,0.49163790160609877
1300,2019,1438,1328,1,9,8,1,0.90625,0.59375,0.3125,1.8507462686567164,38.546875,36.696128731343286,1982.355436619634,1673.0268410644808,309.32859555515324,0.8557756938182038
1301,2019,1328,1438,9,1,-8,0,0.59375,0.90625,0.3125,1.8507462686567164,38.546875,36.696128731343286,1673.0268410644808,1982.355436619634,-309.32859555515324,0.14422430618179616
1302,2019,1439,1251,4,12,8,1,0.75,0.8064516129032258,-0.056451612903225756,15.925373134328359,77.71875,61.79337686567164,1777.7826224191535,1666.9019621769726,110.88066024218097,0.654364636686488
1303,2019,1251,1439,12,4,-8,0,0.8064516129032258,0.75,-0.056451612903225756,15.925373134328359,77.71875,61.79337686567164,1666.9019621769726,1777.7826224191535,-110.88066024218097,0.34563536331351197
1304,2019,1211,1199,1,4,3,1,0.9090909090909091,0.7941176470588235,0.11497326203208558,4.358208955223881,13.134328358208956,8.776119402985074,1934.5585147241782,1866.8377008357002,67.720813888478,0.5962423382416164
1305,2019,1199,1211,4,1,-3,0,0.7941176470588235,0.9090909090909091,0.11497326203208558,4.358208955223881,13.134328358208956,8.776119402985074,1866.8377008357002,1934.5585147241782,-67.720813888478,0.40375766175838357
1306,2019,1345,1397,3,2,-1,1,0.71875,0.8484848484848485,-0.1297348484848485,13.73134328358209,6.731343283582089,-7.000000000000001,1822.5450760943515,1883.117828252075,-60.57275215772347,0.4137013922758862
1307,2019,1397,1345,2,3,1,0,0.8484848484848485,0.71875,-0.1297348484848485,13.73134328358209,6.731343283582089,-7.000000000000001,1883.117828252075,1822.5450760943515,60.57275215772347,0.5862986077241138
1308,2019,1403,1276,3,2,-1,1,0.8125,0.8235294117647058,-0.011029411764705843,10.552238805970148,7.17910447761194,-3.3731343283582085,1850.1732737172204,1888.5241757037402,-38.35090198651983,0.4450316855199838
1309,2019,1276,1403,2,3,1,0,0.8235294117647058,0.8125,-0.011029411764705843,10.552238805970148,7.17910447761194,-3.3731343283582085,1888.5241757037402,1850.1732737172204,38.35090198651983,0.5549683144800162
1310,2019,1438,1332,1,12,11,1,0.90625,0.6571428571428571,0.24910714285714286,1.8507462686567164,45.765625,43.914878731343286,1986.6821658050878,1749.6618292041658,237.02033660092206,0.7964736773056619
1311,2019,1332,1438,12,1,-11,0,0.6571428571428571,0.90625,0.24910714285714286,1.8507462686567164,45.765625,43.914878731343286,1749.6618292041658,1986.6821658050878,-237.02033660092206,0.20352632269433812
1312,2019,1120,1314,5,1,-4,1,0.7352941176470589,0.8181818181818182,-0.08288770053475936,14.26865671641791,4.1940298507462686,-10.074626865671641,1840.6460342074902,1930.8557041374995,-90.20966993000934,0.37301859712495605
1313,2019,1314,1120,1,5,4,0,0.8181818181818182,0.7352941176470589,-0.08288770053475936,14.26865671641791,4.1940298507462686,-10.074626865671641,1930.8557041374995,1840.6460342074902,90.20966993000934,0.626981402875044
1314,2019,1181,1439,1,4,3,1,0.8529411764705882,0.75,0.1029411764705882,2.0,15.925373134328359,13.925373134328359,1964.80132507012,1788.151683318559,176.64964175156092,0.7343638461920565
1315,2019,1439,1181,4,1,-3,0,0.75,0.8529411764705882,0.1029411764705882,2.0,15.925373134328359,13.925373134328359,1788.151683318559,1964.80132507012,-176.64964175156092,0.2656361538079435
1316,2019,1246,1222,2,3,1,1,0.8181818181818182,0.9117647058823529,-0.09358288770053469,7.223880597014926,11.0,3.776119402985074,1877.882338751031,1856.5248894165836,21.357449334447438,0.5306971841850024
1317,2019,1222,1246,3,2,-1,0,0.9117647058823529,0.8181818181818182,-0.09358288770053469,7.223880597014926,11.0,3.776119402985074,1856.5248894165836,1877.882338751031,-21.357449334447438,0.46930281581499755
1318,2019,1277,1261,2,3,1,1,0.8235294117647058,0.8125,0.011029411764705843,5.149253731343284,16.08955223880597,10.940298507462689,1912.6177002116594,1802.2231947246619,110.39450548699756,0.6537314152674766
1319,2019,1261,1277,3,2,-1,0,0.8125,0.8235294117647058,0.011029411764705843,5.149253731343284,16.08955223880597,10.940298507462689,1802.2231947246619,1912.6177002116594,-110.39450548699756,0.3462685847325234
1320,2019,1403,1211,3,1,-2,1,0.8125,0.9090909090909091,-0.09659090909090906,10.552238805970148,4.358208955223881,-6.194029850746268,1866.8223231516208,1946.6712445769297,-79.84892142530884,0.38706948785061074
1321,2019,1211,1403,1,3,2,0,0.9090909090909091,0.8125,-0.09659090909090906,10.552238805970148,4.358208955223881,-6.194029850746268,1946.6712445769297,1866.8223231516208,79.84892142530884,0.6129305121493893
1322,2019,1438,1345,1,3,2,1,0.90625,0.71875,0.1875,1.8507462686567164,13.73134328358209,11.880597014925375,1992.787955485918,1840.134034326075,152.6539211598431,0.70656242018853
1323,2019,1345,1438,3,1,-2,0,0.71875,0.90625,0.1875,1.8507462686567164,13.73134328358209,11.880597014925375,1840.134034326075,1992.787955485918,-152.6539211598431,0.29343757981147
1324,2019,1120,1246,5,2,-3,1,0.7352941176470589,0.8181818181818182,-0.08288770053475936,14.26865671641791,7.223880597014926,-7.044776119402984,1859.4554762937414,1891.961423225481,-32.50594693173957,0.45335619998610466
1325,2019,1246,1120,2,5,3,0,0.8181818181818182,0.7352941176470589,-0.08288770053475936,14.26865671641791,7.223880597014926,-7.044776119402984,1891.961423225481,1859.4554762937414,32.50594693173957,0.5466438000138953
1326,2019,1277,1181,2,1,-1,1,0.8235294117647058,0.8529411764705882,-0.02941176470588236,5.149253731343284,2.0,-3.1492537313432836,1923.0057577536352,1972.7704096843581,-49.76465193072295,0.428868688970971
1327,2019,1181,1277,1,2,1,0,0.8529411764705882,0.8235294117647058,-0.02941176470588236,5.149253731343284,2.0,-3.1492537313432836,1972.7704096843581,1923.0057577536352,49.76465193072295,0.571131311029029
1328,2019,1403,1277,3,2,-1,1,0.8125,0.8235294117647058,-0.011029411764705843,10.552238805970148,5.149253731343284,-5.402985074626865,1885.2102385161024,1940.139697084506,-54.92945856840356,0.42160226599823264
1329,2019,1277,1403,2,3,1,0,0.8235294117647058,0.8125,-0.011029411764705843,10.552238805970148,5.149253731343284,-5.402985074626865,1940.139697084506,1885.2102385161024,54.92945856840356,0.5783977340017674
1330,2019,1438,1120,1,5,4,1,0.90625,0.7352941176470589,0.17095588235294112,1.8507462686567164,14.26865671641791,12.417910447761194,2001.591082880262,1875.8547902941582,125.7362925861039,0.6734424359083723
1331,2019,1120,1438,5,1,-4,0,0.7352941176470589,0.90625,0.17095588235294112,1.8507462686567164,14.26865671641791,12.417910447761194,1875.8547902941582,2001.591082880262,-125.7362925861039,0.32655756409162773
1332,2019,1438,1403,1,3,2,1,0.90625,0.8125,0.09375,1.8507462686567164,10.552238805970148,8.701492537313431,2011.387809803011,1902.5621705361555,108.82563926685543,0.6516842425732363
1333,2019,1403,1438,3,1,-2,0,0.8125,0.90625,0.09375,1.8507462686567164,10.552238805970148,8.701492537313431,1902.5621705361555,2011.387809803011,-108.82563926685543,0.3483157574267637
1334,2021,1179,1455,11,11,0,1,0.8518518518518519,0.7368421052631579,0.115009746588694,54.05769230769231,57.30769230769231,3.25,1675.570622389898,1718.0086188727382,-42.43799648284016,0.4392287438873713
1335,2021,1455,1179,11,11,0,0,0.7368421052631579,0.8518518518518519,0.115009746588694,54.05769230769231,57.30769230769231,3.25,1718.0086188727382,1675.570622389898,42.43799648284016,0.5607712561126287
1336,2021,1313,1111,16,16,0,1,0.6666666666666666,0.5416666666666666,0.125,188.98076923076923,181.19230769230768,-7.788461538461547,1483.1770139122852,1532.3366757944539,-49.15966188216862,0.42972192934480463
1337,2021,1111,1313,16,16,0,0,0.5416666666666666,0.6666666666666666,0.125,188.98076923076923,181.19230769230768,-7.788461538461547,1532.3366757944539,1483.1770139122852,49.15966188216862,0.5702780706551953
1338,2021,1411,1291,16,16,0,1,0.6521739130434783,0.5454545454545454,0.10671936758893286,190.76923076923077,189.44230769230768,-1.3269230769230944,1541.2872700258513,1441.5344787022348,99.75279132361652,0.6397370902534217
1339,2021,1291,1411,16,16,0,0,0.5454545454545454,0.6521739130434783,0.10671936758893286,190.76923076923077,189.44230769230768,-1.3269230769230944,1441.5344787022348,1541.2872700258513,-99.75279132361652,0.36026290974657826
1340,2021,1417,1277,11,11,0,1,0.6538461538461539,0.5555555555555556,0.09829059829059827,45.59615384615385,60.5,14.903846153846153,1659.066889747291,1725.888470324032,-66.82158057674087,0.4050044339774701
1341,2021,1277,1417,11,11,0,0,0.5555555555555556,0.6538461538461539,0.09829059829059827,45.59615384615385,60.5,14.903846153846153,1725.888470324032,1659.066889747291,66.82158057674087,0.5949955660225299
1342,2021,1116,1159,3,14,11,1,0.7857142857142857,0.9333333333333333,-0.14761904761904765,13.148148148148149,40.09615384615385,26.948005698005698,1742.4683048878996,1666.696555951685,75.77174893621464,0.6073477696753012
1343,2021,1159,1116,14,3,-11,0,0.9333333333333333,0.7857142857142857,-0.14761904761904765,13.148148148148149,40.09615384615385,26.948005698005698,1666.696555951685,1742.4683048878996,-75.77174893621464,0.39265223032469876
1344,2021,1124,1216,1,16,15,1,0.9166666666666666,0.6521739130434783,0.26449275362318836,3.074074074074074,174.30769230769232,171.23361823361824,1915.0805509542547,1525.1726544550284,389.90789649922635,0.9041742168209254
1345,2021,1216,1124,16,1,-15,0,0.6521739130434783,0.9166666666666666,0.26449275362318836,3.074074074074074,174.30769230769232,171.23361823361824,1525.1726544550284,1915.0805509542547,-389.90789649922635,0.09582578317907464
1346,2021,1196,1439,7,10,3,1,0.6086956521739131,0.7142857142857143,-0.10559006211180122,41.09615384615385,47.388888888888886,6.292735042735039,1669.7296549589134,1657.9796728885383,11.749982070375154,0.5169031397217483
1347,2021,1439,1196,10,7,-3,0,0.7142857142857143,0.6086956521739131,-0.10559006211180122,41.09615384615385,47.388888888888886,6.292735042735039,1657.9796728885383,1669.7296549589134,-11.749982070375154,0.4830968602782517
1348,2021,1222,1156,2,15,13,1,0.8846153846153846,0.7307692307692307,0.15384615384615385,5.185185185185185,144.0,138.8148148148148,1839.059345431398,1537.4427795020063,301.61656592939175,0.8502094213912275
1349,2021,1156,1222,15,2,-13,0,0.7307692307692307,0.8846153846153846,0.15384615384615385,5.185185185185185,144.0,138.8148148148148,1537.4427795020063,1839.059345431398,-301.61656592939175,0.14979057860877254
1350,2021,1228,1180,1,16,15,1,0.7931034482758621,0.631578947368421,0.16152450090744108,3.7037037037037037,142.46153846153845,138.75783475783476,1831.4810614315459,1521.5399502701066,309.94111116143927,0.8562103304817634
1351,2021,1180,1228,16,1,-15,0,0.631578947368421,0.7931034482758621,0.16152450090744108,3.7037037037037037,142.46153846153845,138.75783475783476,1521.5399502701066,1831.4810614315459,-309.94111116143927,0.14378966951823657
1352,2021,1260,1210,8,9,1,1,0.8461538461538461,0.68,0.1661538461538461,23.85185185185185,34.25,10.398148148148149,1740.6469473028615,1721.3282378961728,19.31870940668864,0.5277732407293382
1353,2021,1210,1260,9,8,-1,0,0.68,0.8461538461538461,0.1661538461538461,23.85185185185185,34.25,10.398148148148149,1721.3282378961728,1740.6469473028615,-19.31870940668864,0.4722267592706618
1354,2021,1317,1345,13,4,-9,1,0.64,0.6666666666666666,-0.026666666666666616,74.63461538461539,22.685185185185187,-51.949430199430196,1609.5252393963858,1724.2974266010751,-114.77218720468932,0.34058646714498336
1355,2021,1345,1317,4,13,9,0,0.6666666666666666,0.64,-0.026666666666666616,74.63461538461539,22.685185185185187,-51.949430199430196,1724.2974266010751,1609.5252393963858,114.77218720468932,0.6594135328550166
1356,2021,1329,1251,4,13,9,1,0.7142857142857143,0.7916666666666666,-0.07738095238095233,21.75925925925926,94.32692307692308,72.56766381766383,1775.9080706833622,1685.5853980001523,90.32267268320993,0.6271335255588769
1357,2021,1251,1329,13,4,-9,0,0.7916666666666666,0.7142857142857143,-0.07738095238095233,21.75925925925926,94.32692307692308,72.56766381766383,1685.5853980001523,1775.9080706833622,-90.32267268320993,0.3728664744411231
1358,2021,1331,1326,15,2,-13,1,0.5652173913043478,0.7,-0.13478260869565217,159.59615384615384,10.61111111111111,-148.98504273504273,1525.0527129856737,1754.4134419754646,-229.3607289897909,0.21076730626020107
1359,2021,1326,1331,2,15,13,0,0.7,0.5652173913043478,-0.13478260869565217,159.59615384615384,10.61111111111111,-148.98504273504273,1754.4134419754646,1525.0527129856737,229.3607289897909,0.7892326937397989
1360,2021,1333,1397,12,5,-7,1,0.5714285714285714,0.6923076923076923,-0.1208791208791209,76.78846153846153,21.384615384615383,-55.403846153846146,1647.7494097874057,1690.3970348078992,-42.64762502049348,0.43893154259060474
1361,2021,1397,1333,5,12,7,0,0.6923076923076923,0.5714285714285714,-0.1208791208791209,76.78846153846153,21.384615384615383,-55.403846153846146,1690.3970348078992,1647.7494097874057,42.64762502049348,0.5610684574093953
1362,2021,1353,1155,10,7,-3,1,0.5769230769230769,0.6956521739130435,-0.11872909698996659,42.44230769230769,38.30769230769231,-4.134615384615387,1646.8626528671425,1685.3781351353332,-38.51548226819068,0.4447977102423847
1363,2021,1155,1353,7,10,3,0,0.6956521739130435,0.5769230769230769,-0.11872909698996659,42.44230769230769,38.30769230769231,-4.134615384615387,1685.3781351353332,1646.8626528671425,38.51548226819068,0.5552022897576153
1364,2021,1393,1361,11,6,-5,1,0.64,0.8461538461538461,-0.20615384615384613,46.61538461538461,16.185185185185187,-30.430199430199426,1675.9797986930719,1803.179715968267,-127.19991727519505,0.32470740568818335
1365,2021,1361,1393,6,11,5,0,0.8461538461538461,0.64,-0.20615384615384613,46.61538461538461,16.185185185185187,-30.430199430199426,1803.179715968267,1675.9797986930719,127.19991727519505,0.6752925943118167
1366,2021,1403,1429,6,11,5,1,0.6296296296296297,0.7037037037037037,-0.07407407407407407,24.574074074074073,42.30769230769231,17.733618233618234,1698.1274414366244,1702.4860578153532,-4.3586163787288115,0.49372777584944894
1367,2021,1429,1403,11,6,-5,0,0.7037037037037037,0.6296296296296297,-0.07407407407407407,24.574074074074073,42.30769230769231,17.733618233618234,1702.4860578153532,1698.1274414366244,4.3586163787288115,0.5062722241505511
1368,2021,1437,1457,5,12,7,1,0.7272727272727273,0.9583333333333334,-0.23106060606060608,19.203703703703702,66.71153846153847,47.507834757834765,1780.0410277957335,1691.7806463689215,88.26038142681205,0.6243533648252998
1369,2021,1457,1437,12,5,-7,0,0.9583333333333334,0.7272727272727273,-0.23106060606060608,19.203703703703702,66.71153846153847,47.507834757834765,1691.7806463689215,1780.0410277957335,-88.26038142681205,0.3756466351747002
1370,2021,1452,1287,3,14,11,1,0.6666666666666666,0.75,-0.08333333333333337,20.22222222222222,114.61538461538461,94.39316239316238,1736.2834293071476,1602.6221651329993,133.6612641741483,0.6833945678776578
1371,2021,1287,1452,14,3,-11,0,0.75,0.6666666666666666,-0.08333333333333337,20.22222222222222,114.61538461538461,94.39316239316238,1602.6221651329993,1736.2834293071476,-133.6612641741483,0.31660543212234216
1372,2021,1458,1314,9,8,-1,1,0.5862068965517241,0.6428571428571429,-0.05665024630541882,27.96153846153846,30.557692307692307,2.5961538461538467,1676.0842471027293,1714.419662336342,-38.33541523361282,0.4450537034920144
1373,2021,1314,1458,8,9,1,0,0.6428571428571429,0.5862068965517241,-0.05665024630541882,27.96153846153846,30.557692307692307,2.5961538461538467,1714.419662336342,1676.0842471027293,38.33541523361282,0.5549462965079857
1374,2021,1101,1400,14,3,-11,1,0.8260869565217391,0.7307692307692307,0.09531772575250841,83.15384615384616,16.85185185185185,-66.30199430199431,1635.9422597532748,1771.4175449064678,-135.475285153193,0.3143503984061808
1375,2021,1400,1101,3,14,11,0,0.7307692307692307,0.8260869565217391,0.09531772575250841,83.15384615384616,16.85185185185185,-66.30199430199431,1771.4175449064678,1635.9422597532748,135.475285153193,0.6856496015938192
1376,2021,1104,1233,2,15,13,1,0.8,0.7058823529411765,0.09411764705882353,6.833333333333333,143.40384615384616,136.57051282051282,1793.3753236471077,1528.2377818406558,265.13754180645196,0.8214576239322342
1377,2021,1233,1104,15,2,-13,0,0.7058823529411765,0.8,0.09411764705882353,6.833333333333333,143.40384615384616,136.57051282051282,1528.2377818406558,1793.3753236471077,-265.13754180645196,0.1785423760677658
1378,2021,1160,1207,5,12,7,1,0.7333333333333333,0.52,0.21333333333333326,20.01851851851852,60.69230769230769,40.673789173789174,1717.8497887162334,1642.0469506499999,75.80283806623356,0.6073904474171125
1379,2021,1207,1160,12,5,-7,0,0.52,0.7333333333333333,0.21333333333333326,20.01851851851852,60.69230769230769,40.673789173789174,1642.0469506499999,1717.8497887162334,-75.80283806623356,0.39260955258288754
1380,2021,1166,1364,5,12,7,1,0.7142857142857143,0.8333333333333334,-0.11904761904761907,21.85185185185185,65.98039215686275,44.1285403050109,1765.7120585625464,1661.2352070759787,104.47685148656774,0.645980449867501
1381,2021,1364,1166,12,5,-7,0,0.8333333333333334,0.7142857142857143,-0.11904761904761907,21.85185185185185,65.98039215686275,44.1285403050109,1661.2352070759787,1765.7120585625464,-104.47685148656774,0.354019550132499
1382,2021,1199,1422,4,13,9,1,0.7272727272727273,0.7241379310344828,0.0031347962382445305,19.14814814814815,90.3921568627451,71.24400871459694,1779.9428840922503,1666.865061612007,113.07782248024341,0.6572196159182115
1383,2021,1422,1199,13,4,-9,0,0.7241379310344828,0.7272727272727273,0.0031347962382445305,19.14814814814815,90.3921568627451,71.24400871459694,1666.865061612007,1779.9428840922503,-113.07782248024341,0.34278038408178846
1384,2021,1211,1313,1,16,15,1,1.0,0.6666666666666666,0.33333333333333337,1.037037037037037,188.98076923076923,187.9437321937322,2024.1113798815052,1500.285356031941,523.8260238495641,0.9532643495077842
1385,2021,1313,1211,16,1,-15,0,0.6666666666666666,1.0,0.33333333333333337,1.037037037037037,188.98076923076923,187.9437321937322,1500.285356031941,2024.1113798815052,-523.8260238495641,0.04673565049221584
1386,2021,1234,1213,2,15,13,1,0.7241379310344828,0.7,0.024137931034482807,8.055555555555555,110.46153846153847,102.40598290598291,1772.7609606025105,1557.330297054308,215.43066354820257,0.7755846552303302
1387,2021,1213,1234,15,2,-13,0,0.7,0.7241379310344828,0.024137931034482807,8.055555555555555,110.46153846153847,102.40598290598291,1557.330297054308,1772.7609606025105,-215.43066354820257,0.22441534476966984
1388,2021,1242,1186,3,14,11,1,0.7037037037037037,0.6818181818181818,0.021885521885521952,16.09259259259259,106.3076923076923,90.21509971509971,1852.9214870869744,1630.010622408745,222.91086467822947,0.7829902712033615
1389,2021,1186,1242,14,3,-11,0,0.6818181818181818,0.7037037037037037,0.021885521885521952,16.09259259259259,106.3076923076923,90.21509971509971,1630.010622408745,1852.9214870869744,-222.91086467822947,0.2170097287966385
1390,2021,1261,1382,8,9,1,1,0.6666666666666666,0.8,-0.13333333333333341,26.384615384615383,27.653846153846153,1.26923076923077,1722.3229995155823,1693.4201999667794,28.902799548802932,0.5414987868458067
1391,2021,1382,1261,9,8,-1,0,0.8,0.6666666666666666,-0.13333333333333341,26.384615384615383,27.653846153846153,1.26923076923077,1693.4201999667794,1722.3229995155823,-28.902799548802932,0.45850121315419334
1392,2021,1268,1163,10,7,-3,1,0.5357142857142857,0.6818181818181818,-0.14610389610389607,42.75,26.576923076923077,-16.173076923076923,1671.2557109269364,1693.0681686858609,-21.812457758924438,0.4686505270282207
1393,2021,1163,1268,7,10,3,0,0.6818181818181818,0.5357142857142857,-0.14610389610389607,42.75,26.576923076923077,-16.173076923076923,1693.0681686858609,1671.2557109269364,21.812457758924438,0.5313494729717794
1394,2021,1276,1411,1,16,15,1,0.8333333333333334,0.6521739130434783,0.1811594202898551,4.833333333333333,190.76923076923077,185.93589743589743,1802.5922733627904,1552.0951573182485,250.49711604454183,0.8087606629593401
1395,2021,1411,1276,16,1,-15,0,0.6521739130434783,0.8333333333333334,0.1811594202898551,4.833333333333333,190.76923076923077,185.93589743589743,1552.0951573182485,1802.5922733627904,-250.49711604454183,0.19123933704065987
1396,2021,1325,1438,13,4,-9,1,0.6818181818181818,0.75,-0.06818181818181823,83.40384615384616,17.796296296296298,-65.60754985754986,1609.491810559595,1831.759816950686,-222.26800639109092,0.2176391785432637
1397,2021,1438,1325,4,13,9,0,0.75,0.6818181818181818,-0.06818181818181823,83.40384615384616,17.796296296296298,-65.60754985754986,1831.759816950686,1609.491810559595,222.26800639109092,0.7823608214567364
1398,2021,1328,1281,8,9,1,1,0.6,0.64,-0.040000000000000036,41.23076923076923,41.44230769230769,0.2115384615384599,1671.7238122364224,1648.9831338628198,22.740678373602577,0.532679812500436
1399,2021,1281,1328,9,8,-1,0,0.64,0.6,-0.040000000000000036,41.23076923076923,41.44230769230769,0.2115384615384599,1648.9831338628198,1671.7238122364224,-22.740678373602577,0.46732018749956405
1400,2021,1417,1140,11,6,-5,1,0.6538461538461539,0.76,-0.10615384615384615,45.59615384615385,20.90566037735849,-24.690493468795356,1676.916756727967,1754.4854493609043,-77.56869263293743,0.3901881785364869
1401,2021,1140,1417,6,11,5,0,0.76,0.6538461538461539,-0.10615384615384615,45.59615384615385,20.90566037735849,-24.690493468795356,1754.4854493609043,1676.916756727967,77.56869263293743,0.6098118214635131
1402,2021,1425,1179,6,11,5,1,0.7586206896551724,0.8518518518518519,-0.09323116219667948,16.796296296296298,54.05769230769231,37.26139601139601,1726.6118108183118,1692.393760073277,34.218050745034816,0.5490851309958443
1403,2021,1179,1425,11,6,-5,0,0.8518518518518519,0.7586206896551724,-0.09323116219667948,16.796296296296298,54.05769230769231,37.26139601139601,1692.393760073277,1726.6118108183118,-34.218050745034816,0.45091486900415567
1404,2021,1116,1403,3,6,3,1,0.7857142857142857,0.6296296296296297,0.15608465608465605,13.148148148148149,24.574074074074073,11.425925925925924,1754.2478717976405,1713.315608161141,40.932263636499556,0.5586352316475316
1405,2021,1403,1116,6,3,-3,0,0.6296296296296297,0.7857142857142857,0.15608465608465605,13.148148148148149,24.574074074074073,11.425925925925924,1713.315608161141,1754.2478717976405,-40.932263636499556,0.4413647683524684
1406,2021,1124,1458,1,9,8,1,0.9166666666666666,0.5862068965517241,0.33045977011494254,3.074074074074074,27.96153846153846,24.887464387464387,1917.955324449627,1692.7326359979688,225.2226884516581,0.7852429907142998
1407,2021,1458,1124,9,1,-8,0,0.5862068965517241,0.9166666666666666,0.33045977011494254,3.074074074074074,27.96153846153846,24.887464387464387,1692.7326359979688,1917.955324449627,-225.2226884516581,0.21475700928570018
1408,2021,1222,1353,2,10,8,1,0.8846153846153846,0.5769230769230769,0.3076923076923077,5.185185185185185,42.44230769230769,37.25712250712251,1843.5530627896612,1663.518721559871,180.03434122979024,0.7381472438689605
1409,2021,1353,1222,10,2,-8,0,0.5769230769230769,0.8846153846153846,0.3076923076923077,5.185185185185185,42.44230769230769,37.25712250712251,1663.518721559871,1843.5530627896612,-180.03434122979024,0.26185275613103953
1410,2021,1260,1228,8,1,-7,1,0.8461538461538461,0.7931034482758621,0.053050397877984046,23.85185185185185,3.7037037037037037,-20.14814814814815,1754.8137500809812,1835.794751517093,-80.98100143611168,0.38552454661674035
1411,2021,1228,1260,1,8,7,0,0.7931034482758621,0.8461538461538461,0.053050397877984046,23.85185185185185,3.7037037037037037,-20.14814814814815,1835.794751517093,1754.8137500809812,80.98100143611168,0.6144754533832597
1412,2021,1331,1196,15,7,-8,1,0.5652173913043478,0.6086956521739131,-0.0434782608695653,159.59615384615384,41.09615384615385,-118.5,1548.7296937978676,1684.222560767261,-135.4928669693934,0.31432858479761466
1413,2021,1196,1331,7,15,8,0,0.6086956521739131,0.5652173913043478,-0.0434782608695653,159.59615384615384,41.09615384615385,-118.5,1684.222560767261,1548.7296937978676,135.4928669693934,0.6856714152023853
1414,2021,1333,1329,12,4,-8,1,0.5714285714285714,0.7142857142857143,-0.1428571428571429,76.78846153846153,21.75925925925926,-55.02920227920227,1664.5814635096876,1787.094064916596,-122.51260140690829,0.33065164969303656
1415,2021,1329,1333,4,12,8,0,0.7142857142857143,0.5714285714285714,-0.1428571428571429,76.78846153846153,21.75925925925926,-55.02920227920227,1787.094064916596,1664.5814635096876,122.51260140690829,0.6693483503069635
1416,2021,1393,1452,11,3,-8,1,0.64,0.6666666666666666,-0.026666666666666616,46.61538461538461,20.22222222222222,-26.39316239316239,1696.2385765224265,1745.7815922708178,-49.543015748391326,0.4291812220744772
1417,2021,1452,1393,3,11,8,0,0.6666666666666666,0.64,-0.026666666666666616,46.61538461538461,20.22222222222222,-26.39316239316239,1745.7815922708178,1696.2385765224265,49.543015748391326,0.5708187779255228
1418,2021,1437,1317,5,13,8,1,0.7272727272727273,0.64,0.08727272727272728,19.203703703703702,74.63461538461539,55.430911680911684,1791.3104268509744,1629.3076453820363,162.0027814689381,0.7175949679564684
1419,2021,1317,1437,13,5,-8,0,0.64,0.7272727272727273,0.08727272727272728,19.203703703703702,74.63461538461539,55.430911680911684,1629.3076453820363,1791.3104268509744,-162.0027814689381,0.2824050320435316
1420,2021,1104,1268,2,10,8,1,0.8,0.5357142857142857,0.26428571428571435,6.833333333333333,42.75,35.916666666666664,1798.7315949291408,1687.1961951160897,111.53539981305107,0.6552165769941095
1421,2021,1268,1104,10,2,-8,0,0.5357142857142857,0.8,0.26428571428571435,6.833333333333333,42.75,35.916666666666664,1687.1961951160897,1798.7315949291408,-111.53539981305107,0.3447834230058905
1422,2021,1166,1325,5,13,8,1,0.7142857142857143,0.6818181818181818,0.032467532467532534,21.85185185185185,83.40384615384616,61.55199430199431,1776.3326450665213,1632.9626352032972,143.37000986322414,0.6953610958755084
1423,2021,1325,1166,13,5,-8,0,0.6818181818181818,0.7142857142857143,0.032467532467532534,21.85185185185185,83.40384615384616,61.55199430199431,1632.9626352032972,1776.3326450665213,-143.37000986322414,0.30463890412449157
1424,2021,1199,1160,4,5,1,1,0.7272727272727273,0.7333333333333333,-0.006060606060605989,19.14814814814815,20.01851851851852,0.8703703703703702,1790.226295614704,1729.62807529372,60.598220320983955,0.5863341670625469
1425,2021,1160,1199,5,4,-1,0,0.7333333333333333,0.7272727272727273,-0.006060606060605989,19.14814814814815,20.01851851851852,0.8703703703703702,1729.62807529372,1790.226295614704,-60.598220320983955,0.41366583293745307
1426,2021,1211,1328,1,8,7,1,1.0,0.6,0.4,1.037037037037037,41.23076923076923,40.193732193732195,2025.5134493962717,1685.7434178614094,339.77003153486226,0.8760856787849947
1427,2021,1328,1211,8,1,-7,0,0.6,1.0,0.4,1.037037037037037,41.23076923076923,40.193732193732195,1685.7434178614094,2025.5134493962717,-339.77003153486226,0.12391432121500534
1428,2021,1276,1261,1,8,7,1,0.8333333333333334,0.6666666666666666,0.16666666666666674,4.833333333333333,26.384615384615383,21.55128205128205,1808.32945347401,1736.0780359102082,72.25141756380185,0.6025047566486881
1429,2021,1261,1276,8,1,-7,0,0.6666666666666666,0.8333333333333334,0.16666666666666674,4.833333333333333,26.384615384615383,21.55128205128205,1736.0780359102082,1808.32945347401,-72.25141756380185,0.3974952433513119
1430,2021,1332,1234,7,2,-5,1,0.7692307692307693,0.7241379310344828,0.04509283819628651,28.735849056603772,8.055555555555555,-20.68029350104822,1769.7227140650336,1779.4934209456005,-9.770706880566877,0.4859425281604517
1431,2021,1234,1332,2,7,5,0,0.7241379310344828,0.7692307692307693,0.04509283819628651,28.735849056603772,8.055555555555555,-20.68029350104822,1779.4934209456005,1769.7227140650336,9.770706880566877,0.5140574718395483
1432,2021,1417,1101,11,14,3,1,0.6538461538461539,0.8260869565217391,-0.17224080267558528,45.59615384615385,83.15384615384616,37.557692307692314,1695.2111113718722,1656.5117478010893,38.69936357078291,0.555463675349037
1433,2021,1101,1417,14,11,-3,0,0.8260869565217391,0.6538461538461539,-0.17224080267558528,45.59615384615385,83.15384615384616,37.557692307692314,1656.5117478010893,1695.2111113718722,-38.69936357078291,0.44453632465096304
1434,2021,1425,1242,6,3,-3,1,0.7586206896551724,0.7037037037037037,0.054916985951468655,16.796296296296298,16.09259259259259,-0.7037037037037059,1740.1392568884364,1859.4317789508734,-119.292522062437,0.33476691766023
1435,2021,1242,1425,3,6,3,0,0.7037037037037037,0.7586206896551724,0.054916985951468655,16.796296296296298,16.09259259259259,-0.7037037037037059,1859.4317789508734,1740.1392568884364,119.292522062437,0.6652330823397701
1436,2021,1116,1331,3,15,12,1,0.7857142857142857,0.5652173913043478,0.22049689440993792,13.148148148148149,159.59615384615384,146.4480056980057,1767.4888148482146,1569.2998362539392,198.18897859427534,0.7578388718021325
1437,2021,1331,1116,15,3,-12,0,0.5652173913043478,0.7857142857142857,0.22049689440993792,13.148148148148149,159.59615384615384,146.4480056980057,1569.2998362539392,1767.4888148482146,-198.18897859427534,0.2421611281978675
1438,2021,1124,1437,1,5,4,1,0.9166666666666666,0.7272727272727273,0.18939393939393934,3.074074074074074,19.203703703703702,16.12962962962963,1924.398034728198,1799.7825778122804,124.61545691591755,0.6720219313448598
1439,2021,1437,1124,5,1,-4,0,0.7272727272727273,0.9166666666666666,0.18939393939393934,3.074074074074074,19.203703703703702,16.12962962962963,1799.7825778122804,1924.398034728198,-124.61545691591755,0.32797806865514023
1440,2021,1222,1393,2,11,9,1,0.8846153846153846,0.64,0.24461538461538457,5.185185185185185,46.61538461538461,41.43019943019943,1851.4086454735925,1713.3631398601922,138.04550561340034,0.6888297189761584
1441,2021,1393,1222,11,2,-9,0,0.64,0.8846153846153846,0.24461538461538457,5.185185185185185,46.61538461538461,41.43019943019943,1713.3631398601922,1851.4086454735925,-138.04550561340034,0.3111702810238416
1442,2021,1333,1260,12,8,-4,1,0.5714285714285714,0.8461538461538461,-0.27472527472527475,76.78846153846153,23.85185185185185,-52.936609686609685,1684.6619140188966,1773.248013682479,-88.58609966358244,0.3752069859047405
1443,2021,1260,1333,8,12,4,0,0.8461538461538461,0.5714285714285714,-0.27472527472527475,76.78846153846153,23.85185185185185,-52.936609686609685,1773.248013682479,1684.6619140188966,88.58609966358244,0.6247930140952596
1444,2021,1211,1166,1,5,4,1,1.0,0.7142857142857143,0.2857142857142857,1.037037037037037,21.85185185185185,20.814814814814813,2029.2308790327218,1785.471812190256,243.7590668424657,0.8026896029219399
1445,2021,1166,1211,5,1,-4,0,0.7142857142857143,1.0,0.2857142857142857,1.037037037037037,21.85185185185185,20.814814814814813,1785.471812190256,2029.2308790327218,-243.7590668424657,0.19731039707806008
1446,2021,1276,1199,1,4,3,1,0.8333333333333334,0.7272727272727273,0.10606060606060608,4.833333333333333,19.14814814814815,14.314814814814817,1820.2543107745494,1802.6362706028276,17.61804017172176,0.5253326882989373
1447,2021,1199,1276,4,1,-3,0,0.7272727272727273,0.8333333333333334,0.10606060606060608,4.833333333333333,19.14814814814815,14.314814814814817,1802.6362706028276,1820.2543107745494,-17.61804017172176,0.4746673117010627
1448,2021,1417,1104,11,2,-9,1,0.6538461538461539,0.8,-0.1461538461538462,45.59615384615385,6.833333333333333,-38.76282051282051,1708.5472011114011,1809.0750976193176,-100.52789650791647,0.35923521056875996
1449,2021,1104,1417,2,11,9,0,0.8,0.6538461538461539,-0.1461538461538462,45.59615384615385,6.833333333333333,-38.76282051282051,1809.0750976193176,1708.5472011114011,100.52789650791647,0.64076478943124
1450,2021,1425,1332,6,7,1,1,0.7586206896551724,0.7692307692307693,-0.010610079575596898,16.796296296296298,28.735849056603772,11.939552760307475,1760.0962493586296,1785.14443822022,-25.04818886159046,0.46401508222604243
1451,2021,1332,1425,7,6,-1,0,0.7692307692307693,0.7586206896551724,-0.010610079575596898,16.796296296296298,28.735849056603772,11.939552760307475,1785.14443822022,1760.0962493586296,25.04818886159046,0.5359849177739575
1452,2021,1124,1116,1,3,2,1,0.9166666666666666,0.7857142857142857,0.13095238095238093,3.074074074074074,13.148148148148149,10.074074074074074,1934.237376787852,1774.7536486941506,159.48372809370153,0.7146470883112507
1453,2021,1116,1124,3,1,-2,0,0.7857142857142857,0.9166666666666666,0.13095238095238093,3.074074074074074,13.148148148148149,10.074074074074074,1774.7536486941506,1934.237376787852,-159.48372809370153,0.2853529116887493
1454,2021,1222,1333,2,12,10,1,0.8846153846153846,0.5714285714285714,0.3131868131868132,5.185185185185185,76.78846153846153,71.60327635327634,1860.7437539043078,1703.4057044417543,157.3380494625535,0.7121216212260428
1455,2021,1333,1222,12,2,-10,0,0.5714285714285714,0.8846153846153846,0.3131868131868132,5.185185185185185,76.78846153846153,71.60327635327634,1703.4057044417543,1860.7437539043078,-157.3380494625535,0.28787837877395717
1456,2021,1211,1425,1,6,5,1,1.0,0.7586206896551724,0.24137931034482762,1.037037037037037,16.796296296296298,15.759259259259261,2035.1501909450635,1776.1757968918484,258.97439405321506,0.8161947845799646
1457,2021,1425,1211,6,1,-5,0,0.7586206896551724,1.0,0.24137931034482762,1.037037037037037,16.796296296296298,15.759259259259261,1776.1757968918484,2035.1501909450635,-258.97439405321506,0.18380521542003536
1458,2021,1417,1276,11,1,-10,1,0.6538461538461539,0.8333333333333334,-0.17948717948717952,45.59615384615385,4.833333333333333,-40.76282051282051,1727.7701447943384,1834.4943301255812,-106.72418533124278,0.35106667915638284
1459,2021,1276,1417,1,11,10,0,0.8333333333333334,0.6538461538461539,-0.17948717948717952,45.59615384615385,4.833333333333333,-40.76282051282051,1834.4943301255812,1727.7701447943384,106.72418533124278,0.6489333208436172
1460,2021,1124,1222,1,2,1,1,0.9166666666666666,0.8846153846153846,0.03205128205128205,3.074074074074074,5.185185185185185,2.111111111111111,1942.7979641385145,1869.3801052675265,73.41785887098808,0.6041117369829032
1461,2021,1222,1124,2,1,-1,0,0.8846153846153846,0.9166666666666666,0.03205128205128205,3.074074074074074,5.185185185185185,2.111111111111111,1869.3801052675265,1942.7979641385145,-73.41785887098808,0.3958882630170968
1462,2021,1211,1417,1,11,10,1,1.0,0.6538461538461539,0.34615384615384615,1.037037037037037,45.59615384615385,44.55911680911681,2040.6643474076645,1747.238144419647,293.4262029880176,0.8441053699702017
1463,2021,1417,1211,11,1,-10,0,0.6538461538461539,1.0,0.34615384615384615,1.037037037037037,45.59615384615385,44.55911680911681,1747.238144419647,2040.6643474076645,-293.4262029880176,0.1558946300297983
1464,2021,1124,1211,1,1,0,1,0.9166666666666666,1.0,-0.08333333333333337,3.074074074074074,1.037037037037037,-2.037037037037037,1954.6746120290275,2045.3411863085585,-90.666574279531,0.37240367394913126
1465,2021,1211,1124,1,1,0,0,1.0,0.9166666666666666,-0.08333333333333337,3.074074074074074,1.037037037037037,-2.037037037037037,2045.3411863085585,1954.6746120290275,90.666574279531,0.6275963260508688
1466,2022,1231,1461,12,12,0,1,0.6060606060606061,0.75,-0.14393939393939392,41.317460317460316,57.142857142857146,15.82539682539683,1641.2120787727374,1633.285068067593,7.927010705144312,0.5114059063441384
1467,2022,1461,1231,12,12,0,0,0.75,0.6060606060606061,-0.14393939393939392,41.317460317460316,57.142857142857146,15.82539682539683,1633.285068067593,1641.2120787727374,-7.927010705144312,0.4885940936558616
1468,2022,1411,1394,16,16,0,1,0.6,0.6333333333333333,-0.033333333333333326,200.87301587301587,233.14285714285714,32.269841269841265,1549.4323055544749,1427.0494282563798,122.38287729809508,0.6691830574108352
1469,2022,1394,1411,16,16,0,0,0.6333333333333333,0.6,-0.033333333333333326,200.87301587301587,233.14285714285714,32.269841269841265,1427.0494282563798,1549.4323055544749,-122.38287729809508,0.33081694258916483
1470,2022,1323,1353,11,11,0,1,0.6774193548387096,0.5806451612903226,0.09677419354838701,53.111111111111114,69.98412698412699,16.873015873015873,1673.5006872110678,1661.0967986210785,12.403888589989265,0.517843050446901
1471,2022,1353,1323,11,11,0,0,0.5806451612903226,0.6774193548387096,0.09677419354838701,53.111111111111114,69.98412698412699,16.873015873015873,1661.0967986210785,1673.5006872110678,-12.403888589989265,0.48215694955309896
1472,2022,1460,1136,16,16,0,1,0.6060606060606061,0.7,-0.09393939393939388,172.47619047619048,174.38095238095238,1.904761904761898,1570.7316237912148,1582.1228686512536,-11.391244860038796,0.48361255242102086
1473,2022,1136,1460,16,16,0,0,0.7,0.6060606060606061,-0.09393939393939388,172.47619047619048,174.38095238095238,1.904761904761898,1582.1228686512536,1570.7316237912148,11.391244860038796,0.5163874475789791
1474,2022,1116,1436,4,13,9,1,0.7575757575757576,0.84375,-0.08617424242424243,18.681818181818183,63.03174603174603,44.34992784992785,1775.7932231977977,1701.2531510421973,74.54007215560046,0.6056556666154266
1475,2022,1436,1116,13,4,-9,0,0.84375,0.7575757575757576,-0.08617424242424243,18.681818181818183,63.03174603174603,44.34992784992785,1701.2531510421973,1775.7932231977977,-74.54007215560046,0.3943443333845734
1476,2022,1124,1313,1,16,15,1,0.8125,0.7777777777777778,0.03472222222222221,5.590909090909091,168.23809523809524,162.64718614718615,1907.0137585915757,1559.7996267025042,347.2141318890715,0.88066316826188
1477,2022,1313,1124,16,1,-15,0,0.7777777777777778,0.8125,0.03472222222222221,5.590909090909091,168.23809523809524,162.64718614718615,1559.7996267025042,1907.0137585915757,-347.2141318890715,0.11933683173812004
1478,2022,1166,1361,9,8,-1,1,0.6666666666666666,0.7419354838709677,-0.07526881720430112,45.36507936507937,27.936507936507937,-17.42857142857143,1736.007994766336,1755.0431210070071,-19.03512624067116,0.4726336274244091
1479,2022,1361,1166,8,9,1,0,0.7419354838709677,0.6666666666666666,-0.07526881720430112,45.36507936507937,27.936507936507937,-17.42857142857143,1755.0431210070071,1736.007994766336,19.03512624067116,0.5273663725755908
1480,2022,1211,1209,1,16,15,1,0.896551724137931,0.6,0.29655172413793107,1.5909090909090908,146.82539682539684,145.23448773448774,1977.8076425348384,1610.3997788188458,367.40786371599256,0.8923496605770026
1481,2022,1209,1211,16,1,-15,0,0.6,0.896551724137931,0.29655172413793107,1.5909090909090908,146.82539682539684,145.23448773448774,1610.3997788188458,1977.8076425348384,-367.40786371599256,0.1076503394229974
1482,2022,1242,1411,1,16,15,1,0.8235294117647058,0.6,0.22352941176470587,4.2272727272727275,200.87301587301587,196.64574314574315,1882.540170418014,1559.3568138321498,323.1833565858642,0.8653427427554876
1483,2022,1411,1242,16,1,-15,0,0.6,0.8235294117647058,0.22352941176470587,4.2272727272727275,200.87301587301587,196.64574314574315,1559.3568138321498,1882.540170418014,-323.1833565858642,0.13465725724451238
1484,2022,1272,1129,9,8,-1,1,0.6774193548387096,0.7878787878787878,-0.11045943304007821,31.603174603174605,31.184615384615384,-0.4185592185592206,1732.3484150745342,1751.7267505871164,-19.378335512582225,0.4721412159785154
1485,2022,1129,1272,8,9,1,0,0.7878787878787878,0.6774193548387096,-0.11045943304007821,31.603174603174605,31.184615384615384,-0.4185592185592206,1751.7267505871164,1732.3484150745342,19.378335512582225,0.5278587840214846
1486,2022,1276,1161,11,6,-5,1,0.5483870967741935,0.8275862068965517,-0.2791991101223582,39.301587301587304,31.8,-7.501587301587303,1702.36668142965,1739.1885000816842,-36.82181865203415,0.4472066559001681
1487,2022,1161,1276,6,11,5,0,0.8275862068965517,0.5483870967741935,-0.2791991101223582,39.301587301587304,31.8,-7.501587301587303,1739.1885000816842,1702.36668142965,36.82181865203415,0.5527933440998318
1488,2022,1293,1362,7,10,3,1,0.9310344827586207,0.71875,0.21228448275862066,34.63636363636363,29.03174603174603,-5.6046176046176015,1709.1966228194065,1653.9653618958178,55.23126092358871,0.5788213268162765
1489,2022,1362,1293,10,7,-3,0,0.71875,0.9310344827586207,0.21228448275862066,34.63636363636363,29.03174603174603,-5.6046176046176015,1653.9653618958178,1709.1966228194065,-55.23126092358871,0.4211786731837235
1490,2022,1308,1163,12,5,-7,1,0.7931034482758621,0.71875,0.0743534482758621,71.3015873015873,19.439393939393938,-51.862193362193366,1690.590335273582,1736.5421590874093,-45.95182381382733,0.43425292800912696
1491,2022,1163,1308,5,12,7,0,0.71875,0.7931034482758621,0.0743534482758621,71.3015873015873,19.439393939393938,-51.862193362193366,1736.5421590874093,1690.590335273582,45.95182381382733,0.565747071990873
1492,2022,1314,1266,8,9,1,1,0.7272727272727273,0.6129032258064516,0.11436950146627567,30.49206349206349,47.095238095238095,16.603174603174605,1745.4762038885276,1656.572335215988,88.9038686725396,0.6252217354037749
1493,2022,1266,1314,9,8,-1,0,0.6129032258064516,0.7272727272727273,0.11436950146627567,30.49206349206349,47.095238095238095,16.603174603174605,1656.572335215988,1745.4762038885276,-88.9038686725396,0.3747782645962251
1494,2022,1344,1355,4,13,9,1,0.8333333333333334,0.875,-0.04166666666666663,29.136363636363637,58.74603174603175,29.60966810966811,1759.0388657628398,1734.8394724994969,24.199393263342927,0.5347695184670995
1495,2022,1355,1344,13,4,-9,0,0.875,0.8333333333333334,-0.04166666666666663,29.136363636363637,58.74603174603175,29.60966810966811,1734.8394724994969,1759.0388657628398,-24.199393263342927,0.4652304815329005
1496,2022,1350,1234,12,5,-7,1,0.6571428571428571,0.7428571428571429,-0.08571428571428574,73.52380952380952,15.075757575757576,-58.44805194805194,1679.186374246522,1790.2638684499718,-111.07749420344976,0.3453791405439358
1497,2022,1234,1350,5,12,7,0,0.7428571428571429,0.6571428571428571,-0.08571428571428574,73.52380952380952,15.075757575757576,-58.44805194805194,1790.2638684499718,1679.186374246522,111.07749420344976,0.6546208594560642
1498,2022,1388,1231,5,12,7,1,0.7741935483870968,0.6060606060606061,0.16813294232649068,19.87878787878788,41.317460317460316,21.438672438672437,1761.643748701136,1655.8699015824131,105.77384711872287,0.6476860048871166
1499,2022,1231,1388,12,5,-7,0,0.6060606060606061,0.7741935483870968,0.16813294232649068,19.87878787878788,41.317460317460316,21.438672438672437,1655.8699015824131,1761.643748701136,-105.77384711872287,0.3523139951128834
1500,2022,1389,1246,15,2,-13,1,0.6206896551724138,0.7878787878787878,-0.16718913270637403,128.74603174603175,7.045454545454546,-121.7005772005772,1565.3359698292745,1772.5728828109413,-207.23691298166682,0.23273146613480594
1501,2022,1246,1389,2,15,13,0,0.7878787878787878,0.6206896551724138,-0.16718913270637403,128.74603174603175,7.045454545454546,-121.7005772005772,1772.5728828109413,1565.3359698292745,207.23691298166682,0.7672685338651941
1502,2022,1397,1255,3,14,11,1,0.7878787878787878,0.7857142857142857,0.0021645021645021467,6.878787878787879,135.12698412698413,128.24819624819625,1816.1434810468013,1590.6269270398554,225.51655400694585,0.7855281228629586
1503,2022,1255,1397,14,3,-11,0,0.7857142857142857,0.7878787878787878,0.0021645021645021467,6.878787878787879,135.12698412698413,128.24819624819625,1590.6269270398554,1816.1434810468013,-225.51655400694585,0.2144718771370414
1504,2022,1417,1103,4,13,9,1,0.78125,0.7096774193548387,0.07157258064516125,10.393939393939394,117.4920634920635,107.0981240981241,1805.245452549073,1656.7734166149303,148.4720359341427,0.7015466464815227
1505,2022,1103,1417,13,4,-9,0,0.7096774193548387,0.78125,0.07157258064516125,10.393939393939394,117.4920634920635,107.0981240981241,1656.7734166149303,1805.245452549073,-148.4720359341427,0.29845335351847735
1506,2022,1112,1460,1,16,15,1,0.9117647058823529,0.6060606060606061,0.30570409982174684,2.212121212121212,172.47619047619048,170.26406926406926,1858.6651223243036,1586.2232472185842,272.4418751057194,0.8275413389558088
1507,2022,1460,1112,16,1,-15,0,0.6060606060606061,0.9117647058823529,0.30570409982174684,2.212121212121212,172.47619047619048,170.26406926406926,1586.2232472185842,1858.6651223243036,-272.4418751057194,0.17245866104419116
1508,2022,1120,1240,2,15,13,1,0.84375,0.6551724137931034,0.18857758620689657,7.545454545454546,144.85714285714286,137.31168831168833,1773.4434541144383,1556.9311809757253,216.512273138713,0.7766664927382064
1509,2022,1240,1120,15,2,-13,0,0.6551724137931034,0.84375,0.18857758620689657,7.545454545454546,144.85714285714286,137.31168831168833,1556.9311809757253,1773.4434541144383,-216.512273138713,0.22333350726179357
1510,2022,1181,1168,2,15,13,1,0.8235294117647058,0.6551724137931034,0.16835699797160242,11.43939393939394,149.36507936507937,137.92568542568543,1816.932094815848,1538.4356143859652,278.4964804298827,0.8324588238148507
1511,2022,1168,1181,15,2,-13,0,0.6551724137931034,0.8235294117647058,0.16835699797160242,11.43939393939394,149.36507936507937,137.92568542568543,1538.4356143859652,1816.932094815848,-278.4964804298827,0.1675411761851493
1512,2022,1222,1412,5,12,7,1,0.8529411764705882,0.78125,0.0716911764705882,7.833333333333333,48.38095238095238,40.547619047619044,1868.8974156944719,1687.4280404546264,181.46937523984548,0.7397407804744113
1513,2022,1412,1222,12,5,-7,0,0.78125,0.8529411764705882,0.0716911764705882,7.833333333333333,48.38095238095238,40.547619047619044,1687.4280404546264,1868.8974156944719,-181.46937523984548,0.2602592195255887
1514,2022,1228,1151,4,13,9,1,0.7096774193548387,0.78125,-0.07157258064516125,18.257575757575758,72.74603174603175,54.48845598845599,1772.40036051793,1684.1310882097239,88.26927230820615,0.6243653683201261
1515,2022,1151,1228,13,4,-9,0,0.78125,0.7096774193548387,-0.07157258064516125,18.257575757575758,72.74603174603175,54.48845598845599,1684.1310882097239,1772.40036051793,-88.26927230820615,0.3756346316798739
1516,2022,1235,1261,11,6,-5,1,0.625,0.6666666666666666,-0.04166666666666663,50.76190476190476,22.206349206349206,-28.555555555555554,1590.007715023457,1698.5216033756867,-108.51388835222974,0.3487232239132108
1517,2022,1261,1235,6,11,5,0,0.6666666666666666,0.625,-0.04166666666666663,50.76190476190476,22.206349206349206,-28.555555555555554,1698.5216033756867,1590.007715023457,108.51388835222974,0.6512767760867892
1518,2022,1274,1425,10,7,-3,1,0.696969696969697,0.7878787878787878,-0.09090909090909083,53.507936507936506,34.65151515151515,-18.856421356421357,1676.960378079281,1771.3686724717093,-94.40829439242816,0.36738357052888504
1519,2022,1425,1274,7,10,3,0,0.7878787878787878,0.696969696969697,-0.09090909090909083,53.507936507936506,34.65151515151515,-18.856421356421357,1771.3686724717093,1676.960378079281,94.40829439242816,0.632616429471115
1520,2022,1277,1172,7,10,3,1,0.6470588235294118,0.8125,-0.1654411764705882,32.3968253968254,41.15873015873016,8.76190476190476,1716.2041413970949,1712.710409462605,3.493731934489915,0.5050277149557121
1521,2022,1172,1277,10,7,-3,0,0.8125,0.6470588235294118,-0.1654411764705882,32.3968253968254,41.15873015873016,8.76190476190476,1712.710409462605,1716.2041413970949,-3.493731934489915,0.4949722850442879
1522,2022,1323,1104,11,6,-5,1,0.6774193548387096,0.59375,0.08366935483870963,53.111111111111114,27.873015873015873,-25.23809523809524,1687.9653956976608,1704.1086070921642,-16.143211394503396,0.476784755317861
1523,2022,1104,1323,6,11,5,0,0.59375,0.6774193548387096,0.08366935483870963,53.111111111111114,27.873015873015873,-25.23809523809524,1704.1086070921642,1687.9653956976608,16.143211394503396,0.523215244682139
1524,2022,1326,1260,7,10,3,1,0.6333333333333333,0.7741935483870968,-0.14086021505376345,33.95238095238095,34.77777777777778,0.8253968253968296,1673.2505989000158,1730.3342174232566,-57.08361852324083,0.41858137115932803
1525,2022,1260,1326,10,7,-3,0,0.7741935483870968,0.6333333333333333,-0.14086021505376345,33.95238095238095,34.77777777777778,0.8253968253968296,1730.3342174232566,1673.2505989000158,57.08361852324083,0.581418628840672
1526,2022,1345,1463,3,14,11,1,0.7941176470588235,0.6206896551724138,0.17342799188640967,11.621212121212121,138.57142857142858,126.95021645021646,1811.0950064934923,1618.173754331072,192.9212521624204,0.7522305156418482
1527,2022,1463,1345,14,3,-11,0,0.6206896551724138,0.7941176470588235,0.17342799188640967,11.621212121212121,138.57142857142858,126.95021645021646,1618.173754331072,1811.0950064934923,-192.9212521624204,0.24776948435815183
1528,2022,1395,1371,9,8,-1,1,0.625,0.6666666666666666,-0.04166666666666663,43.96825396825397,36.890625,-7.077628968253968,1657.4353171890582,1699.5840495406358,-42.148732351577564,0.43963892024951484
1529,2022,1371,1395,8,9,1,0,0.6666666666666666,0.625,-0.04166666666666663,43.96825396825397,36.890625,-7.077628968253968,1699.5840495406358,1657.4353171890582,42.148732351577564,0.5603610797504852
1530,2022,1400,1439,6,11,5,1,0.65625,0.6571428571428571,-0.0008928571428571397,22.646153846153847,34.707692307692305,12.061538461538458,1715.783784019894,1730.774185909264,-14.990401889369878,0.4784404540424474
1531,2022,1439,1400,11,6,-5,0,0.6571428571428571,0.65625,-0.0008928571428571397,22.646153846153847,34.707692307692305,12.061538461538458,1730.774185909264,1715.783784019894,14.990401889369878,0.5215595459575526
1532,2022,1403,1286,3,14,11,1,0.7352941176470589,0.78125,-0.045955882352941124,12.378787878787879,116.23809523809524,103.85930735930737,1767.8289328384697,1634.5974565224124,133.2314763160573,0.6828590221009923
1533,2022,1286,1403,14,3,-11,0,0.78125,0.7352941176470589,-0.045955882352941124,12.378787878787879,116.23809523809524,103.85930735930737,1634.5974565224124,1767.8289328384697,-133.2314763160573,0.31714097789900775
1534,2022,1437,1174,2,15,13,1,0.7878787878787878,0.6363636363636364,0.1515151515151515,9.318181818181818,132.14285714285714,122.82467532467533,1861.0961427646787,1560.2791084686828,300.8170342959959,0.8496223356051207
1535,2022,1174,1437,15,2,-13,0,0.6363636363636364,0.7878787878787878,0.1515151515151515,9.318181818181818,132.14285714285714,122.82467532467533,1560.2791084686828,1861.0961427646787,-300.8170342959959,0.15037766439487932
1536,2022,1458,1159,3,14,11,1,0.7741935483870968,0.6666666666666666,0.10752688172043012,23.59090909090909,134.015873015873,110.42496392496392,1768.3408805300285,1651.4369481617248,116.90393236830369,0.6621640986966836
1537,2022,1159,1458,14,3,-11,0,0.6666666666666666,0.7741935483870968,0.10752688172043012,23.59090909090909,134.015873015873,110.42496392496392,1651.4369481617248,1768.3408805300285,-116.90393236830369,0.3378359013033164
1538,2022,1116,1308,4,12,8,1,0.7575757575757576,0.7931034482758621,-0.03552769070010453,18.681818181818183,71.3015873015873,52.61976911976912,1787.623553199335,1707.5627474333082,80.06080576602676,0.6132198430825928
1539,2022,1308,1116,12,4,-8,0,0.7931034482758621,0.7575757575757576,-0.03552769070010453,18.681818181818183,71.3015873015873,52.61976911976912,1707.5627474333082,1787.623553199335,-80.06080576602676,0.3867801569174072
1540,2022,1211,1272,1,9,8,1,0.896551724137931,0.6774193548387096,0.21913236929922142,1.5909090909090908,31.603174603174605,30.012265512265515,1981.0371527175282,1748.1841785951788,232.85297412234945,0.7925572701865553
1541,2022,1272,1211,9,1,-8,0,0.6774193548387096,0.896551724137931,0.21913236929922142,1.5909090909090908,31.603174603174605,30.012265512265515,1748.1841785951788,1981.0371527175282,-232.85297412234945,0.2074427298134447
1542,2022,1242,1166,1,9,8,1,0.8235294117647058,0.6666666666666666,0.1568627450980392,4.2272727272727275,45.36507936507937,41.13780663780664,1886.5798881353494,1751.8289859436036,134.7509021917458,0.6847501539862905
1543,2022,1166,1242,9,1,-8,0,0.6666666666666666,0.8235294117647058,0.1568627450980392,4.2272727272727275,45.36507936507937,41.13780663780664,1751.8289859436036,1886.5798881353494,-134.7509021917458,0.31524984601370953
1544,2022,1276,1397,11,3,-8,1,0.5483870967741935,0.7878787878787878,-0.23949169110459434,39.301587301587304,6.878787878787879,-32.42279942279943,1718.950481752645,1822.5776373609126,-103.62715560826769,0.35513892401898445
1545,2022,1397,1276,3,11,8,0,0.7878787878787878,0.5483870967741935,-0.23949169110459434,39.301587301587304,6.878787878787879,-32.42279942279943,1822.5776373609126,1718.950481752645,103.62715560826769,0.6448610759810156
1546,2022,1314,1124,8,1,-7,1,0.7272727272727273,0.8125,-0.08522727272727271,30.49206349206349,5.590909090909091,-24.9011544011544,1756.7195518264143,1910.5938635437192,-153.87431171730486,0.2919831617492932
1547,2022,1124,1314,1,8,7,0,0.8125,0.7272727272727273,-0.08522727272727271,30.49206349206349,5.590909090909091,-24.9011544011544,1910.5938635437192,1756.7195518264143,153.87431171730486,0.7080168382507068
1548,2022,1344,1350,4,12,8,1,0.8333333333333334,0.6571428571428571,0.17619047619047623,29.136363636363637,73.52380952380952,44.38744588744588,1772.9957802088268,1698.825000030204,74.17078017862286,0.6051478296018171
1549,2022,1350,1344,12,4,-8,0,0.6571428571428571,0.8333333333333334,0.17619047619047623,29.136363636363637,73.52380952380952,44.38744588744588,1698.825000030204,1772.9957802088268,-74.17078017862286,0.3948521703981829
1550,2022,1389,1293,15,7,-8,1,0.6206896551724138,0.9310344827586207,-0.31034482758620685,128.74603174603175,34.63636363636363,-94.10966810966812,1588.3540258452304,1721.8319830149183,-133.4779571696879,0.31683378613826774
1551,2022,1293,1389,7,15,8,0,0.9310344827586207,0.6206896551724138,-0.31034482758620685,128.74603174603175,34.63636363636363,-94.10966810966812,1721.8319830149183,1588.3540258452304,133.4779571696879,0.6831662138617323
1552,2022,1417,1388,4,5,1,1,0.78125,0.7741935483870968,0.007056451612903247,10.393939393939394,19.87878787878788,9.484848484848484,1814.1990531546273,1772.2131685545226,41.98588460010478,0.5601301254237229
1553,2022,1388,1417,5,4,-1,0,0.7741935483870968,0.78125,0.007056451612903247,10.393939393939394,19.87878787878788,9.484848484848484,1772.2131685545226,1814.1990531546273,-41.98588460010478,0.43986987457627713
1554,2022,1112,1395,1,9,8,1,0.9117647058823529,0.625,0.2867647058823529,2.212121212121212,43.96825396825397,41.75613275613276,1863.8388821556293,1674.2461495815728,189.59273257405653,0.7486421540318935
1555,2022,1395,1112,9,1,-8,0,0.625,0.9117647058823529,0.2867647058823529,2.212121212121212,43.96825396825397,41.75613275613276,1674.2461495815728,1863.8388821556293,-189.59273257405653,0.2513578459681065
1556,2022,1181,1277,2,7,5,1,0.8235294117647058,0.6470588235294118,0.17647058823529405,11.43939393939394,32.3968253968254,20.95743145743146,1821.9583301014025,1731.0533099484235,90.90502015297898,0.6279170738862574
1557,2022,1277,1181,7,2,-5,0,0.6470588235294118,0.8235294117647058,0.17647058823529405,11.43939393939394,32.3968253968254,20.95743145743146,1731.0533099484235,1821.9583301014025,-90.90502015297898,0.3720829261137426
1558,2022,1222,1228,5,4,-1,1,0.8529411764705882,0.7096774193548387,0.14326375711574946,7.833333333333333,18.257575757575758,10.424242424242426,1876.7051922802395,1783.6693994683262,93.03579281191332,0.6307782760128958
1559,2022,1228,1222,4,5,1,0,0.7096774193548387,0.8529411764705882,0.14326375711574946,7.833333333333333,18.257575757575758,10.424242424242426,1783.6693994683262,1876.7051922802395,-93.03579281191332,0.3692217239871042
1560,2022,1235,1458,11,3,-8,1,0.625,0.7741935483870968,-0.14919354838709675,50.76190476190476,23.59090909090909,-27.17099567099567,1609.5460183060607,1778.475957569128,-168.92993926306735,0.2743946447509071
1561,2022,1458,1235,3,11,8,0,0.7741935483870968,0.625,-0.14919354838709675,50.76190476190476,23.59090909090909,-27.17099567099567,1778.475957569128,1609.5460183060607,168.92993926306735,0.7256053552490929
1562,2022,1274,1120,10,2,-8,1,0.696969696969697,0.84375,-0.14678030303030298,53.507936507936506,7.545454545454546,-45.96248196248196,1695.9388709634145,1780.1434593322922,-84.2045883688777,0.38113805153399705
1563,2022,1120,1274,2,10,8,0,0.84375,0.696969696969697,-0.14678030303030298,53.507936507936506,7.545454545454546,-45.96248196248196,1780.1434593322922,1695.9388709634145,84.2045883688777,0.618861948466003
1564,2022,1345,1400,3,6,3,1,0.7941176470588235,0.65625,0.13786764705882348,11.621212121212121,22.646153846153847,11.024941724941726,1818.5280910242368,1731.4305703986206,87.0975206256162,0.6227820853782353
1565,2022,1400,1345,6,3,-3,0,0.65625,0.7941176470588235,0.13786764705882348,11.621212121212121,22.646153846153847,11.024941724941726,1731.4305703986206,1818.5280910242368,-87.0975206256162,0.3772179146217647
1566,2022,1403,1323,3,11,8,1,0.7352941176470589,0.6774193548387096,0.057874762808349245,12.378787878787879,53.111111111111114,40.73232323232324,1777.3431621754398,1703.661853038125,73.68130913731488,0.6044743768865575
1567,2022,1323,1403,11,3,-8,0,0.6774193548387096,0.7352941176470589,0.057874762808349245,12.378787878787879,53.111111111111114,40.73232323232324,1703.661853038125,1777.3431621754398,-73.68130913731488,0.3955256231134425
1568,2022,1437,1326,2,7,5,1,0.7878787878787878,0.6333333333333333,0.15454545454545454,9.318181818181818,33.95238095238095,24.63419913419913,1865.607472696525,1690.693157765236,174.91431493128903,0.7324106324802914
1569,2022,1326,1437,7,2,-5,0,0.6333333333333333,0.7878787878787878,0.15454545454545454,9.318181818181818,33.95238095238095,24.63419913419913,1690.693157765236,1865.607472696525,-174.91431493128903,0.26758936751970863
1570,2022,1116,1211,4,1,-3,1,0.7575757575757576,0.896551724137931,-0.13897596656217348,18.681818181818183,1.5909090909090908,-17.090909090909093,1799.2269579068573,1987.2604346119315,-188.03347670507424,0.25305065205100713
1571,2022,1211,1116,1,4,3,0,0.896551724137931,0.7575757575757576,-0.13897596656217348,18.681818181818183,1.5909090909090908,-17.090909090909093,1987.2604346119315,1799.2269579068573,188.03347670507424,0.7469493479489928
1572,2022,1181,1403,2,3,1,1,0.8235294117647058,0.7352941176470589,0.08823529411764697,11.43939393939394,12.378787878787879,0.9393939393939394,1833.1208178848146,1789.208930868843,43.911887015971615,0.562859931518926
1573,2022,1403,1181,3,2,-1,0,0.7352941176470589,0.8235294117647058,0.08823529411764697,11.43939393939394,12.378787878787879,0.9393939393939394,1789.208930868843,1833.1208178848146,-43.911887015971615,0.437140068481074
1574,2022,1222,1112,5,1,-4,1,0.8529411764705882,0.9117647058823529,-0.05882352941176472,7.833333333333333,2.212121212121212,-5.621212121212121,1887.7818439998528,1871.3796175346724,16.40222646518032,0.5235871808127838
1575,2022,1112,1222,1,5,4,0,0.9117647058823529,0.8529411764705882,-0.05882352941176472,7.833333333333333,2.212121212121212,-5.621212121212121,1871.3796175346724,1887.7818439998528,-16.40222646518032,0.47641281918721623
1576,2022,1437,1276,2,11,9,1,0.7878787878787878,0.5483870967741935,0.23949169110459434,9.318181818181818,39.301587301587304,29.983405483405484,1873.6351537221162,1738.2963140320753,135.3388396900409,0.685480287016715
1577,2022,1276,1437,11,2,-9,0,0.5483870967741935,0.7878787878787878,0.23949169110459434,9.318181818181818,39.301587301587304,29.983405483405484,1738.2963140320753,1873.6351537221162,-135.3388396900409,0.31451971298328496
1578,2022,1242,1344,1,4,3,1,0.8235294117647058,0.8333333333333334,-0.009803921568627527,4.2272727272727275,29.136363636363637,24.90909090909091,1896.0373835157607,1784.8413453207722,111.19603819498843,0.6547751272788783
1579,2022,1344,1242,4,1,-3,0,0.8333333333333334,0.8235294117647058,-0.009803921568627527,4.2272727272727275,29.136363636363637,24.90909090909091,1784.8413453207722,1896.0373835157607,-111.19603819498843,0.3452248727211217
1580,2022,1274,1235,10,11,1,1,0.696969696969697,0.625,0.07196969696969702,53.507936507936506,50.76190476190476,-2.746031746031747,1714.5047294173946,1631.3141789635335,83.19055045386108,0.6174841484747845
1581,2022,1235,1274,11,10,-1,0,0.625,0.696969696969697,0.07196969696969702,53.507936507936506,50.76190476190476,-2.746031746031747,1631.3141789635335,1714.5047294173946,-83.19055045386108,0.3825158515252155
1582,2022,1314,1417,8,4,-4,1,0.7272727272727273,0.78125,-0.05397727272727271,30.49206349206349,10.393939393939394,-20.098124098124096,1777.9600569739355,1827.3951493919155,-49.43509241798006,0.4293334271355187
1583,2022,1417,1314,4,8,4,0,0.78125,0.7272727272727273,-0.05397727272727271,30.49206349206349,10.393939393939394,-20.098124098124096,1827.3951493919155,1777.9600569739355,49.43509241798006,0.5706665728644813
1584,2022,1389,1345,15,3,-12,1,0.6206896551724138,0.7941176470588235,-0.17342799188640967,128.74603174603175,11.621212121212121,-117.12481962481962,1608.8490122610824,1829.8446284628897,-220.99561620180725,0.21888891186204862
1585,2022,1345,1389,3,15,12,0,0.7941176470588235,0.6206896551724138,-0.17342799188640967,128.74603174603175,11.621212121212121,-117.12481962481962,1829.8446284628897,1608.8490122610824,220.99561620180725,0.7811110881379514
1586,2022,1181,1116,2,4,2,1,0.8235294117647058,0.7575757575757576,0.06595365418894827,11.43939393939394,18.681818181818183,7.242424242424244,1846.235019939247,1821.635438345327,24.599581593919993,0.5353426046632055
1587,2022,1116,1181,4,2,-2,0,0.7575757575757576,0.8235294117647058,0.06595365418894827,11.43939393939394,18.681818181818183,7.242424242424244,1821.635438345327,1846.235019939247,-24.599581593919993,0.4646573953367945
1588,2022,1437,1222,2,5,3,1,0.7878787878787878,0.8529411764705882,-0.06506238859180036,9.318181818181818,7.833333333333333,-1.4848484848484853,1883.0707451116148,1902.0742285754693,-19.003483463854536,0.4726790288511491
1589,2022,1222,1437,5,2,-3,0,0.8529411764705882,0.7878787878787878,-0.06506238859180036,9.318181818181818,7.833333333333333,-1.4848484848484853,1902.0742285754693,1883.0707451116148,19.003483463854536,0.5273209711488509
1590,2022,1242,1274,1,10,9,1,0.8235294117647058,0.696969696969697,0.12655971479500883,4.2272727272727275,53.507936507936506,49.28066378066378,1906.3941296973944,1725.980204963151,180.41392473424344,0.7385693649819041
1591,2022,1274,1242,10,1,-9,0,0.696969696969697,0.8235294117647058,0.12655971479500883,4.2272727272727275,53.507936507936506,49.28066378066378,1725.980204963151,1906.3941296973944,-180.41392473424344,0.26143063501809594
1592,2022,1314,1389,8,15,7,1,0.7272727272727273,0.6206896551724138,0.10658307210031348,30.49206349206349,128.74603174603175,98.25396825396825,1795.0800541598699,1632.282344905221,162.7977092546489,0.7185213757879532
1593,2022,1389,1314,15,8,-7,0,0.6206896551724138,0.7272727272727273,0.10658307210031348,30.49206349206349,128.74603174603175,98.25396825396825,1632.282344905221,1795.0800541598699,-162.7977092546489,0.28147862421204684
1594,2022,1242,1437,1,2,1,1,0.8235294117647058,0.7878787878787878,0.035650623885918,4.2272727272727275,9.318181818181818,5.090909090909091,1914.2370487479373,1898.8903742460802,15.346674501857024,0.5220712873820705
1595,2022,1437,1242,2,1,-1,0,0.7878787878787878,0.8235294117647058,0.035650623885918,4.2272727272727275,9.318181818181818,5.090909090909091,1898.8903742460802,1914.2370487479373,-15.346674501857024,0.47792871261792946
1596,2022,1314,1181,8,2,-6,1,0.7272727272727273,0.8235294117647058,-0.09625668449197855,30.49206349206349,11.43939393939394,-19.05266955266955,1803.5244128862312,1860.1747417993508,-56.650328913119665,0.4191885138763544
1597,2022,1181,1314,2,8,6,0,0.8235294117647058,0.7272727272727273,-0.09625668449197855,30.49206349206349,11.43939393939394,-19.05266955266955,1860.1747417993508,1803.5244128862312,56.650328913119665,0.5808114861236455
1598,2022,1242,1314,1,8,7,1,0.8235294117647058,0.7272727272727273,0.09625668449197855,4.2272727272727275,30.49206349206349,26.264790764790764,1928.574910126475,1820.9487574699406,107.62615265653449,0.6501152719472236
1599,2022,1314,1242,8,1,-7,0,0.7272727272727273,0.8235294117647058,0.09625668449197855,4.2272727272727275,30.49206349206349,26.264790764790764,1820.9487574699406,1928.574910126475,-107.62615265653449,0.3498847280527764
1600,2023,1338,1280,11,11,0,1,0.6666666666666666,0.6363636363636364,0.030303030303030276,64.91935483870968,49.92063492063492,-14.998719918074762,1619.5010502207956,1653.2852119922081,-33.78416177141253,0.45153334318207666
1601,2023,1280,1338,11,11,0,0,0.6363636363636364,0.6666666666666666,0.030303030303030276,64.91935483870968,49.92063492063492,-14.998719918074762,1653.2852119922081,1619.5010502207956,33.78416177141253,0.5484666568179233
1602,2023,1394,1369,16,16,0,1,0.6551724137931034,0.5151515151515151,0.1400208986415883,181.5,243.08064516129033,61.580645161290334,1514.115532009774,1445.122045718518,68.99348629125598,0.598004751967815
1603,2023,1369,1394,16,16,0,0,0.5151515151515151,0.6551724137931034,0.1400208986415883,181.5,243.08064516129033,61.580645161290334,1445.122045718518,1514.115532009774,-68.99348629125598,0.401995248032185
1604,2023,1113,1305,11,11,0,1,0.6470588235294118,0.6774193548387096,-0.030360531309297834,61.93650793650794,52.67741935483871,-9.259088581669225,1653.9703484517024,1611.2681463628046,42.70220208889782,0.5611458269842942
1605,2023,1305,1113,11,11,0,0,0.6774193548387096,0.6470588235294118,-0.030360531309297834,61.93650793650794,52.67741935483871,-9.259088581669225,1611.2681463628046,1653.9703484517024,-42.70220208889782,0.43885417301570584
1606,2023,1192,1411,16,16,0,1,0.53125,0.375,0.15625,295.2258064516129,286.96774193548384,-8.258064516129082,1391.682258293515,1428.090237458116,-36.4079791646011,0.44779565293270934
1607,2023,1411,1192,16,16,0,0,0.375,0.53125,0.15625,295.2258064516129,286.96774193548384,-8.258064516129082,1428.090237458116,1391.682258293515,36.4079791646011,0.5522043470672906
1608,2023,1104,1394,1,16,15,1,0.8529411764705882,0.6551724137931034,0.19776876267748478,1.7121212121212122,181.5,179.78787878787878,1868.7297928527316,1526.1753894507394,342.5544034019922,0.8778152232379641
1609,2023,1394,1104,16,1,-15,0,0.6551724137931034,0.8529411764705882,0.19776876267748478,1.7121212121212122,181.5,179.78787878787878,1526.1753894507394,1868.7297928527316,-342.5544034019922,0.12218477676203587
1610,2023,1116,1228,8,9,1,1,0.6060606060606061,0.625,-0.018939393939393923,26.333333333333332,38.666666666666664,12.333333333333332,1706.527067426473,1679.429522407682,27.097545018790925,0.5389176232099441
1611,2023,1228,1116,9,8,-1,0,0.625,0.6060606060606061,-0.018939393939393923,26.333333333333332,38.666666666666664,12.333333333333332,1679.429522407682,1706.527067426473,-27.097545018790925,0.4610823767900559
1612,2023,1120,1234,9,8,-1,1,0.625,0.59375,0.03125,31.317460317460316,45.53968253968254,14.222222222222221,1693.6476683634571,1674.0058082493872,19.641860114069914,0.5282368330211379
1613,2023,1234,1120,8,9,1,0,0.59375,0.625,0.03125,31.317460317460316,45.53968253968254,14.222222222222221,1674.0058082493872,1693.6476683634571,-19.641860114069914,0.4717631669788621
1614,2023,1181,1331,5,12,7,1,0.7647058823529411,0.8666666666666667,-0.10196078431372557,16.166666666666668,51.77777777777778,35.611111111111114,1845.273039134739,1711.174479627115,134.09855950762403,0.683938969922303
1615,2023,1331,1181,12,5,-7,0,0.8666666666666667,0.7647058823529411,-0.10196078431372557,16.166666666666668,51.77777777777778,35.611111111111114,1711.174479627115,1845.273039134739,-134.09855950762403,0.31606103007769704
1616,2023,1202,1438,13,4,-9,1,0.7741935483870968,0.78125,-0.007056451612903247,88.1774193548387,24.09090909090909,-64.08651026392961,1683.7192168517452,1775.2827345103146,-91.56351765856948,0.37119772731834116
1617,2023,1438,1202,4,13,9,0,0.78125,0.7741935483870968,-0.007056451612903247,88.1774193548387,24.09090909090909,-64.08651026392961,1775.2827345103146,1683.7192168517452,91.56351765856948,0.6288022726816589
1618,2023,1222,1297,1,16,15,1,0.9117647058823529,0.625,0.2867647058823529,2.257575757575758,150.5483870967742,148.29081133919846,1920.4354383127557,1573.4023846123268,347.0330537004288,0.8805535763520831
1619,2023,1297,1222,16,1,-15,0,0.625,0.9117647058823529,0.2867647058823529,2.257575757575758,150.5483870967742,148.29081133919846,1573.4023846123268,1920.4354383127557,-347.0330537004288,0.11944642364791691
1620,2023,1242,1224,1,16,15,1,0.7941176470588235,0.6129032258064516,0.18121442125237186,5.96969696969697,195.79032258064515,189.82062561094818,1901.8280395511074,1499.3971886565153,402.43085089459214,0.9102407628061336
1621,2023,1224,1242,16,1,-15,0,0.6129032258064516,0.7941176470588235,0.18121442125237186,5.96969696969697,195.79032258064515,189.82062561094818,1499.3971886565153,1901.8280395511074,-402.43085089459214,0.08975923719386636
1622,2023,1268,1452,8,9,1,1,0.6363636363636364,0.5757575757575758,0.06060606060606055,33.904761904761905,26.984126984126984,-6.920634920634921,1650.3175032616946,1678.9467028587696,-28.629199597075058,0.4588922682839382
1623,2023,1452,1268,9,8,-1,0,0.5757575757575758,0.6363636363636364,0.06060606060606055,33.904761904761905,26.984126984126984,-6.920634920634921,1678.9467028587696,1650.3175032616946,28.629199597075058,0.5411077317160617
1624,2023,1281,1429,7,10,3,1,0.7272727272727273,0.7575757575757576,-0.030303030303030276,38.36363636363637,24.015873015873016,-14.347763347763351,1693.7229083739844,1704.4853013787988,-10.762393004814385,0.48451662349701774
1625,2023,1429,1281,10,7,-3,0,0.7575757575757576,0.7272727272727273,-0.030303030303030276,38.36363636363637,24.015873015873016,-14.347763347763351,1704.4853013787988,1693.7229083739844,10.762393004814385,0.5154833765029823
1626,2023,1321,1129,7,10,3,1,0.65625,0.71875,-0.0625,41.28125,35.44444444444444,-5.836805555555557,1644.1559041848877,1717.94237033906,-73.78646615417233,0.3953809062982278
1627,2023,1129,1321,10,7,-3,0,0.71875,0.65625,-0.0625,41.28125,35.44444444444444,-5.836805555555557,1717.94237033906,1644.1559041848877,73.78646615417233,0.6046190937017721
1628,2023,1336,1401,10,7,-3,1,0.6285714285714286,0.7352941176470589,-0.10672268907563032,43.07936507936508,22.863636363636363,-20.21572871572872,1683.765348323051,1782.0317255254863,-98.26637720243525,0.3622373024108783
1629,2023,1401,1336,7,10,3,0,0.7352941176470589,0.6285714285714286,-0.10672268907563032,43.07936507936508,22.863636363636363,-20.21572871572872,1782.0317255254863,1683.765348323051,98.26637720243525,0.6377626975891217
1630,2023,1343,1112,15,2,-13,1,0.7037037037037037,0.8235294117647058,-0.11982570806100212,111.85483870967742,8.545454545454545,-103.30938416422288,1630.3726051325657,1856.6001877519518,-226.2275826193861,0.2137831185763918
1631,2023,1112,1343,2,15,13,0,0.8235294117647058,0.7037037037037037,-0.11982570806100212,111.85483870967742,8.545454545454545,-103.30938416422288,1856.6001877519518,1630.3726051325657,226.2275826193861,0.7862168814236082
1632,2023,1361,1158,5,12,7,1,0.8125,0.9090909090909091,-0.09659090909090906,15.484848484848484,48.953125,33.468276515151516,1800.5845606843682,1732.0042606735826,68.58030001078555,0.5974328413137979
1633,2023,1158,1361,12,5,-7,0,0.9090909090909091,0.8125,-0.09659090909090906,15.484848484848484,48.953125,33.468276515151516,1732.0042606735826,1800.5845606843682,-68.58030001078555,0.4025671586862021
1634,2023,1397,1418,4,13,9,1,0.696969696969697,0.7666666666666667,-0.0696969696969697,12.484848484848484,86.09677419354838,73.6119257086999,1743.5812308097825,1645.1504726407015,98.43075816908095,0.6379812737882861
1635,2023,1418,1397,13,4,-9,0,0.7666666666666667,0.696969696969697,-0.0696969696969697,12.484848484848484,86.09677419354838,73.6119257086999,1645.1504726407015,1743.5812308097825,-98.43075816908095,0.36201872621171394
1636,2023,1400,1159,2,15,13,1,0.7647058823529411,0.7575757575757576,0.007130124777183555,6.363636363636363,109.40322580645162,103.03958944281526,1832.1846507376665,1666.6731080572188,165.51154268044775,0.7216701037662705
1637,2023,1159,1400,15,2,-13,0,0.7575757575757576,0.7647058823529411,0.007130124777183555,6.363636363636363,109.40322580645162,103.03958944281526,1666.6731080572188,1832.1846507376665,-165.51154268044775,0.2783298962337295
1638,2023,1417,1421,2,15,13,1,0.8529411764705882,0.78125,0.0716911764705882,4.424242424242424,131.93548387096774,127.51124144672532,1867.8786000316584,1619.8024533742002,248.07614665745814,0.8065959118670543
1639,2023,1421,1417,15,2,-13,0,0.78125,0.8529411764705882,0.0716911764705882,4.424242424242424,131.93548387096774,127.51124144672532,1619.8024533742002,1867.8786000316584,-248.07614665745814,0.19340408813294574
1640,2023,1124,1364,3,14,11,1,0.6875,0.78125,-0.09375,14.393939393939394,101.30645161290323,86.91251221896384,1800.1973551210824,1642.1414981403877,158.05585698069467,0.7129679630699612
1641,2023,1364,1124,14,3,-11,0,0.78125,0.6875,-0.09375,14.393939393939394,101.30645161290323,86.91251221896384,1642.1414981403877,1800.1973551210824,-158.05585698069467,0.28703203693003876
1642,2023,1163,1233,4,13,9,1,0.7575757575757576,0.7941176470588235,-0.036541889483065915,9.818181818181818,68.8225806451613,59.004398826979475,1774.5875235189842,1703.5978999475067,70.98962357147752,0.6007639195713355
1643,2023,1233,1163,13,4,-9,0,0.7941176470588235,0.7575757575757576,-0.036541889483065915,9.818181818181818,68.8225806451613,59.004398826979475,1703.5978999475067,1774.5875235189842,-70.98962357147752,0.39923608042866454
1644,2023,1166,1301,6,11,5,1,0.6363636363636364,0.696969696969697,-0.06060606060606066,23.53125,42.77777777777778,19.24652777777778,1725.1963093789943,1649.3671907175242,75.82911866147015,0.6074265229419397
1645,2023,1301,1166,11,6,-5,0,0.696969696969697,0.6363636363636364,-0.06060606060606066,23.53125,42.77777777777778,19.24652777777778,1649.3671907175242,1725.1963093789943,-75.82911866147015,0.39257347705806034
1646,2023,1192,1345,16,1,-15,1,0.53125,0.8529411764705882,-0.3216911764705882,295.2258064516129,5.9393939393939394,-289.286412512219,1408.2483887055337,1856.951362724852,-448.7029740193184,0.07024434894579747
1647,2023,1345,1192,1,16,15,0,0.8529411764705882,0.53125,-0.3216911764705882,295.2258064516129,5.9393939393939394,-289.286412512219,1856.951362724852,1408.2483887055337,448.7029740193184,0.9297556510542025
1648,2023,1194,1272,9,8,-1,1,0.90625,0.7647058823529411,0.14154411764705888,22.545454545454547,19.453125,-3.0923295454545467,1746.7782093802032,1785.2774253641112,-38.499215983908016,0.44482083408961254
1649,2023,1272,1194,8,9,1,0,0.7647058823529411,0.90625,0.14154411764705888,22.545454545454547,19.453125,-3.0923295454545467,1785.2774253641112,1746.7782093802032,38.499215983908016,0.5551791659103875
1650,2023,1211,1213,3,14,11,1,0.84375,0.65625,0.1875,6.409090909090909,102.80645161290323,96.39736070381232,1916.3482160247675,1629.5739977317764,286.774218292991,0.8389998323342568
1651,2023,1213,1211,14,3,-11,0,0.65625,0.84375,0.1875,6.409090909090909,102.80645161290323,96.39736070381232,1629.5739977317764,1916.3482160247675,-286.774218292991,0.1610001676657432
1652,2023,1231,1245,4,13,9,1,0.6666666666666666,0.8125,-0.14583333333333337,25.28787878787879,60.666666666666664,35.378787878787875,1718.3412107888116,1737.2027958163237,-18.861585027512092,0.47288263193555763
1653,2023,1245,1231,13,4,-9,0,0.8125,0.6666666666666666,-0.14583333333333337,25.28787878787879,60.666666666666664,35.378787878787875,1737.2027958163237,1718.3412107888116,18.861585027512092,0.5271173680644423
1654,2023,1243,1286,3,14,11,1,0.71875,0.71875,0.0,21.196969696969695,110.7741935483871,89.57722385141741,1696.228193695756,1655.4361667760893,40.792026919666796,0.5584361808362724
1655,2023,1286,1243,14,3,-11,0,0.71875,0.71875,0.0,21.196969696969695,110.7741935483871,89.57722385141741,1655.4361667760893,1696.228193695756,-40.792026919666796,0.44156381916372756
1656,2023,1246,1344,6,11,5,1,0.65625,0.65625,0.0,28.238095238095237,49.317460317460316,21.07936507936508,1722.166125970512,1685.970718549156,36.195407421356094,0.5519017472820167
1657,2023,1344,1246,11,6,-5,0,0.65625,0.65625,0.0,28.238095238095237,49.317460317460316,21.07936507936508,1685.970718549156,1722.166125970512,-36.195407421356094,0.4480982527179833
1658,2023,1266,1436,2,15,13,1,0.8235294117647058,0.6875,0.13602941176470584,10.787878787878787,109.08064516129032,98.29276637341154,1827.2754774750322,1668.113433345816,159.16204412921616,0.714269314734321
1659,2023,1436,1266,15,2,-13,0,0.6875,0.8235294117647058,0.13602941176470584,10.787878787878787,109.08064516129032,98.29276637341154,1668.113433345816,1827.2754774750322,-159.16204412921616,0.285730685265679
1660,2023,1274,1179,5,12,7,1,0.78125,0.7878787878787878,-0.006628787878787845,30.606060606060606,55.03225806451613,24.426197458455523,1761.705093877753,1739.9205758714336,21.78451800631933,0.5313094222998724
1661,2023,1179,1274,12,5,-7,0,0.7878787878787878,0.78125,-0.006628787878787845,30.606060606060606,55.03225806451613,24.426197458455523,1739.9205758714336,1761.705093877753,-21.78451800631933,0.46869057770012756
1662,2023,1277,1425,7,10,3,1,0.6129032258064516,0.6875,-0.07459677419354838,36.57142857142857,41.317460317460316,4.746031746031747,1697.7597187327137,1716.5819045082594,-18.822185775545677,0.47293916558642446
1663,2023,1425,1277,10,7,-3,0,0.6875,0.6129032258064516,-0.07459677419354838,36.57142857142857,41.317460317460316,4.746031746031747,1716.5819045082594,1697.7597187327137,18.822185775545677,0.5270608344135755
1664,2023,1338,1235,11,6,-5,1,0.6666666666666666,0.59375,0.07291666666666663,64.91935483870968,27.714285714285715,-37.205069124423964,1635.9550499253332,1670.4872875852814,-34.53223765994812,0.4504671151224089
1665,2023,1235,1338,6,11,5,0,0.59375,0.6666666666666666,0.07291666666666663,64.91935483870968,27.714285714285715,-37.205069124423964,1670.4872875852814,1635.9550499253332,34.53223765994812,0.5495328848775911
1666,2023,1388,1433,5,12,7,1,0.78125,0.7941176470588235,-0.012867647058823484,14.969696969696969,43.46031746031746,28.490620490620493,1776.7496868743722,1756.6344140484655,20.115272825906686,0.528915903165079
1667,2023,1433,1388,12,5,-7,0,0.7941176470588235,0.78125,-0.012867647058823484,14.969696969696969,43.46031746031746,28.490620490620493,1756.6344140484655,1776.7496868743722,-20.115272825906686,0.47108409683492103
1668,2023,1395,1113,6,11,5,1,0.6363636363636364,0.6470588235294118,-0.010695187165775444,27.23076923076923,61.93650793650794,34.70573870573871,1691.5693521987757,1667.1359736421737,24.433378556602065,0.5351046063017963
1669,2023,1113,1395,11,6,-5,0,0.6470588235294118,0.6363636363636364,-0.010695187165775444,27.23076923076923,61.93650793650794,34.70573870573871,1667.1359736421737,1691.5693521987757,-24.433378556602065,0.46489539369820365
1670,2023,1462,1244,3,14,11,1,0.7352941176470589,0.7419354838709677,-0.006641366223908873,18.181818181818183,111.06451612903226,92.88269794721407,1750.4414243525878,1593.1473306759772,157.2940936766106,0.7120697462062394
1671,2023,1244,1462,14,3,-11,0,0.7419354838709677,0.7352941176470589,-0.006641366223908873,18.181818181818183,111.06451612903226,92.88269794721407,1593.1473306759772,1750.4414243525878,-157.2940936766106,0.2879302537937606
1672,2023,1104,1268,1,8,7,1,0.8529411764705882,0.6363636363636364,0.21657754010695185,1.7121212121212122,33.904761904761905,32.192640692640694,1872.3953361555928,1666.5507352131765,205.84460094241626,0.7658342875585069
1673,2023,1268,1104,8,1,-7,0,0.6363636363636364,0.8529411764705882,0.21657754010695185,1.7121212121212122,33.904761904761905,32.192640692640694,1666.5507352131765,1872.3953361555928,-205.84460094241626,0.2341657124414931
1674,2023,1116,1242,8,1,-7,1,0.6060606060606061,0.7941176470588235,-0.1880570409982174,26.333333333333332,5.96969696969697,-20.363636363636363,1720.3595387301746,1904.5208166669233,-184.16127793674877,0.2572869945889162
1675,2023,1242,1116,1,8,7,0,0.7941176470588235,0.6060606060606061,-0.1880570409982174,26.333333333333332,5.96969696969697,-20.363636363636363,1904.5208166669233,1720.3595387301746,184.16127793674877,0.7427130054110838
1676,2023,1222,1120,1,9,8,1,0.9117647058823529,0.625,0.2867647058823529,2.257575757575758,31.317460317460316,29.05988455988456,1924.0188310221931,1707.800563372823,216.2182676493701,0.7763727934531356
1677,2023,1120,1222,9,1,-8,0,0.625,0.9117647058823529,0.2867647058823529,2.257575757575758,31.317460317460316,29.05988455988456,1707.800563372823,1924.0188310221931,-216.2182676493701,0.2236272065468644
1678,2023,1343,1281,15,7,-8,1,0.7037037037037037,0.7272727272727273,-0.023569023569023573,111.85483870967742,38.36363636363637,-73.49120234604106,1653.959111575274,1709.187409669074,-55.22829809380005,0.42118283108219284
1679,2023,1281,1343,7,15,8,0,0.7272727272727273,0.7037037037037037,-0.023569023569023573,111.85483870967742,38.36363636363637,-73.49120234604106,1709.187409669074,1653.959111575274,55.22829809380005,0.5788171689178072
1680,2023,1361,1202,5,13,8,1,0.8125,0.7741935483870968,0.03830645161290325,15.484848484848484,88.1774193548387,72.69257086999022,1812.6615754449542,1702.583285032195,110.07829041275932,0.653319249288175
1681,2023,1202,1361,13,5,-8,0,0.7741935483870968,0.8125,0.03830645161290325,15.484848484848484,88.1774193548387,72.69257086999022,1702.583285032195,1812.6615754449542,-110.07829041275932,0.346680750711825
1682,2023,1397,1181,4,5,1,1,0.696969696969697,0.7647058823529411,-0.06773618538324411,12.484848484848484,16.166666666666668,3.6818181818181834,1754.4417925961338,1854.75487003707,-100.31307744093624,0.3595199067281625
1683,2023,1181,1397,5,4,-1,0,0.7647058823529411,0.696969696969697,-0.06773618538324411,12.484848484848484,16.166666666666668,3.6818181818181834,1854.75487003707,1754.4417925961338,100.31307744093624,0.6404800932718375
1684,2023,1400,1336,2,10,8,1,0.7647058823529411,0.6285714285714286,0.13613445378151257,6.363636363636363,43.07936507936508,36.715728715728716,1840.5345476246785,1702.8982292507246,137.63631837395383,0.6883246150129234
1685,2023,1336,1400,10,2,-8,0,0.6285714285714286,0.7647058823529411,0.13613445378151257,6.363636363636363,43.07936507936508,36.715728715728716,1702.8982292507246,1840.5345476246785,-137.63631837395383,0.3116753849870766
1686,2023,1417,1321,2,7,5,1,0.8529411764705882,0.65625,0.1966911764705882,4.424242424242424,41.28125,36.85700757575758,1873.6807226756468,1662.2944769959408,211.386245679706,0.7715064492375061
1687,2023,1321,1417,7,2,-5,0,0.65625,0.8529411764705882,0.1966911764705882,4.424242424242424,41.28125,36.85700757575758,1662.2944769959408,1873.6807226756468,-211.386245679706,0.2284935507624939
1688,2023,1163,1388,4,5,1,1,0.7575757575757576,0.78125,-0.02367424242424243,9.818181818181818,14.969696969696969,5.1515151515151505,1786.5646059318442,1790.8822097794198,-4.317603847575583,0.4937867884254926
1689,2023,1388,1163,5,4,-1,0,0.78125,0.7575757575757576,-0.02367424242424243,9.818181818181818,14.969696969696969,5.1515151515151505,1790.8822097794198,1786.5646059318442,4.317603847575583,0.5062132115745074
1690,2023,1166,1124,6,3,-3,1,0.6363636363636364,0.6875,-0.051136363636363646,23.53125,14.393939393939394,-9.137310606060606,1736.9735136907361,1808.8083162289836,-71.83480253824746,0.3980697427915321
1691,2023,1124,1166,3,6,3,0,0.6875,0.6363636363636364,-0.051136363636363646,23.53125,14.393939393939394,-9.137310606060606,1808.8083162289836,1736.9735136907361,71.83480253824746,0.6019302572084679
1692,2023,1194,1192,9,16,7,1,0.90625,0.53125,0.375,22.545454545454547,295.2258064516129,272.68035190615836,1763.4335843575147,1436.1410582371598,327.292526120355,0.8680753082973349
1693,2023,1192,1194,16,9,-7,0,0.53125,0.90625,0.375,22.545454545454547,295.2258064516129,272.68035190615836,1436.1410582371598,1763.4335843575147,-327.292526120355,0.13192469170266508
1694,2023,1211,1395,3,6,3,1,0.84375,0.6363636363636364,0.20738636363636365,6.409090909090909,27.23076923076923,20.82167832167832,1921.1782210547397,1705.5162140097218,215.66200704501784,0.775816360189299
1695,2023,1395,1211,6,3,-3,0,0.6363636363636364,0.84375,0.20738636363636365,6.409090909090909,27.23076923076923,20.82167832167832,1705.5162140097218,1921.1782210547397,-215.66200704501784,0.224183639810701
1696,2023,1243,1246,3,6,3,1,0.71875,0.65625,0.0625,21.196969696969695,28.238095238095237,7.041125541125542,1709.475108270668,1735.6090735520515,-26.133965281383553,0.4624609724666111
1697,2023,1246,1243,6,3,-3,0,0.65625,0.71875,0.0625,21.196969696969695,28.238095238095237,7.041125541125542,1735.6090735520515,1709.475108270668,26.133965281383553,0.5375390275333889
1698,2023,1274,1231,5,4,-1,1,0.78125,0.6666666666666666,0.11458333333333337,30.606060606060606,25.28787878787879,-5.318181818181817,1775.7658112087568,1734.1547318307448,41.61107937801194,0.5595984694980177
1699,2023,1231,1274,4,5,1,0,0.6666666666666666,0.78125,0.11458333333333337,30.606060606060606,25.28787878787879,-5.318181818181817,1734.1547318307448,1775.7658112087568,-41.61107937801194,0.4404015305019823
1700,2023,1277,1266,7,2,-5,1,0.6129032258064516,0.8235294117647058,-0.21062618595825422,36.57142857142857,10.787878787878787,-25.78354978354978,1713.571543765121,1835.8473980330025,-122.27585426788141,0.3309533414916621
1701,2023,1266,1277,2,7,5,0,0.8235294117647058,0.6129032258064516,-0.21062618595825422,36.57142857142857,10.787878787878787,-25.78354978354978,1835.8473980330025,1713.571543765121,122.27585426788141,0.6690466585083379
1702,2023,1462,1338,3,11,8,1,0.7352941176470589,0.6666666666666666,0.06862745098039225,18.181818181818183,64.91935483870968,46.73753665689149,1759.0793319664006,1652.441036471661,106.63829549473962,0.6488206739730734
1703,2023,1338,1462,11,3,-8,0,0.6666666666666666,0.7352941176470589,0.06862745098039225,18.181818181818183,64.91935483870968,46.73753665689149,1652.441036471661,1759.0793319664006,-106.63829549473962,0.3511793260269266
1704,2023,1163,1116,4,8,4,1,0.7575757575757576,0.6060606060606061,0.1515151515151515,9.818181818181818,26.333333333333332,16.515151515151516,1801.7510022790793,1742.640928892507,59.11007338657237,0.5842548772727858
1705,2023,1116,1163,8,4,-4,0,0.6060606060606061,0.7575757575757576,0.1515151515151515,9.818181818181818,26.333333333333332,16.515151515151516,1742.640928892507,1801.7510022790793,-59.11007338657237,0.4157451227272142
1706,2023,1194,1397,9,4,-5,1,0.90625,0.696969696969697,0.20928030303030298,22.545454545454547,12.484848484848484,-10.060606060606062,1767.3913251085946,1773.656195394289,-6.264870285694315,0.4909851039440215
1707,2023,1397,1194,4,9,5,0,0.696969696969697,0.90625,0.20928030303030298,22.545454545454547,12.484848484848484,-10.060606060606062,1773.656195394289,1767.3913251085946,6.264870285694315,0.5090148960559785
1708,2023,1211,1417,3,2,-1,1,0.84375,0.8529411764705882,-0.009191176470588203,6.409090909090909,4.424242424242424,-1.9848484848484853,1927.9037302490606,1880.5355291985218,47.3682010505388,0.5677490742226826
1709,2023,1417,1211,2,3,1,0,0.8529411764705882,0.84375,-0.009191176470588203,6.409090909090909,4.424242424242424,-1.9848484848484853,1880.5355291985218,1927.9037302490606,-47.3682010505388,0.4322509257773174
1710,2023,1243,1277,3,7,4,1,0.71875,0.6129032258064516,0.10584677419354838,21.196969696969695,36.57142857142857,15.374458874458874,1725.6012790966697,1733.6429435203713,-8.041664423701604,0.4884291808012741
1711,2023,1277,1243,7,3,-4,0,0.6129032258064516,0.71875,0.10584677419354838,21.196969696969695,36.57142857142857,15.374458874458874,1733.6429435203713,1725.6012790966697,8.041664423701604,0.5115708191987258
1712,2023,1166,1343,6,15,9,1,0.6363636363636364,0.7037037037037037,-0.06734006734006737,23.53125,111.85483870967742,88.32358870967742,1755.0314214069901,1671.3236266428082,83.70779476418193,0.618187179442551
1713,2023,1343,1166,15,6,-9,0,0.7037037037037037,0.6363636363636364,-0.06734006734006737,23.53125,111.85483870967742,88.32358870967742,1671.3236266428082,1755.0314214069901,-83.70779476418193,0.38181282055744903
1714,2023,1274,1222,5,1,-4,1,0.78125,0.9117647058823529,-0.13051470588235292,30.606060606060606,2.257575757575758,-28.348484848484848,1788.9778571238162,1930.727647218599,-141.74979009478284,0.30661821615903695
1715,2023,1222,1274,1,5,4,0,0.9117647058823529,0.78125,-0.13051470588235292,30.606060606060606,2.257575757575758,-28.348484848484848,1930.727647218599,1788.9778571238162,141.74979009478284,0.693381783840963
1716,2023,1361,1104,5,1,-4,1,0.8125,0.8529411764705882,-0.0404411764705882,15.484848484848484,1.7121212121212122,-13.772727272727272,1823.061997966309,1879.4203075288376,-56.358309562528575,0.41959784125731575
1717,2023,1104,1361,1,5,4,0,0.8529411764705882,0.8125,-0.0404411764705882,15.484848484848484,1.7121212121212122,-13.772727272727272,1879.4203075288376,1823.061997966309,56.358309562528575,0.5804021587426842
1718,2023,1400,1462,2,3,1,1,0.7647058823529411,0.7352941176470589,0.02941176470588225,6.363636363636363,18.181818181818183,11.81818181818182,1849.8848091742907,1769.6147117472083,80.27009742708242,0.613505555238789
1719,2023,1462,1400,3,2,-1,0,0.7352941176470589,0.7647058823529411,0.02941176470588225,6.363636363636363,18.181818181818183,11.81818181818182,1769.6147117472083,1849.8848091742907,-80.27009742708242,0.386494444761211
1720,2023,1163,1211,4,3,-1,1,0.7575757575757576,0.84375,-0.08617424242424243,9.818181818181818,6.409090909090909,-3.409090909090909,1814.2233559608958,1940.87125802238,-126.64790206148427,0.3254045658107219
1721,2023,1211,1163,3,4,1,0,0.84375,0.7575757575757576,-0.08617424242424243,9.818181818181818,6.409090909090909,-3.409090909090909,1940.87125802238,1814.2233559608958,126.64790206148427,0.6745954341892781
1722,2023,1194,1243,9,3,-6,1,0.90625,0.71875,0.1875,22.545454545454547,21.196969696969695,-1.3484848484848513,1782.661771990274,1740.9484036726315,41.71336831764256,0.5597435785345577
1723,2023,1243,1194,3,9,6,0,0.71875,0.90625,0.1875,22.545454545454547,21.196969696969695,-1.3484848484848513,1740.9484036726315,1782.661771990274,-41.71336831764256,0.4402564214654423
1724,2023,1274,1400,5,2,-3,1,0.78125,0.7647058823529411,0.016544117647058876,30.606060606060606,6.363636363636363,-24.242424242424242,1809.779310639045,1861.479642517127,-51.700331878082125,0.42614158945352226
1725,2023,1400,1274,2,5,3,0,0.7647058823529411,0.78125,0.016544117647058876,30.606060606060606,6.363636363636363,-24.242424242424242,1861.479642517127,1809.779310639045,51.700331878082125,0.5738584105464777
1726,2023,1361,1166,5,6,1,1,0.8125,0.6363636363636364,0.17613636363636365,15.484848484848484,23.53125,8.046401515151516,1840.4740627285896,1766.4858060237136,73.988256704876,0.6048967459855152
1727,2023,1166,1361,6,5,-1,0,0.6363636363636364,0.8125,0.17613636363636365,15.484848484848484,23.53125,8.046401515151516,1766.4858060237136,1840.4740627285896,-73.988256704876,0.39510325401448476
1728,2023,1163,1274,4,5,1,1,0.7575757575757576,0.78125,-0.02367424242424243,9.818181818181818,30.606060606060606,20.78787878787879,1834.461218986574,1826.9950629554394,7.4661560311346875,0.51074300861281
1729,2023,1274,1163,5,4,-1,0,0.78125,0.7575757575757576,-0.02367424242424243,9.818181818181818,30.606060606060606,20.78787878787879,1826.9950629554394,1834.461218986574,-7.4661560311346875,0.48925699138719003
1730,2023,1361,1194,5,9,4,1,0.8125,0.90625,-0.09375,15.484848484848484,22.545454545454547,7.060606060606062,1852.327160349024,1795.8694646342374,56.45769571478672,0.5805414820740272
1731,2023,1194,1361,9,5,-4,0,0.90625,0.8125,-0.09375,15.484848484848484,22.545454545454547,7.060606060606062,1795.8694646342374,1852.327160349024,-56.45769571478672,0.4194585179259728
1732,2023,1163,1361,4,5,1,1,0.7575757575757576,0.8125,-0.05492424242424243,9.818181818181818,15.484848484848484,5.666666666666666,1849.1389287281897,1864.9109158868032,-15.771987158613456,0.47731786448428604
1733,2023,1361,1163,5,4,-1,0,0.8125,0.7575757575757576,-0.05492424242424243,9.818181818181818,15.484848484848484,5.666666666666666,1864.9109158868032,1849.1389287281897,15.771987158613456,0.522682135515714
1734,2024,1161,1438,10,10,0,1,0.6875,0.696969696969697,-0.009469696969697017,40.94736842105263,55.19298245614035,14.24561403508772,1652.4336708176806,1704.2198489087848,-51.78617809110415,0.4260207469673182
1735,2024,1438,1161,10,10,0,0,0.696969696969697,0.6875,-0.009469696969697017,40.94736842105263,55.19298245614035,14.24561403508772,1704.2198489087848,1652.4336708176806,51.78617809110415,0.5739792530326818
1736,2024,1447,1224,16,16,0,1,0.4827586206896552,0.5,-0.017241379310344807,289.9122807017544,265.3157894736842,-24.596491228070192,1437.7070067970449,1468.9243119213404,-31.217305124295535,0.45519519352032584
1737,2024,1224,1447,16,16,0,0,0.5,0.4827586206896552,-0.017241379310344807,289.9122807017544,265.3157894736842,-24.596491228070192,1468.9243119213404,1437.7070067970449,31.217305124295535,0.5448048064796742
1738,2024,1160,1129,10,10,0,1,0.7058823529411765,0.6666666666666666,0.03921568627450989,29.29824561403509,42.228070175438596,12.929824561403507,1691.489482772901,1700.0188591915337,-8.529376418632637,0.4877277059470891
1739,2024,1129,1160,10,10,0,0,0.6666666666666666,0.7058823529411765,0.03921568627450989,29.29824561403509,42.228070175438596,12.929824561403507,1700.0188591915337,1691.489482772901,8.529376418632637,0.512272294052911
1740,2024,1212,1286,16,16,0,1,0.5483870967741935,0.4838709677419355,0.06451612903225801,251.2280701754386,220.33333333333334,-30.89473684210526,1522.6933430845452,1511.6323516504287,11.060991434116431,0.5159126705812654
1741,2024,1286,1212,16,16,0,0,0.4838709677419355,0.5483870967741935,0.06451612903225801,251.2280701754386,220.33333333333334,-30.89473684210526,1511.6323516504287,1522.6933430845452,-11.060991434116431,0.48408732941873456
1742,2024,1112,1253,2,15,13,1,0.7575757575757576,0.5757575757575758,0.18181818181818177,6.728813559322034,162.28070175438597,155.55188819506395,1808.0799474914206,1536.3838456317214,271.6961018596992,0.8269277922267719
1743,2024,1253,1112,15,2,-13,0,0.5757575757575758,0.7575757575757576,0.18181818181818177,6.728813559322034,162.28070175438597,155.55188819506395,1536.3838456317214,1808.0799474914206,-271.6961018596992,0.17307220777322807
1744,2024,1166,1103,3,14,11,1,0.71875,0.6875,0.03125,13.694915254237289,110.9298245614035,97.23490930716622,1774.2572486824401,1619.611866900276,154.64538178216412,0.7089335850817164
1745,2024,1103,1166,14,3,-11,0,0.6875,0.71875,0.03125,13.694915254237289,110.9298245614035,97.23490930716622,1619.611866900276,1774.2572486824401,-154.64538178216412,0.29106641491828356
1746,2024,1173,1305,7,10,3,1,0.7741935483870968,0.78125,-0.007056451612903247,32.70175438596491,32.24561403508772,-0.45614035087719174,1705.9981956054135,1726.9563900095893,-20.958194404175856,0.46987526425789006
1747,2024,1305,1173,10,7,-3,0,0.78125,0.7741935483870968,-0.007056451612903247,32.70175438596491,32.24561403508772,-0.45614035087719174,1726.9563900095893,1705.9981956054135,20.958194404175856,0.5301247357421099
1748,2024,1182,1140,11,6,-5,1,0.6764705882352942,0.696969696969697,-0.02049910873440286,72.64912280701755,20.135593220338983,-52.513529586678565,1658.8274891002904,1693.6502940625378,-34.822804962247346,0.45005309339222
1749,2024,1140,1182,6,11,5,0,0.696969696969697,0.6764705882352942,-0.02049910873440286,72.64912280701755,20.135593220338983,-52.513529586678565,1693.6502940625378,1658.8274891002904,34.822804962247346,0.54994690660778
1750,2024,1211,1270,5,12,7,1,0.7741935483870968,0.896551724137931,-0.1223581757508343,18.491525423728813,66.6842105263158,48.19268510258698,1832.4374644706545,1599.4034076580233,233.0340568126312,0.7927285984632733
1751,2024,1270,1211,12,5,-7,0,0.896551724137931,0.7741935483870968,-0.1223581757508343,18.491525423728813,66.6842105263158,48.19268510258698,1599.4034076580233,1832.4374644706545,-233.0340568126312,0.20727140153672674
1752,2024,1228,1287,3,14,11,1,0.7647058823529411,0.7333333333333333,0.03137254901960784,9.983050847457626,116.43859649122807,106.45554564377045,1784.2956472637227,1608.3297936801964,175.96585358352627,0.7335952893168755
1753,2024,1287,1228,14,3,-11,0,0.7333333333333333,0.7647058823529411,0.03137254901960784,9.983050847457626,116.43859649122807,106.45554564377045,1608.3297936801964,1784.2956472637227,-175.96585358352627,0.26640471068312455
1754,2024,1235,1355,2,15,13,1,0.7941176470588235,0.6129032258064516,0.18121442125237186,5.796610169491525,142.40350877192984,136.60689860243832,1819.0023319193435,1596.5247636870092,222.4775682323343,0.7825661569932969
1755,2024,1355,1235,15,2,-13,0,0.6129032258064516,0.7941176470588235,0.18121442125237186,5.796610169491525,142.40350877192984,136.60689860243832,1596.5247636870092,1819.0023319193435,-222.4775682323343,0.2174338430067031
1756,2024,1242,1359,4,13,9,1,0.6774193548387096,0.84375,-0.16633064516129037,19.16949152542373,74.26315789473684,55.093666369313105,1790.430882041691,1694.7540251390158,95.67685690267513,0.6343119594076443
1757,2024,1359,1242,13,4,-9,0,0.84375,0.6774193548387096,-0.16633064516129037,19.16949152542373,74.26315789473684,55.093666369313105,1694.7540251390158,1790.430882041691,-95.67685690267513,0.3656880405923557
1758,2024,1277,1280,9,8,-1,1,0.5757575757575758,0.6176470588235294,-0.04188948306595364,31.45614035087719,34.45614035087719,3.0,1664.6338684936895,1662.2706153949302,2.3632530987592872,0.5034009421472432
1759,2024,1280,1277,8,9,1,0,0.6176470588235294,0.5757575757575758,-0.04188948306595364,31.45614035087719,34.45614035087719,3.0,1662.2706153949302,1664.6338684936895,-2.3632530987592872,0.4965990578527568
1760,2024,1301,1403,11,6,-5,1,0.6111111111111112,0.696969696969697,-0.08585858585858586,57.666666666666664,26.16949152542373,-31.497175141242934,1668.8867935722649,1725.5441020131711,-56.65730844090626,0.41917873193852395
1761,2024,1403,1301,6,11,5,0,0.696969696969697,0.6111111111111112,-0.08585858585858586,57.666666666666664,26.16949152542373,-31.497175141242934,1725.5441020131711,1668.8867935722649,56.65730844090626,0.580821268061476
1762,2024,1314,1447,1,16,15,1,0.7941176470588235,0.4827586206896552,0.3113590263691683,7.101694915254237,289.9122807017544,282.81058578650016,1796.7183842336785,1454.0511509914352,342.66723324224336,0.8778848687770302
1763,2024,1447,1314,16,1,-15,0,0.4827586206896552,0.7941176470588235,0.3113590263691683,7.101694915254237,289.9122807017544,282.81058578650016,1454.0511509914352,1796.7183842336785,-342.66723324224336,0.1221151312229698
1764,2024,1324,1246,14,3,-11,1,0.6764705882352942,0.71875,-0.04227941176470584,121.94736842105263,18.728813559322035,-103.2185548617306,1593.105556226391,1749.1207241450747,-156.0151679186838,0.2894420299271981
1765,2024,1246,1324,3,14,11,0,0.71875,0.6764705882352942,-0.04227941176470584,121.94736842105263,18.728813559322035,-103.2185548617306,1749.1207241450747,1593.105556226391,156.0151679186838,0.710557970072802
1766,2024,1332,1376,11,6,-5,1,0.6764705882352942,0.7878787878787878,-0.11140819964349369,49.771929824561404,35.610169491525426,-14.161760333035978,1696.02823693555,1708.6122694955204,-12.58403255997041,0.4818980365063484
1767,2024,1376,1332,6,11,5,0,0.7878787878787878,0.6764705882352942,-0.11140819964349369,49.771929824561404,35.610169491525426,-14.161760333035978,1708.6122694955204,1696.02823693555,12.58403255997041,0.5181019634936517
1768,2024,1397,1389,2,15,13,1,0.75,0.5806451612903226,0.16935483870967738,6.627118644067797,192.7017543859649,186.0746357418971,1796.1716166367228,1529.7613899190612,266.41022671766154,0.8225295863170949
1769,2024,1389,1397,15,2,-13,0,0.5806451612903226,0.75,0.16935483870967738,6.627118644067797,192.7017543859649,186.0746357418971,1529.7613899190612,1796.1716166367228,-266.41022671766154,0.17747041368290506
1770,2024,1400,1161,7,10,3,1,0.625,0.6875,-0.0625,33.35087719298246,40.94736842105263,7.596491228070171,1726.9045336821805,1669.653048408661,57.25148527351939,0.5816537842742413
1771,2024,1161,1400,10,7,-3,0,0.6875,0.625,-0.0625,33.35087719298246,40.94736842105263,7.596491228070171,1669.653048408661,1726.9045336821805,-57.25148527351939,0.4183462157257587
1772,2024,1450,1179,7,10,3,1,0.7272727272727273,0.8181818181818182,-0.09090909090909094,38.43103448275862,40.12280701754386,1.691772534785244,1685.3184945379912,1764.0247090439525,-78.70621450596127,0.38863123924617526
1773,2024,1179,1450,10,7,-3,0,0.8181818181818182,0.7272727272727273,-0.09090909090909094,38.43103448275862,40.12280701754386,1.691772534785244,1764.0247090439525,1685.3184945379912,78.70621450596127,0.6113687607538247
1774,2024,1104,1158,4,13,9,1,0.65625,0.7878787878787878,-0.13162878787878785,14.525423728813559,84.9298245614035,70.40440083258994,1768.457710582419,1736.7465056472172,31.71120493520175,0.5455097876926169
1775,2024,1158,1104,13,4,-9,0,0.7878787878787878,0.65625,-0.13162878787878785,14.525423728813559,84.9298245614035,70.40440083258994,1736.7465056472172,1768.457710582419,-31.71120493520175,0.45449021230738307
1776,2024,1124,1159,3,14,11,1,0.6875,0.7272727272727273,-0.03977272727272729,14.152542372881356,130.96491228070175,116.8123699078204,1763.136713391782,1645.1497388831576,117.98697450862437,0.6635573588685856
1777,2024,1159,1124,14,3,-11,0,0.7272727272727273,0.6875,-0.03977272727272729,14.152542372881356,130.96491228070175,116.8123699078204,1645.1497388831576,1763.136713391782,-117.98697450862437,0.3364426411314144
1778,2024,1155,1307,6,11,5,1,0.65625,0.7352941176470589,-0.07904411764705888,35.40350877192982,25.789473684210527,-9.614035087719294,1663.1965825094412,1697.5534117279865,-34.35682921854527,0.45071708325769455
1779,2024,1307,1155,11,6,-5,0,0.7352941176470589,0.65625,-0.07904411764705888,35.40350877192982,25.789473684210527,-9.614035087719294,1697.5534117279865,1663.1965825094412,34.35682921854527,0.5492829167423054
1780,2024,1160,1196,10,7,-3,1,0.7058823529411765,0.6857142857142857,0.020168067226890796,29.29824561403509,26.017241379310345,-3.281004234724744,1706.8576515944883,1707.8518773217063,-0.9942257272180086,0.49856919806892286
1781,2024,1196,1160,7,10,3,0,0.6857142857142857,0.7058823529411765,0.020168067226890796,29.29824561403509,26.017241379310345,-3.281004234724744,1707.8518773217063,1706.8576515944883,0.9942257272180086,0.5014308019310771
1782,2024,1163,1391,1,16,15,1,0.9117647058823529,0.6129032258064516,0.2988614800759013,2.0338983050847457,185.80701754385964,183.7731192387749,1955.6981114401428,1525.5033531179756,430.1947583221672,0.9224707292887108
1783,2024,1391,1163,16,1,-15,0,0.6129032258064516,0.9117647058823529,0.2988614800759013,2.0338983050847457,185.80701754385964,183.7731192387749,1525.5033531179756,1955.6981114401428,-430.1947583221672,0.07752927071128923
1784,2024,1181,1436,4,13,9,1,0.75,0.8125,-0.0625,12.728813559322035,89.75438596491227,77.02557240559024,1767.737662533171,1721.5627066358347,46.174955897336304,0.566062605912109
1785,2024,1436,1181,13,4,-9,0,0.8125,0.75,-0.0625,12.728813559322035,89.75438596491227,77.02557240559024,1721.5627066358347,1767.737662533171,-46.174955897336304,0.433937394087891
1786,2024,1213,1388,12,5,-7,1,0.875,0.78125,0.09375,47.43859649122807,23.271186440677965,-24.167410050550103,1732.036634427032,1789.029061560117,-56.99242713308513,0.4187091317540235
1787,2024,1388,1213,5,12,7,0,0.78125,0.875,0.09375,47.43859649122807,23.271186440677965,-24.167410050550103,1789.029061560117,1732.036634427032,56.99242713308513,0.5812908682459765
1788,2024,1222,1255,1,16,15,1,0.8823529411764706,0.5806451612903226,0.30170777988614794,1.7796610169491525,168.3859649122807,166.60630389533156,1951.160423382593,1514.8310751595295,436.32934822306356,0.9249589202317356
1789,2024,1255,1222,16,1,-15,0,0.5806451612903226,0.8823529411764706,0.30170777988614794,1.7796610169491525,168.3859649122807,166.60630389533156,1514.8310751595295,1951.160423382593,-436.32934822306356,0.07504107976826435
1790,2024,1241,1458,12,5,-7,1,0.9090909090909091,0.6285714285714286,0.2805194805194805,52.666666666666664,22.779661016949152,-29.887005649717512,1724.075357479141,1692.8982739485298,31.1770835306113,0.5447473871559289
1791,2024,1458,1241,5,12,7,0,0.6285714285714286,0.9090909090909091,0.2805194805194805,52.666666666666664,22.779661016949152,-29.887005649717512,1692.8982739485298,1724.075357479141,-31.1770835306113,0.45525261284407115
1792,2024,1266,1443,2,15,13,1,0.7352941176470589,0.6333333333333333,0.10196078431372557,11.94915254237288,134.05263157894737,122.10347903657448,1823.8236033934306,1560.6742255595832,263.14937783384744,0.8197728938273151
1793,2024,1443,1266,15,2,-13,0,0.6333333333333333,0.7352941176470589,0.10196078431372557,11.94915254237288,134.05263157894737,122.10347903657448,1560.6742255595832,1823.8236033934306,-263.14937783384744,0.1802271061726849
1794,2024,1321,1194,9,8,-1,1,0.65625,0.7575757575757576,-0.10132575757575757,44.26315789473684,37.08771929824562,-7.175438596491226,1665.7880515530726,1750.20452702202,-84.41647546894751,0.38085039563024514
1795,2024,1194,1321,8,9,1,0,0.7575757575757576,0.65625,-0.10132575757575757,44.26315789473684,37.08771929824562,-7.175438596491226,1750.20452702202,1665.7880515530726,84.41647546894751,0.6191496043697549
1796,2024,1345,1212,1,16,15,1,0.8787878787878788,0.5483870967741935,0.3304007820136853,2.9661016949152543,251.2280701754386,248.26196848052334,1918.0820619455849,1537.2159629671073,380.86609897847757,0.8995686991199492
1797,2024,1212,1345,16,1,-15,0,0.5483870967741935,0.8787878787878788,0.3304007820136853,2.9661016949152543,251.2280701754386,248.26196848052334,1537.2159629671073,1918.0820619455849,-380.86609897847757,0.10043130088005081
1798,2024,1361,1412,5,12,7,1,0.6875,0.6666666666666666,0.02083333333333337,25.847457627118644,90.28070175438596,64.43324412726732,1749.0065961110001,1691.9488346004314,57.05776151056875,0.5813824038612984
1799,2024,1412,1361,12,5,-7,0,0.6666666666666666,0.6875,0.02083333333333337,25.847457627118644,90.28070175438596,64.43324412726732,1691.9488346004314,1749.0065961110001,-57.05776151056875,0.41861759613870164
1800,2024,1401,1304,9,8,-1,1,0.5882352941176471,0.696969696969697,-0.10873440285204994,46.92982456140351,29.649122807017545,-17.280701754385962,1697.2747268986864,1676.714063191751,20.56066370693543,0.529554680728002
1801,2024,1304,1401,8,9,1,0,0.696969696969697,0.5882352941176471,-0.10873440285204994,46.92982456140351,29.649122807017545,-17.280701754385962,1676.714063191751,1697.2747268986864,-20.56066370693543,0.47044531927199795
1802,2024,1429,1395,8,9,1,1,0.8064516129032258,0.6363636363636364,0.1700879765395894,37.91525423728814,37.29824561403509,-0.6170086232530494,1759.0517656316995,1683.2736371228686,75.77812850883083,0.607356527395789
1803,2024,1395,1429,9,8,-1,0,0.6363636363636364,0.8064516129032258,0.1700879765395894,37.91525423728814,37.29824561403509,-0.6170086232530494,1683.2736371228686,1759.0517656316995,-75.77812850883083,0.39264347260421095
1804,2024,1463,1120,13,4,-9,1,0.6896551724137931,0.7941176470588235,-0.10446247464503033,85.03508771929825,5.4576271186440675,-79.57746060065418,1674.379477395046,1793.8134021646629,-119.43392476961685,0.3345856704365513
1805,2024,1120,1463,4,13,9,0,0.7941176470588235,0.6896551724137931,-0.10446247464503033,85.03508771929825,5.4576271186440675,-79.57746060065418,1793.8134021646629,1674.379477395046,119.43392476961685,0.6654143295634487
1806,2024,1112,1173,2,7,5,1,0.7575757575757576,0.7741935483870968,-0.016617790811339184,6.728813559322034,32.70175438596491,25.972940826642876,1813.2721137246174,1721.9019376776769,91.37017604694051,0.6285424586155136
1807,2024,1173,1112,7,2,-5,0,0.7741935483870968,0.7575757575757576,-0.016617790811339184,6.728813559322034,32.70175438596491,25.972940826642876,1721.9019376776769,1813.2721137246174,-91.37017604694051,0.3714575413844864
1808,2024,1166,1332,3,11,8,1,0.71875,0.6764705882352942,0.04227941176470584,13.694915254237289,49.771929824561404,36.07701457032412,1782.9892411299886,1711.5712958403597,71.41794528962896,0.6013551425615187
1809,2024,1332,1166,11,3,-8,0,0.6764705882352942,0.71875,0.04227941176470584,13.694915254237289,49.771929824561404,36.07701457032412,1711.5712958403597,1782.9892411299886,-71.41794528962896,0.3986448574384813
1810,2024,1211,1242,5,4,-1,1,0.7741935483870968,0.6774193548387096,0.09677419354838712,18.491525423728813,19.16949152542373,0.677966101694917,1838.6556065167563,1801.4015232594616,37.254083257294724,0.5534084064810783
1811,2024,1242,1211,4,5,1,0,0.6774193548387096,0.7741935483870968,0.09677419354838712,18.491525423728813,19.16949152542373,0.677966101694917,1801.4015232594616,1838.6556065167563,-37.254083257294724,0.44659159351892175
1812,2024,1228,1182,3,11,8,1,0.7647058823529411,0.6764705882352942,0.08823529411764697,9.983050847457626,72.64912280701755,62.66607195955992,1792.2877885842165,1675.325896298524,116.96189228569256,0.6622387317800247
1813,2024,1182,1228,11,3,-8,0,0.6764705882352942,0.7647058823529411,0.08823529411764697,9.983050847457626,72.64912280701755,62.66607195955992,1675.325896298524,1792.2877885842165,-116.96189228569256,0.3377612682199753
1814,2024,1235,1450,2,7,5,1,0.7941176470588235,0.7272727272727273,0.06684491978609619,5.796610169491525,38.43103448275862,32.6344243132671,1825.5253472095446,1703.659557360606,121.86578984893868,0.6685237760239119
1815,2024,1450,1235,7,2,-5,0,0.7272727272727273,0.7941176470588235,0.06684491978609619,5.796610169491525,38.43103448275862,32.6344243132671,1703.659557360606,1825.5253472095446,-121.86578984893868,0.3314762239760881
1816,2024,1301,1324,11,14,3,1,0.6111111111111112,0.6764705882352942,-0.065359477124183,57.666666666666664,121.94736842105263,64.28070175438597,1686.311431614109,1614.422295328575,71.88913628553405,0.6020051977538942
1817,2024,1324,1301,14,11,-3,0,0.6764705882352942,0.6111111111111112,-0.065359477124183,57.666666666666664,121.94736842105263,64.28070175438597,1614.422295328575,1686.311431614109,-71.88913628553405,0.39799480224610584
1818,2024,1314,1277,1,9,8,1,0.7941176470588235,0.5757575757575758,0.21836007130124768,7.101694915254237,31.45614035087719,24.354445435622956,1800.3818381703677,1679.5318402292723,120.84999794109535,0.6672267263117448
1819,2024,1277,1314,9,1,-8,0,0.5757575757575758,0.7941176470588235,0.21836007130124768,7.101694915254237,31.45614035087719,24.354445435622956,1679.5318402292723,1800.3818381703677,-120.84999794109535,0.33277327368825516
1820,2024,1397,1400,2,7,5,1,0.75,0.625,0.125,6.627118644067797,33.35087719298246,26.723758548914663,1801.49572904721,1739.4549201539533,62.04080889325678,0.5883468682117096
1821,2024,1400,1397,7,2,-5,0,0.625,0.75,0.125,6.627118644067797,33.35087719298246,26.723758548914663,1739.4549201539533,1801.49572904721,-62.04080889325678,0.41165313178829044
1822,2024,1104,1213,4,12,8,1,0.65625,0.875,-0.21875,14.525423728813559,47.43859649122807,32.91317276241451,1782.0924169516404,1749.4753604744112,32.6170564772292,0.5468023032317694
1823,2024,1213,1104,12,4,-8,0,0.875,0.65625,-0.21875,14.525423728813559,47.43859649122807,32.91317276241451,1749.4753604744112,1782.0924169516404,-32.6170564772292,0.45319769676823063
1824,2024,1155,1124,6,3,-3,1,0.65625,0.6875,-0.03125,35.40350877192982,14.152542372881356,-21.250966399048465,1679.6750700117104,1773.2299926257244,-93.554922614014,0.3685260182010608
1825,2024,1124,1155,3,6,3,0,0.6875,0.65625,-0.03125,35.40350877192982,14.152542372881356,-21.250966399048465,1773.2299926257244,1679.6750700117104,93.554922614014,0.6314739817989392
1826,2024,1163,1321,1,9,8,1,0.9117647058823529,0.65625,0.2555147058823529,2.0338983050847457,44.26315789473684,42.229259589652095,1958.0239895614816,1684.3625396841653,273.6614498773163,0.8285409695761428
1827,2024,1321,1163,9,1,-8,0,0.65625,0.9117647058823529,0.2555147058823529,2.0338983050847457,44.26315789473684,42.229259589652095,1684.3625396841653,1958.0239895614816,-273.6614498773163,0.17145903042385724
1828,2024,1181,1241,4,12,8,1,0.75,0.9090909090909091,-0.15909090909090906,12.728813559322035,52.666666666666664,39.93785310734463,1780.7557843558077,1737.7329358644631,43.022848491344575,0.5616003217678291
1829,2024,1241,1181,12,4,-8,0,0.9090909090909091,0.75,-0.15909090909090906,12.728813559322035,52.666666666666664,39.93785310734463,1737.7329358644631,1780.7557843558077,-43.022848491344575,0.43839967823217085
1830,2024,1222,1401,1,9,8,1,0.8823529411764706,0.5882352941176471,0.2941176470588235,1.7796610169491525,46.92982456140351,45.15016354445435,1953.411655775641,1711.3880864768464,242.02356929879465,0.8011025589192614
1831,2024,1401,1222,9,1,-8,0,0.5882352941176471,0.8823529411764706,0.2941176470588235,1.7796610169491525,46.92982456140351,45.15016354445435,1711.3880864768464,1953.411655775641,-242.02356929879465,0.1988974410807386
1832,2024,1266,1160,2,10,8,1,0.7352941176470589,0.7058823529411765,0.02941176470588236,11.94915254237288,29.29824561403509,17.34909307166221,1829.230416578611,1721.9005756524207,107.3298409261904,0.6497271832378813
1833,2024,1160,1266,10,2,-8,0,0.7058823529411765,0.7352941176470589,0.02941176470588236,11.94915254237288,29.29824561403509,17.34909307166221,1721.9005756524207,1829.230416578611,-107.3298409261904,0.35027281676211874
1834,2024,1345,1429,1,8,7,1,0.8787878787878788,0.8064516129032258,0.07233626588465303,2.9661016949152543,37.91525423728814,34.949152542372886,1921.0950009719863,1770.8310698098257,150.2639311621606,0.7037018860150608
1835,2024,1429,1345,8,1,-7,0,0.8064516129032258,0.8787878787878788,0.07233626588465303,2.9661016949152543,37.91525423728814,34.949152542372886,1770.8310698098257,1921.0950009719863,-150.2639311621606,0.2962981139849392
1836,2024,1361,1463,5,13,8,1,0.6875,0.6896551724137931,-0.0021551724137931494,25.847457627118644,85.03508771929825,59.1876300921796,1761.5651239951612,1694.3419072819495,67.22321671321174,0.5955525804167634
1837,2024,1463,1361,13,5,-8,0,0.6896551724137931,0.6875,-0.0021551724137931494,25.847457627118644,85.03508771929825,59.1876300921796,1694.3419072819495,1761.5651239951612,-67.22321671321174,0.4044474195832366
1838,2024,1104,1314,4,1,-3,1,0.65625,0.7941176470588235,-0.13786764705882348,14.525423728813559,7.101694915254237,-7.423728813559322,1795.6883478546874,1810.3650363810154,-14.676688526328007,0.478891101888217
1839,2024,1314,1104,1,4,3,0,0.7941176470588235,0.65625,-0.13786764705882348,14.525423728813559,7.101694915254237,-7.423728813559322,1810.3650363810154,1795.6883478546874,14.676688526328007,0.5211088981117831
1840,2024,1155,1112,6,2,-4,1,0.65625,0.7575757575757576,-0.10132575757575757,35.40350877192982,6.728813559322034,-28.674695212607787,1698.6192894656785,1824.415839966152,-125.79655050047336,0.3264812852852291
1841,2024,1112,1155,2,6,4,0,0.7575757575757576,0.65625,-0.10132575757575757,35.40350877192982,6.728813559322034,-28.674695212607787,1824.415839966152,1698.6192894656785,125.79655050047336,0.673518714714771
1842,2024,1163,1361,1,5,4,1,0.9117647058823529,0.6875,0.22426470588235292,2.0338983050847457,25.847457627118644,23.813559322033896,1963.1677604741974,1773.6985465826583,189.46921389153908,0.7485083306996129
1843,2024,1361,1163,5,1,-4,0,0.6875,0.9117647058823529,0.22426470588235292,2.0338983050847457,25.847457627118644,23.813559322033896,1773.6985465826583,1963.1677604741974,-189.46921389153908,0.25149166930038713
1844,2024,1228,1235,3,2,-1,1,0.7647058823529411,0.7941176470588235,-0.02941176470588236,9.983050847457626,5.796610169491525,-4.186440677966101,1802.4206266308158,1835.4696339288273,-33.049007298011475,0.4525815881714719
1845,2024,1235,1228,2,3,1,0,0.7941176470588235,0.7647058823529411,-0.02941176470588236,9.983050847457626,5.796610169491525,-4.186440677966101,1835.4696339288273,1802.4206266308158,33.049007298011475,0.5474184118285281
1846,2024,1181,1222,4,1,-3,1,0.75,0.8823529411764706,-0.13235294117647056,12.728813559322035,1.7796610169491525,-10.949152542372882,1793.9077747027727,1959.3785790080633,-165.47080430529059,0.27837700270227655
1847,2024,1222,1181,1,4,3,0,0.8823529411764706,0.75,-0.13235294117647056,12.728813559322035,1.7796610169491525,-10.949152542372882,1959.3785790080633,1793.9077747027727,165.47080430529059,0.7216229972977235
1848,2024,1301,1266,11,2,-9,1,0.6111111111111112,0.7352941176470589,-0.12418300653594772,57.666666666666664,11.94915254237288,-45.717514124293785,1698.2512756814922,1839.7386010814746,-141.4873253999824,0.30693952582936784
1849,2024,1266,1301,2,11,9,0,0.7352941176470589,0.6111111111111112,-0.12418300653594772,57.666666666666664,11.94915254237288,-45.717514124293785,1839.7386010814746,1698.2512756814922,141.4873253999824,0.6930604741706321
1850,2024,1345,1211,1,5,4,1,0.8787878787878788,0.7741935483870968,0.10459433040078203,2.9661016949152543,18.491525423728813,15.525423728813559,1929.9839443915346,1852.053354322324,77.93059006921067,0.6103073990465804
1851,2024,1211,1345,5,1,-4,0,0.7741935483870968,0.8787878787878788,0.10459433040078203,2.9661016949152543,18.491525423728813,15.525423728813559,1852.053354322324,1929.9839443915346,-77.93059006921067,0.3896926009534196
1852,2024,1397,1166,2,3,1,1,0.75,0.71875,0.03125,6.627118644067797,13.694915254237289,7.067796610169492,1813.8453230008588,1794.948586853143,18.89673614771573,0.5271678055203309
1853,2024,1166,1397,3,2,-1,0,0.71875,0.75,0.03125,6.627118644067797,13.694915254237289,7.067796610169492,1794.948586853143,1813.8453230008588,-18.89673614771573,0.47283219447966907
1854,2024,1104,1155,4,6,2,1,0.65625,0.65625,0.0,14.525423728813559,35.40350877192982,20.878085043116265,1811.3216147980409,1718.8248509071216,92.49676389091928,0.6300553270172036
1855,2024,1155,1104,6,4,-2,0,0.65625,0.65625,0.0,14.525423728813559,35.40350877192982,20.878085043116265,1718.8248509071216,1811.3216147980409,-92.49676389091928,0.36994467298279643
1856,2024,1163,1228,1,3,2,1,0.9117647058823529,0.7647058823529411,0.1470588235294118,2.0338983050847457,9.983050847457626,7.949152542372881,1970.712510553209,1818.8431789856718,151.8693315675373,0.7056251406757249
1857,2024,1228,1163,3,1,-2,0,0.7647058823529411,0.9117647058823529,0.1470588235294118,2.0338983050847457,9.983050847457626,7.949152542372881,1818.8431789856718,1970.712510553209,-151.8693315675373,0.2943748593242751
1858,2024,1301,1181,11,4,-7,1,0.6111111111111112,0.75,-0.13888888888888884,57.666666666666664,12.728813559322035,-44.93785310734463,1719.0430899066112,1815.5564646217044,-96.51337471509328,0.36457178688603414
1859,2024,1181,1301,4,11,7,0,0.75,0.6111111111111112,-0.13888888888888884,57.666666666666664,12.728813559322035,-44.93785310734463,1815.5564646217044,1719.0430899066112,96.51337471509328,0.6354282131139659
1860,2024,1345,1397,1,2,1,1,0.8787878787878788,0.75,0.12878787878787878,2.9661016949152543,6.627118644067797,3.6610169491525424,1941.6747224201372,1828.030288835249,113.64443358488825,0.6579540354591122
1861,2024,1397,1345,2,1,-1,0,0.75,0.8787878787878788,0.12878787878787878,2.9661016949152543,6.627118644067797,3.6610169491525424,1828.030288835249,1941.6747224201372,-113.64443358488825,0.34204596454088776
1862,2024,1163,1104,1,4,3,1,0.9117647058823529,0.65625,0.2555147058823529,2.0338983050847457,14.525423728813559,12.491525423728813,1979.5437563329374,1822.4199549875248,157.12380134541263,0.7118687208309153
1863,2024,1104,1163,4,1,-3,0,0.65625,0.9117647058823529,0.2555147058823529,2.0338983050847457,14.525423728813559,12.491525423728813,1822.4199549875248,1979.5437563329374,-157.12380134541263,0.28813127916908465
1864,2024,1345,1301,1,11,10,1,0.8787878787878788,0.6111111111111112,0.2676767676767676,2.9661016949152543,57.666666666666664,54.70056497175141,1951.936101356364,1738.1059363000302,213.83016505633373,0.7739769969994137
1865,2024,1301,1345,11,1,-10,0,0.6111111111111112,0.8787878787878788,0.2676767676767676,2.9661016949152543,57.666666666666664,54.70056497175141,1738.1059363000302,1951.936101356364,-213.83016505633373,0.2260230030005863
1866,2024,1163,1345,1,1,0,1,0.9117647058823529,0.8787878787878788,0.03297682709447414,2.0338983050847457,2.9661016949152543,0.9322033898305087,1988.18769470801,1958.7167914463814,29.470903261628564,0.5423106110211336
1867,2024,1345,1163,1,1,0,0,0.8787878787878788,0.9117647058823529,0.03297682709447414,2.0338983050847457,2.9661016949152543,0.9322033898305087,1958.7167914463814,1988.18769470801,-29.470903261628564,0.45768938897886635
