ID,Pred,Team1ID,Team2ID,Team1Name,Team2Name,Team1ELO,Team2ELO,Team1Seed,Team2Seed
2022_1124_1246,0.6673094988369903,1124,1246,Baylor,Kentucky,1842.6937910507952,1751.8933740848004,1,2
2022_1124_1345,0.6679606971069294,1124,1345,Baylor,Purdue,1842.6937910507952,1766.4472954915698,1,3
2022_1124_1417,0.6841155258997994,1124,1417,Baylor,UCLA,1842.6937910507952,1770.2333828900607,1,4
2022_1124_1388,0.7360865136741465,1124,1388,Baylor,St Mary's CA,1842.6937910507952,1746.780244099535,1,5
2022_1124_1400,0.8233968874595806,1124,1400,Baylor,Texas,1842.6937910507952,1683.6799874435449,1,6
2022_1124_1293,0.801780712532743,1124,1293,Baylor,Murray St,1842.6937910507952,1720.2753981211088,1,7
2022_1124_1314,0.8113016970541357,1124,1314,Baylor,North Carolina,1842.6937910507952,1720.9987545307467,1,8
2022_1124_1266,0.8819907862342914,1124,1266,Baylor,Marquette,1842.6937910507952,1636.9519450678188,1,9
2022_1124_1362,0.8763135002733428,1124,1362,Baylor,San Francisco,1842.6937910507952,1645.0757699911858,1,10
2022_1124_1439,0.8230898168673642,1124,1439,Baylor,Virginia Tech,1842.6937910507952,1709.0007522289675,1,11
2022_1124_1231,0.8956499192264246,1124,1231,Baylor,Indiana,1842.6937910507952,1615.9178655265448,1,12
2022_1124_1461,0.8831402774222744,1124,1461,Baylor,Wyoming,1842.6937910507952,1635.2660966528765,1,12
2022_1103_1124,0.8616819913341545,1124,1103,Baylor,Akron,1842.6937910507952,1664.6298900185711,1,13
2022_1124_1463,0.8891782180995662,1124,1463,Baylor,Yale,1842.6937910507952,1626.1665007751603,1,14
2022_1124_1389,0.9150239753867847,1124,1389,Baylor,St Peter's,1842.6937910507952,1581.4461687566236,1,15
2022_1124_1313,0.9158259273871804,1124,1313,Baylor,Norfolk St,1842.6937910507952,1579.87168309463,1,16
2022_1124_1211,0.42742458912149606,1124,1211,Baylor,Gonzaga,1842.6937910507952,1887.134407734365,1,1
2022_1124_1181,0.6387657250708633,1124,1181,Baylor,Duke,1842.6937910507952,1771.0503621480075,1,2
2022_1124_1403,0.7097872793668274,1124,1403,Baylor,Texas Tech,1842.6937910507952,1736.7496725293959,1,3
2022_1116_1124,0.7016813010324848,1124,1116,Baylor,Arkansas,1842.6937910507952,1757.6829916184988,1,4
2022_1124_1163,0.773331368756162,1124,1163,Baylor,Connecticut,1842.6937910507952,1716.1528193787053,1,5
2022_1104_1124,0.8407491567613334,1124,1104,Baylor,Alabama,1842.6937910507952,1664.789146124711,1,6
2022_1124_1277,0.8386995825757902,1124,1277,Baylor,Michigan St,1842.6937910507952,1682.1039635977568,1,7
2022_1124_1129,0.7800534817269482,1124,1129,Baylor,Boise St,1842.6937910507952,1750.2612402141353,1,8
2022_1124_1272,0.8129737435457908,1124,1272,Baylor,Memphis,1842.6937910507952,1719.3329125920548,1,9
2022_1124_1172,0.8206879244925434,1124,1172,Baylor,Davidson,1842.6937910507952,1711.4948140059207,1,10
2022_1124_1323,0.8694878097290284,1124,1323,Baylor,Notre Dame,1842.6937910507952,1654.4294442487048,1,11
2022_1124_1353,0.8815238352463376,1124,1353,Baylor,Rutgers,1842.6937910507952,1637.632715657693,1,11
2022_1124_1308,0.8338050701002848,1124,1308,Baylor,New Mexico St,1842.6937910507952,1697.5374247173152,1,12
2022_1124_1436,0.8198292389235703,1124,1436,Baylor,Vermont,1842.6937910507952,1712.3801095075978,1,13
2022_1124_1286,0.8735554281376127,1124,1286,Baylor,Montana St,1842.6937910507952,1648.907194296671,1,14
2022_1124_1168,0.9290352963398751,1124,1168,Baylor,CS Fullerton,1842.6937910507952,1551.74735381392,1,15
2022_1124_1209,0.8934323272367747,1124,1209,Baylor,Georgia St,1842.6937910507952,1619.491127745312,1,16
2022_1124_1242,0.528026351724629,1124,1242,Baylor,Kansas,1842.6937910507952,1825.6355450626606,1,1
2022_1120_1124,0.6630998237587197,1124,1120,Baylor,Auburn,1842.6937910507952,1754.766605041748,1,2
2022_1124_1458,0.706401162784082,1124,1458,Baylor,Wisconsin,1842.6937910507952,1739.2398150796869,1,3
2022_1124_1344,0.7249632001580865,1124,1344,Baylor,Providence,1842.6937910507952,1740.3699865463689,1,4
2022_1124_1234,0.719238033815981,1124,1234,Baylor,Iowa,1842.6937910507952,1759.7067615492522,1,5
2022_1124_1261,0.8360360470710725,1124,1261,Baylor,LSU,1842.6937910507952,1670.076972932596,1,6
2022_1124_1425,0.7719495643277037,1124,1425,Baylor,USC,1842.6937910507952,1747.348483989828,1,7
2022_1124_1361,0.7810791910530048,1124,1361,Baylor,San Diego St,1842.6937910507952,1749.3509828117778,1,8
2022_1124_1166,0.8170490153409358,1124,1166,Baylor,Creighton,1842.6937910507952,1715.2241151553408,1,9
2022_1124_1274,0.8658977382587627,1124,1274,Baylor,Miami FL,1842.6937910507952,1659.1831151322328,1,10
2022_1124_1235,0.9221666903095045,1124,1235,Baylor,Iowa St,1842.6937910507952,1566.918414604053,1,11
2022_1124_1350,0.8510735910844028,1124,1350,Baylor,Richmond,1842.6937910507952,1677.745402069529,1,12
2022_1124_1355,0.7900478690709163,1124,1355,Baylor,S Dakota St,1842.6937910507952,1741.2571993589054,1,13
2022_1124_1159,0.8624875042820876,1124,1159,Baylor,Colgate,1842.6937910507952,1663.6000644018511,1,14
2022_1124_1240,0.9207312421584751,1124,1240,Baylor,Jacksonville St,1842.6937910507952,1569.9330015732564,1,15
2022_1124_1394,0.9630991365116379,1124,1394,Baylor,TAM C. Christi,1842.6937910507952,1446.871728434155,1,16
2022_1124_1411,0.9226003883491447,1124,1411,Baylor,TX Southern,1842.6937910507952,1565.9975930452333,1,16
2022_1112_1124,0.5138756668106218,1124,1112,Baylor,Arizona,1842.6937910507952,1834.2550485377794,1,1
2022_1124_1437,0.5525261930823081,1124,1437,Baylor,Villanova,1842.6937910507952,1825.6389527604601,1,2
2022_1124_1397,0.6267451570317595,1124,1397,Baylor,Tennessee,1842.6937910507952,1793.9138536658204,1,3
2022_1124_1228,0.720875820498483,1124,1228,Baylor,Illinois,1842.6937910507952,1743.4717413030744,1,4
2022_1124_1222,0.6211255741574799,1124,1222,Baylor,Houston,1842.6937910507952,1827.554349059758,1,5
2022_1124_1161,0.7668041681957879,1124,1161,Baylor,Colorado St,1842.6937910507952,1736.7565025348324,1,6
2022_1124_1326,0.8697296793650258,1124,1326,Baylor,Ohio St,1842.6937910507952,1644.1052080865643,1,7
2022_1124_1371,0.8500211651582151,1124,1371,Baylor,Seton Hall,1842.6937910507952,1679.0038735560877,1,8
2022_1124_1395,0.8853946502762174,1124,1395,Baylor,TCU,1842.6937910507952,1631.9175900729285,1,9
2022_1124_1260,0.8035159541062289,1124,1260,Baylor,Loyola-Chicago,1842.6937910507952,1728.610266867969,1,10
2022_1124_1276,0.8552195013944898,1124,1276,Baylor,Michigan,1842.6937910507952,1672.715156428664,1,11
2022_1124_1412,0.8388835238348457,1124,1412,Baylor,UAB,1842.6937910507952,1691.8971925596084,1,12
2022_1124_1151,0.8385183293351716,1124,1151,Baylor,Chattanooga,1842.6937910507952,1692.3075267872991,1,13
2022_1124_1255,0.8999435387349041,1124,1255,Baylor,Longwood,1842.6937910507952,1608.804247555333,1,14
2022_1124_1174,0.9194448528862161,1124,1174,Baylor,Delaware,1842.6937910507952,1572.5924542652383,1,15
2022_1124_1136,0.9047556345831133,1124,1136,Baylor,Bryant,1842.6937910507952,1600.501589692621,1,16
2022_1124_1460,0.9140358209468896,1124,1460,Baylor,Wright St,1842.6937910507952,1583.367797473222,1,16
2022_1246_1345,0.5007336665585097,1246,1345,Kentucky,Purdue,1751.8933740848004,1766.4472954915698,2,3
2022_1246_1417,0.519167831817401,1246,1417,Kentucky,UCLA,1751.8933740848004,1770.2333828900607,2,4
2022_1246_1388,0.5816827277820802,1246,1388,Kentucky,St Mary's CA,1751.8933740848004,1746.780244099535,2,5
2022_1246_1400,0.6992001811807609,1246,1400,Kentucky,Texas,1751.8933740848004,1683.6799874435449,2,6
2022_1246_1293,0.6685025052256118,1246,1293,Kentucky,Murray St,1751.8933740848004,1720.2753981211088,2,7
2022_1246_1314,0.6889774838601934,1246,1314,Kentucky,North Carolina,1751.8933740848004,1720.9987545307467,2,8
2022_1246_1266,0.8044054912276016,1246,1266,Kentucky,Marquette,1751.8933740848004,1636.9519450678188,2,9
2022_1246_1362,0.7958595784462144,1246,1362,Kentucky,San Francisco,1751.8933740848004,1645.0757699911858,2,10
2022_1246_1439,0.719112597047063,1246,1439,Kentucky,Virginia Tech,1751.8933740848004,1709.0007522289675,2,11
2022_1231_1246,0.8252657358825481,1246,1231,Kentucky,Indiana,1751.8933740848004,1615.9178655265448,2,12
2022_1246_1461,0.8061446116329646,1246,1461,Kentucky,Wyoming,1751.8933740848004,1635.2660966528765,2,12
2022_1103_1246,0.7741634874921531,1246,1103,Kentucky,Akron,1751.8933740848004,1664.6298900185711,2,13
2022_1246_1463,0.8153289080809656,1246,1463,Kentucky,Yale,1751.8933740848004,1626.1665007751603,2,14
2022_1246_1389,0.8556007732956504,1246,1389,Kentucky,St Peter's,1751.8933740848004,1581.4461687566236,2,15
2022_1246_1313,0.8568758073360236,1246,1313,Kentucky,Norfolk St,1751.8933740848004,1579.87168309463,2,16
2022_1211_1246,0.2712266622007131,1246,1211,Kentucky,Gonzaga,1751.8933740848004,1887.134407734365,2,1
2022_1181_1246,0.46853407045092565,1246,1181,Kentucky,Duke,1751.8933740848004,1771.0503621480075,2,2
2022_1246_1403,0.5494156152120967,1246,1403,Kentucky,Texas Tech,1751.8933740848004,1736.7496725293959,2,3
2022_1116_1246,0.5397349375630461,1246,1116,Kentucky,Arkansas,1751.8933740848004,1757.6829916184988,2,4
2022_1163_1246,0.6297576184232786,1246,1163,Kentucky,Connecticut,1751.8933740848004,1716.1528193787053,2,5
2022_1104_1246,0.7246750748288153,1246,1104,Kentucky,Alabama,1751.8933740848004,1664.789146124711,2,6
2022_1246_1277,0.7216262440223463,1246,1277,Kentucky,Michigan St,1751.8933740848004,1682.1039635977568,2,7
2022_1129_1246,0.6463036848787455,1246,1129,Kentucky,Boise St,1751.8933740848004,1750.2612402141353,2,8
2022_1246_1272,0.7051805414277029,1246,1272,Kentucky,Memphis,1751.8933740848004,1719.3329125920548,2,9
2022_1172_1246,0.7157864731873147,1246,1172,Kentucky,Davidson,1751.8933740848004,1711.4948140059207,2,10
2022_1246_1323,0.7856798678787719,1246,1323,Kentucky,Notre Dame,1751.8933740848004,1654.4294442487048,2,11
2022_1246_1353,0.8036998696091124,1246,1353,Kentucky,Rutgers,1751.8933740848004,1637.632715657693,2,11
2022_1246_1308,0.734091060834797,1246,1308,Kentucky,New Mexico St,1751.8933740848004,1697.5374247173152,2,12
2022_1246_1436,0.7146001334972314,1246,1436,Kentucky,Vermont,1751.8933740848004,1712.3801095075978,2,13
2022_1246_1286,0.7917338458823612,1246,1286,Kentucky,Montana St,1751.8933740848004,1648.907194296671,2,14
2022_1168_1246,0.8781048766577091,1246,1168,Kentucky,CS Fullerton,1751.8933740848004,1551.74735381392,2,15
2022_1209_1246,0.8218498939091683,1246,1209,Kentucky,Georgia St,1751.8933740848004,1619.491127745312,2,16
2022_1242_1246,0.3580544802136342,1246,1242,Kentucky,Kansas,1751.8933740848004,1825.6355450626606,2,1
2022_1120_1246,0.49527452729391264,1246,1120,Kentucky,Auburn,1751.8933740848004,1754.766605041748,2,2
2022_1246_1458,0.5453568774889687,1246,1458,Kentucky,Wisconsin,1751.8933740848004,1739.2398150796869,2,3
2022_1246_1344,0.567872114255697,1246,1344,Kentucky,Providence,1751.8933740848004,1740.3699865463689,2,4
2022_1234_1246,0.5608577282860601,1246,1234,Kentucky,Iowa,1751.8933740848004,1759.7067615492522,2,5
2022_1246_1261,0.7176802422560333,1246,1261,Kentucky,LSU,1751.8933740848004,1670.076972932596,2,6
2022_1246_1425,0.6279216811400999,1246,1425,Kentucky,USC,1751.8933740848004,1747.348483989828,2,7
2022_1246_1361,0.6476714055278923,1246,1361,Kentucky,San Diego St,1751.8933740848004,1749.3509828117778,2,8
2022_1166_1246,0.7107689801971044,1246,1166,Kentucky,Creighton,1751.8933740848004,1715.2241151553408,2,9
2022_1246_1274,0.7803667781342704,1246,1274,Kentucky,Miami FL,1751.8933740848004,1659.1831151322328,2,10
2022_1235_1246,0.8670124025530955,1246,1235,Kentucky,Iowa St,1751.8933740848004,1566.918414604053,2,11
2022_1246_1350,0.7587222872551478,1246,1350,Kentucky,Richmond,1751.8933740848004,1677.745402069529,2,12
2022_1246_1355,0.6743343635294072,1246,1355,Kentucky,S Dakota St,1751.8933740848004,1741.2571993589054,2,13
2022_1159_1246,0.7753457953630266,1246,1159,Kentucky,Colgate,1751.8933740848004,1663.6000644018511,2,14
2022_1240_1246,0.8647089978440798,1246,1240,Kentucky,Jacksonville St,1751.8933740848004,1569.9330015732564,2,15
2022_1246_1394,0.934902877103807,1246,1394,Kentucky,TAM C. Christi,1751.8933740848004,1446.871728434155,2,16
2022_1246_1411,0.8677093399036763,1246,1411,Kentucky,TX Southern,1751.8933740848004,1565.9975930452333,2,16
2022_1112_1246,0.34512800753412387,1246,1112,Kentucky,Arizona,1751.8933740848004,1834.2550485377794,2,1
2022_1246_1437,0.3810347659821058,1246,1437,Kentucky,Villanova,1751.8933740848004,1825.6389527604601,2,2
2022_1246_1397,0.45567597591330417,1246,1397,Kentucky,Tennessee,1751.8933740848004,1793.9138536658204,2,3
2022_1228_1246,0.5628578784174414,1246,1228,Kentucky,Illinois,1751.8933740848004,1743.4717413030744,2,4
2022_1222_1246,0.4497420756796988,1246,1222,Kentucky,Houston,1751.8933740848004,1827.554349059758,2,5
2022_1161_1246,0.6211215946356821,1246,1161,Kentucky,Colorado St,1751.8933740848004,1736.7565025348324,2,6
2022_1246_1326,0.7689744522694845,1246,1326,Kentucky,Ohio St,1751.8933740848004,1644.1052080865643,2,7
2022_1246_1371,0.7449048380406648,1246,1371,Kentucky,Seton Hall,1751.8933740848004,1679.0038735560877,2,8
2022_1246_1395,0.8095640366599679,1246,1395,Kentucky,TCU,1751.8933740848004,1631.9175900729285,2,9
2022_1246_1260,0.6923346348798846,1246,1260,Kentucky,Loyola-Chicago,1751.8933740848004,1728.610266867969,2,10
2022_1246_1276,0.7647284214050698,1246,1276,Kentucky,Michigan,1751.8933740848004,1672.715156428664,2,11
2022_1246_1412,0.7412710208321418,1246,1412,Kentucky,UAB,1751.8933740848004,1691.8971925596084,2,12
2022_1151_1246,0.7407529487654365,1246,1151,Kentucky,Chattanooga,1751.8933740848004,1692.3075267872991,2,13
2022_1246_1255,0.8319118977379776,1246,1255,Kentucky,Longwood,1751.8933740848004,1608.804247555333,2,14
2022_1174_1246,0.8626490901803504,1246,1174,Kentucky,Delaware,1751.8933740848004,1572.5924542652383,2,15
2022_1136_1246,0.8394120487248714,1246,1136,Kentucky,Bryant,1751.8933740848004,1600.501589692621,2,16
2022_1246_1460,0.8540318412597888,1246,1460,Kentucky,Wright St,1751.8933740848004,1583.367797473222,2,16
2022_1345_1417,0.5184352022609344,1345,1417,Purdue,UCLA,1766.4472954915698,1770.2333828900607,3,4
2022_1345_1388,0.5809684703005308,1345,1388,Purdue,St Mary's CA,1766.4472954915698,1746.780244099535,3,5
2022_1345_1400,0.6985826032409901,1345,1400,Purdue,Texas,1766.4472954915698,1683.6799874435449,3,6
2022_1293_1345,0.6678518411696555,1345,1293,Purdue,Murray St,1766.4472954915698,1720.2753981211088,3,7
2022_1314_1345,0.6883482725868143,1345,1314,Purdue,North Carolina,1766.4472954915698,1720.9987545307467,3,8
2022_1266_1345,0.8090762769142985,1345,1266,Purdue,Marquette,1766.4472954915698,1636.9519450678188,3,9
2022_1345_1362,0.8109756541337585,1345,1362,Purdue,San Francisco,1766.4472954915698,1645.0757699911858,3,10
2022_1345_1439,0.7380410452868355,1345,1439,Purdue,Virginia Tech,1766.4472954915698,1709.0007522289675,3,11
2022_1231_1345,0.8386458216319793,1345,1231,Purdue,Indiana,1766.4472954915698,1615.9178655265448,3,12
2022_1345_1461,0.8206707121709093,1345,1461,Purdue,Wyoming,1766.4472954915698,1635.2660966528765,3,12
2022_1103_1345,0.7904631273481588,1345,1103,Purdue,Akron,1766.4472954915698,1664.6298900185711,3,13
2022_1345_1463,0.8293125203330397,1345,1463,Purdue,Yale,1766.4472954915698,1626.1665007751603,3,14
2022_1345_1389,0.8670322504643087,1345,1389,Purdue,St Peter's,1766.4472954915698,1581.4461687566236,3,15
2022_1313_1345,0.8682218918971911,1345,1313,Purdue,Norfolk St,1766.4472954915698,1579.87168309463,3,16
2022_1211_1345,0.2706469771585836,1345,1211,Purdue,Gonzaga,1766.4472954915698,1887.134407734365,3,1
2022_1181_1345,0.4678033769930089,1345,1181,Purdue,Duke,1766.4472954915698,1771.0503621480075,3,2
2022_1345_1403,0.5486890094527873,1345,1403,Purdue,Texas Tech,1766.4472954915698,1736.7496725293959,3,3
2022_1116_1345,0.5390058194255362,1345,1116,Purdue,Arkansas,1766.4472954915698,1757.6829916184988,3,4
2022_1163_1345,0.6290731022956597,1345,1163,Purdue,Connecticut,1766.4472954915698,1716.1528193787053,3,5
2022_1104_1345,0.7240891606417335,1345,1104,Purdue,Alabama,1766.4472954915698,1664.789146124711,3,6
2022_1277_1345,0.7210363392900115,1345,1277,Purdue,Michigan St,1766.4472954915698,1682.1039635977568,3,7
2022_1129_1345,0.6456325460156084,1345,1129,Purdue,Boise St,1766.4472954915698,1750.2612402141353,3,8
2022_1272_1345,0.7113706160112161,1345,1272,Purdue,Memphis,1766.4472954915698,1719.3329125920548,3,9
2022_1172_1345,0.7348564194863905,1345,1172,Purdue,Davidson,1766.4472954915698,1711.4948140059207,3,10
2022_1323_1345,0.8013615889215151,1345,1323,Purdue,Notre Dame,1766.4472954915698,1654.4294442487048,3,11
2022_1345_1353,0.8183678864814812,1345,1353,Purdue,Rutgers,1766.4472954915698,1637.632715657693,3,11
2022_1308_1345,0.7523577384293585,1345,1308,Purdue,New Mexico St,1766.4472954915698,1697.5374247173152,3,12
2022_1345_1436,0.733720067860115,1345,1436,Purdue,Vermont,1766.4472954915698,1712.3801095075978,3,13
2022_1286_1345,0.8070813674497045,1345,1286,Purdue,Montana St,1766.4472954915698,1648.907194296671,3,14
2022_1168_1345,0.8879880332873349,1345,1168,Purdue,CS Fullerton,1766.4472954915698,1551.74735381392,3,15
2022_1209_1345,0.8354393872649003,1345,1209,Purdue,Georgia St,1766.4472954915698,1619.491127745312,3,16
2022_1242_1345,0.3573802237376192,1345,1242,Purdue,Kansas,1766.4472954915698,1825.6355450626606,3,1
2022_1120_1345,0.4945409364399779,1345,1120,Purdue,Auburn,1766.4472954915698,1754.766605041748,3,2
2022_1345_1458,0.544629151396162,1345,1458,Purdue,Wisconsin,1766.4472954915698,1739.2398150796869,3,3
2022_1344_1345,0.5671518231317524,1345,1344,Purdue,Providence,1766.4472954915698,1740.3699865463689,3,4
2022_1234_1345,0.5601348016299503,1345,1234,Purdue,Iowa,1766.4472954915698,1759.7067615492522,3,5
2022_1261_1345,0.7170852538512097,1345,1261,Purdue,LSU,1766.4472954915698,1670.076972932596,3,6
2022_1345_1425,0.6272357798397528,1345,1425,Purdue,USC,1766.4472954915698,1747.348483989828,3,7
2022_1345_1361,0.6470014444396217,1345,1361,Purdue,San Diego St,1766.4472954915698,1749.3509828117778,3,8
2022_1166_1345,0.716888826223109,1345,1166,Purdue,Creighton,1766.4472954915698,1715.2241151553408,3,9
2022_1274_1345,0.7963364825856591,1345,1274,Purdue,Miami FL,1766.4472954915698,1659.1831151322328,3,10
2022_1235_1345,0.8776696352191928,1345,1235,Purdue,Iowa St,1766.4472954915698,1566.918414604053,3,11
2022_1345_1350,0.7758136566746843,1345,1350,Purdue,Richmond,1766.4472954915698,1677.745402069529,3,12
2022_1345_1355,0.6950004996614754,1345,1355,Purdue,S Dakota St,1766.4472954915698,1741.2571993589054,3,13
2022_1159_1345,0.7915830755687903,1345,1159,Purdue,Colgate,1766.4472954915698,1663.6000644018511,3,14
2022_1240_1345,0.8755243175192092,1345,1240,Purdue,Jacksonville St,1766.4472954915698,1569.9330015732564,3,15
2022_1345_1394,0.9404929772107177,1345,1394,Purdue,TAM C. Christi,1766.4472954915698,1446.871728434155,3,16
2022_1345_1411,0.8783185604478296,1345,1411,Purdue,TX Southern,1766.4472954915698,1565.9975930452333,3,16
2022_1112_1345,0.34446503124669997,1345,1112,Purdue,Arizona,1766.4472954915698,1834.2550485377794,3,1
2022_1345_1437,0.3803428745087671,1345,1437,Purdue,Villanova,1766.4472954915698,1825.6389527604601,3,2
2022_1345_1397,0.4549481695264644,1345,1397,Purdue,Tennessee,1766.4472954915698,1793.9138536658204,3,3
2022_1228_1345,0.562135673833649,1345,1228,Purdue,Illinois,1766.4472954915698,1743.4717413030744,3,4
2022_1222_1345,0.4490159287737589,1345,1222,Purdue,Houston,1766.4472954915698,1827.554349059758,3,5
2022_1161_1345,0.6204307353571603,1345,1161,Purdue,Colorado St,1766.4472954915698,1736.7565025348324,3,6
2022_1326_1345,0.7684526889061685,1345,1326,Purdue,Ohio St,1766.4472954915698,1644.1052080865643,3,7
2022_1345_1371,0.7443467869286965,1345,1371,Purdue,Seton Hall,1766.4472954915698,1679.0038735560877,3,8
2022_1345_1395,0.8141400989569887,1345,1395,Purdue,TCU,1766.4472954915698,1631.9175900729285,3,9
2022_1260_1345,0.7123457684941601,1345,1260,Purdue,Loyola-Chicago,1766.4472954915698,1728.610266867969,3,10
2022_1276_1345,0.7815168499437869,1345,1276,Purdue,Michigan,1766.4472954915698,1672.715156428664,3,11
2022_1345_1412,0.7592062564817541,1345,1412,Purdue,UAB,1766.4472954915698,1691.8971925596084,3,12
2022_1151_1345,0.7587124075738857,1345,1151,Purdue,Chattanooga,1766.4472954915698,1692.3075267872991,3,13
2022_1255_1345,0.8448787206527234,1345,1255,Purdue,Longwood,1766.4472954915698,1608.804247555333,3,14
2022_1174_1345,0.8736050111538258,1345,1174,Purdue,Delaware,1766.4472954915698,1572.5924542652383,3,15
2022_1136_1345,0.851903286783547,1345,1136,Purdue,Bryant,1766.4472954915698,1600.501589692621,3,16
2022_1345_1460,0.8655680089509031,1345,1460,Purdue,Wright St,1766.4472954915698,1583.367797473222,3,16
2022_1388_1417,0.5629088768442875,1417,1388,UCLA,St Mary's CA,1770.2333828900607,1746.780244099535,4,5
2022_1400_1417,0.6828246192207161,1417,1400,UCLA,Texas,1770.2333828900607,1683.6799874435449,4,6
2022_1293_1417,0.651289225927142,1417,1293,UCLA,Murray St,1770.2333828900607,1720.2753981211088,4,7
2022_1314_1417,0.6723062235389643,1417,1314,UCLA,North Carolina,1770.2333828900607,1720.9987545307467,4,8
2022_1266_1417,0.7974197266791617,1417,1266,UCLA,Marquette,1770.2333828900607,1636.9519450678188,4,9
2022_1362_1417,0.8046291647545303,1417,1362,UCLA,San Francisco,1770.2333828900607,1645.0757699911858,4,10
2022_1417_1439,0.7428280333394798,1417,1439,UCLA,Virginia Tech,1770.2333828900607,1709.0007522289675,4,11
2022_1231_1417,0.8419879791694814,1417,1231,UCLA,Indiana,1770.2333828900607,1615.9178655265448,4,12
2022_1417_1461,0.8243071914915229,1417,1461,UCLA,Wyoming,1770.2333828900607,1635.2660966528765,4,12
2022_1103_1417,0.7945588196341153,1417,1103,UCLA,Akron,1770.2333828900607,1664.6298900185711,4,13
2022_1417_1463,0.8328094598846505,1417,1463,UCLA,Yale,1770.2333828900607,1626.1665007751603,4,14
2022_1389_1417,0.8698776634381725,1417,1389,UCLA,St Peter's,1770.2333828900607,1581.4461687566236,4,15
2022_1313_1417,0.8710456337184351,1417,1313,UCLA,Norfolk St,1770.2333828900607,1579.87168309463,4,16
2022_1211_1417,0.25633283899947706,1417,1211,UCLA,Gonzaga,1770.2333828900607,1887.134407734365,4,1
2022_1181_1417,0.4494881003382762,1417,1181,UCLA,Duke,1770.2333828900607,1771.0503621480075,4,2
2022_1403_1417,0.5303628208603356,1417,1403,UCLA,Texas Tech,1770.2333828900607,1736.7496725293959,4,3
2022_1116_1417,0.520629955532365,1417,1116,UCLA,Arkansas,1770.2333828900607,1757.6829916184988,4,4
2022_1163_1417,0.611701065750772,1417,1163,UCLA,Connecticut,1770.2333828900607,1716.1528193787053,4,5
2022_1104_1417,0.7091093898397196,1417,1104,UCLA,Alabama,1770.2333828900607,1664.789146124711,4,6
2022_1277_1417,0.7059581306726116,1417,1277,UCLA,Michigan St,1770.2333828900607,1682.1039635977568,4,7
2022_1129_1417,0.6285781524759082,1417,1129,UCLA,Boise St,1770.2333828900607,1750.2612402141353,4,8
2022_1272_1417,0.6959902431595365,1417,1272,UCLA,Memphis,1770.2333828900607,1719.3329125920548,4,9
2022_1172_1417,0.7268151405698927,1417,1172,UCLA,Davidson,1770.2333828900607,1711.4948140059207,4,10
2022_1323_1417,0.8052967270048311,1417,1323,UCLA,Notre Dame,1770.2333828900607,1654.4294442487048,4,11
2022_1353_1417,0.8220409369170387,1417,1353,UCLA,Rutgers,1770.2333828900607,1637.632715657693,4,11
2022_1308_1417,0.7569692554087699,1417,1308,UCLA,New Mexico St,1770.2333828900607,1697.5374247173152,4,12
2022_1417_1436,0.7385580457689084,1417,1436,UCLA,Vermont,1770.2333828900607,1712.3801095075978,4,13
2022_1286_1417,0.8109299279061791,1417,1286,UCLA,Montana St,1770.2333828900607,1648.907194296671,4,14
2022_1168_1417,0.890441672530497,1417,1168,UCLA,CS Fullerton,1770.2333828900607,1551.74735381392,4,15
2022_1209_1417,0.8388351970104461,1417,1209,UCLA,Georgia St,1770.2333828900607,1619.491127745312,4,16
2022_1242_1417,0.34062119209295494,1417,1242,UCLA,Kansas,1770.2333828900607,1825.6355450626606,4,1
2022_1120_1417,0.47611534908293013,1417,1120,UCLA,Auburn,1770.2333828900607,1754.766605041748,4,2
2022_1417_1458,0.5262804377861048,1417,1458,UCLA,Wisconsin,1770.2333828900607,1739.2398150796869,4,3
2022_1344_1417,0.5489590577905248,1417,1344,UCLA,Providence,1770.2333828900607,1740.3699865463689,4,4
2022_1234_1417,0.5418853352356576,1417,1234,UCLA,Iowa,1770.2333828900607,1759.7067615492522,4,5
2022_1261_1417,0.7018817837135588,1417,1261,UCLA,LSU,1770.2333828900607,1670.076972932596,4,6
2022_1417_1425,0.6098310641715026,1417,1425,UCLA,USC,1770.2333828900607,1747.348483989828,4,7
2022_1361_1417,0.6299751737698824,1417,1361,UCLA,San Diego St,1770.2333828900607,1749.3509828117778,4,8
2022_1166_1417,0.701679191715102,1417,1166,UCLA,Creighton,1770.2333828900607,1715.2241151553408,4,9
2022_1274_1417,0.7896259851377879,1417,1274,UCLA,Miami FL,1770.2333828900607,1659.1831151322328,4,10
2022_1235_1417,0.8803188372270727,1417,1235,UCLA,Iowa St,1770.2333828900607,1566.918414604053,4,11
2022_1350_1417,0.7801160406858665,1417,1350,UCLA,Richmond,1770.2333828900607,1677.745402069529,4,12
2022_1355_1417,0.7002545700826533,1417,1355,UCLA,S Dakota St,1770.2333828900607,1741.2571993589054,4,13
2022_1159_1417,0.7956625357839834,1417,1159,UCLA,Colgate,1770.2333828900607,1663.6000644018511,4,14
2022_1240_1417,0.8782135320578981,1417,1240,UCLA,Jacksonville St,1770.2333828900607,1569.9330015732564,4,15
2022_1394_1417,0.9418717757516993,1417,1394,UCLA,TAM C. Christi,1770.2333828900607,1446.871728434155,4,16
2022_1411_1417,0.8809556153815138,1417,1411,UCLA,TX Southern,1770.2333828900607,1565.9975930452333,4,16
2022_1112_1417,0.32800251533869496,1417,1112,UCLA,Arizona,1770.2333828900607,1834.2550485377794,4,1
2022_1417_1437,0.36311548823837847,1417,1437,UCLA,Villanova,1770.2333828900607,1825.6389527604601,4,2
2022_1397_1417,0.43672318287683387,1417,1397,UCLA,Tennessee,1770.2333828900607,1793.9138536658204,4,3
2022_1228_1417,0.5439016259630803,1417,1228,UCLA,Illinois,1770.2333828900607,1743.4717413030744,4,4
2022_1222_1417,0.4308407381343743,1417,1222,UCLA,Houston,1770.2333828900607,1827.554349059758,4,5
2022_1161_1417,0.6029094368007312,1417,1161,UCLA,Colorado St,1770.2333828900607,1736.7565025348324,4,6
2022_1326_1417,0.7550667675806433,1417,1326,UCLA,Ohio St,1770.2333828900607,1644.1052080865643,4,7
2022_1371_1417,0.7300568243921304,1417,1371,UCLA,Seton Hall,1770.2333828900607,1679.0038735560877,4,8
2022_1395_1417,0.8027173269403615,1417,1395,UCLA,TCU,1770.2333828900607,1631.9175900729285,4,9
2022_1260_1417,0.7038968747611234,1417,1260,UCLA,Loyola-Chicago,1770.2333828900607,1728.610266867969,4,10
2022_1276_1417,0.7857400108326853,1417,1276,UCLA,Michigan,1770.2333828900607,1672.715156428664,4,11
2022_1412_1417,0.7637302921970726,1417,1412,UCLA,UAB,1770.2333828900607,1691.8971925596084,4,12
2022_1151_1417,0.7632428282629857,1417,1151,UCLA,Chattanooga,1770.2333828900607,1692.3075267872991,4,13
2022_1255_1417,0.848115156568871,1417,1255,UCLA,Longwood,1770.2333828900607,1608.804247555333,4,14
2022_1174_1417,0.8763298339422428,1417,1174,UCLA,Delaware,1770.2333828900607,1572.5924542652383,4,15
2022_1136_1417,0.8550183125707922,1417,1136,UCLA,Bryant,1770.2333828900607,1600.501589692621,4,16
2022_1417_1460,0.8684400011761456,1417,1460,UCLA,Wright St,1770.2333828900607,1583.367797473222,4,16
2022_1388_1400,0.6256985238073437,1388,1400,St Mary's CA,Texas,1746.780244099535,1683.6799874435449,5,6
2022_1293_1388,0.5918781255372813,1388,1293,St Mary's CA,Murray St,1746.780244099535,1720.2753981211088,5,7
2022_1314_1388,0.6143556192581405,1388,1314,St Mary's CA,North Carolina,1746.780244099535,1720.9987545307467,5,8
2022_1266_1388,0.7534817713045621,1388,1266,St Mary's CA,Marquette,1746.780244099535,1636.9519450678188,5,9
2022_1362_1388,0.7617877636019046,1388,1362,St Mary's CA,San Francisco,1746.780244099535,1645.0757699911858,5,10
2022_1388_1439,0.6985994808288347,1388,1439,St Mary's CA,Virginia Tech,1746.780244099535,1709.0007522289675,5,11
2022_1231_1388,0.8203618208079546,1388,1231,St Mary's CA,Indiana,1746.780244099535,1615.9178655265448,5,12
2022_1388_1461,0.8008335716272151,1388,1461,St Mary's CA,Wyoming,1746.780244099535,1635.2660966528765,5,12
2022_1103_1388,0.7682281719474047,1388,1103,St Mary's CA,Akron,1746.780244099535,1664.6298900185711,5,13
2022_1388_1463,0.8102102505290528,1388,1463,St Mary's CA,Yale,1746.780244099535,1626.1665007751603,5,14
2022_1388_1389,0.8513949081766884,1388,1389,St Mary's CA,St Peter's,1746.780244099535,1581.4461687566236,5,15
2022_1313_1388,0.8527006861356318,1388,1313,St Mary's CA,Norfolk St,1746.780244099535,1579.87168309463,5,16
2022_1211_1388,0.21113576234521858,1388,1211,St Mary's CA,Gonzaga,1746.780244099535,1887.134407734365,5,1
2022_1181_1388,0.38800277403437783,1388,1181,St Mary's CA,Duke,1746.780244099535,1771.0503621480075,5,2
2022_1388_1403,0.4672033657982625,1388,1403,St Mary's CA,Texas Tech,1746.780244099535,1736.7496725293959,5,3
2022_1116_1388,0.457500453797423,1388,1116,St Mary's CA,Arkansas,1746.780244099535,1757.6829916184988,5,4
2022_1163_1388,0.550203300999435,1388,1163,St Mary's CA,Connecticut,1746.780244099535,1716.1528193787053,5,5
2022_1104_1388,0.654320771271491,1388,1104,St Mary's CA,Alabama,1746.780244099535,1664.789146124711,5,6
2022_1277_1388,0.6508682066410393,1388,1277,St Mary's CA,Michigan St,1746.780244099535,1682.1039635977568,5,7
2022_1129_1388,0.5678650372832901,1388,1129,St Mary's CA,Boise St,1746.780244099535,1750.2612402141353,5,8
2022_1272_1388,0.6399851695021906,1388,1272,St Mary's CA,Memphis,1746.780244099535,1719.3329125920548,5,9
2022_1172_1388,0.6738274189868293,1388,1172,St Mary's CA,Davidson,1746.780244099535,1711.4948140059207,5,10
2022_1323_1388,0.7684628874444157,1388,1323,St Mary's CA,Notre Dame,1746.780244099535,1654.4294442487048,5,11
2022_1353_1388,0.7875390346048773,1388,1353,St Mary's CA,Rutgers,1746.780244099535,1637.632715657693,5,11
2022_1308_1388,0.727473324872986,1388,1308,St Mary's CA,New Mexico St,1746.780244099535,1697.5374247173152,5,12
2022_1388_1436,0.7076904756696016,1388,1436,St Mary's CA,Vermont,1746.780244099535,1712.3801095075978,5,13
2022_1286_1388,0.7861327371405094,1388,1286,St Mary's CA,Montana St,1746.780244099535,1648.907194296671,5,14
2022_1168_1388,0.8744583040754863,1388,1168,St Mary's CA,CS Fullerton,1746.780244099535,1551.74735381392,5,15
2022_1209_1388,0.8168713860879039,1388,1209,St Mary's CA,Georgia St,1746.780244099535,1619.491127745312,5,16
2022_1242_1388,0.28628349418937643,1388,1242,St Mary's CA,Kansas,1746.780244099535,1825.6355450626606,5,1
2022_1120_1388,0.41372500448160227,1388,1120,St Mary's CA,Auburn,1746.780244099535,1754.766605041748,5,2
2022_1388_1458,0.4631277211957787,1388,1458,St Mary's CA,Wisconsin,1746.780244099535,1739.2398150796869,5,3
2022_1344_1388,0.48587617775343006,1388,1344,St Mary's CA,Providence,1746.780244099535,1740.3699865463689,5,4
2022_1234_1388,0.4787525133328368,1388,1234,St Mary's CA,Iowa,1746.780244099535,1759.7067615492522,5,5
2022_1261_1388,0.6464106599103555,1388,1261,St Mary's CA,LSU,1746.780244099535,1670.076972932596,5,6
2022_1388_1425,0.5482558534366604,1388,1425,St Mary's CA,USC,1746.780244099535,1747.348483989828,5,7
2022_1361_1388,0.5693339589574852,1388,1361,St Mary's CA,San Diego St,1746.780244099535,1749.3509828117778,5,8
2022_1166_1388,0.6461893738014052,1388,1166,St Mary's CA,Creighton,1746.780244099535,1715.2241151553408,5,9
2022_1274_1388,0.7445391672395135,1388,1274,St Mary's CA,Miami FL,1746.780244099535,1659.1831151322328,5,10
2022_1235_1388,0.8551243279572837,1388,1235,St Mary's CA,Iowa St,1746.780244099535,1566.918414604053,5,11
2022_1350_1388,0.7525108883618782,1388,1350,St Mary's CA,Richmond,1746.780244099535,1677.745402069529,5,12
2022_1355_1388,0.66690426022933,1388,1355,St Mary's CA,S Dakota St,1746.780244099535,1741.2571993589054,5,13
2022_1159_1388,0.7694322982550603,1388,1159,St Mary's CA,Colgate,1746.780244099535,1663.6000644018511,5,14
2022_1240_1388,0.860725240497785,1388,1240,St Mary's CA,Jacksonville St,1746.780244099535,1569.9330015732564,5,15
2022_1388_1394,0.9328254699879296,1388,1394,St Mary's CA,TAM C. Christi,1746.780244099535,1446.871728434155,5,16
2022_1388_1411,0.8638000145566341,1388,1411,St Mary's CA,TX Southern,1746.780244099535,1565.9975930452333,5,16
2022_1112_1388,0.274838768427657,1388,1112,St Mary's CA,Arizona,1746.780244099535,1834.2550485377794,5,1
2022_1388_1437,0.3068593420466535,1388,1437,St Mary's CA,Villanova,1746.780244099535,1825.6389527604601,5,2
2022_1388_1397,0.37579203150501783,1388,1397,St Mary's CA,Tennessee,1746.780244099535,1793.9138536658204,5,3
2022_1228_1388,0.4807804264940641,1388,1228,St Mary's CA,Illinois,1746.780244099535,1743.4717413030744,5,4
2022_1222_1388,0.3701909191123327,1388,1222,St Mary's CA,Houston,1746.780244099535,1827.554349059758,5,5
2022_1161_1388,0.5410639380777734,1388,1161,St Mary's CA,Colorado St,1746.780244099535,1736.7565025348324,5,6
2022_1326_1388,0.7053372255443756,1388,1326,St Mary's CA,Ohio St,1746.780244099535,1644.1052080865643,5,7
2022_1371_1388,0.6774188047864551,1388,1371,St Mary's CA,Seton Hall,1746.780244099535,1679.0038735560877,5,8
2022_1388_1395,0.7595819572492811,1388,1395,St Mary's CA,TCU,1746.780244099535,1631.9175900729285,5,9
2022_1260_1388,0.6486129875363963,1388,1260,St Mary's CA,Loyola-Chicago,1746.780244099535,1728.610266867969,5,10
2022_1276_1388,0.7463716738873057,1388,1276,St Mary's CA,Michigan,1746.780244099535,1672.715156428664,5,11
2022_1388_1412,0.7347674123839931,1388,1412,St Mary's CA,UAB,1746.780244099535,1691.8971925596084,5,12
2022_1151_1388,0.7342409865195859,1388,1151,St Mary's CA,Chattanooga,1746.780244099535,1692.3075267872991,5,13
2022_1255_1388,0.8271554412320934,1388,1255,St Mary's CA,Longwood,1746.780244099535,1608.804247555333,5,14
2022_1174_1388,0.8586145947142648,1388,1174,St Mary's CA,Delaware,1746.780244099535,1572.5924542652383,5,15
2022_1136_1388,0.8348256882441252,1388,1136,St Mary's CA,Bryant,1746.780244099535,1600.501589692621,5,16
2022_1388_1460,0.8497883012359332,1388,1460,St Mary's CA,Wright St,1746.780244099535,1583.367797473222,5,16
2022_1293_1400,0.46454157202760593,1400,1293,Texas,Murray St,1683.6799874435449,1720.2753981211088,6,7
2022_1314_1400,0.48796512210343246,1400,1314,Texas,North Carolina,1683.6799874435449,1720.9987545307467,6,8
2022_1266_1400,0.6464479069837276,1400,1266,Texas,Marquette,1683.6799874435449,1636.9519450678188,6,9
2022_1362_1400,0.6567171940134869,1400,1362,Texas,San Francisco,1683.6799874435449,1645.0757699911858,6,10
2022_1400_1439,0.5809879834628049,1400,1439,Texas,Virginia Tech,1683.6799874435449,1709.0007522289675,6,11
2022_1231_1400,0.738442239162781,1400,1231,Texas,Indiana,1683.6799874435449,1615.9178655265448,6,12
2022_1400_1461,0.71312278626938,1400,1461,Texas,Wyoming,1683.6799874435449,1635.2660966528765,6,12
2022_1103_1400,0.6863712096932157,1400,1103,Texas,Akron,1683.6799874435449,1664.6298900185711,6,13
2022_1400_1463,0.738126183332738,1400,1463,Texas,Yale,1683.6799874435449,1626.1665007751603,6,14
2022_1389_1400,0.7909165137680025,1400,1389,Texas,St Peter's,1683.6799874435449,1581.4461687566236,6,15
2022_1313_1400,0.7926242709890312,1400,1313,Texas,Norfolk St,1683.6799874435449,1579.87168309463,6,16
2022_1211_1400,0.13801208558804187,1400,1211,Texas,Gonzaga,1683.6799874435449,1887.134407734365,6,1
2022_1181_1400,0.2749757151229128,1400,1181,Texas,Duke,1683.6799874435449,1771.0503621480075,6,2
2022_1400_1403,0.3440760212314328,1400,1403,Texas,Texas Tech,1683.6799874435449,1736.7496725293959,6,3
2022_1116_1400,0.3353208792210407,1400,1116,Texas,Arkansas,1683.6799874435449,1757.6829916184988,6,4
2022_1163_1400,0.4225497848001749,1400,1163,Texas,Connecticut,1683.6799874435449,1716.1528193787053,6,5
2022_1104_1400,0.53102990672341,1400,1104,Texas,Alabama,1683.6799874435449,1664.789146124711,6,6
2022_1277_1400,0.5272356614586148,1400,1277,Texas,Michigan St,1683.6799874435449,1682.1039635977568,6,7
2022_1129_1400,0.4401233955966597,1400,1129,Texas,Boise St,1683.6799874435449,1750.2612402141353,6,8
2022_1272_1400,0.5153683255668586,1400,1272,Texas,Memphis,1683.6799874435449,1719.3329125920548,6,9
2022_1172_1400,0.5527381805051049,1400,1172,Texas,Davidson,1683.6799874435449,1711.4948140059207,6,10
2022_1323_1400,0.6650419877119225,1400,1323,Texas,Notre Dame,1683.6799874435449,1654.4294442487048,6,11
2022_1353_1400,0.6891926456810976,1400,1353,Texas,Rutgers,1683.6799874435449,1637.632715657693,6,11
2022_1308_1400,0.6226773427770115,1400,1308,Texas,New Mexico St,1683.6799874435449,1697.5374247173152,6,12
2022_1400_1436,0.6151633004563372,1400,1436,Texas,Vermont,1683.6799874435449,1712.3801095075978,6,13
2022_1286_1400,0.7081973773835413,1400,1286,Texas,Montana St,1683.6799874435449,1648.907194296671,6,14
2022_1168_1400,0.8213971029082187,1400,1168,Texas,CS Fullerton,1683.6799874435449,1551.74735381392,6,15
2022_1209_1400,0.746525785694257,1400,1209,Texas,Georgia St,1683.6799874435449,1619.491127745312,6,16
2022_1242_1400,0.1935181042199169,1400,1242,Texas,Kansas,1683.6799874435449,1825.6355450626606,6,1
2022_1120_1400,0.29683929898985406,1400,1120,Texas,Auburn,1683.6799874435449,1754.766605041748,6,2
2022_1400_1458,0.3403882655199283,1400,1458,Texas,Wisconsin,1683.6799874435449,1739.2398150796869,6,3
2022_1344_1400,0.36116358332508736,1400,1344,Texas,Providence,1683.6799874435449,1740.3699865463689,6,4
2022_1234_1400,0.3546072365321852,1400,1234,Texas,Iowa,1683.6799874435449,1759.7067615492522,6,5
2022_1261_1400,0.5223580077720089,1400,1261,Texas,LSU,1683.6799874435449,1670.076972932596,6,6
2022_1400_1425,0.420631634162803,1400,1425,Texas,USC,1683.6799874435449,1747.348483989828,6,7
2022_1361_1400,0.4415995544359632,1400,1361,Texas,San Diego St,1683.6799874435449,1749.3509828117778,6,8
2022_1166_1400,0.5221164811095012,1400,1166,Texas,Creighton,1683.6799874435449,1715.2241151553408,6,9
2022_1274_1400,0.6355008602932977,1400,1274,Texas,Miami FL,1683.6799874435449,1659.1831151322328,6,10
2022_1235_1400,0.7792951942120462,1400,1235,Texas,Iowa St,1683.6799874435449,1566.918414604053,6,11
2022_1350_1400,0.6527469672509045,1400,1350,Texas,Richmond,1683.6799874435449,1677.745402069529,6,12
2022_1355_1400,0.5693235171452816,1400,1355,Texas,S Dakota St,1683.6799874435449,1741.2571993589054,6,13
2022_1159_1400,0.6878277973727273,1400,1159,Texas,Colgate,1683.6799874435449,1663.6000644018511,6,14
2022_1240_1400,0.8031661735078273,1400,1240,Texas,Jacksonville St,1683.6799874435449,1569.9330015732564,6,15
2022_1394_1400,0.9016593286405976,1400,1394,Texas,TAM C. Christi,1683.6799874435449,1446.871728434155,6,16
2022_1400_1411,0.807227080496344,1400,1411,Texas,TX Southern,1683.6799874435449,1565.9975930452333,6,16
2022_1112_1400,0.18482151790936183,1400,1112,Texas,Arizona,1683.6799874435449,1834.2550485377794,6,1
2022_1400_1437,0.20938266273668618,1400,1437,Texas,Villanova,1683.6799874435449,1825.6389527604601,6,2
2022_1397_1400,0.2647830492819871,1400,1397,Texas,Tennessee,1683.6799874435449,1793.9138536658204,6,3
2022_1228_1400,0.35646891362778377,1400,1228,Texas,Illinois,1683.6799874435449,1743.4717413030744,6,4
2022_1222_1400,0.26014694224115414,1400,1222,Texas,Houston,1683.6799874435449,1827.554349059758,6,5
2022_1161_1400,0.4135811497108793,1400,1161,Texas,Colorado St,1683.6799874435449,1736.7565025348324,6,6
2022_1326_1400,0.5888073843046165,1400,1326,Texas,Ohio St,1683.6799874435449,1644.1052080865643,6,7
2022_1371_1400,0.5567858719199099,1400,1371,Texas,Seton Hall,1683.6799874435449,1679.0038735560877,6,8
2022_1395_1400,0.6539803789808905,1400,1395,Texas,TCU,1683.6799874435449,1631.9175900729285,6,9
2022_1260_1400,0.5247649431923134,1400,1260,Texas,Loyola-Chicago,1683.6799874435449,1728.610266867969,6,10
2022_1276_1400,0.6377349613821464,1400,1276,Texas,Michigan,1683.6799874435449,1672.715156428664,6,11
2022_1400_1412,0.631354920631391,1400,1412,Texas,UAB,1683.6799874435449,1691.8971925596084,6,12
2022_1151_1400,0.6459130685268214,1400,1151,Texas,Chattanooga,1683.6799874435449,1692.3075267872991,6,13
2022_1255_1400,0.7595976783141325,1400,1255,Texas,Longwood,1683.6799874435449,1608.804247555333,6,14
2022_1174_1400,0.800385540712373,1400,1174,Texas,Delaware,1683.6799874435449,1572.5924542652383,6,15
2022_1136_1400,0.7694302184979218,1400,1136,Texas,Bryant,1683.6799874435449,1600.501589692621,6,16
2022_1400_1460,0.7888182413184689,1400,1460,Texas,Wright St,1683.6799874435449,1583.367797473222,6,16
2022_1293_1314,0.5234636013030185,1293,1314,Murray St,North Carolina,1720.2753981211088,1720.9987545307467,7,8
2022_1266_1293,0.6782047984916211,1293,1266,Murray St,Marquette,1720.2753981211088,1636.9519450678188,7,9
2022_1293_1362,0.6879968686951954,1293,1362,Murray St,San Francisco,1720.2753981211088,1645.0757699911858,7,10
2022_1293_1439,0.6151240020195452,1293,1439,Murray St,Virginia Tech,1720.2753981211088,1709.0007522289675,7,11
2022_1231_1293,0.7649406017525809,1293,1231,Murray St,Indiana,1720.2753981211088,1615.9178655265448,7,12
2022_1293_1461,0.7412875744393842,1293,1461,Murray St,Wyoming,1720.2753981211088,1635.2660966528765,7,12
2022_1103_1293,0.7227562185026889,1293,1103,Murray St,Akron,1720.2753981211088,1664.6298900185711,7,13
2022_1293_1463,0.7819397751719943,1293,1463,Murray St,Yale,1720.2753981211088,1626.1665007751603,7,14
2022_1293_1389,0.8279564920924485,1293,1389,Murray St,St Peter's,1720.2753981211088,1581.4461687566236,7,15
2022_1293_1313,0.8294269597182873,1293,1313,Murray St,Norfolk St,1720.2753981211088,1579.87168309463,7,16
2022_1211_1293,0.15579848874270272,1293,1211,Murray St,Gonzaga,1720.2753981211088,1887.134407734365,7,1
2022_1181_1293,0.30418448946707166,1293,1181,Murray St,Duke,1720.2753981211088,1771.0503621480075,7,2
2022_1293_1403,0.37681006981339554,1293,1403,Murray St,Texas Tech,1720.2753981211088,1736.7496725293959,7,3
2022_1116_1293,0.3676889103279641,1293,1116,Murray St,Arkansas,1720.2753981211088,1757.6829916184988,7,4
2022_1163_1293,0.45754180733923533,1293,1163,Murray St,Connecticut,1720.2753981211088,1716.1528193787053,7,5
2022_1104_1293,0.5661969959673316,1293,1104,Murray St,Alabama,1720.2753981211088,1664.789146124711,7,6
2022_1277_1293,0.5624528381790281,1293,1277,Murray St,Michigan St,1720.2753981211088,1682.1039635977568,7,7
2022_1129_1293,0.47537267549711393,1293,1129,Murray St,Boise St,1720.2753981211088,1750.2612402141353,7,8
2022_1272_1293,0.5507162050606297,1293,1272,Murray St,Memphis,1720.2753981211088,1719.3329125920548,7,9
2022_1172_1293,0.5875417913349523,1293,1172,Murray St,Davidson,1720.2753981211088,1711.4948140059207,7,10
2022_1293_1323,0.6959143511215821,1293,1323,Murray St,Notre Dame,1720.2753981211088,1654.4294442487048,7,11
2022_1293_1353,0.7187803448092445,1293,1353,Murray St,Rutgers,1720.2753981211088,1637.632715657693,7,11
2022_1293_1308,0.655431299877107,1293,1308,Murray St,New Mexico St,1720.2753981211088,1697.5374247173152,7,12
2022_1293_1436,0.6556649959768962,1293,1436,Murray St,Vermont,1720.2753981211088,1712.3801095075978,7,13
2022_1286_1293,0.7553586913709491,1293,1286,Murray St,Montana St,1720.2753981211088,1648.907194296671,7,14
2022_1168_1293,0.854033865066024,1293,1168,Murray St,CS Fullerton,1720.2753981211088,1551.74735381392,7,15
2022_1209_1293,0.789335142153548,1293,1209,Murray St,Georgia St,1720.2753981211088,1619.491127745312,7,16
2022_1242_1293,0.21665988918911264,1293,1242,Murray St,Kansas,1720.2753981211088,1825.6355450626606,7,1
2022_1120_1293,0.327322004240288,1293,1120,Murray St,Auburn,1720.2753981211088,1754.766605041748,7,2
2022_1293_1458,0.37297096903508026,1293,1458,Murray St,Wisconsin,1720.2753981211088,1739.2398150796869,7,3
2022_1293_1344,0.394545433258854,1293,1344,Murray St,Providence,1720.2753981211088,1740.3699865463689,7,4
2022_1234_1293,0.38775090917810445,1293,1234,Murray St,Iowa,1720.2753981211088,1759.7067615492522,7,5
2022_1261_1293,0.5576336724970928,1293,1261,Murray St,LSU,1720.2753981211088,1670.076972932596,7,6
2022_1293_1425,0.45559013540735477,1293,1425,Murray St,USC,1720.2753981211088,1747.348483989828,7,7
2022_1293_1361,0.47686636297727114,1293,1361,Murray St,San Diego St,1720.2753981211088,1749.3509828117778,7,8
2022_1166_1293,0.5573948692625172,1293,1166,Murray St,Creighton,1720.2753981211088,1715.2241151553408,7,9
2022_1274_1293,0.6677356456666559,1293,1274,Murray St,Miami FL,1720.2753981211088,1659.1831151322328,7,10
2022_1235_1293,0.8027602373608114,1293,1235,Murray St,Iowa St,1720.2753981211088,1566.918414604053,7,11
2022_1293_1350,0.6842144500738642,1293,1350,Murray St,Richmond,1720.2753981211088,1677.745402069529,7,12
2022_1293_1355,0.6116036089484114,1293,1355,Murray St,S Dakota St,1720.2753981211088,1741.2571993589054,7,13
2022_1159_1293,0.7370589407874526,1293,1159,Murray St,Colgate,1720.2753981211088,1663.6000644018511,7,14
2022_1240_1293,0.8384792478656039,1293,1240,Murray St,Jacksonville St,1720.2753981211088,1569.9330015732564,7,15
2022_1293_1394,0.9210393763379129,1293,1394,Murray St,TAM C. Christi,1720.2753981211088,1446.871728434155,7,16
2022_1293_1411,0.8419549678115952,1293,1411,Murray St,TX Southern,1720.2753981211088,1565.9975930452333,7,16
2022_1112_1293,0.20719050222135554,1293,1112,Murray St,Arizona,1720.2753981211088,1834.2550485377794,7,1
2022_1293_1437,0.23387144861455456,1293,1437,Murray St,Villanova,1720.2753981211088,1825.6389527604601,7,2
2022_1293_1397,0.29334718959051453,1293,1397,Murray St,Tennessee,1720.2753981211088,1793.9138536658204,7,3
2022_1228_1293,0.3896815281519535,1293,1228,Murray St,Illinois,1720.2753981211088,1743.4717413030744,7,4
2022_1222_1293,0.2884071399160492,1293,1222,Murray St,Houston,1720.2753981211088,1827.554349059758,7,5
2022_1161_1293,0.44840719923932637,1293,1161,Murray St,Colorado St,1720.2753981211088,1736.7565025348324,7,6
2022_1293_1326,0.6227200451964177,1293,1326,Murray St,Ohio St,1720.2753981211088,1644.1052080865643,7,7
2022_1293_1371,0.591507286390364,1293,1371,Murray St,Seton Hall,1720.2753981211088,1679.0038735560877,7,8
2022_1293_1395,0.6853899627091365,1293,1395,Murray St,TCU,1720.2753981211088,1631.9175900729285,7,9
2022_1260_1293,0.5600125767597288,1293,1260,Murray St,Loyola-Chicago,1720.2753981211088,1728.610266867969,7,10
2022_1276_1293,0.6698748067218562,1293,1276,Murray St,Michigan,1720.2753981211088,1672.715156428664,7,11
2022_1293_1412,0.6637623647027209,1293,1412,Murray St,UAB,1720.2753981211088,1691.8971925596084,7,12
2022_1151_1293,0.6848365381327738,1293,1151,Murray St,Chattanooga,1720.2753981211088,1692.3075267872991,7,13
2022_1255_1293,0.8007884504982196,1293,1255,Murray St,Longwood,1720.2753981211088,1608.804247555333,7,14
2022_1174_1293,0.8360956720265333,1293,1174,Murray St,Delaware,1720.2753981211088,1572.5924542652383,7,15
2022_1136_1293,0.8093590973338274,1293,1136,Murray St,Bryant,1720.2753981211088,1600.501589692621,7,16
2022_1293_1460,0.8261482296335219,1293,1460,Murray St,Wright St,1720.2753981211088,1583.367797473222,7,16
2022_1266_1314,0.6573733139207593,1314,1266,North Carolina,Marquette,1720.9987545307467,1636.9519450678188,8,9
2022_1314_1362,0.6674884903053748,1314,1362,North Carolina,San Francisco,1720.9987545307467,1645.0757699911858,8,10
2022_1314_1439,0.5926615995456103,1314,1439,North Carolina,Virginia Tech,1720.9987545307467,1709.0007522289675,8,11
2022_1231_1314,0.7476346445415583,1314,1231,North Carolina,Indiana,1720.9987545307467,1615.9178655265448,8,12
2022_1314_1461,0.7228710899498798,1314,1461,North Carolina,Wyoming,1720.9987545307467,1635.2660966528765,8,12
2022_1103_1314,0.7035481271393987,1314,1103,North Carolina,Akron,1720.9987545307467,1664.6298900185711,8,13
2022_1314_1463,0.7713548226424353,1314,1463,North Carolina,Yale,1720.9987545307467,1626.1665007751603,8,14
2022_1314_1389,0.8286333035389191,1314,1389,North Carolina,St Peter's,1720.9987545307467,1581.4461687566236,8,15
2022_1313_1314,0.830099173471534,1314,1313,North Carolina,Norfolk St,1720.9987545307467,1579.87168309463,8,16
2022_1211_1314,0.14793912427894815,1314,1211,North Carolina,Gonzaga,1720.9987545307467,1887.134407734365,8,1
2022_1181_1314,0.2846781058608296,1314,1181,North Carolina,Duke,1720.9987545307467,1771.0503621480075,8,2
2022_1314_1403,0.35502268429219735,1314,1403,North Carolina,Texas Tech,1720.9987545307467,1736.7496725293959,8,3
2022_1116_1314,0.3461359890242651,1314,1116,North Carolina,Arkansas,1720.9987545307467,1757.6829916184988,8,4
2022_1163_1314,0.4343398543900186,1314,1163,North Carolina,Connecticut,1720.9987545307467,1716.1528193787053,8,5
2022_1104_1314,0.5430005519197074,1314,1104,North Carolina,Alabama,1720.9987545307467,1664.789146124711,8,6
2022_1277_1314,0.5392191187199482,1314,1277,North Carolina,Michigan St,1720.9987545307467,1682.1039635977568,8,7
2022_1129_1314,0.4520199744044714,1314,1129,North Carolina,Boise St,1720.9987545307467,1750.2612402141353,8,8
2022_1272_1314,0.527382944912169,1314,1272,North Carolina,Memphis,1720.9987545307467,1719.3329125920548,8,9
2022_1172_1314,0.5646090296270987,1314,1172,North Carolina,Davidson,1720.9987545307467,1711.4948140059207,8,10
2022_1314_1323,0.6756810723420824,1314,1323,North Carolina,Notre Dame,1720.9987545307467,1654.4294442487048,8,11
2022_1314_1353,0.6994113564206313,1314,1353,North Carolina,Rutgers,1720.9987545307467,1637.632715657693,8,11
2022_1308_1314,0.6339213311954496,1314,1308,North Carolina,New Mexico St,1720.9987545307467,1697.5374247173152,8,12
2022_1314_1436,0.6341614730823881,1314,1436,North Carolina,Vermont,1720.9987545307467,1712.3801095075978,8,13
2022_1286_1314,0.7439060375202846,1314,1286,North Carolina,Montana St,1720.9987545307467,1648.907194296671,8,14
2022_1168_1314,0.8546261017205595,1314,1168,North Carolina,CS Fullerton,1720.9987545307467,1551.74735381392,8,15
2022_1209_1314,0.7901253750885341,1314,1209,North Carolina,Georgia St,1720.9987545307467,1619.491127745312,8,16
2022_1242_1314,0.20648126058847335,1314,1242,North Carolina,Kansas,1720.9987545307467,1825.6355450626606,8,1
2022_1120_1314,0.3069864938095204,1314,1120,North Carolina,Auburn,1720.9987545307467,1754.766605041748,8,2
2022_1314_1458,0.35128043718205,1314,1458,North Carolina,Wisconsin,1720.9987545307467,1739.2398150796869,8,3
2022_1314_1344,0.37234527868470646,1314,1344,North Carolina,Providence,1720.9987545307467,1740.3699865463689,8,4
2022_1234_1314,0.3657021453964052,1314,1234,North Carolina,Iowa,1720.9987545307467,1759.7067615492522,8,5
2022_1261_1314,0.5343559082816984,1314,1261,North Carolina,LSU,1720.9987545307467,1670.076972932596,8,6
2022_1314_1425,0.43240826062599746,1314,1425,North Carolina,USC,1720.9987545307467,1747.348483989828,8,7
2022_1314_1361,0.45350371411923707,1314,1361,North Carolina,San Diego St,1720.9987545307467,1749.3509828117778,8,8
2022_1166_1314,0.534115037523956,1314,1166,North Carolina,Creighton,1720.9987545307467,1715.2241151553408,8,9
2022_1274_1314,0.6465796074381194,1314,1274,North Carolina,Miami FL,1720.9987545307467,1659.1831151322328,8,10
2022_1235_1314,0.7874650657114565,1314,1235,North Carolina,Iowa St,1720.9987545307467,1566.918414604053,8,11
2022_1314_1350,0.6635790217085005,1314,1350,North Carolina,Richmond,1720.9987545307467,1677.745402069529,8,12
2022_1314_1355,0.5890730019435717,1314,1355,North Carolina,S Dakota St,1720.9987545307467,1741.2571993589054,8,13
2022_1159_1314,0.725061421243518,1314,1159,North Carolina,Colgate,1720.9987545307467,1663.6000644018511,8,14
2022_1240_1314,0.8391227067823859,1314,1240,North Carolina,Jacksonville St,1720.9987545307467,1569.9330015732564,8,15
2022_1314_1394,0.9213847733869364,1314,1394,North Carolina,TAM C. Christi,1720.9987545307467,1446.871728434155,8,16
2022_1314_1411,0.842587179787146,1314,1411,North Carolina,TX Southern,1720.9987545307467,1565.9975930452333,8,16
2022_1112_1314,0.19734466838797662,1314,1112,North Carolina,Arizona,1720.9987545307467,1834.2550485377794,8,1
2022_1314_1437,0.21746482359867822,1314,1437,North Carolina,Villanova,1720.9987545307467,1825.6389527604601,8,2
2022_1314_1397,0.27426184229676615,1314,1397,North Carolina,Tennessee,1720.9987545307467,1793.9138536658204,8,3
2022_1228_1314,0.3675888948221915,1314,1228,North Carolina,Illinois,1720.9987545307467,1743.4717413030744,8,4
2022_1222_1314,0.26952061083210715,1314,1222,North Carolina,Houston,1720.9987545307467,1827.554349059758,8,5
2022_1161_1314,0.42530528555120806,1314,1161,North Carolina,Colorado St,1720.9987545307467,1736.7565025348324,8,6
2022_1314_1326,0.600412982232061,1314,1326,North Carolina,Ohio St,1720.9987545307467,1644.1052080865643,8,7
2022_1314_1371,0.5686331312594533,1314,1371,North Carolina,Seton Hall,1720.9987545307467,1679.0038735560877,8,8
2022_1314_1395,0.6647937168205547,1314,1395,North Carolina,TCU,1720.9987545307467,1631.9175900729285,8,9
2022_1260_1314,0.5367560016030232,1314,1260,North Carolina,Loyola-Chicago,1720.9987545307467,1728.610266867969,8,10
2022_1276_1314,0.6487833323207866,1314,1276,North Carolina,Michigan,1720.9987545307467,1672.715156428664,8,11
2022_1314_1412,0.642488790364916,1314,1412,North Carolina,UAB,1720.9987545307467,1691.8971925596084,8,12
2022_1151_1314,0.6642218113812906,1314,1151,North Carolina,Chattanooga,1720.9987545307467,1692.3075267872991,8,13
2022_1255_1314,0.790873742448655,1314,1255,North Carolina,Longwood,1720.9987545307467,1608.804247555333,8,14
2022_1174_1314,0.8367467777185439,1314,1174,North Carolina,Delaware,1720.9987545307467,1572.5924542652383,8,15
2022_1136_1314,0.8100922891453206,1314,1136,North Carolina,Bryant,1720.9987545307467,1600.501589692621,8,16
2022_1314_1460,0.8268306668699058,1314,1460,North Carolina,Wright St,1720.9987545307467,1583.367797473222,8,16
2022_1266_1362,0.5113073419562572,1266,1362,Marquette,San Francisco,1636.9519450678188,1645.0757699911858,9,10
2022_1266_1439,0.43127984941345415,1266,1439,Marquette,Virginia Tech,1636.9519450678188,1709.0007522289675,9,11
2022_1231_1266,0.6069300508800185,1266,1231,Marquette,Indiana,1636.9519450678188,1615.9178655265448,9,12
2022_1266_1461,0.5761864135208874,1266,1461,Marquette,Wyoming,1636.9519450678188,1635.2660966528765,9,12
2022_1103_1266,0.5529607949754196,1266,1103,Marquette,Akron,1636.9519450678188,1664.6298900185711,9,13
2022_1266_1463,0.6374622676615885,1266,1463,Marquette,Yale,1636.9519450678188,1626.1665007751603,9,14
2022_1266_1389,0.7225719778632999,1266,1389,Marquette,St Peter's,1636.9519450678188,1581.4461687566236,9,15
2022_1266_1313,0.7375748958990034,1266,1313,Marquette,Norfolk St,1636.9519450678188,1579.87168309463,9,16
2022_1211_1266,0.09080993399015434,1266,1211,Marquette,Gonzaga,1636.9519450678188,1887.134407734365,9,1
2022_1181_1266,0.1765221812335275,1266,1181,Marquette,Duke,1636.9519450678188,1771.0503621480075,9,2
2022_1266_1403,0.22293494829843005,1266,1403,Marquette,Texas Tech,1636.9519450678188,1736.7496725293959,9,3
2022_1116_1266,0.21624604912665052,1266,1116,Marquette,Arkansas,1636.9519450678188,1757.6829916184988,9,4
2022_1163_1266,0.28581919408073325,1266,1163,Marquette,Connecticut,1636.9519450678188,1716.1528193787053,9,5
2022_1104_1266,0.38244519912087227,1266,1104,Marquette,Alabama,1636.9519450678188,1664.789146124711,9,6
2022_1266_1277,0.37885495525158397,1266,1277,Marquette,Michigan St,1636.9519450678188,1682.1039635977568,9,7
2022_1129_1266,0.3006671315452341,1266,1129,Marquette,Boise St,1636.9519450678188,1750.2612402141353,9,8
2022_1266_1272,0.3677296365878993,1266,1272,Marquette,Memphis,1636.9519450678188,1719.3329125920548,9,9
2022_1172_1266,0.4033029551856348,1266,1172,Marquette,Davidson,1636.9519450678188,1711.4948140059207,9,10
2022_1266_1323,0.5205841619213327,1266,1323,Marquette,Notre Dame,1636.9519450678188,1654.4294442487048,9,11
2022_1266_1353,0.5480724911696797,1266,1353,Marquette,Rutgers,1636.9519450678188,1637.632715657693,9,11
2022_1266_1308,0.4743889388793838,1266,1308,Marquette,New Mexico St,1636.9519450678188,1697.5374247173152,9,12
2022_1266_1436,0.47464700374485447,1266,1436,Marquette,Vermont,1636.9519450678188,1712.3801095075978,9,13
2022_1266_1286,0.6022286202961697,1266,1286,Marquette,Montana St,1636.9519450678188,1648.907194296671,9,14
2022_1168_1266,0.7599925223368804,1266,1168,Marquette,CS Fullerton,1636.9519450678188,1551.74735381392,9,15
2022_1209_1266,0.6841161076013313,1266,1209,Marquette,Georgia St,1636.9519450678188,1619.491127745312,9,16
2022_1242_1266,0.1301995132598105,1266,1242,Marquette,Kansas,1636.9519450678188,1825.6355450626606,9,1
2022_1120_1266,0.19263755022806095,1266,1120,Marquette,Auburn,1636.9519450678188,1754.766605041748,9,2
2022_1266_1458,0.22010986703259985,1266,1458,Marquette,Wisconsin,1636.9519450678188,1739.2398150796869,9,3
2022_1266_1344,0.23617255422518105,1266,1344,Marquette,Providence,1636.9519450678188,1740.3699865463689,9,4
2022_1234_1266,0.23106452709357447,1266,1234,Marquette,Iowa,1636.9519450678188,1759.7067615492522,9,5
2022_1261_1266,0.37426331054669604,1266,1261,Marquette,LSU,1636.9519450678188,1670.076972932596,9,6
2022_1266_1425,0.28421623187418593,1266,1425,Marquette,USC,1636.9519450678188,1747.348483989828,9,7
2022_1266_1361,0.3019277950507385,1266,1361,Marquette,San Diego St,1636.9519450678188,1749.3509828117778,9,8
2022_1166_1266,0.37403663694758515,1266,1166,Marquette,Creighton,1636.9519450678188,1715.2241151553408,9,9
2022_1266_1274,0.4881091107720581,1266,1274,Marquette,Miami FL,1636.9519450678188,1659.1831151322328,9,10
2022_1235_1266,0.6588339105944321,1266,1235,Marquette,Iowa St,1636.9519450678188,1566.918414604053,9,11
2022_1266_1350,0.5069180750581177,1266,1350,Marquette,Richmond,1636.9519450678188,1677.745402069529,9,12
2022_1266_1355,0.4276425436531216,1266,1355,Marquette,S Dakota St,1636.9519450678188,1741.2571993589054,9,13
2022_1159_1266,0.5788606640470282,1266,1159,Marquette,Colgate,1636.9519450678188,1663.6000644018511,9,14
2022_1240_1266,0.7374968064895749,1266,1240,Marquette,Jacksonville St,1636.9519450678188,1569.9330015732564,9,15
2022_1266_1394,0.8708374841993369,1266,1394,Marquette,TAM C. Christi,1636.9519450678188,1446.871728434155,9,16
2022_1266_1411,0.754855217081221,1266,1411,Marquette,TX Southern,1636.9519450678188,1565.9975930452333,9,16
2022_1112_1266,0.12391123173604691,1266,1112,Marquette,Arizona,1636.9519450678188,1834.2550485377794,9,1
2022_1266_1437,0.1301969744268688,1266,1437,Marquette,Villanova,1636.9519450678188,1825.6389527604601,9,2
2022_1266_1397,0.16455542044061264,1266,1397,Marquette,Tennessee,1636.9519450678188,1793.9138536658204,9,3
2022_1228_1266,0.2325112738369888,1266,1228,Marquette,Illinois,1636.9519450678188,1743.4717413030744,9,4
2022_1222_1266,0.16128922462970338,1266,1222,Marquette,Houston,1636.9519450678188,1827.554349059758,9,5
2022_1161_1266,0.2783537387138682,1266,1161,Marquette,Colorado St,1636.9519450678188,1736.7565025348324,9,6
2022_1266_1326,0.439196309922115,1266,1326,Marquette,Ohio St,1636.9519450678188,1644.1052080865643,9,7
2022_1266_1371,0.40725275679512485,1266,1371,Marquette,Seton Hall,1636.9519450678188,1679.0038735560877,9,8
2022_1266_1395,0.5082792651665939,1266,1395,Marquette,TCU,1636.9519450678188,1631.9175900729285,9,9
2022_1260_1266,0.37652578385347335,1266,1260,Marquette,Loyola-Chicago,1636.9519450678188,1728.610266867969,9,10
2022_1266_1276,0.490522360667326,1266,1276,Marquette,Michigan,1636.9519450678188,1672.715156428664,9,11
2022_1266_1412,0.48364884787648055,1266,1412,Marquette,UAB,1636.9519450678188,1691.8971925596084,9,12
2022_1151_1266,0.5076380974109205,1266,1151,Marquette,Chattanooga,1636.9519450678188,1692.3075267872991,9,13
2022_1255_1266,0.6634238321240129,1266,1255,Marquette,Longwood,1636.9519450678188,1608.804247555333,9,14
2022_1174_1266,0.7340956086984467,1266,1174,Marquette,Delaware,1636.9519450678188,1572.5924542652383,9,15
2022_1136_1266,0.710472834409117,1266,1136,Marquette,Bryant,1636.9519450678188,1600.501589692621,9,16
2022_1266_1460,0.7330987405538631,1266,1460,Marquette,Wright St,1636.9519450678188,1583.367797473222,9,16
2022_1362_1439,0.4202204756989011,1362,1439,San Francisco,Virginia Tech,1645.0757699911858,1709.0007522289675,10,11
2022_1231_1362,0.5960874240856072,1362,1231,San Francisco,Indiana,1645.0757699911858,1615.9178655265448,10,12
2022_1362_1461,0.5651034090137842,1362,1461,San Francisco,Wyoming,1645.0757699911858,1635.2660966528765,10,12
2022_1103_1362,0.5417534685795232,1362,1103,San Francisco,Akron,1645.0757699911858,1664.6298900185711,10,13
2022_1362_1463,0.6269441797485237,1362,1463,San Francisco,Yale,1645.0757699911858,1626.1665007751603,10,14
2022_1362_1389,0.7134130199308633,1362,1389,San Francisco,St Peter's,1645.0757699911858,1581.4461687566236,10,15
2022_1313_1362,0.7351788100577338,1362,1313,San Francisco,Norfolk St,1645.0757699911858,1579.87168309463,10,16
2022_1211_1362,0.09532011161804464,1362,1211,San Francisco,Gonzaga,1645.0757699911858,1887.134407734365,10,1
2022_1181_1362,0.18442583840767401,1362,1181,San Francisco,Duke,1645.0757699911858,1771.0503621480075,10,2
2022_1362_1403,0.22080402228383458,1362,1403,San Francisco,Texas Tech,1645.0757699911858,1736.7496725293959,10,3
2022_1116_1362,0.20867754302542918,1362,1116,San Francisco,Arkansas,1645.0757699911858,1757.6829916184988,10,4
2022_1163_1362,0.2766752575169313,1362,1163,San Francisco,Connecticut,1645.0757699911858,1716.1528193787053,10,5
2022_1104_1362,0.3718193844388451,1362,1104,San Francisco,Alabama,1645.0757699911858,1664.789146124711,10,6
2022_1277_1362,0.368269406552451,1362,1277,San Francisco,Michigan St,1645.0757699911858,1682.1039635977568,10,7
2022_1129_1362,0.2912418900033979,1362,1129,San Francisco,Boise St,1645.0757699911858,1750.2612402141353,10,8
2022_1272_1362,0.3572761408212543,1362,1272,San Francisco,Memphis,1645.0757699911858,1719.3329125920548,10,9
2022_1172_1362,0.392465918503683,1362,1172,San Francisco,Davidson,1645.0757699911858,1711.4948140059207,10,10
2022_1323_1362,0.5092854648129584,1362,1323,San Francisco,Notre Dame,1645.0757699911858,1654.4294442487048,10,11
2022_1353_1362,0.5368452614374222,1362,1353,San Francisco,Rutgers,1645.0757699911858,1637.632715657693,10,11
2022_1308_1362,0.4631243126906149,1362,1308,San Francisco,New Mexico St,1645.0757699911858,1697.5374247173152,10,12
2022_1362_1436,0.46338165204794096,1362,1436,San Francisco,Vermont,1645.0757699911858,1712.3801095075978,10,13
2022_1286_1362,0.5913436271452052,1362,1286,San Francisco,Montana St,1645.0757699911858,1648.907194296671,10,14
2022_1168_1362,0.751644341032019,1362,1168,San Francisco,CS Fullerton,1645.0757699911858,1551.74735381392,10,15
2022_1209_1362,0.6814427266141952,1362,1209,San Francisco,Georgia St,1645.0757699911858,1619.491127745312,10,16
2022_1242_1362,0.1363725822799266,1362,1242,San Francisco,Kansas,1645.0757699911858,1825.6355450626606,10,1
2022_1120_1362,0.20108656408478243,1362,1120,San Francisco,Auburn,1645.0757699911858,1754.766605041748,10,2
2022_1362_1458,0.2179983689867028,1362,1458,San Francisco,Wisconsin,1645.0757699911858,1739.2398150796869,10,3
2022_1344_1362,0.22810961191326287,1362,1344,San Francisco,Providence,1645.0757699911858,1740.3699865463689,10,4
2022_1234_1362,0.22312503173344375,1362,1234,San Francisco,Iowa,1645.0757699911858,1759.7067615492522,10,5
2022_1261_1362,0.36373092956436676,1362,1261,San Francisco,LSU,1645.0757699911858,1670.076972932596,10,6
2022_1362_1425,0.27510382339547895,1362,1425,San Francisco,USC,1645.0757699911858,1747.348483989828,10,7
2022_1361_1362,0.2924795624155873,1362,1361,San Francisco,San Diego St,1645.0757699911858,1749.3509828117778,10,8
2022_1166_1362,0.3635069292215835,1362,1166,San Francisco,Creighton,1645.0757699911858,1715.2241151553408,10,9
2022_1274_1362,0.47681423852181776,1362,1274,San Francisco,Miami FL,1645.0757699911858,1659.1831151322328,10,10
2022_1235_1362,0.6485940620446498,1362,1235,San Francisco,Iowa St,1645.0757699911858,1566.918414604053,10,11
2022_1350_1362,0.49560935926966715,1362,1350,San Francisco,Richmond,1645.0757699911858,1677.745402069529,10,12
2022_1355_1362,0.4166081168125848,1362,1355,San Francisco,S Dakota St,1645.0757699911858,1741.2571993589054,10,13
2022_1159_1362,0.5677951349973112,1362,1159,San Francisco,Colgate,1645.0757699911858,1663.6000644018511,10,14
2022_1240_1362,0.7286455361080197,1362,1240,San Francisco,Jacksonville St,1645.0757699911858,1569.9330015732564,10,15
2022_1362_1394,0.8694427819041249,1362,1394,San Francisco,TAM C. Christi,1645.0757699911858,1446.871728434155,10,16
2022_1362_1411,0.7525639796450154,1362,1411,San Francisco,TX Southern,1645.0757699911858,1565.9975930452333,10,16
2022_1112_1362,0.12983066054081832,1362,1112,San Francisco,Arizona,1645.0757699911858,1834.2550485377794,10,1
2022_1362_1437,0.13636994194717164,1362,1437,San Francisco,Villanova,1645.0757699911858,1825.6389527604601,10,2
2022_1362_1397,0.16286555970352293,1362,1397,San Francisco,Tennessee,1645.0757699911858,1793.9138536658204,10,3
2022_1228_1362,0.2245365835984779,1362,1228,San Francisco,Illinois,1645.0757699911858,1743.4717413030744,10,4
2022_1222_1362,0.1552631390831173,1362,1222,San Francisco,Houston,1645.0757699911858,1827.554349059758,10,5
2022_1161_1362,0.26935855881843296,1362,1161,San Francisco,Colorado St,1645.0757699911858,1736.7565025348324,10,6
2022_1326_1362,0.42808673752529136,1362,1326,San Francisco,Ohio St,1645.0757699911858,1644.1052080865643,10,7
2022_1362_1371,0.39638008991447576,1362,1371,San Francisco,Seton Hall,1645.0757699911858,1679.0038735560877,10,8
2022_1362_1395,0.4969707888739767,1362,1395,San Francisco,TCU,1645.0757699911858,1631.9175900729285,10,9
2022_1260_1362,0.3659669708926013,1362,1260,San Francisco,Loyola-Chicago,1645.0757699911858,1728.610266867969,10,10
2022_1276_1362,0.4792239247421245,1362,1276,San Francisco,Michigan,1645.0757699911858,1672.715156428664,10,11
2022_1362_1412,0.4723619457061186,1362,1412,San Francisco,UAB,1645.0757699911858,1691.8971925596084,10,12
2022_1151_1362,0.4963294874161985,1362,1151,San Francisco,Chattanooga,1645.0757699911858,1692.3075267872991,10,13
2022_1255_1362,0.6532492406058247,1362,1255,San Francisco,Longwood,1645.0757699911858,1608.804247555333,10,14
2022_1174_1362,0.725172391207887,1362,1174,San Francisco,Delaware,1645.0757699911858,1572.5924542652383,10,15
2022_1136_1362,0.7079272823565104,1362,1136,San Francisco,Bryant,1645.0757699911858,1600.501589692621,10,16
2022_1362_1460,0.7306767084211266,1362,1460,San Francisco,Wright St,1645.0757699911858,1583.367797473222,10,16
2022_1231_1439,0.6706347352405558,1439,1231,Virginia Tech,Indiana,1709.0007522289675,1615.9178655265448,11,12
2022_1439_1461,0.641934155290385,1439,1461,Virginia Tech,Wyoming,1709.0007522289675,1635.2660966528765,11,12
2022_1103_1439,0.6199349451961546,1439,1103,Virginia Tech,Akron,1709.0007522289675,1664.6298900185711,11,13
2022_1439_1463,0.6986753296713197,1439,1463,Virginia Tech,Yale,1709.0007522289675,1626.1665007751603,11,14
2022_1389_1439,0.774498135087577,1439,1389,Virginia Tech,St Peter's,1709.0007522289675,1581.4461687566236,11,15
2022_1313_1439,0.7929709211138908,1439,1313,Virginia Tech,Norfolk St,1709.0007522289675,1579.87168309463,11,16
2022_1211_1439,0.13826332301724395,1439,1211,Virginia Tech,Gonzaga,1709.0007522289675,1887.134407734365,11,1
2022_1181_1439,0.25614654356268285,1439,1181,Virginia Tech,Duke,1709.0007522289675,1771.0503621480075,11,2
2022_1403_1439,0.3014428693247257,1439,1403,Virginia Tech,Texas Tech,1709.0007522289675,1736.7496725293959,11,3
2022_1116_1439,0.27325844634426366,1439,1116,Virginia Tech,Arkansas,1709.0007522289675,1757.6829916184988,11,4
2022_1163_1439,0.34543974095578367,1439,1163,Virginia Tech,Connecticut,1709.0007522289675,1716.1528193787053,11,5
2022_1104_1439,0.449534635408945,1439,1104,Virginia Tech,Alabama,1709.0007522289675,1664.789146124711,11,6
2022_1277_1439,0.445769197171261,1439,1277,Virginia Tech,Michigan St,1709.0007522289675,1682.1039635977568,11,7
2022_1129_1439,0.36181579083207294,1439,1129,Virginia Tech,Boise St,1709.0007522289675,1750.2612402141353,11,8
2022_1272_1439,0.4340520135386231,1439,1272,Virginia Tech,Memphis,1709.0007522289675,1719.3329125920548,11,9
2022_1172_1439,0.4712591704435667,1439,1172,Virginia Tech,Davidson,1709.0007522289675,1711.4948140059207,11,10
2022_1323_1439,0.5888018550215182,1439,1323,Virginia Tech,Notre Dame,1709.0007522289675,1654.4294442487048,11,11
2022_1353_1439,0.6152694487450421,1439,1353,Virginia Tech,Rutgers,1709.0007522289675,1637.632715657693,11,11
2022_1308_1439,0.5434147284556083,1439,1308,Virginia Tech,New Mexico St,1709.0007522289675,1697.5374247173152,11,12
2022_1436_1439,0.5436715030837942,1439,1436,Virginia Tech,Vermont,1709.0007522289675,1712.3801095075978,11,13
2022_1286_1439,0.6662762964253143,1439,1286,Virginia Tech,Montana St,1709.0007522289675,1648.907194296671,11,14
2022_1168_1439,0.8067875195883437,1439,1168,Virginia Tech,CS Fullerton,1709.0007522289675,1551.74735381392,11,15
2022_1209_1439,0.7469248904392024,1439,1209,Virginia Tech,Georgia St,1709.0007522289675,1619.491127745312,11,16
2022_1242_1439,0.19384766184396263,1439,1242,Virginia Tech,Kansas,1709.0007522289675,1825.6355450626606,11,1
2022_1120_1439,0.27708516378136294,1439,1120,Virginia Tech,Auburn,1709.0007522289675,1754.766605041748,11,2
2022_1439_1458,0.2980044508054213,1439,1458,Virginia Tech,Wisconsin,1709.0007522289675,1739.2398150796869,11,3
2022_1344_1439,0.29645136543954753,1439,1344,Virginia Tech,Providence,1709.0007522289675,1740.3699865463689,11,4
2022_1234_1439,0.2838022259298377,1439,1234,Virginia Tech,Iowa,1709.0007522289675,1759.7067615492522,11,5
2022_1261_1439,0.44094227393249014,1439,1261,Virginia Tech,LSU,1709.0007522289675,1670.076972932596,11,6
2022_1425_1439,0.34366330714388726,1439,1425,Virginia Tech,USC,1709.0007522289675,1747.348483989828,11,7
2022_1361_1439,0.3631996875048972,1439,1361,Virginia Tech,San Diego St,1709.0007522289675,1749.3509828117778,11,8
2022_1166_1439,0.44070365852308513,1439,1166,Virginia Tech,Creighton,1709.0007522289675,1715.2241151553408,11,9
2022_1274_1439,0.5570156211808261,1439,1274,Virginia Tech,Miami FL,1709.0007522289675,1659.1831151322328,11,10
2022_1235_1439,0.7180345921724897,1439,1235,Virginia Tech,Iowa St,1709.0007522289675,1566.918414604053,11,11
2022_1350_1439,0.5754946616261053,1439,1350,Virginia Tech,Richmond,1709.0007522289675,1677.745402069529,11,12
2022_1355_1439,0.49628888134704335,1439,1355,Virginia Tech,S Dakota St,1709.0007522289675,1741.2571993589054,11,13
2022_1159_1439,0.6444495433384799,1439,1159,Virginia Tech,Colgate,1709.0007522289675,1663.6000644018511,11,14
2022_1240_1439,0.7874512038936201,1439,1240,Virginia Tech,Jacksonville St,1709.0007522289675,1569.9330015732564,11,15
2022_1394_1439,0.9018462856977535,1439,1394,Virginia Tech,TAM C. Christi,1709.0007522289675,1446.871728434155,11,16
2022_1411_1439,0.8075552471447383,1439,1411,Virginia Tech,TX Southern,1709.0007522289675,1565.9975930452333,11,16
2022_1112_1439,0.18513966529225256,1439,1112,Virginia Tech,Arizona,1709.0007522289675,1834.2550485377794,11,1
2022_1437_1439,0.19384415849481038,1439,1437,Virginia Tech,Villanova,1709.0007522289675,1825.6389527604601,11,2
2022_1397_1439,0.2285513847152505,1439,1397,Virginia Tech,Tennessee,1709.0007522289675,1793.9138536658204,11,3
2022_1228_1439,0.29221310608172396,1439,1228,Virginia Tech,Illinois,1709.0007522289675,1743.4717413030744,11,4
2022_1222_1439,0.20229118991732578,1439,1222,Virginia Tech,Houston,1709.0007522289675,1827.554349059758,11,5
2022_1161_1439,0.3371521811024475,1439,1161,Virginia Tech,Colorado St,1709.0007522289675,1736.7565025348324,11,6
2022_1326_1439,0.5080510233398885,1439,1326,Virginia Tech,Ohio St,1709.0007522289675,1644.1052080865643,11,7
2022_1371_1439,0.47534432530294624,1439,1371,Virginia Tech,Seton Hall,1709.0007522289675,1679.0038735560877,11,8
2022_1395_1439,0.576824577657465,1439,1395,Virginia Tech,TCU,1709.0007522289675,1631.9175900729285,11,9
2022_1260_1439,0.443322253939863,1439,1260,Virginia Tech,Loyola-Chicago,1709.0007522289675,1728.610266867969,11,10
2022_1276_1439,0.5593972541212459,1439,1276,Virginia Tech,Michigan,1709.0007522289675,1672.715156428664,11,11
2022_1412_1439,0.5526054396371534,1439,1412,Virginia Tech,UAB,1709.0007522289675,1691.8971925596084,11,12
2022_1151_1439,0.5761982648015656,1439,1151,Virginia Tech,Chattanooga,1709.0007522289675,1692.3075267872991,11,13
2022_1255_1439,0.722163925642596,1439,1255,Virginia Tech,Longwood,1709.0007522289675,1608.804247555333,11,14
2022_1174_1439,0.7845081326825168,1439,1174,Virginia Tech,Delaware,1709.0007522289675,1572.5924542652383,11,15
2022_1136_1439,0.7698043798611774,1439,1136,Virginia Tech,Bryant,1709.0007522289675,1600.501589692621,11,16
2022_1439_1460,0.789169561340857,1439,1460,Virginia Tech,Wright St,1709.0007522289675,1583.367797473222,11,16
2022_1231_1461,0.4682207904359173,1231,1461,Indiana,Wyoming,1615.9178655265448,1635.2660966528765,12,12
2022_1103_1231,0.4447798756395972,1231,1103,Indiana,Akron,1615.9178655265448,1664.6298900185711,12,13
2022_1231_1463,0.5324395104188793,1231,1463,Indiana,Yale,1615.9178655265448,1626.1665007751603,12,14
2022_1231_1389,0.6278091725433049,1231,1389,Indiana,St Peter's,1615.9178655265448,1581.4461687566236,12,15
2022_1231_1313,0.6529133631350379,1231,1313,Indiana,Norfolk St,1615.9178655265448,1579.87168309463,12,16
2022_1211_1231,0.08001341431524155,1231,1211,Indiana,Gonzaga,1615.9178655265448,1887.134407734365,12,1
2022_1181_1231,0.1572982544219623,1231,1181,Indiana,Duke,1615.9178655265448,1771.0503621480075,12,2
2022_1231_1403,0.18956924969140923,1231,1403,Indiana,Texas Tech,1615.9178655265448,1736.7496725293959,12,3
2022_1116_1231,0.16930963390853015,1231,1116,Indiana,Arkansas,1615.9178655265448,1757.6829916184988,12,4
2022_1163_1231,0.2112664161271222,1231,1163,Indiana,Connecticut,1615.9178655265448,1716.1528193787053,12,5
2022_1104_1231,0.28626201455954364,1231,1104,Indiana,Alabama,1615.9178655265448,1664.789146124711,12,6
2022_1231_1277,0.28316068979317216,1231,1277,Indiana,Michigan St,1615.9178655265448,1682.1039635977568,12,7
2022_1129_1231,0.21779731346284723,1231,1129,Indiana,Boise St,1615.9178655265448,1750.2612402141353,12,8
2022_1231_1272,0.2736076656368051,1231,1272,Indiana,Memphis,1615.9178655265448,1719.3329125920548,12,9
2022_1172_1231,0.3044602860259399,1231,1172,Indiana,Davidson,1615.9178655265448,1711.4948140059207,12,10
2022_1231_1323,0.4128871466633929,1231,1323,Indiana,Notre Dame,1615.9178655265448,1654.4294442487048,12,11
2022_1231_1353,0.4399068300257738,1231,1353,Indiana,Rutgers,1615.9178655265448,1637.632715657693,12,11
2022_1231_1308,0.3688950597970045,1231,1308,Indiana,New Mexico St,1615.9178655265448,1697.5374247173152,12,12
2022_1231_1436,0.3691360401688502,1231,1436,Indiana,Vermont,1615.9178655265448,1712.3801095075978,12,13
2022_1231_1286,0.49508359855203415,1231,1286,Indiana,Montana St,1615.9178655265448,1648.907194296671,12,14
2022_1168_1231,0.6722132872494166,1231,1168,Indiana,CS Fullerton,1615.9178655265448,1551.74735381392,12,15
2022_1209_1231,0.5917539926332036,1231,1209,Indiana,Georgia St,1615.9178655265448,1619.491127745312,12,16
2022_1231_1242,0.11531387355537079,1231,1242,Indiana,Kansas,1615.9178655265448,1825.6355450626606,12,1
2022_1120_1231,0.1720252253987121,1231,1120,Indiana,Auburn,1615.9178655265448,1754.766605041748,12,2
2022_1231_1458,0.18706519984378597,1231,1458,Indiana,Wisconsin,1615.9178655265448,1739.2398150796869,12,3
2022_1231_1344,0.1859371471359515,1231,1344,Indiana,Providence,1615.9178655265448,1740.3699865463689,12,4
2022_1231_1234,0.16744533596832598,1231,1234,Indiana,Iowa,1615.9178655265448,1759.7067615492522,12,5
2022_1231_1261,0.279207506967603,1231,1261,Indiana,LSU,1615.9178655265448,1670.076972932596,12,6
2022_1231_1425,0.2045543592236661,1231,1425,Indiana,USC,1615.9178655265448,1747.348483989828,12,7
2022_1231_1361,0.21881923356141889,1231,1361,Indiana,San Diego St,1615.9178655265448,1749.3509828117778,12,8
2022_1166_1231,0.2790127336526714,1231,1166,Indiana,Creighton,1615.9178655265448,1715.2241151553408,12,9
2022_1231_1274,0.3817803220484451,1231,1274,Indiana,Miami FL,1615.9178655265448,1659.1831151322328,12,10
2022_1231_1235,0.5556870408364435,1231,1235,Indiana,Iowa St,1615.9178655265448,1566.918414604053,12,11
2022_1231_1350,0.3996912104224109,1231,1350,Indiana,Richmond,1615.9178655265448,1677.745402069529,12,12
2022_1231_1355,0.3260946454124275,1231,1355,Indiana,S Dakota St,1615.9178655265448,1741.2571993589054,12,13
2022_1159_1231,0.4709507740830987,1231,1159,Indiana,Colgate,1615.9178655265448,1663.6000644018511,12,14
2022_1231_1240,0.6453296596002268,1231,1240,Indiana,Jacksonville St,1615.9178655265448,1569.9330015732564,12,15
2022_1231_1394,0.8185942136011124,1231,1394,Indiana,TAM C. Christi,1615.9178655265448,1446.871728434155,12,16
2022_1231_1411,0.6732992105707586,1231,1411,Indiana,TX Southern,1615.9178655265448,1565.9975930452333,12,16
2022_1112_1231,0.10965389314065205,1231,1112,Indiana,Arizona,1615.9178655265448,1834.2550485377794,12,1
2022_1231_1437,0.11531158650489097,1231,1437,Indiana,Villanova,1615.9178655265448,1825.6389527604601,12,2
2022_1231_1397,0.13837126800798602,1231,1397,Indiana,Tennessee,1615.9178655265448,1793.9138536658204,12,3
2022_1228_1231,0.18286819698000134,1231,1228,Indiana,Illinois,1615.9178655265448,1743.4717413030744,12,4
2022_1222_1231,0.11403231209751363,1231,1222,Indiana,Houston,1615.9178655265448,1827.554349059758,12,5
2022_1161_1231,0.19987619962530015,1231,1161,Indiana,Colorado St,1615.9178655265448,1736.7565025348324,12,6
2022_1231_1326,0.33651793174637934,1231,1326,Indiana,Ohio St,1615.9178655265448,1644.1052080865643,12,7
2022_1231_1371,0.3079416361898398,1231,1371,Indiana,Seton Hall,1615.9178655265448,1679.0038735560877,12,8
2022_1231_1395,0.40099862974499295,1231,1395,Indiana,TCU,1615.9178655265448,1631.9175900729285,12,9
2022_1231_1260,0.28115354327431435,1231,1260,Indiana,Loyola-Chicago,1615.9178655265448,1728.610266867969,12,10
2022_1231_1276,0.38406229548287485,1231,1276,Indiana,Michigan,1615.9178655265448,1672.715156428664,12,11
2022_1231_1412,0.3775750029161808,1231,1412,Indiana,UAB,1615.9178655265448,1691.8971925596084,12,12
2022_1151_1231,0.4003825996139085,1231,1151,Indiana,Chattanooga,1615.9178655265448,1692.3075267872991,12,13
2022_1231_1255,0.5607394489706968,1231,1255,Indiana,Longwood,1615.9178655265448,1608.804247555333,12,14
2022_1174_1231,0.6413150715356337,1231,1174,Indiana,Delaware,1615.9178655265448,1572.5924542652383,12,15
2022_1136_1231,0.6215540690148473,1231,1136,Indiana,Bryant,1615.9178655265448,1600.501589692621,12,16
2022_1231_1460,0.6476829301350912,1231,1460,Indiana,Wright St,1615.9178655265448,1583.367797473222,12,16
2022_1103_1461,0.47639338072050214,1461,1103,Wyoming,Akron,1635.2660966528765,1664.6298900185711,12,13
2022_1461_1463,0.5639549946554229,1461,1463,Wyoming,Yale,1635.2660966528765,1626.1665007751603,12,14
2022_1389_1461,0.6570370486172191,1461,1389,Wyoming,St Peter's,1635.2660966528765,1581.4461687566236,12,15
2022_1313_1461,0.6811709956608046,1461,1313,Wyoming,Norfolk St,1635.2660966528765,1579.87168309463,12,16
2022_1211_1461,0.08989837813371525,1461,1211,Wyoming,Gonzaga,1635.2660966528765,1887.134407734365,12,1
2022_1181_1461,0.1749157667514502,1461,1181,Wyoming,Duke,1635.2660966528765,1771.0503621480075,12,2
2022_1403_1461,0.20990086437891659,1461,1403,Wyoming,Texas Tech,1635.2660966528765,1736.7496725293959,12,3
2022_1116_1461,0.18797235132507262,1461,1116,Wyoming,Arkansas,1635.2660966528765,1757.6829916184988,12,4
2022_1163_1461,0.23325532238851943,1461,1163,Wyoming,Connecticut,1635.2660966528765,1716.1528193787053,12,5
2022_1104_1461,0.3129593873657879,1461,1104,Wyoming,Alabama,1635.2660966528765,1664.789146124711,12,6
2022_1277_1461,0.30969432759585785,1461,1277,Wyoming,Michigan St,1635.2660966528765,1682.1039635977568,12,7
2022_1129_1461,0.24025890521174043,1461,1129,Wyoming,Boise St,1635.2660966528765,1750.2612402141353,12,8
2022_1272_1461,0.29962029231780196,1461,1272,Wyoming,Memphis,1635.2660966528765,1719.3329125920548,12,9
2022_1172_1461,0.33206524376184454,1461,1172,Wyoming,Davidson,1635.2660966528765,1711.4948140059207,12,10
2022_1323_1461,0.444046757408825,1461,1323,Wyoming,Notre Dame,1635.2660966528765,1654.4294442487048,12,11
2022_1353_1461,0.4714680884901131,1461,1353,Wyoming,Rutgers,1635.2660966528765,1637.632715657693,12,11
2022_1308_1461,0.3989908872987209,1461,1308,Wyoming,New Mexico St,1635.2660966528765,1697.5374247173152,12,12
2022_1436_1461,0.39923909071569313,1461,1436,Wyoming,Vermont,1635.2660966528765,1712.3801095075978,12,13
2022_1286_1461,0.5268796067254551,1461,1286,Wyoming,Montana St,1635.2660966528765,1648.907194296671,12,14
2022_1168_1461,0.6996225186209291,1461,1168,Wyoming,CS Fullerton,1635.2660966528765,1551.74735381392,12,15
2022_1209_1461,0.6221089867845898,1461,1209,Wyoming,Georgia St,1635.2660966528765,1619.491127745312,12,16
2022_1242_1461,0.12894864042537443,1461,1242,Wyoming,Kansas,1635.2660966528765,1825.6355450626606,12,1
2022_1120_1461,0.190918481401497,1461,1120,Wyoming,Auburn,1635.2660966528765,1754.766605041748,12,2
2022_1458_1461,0.20719691271825483,1461,1458,Wyoming,Wisconsin,1635.2660966528765,1739.2398150796869,12,3
2022_1344_1461,0.20597822019206652,1461,1344,Wyoming,Providence,1635.2660966528765,1740.3699865463689,12,4
2022_1234_1461,0.1859485554038142,1461,1234,Wyoming,Iowa,1635.2660966528765,1759.7067615492522,12,5
2022_1261_1461,0.3055285958298679,1461,1261,Wyoming,LSU,1635.2660966528765,1670.076972932596,12,6
2022_1425_1461,0.2260448785408257,1461,1425,Wyoming,USC,1635.2660966528765,1747.348483989828,12,7
2022_1361_1461,0.24135369747503765,1461,1361,Wyoming,San Diego St,1635.2660966528765,1749.3509828117778,12,8
2022_1166_1461,0.3053232388799862,1461,1166,Wyoming,Creighton,1635.2660966528765,1715.2241151553408,12,9
2022_1274_1461,0.4122407103097435,1461,1274,Wyoming,Miami FL,1635.2660966528765,1659.1831151322328,12,10
2022_1235_1461,0.5868514497829649,1461,1235,Wyoming,Iowa St,1635.2660966528765,1566.918414604053,12,11
2022_1350_1461,0.43058531780382586,1461,1350,Wyoming,Richmond,1635.2660966528765,1677.745402069529,12,12
2022_1355_1461,0.35466094642639473,1461,1355,Wyoming,S Dakota St,1635.2660966528765,1741.2571993589054,12,13
2022_1159_1461,0.5027401018727227,1461,1159,Wyoming,Colgate,1635.2660966528765,1663.6000644018511,12,14
2022_1240_1461,0.6738963349083492,1461,1240,Wyoming,Jacksonville St,1635.2660966528765,1569.9330015732564,12,15
2022_1394_1461,0.8367360543833188,1461,1394,Wyoming,TAM C. Christi,1635.2660966528765,1446.871728434155,12,16
2022_1411_1461,0.7006580737217912,1461,1411,Wyoming,TX Southern,1635.2660966528765,1565.9975930452333,12,16
2022_1112_1461,0.12271224942237023,1461,1112,Wyoming,Arizona,1635.2660966528765,1834.2550485377794,12,1
2022_1437_1461,0.12894612236791542,1461,1437,Wyoming,Villanova,1635.2660966528765,1825.6389527604601,12,2
2022_1397_1461,0.15425698183858969,1461,1397,Wyoming,Tennessee,1635.2660966528765,1793.9138536658204,12,3
2022_1228_1461,0.20266083458231143,1461,1228,Wyoming,Illinois,1635.2660966528765,1743.4717413030744,12,4
2022_1222_1461,0.12753739162895628,1461,1222,Wyoming,Houston,1635.2660966528765,1827.554349059758,12,5
2022_1161_1461,0.22101178892999832,1461,1161,Wyoming,Colorado St,1635.2660966528765,1736.7565025348324,12,6
2022_1326_1461,0.3655020968579794,1461,1326,Wyoming,Ohio St,1635.2660966528765,1644.1052080865643,12,7
2022_1371_1461,0.3357098913617844,1461,1371,Wyoming,Seton Hall,1635.2660966528765,1679.0038735560877,12,8
2022_1395_1461,0.4319210837691862,1461,1395,Wyoming,TCU,1635.2660966528765,1631.9175900729285,12,9
2022_1260_1461,0.30757980194815565,1461,1260,Wyoming,Loyola-Chicago,1635.2660966528765,1728.610266867969,12,10
2022_1276_1461,0.41458265544873063,1461,1276,Wyoming,Michigan,1635.2660966528765,1672.715156428664,12,11
2022_1412_1461,0.407921257439746,1461,1412,Wyoming,UAB,1635.2660966528765,1691.8971925596084,12,12
2022_1151_1461,0.4312917532850322,1461,1151,Wyoming,Chattanooga,1635.2660966528765,1692.3075267872991,12,13
2022_1255_1461,0.5918097944953831,1461,1255,Wyoming,Longwood,1635.2660966528765,1608.804247555333,12,14
2022_1174_1461,0.6700397674701997,1461,1174,Wyoming,Delaware,1635.2660966528765,1572.5924542652383,12,15
2022_1136_1461,0.651000090275547,1461,1136,Wyoming,Bryant,1635.2660966528765,1600.501589692621,12,16
2022_1460_1461,0.6761551807556396,1461,1460,Wyoming,Wright St,1635.2660966528765,1583.367797473222,12,16
2022_1103_1463,0.587035999630509,1103,1463,Akron,Yale,1664.6298900185711,1626.1665007751603,13,14
2022_1103_1389,0.6780041414459985,1103,1389,Akron,St Peter's,1664.6298900185711,1581.4461687566236,13,15
2022_1103_1313,0.701333337311831,1103,1313,Akron,Norfolk St,1664.6298900185711,1579.87168309463,13,16
2022_1103_1211,0.10700576495497112,1103,1211,Akron,Gonzaga,1664.6298900185711,1887.134407734365,13,1
2022_1103_1181,0.20456522059351032,1103,1181,Akron,Duke,1664.6298900185711,1771.0503621480075,13,2
2022_1103_1403,0.24372875954165973,1103,1403,Akron,Texas Tech,1664.6298900185711,1736.7496725293959,13,3
2022_1103_1116,0.2192468864177319,1103,1116,Akron,Arkansas,1664.6298900185711,1757.6829916184988,13,4
2022_1103_1163,0.26956292190230235,1103,1163,Akron,Connecticut,1664.6298900185711,1716.1528193787053,13,5
2022_1103_1104,0.3409801993176514,1103,1104,Akron,Alabama,1664.6298900185711,1664.789146124711,13,6
2022_1103_1277,0.3302505675298443,1103,1277,Akron,Michigan St,1664.6298900185711,1682.1039635977568,13,7
2022_1103_1129,0.2579283700195098,1103,1129,Akron,Boise St,1664.6298900185711,1750.2612402141353,13,8
2022_1103_1272,0.31981765443062604,1103,1272,Akron,Memphis,1664.6298900185711,1719.3329125920548,13,9
2022_1103_1172,0.3533463039007573,1103,1172,Akron,Davidson,1664.6298900185711,1711.4948140059207,13,10
2022_1103_1323,0.46748156659966034,1103,1323,Akron,Notre Dame,1664.6298900185711,1654.4294442487048,13,11
2022_1103_1353,0.4950614023584269,1103,1353,Akron,Rutgers,1664.6298900185711,1637.632715657693,13,11
2022_1103_1308,0.42185213736991584,1103,1308,Akron,New Mexico St,1664.6298900185711,1697.5374247173152,13,12
2022_1103_1436,0.42210457414545294,1103,1436,Akron,Vermont,1664.6298900185711,1712.3801095075978,13,13
2022_1103_1286,0.550358408981955,1103,1286,Akron,Montana St,1664.6298900185711,1648.907194296671,13,14
2022_1103_1168,0.7190991945086315,1103,1168,Akron,CS Fullerton,1664.6298900185711,1551.74735381392,13,15
2022_1103_1209,0.644054610103739,1103,1209,Akron,Georgia St,1664.6298900185711,1619.491127745312,13,16
2022_1103_1242,0.15224407230107057,1103,1242,Akron,Kansas,1664.6298900185711,1825.6355450626606,13,1
2022_1103_1120,0.22254884945932196,1103,1120,Akron,Auburn,1664.6298900185711,1754.766605041748,13,2
2022_1103_1458,0.2407218035601606,1103,1458,Akron,Wisconsin,1664.6298900185711,1739.2398150796869,13,3
2022_1103_1344,0.23936545933033634,1103,1344,Akron,Providence,1664.6298900185711,1740.3699865463689,13,4
2022_1103_1234,0.21697634615710748,1103,1234,Akron,Iowa,1664.6298900185711,1759.7067615492522,13,5
2022_1103_1261,0.3332067624822004,1103,1261,Akron,LSU,1664.6298900185711,1670.076972932596,13,6
2022_1103_1425,0.2430033499067687,1103,1425,Akron,USC,1664.6298900185711,1747.348483989828,13,7
2022_1103_1361,0.2590762210464084,1103,1361,Akron,San Diego St,1664.6298900185711,1749.3509828117778,13,8
2022_1103_1166,0.32572624635773106,1103,1166,Akron,Creighton,1664.6298900185711,1715.2241151553408,13,9
2022_1103_1274,0.43531126696007155,1103,1274,Akron,Miami FL,1664.6298900185711,1659.1831151322328,13,10
2022_1103_1235,0.6095595627143917,1103,1235,Akron,Iowa St,1664.6298900185711,1566.918414604053,13,11
2022_1103_1350,0.4538897032747822,1103,1350,Akron,Richmond,1664.6298900185711,1677.745402069529,13,12
2022_1103_1355,0.37657368082092946,1103,1355,Akron,S Dakota St,1664.6298900185711,1741.2571993589054,13,13
2022_1103_1159,0.5263399060132254,1103,1159,Akron,Colgate,1664.6298900185711,1663.6000644018511,13,14
2022_1103_1240,0.6943122655094739,1103,1240,Akron,Jacksonville St,1664.6298900185711,1569.9330015732564,13,15
2022_1103_1394,0.8492380223464533,1103,1394,Akron,TAM C. Christi,1664.6298900185711,1446.871728434155,13,16
2022_1103_1411,0.720094467385146,1103,1411,Akron,TX Southern,1664.6298900185711,1565.9975930452333,13,16
2022_1103_1112,0.14506867212180682,1103,1112,Akron,Arizona,1664.6298900185711,1834.2550485377794,13,1
2022_1103_1437,0.15224117884722208,1103,1437,Akron,Villanova,1664.6298900185711,1825.6389527604601,13,2
2022_1103_1397,0.18117356016740357,1103,1397,Akron,Tennessee,1664.6298900185711,1793.9138536658204,13,3
2022_1103_1228,0.23566995281493527,1103,1228,Akron,Illinois,1664.6298900185711,1743.4717413030744,13,4
2022_1103_1222,0.1506219581411658,1103,1222,Akron,Houston,1664.6298900185711,1827.554349059758,13,5
2022_1103_1161,0.2437204772969873,1103,1161,Akron,Colorado St,1664.6298900185711,1736.7565025348324,13,6
2022_1103_1326,0.38768226254451915,1103,1326,Akron,Ohio St,1664.6298900185711,1644.1052080865643,13,7
2022_1103_1371,0.35709964946257833,1103,1371,Akron,Seton Hall,1664.6298900185711,1679.0038735560877,13,8
2022_1103_1395,0.45523996530402094,1103,1395,Akron,TCU,1664.6298900185711,1631.9175900729285,13,9
2022_1103_1260,0.32806239026573775,1103,1260,Akron,Loyola-Chicago,1664.6298900185711,1728.610266867969,13,10
2022_1103_1276,0.4376866767157765,1103,1276,Akron,Michigan,1664.6298900185711,1672.715156428664,13,11
2022_1103_1412,0.43092731240636933,1103,1412,Akron,UAB,1664.6298900185711,1691.8971925596084,13,12
2022_1103_1151,0.45460384788216324,1103,1151,Akron,Chattanooga,1664.6298900185711,1692.3075267872991,13,13
2022_1103_1255,0.6144244368128947,1103,1255,Akron,Longwood,1664.6298900185711,1608.804247555333,13,14
2022_1103_1174,0.6905862845346825,1103,1174,Akron,Delaware,1664.6298900185711,1572.5924542652383,13,15
2022_1103_1136,0.6721520949928934,1103,1136,Akron,Bryant,1664.6298900185711,1600.501589692621,13,16
2022_1103_1460,0.6964933854270853,1103,1460,Akron,Wright St,1664.6298900185711,1583.367797473222,13,16
2022_1389_1463,0.5969779707757956,1463,1389,Yale,St Peter's,1626.1665007751603,1581.4461687566236,14,15
2022_1313_1463,0.6229126534499595,1463,1313,Yale,Norfolk St,1626.1665007751603,1579.87168309463,14,16
2022_1211_1463,0.08511921850412806,1463,1211,Yale,Gonzaga,1626.1665007751603,1887.134407734365,14,1
2022_1181_1463,0.16644350877365638,1463,1181,Yale,Duke,1626.1665007751603,1771.0503621480075,14,2
2022_1403_1463,0.20014511570425034,1463,1403,Yale,Texas Tech,1626.1665007751603,1736.7496725293959,14,3
2022_1116_1463,0.17900488566878936,1463,1116,Yale,Arkansas,1626.1665007751603,1757.6829916184988,14,4
2022_1163_1463,0.22272008850886585,1463,1163,Yale,Connecticut,1626.1665007751603,1716.1528193787053,14,5
2022_1104_1463,0.2865963363180405,1463,1104,Yale,Alabama,1626.1665007751603,1664.789146124711,14,6
2022_1277_1463,0.26388292246846146,1463,1277,Yale,Michigan St,1626.1665007751603,1682.1039635977568,14,7
2022_1129_1463,0.19647239742305772,1463,1129,Yale,Boise St,1626.1665007751603,1750.2612402141353,14,8
2022_1272_1463,0.24855467004655057,1463,1272,Yale,Memphis,1626.1665007751603,1719.3329125920548,14,9
2022_1172_1463,0.2776621213307969,1463,1172,Yale,Davidson,1626.1665007751603,1711.4948140059207,14,10
2022_1323_1463,0.38178390292192704,1463,1323,Yale,Notre Dame,1626.1665007751603,1654.4294442487048,14,11
2022_1353_1463,0.4081832671966848,1463,1353,Yale,Rutgers,1626.1665007751603,1637.632715657693,14,11
2022_1308_1463,0.3391912156010127,1463,1308,Yale,New Mexico St,1626.1665007751603,1697.5374247173152,14,12
2022_1436_1463,0.33942322790036494,1463,1436,Yale,Vermont,1626.1665007751603,1712.3801095075978,14,13
2022_1286_1463,0.46266790386851975,1463,1286,Yale,Montana St,1626.1665007751603,1648.907194296671,14,14
2022_1168_1463,0.6429685607095719,1463,1168,Yale,CS Fullerton,1626.1665007751603,1551.74735381392,14,15
2022_1209_1463,0.5600291787148037,1463,1209,Yale,Georgia St,1626.1665007751603,1619.491127745312,14,16
2022_1242_1463,0.1223726359697416,1463,1242,Yale,Kansas,1626.1665007751603,1825.6355450626606,14,1
2022_1120_1463,0.1818419407007689,1463,1120,Yale,Auburn,1626.1665007751603,1754.766605041748,14,2
2022_1458_1463,0.19753541782213263,1463,1458,Yale,Wisconsin,1626.1665007751603,1739.2398150796869,14,3
2022_1344_1463,0.19635947757328,1463,1344,Yale,Providence,1626.1665007751603,1740.3699865463689,14,4
2022_1234_1463,0.1770565860325099,1463,1234,Yale,Iowa,1626.1665007751603,1759.7067615492522,14,5
2022_1261_1463,0.2795368166252397,1463,1261,Yale,LSU,1626.1665007751603,1670.076972932596,14,6
2022_1425_1463,0.18921557220208282,1463,1425,Yale,USC,1626.1665007751603,1747.348483989828,14,7
2022_1361_1463,0.19741951309185102,1463,1361,Yale,San Diego St,1626.1665007751603,1749.3509828117778,14,8
2022_1166_1463,0.25363763328350936,1463,1166,Yale,Creighton,1626.1665007751603,1715.2241151553408,14,9
2022_1274_1463,0.3516170000087533,1463,1274,Yale,Miami FL,1626.1665007751603,1659.1831151322328,14,10
2022_1235_1463,0.5234167360374722,1463,1235,Yale,Iowa St,1626.1665007751603,1566.918414604053,14,11
2022_1350_1463,0.36895733457612606,1463,1350,Yale,Richmond,1626.1665007751603,1677.745402069529,14,12
2022_1355_1463,0.2982086808669004,1463,1355,Yale,S Dakota St,1626.1665007751603,1741.2571993589054,14,13
2022_1159_1463,0.43874216714252656,1463,1159,Yale,Colgate,1626.1665007751603,1663.6000644018511,14,14
2022_1240_1463,0.6150599135966167,1463,1240,Yale,Jacksonville St,1626.1665007751603,1569.9330015732564,14,15
2022_1394_1463,0.7984945145445612,1463,1394,Yale,TAM C. Christi,1626.1665007751603,1446.871728434155,14,16
2022_1411_1463,0.6441000736353443,1463,1411,Yale,TX Southern,1626.1665007751603,1565.9975930452333,14,16
2022_1112_1463,0.11641177851500273,1463,1112,Yale,Arizona,1626.1665007751603,1834.2550485377794,14,1
2022_1437_1463,0.12237022828559901,1463,1437,Yale,Villanova,1626.1665007751603,1825.6389527604601,14,2
2022_1397_1463,0.14660755671136821,1463,1397,Yale,Tennessee,1626.1665007751603,1793.9138536658204,14,3
2022_1228_1463,0.1931593211131205,1463,1228,Yale,Illinois,1626.1665007751603,1743.4717413030744,14,4
2022_1222_1463,0.12102335733524691,1463,1222,Yale,Houston,1626.1665007751603,1827.554349059758,14,5
2022_1161_1463,0.2001379225555303,1463,1161,Yale,Colorado St,1626.1665007751603,1736.7565025348324,14,6
2022_1326_1463,0.3152048745393222,1463,1326,Yale,Ohio St,1626.1665007751603,1644.1052080865643,14,7
2022_1371_1463,0.28096082667538824,1463,1371,Yale,Seton Hall,1626.1665007751603,1679.0038735560877,14,8
2022_1395_1463,0.3702262223339273,1463,1395,Yale,TCU,1626.1665007751603,1631.9175900729285,14,9
2022_1260_1463,0.2556527822164428,1463,1260,Yale,Loyola-Chicago,1626.1665007751603,1728.610266867969,14,10
2022_1276_1463,0.35382186689777195,1463,1276,Yale,Michigan,1626.1665007751603,1672.715156428664,14,11
2022_1412_1463,0.34755714299567997,1463,1412,Yale,UAB,1626.1665007751603,1691.8971925596084,14,12
2022_1151_1463,0.3696282945613701,1463,1151,Yale,Chattanooga,1626.1665007751603,1692.3075267872991,14,13
2022_1255_1463,0.5285247544630337,1463,1255,Yale,Longwood,1626.1665007751603,1608.804247555333,14,14
2022_1174_1463,0.6109092787121716,1463,1174,Yale,Delaware,1626.1665007751603,1572.5924542652383,14,15
2022_1136_1463,0.5905426532745233,1463,1136,Yale,Bryant,1626.1665007751603,1600.501589692621,14,16
2022_1460_1463,0.6174949816665274,1463,1460,Yale,Wright St,1626.1665007751603,1583.367797473222,14,16
2022_1313_1389,0.5272331391078374,1389,1313,St Peter's,Norfolk St,1581.4461687566236,1579.87168309463,15,16
2022_1211_1389,0.06483073855279388,1389,1211,St Peter's,Gonzaga,1581.4461687566236,1887.134407734365,15,1
2022_1181_1389,0.12951517377919974,1389,1181,St Peter's,Duke,1581.4461687566236,1771.0503621480075,15,2
2022_1389_1403,0.15714918373299144,1389,1403,St Peter's,Texas Tech,1581.4461687566236,1736.7496725293959,15,3
2022_1116_1389,0.139756865031817,1389,1116,St Peter's,Arkansas,1581.4461687566236,1757.6829916184988,15,4
2022_1163_1389,0.17594127392149725,1389,1163,St Peter's,Connecticut,1581.4461687566236,1716.1528193787053,15,5
2022_1104_1389,0.23037775171453925,1389,1104,St Peter's,Alabama,1581.4461687566236,1664.789146124711,15,6
2022_1277_1389,0.21080325024705918,1389,1277,St Peter's,Michigan St,1581.4461687566236,1682.1039635977568,15,7
2022_1129_1389,0.14573089694557792,1389,1129,St Peter's,Boise St,1581.4461687566236,1750.2612402141353,15,8
2022_1272_1389,0.18254119650240852,1389,1272,St Peter's,Memphis,1581.4461687566236,1719.3329125920548,15,9
2022_1172_1389,0.20603766828787018,1389,1172,St Peter's,Davidson,1581.4461687566236,1711.4948140059207,15,10
2022_1323_1389,0.2942414884460214,1389,1323,St Peter's,Notre Dame,1581.4461687566236,1654.4294442487048,15,11
2022_1353_1389,0.31769829992602844,1389,1353,St Peter's,Rutgers,1581.4461687566236,1637.632715657693,15,11
2022_1308_1389,0.2573496838014432,1389,1308,St Peter's,New Mexico St,1581.4461687566236,1697.5374247173152,15,12
2022_1389_1436,0.2575475335062607,1389,1436,St Peter's,Vermont,1581.4461687566236,1712.3801095075978,15,13
2022_1286_1389,0.36760718803402836,1389,1286,St Peter's,Montana St,1581.4461687566236,1648.907194296671,15,14
2022_1168_1389,0.5486909513167896,1389,1168,St Peter's,CS Fullerton,1581.4461687566236,1551.74735381392,15,15
2022_1209_1389,0.4621703044470267,1389,1209,St Peter's,Georgia St,1581.4461687566236,1619.491127745312,15,16
2022_1242_1389,0.09411814181161515,1389,1242,St Peter's,Kansas,1581.4461687566236,1825.6355450626606,15,1
2022_1120_1389,0.142079526125078,1389,1120,St Peter's,Auburn,1581.4461687566236,1754.766605041748,15,2
2022_1389_1458,0.15499147617418715,1389,1458,St Peter's,Wisconsin,1581.4461687566236,1739.2398150796869,15,3
2022_1344_1389,0.1540201921075224,1389,1344,St Peter's,Providence,1581.4461687566236,1740.3699865463689,15,4
2022_1234_1389,0.13816385413768978,1389,1234,St Peter's,Iowa,1581.4461687566236,1759.7067615492522,15,5
2022_1261_1389,0.22426769643214756,1389,1261,St Peter's,LSU,1581.4461687566236,1670.076972932596,15,6
2022_1389_1425,0.14813273144062525,1389,1425,St Peter's,USC,1581.4461687566236,1747.348483989828,15,7
2022_1361_1389,0.14647799781044923,1389,1361,St Peter's,San Diego St,1581.4461687566236,1749.3509828117778,15,8
2022_1166_1389,0.18660942499089764,1389,1166,St Peter's,Creighton,1581.4461687566236,1715.2241151553408,15,9
2022_1274_1389,0.2679932296470145,1389,1274,St Peter's,Miami FL,1581.4461687566236,1659.1831151322328,15,10
2022_1235_1389,0.4257644368604753,1389,1235,St Peter's,Iowa St,1581.4461687566236,1566.918414604053,15,11
2022_1350_1389,0.2830096364916627,1389,1350,St Peter's,Richmond,1581.4461687566236,1677.745402069529,15,12
2022_1355_1389,0.22291978733393414,1389,1355,St Peter's,S Dakota St,1581.4461687566236,1741.2571993589054,15,13
2022_1159_1389,0.34543702099486717,1389,1159,St Peter's,Colgate,1581.4461687566236,1663.6000644018511,15,14
2022_1240_1389,0.5189267002735377,1389,1240,St Peter's,Jacksonville St,1581.4461687566236,1569.9330015732564,15,15
2022_1389_1394,0.7279056396043088,1389,1394,St Peter's,TAM C. Christi,1581.4461687566236,1446.871728434155,15,16
2022_1389_1411,0.5499120957205895,1389,1411,St Peter's,TX Southern,1581.4461687566236,1565.9975930452333,15,16
2022_1112_1389,0.08939339387207623,1389,1112,St Peter's,Arizona,1581.4461687566236,1834.2550485377794,15,1
2022_1389_1437,0.09411623042001593,1389,1437,St Peter's,Villanova,1581.4461687566236,1825.6389527604601,15,2
2022_1389_1397,0.1134810184637705,1389,1397,St Peter's,Tennessee,1581.4461687566236,1793.9138536658204,15,3
2022_1228_1389,0.15138007956155278,1389,1228,St Peter's,Illinois,1581.4461687566236,1743.4717413030744,15,4
2022_1222_1389,0.09304736749980866,1389,1222,St Peter's,Houston,1581.4461687566236,1827.554349059758,15,5
2022_1161_1389,0.15714323225482765,1389,1161,St Peter's,Colorado St,1581.4461687566236,1736.7565025348324,15,6
2022_1326_1389,0.2553833723836565,1389,1326,St Peter's,Ohio St,1581.4461687566236,1644.1052080865643,15,7
2022_1371_1389,0.21421626775102154,1389,1371,St Peter's,Seton Hall,1581.4461687566236,1679.0038735560877,15,8
2022_1389_1395,0.2841160216771156,1389,1395,St Peter's,TCU,1581.4461687566236,1631.9175900729285,15,9
2022_1260_1389,0.18822633712079848,1389,1260,St Peter's,Loyola-Chicago,1581.4461687566236,1728.610266867969,15,10
2022_1276_1389,0.26989199451292806,1389,1276,St Peter's,Michigan,1581.4461687566236,1672.715156428664,15,11
2022_1389_1412,0.26450502524837266,1389,1412,St Peter's,UAB,1581.4461687566236,1691.8971925596084,15,12
2022_1151_1389,0.2835945395225276,1389,1151,St Peter's,Chattanooga,1581.4461687566236,1692.3075267872991,15,13
2022_1255_1389,0.43078086767396356,1389,1255,St Peter's,Longwood,1581.4461687566236,1608.804247555333,15,14
2022_1174_1389,0.5145576208537345,1389,1174,St Peter's,Delaware,1581.4461687566236,1572.5924542652383,15,15
2022_1136_1389,0.493330430053869,1389,1136,St Peter's,Bryant,1581.4461687566236,1600.501589692621,15,16
2022_1389_1460,0.521496784894896,1389,1460,St Peter's,Wright St,1581.4461687566236,1583.367797473222,15,16
2022_1211_1313,0.06420556520075654,1313,1211,Norfolk St,Gonzaga,1579.87168309463,1887.134407734365,16,1
2022_1181_1313,0.12835184922049472,1313,1181,Norfolk St,Duke,1579.87168309463,1771.0503621480075,16,2
2022_1313_1403,0.1557820665755354,1313,1403,Norfolk St,Texas Tech,1579.87168309463,1736.7496725293959,16,3
2022_1116_1313,0.13851618639888827,1313,1116,Norfolk St,Arkansas,1579.87168309463,1757.6829916184988,16,4
2022_1163_1313,0.1744445109441248,1313,1163,Norfolk St,Connecticut,1579.87168309463,1716.1528193787053,16,5
2022_1104_1313,0.22854632553349402,1313,1104,Norfolk St,Alabama,1579.87168309463,1664.789146124711,16,6
2022_1277_1313,0.20908515966192126,1313,1277,Norfolk St,Michigan St,1579.87168309463,1682.1039635977568,16,7
2022_1129_1313,0.1444460894863147,1313,1129,Norfolk St,Boise St,1579.87168309463,1750.2612402141353,16,8
2022_1272_1313,0.17145205768213007,1313,1272,Norfolk St,Memphis,1579.87168309463,1719.3329125920548,16,9
2022_1172_1313,0.18877073398942343,1313,1172,Norfolk St,Davidson,1579.87168309463,1711.4948140059207,16,10
2022_1313_1323,0.27211609378816404,1313,1323,Norfolk St,Notre Dame,1579.87168309463,1654.4294442487048,16,11
2022_1313_1353,0.2945452034341525,1313,1353,Norfolk St,Rutgers,1579.87168309463,1637.632715657693,16,11
2022_1308_1313,0.23706653847995948,1313,1308,Norfolk St,New Mexico St,1579.87168309463,1697.5374247173152,16,12
2022_1313_1436,0.2372537762404245,1313,1436,Norfolk St,Vermont,1579.87168309463,1712.3801095075978,16,13
2022_1286_1313,0.3426434277030416,1313,1286,Norfolk St,Montana St,1579.87168309463,1648.907194296671,16,14
2022_1168_1313,0.5215722319702181,1313,1168,Norfolk St,CS Fullerton,1579.87168309463,1551.74735381392,16,15
2022_1209_1313,0.4352041814846453,1313,1209,Norfolk St,Georgia St,1579.87168309463,1619.491127745312,16,16
2022_1242_1313,0.09323870356369106,1313,1242,Norfolk St,Kansas,1579.87168309463,1825.6355450626606,16,1
2022_1120_1313,0.1408216036430431,1313,1120,Norfolk St,Auburn,1579.87168309463,1754.766605041748,16,2
2022_1313_1458,0.15363970828737514,1313,1458,Norfolk St,Wisconsin,1579.87168309463,1739.2398150796869,16,3
2022_1313_1344,0.15267536478238003,1313,1344,Norfolk St,Providence,1579.87168309463,1740.3699865463689,16,4
2022_1234_1313,0.13693506619300863,1313,1234,Norfolk St,Iowa,1579.87168309463,1759.7067615492522,16,5
2022_1261_1313,0.22247080242821657,1313,1261,Norfolk St,LSU,1579.87168309463,1670.076972932596,16,6
2022_1313_1425,0.14683038826092618,1313,1425,Norfolk St,USC,1579.87168309463,1747.348483989828,16,7
2022_1313_1361,0.14518772312511313,1313,1361,Norfolk St,San Diego St,1579.87168309463,1749.3509828117778,16,8
2022_1166_1313,0.17532615237655236,1313,1166,Norfolk St,Creighton,1579.87168309463,1715.2241151553408,16,9
2022_1274_1313,0.2471503818479045,1313,1274,Norfolk St,Miami FL,1579.87168309463,1659.1831151322328,16,10
2022_1235_1313,0.3993452593907558,1313,1235,Norfolk St,Iowa St,1579.87168309463,1566.918414604053,16,11
2022_1313_1350,0.2614159829530084,1313,1350,Norfolk St,Richmond,1579.87168309463,1677.745402069529,16,12
2022_1313_1355,0.20460264316094856,1313,1355,Norfolk St,S Dakota St,1579.87168309463,1741.2571993589054,16,13
2022_1159_1313,0.32121408961045983,1313,1159,Norfolk St,Colgate,1579.87168309463,1663.6000644018511,16,14
2022_1240_1313,0.4916764001181065,1313,1240,Norfolk St,Jacksonville St,1579.87168309463,1569.9330015732564,16,15
2022_1313_1394,0.705781297772886,1313,1394,Norfolk St,TAM C. Christi,1579.87168309463,1446.871728434155,16,16
2022_1313_1411,0.5228029373731915,1313,1411,Norfolk St,TX Southern,1579.87168309463,1565.9975930452333,16,16
2022_1112_1313,0.08855378793496244,1313,1112,Norfolk St,Arizona,1579.87168309463,1834.2550485377794,16,1
2022_1313_1437,0.09323680819388093,1313,1437,Norfolk St,Villanova,1579.87168309463,1825.6389527604601,16,2
2022_1313_1397,0.11244311143124264,1313,1397,Norfolk St,Tennessee,1579.87168309463,1793.9138536658204,16,3
2022_1228_1313,0.15005421554513498,1313,1228,Norfolk St,Illinois,1579.87168309463,1743.4717413030744,16,4
2022_1222_1313,0.09217691647121244,1313,1222,Norfolk St,Houston,1579.87168309463,1827.554349059758,16,5
2022_1161_1313,0.15577615730312608,1313,1161,Norfolk St,Colorado St,1579.87168309463,1736.7565025348324,16,6
2022_1313_1326,0.2534186155625061,1313,1326,Norfolk St,Ohio St,1579.87168309463,1644.1052080865643,16,7
2022_1313_1371,0.2124778495630293,1313,1371,Norfolk St,Seton Hall,1579.87168309463,1679.0038735560877,16,8
2022_1313_1395,0.2688860147590278,1313,1395,Norfolk St,TCU,1579.87168309463,1631.9175900729285,16,9
2022_1260_1313,0.17212846997401962,1313,1260,Norfolk St,Loyola-Chicago,1579.87168309463,1728.610266867969,16,10
2022_1276_1313,0.24895169578727142,1313,1276,Norfolk St,Michigan,1579.87168309463,1672.715156428664,16,11
2022_1313_1412,0.24384309700827284,1313,1412,Norfolk St,UAB,1579.87168309463,1691.8971925596084,16,12
2022_1151_1313,0.2619725639886995,1313,1151,Norfolk St,Chattanooga,1579.87168309463,1692.3075267872991,16,13
2022_1255_1313,0.40426955688438426,1313,1255,Norfolk St,Longwood,1579.87168309463,1608.804247555333,16,14
2022_1174_1313,0.48730434899707115,1313,1174,Norfolk St,Delaware,1579.87168309463,1572.5924542652383,16,15
2022_1136_1313,0.4661219045106985,1313,1136,Norfolk St,Bryant,1579.87168309463,1600.501589692621,16,16
2022_1313_1460,0.49425018143846444,1313,1460,Norfolk St,Wright St,1579.87168309463,1583.367797473222,16,16
2022_1181_1211,0.703157169193985,1211,1181,Gonzaga,Duke,1887.134407734365,1771.0503621480075,1,2
2022_1211_1403,0.7661535173267848,1211,1403,Gonzaga,Texas Tech,1887.134407734365,1736.7496725293959,1,3
2022_1116_1211,0.7590875471565507,1211,1116,Gonzaga,Arkansas,1887.134407734365,1757.6829916184988,1,4
2022_1163_1211,0.820477366697854,1211,1163,Gonzaga,Connecticut,1887.134407734365,1716.1528193787053,1,5
2022_1104_1211,0.8761188735368677,1211,1104,Gonzaga,Alabama,1887.134407734365,1664.789146124711,1,6
2022_1211_1277,0.8744565373858255,1211,1277,Gonzaga,Michigan St,1887.134407734365,1682.1039635977568,1,7
2022_1129_1211,0.8261156914505476,1211,1129,Gonzaga,Boise St,1887.134407734365,1750.2612402141353,1,8
2022_1211_1272,0.8534370021862847,1211,1272,Gonzaga,Memphis,1887.134407734365,1719.3329125920548,1,9
2022_1172_1211,0.8597700952812709,1211,1172,Gonzaga,Davidson,1887.134407734365,1711.4948140059207,1,10
2022_1211_1323,0.8992396144153737,1211,1323,Gonzaga,Notre Dame,1887.134407734365,1654.4294442487048,1,11
2022_1211_1353,0.9088196136434658,1211,1353,Gonzaga,Rutgers,1887.134407734365,1637.632715657693,1,11
2022_1211_1308,0.8704794781771086,1211,1308,Gonzaga,New Mexico St,1887.134407734365,1697.5374247173152,1,12
2022_1211_1436,0.8590664259733037,1211,1436,Gonzaga,Vermont,1887.134407734365,1712.3801095075978,1,13
2022_1211_1286,0.9024839664724442,1211,1286,Gonzaga,Montana St,1887.134407734365,1648.907194296671,1,14
2022_1168_1211,0.9460547442089869,1211,1168,Gonzaga,CS Fullerton,1887.134407734365,1551.74735381392,1,15
2022_1209_1211,0.9182389708780707,1211,1209,Gonzaga,Georgia St,1887.134407734365,1619.491127745312,1,16
2022_1211_1242,0.5997898627036065,1211,1242,Gonzaga,Kansas,1887.134407734365,1825.6355450626606,1,1
2022_1120_1211,0.725020911466868,1211,1120,Gonzaga,Auburn,1887.134407734365,1754.766605041748,1,2
2022_1211_1458,0.7632056598594081,1211,1458,Gonzaga,Wisconsin,1887.134407734365,1739.2398150796869,1,3
2022_1211_1344,0.7792984171525232,1211,1344,Gonzaga,Providence,1887.134407734365,1740.3699865463689,1,4
2022_1211_1234,0.7743522513397716,1211,1234,Gonzaga,Iowa,1887.134407734365,1759.7067615492522,1,5
2022_1211_1261,0.872293546159405,1211,1261,Gonzaga,LSU,1887.134407734365,1670.076972932596,1,6
2022_1211_1425,0.8193158197120954,1211,1425,Gonzaga,USC,1887.134407734365,1747.348483989828,1,7
2022_1211_1361,0.8269742393280745,1211,1361,Gonzaga,San Diego St,1887.134407734365,1749.3509828117778,1,8
2022_1166_1211,0.8567859049631767,1211,1166,Gonzaga,Creighton,1887.134407734365,1715.2241151553408,1,9
2022_1211_1274,0.8963704017480965,1211,1274,Gonzaga,Miami FL,1887.134407734365,1659.1831151322328,1,10
2022_1211_1235,0.9407283382239293,1211,1235,Gonzaga,Iowa St,1887.134407734365,1566.918414604053,1,11
2022_1211_1350,0.884465354018775,1211,1350,Gonzaga,Richmond,1887.134407734365,1677.745402069529,1,12
2022_1211_1355,0.8344611886224247,1211,1355,Gonzaga,S Dakota St,1887.134407734365,1741.2571993589054,1,13
2022_1159_1211,0.8936399052053899,1211,1159,Gonzaga,Colgate,1887.134407734365,1663.6000644018511,1,14
2022_1211_1240,0.9396127981936359,1211,1240,Gonzaga,Jacksonville St,1887.134407734365,1569.9330015732564,1,15
2022_1211_1394,0.9721935790387453,1211,1394,Gonzaga,TAM C. Christi,1887.134407734365,1446.871728434155,1,16
2022_1211_1411,0.9410652181657974,1211,1411,Gonzaga,TX Southern,1887.134407734365,1565.9975930452333,1,16
2022_1112_1211,0.5861042387184555,1211,1112,Gonzaga,Arizona,1887.134407734365,1834.2550485377794,1,1
2022_1211_1437,0.6232226507422308,1211,1437,Gonzaga,Villanova,1887.134407734365,1825.6389527604601,1,2
2022_1211_1397,0.6922469699571995,1211,1397,Gonzaga,Tennessee,1887.134407734365,1793.9138536658204,1,3
2022_1211_1228,0.7757687686885,1211,1228,Gonzaga,Illinois,1887.134407734365,1743.4717413030744,1,4
2022_1211_1222,0.6871212492950355,1211,1222,Gonzaga,Houston,1887.134407734365,1827.554349059758,1,5
2022_1161_1211,0.8149829850592689,1211,1161,Gonzaga,Colorado St,1887.134407734365,1736.7565025348324,1,6
2022_1211_1326,0.8994327242925777,1211,1326,Gonzaga,Ohio St,1887.134407734365,1644.1052080865643,1,7
2022_1211_1371,0.8836166305716546,1211,1371,Gonzaga,Seton Hall,1887.134407734365,1679.0038735560877,1,8
2022_1211_1395,0.9118877690741147,1211,1395,Gonzaga,TCU,1887.134407734365,1631.9175900729285,1,9
2022_1211_1260,0.8456368905957453,1211,1260,Gonzaga,Loyola-Chicago,1887.134407734365,1728.610266867969,1,10
2022_1211_1276,0.8878042280677888,1211,1276,Gonzaga,Michigan,1887.134407734365,1672.715156428664,1,11
2022_1211_1412,0.8746057991100906,1211,1412,Gonzaga,UAB,1887.134407734365,1691.8971925596084,1,12
2022_1151_1211,0.8743094426942404,1211,1151,Gonzaga,Chattanooga,1887.134407734365,1692.3075267872991,1,13
2022_1211_1255,0.9233645222499233,1211,1255,Gonzaga,Longwood,1887.134407734365,1608.804247555333,1,14
2022_1174_1211,0.9386123931764396,1211,1174,Gonzaga,Delaware,1887.134407734365,1572.5924542652383,1,15
2022_1136_1211,0.9271414065426743,1211,1136,Gonzaga,Bryant,1887.134407734365,1600.501589692621,1,16
2022_1211_1460,0.9343985739092179,1211,1460,Gonzaga,Wright St,1887.134407734365,1583.367797473222,1,16
2022_1181_1403,0.580381600699438,1181,1403,Duke,Texas Tech,1771.0503621480075,1736.7496725293959,2,3
2022_1116_1181,0.5708465502670648,1181,1116,Duke,Arkansas,1771.0503621480075,1757.6829916184988,2,4
2022_1163_1181,0.6586327926853496,1181,1163,Duke,Connecticut,1771.0503621480075,1716.1528193787053,2,5
2022_1104_1181,0.7490969316658703,1181,1104,Duke,Alabama,1771.0503621480075,1664.789146124711,2,6
2022_1181_1277,0.7462238328523133,1181,1277,Duke,Michigan St,1771.0503621480075,1682.1039635977568,2,7
2022_1129_1181,0.6745552963371215,1181,1129,Duke,Boise St,1771.0503621480075,1750.2612402141353,2,8
2022_1181_1272,0.7306889775349911,1181,1272,Duke,Memphis,1771.0503621480075,1719.3329125920548,2,9
2022_1172_1181,0.7407146675055825,1181,1172,Duke,Davidson,1771.0503621480075,1711.4948140059207,2,10
2022_1181_1323,0.8061380732667937,1181,1323,Duke,Notre Dame,1771.0503621480075,1654.4294442487048,2,11
2022_1181_1353,0.8228258473842593,1181,1353,Duke,Rutgers,1771.0503621480075,1637.632715657693,2,11
2022_1181_1308,0.7579566657663536,1181,1308,Duke,New Mexico St,1771.0503621480075,1697.5374247173152,2,12
2022_1181_1436,0.7395945260728269,1181,1436,Duke,Vermont,1771.0503621480075,1712.3801095075978,2,13
2022_1181_1286,0.8117526223693318,1181,1286,Duke,Montana St,1771.0503621480075,1648.907194296671,2,14
2022_1168_1181,0.8909649090854573,1181,1168,Duke,CS Fullerton,1771.0503621480075,1551.74735381392,2,15
2022_1181_1209,0.8395604913348741,1181,1209,Duke,Georgia St,1771.0503621480075,1619.491127745312,2,16
2022_1181_1242,0.3875106994402385,1181,1242,Duke,Kansas,1771.0503621480075,1825.6355450626606,2,1
2022_1120_1181,0.5267563706108713,1181,1120,Duke,Auburn,1771.0503621480075,1754.766605041748,2,2
2022_1181_1458,0.5763867315917013,1181,1458,Duke,Wisconsin,1771.0503621480075,1739.2398150796869,2,3
2022_1181_1344,0.5984966229425327,1181,1344,Duke,Providence,1771.0503621480075,1740.3699865463689,2,4
2022_1181_1234,0.5916218545891736,1181,1234,Duke,Iowa,1771.0503621480075,1759.7067615492522,2,5
2022_1181_1261,0.7425020887455225,1181,1261,Duke,LSU,1771.0503621480075,1670.076972932596,2,6
2022_1181_1425,0.6568620225692606,1181,1425,Duke,USC,1771.0503621480075,1747.348483989828,2,7
2022_1181_1361,0.6758685589993685,1181,1361,Duke,San Diego St,1771.0503621480075,1749.3509828117778,2,8
2022_1166_1181,0.7359749273412508,1181,1166,Duke,Creighton,1771.0503621480075,1715.2241151553408,2,9
2022_1181_1274,0.8012038255352429,1181,1274,Duke,Miami FL,1771.0503621480075,1659.1831151322328,2,10
2022_1181_1235,0.8808839518982364,1181,1235,Duke,Iowa St,1771.0503621480075,1566.918414604053,2,11
2022_1181_1350,0.781036611124525,1181,1350,Duke,Richmond,1771.0503621480075,1677.745402069529,2,12
2022_1181_1355,0.7013815053349635,1181,1355,Duke,S Dakota St,1771.0503621480075,1741.2571993589054,2,13
2022_1159_1181,0.7965349946183589,1181,1159,Duke,Colgate,1771.0503621480075,1663.6000644018511,2,14
2022_1181_1240,0.8787872188502113,1181,1240,Duke,Jacksonville St,1771.0503621480075,1569.9330015732564,2,15
2022_1181_1394,0.9421653420960694,1181,1394,Duke,TAM C. Christi,1771.0503621480075,1446.871728434155,2,16
2022_1181_1411,0.8815181279706411,1181,1411,Duke,TX Southern,1771.0503621480075,1565.9975930452333,2,16
2022_1112_1181,0.37414058918833804,1181,1112,Duke,Arizona,1771.0503621480075,1834.2550485377794,2,1
2022_1181_1437,0.41117061705435004,1181,1437,Duke,Villanova,1771.0503621480075,1825.6389527604601,2,2
2022_1181_1397,0.48706977047274774,1181,1397,Duke,Tennessee,1771.0503621480075,1793.9138536658204,2,3
2022_1181_1228,0.5935834202761733,1181,1228,Duke,Illinois,1771.0503621480075,1743.4717413030744,2,4
2022_1181_1222,0.4810883769350118,1181,1222,Duke,Houston,1771.0503621480075,1827.554349059758,2,5
2022_1161_1181,0.6502962852332032,1181,1161,Duke,Colorado St,1771.0503621480075,1736.7565025348324,2,6
2022_1181_1326,0.7906022954801789,1181,1326,Duke,Ohio St,1771.0503621480075,1644.1052080865643,2,7
2022_1181_1371,0.7681064834917537,1181,1371,Duke,Seton Hall,1771.0503621480075,1679.0038735560877,2,8
2022_1181_1395,0.8282407606206758,1181,1395,Duke,TCU,1771.0503621480075,1631.9175900729285,2,9
2022_1181_1260,0.7185108638630465,1181,1260,Duke,Loyola-Chicago,1771.0503621480075,1728.610266867969,2,10
2022_1181_1276,0.7866434753647659,1181,1276,Duke,Michigan,1771.0503621480075,1672.715156428664,2,11
2022_1181_1412,0.7646987718953692,1181,1412,Duke,UAB,1771.0503621480075,1691.8971925596084,2,12
2022_1151_1181,0.7642126892102622,1181,1151,Duke,Chattanooga,1771.0503621480075,1692.3075267872991,2,13
2022_1181_1255,0.8488062154827853,1181,1255,Duke,Longwood,1771.0503621480075,1608.804247555333,2,14
2022_1174_1181,0.8769111504029192,1181,1174,Duke,Delaware,1771.0503621480075,1572.5924542652383,2,15
2022_1136_1181,0.8556833074398986,1181,1136,Duke,Bryant,1771.0503621480075,1600.501589692621,2,16
2022_1181_1460,0.8690528623936725,1181,1460,Duke,Wright St,1771.0503621480075,1583.367797473222,2,16
2022_1116_1403,0.49024268738790366,1403,1116,Texas Tech,Arkansas,1736.7496725293959,1757.6829916184988,3,4
2022_1163_1403,0.5824568744573382,1403,1163,Texas Tech,Connecticut,1736.7496725293959,1716.1528193787053,3,5
2022_1104_1403,0.6834044183222207,1403,1104,Texas Tech,Alabama,1736.7496725293959,1664.789146124711,3,6
2022_1277_1403,0.6801003174149521,1403,1277,Texas Tech,Michigan St,1736.7496725293959,1682.1039635977568,3,7
2022_1129_1403,0.5997733910585752,1403,1129,Texas Tech,Boise St,1736.7496725293959,1750.2612402141353,3,8
2022_1272_1403,0.6696660279919963,1403,1272,Texas Tech,Memphis,1736.7496725293959,1719.3329125920548,3,9
2022_1172_1403,0.6950908060916817,1403,1172,Texas Tech,Davidson,1736.7496725293959,1711.4948140059207,3,10
2022_1323_1403,0.7684270998630227,1403,1323,Texas Tech,Notre Dame,1736.7496725293959,1654.4294442487048,3,11
2022_1353_1403,0.7875053802133222,1403,1353,Texas Tech,Rutgers,1736.7496725293959,1637.632715657693,3,11
2022_1308_1403,0.7141960792735617,1403,1308,Texas Tech,New Mexico St,1736.7496725293959,1697.5374247173152,3,12
2022_1403_1436,0.6938550280241974,1403,1436,Texas Tech,Vermont,1736.7496725293959,1712.3801095075978,3,13
2022_1286_1403,0.7748287527554909,1403,1286,Texas Tech,Montana St,1736.7496725293959,1648.907194296671,3,14
2022_1168_1403,0.867033154524042,1403,1168,Texas Tech,CS Fullerton,1736.7496725293959,1551.74735381392,3,15
2022_1209_1403,0.8067927972118579,1403,1209,Texas Tech,Georgia St,1736.7496725293959,1619.491127745312,3,16
2022_1242_1403,0.31386141136360113,1403,1242,Texas Tech,Kansas,1736.7496725293959,1825.6355450626606,3,1
2022_1120_1403,0.4459094352960905,1403,1120,Texas Tech,Auburn,1736.7496725293959,1754.766605041748,3,2
2022_1403_1458,0.4959045450818451,1403,1458,Texas Tech,Wisconsin,1736.7496725293959,1739.2398150796869,3,3
2022_1344_1403,0.5187074741983908,1403,1344,Texas Tech,Providence,1736.7496725293959,1740.3699865463689,3,4
2022_1234_1403,0.511581429427879,1403,1234,Texas Tech,Iowa,1736.7496725293959,1759.7067615492522,3,5
2022_1261_1403,0.6758301063704412,1403,1261,Texas Tech,LSU,1736.7496725293959,1670.076972932596,3,6
2022_1403_1425,0.58054261116505,1403,1425,Texas Tech,USC,1736.7496725293959,1747.348483989828,3,7
2022_1361_1403,0.6012100190152214,1403,1361,Texas Tech,San Diego St,1736.7496725293959,1749.3509828117778,3,8
2022_1166_1403,0.6756179925031968,1403,1166,Texas Tech,Creighton,1736.7496725293959,1715.2241151553408,3,9
2022_1274_1403,0.7628154235657152,1403,1274,Texas Tech,Miami FL,1736.7496725293959,1659.1831151322328,3,10
2022_1235_1403,0.8550994095010399,1403,1235,Texas Tech,Iowa St,1736.7496725293959,1566.918414604053,3,11
2022_1350_1403,0.7400175182249994,1403,1350,Texas Tech,Richmond,1736.7496725293959,1677.745402069529,3,12
2022_1355_1403,0.6520873929279257,1403,1355,Texas Tech,S Dakota St,1736.7496725293959,1741.2571993589054,3,13
2022_1159_1403,0.7575178792938781,1403,1159,Texas Tech,Colgate,1736.7496725293959,1663.6000644018511,3,14
2022_1240_1403,0.8526247399339253,1403,1240,Texas Tech,Jacksonville St,1736.7496725293959,1569.9330015732564,3,15
2022_1394_1403,0.9285704558487154,1403,1394,Texas Tech,TAM C. Christi,1736.7496725293959,1446.871728434155,3,16
2022_1403_1411,0.8558483983041036,1403,1411,Texas Tech,TX Southern,1736.7496725293959,1565.9975930452333,3,16
2022_1112_1403,0.3017803668853705,1403,1112,Texas Tech,Arizona,1736.7496725293959,1834.2550485377794,3,1
2022_1403_1437,0.33548765219801246,1403,1437,Texas Tech,Villanova,1736.7496725293959,1825.6389527604601,3,2
2022_1397_1403,0.40707449919700306,1403,1397,Texas Tech,Tennessee,1736.7496725293959,1793.9138536658204,3,3
2022_1228_1403,0.5136113797384021,1403,1228,Texas Tech,Illinois,1736.7496725293959,1743.4717413030744,3,4
2022_1222_1403,0.4013068882028028,1403,1222,Texas Tech,Houston,1736.7496725293959,1827.554349059758,3,5
2022_1161_1403,0.5734648146909616,1403,1161,Texas Tech,Colorado St,1736.7496725293959,1736.7565025348324,3,6
2022_1326_1403,0.7318873977243667,1403,1326,Texas Tech,Ohio St,1736.7496725293959,1644.1052080865643,3,7
2022_1371_1403,0.7054339718066794,1403,1371,Texas Tech,Seton Hall,1736.7496725293959,1679.0038735560877,3,8
2022_1395_1403,0.7827499223005502,1403,1395,Texas Tech,TCU,1736.7496725293959,1631.9175900729285,3,9
2022_1260_1403,0.6707168607505786,1403,1260,Texas Tech,Loyola-Chicago,1736.7496725293959,1728.610266867969,3,10
2022_1276_1403,0.7463335988960702,1403,1276,Texas Tech,Michigan,1736.7496725293959,1672.715156428664,3,11
2022_1403_1412,0.7217095867252151,1403,1412,Texas Tech,UAB,1736.7496725293959,1691.8971925596084,3,12
2022_1151_1403,0.7211670790938799,1403,1151,Texas Tech,Chattanooga,1736.7496725293959,1692.3075267872991,3,13
2022_1255_1403,0.8175164031307192,1403,1255,Texas Tech,Longwood,1736.7496725293959,1608.804247555333,3,14
2022_1174_1403,0.850412669367655,1403,1174,Texas Tech,Delaware,1736.7496725293959,1572.5924542652383,3,15
2022_1136_1403,0.825524170716399,1403,1136,Texas Tech,Bryant,1736.7496725293959,1600.501589692621,3,16
2022_1403_1460,0.8411690694093978,1403,1460,Texas Tech,Wright St,1736.7496725293959,1583.367797473222,3,16
2022_1116_1163,0.5919183726047634,1116,1163,Arkansas,Connecticut,1757.6829916184988,1716.1528193787053,4,5
2022_1104_1116,0.6917888798617854,1116,1104,Arkansas,Alabama,1757.6829916184988,1664.789146124711,4,6
2022_1116_1277,0.6885324017648873,1116,1277,Arkansas,Michigan St,1757.6829916184988,1682.1039635977568,4,7
2022_1116_1129,0.6091058367410838,1116,1129,Arkansas,Boise St,1757.6829916184988,1750.2612402141353,4,8
2022_1116_1272,0.6782430263526409,1116,1272,Arkansas,Memphis,1757.6829916184988,1719.3329125920548,4,9
2022_1116_1172,0.7101179083600224,1116,1172,Arkansas,Davidson,1757.6829916184988,1711.4948140059207,4,10
2022_1116_1323,0.7920237346501272,1116,1323,Arkansas,Notre Dame,1757.6829916184988,1654.4294442487048,4,11
2022_1116_1353,0.8096395791448157,1116,1353,Arkansas,Rutgers,1757.6829916184988,1637.632715657693,4,11
2022_1116_1308,0.7414594615825937,1116,1308,Arkansas,New Mexico St,1757.6829916184988,1697.5374247173152,4,12
2022_1116_1436,0.7223043214233064,1116,1436,Arkansas,Vermont,1757.6829916184988,1712.3801095075978,4,13
2022_1116_1286,0.7979445998625784,1116,1286,Arkansas,Montana St,1757.6829916184988,1648.907194296671,4,14
2022_1116_1168,0.8821234192188484,1116,1168,Arkansas,CS Fullerton,1757.6829916184988,1551.74735381392,4,15
2022_1116_1209,0.8273583849450512,1116,1209,Arkansas,Georgia St,1757.6829916184988,1619.491127745312,4,16
2022_1116_1242,0.32232796335239305,1116,1242,Arkansas,Kansas,1757.6829916184988,1825.6355450626606,4,1
2022_1116_1120,0.4555729573477251,1116,1120,Arkansas,Auburn,1757.6829916184988,1754.766605041748,4,2
2022_1116_1458,0.5056627628443137,1116,1458,Arkansas,Wisconsin,1757.6829916184988,1739.2398150796869,4,3
2022_1116_1344,0.5284440187317485,1116,1344,Arkansas,Providence,1757.6829916184988,1740.3699865463689,4,4
2022_1116_1234,0.5213291009768551,1116,1234,Arkansas,Iowa,1757.6829916184988,1759.7067615492522,4,5
2022_1116_1261,0.684322502627239,1116,1261,Arkansas,LSU,1757.6829916184988,1670.076972932596,4,6
2022_1116_1425,0.5900169538854432,1116,1425,Arkansas,USC,1757.6829916184988,1747.348483989828,4,7
2022_1116_1361,0.6105307185788936,1116,1361,Arkansas,San Diego St,1757.6829916184988,1749.3509828117778,4,8
2022_1116_1166,0.6841133482943099,1116,1166,Arkansas,Creighton,1757.6829916184988,1715.2241151553408,4,9
2022_1116_1274,0.7755824176336097,1116,1274,Arkansas,Miami FL,1757.6829916184988,1659.1831151322328,4,10
2022_1116_1235,0.8713430537176248,1116,1235,Arkansas,Iowa St,1757.6829916184988,1566.918414604053,4,11
2022_1116_1350,0.7656260650776093,1116,1350,Arkansas,Richmond,1757.6829916184988,1677.745402069529,4,12
2022_1116_1355,0.6826427813067633,1116,1355,Arkansas,S Dakota St,1757.6829916184988,1741.2571993589054,4,13
2022_1116_1159,0.7819106416871603,1116,1159,Arkansas,Colgate,1757.6829916184988,1663.6000644018511,4,14
2022_1116_1240,0.8691033334149153,1116,1240,Arkansas,Jacksonville St,1757.6829916184988,1569.9330015732564,4,15
2022_1116_1394,0.9371828991107626,1116,1394,Arkansas,TAM C. Christi,1757.6829916184988,1446.871728434155,4,16
2022_1116_1411,0.8720206458179525,1116,1411,Arkansas,TX Southern,1757.6829916184988,1565.9975930452333,4,16
2022_1112_1116,0.3100682987777749,1116,1112,Arkansas,Arizona,1757.6829916184988,1834.2550485377794,4,1
2022_1116_1437,0.3442448934148075,1116,1437,Arkansas,Villanova,1757.6829916184988,1825.6389527604601,4,2
2022_1116_1397,0.41652907841529957,1116,1397,Arkansas,Tennessee,1757.6829916184988,1793.9138536658204,4,3
2022_1116_1228,0.5233562845123984,1116,1228,Arkansas,Illinois,1757.6829916184988,1743.4717413030744,4,4
2022_1116_1222,0.4107203027260555,1116,1222,Arkansas,Houston,1757.6829916184988,1827.554349059758,4,5
2022_1116_1161,0.5829841886764042,1116,1161,Arkansas,Colorado St,1757.6829916184988,1736.7565025348324,4,6
2022_1116_1326,0.7394773466367398,1116,1326,Arkansas,Ohio St,1757.6829916184988,1644.1052080865643,4,7
2022_1116_1371,0.7134796189374001,1116,1371,Arkansas,Seton Hall,1757.6829916184988,1679.0038735560877,4,8
2022_1116_1395,0.7893144996792526,1116,1395,Arkansas,TCU,1757.6829916184988,1631.9175900729285,4,9
2022_1116_1260,0.6864032534776676,1116,1260,Arkansas,Loyola-Chicago,1757.6829916184988,1728.610266867969,4,10
2022_1116_1276,0.7715120973841231,1116,1276,Arkansas,Michigan,1757.6829916184988,1672.715156428664,4,11
2022_1116_1412,0.7485086240858477,1116,1412,Arkansas,UAB,1757.6829916184988,1691.8971925596084,4,12
2022_1116_1151,0.748000117624293,1116,1151,Arkansas,Chattanooga,1757.6829916184988,1692.3075267872991,4,13
2022_1116_1255,0.8371709076685045,1116,1255,Arkansas,Longwood,1757.6829916184988,1608.804247555333,4,14
2022_1116_1174,0.8671000496611079,1116,1174,Arkansas,Delaware,1757.6829916184988,1572.5924542652383,4,15
2022_1116_1136,0.8444802674920074,1116,1136,Arkansas,Bryant,1757.6829916184988,1600.501589692621,4,16
2022_1116_1460,0.8587163141797353,1116,1460,Arkansas,Wright St,1757.6829916184988,1583.367797473222,4,16
2022_1104_1163,0.6074472219138786,1163,1104,Connecticut,Alabama,1716.1528193787053,1664.789146124711,5,6
2022_1163_1277,0.6038099664297634,1163,1277,Connecticut,Michigan St,1716.1528193787053,1682.1039635977568,5,7
2022_1129_1163,0.5179057594759349,1163,1129,Connecticut,Boise St,1716.1528193787053,1750.2612402141353,5,8
2022_1163_1272,0.5923787145759083,1163,1272,Connecticut,Memphis,1716.1528193787053,1719.3329125920548,5,9
2022_1163_1172,0.6280955282172018,1163,1172,Connecticut,Davidson,1716.1528193787053,1711.4948140059207,5,10
2022_1163_1323,0.7306966486916702,1163,1323,Connecticut,Notre Dame,1716.1528193787053,1654.4294442487048,5,11
2022_1163_1353,0.7518796779887935,1163,1353,Connecticut,Rutgers,1716.1528193787053,1637.632715657693,5,11
2022_1163_1308,0.6857552585480402,1163,1308,Connecticut,New Mexico St,1716.1528193787053,1697.5374247173152,5,12
2022_1163_1436,0.6643413580226355,1163,1436,Connecticut,Vermont,1716.1528193787053,1712.3801095075978,5,13
2022_1163_1286,0.7503121817956654,1163,1286,Connecticut,Montana St,1716.1528193787053,1648.907194296671,5,14
2022_1163_1168,0.8506203079942978,1163,1168,Connecticut,CS Fullerton,1716.1528193787053,1551.74735381392,5,15
2022_1163_1209,0.7847898189723022,1163,1209,Connecticut,Georgia St,1716.1528193787053,1619.491127745312,5,16
2022_1163_1242,0.24694076091792552,1163,1242,Connecticut,Kansas,1716.1528193787053,1825.6355450626606,5,1
2022_1120_1163,0.36584594374009516,1163,1120,Connecticut,Auburn,1716.1528193787053,1754.766605041748,5,2
2022_1163_1458,0.4135644272471538,1163,1458,Connecticut,Wisconsin,1716.1528193787053,1739.2398150796869,5,3
2022_1163_1344,0.43585480855310954,1163,1344,Connecticut,Providence,1716.1528193787053,1740.3699865463689,5,4
2022_1163_1234,0.428852781568545,1163,1234,Connecticut,Iowa,1716.1528193787053,1759.7067615492522,5,5
2022_1163_1261,0.5991216538574353,1163,1261,Connecticut,LSU,1716.1528193787053,1670.076972932596,5,6
2022_1163_1425,0.49803349620418175,1163,1425,Connecticut,USC,1716.1528193787053,1747.348483989828,5,7
2022_1163_1361,0.519400778379783,1163,1361,Connecticut,San Diego St,1716.1528193787053,1749.3509828117778,5,8
2022_1163_1166,0.5988891371253543,1163,1166,Connecticut,Creighton,1716.1528193787053,1715.2241151553408,5,9
2022_1163_1274,0.7043718942469077,1163,1274,Connecticut,Miami FL,1716.1528193787053,1659.1831151322328,5,10
2022_1163_1235,0.8283358566741447,1163,1235,Connecticut,Iowa St,1716.1528193787053,1566.918414604053,5,11
2022_1163_1350,0.7131140736274751,1163,1350,Connecticut,Richmond,1716.1528193787053,1677.745402069529,5,12
2022_1163_1355,0.6207480198059087,1163,1355,Connecticut,S Dakota St,1716.1528193787053,1741.2571993589054,5,13
2022_1159_1163,0.7317689889031047,1163,1159,Connecticut,Colgate,1716.1528193787053,1663.6000644018511,5,14
2022_1163_1240,0.8347723068616104,1163,1240,Connecticut,Jacksonville St,1716.1528193787053,1569.9330015732564,5,15
2022_1163_1394,0.9190442687797388,1163,1394,Connecticut,TAM C. Christi,1716.1528193787053,1446.871728434155,5,16
2022_1163_1411,0.8383124133053825,1163,1411,Connecticut,TX Southern,1716.1528193787053,1565.9975930452333,5,16
2022_1112_1163,0.23654756121574455,1163,1112,Connecticut,Arizona,1716.1528193787053,1834.2550485377794,5,1
2022_1163_1437,0.26574179120253705,1163,1437,Connecticut,Villanova,1716.1528193787053,1825.6389527604601,5,2
2022_1163_1397,0.3298331345826018,1163,1397,Connecticut,Tennessee,1716.1528193787053,1793.9138536658204,5,3
2022_1163_1228,0.4308440359899379,1163,1228,Connecticut,Illinois,1716.1528193787053,1743.4717413030744,5,4
2022_1163_1222,0.3245608564848425,1163,1222,Connecticut,Houston,1716.1528193787053,1827.554349059758,5,5
2022_1161_1163,0.49078464559819995,1163,1161,Connecticut,Colorado St,1716.1528193787053,1736.7565025348324,5,6
2022_1163_1326,0.6618058978941644,1163,1326,Connecticut,Ohio St,1716.1528193787053,1644.1052080865643,5,7
2022_1163_1371,0.6319153904137079,1163,1371,Connecticut,Seton Hall,1716.1528193787053,1679.0038735560877,5,8
2022_1163_1395,0.7208932665878408,1163,1395,Connecticut,TCU,1716.1528193787053,1631.9175900729285,5,9
2022_1163_1260,0.601436914027442,1163,1260,Connecticut,Loyola-Chicago,1716.1528193787053,1728.610266867969,5,10
2022_1163_1276,0.7063789042070006,1163,1276,Connecticut,Michigan,1716.1528193787053,1672.715156428664,5,11
2022_1163_1412,0.6936957820923322,1163,1412,Connecticut,UAB,1716.1528193787053,1691.8971925596084,5,12
2022_1151_1163,0.6931218846338502,1163,1151,Connecticut,Chattanooga,1716.1528193787053,1692.3075267872991,5,13
2022_1163_1255,0.7964265120281192,1163,1255,Connecticut,Longwood,1716.1528193787053,1608.804247555333,5,14
2022_1163_1174,0.8323449654381144,1163,1174,Connecticut,Delaware,1716.1528193787053,1572.5924542652383,5,15
2022_1136_1163,0.8051391566457186,1163,1136,Connecticut,Bryant,1716.1528193787053,1600.501589692621,5,16
2022_1163_1460,0.8222182928427186,1163,1460,Connecticut,Wright St,1716.1528193787053,1583.367797473222,5,16
2022_1104_1277,0.49619288485808266,1104,1277,Alabama,Michigan St,1664.789146124711,1682.1039635977568,6,7
2022_1104_1129,0.40976410954038317,1104,1129,Alabama,Boise St,1664.789146124711,1750.2612402141353,6,8
2022_1104_1272,0.4843084871125931,1104,1272,Alabama,Memphis,1664.789146124711,1719.3329125920548,6,9
2022_1104_1172,0.5218513090262038,1104,1172,Alabama,Davidson,1664.789146124711,1711.4948140059207,6,10
2022_1104_1323,0.6368147237552264,1104,1323,Alabama,Notre Dame,1664.789146124711,1654.4294442487048,6,11
2022_1104_1353,0.6619661115065004,1104,1353,Alabama,Rutgers,1664.789146124711,1637.632715657693,6,11
2022_1104_1308,0.593064498083662,1104,1308,Alabama,New Mexico St,1664.789146124711,1697.5374247173152,6,12
2022_1104_1436,0.5853534379848115,1104,1436,Alabama,Vermont,1664.789146124711,1712.3801095075978,6,13
2022_1104_1286,0.6818671694408671,1104,1286,Alabama,Montana St,1664.789146124711,1648.907194296671,6,14
2022_1104_1168,0.80243170765854,1104,1168,Alabama,CS Fullerton,1664.789146124711,1551.74735381392,6,15
2022_1104_1209,0.7222979032763007,1104,1209,Alabama,Georgia St,1664.789146124711,1619.491127745312,6,16
2022_1104_1242,0.17485678161387067,1104,1242,Alabama,Kansas,1664.789146124711,1825.6355450626606,6,1
2022_1104_1120,0.2715695471967247,1104,1120,Alabama,Auburn,1664.789146124711,1754.766605041748,6,2
2022_1104_1458,0.3130617822810956,1104,1458,Alabama,Wisconsin,1664.789146124711,1739.2398150796869,6,3
2022_1104_1344,0.33301128036238425,1104,1344,Alabama,Providence,1664.789146124711,1740.3699865463689,6,4
2022_1104_1234,0.3267046345331694,1104,1234,Alabama,Iowa,1664.789146124711,1759.7067615492522,6,5
2022_1104_1261,0.4913039689748023,1104,1261,Alabama,LSU,1664.789146124711,1670.076972932596,6,6
2022_1104_1425,0.3906786706531241,1104,1425,Alabama,USC,1664.789146124711,1747.348483989828,6,7
2022_1104_1361,0.41121323117096625,1104,1361,Alabama,San Diego St,1664.789146124711,1749.3509828117778,6,8
2022_1104_1166,0.49106203888392125,1104,1166,Alabama,Creighton,1664.789146124711,1715.2241151553408,6,9
2022_1104_1274,0.6062580348004353,1104,1274,Alabama,Miami FL,1664.789146124711,1659.1831151322328,6,10
2022_1104_1235,0.7571807182003212,1104,1235,Alabama,Iowa St,1664.789146124711,1566.918414604053,6,11
2022_1104_1350,0.6240692771217365,1104,1350,Alabama,Richmond,1664.789146124711,1677.745402069529,6,12
2022_1104_1355,0.5386259640175045,1104,1355,Alabama,S Dakota St,1664.789146124711,1741.2571993589054,6,13
2022_1104_1159,0.6605405921169438,1104,1159,Alabama,Colgate,1664.789146124711,1663.6000644018511,6,14
2022_1104_1240,0.7827768404137809,1104,1240,Alabama,Jacksonville St,1664.789146124711,1569.9330015732564,6,15
2022_1104_1394,0.8900762053894883,1104,1394,Alabama,TAM C. Christi,1664.789146124711,1446.871728434155,6,16
2022_1104_1411,0.7871469216667287,1104,1411,Alabama,TX Southern,1664.789146124711,1565.9975930452333,6,16
2022_1104_1112,0.16682534876886543,1104,1112,Alabama,Arizona,1664.789146124711,1834.2550485377794,6,1
2022_1104_1437,0.1895510577466092,1104,1437,Alabama,Villanova,1664.789146124711,1825.6389527604601,6,2
2022_1104_1397,0.24130573209965334,1104,1397,Alabama,Tennessee,1664.789146124711,1793.9138536658204,6,3
2022_1104_1228,0.32849438372674084,1104,1228,Alabama,Illinois,1664.789146124711,1743.4717413030744,6,4
2022_1104_1222,0.23694821143388348,1104,1222,Alabama,Houston,1664.789146124711,1827.554349059758,6,5
2022_1104_1161,0.38379766128102183,1104,1161,Alabama,Colorado St,1664.789146124711,1736.7565025348324,6,6
2022_1104_1326,0.5584214419110735,1104,1326,Alabama,Ohio St,1664.789146124711,1644.1052080865643,6,7
2022_1104_1371,0.5259387880319061,1104,1371,Alabama,Seton Hall,1664.789146124711,1679.0038735560877,6,8
2022_1104_1395,0.6253460850286197,1104,1395,Alabama,TCU,1664.789146124711,1631.9175900729285,6,9
2022_1104_1260,0.4937157197508101,1104,1260,Alabama,Loyola-Chicago,1664.789146124711,1728.610266867969,6,10
2022_1104_1276,0.6085609708973827,1104,1276,Alabama,Michigan,1664.789146124711,1672.715156428664,6,11
2022_1104_1412,0.6019877947381843,1104,1412,Alabama,UAB,1664.789146124711,1691.8971925596084,6,12
2022_1104_1151,0.6170021497855411,1104,1151,Alabama,Chattanooga,1664.789146124711,1692.3075267872991,6,13
2022_1104_1255,0.7361776924550407,1104,1255,Alabama,Longwood,1664.789146124711,1608.804247555333,6,14
2022_1104_1174,0.7797871455242582,1104,1174,Alabama,Delaware,1664.789146124711,1572.5924542652383,6,15
2022_1104_1136,0.7466486312633058,1104,1136,Alabama,Bryant,1664.789146124711,1600.501589692621,6,16
2022_1104_1460,0.7673731298569025,1104,1460,Alabama,Wright St,1664.789146124711,1583.367797473222,6,16
2022_1129_1277,0.4134522948330488,1277,1129,Michigan St,Boise St,1682.1039635977568,1750.2612402141353,7,8
2022_1272_1277,0.48811276170875295,1277,1272,Michigan St,Memphis,1682.1039635977568,1719.3329125920548,7,9
2022_1172_1277,0.5256498888649875,1277,1172,Michigan St,Davidson,1682.1039635977568,1711.4948140059207,7,10
2022_1277_1323,0.6403294655953377,1277,1323,Michigan St,Notre Dame,1682.1039635977568,1654.4294442487048,7,11
2022_1277_1353,0.6653653539055118,1277,1353,Michigan St,Rutgers,1682.1039635977568,1637.632715657693,7,11
2022_1277_1308,0.5967345182572009,1277,1308,Michigan St,New Mexico St,1682.1039635977568,1697.5374247173152,7,12
2022_1277_1436,0.596983545609826,1277,1436,Michigan St,Vermont,1682.1039635977568,1712.3801095075978,7,13
2022_1277_1286,0.7060500980459808,1277,1286,Michigan St,Montana St,1682.1039635977568,1648.907194296671,7,14
2022_1168_1277,0.8198709507514392,1277,1168,Michigan St,CS Fullerton,1682.1039635977568,1551.74735381392,7,15
2022_1209_1277,0.7445588206810275,1277,1209,Michigan St,Georgia St,1682.1039635977568,1619.491127745312,7,16
2022_1242_1277,0.17706490602381325,1277,1242,Michigan St,Kansas,1682.1039635977568,1825.6355450626606,7,1
2022_1120_1277,0.27459255003303273,1277,1120,Michigan St,Auburn,1682.1039635977568,1754.766605041748,7,2
2022_1277_1458,0.31634607486747557,1277,1458,Michigan St,Wisconsin,1682.1039635977568,1739.2398150796869,7,3
2022_1277_1344,0.336402369817467,1277,1344,Michigan St,Providence,1682.1039635977568,1740.3699865463689,7,4
2022_1234_1277,0.3300632830015701,1277,1234,Michigan St,Iowa,1682.1039635977568,1759.7067615492522,7,5
2022_1261_1277,0.49511043660569853,1277,1261,Michigan St,LSU,1682.1039635977568,1670.076972932596,7,6
2022_1277_1425,0.39430983327546526,1277,1425,Michigan St,USC,1682.1039635977568,1747.348483989828,7,7
2022_1277_1361,0.414905290964457,1277,1361,Michigan St,San Diego St,1682.1039635977568,1749.3509828117778,7,8
2022_1166_1277,0.49486845556420056,1277,1166,Michigan St,Creighton,1682.1039635977568,1715.2241151553408,7,9
2022_1274_1277,0.6098873361567078,1277,1274,Michigan St,Miami FL,1682.1039635977568,1659.1831151322328,7,10
2022_1235_1277,0.7599696708545899,1277,1235,Michigan St,Iowa St,1682.1039635977568,1566.918414604053,7,11
2022_1277_1350,0.6276352402708131,1277,1350,Michigan St,Richmond,1682.1039635977568,1677.745402069529,7,12
2022_1277_1355,0.5505603866914226,1277,1355,Michigan St,S Dakota St,1682.1039635977568,1741.2571993589054,7,13
2022_1159_1277,0.6855971697223845,1277,1159,Michigan St,Colgate,1682.1039635977568,1663.6000644018511,7,14
2022_1240_1277,0.8015218814657465,1277,1240,Michigan St,Jacksonville St,1682.1039635977568,1569.9330015732564,7,15
2022_1277_1394,0.9007361312052866,1277,1394,Michigan St,TAM C. Christi,1682.1039635977568,1446.871728434155,7,16
2022_1277_1411,0.8056085014945534,1277,1411,Michigan St,TX Southern,1682.1039635977568,1565.9975930452333,7,16
2022_1112_1277,0.16895281755977107,1277,1112,Michigan St,Arizona,1682.1039635977568,1834.2550485377794,7,1
2022_1277_1437,0.19190158851411562,1277,1437,Michigan St,Villanova,1682.1039635977568,1825.6389527604601,7,2
2022_1277_1397,0.2441047439246836,1277,1397,Michigan St,Tennessee,1682.1039635977568,1793.9138536658204,7,3
2022_1228_1277,0.33186236261750673,1277,1228,Michigan St,Illinois,1682.1039635977568,1743.4717413030744,7,4
2022_1222_1277,0.23971264829588812,1277,1222,Michigan St,Houston,1682.1039635977568,1827.554349059758,7,5
2022_1161_1277,0.3874055311951047,1277,1161,Michigan St,Colorado St,1682.1039635977568,1736.7565025348324,7,6
2022_1277_1326,0.5621732434689961,1277,1326,Michigan St,Ohio St,1682.1039635977568,1644.1052080865643,7,7
2022_1277_1371,0.5297341579491883,1277,1371,Michigan St,Seton Hall,1682.1039635977568,1679.0038735560877,7,8
2022_1277_1395,0.6289071386261205,1277,1395,Michigan St,TCU,1682.1039635977568,1631.9175900729285,7,9
2022_1260_1277,0.49752259780555047,1277,1260,Michigan St,Loyola-Chicago,1682.1039635977568,1728.610266867969,7,10
2022_1276_1277,0.6121826238784734,1277,1276,Michigan St,Michigan,1682.1039635977568,1672.715156428664,7,11
2022_1277_1412,0.6056308527952229,1277,1412,Michigan St,UAB,1682.1039635977568,1691.8971925596084,7,12
2022_1151_1277,0.628308238646542,1277,1151,Michigan St,Chattanooga,1682.1039635977568,1692.3075267872991,7,13
2022_1255_1277,0.7576992275486932,1277,1255,Michigan St,Longwood,1682.1039635977568,1608.804247555333,7,14
2022_1174_1277,0.798723841243016,1277,1174,Michigan St,Delaware,1682.1039635977568,1572.5924542652383,7,15
2022_1136_1277,0.7675856572699389,1277,1136,Michigan St,Bryant,1682.1039635977568,1600.501589692621,7,16
2022_1277_1460,0.7870858645476763,1277,1460,Michigan St,Wright St,1682.1039635977568,1583.367797473222,7,16
2022_1129_1272,0.5749689831921636,1129,1272,Boise St,Memphis,1750.2612402141353,1719.3329125920548,8,9
2022_1129_1172,0.6112100756866249,1129,1172,Boise St,Davidson,1750.2612402141353,1711.4948140059207,8,10
2022_1129_1323,0.7163659458906966,1129,1323,Boise St,Notre Dame,1750.2612402141353,1654.4294442487048,8,11
2022_1129_1353,0.738272445819331,1129,1353,Boise St,Rutgers,1750.2612402141353,1637.632715657693,8,11
2022_1129_1308,0.6773432459951053,1129,1308,Boise St,New Mexico St,1750.2612402141353,1697.5374247173152,8,12
2022_1129_1436,0.6775693916151051,1129,1436,Boise St,Vermont,1750.2612402141353,1712.3801095075978,8,13
2022_1129_1286,0.7788337249281474,1129,1286,Boise St,Montana St,1750.2612402141353,1648.907194296671,8,14
2022_1129_1168,0.8769508954539008,1129,1168,Boise St,CS Fullerton,1750.2612402141353,1551.74735381392,8,15
2022_1129_1209,0.8202723506178058,1129,1209,Boise St,Georgia St,1750.2612402141353,1619.491127745312,8,16
2022_1129_1242,0.23980388024214555,1129,1242,Boise St,Kansas,1750.2612402141353,1825.6355450626606,8,1
2022_1120_1129,0.34938734909177876,1129,1120,Boise St,Auburn,1750.2612402141353,1754.766605041748,8,2
2022_1129_1458,0.3963006474729314,1129,1458,Boise St,Wisconsin,1750.2612402141353,1739.2398150796869,8,3
2022_1129_1344,0.4183242896271655,1129,1344,Boise St,Providence,1750.2612402141353,1740.3699865463689,8,4
2022_1129_1234,0.4113985157571154,1129,1234,Boise St,Iowa,1750.2612402141353,1759.7067615492522,8,5
2022_1129_1261,0.5817966006752079,1129,1261,Boise St,LSU,1750.2612402141353,1670.076972932596,8,6
2022_1129_1425,0.48013053528226535,1129,1425,Boise St,USC,1750.2612402141353,1747.348483989828,8,7
2022_1129_1361,0.5014970991870727,1129,1361,Boise St,San Diego St,1750.2612402141353,1749.3509828117778,8,8
2022_1129_1166,0.5815610534188896,1129,1166,Boise St,Creighton,1750.2612402141353,1715.2241151553408,8,9
2022_1129_1274,0.6892361231699937,1129,1274,Boise St,Miami FL,1750.2612402141353,1659.1831151322328,8,10
2022_1129_1235,0.8179061080560771,1129,1235,Boise St,Iowa St,1750.2612402141353,1566.918414604053,8,11
2022_1129_1350,0.7051195045346657,1129,1350,Boise St,Richmond,1750.2612402141353,1677.745402069529,8,12
2022_1129_1355,0.6347494983859684,1129,1355,Boise St,S Dakota St,1750.2612402141353,1741.2571993589054,8,13
2022_1129_1159,0.7617360685598725,1129,1159,Boise St,Colgate,1750.2612402141353,1663.6000644018511,8,14
2022_1129_1240,0.8634479191480787,1129,1240,Boise St,Jacksonville St,1750.2612402141353,1569.9330015732564,8,15
2022_1129_1394,0.9342463384099317,1129,1394,Boise St,TAM C. Christi,1750.2612402141353,1446.871728434155,8,16
2022_1129_1411,0.8664719094523275,1129,1411,Boise St,TX Southern,1750.2612402141353,1565.9975930452333,8,16
2022_1112_1129,0.22961946708265416,1129,1112,Boise St,Arizona,1750.2612402141353,1834.2550485377794,8,1
2022_1129_1437,0.2519970950397074,1129,1437,Boise St,Villanova,1750.2612402141353,1825.6389527604601,8,2
2022_1129_1397,0.3141919787158731,1129,1397,Boise St,Tennessee,1750.2612402141353,1793.9138536658204,8,3
2022_1129_1228,0.41336738175345794,1129,1228,Boise St,Illinois,1750.2612402141353,1743.4717413030744,8,4
2022_1129_1222,0.3090544207116283,1129,1222,Boise St,Houston,1750.2612402141353,1827.554349059758,8,5
2022_1129_1161,0.47289677510925865,1129,1161,Boise St,Colorado St,1750.2612402141353,1736.7565025348324,8,6
2022_1129_1326,0.6455873546325611,1129,1326,Boise St,Ohio St,1750.2612402141353,1644.1052080865643,8,7
2022_1129_1371,0.6150970890687526,1129,1371,Boise St,Seton Hall,1750.2612402141353,1679.0038735560877,8,8
2022_1129_1395,0.7062506076288653,1129,1395,Boise St,TCU,1750.2612402141353,1631.9175900729285,8,9
2022_1129_1260,0.584142468088314,1129,1260,Boise St,Loyola-Chicago,1750.2612402141353,1728.610266867969,8,10
2022_1129_1276,0.6913008552775641,1129,1276,Boise St,Michigan,1750.2612402141353,1672.715156428664,8,11
2022_1129_1412,0.6853988141066392,1129,1412,Boise St,UAB,1750.2612402141353,1691.8971925596084,8,12
2022_1129_1151,0.7057181228584286,1129,1151,Boise St,Chattanooga,1750.2612402141353,1692.3075267872991,8,13
2022_1129_1255,0.820937582078251,1129,1255,Boise St,Longwood,1750.2612402141353,1608.804247555333,8,14
2022_1129_1174,0.8613718888481267,1129,1174,Boise St,Delaware,1750.2612402141353,1572.5924542652383,8,15
2022_1129_1136,0.8379593584098548,1129,1136,Boise St,Bryant,1750.2612402141353,1600.501589692621,8,16
2022_1129_1460,0.8526881932679519,1129,1460,Boise St,Wright St,1750.2612402141353,1583.367797473222,8,16
2022_1172_1272,0.537491401691787,1272,1172,Memphis,Davidson,1719.3329125920548,1711.4948140059207,9,10
2022_1272_1323,0.6512077671589538,1272,1323,Memphis,Notre Dame,1719.3329125920548,1654.4294442487048,9,11
2022_1272_1353,0.675869737339117,1272,1353,Memphis,Rutgers,1719.3329125920548,1637.632715657693,9,11
2022_1272_1308,0.6081244247328967,1272,1308,Memphis,New Mexico St,1719.3329125920548,1697.5374247173152,9,12
2022_1272_1436,0.6083710345524829,1272,1436,Memphis,Vermont,1719.3329125920548,1712.3801095075978,9,13
2022_1272_1286,0.7224663849406175,1272,1286,Memphis,Montana St,1719.3329125920548,1648.907194296671,9,14
2022_1168_1272,0.8448291464213498,1272,1168,Memphis,CS Fullerton,1719.3329125920548,1551.74735381392,9,15
2022_1209_1272,0.7883022516123338,1272,1209,Memphis,Georgia St,1719.3329125920548,1619.491127745312,9,16
2022_1242_1272,0.20469139606998665,1272,1242,Memphis,Kansas,1719.3329125920548,1825.6355450626606,9,1
2022_1120_1272,0.29090491935789203,1272,1120,Memphis,Auburn,1719.3329125920548,1754.766605041748,9,2
2022_1272_1458,0.32672013777123754,1272,1458,Memphis,Wisconsin,1719.3329125920548,1739.2398150796869,9,3
2022_1272_1344,0.34710021658664025,1272,1344,Memphis,Providence,1719.3329125920548,1740.3699865463689,9,4
2022_1234_1272,0.34066302869256815,1272,1234,Memphis,Iowa,1719.3329125920548,1759.7067615492522,9,5
2022_1261_1272,0.506999302190055,1272,1261,Memphis,LSU,1719.3329125920548,1670.076972932596,9,6
2022_1272_1425,0.4057232880246044,1272,1425,Memphis,USC,1719.3329125920548,1747.348483989828,9,7
2022_1272_1361,0.4264951164173389,1272,1361,Memphis,San Diego St,1719.3329125920548,1749.3509828117778,9,8
2022_1166_1272,0.5067573426441203,1272,1166,Memphis,Creighton,1719.3329125920548,1715.2241151553408,9,9
2022_1272_1274,0.6211416061878454,1272,1274,Memphis,Miami FL,1719.3329125920548,1659.1831151322328,9,10
2022_1235_1272,0.7685374411140633,1272,1235,Memphis,Iowa St,1719.3329125920548,1566.918414604053,9,11
2022_1272_1350,0.6386808353806641,1272,1350,Memphis,Richmond,1719.3329125920548,1677.745402069529,9,12
2022_1272_1355,0.5622978551166867,1272,1355,Memphis,S Dakota St,1719.3329125920548,1741.2571993589054,9,13
2022_1159_1272,0.7026746866426179,1272,1159,Memphis,Colgate,1719.3329125920548,1663.6000644018511,9,14
2022_1240_1272,0.8284906288195028,1272,1240,Memphis,Jacksonville St,1719.3329125920548,1569.9330015732564,9,15
2022_1272_1394,0.9205872654442077,1272,1394,Memphis,TAM C. Christi,1719.3329125920548,1446.871728434155,9,16
2022_1272_1411,0.841128144994211,1272,1411,Memphis,TX Southern,1719.3329125920548,1565.9975930452333,9,16
2022_1112_1272,0.1956144796650298,1272,1112,Memphis,Arizona,1719.3329125920548,1834.2550485377794,9,1
2022_1272_1437,0.20468774650491225,1272,1437,Memphis,Villanova,1719.3329125920548,1825.6389527604601,9,2
2022_1272_1397,0.25298643189336556,1272,1397,Memphis,Tennessee,1719.3329125920548,1793.9138536658204,9,3
2022_1228_1272,0.3424903476790665,1272,1228,Memphis,Illinois,1719.3329125920548,1743.4717413030744,9,4
2022_1222_1272,0.2484870641271659,1272,1222,Memphis,Houston,1719.3329125920548,1827.554349059758,9,5
2022_1161_1272,0.3987507061682103,1272,1161,Memphis,Colorado St,1719.3329125920548,1736.7565025348324,9,6
2022_1272_1326,0.5738421841314828,1272,1326,Memphis,Ohio St,1719.3329125920548,1644.1052080865643,9,7
2022_1272_1371,0.5415626338215048,1272,1371,Memphis,Seton Hall,1719.3329125920548,1679.0038735560877,9,8
2022_1272_1395,0.6399366492895769,1272,1395,Memphis,TCU,1719.3329125920548,1631.9175900729285,9,9
2022_1260_1272,0.5094109446861389,1272,1260,Memphis,Loyola-Chicago,1719.3329125920548,1728.610266867969,9,10
2022_1272_1276,0.6234115643585441,1272,1276,Memphis,Michigan,1719.3329125920548,1672.715156428664,9,11
2022_1272_1412,0.6169307902346979,1272,1412,Memphis,UAB,1719.3329125920548,1691.8971925596084,9,12
2022_1151_1272,0.6393453418163735,1272,1151,Memphis,Chattanooga,1719.3329125920548,1692.3075267872991,9,13
2022_1255_1272,0.7721618520046541,1272,1255,Memphis,Longwood,1719.3329125920548,1608.804247555333,9,14
2022_1174_1272,0.8259902406141915,1272,1174,Memphis,Delaware,1719.3329125920548,1572.5924542652383,9,15
2022_1136_1272,0.8084005531719596,1272,1136,Memphis,Bryant,1719.3329125920548,1600.501589692621,9,16
2022_1272_1460,0.8252558756199375,1272,1460,Memphis,Wright St,1719.3329125920548,1583.367797473222,9,16
2022_1172_1323,0.6163548233158875,1172,1323,Davidson,Notre Dame,1711.4948140059207,1654.4294442487048,10,11
2022_1172_1353,0.6421268476657409,1172,1353,Davidson,Rutgers,1711.4948140059207,1637.632715657693,10,11
2022_1172_1308,0.5717972108636471,1172,1308,Davidson,New Mexico St,1711.4948140059207,1697.5374247173152,10,12
2022_1172_1436,0.5720505939220625,1172,1436,Davidson,Vermont,1711.4948140059207,1712.3801095075978,10,13
2022_1172_1286,0.6913591663909723,1172,1286,Davidson,Montana St,1711.4948140059207,1648.907194296671,10,14
2022_1168_1172,0.8240976483135674,1172,1168,Davidson,CS Fullerton,1711.4948140059207,1551.74735381392,10,15
2022_1172_1209,0.7680563234497161,1172,1209,Davidson,Georgia St,1711.4948140059207,1619.491127745312,10,16
2022_1172_1242,0.1964246347318945,1172,1242,Davidson,Kansas,1711.4948140059207,1825.6355450626606,10,1
2022_1120_1172,0.2803838185169037,1172,1120,Davidson,Auburn,1711.4948140059207,1754.766605041748,10,2
2022_1172_1458,0.3014482987916757,1172,1458,Davidson,Wisconsin,1711.4948140059207,1739.2398150796869,10,3
2022_1172_1344,0.3138765709233495,1172,1344,Davidson,Providence,1711.4948140059207,1740.3699865463689,10,4
2022_1172_1234,0.3077650927175523,1172,1234,Davidson,Iowa,1711.4948140059207,1759.7067615492522,10,5
2022_1172_1261,0.46947586069503916,1172,1261,Davidson,LSU,1711.4948140059207,1670.076972932596,10,6
2022_1172_1425,0.3700688867546742,1172,1425,Davidson,USC,1711.4948140059207,1747.348483989828,10,7
2022_1172_1361,0.3902139092514858,1172,1361,Davidson,San Diego St,1711.4948140059207,1749.3509828117778,10,8
2022_1166_1172,0.46923476441663053,1172,1166,Davidson,Creighton,1711.4948140059207,1715.2241151553408,10,9
2022_1172_1274,0.5851980029611198,1172,1274,Davidson,Miami FL,1711.4948140059207,1659.1831151322328,10,10
2022_1172_1235,0.7407410122807677,1172,1235,Davidson,Iowa St,1711.4948140059207,1566.918414604053,10,11
2022_1172_1350,0.6033386033729993,1172,1350,Davidson,Richmond,1711.4948140059207,1677.745402069529,10,12
2022_1172_1355,0.5250403942002266,1172,1355,Davidson,S Dakota St,1711.4948140059207,1741.2571993589054,10,13
2022_1159_1172,0.6703612854455914,1172,1159,Davidson,Colgate,1711.4948140059207,1663.6000644018511,10,14
2022_1172_1240,0.8060772977096878,1172,1240,Davidson,Jacksonville St,1711.4948140059207,1569.9330015732564,10,15
2022_1172_1394,0.9115734183384112,1172,1394,Davidson,TAM C. Christi,1711.4948140059207,1446.871728434155,10,16
2022_1172_1411,0.8248115297335542,1172,1411,Davidson,TX Southern,1711.4948140059207,1565.9975930452333,10,16
2022_1112_1172,0.18762781888280747,1172,1112,Davidson,Arizona,1711.4948140059207,1834.2550485377794,10,1
2022_1172_1437,0.1964210961574962,1172,1437,Davidson,Villanova,1711.4948140059207,1825.6389527604601,10,2
2022_1172_1397,0.2314572438562291,1172,1397,Davidson,Tennessee,1711.4948140059207,1793.9138536658204,10,3
2022_1172_1228,0.3094987811047117,1172,1228,Davidson,Illinois,1711.4948140059207,1743.4717413030744,10,4
2022_1172_1222,0.2215001987157321,1172,1222,Davidson,Houston,1711.4948140059207,1827.554349059758,10,5
2022_1161_1172,0.3633344225483893,1172,1161,Davidson,Colorado St,1711.4948140059207,1736.7565025348324,10,6
2022_1172_1326,0.5367578308641241,1172,1326,Davidson,Ohio St,1711.4948140059207,1644.1052080865643,10,7
2022_1172_1371,0.5040967671383619,1172,1371,Davidson,Seton Hall,1711.4948140059207,1679.0038735560877,10,8
2022_1172_1395,0.6046412151261832,1172,1395,Davidson,TCU,1711.4948140059207,1631.9175900729285,10,9
2022_1172_1260,0.4718798565288618,1172,1260,Davidson,Loyola-Chicago,1711.4948140059207,1728.610266867969,10,10
2022_1172_1276,0.5875403141672825,1172,1276,Davidson,Michigan,1711.4948140059207,1672.715156428664,10,11
2022_1172_1412,0.5808572690194619,1172,1412,Davidson,UAB,1711.4948140059207,1691.8971925596084,10,12
2022_1151_1172,0.6040278101827273,1172,1151,Davidson,Chattanooga,1711.4948140059207,1692.3075267872991,10,13
2022_1172_1255,0.7446560674673108,1172,1255,Davidson,Longwood,1711.4948140059207,1608.804247555333,10,14
2022_1172_1174,0.8033277194944518,1172,1174,Davidson,Delaware,1711.4948140059207,1572.5924542652383,10,15
2022_1136_1172,0.7895636383454301,1172,1136,Davidson,Bryant,1711.4948140059207,1600.501589692621,10,16
2022_1172_1460,0.8076818486573603,1172,1460,Davidson,Wright St,1711.4948140059207,1583.367797473222,10,16
2022_1323_1353,0.5275975639324992,1323,1353,Notre Dame,Rutgers,1654.4294442487048,1637.632715657693,11,11
2022_1308_1323,0.45390198517489844,1323,1308,Notre Dame,New Mexico St,1654.4294442487048,1697.5374247173152,11,12
2022_1323_1436,0.4541585349979097,1323,1436,Notre Dame,Vermont,1654.4294442487048,1712.3801095075978,11,13
2022_1286_1323,0.5823375064968609,1323,1286,Notre Dame,Montana St,1654.4294442487048,1648.907194296671,11,14
2022_1168_1323,0.7446454645200302,1323,1168,Notre Dame,CS Fullerton,1654.4294442487048,1551.74735381392,11,15
2022_1209_1323,0.6733253219822355,1323,1209,Notre Dame,Georgia St,1654.4294442487048,1619.491127745312,11,16
2022_1242_1323,0.14378349092086468,1323,1242,Notre Dame,Kansas,1654.4294442487048,1825.6355450626606,11,1
2022_1120_1323,0.21115439382114118,1323,1120,Notre Dame,Auburn,1654.4294442487048,1754.766605041748,11,2
2022_1323_1458,0.22867056873250435,1323,1458,Notre Dame,Wisconsin,1654.4294442487048,1739.2398150796869,11,3
2022_1323_1344,0.2273617939930309,1323,1344,Notre Dame,Providence,1654.4294442487048,1740.3699865463689,11,4
2022_1234_1323,0.2167523865525714,1323,1234,Notre Dame,Iowa,1654.4294442487048,1759.7067615492522,11,5
2022_1261_1323,0.3551784481362436,1323,1261,Notre Dame,LSU,1654.4294442487048,1670.076972932596,11,6
2022_1323_1425,0.2677582880335469,1323,1425,Notre Dame,USC,1654.4294442487048,1747.348483989828,11,7
2022_1323_1361,0.28485238973769,1323,1361,Notre Dame,San Diego St,1654.4294442487048,1749.3509828117778,11,8
2022_1166_1323,0.35495677646636564,1323,1166,Notre Dame,Creighton,1654.4294442487048,1715.2241151553408,11,9
2022_1274_1323,0.4675567126444764,1323,1274,Notre Dame,Miami FL,1654.4294442487048,1659.1831151322328,11,10
2022_1235_1323,0.640081716593791,1323,1235,Notre Dame,Iowa St,1654.4294442487048,1566.918414604053,11,11
2022_1323_1350,0.48632612434531275,1323,1350,Notre Dame,Richmond,1654.4294442487048,1677.745402069529,11,12
2022_1323_1355,0.407608817941495,1323,1355,Notre Dame,S Dakota St,1654.4294442487048,1741.2571993589054,11,13
2022_1159_1323,0.5586573716376948,1323,1159,Notre Dame,Colgate,1654.4294442487048,1663.6000644018511,11,14
2022_1240_1323,0.7212389029261066,1323,1240,Notre Dame,Jacksonville St,1654.4294442487048,1569.9330015732564,11,15
2022_1323_1394,0.865168077424176,1323,1394,Notre Dame,TAM C. Christi,1654.4294442487048,1446.871728434155,11,16
2022_1323_1411,0.7455822471828446,1323,1411,Notre Dame,TX Southern,1654.4294442487048,1565.9975930452333,11,16
2022_1112_1323,0.13694243261491276,1323,1112,Notre Dame,Arizona,1654.4294442487048,1834.2550485377794,11,1
2022_1323_1437,0.1437807309921117,1323,1437,Notre Dame,Villanova,1654.4294442487048,1825.6389527604601,11,2
2022_1323_1397,0.17143039570182717,1323,1397,Notre Dame,Tennessee,1654.4294442487048,1793.9138536658204,11,3
2022_1228_1323,0.2237970830785612,1323,1228,Notre Dame,Illinois,1654.4294442487048,1743.4717413030744,11,4
2022_1222_1323,0.15045332856356947,1323,1222,Notre Dame,Houston,1654.4294442487048,1827.554349059758,11,5
2022_1161_1323,0.2621109590433114,1323,1161,Notre Dame,Colorado St,1654.4294442487048,1736.7565025348324,11,6
2022_1323_1326,0.4190175761407241,1323,1326,Notre Dame,Ohio St,1654.4294442487048,1644.1052080865643,11,7
2022_1323_1371,0.3875274908622514,1323,1371,Notre Dame,Seton Hall,1654.4294442487048,1679.0038735560877,11,8
2022_1323_1395,0.48768670943590614,1323,1395,Notre Dame,TCU,1654.4294442487048,1631.9175900729285,11,9
2022_1260_1323,0.3573914451075697,1323,1260,Notre Dame,Loyola-Chicago,1654.4294442487048,1728.610266867969,11,10
2022_1276_1323,0.4699616393924825,1323,1276,Notre Dame,Michigan,1654.4294442487048,1672.715156428664,11,11
2022_1323_1412,0.4631143450773893,1323,1412,Notre Dame,UAB,1654.4294442487048,1691.8971925596084,11,12
2022_1151_1323,0.48704578864649234,1323,1151,Notre Dame,Chattanooga,1654.4294442487048,1692.3075267872991,11,13
2022_1255_1323,0.6447879029949612,1323,1255,Notre Dame,Longwood,1654.4294442487048,1608.804247555333,11,14
2022_1174_1323,0.7177076857116639,1323,1174,Notre Dame,Delaware,1654.4294442487048,1572.5924542652383,11,15
2022_1136_1323,0.7001878292838253,1323,1136,Notre Dame,Bryant,1654.4294442487048,1600.501589692621,11,16
2022_1323_1460,0.7233044630648139,1323,1460,Notre Dame,Wright St,1654.4294442487048,1583.367797473222,11,16
2022_1308_1353,0.42667754248515627,1353,1308,Rutgers,New Mexico St,1637.632715657693,1697.5374247173152,11,12
2022_1353_1436,0.4269307345063076,1353,1436,Rutgers,Vermont,1637.632715657693,1712.3801095075978,11,13
2022_1286_1353,0.5552420518480643,1353,1286,Rutgers,Montana St,1637.632715657693,1648.907194296671,11,14
2022_1168_1353,0.7230722970894128,1353,1168,Rutgers,CS Fullerton,1637.632715657693,1551.74735381392,11,15
2022_1209_1353,0.6485704192643514,1353,1209,Rutgers,Georgia St,1637.632715657693,1619.491127745312,11,16
2022_1242_1353,0.13070755171836587,1353,1242,Rutgers,Kansas,1637.632715657693,1825.6355450626606,11,1
2022_1120_1353,0.19333506827086258,1353,1120,Rutgers,Auburn,1637.632715657693,1754.766605041748,11,2
2022_1353_1458,0.20976612615701676,1353,1458,Rutgers,Wisconsin,1637.632715657693,1739.2398150796869,11,3
2022_1344_1353,0.20853629692054487,1353,1344,Rutgers,Providence,1637.632715657693,1740.3699865463689,11,4
2022_1234_1353,0.1985795692754882,1353,1234,Rutgers,Iowa,1637.632715657693,1759.7067615492522,11,5
2022_1261_1353,0.3302939557507646,1353,1261,Rutgers,LSU,1637.632715657693,1670.076972932596,11,6
2022_1353_1425,0.2466557664526257,1353,1425,Rutgers,USC,1637.632715657693,1747.348483989828,11,7
2022_1353_1361,0.26288632298971165,1353,1361,Rutgers,San Diego St,1637.632715657693,1749.3509828117778,11,8
2022_1166_1353,0.33007986474226625,1353,1166,Rutgers,Creighton,1637.632715657693,1715.2241151553408,11,9
2022_1274_1353,0.44017341301393115,1353,1274,Rutgers,Miami FL,1637.632715657693,1659.1831151322328,11,10
2022_1235_1353,0.6142508891682525,1353,1235,Rutgers,Iowa St,1637.632715657693,1566.918414604053,11,11
2022_1350_1353,0.458790764214257,1353,1350,Rutgers,Richmond,1637.632715657693,1677.745402069529,11,12
2022_1353_1355,0.3812226741952225,1353,1355,Rutgers,S Dakota St,1637.632715657693,1741.2571993589054,11,13
2022_1159_1353,0.531262237012814,1353,1159,Rutgers,Colgate,1637.632715657693,1663.6000644018511,11,14
2022_1240_1353,0.698488959234887,1353,1240,Rutgers,Jacksonville St,1637.632715657693,1569.9330015732564,11,15
2022_1353_1394,0.8517499029322695,1353,1394,Rutgers,TAM C. Christi,1637.632715657693,1446.871728434155,11,16
2022_1353_1411,0.7240588945792525,1353,1411,Rutgers,TX Southern,1637.632715657693,1565.9975930452333,11,16
2022_1112_1353,0.12439824256805841,1353,1112,Rutgers,Arizona,1637.632715657693,1834.2550485377794,11,1
2022_1353_1437,0.13070500446755334,1353,1437,Rutgers,Villanova,1637.632715657693,1825.6389527604601,11,2
2022_1353_1397,0.15629916444040992,1353,1397,Rutgers,Tennessee,1637.632715657693,1793.9138536658204,11,3
2022_1228_1353,0.2051883587048495,1353,1228,Rutgers,Illinois,1637.632715657693,1743.4717413030744,11,4
2022_1222_1353,0.13686778279744363,1353,1222,Rutgers,Houston,1637.632715657693,1827.554349059758,11,5
2022_1161_1353,0.2413068409780275,1353,1161,Rutgers,Colorado St,1637.632715657693,1736.7565025348324,11,6
2022_1326_1353,0.3923820809422861,1353,1326,Rutgers,Ohio St,1637.632715657693,1644.1052080865643,11,7
2022_1353_1371,0.36164769107956307,1353,1371,Rutgers,Seton Hall,1637.632715657693,1679.0038735560877,11,8
2022_1353_1395,0.4601433213831081,1353,1395,Rutgers,TCU,1637.632715657693,1631.9175900729285,11,9
2022_1260_1353,0.3324318388448665,1353,1260,Rutgers,Loyola-Chicago,1637.632715657693,1728.610266867969,11,10
2022_1276_1353,0.4425545612208999,1353,1276,Rutgers,Michigan,1637.632715657693,1672.715156428664,11,11
2022_1353_1412,0.43577828022750154,1353,1412,Rutgers,UAB,1637.632715657693,1691.8971925596084,11,12
2022_1151_1353,0.4595061317030588,1353,1151,Rutgers,Chattanooga,1637.632715657693,1692.3075267872991,11,13
2022_1255_1353,0.6190938365309788,1353,1255,Rutgers,Longwood,1637.632715657693,1608.804247555333,11,14
2022_1174_1353,0.6947915085283635,1353,1174,Rutgers,Delaware,1637.632715657693,1572.5924542652383,11,15
2022_1136_1353,0.676490490881884,1353,1136,Rutgers,Bryant,1637.632715657693,1600.501589692621,11,16
2022_1353_1460,0.7006531264724353,1353,1460,Rutgers,Wright St,1637.632715657693,1583.367797473222,11,16
2022_1308_1436,0.500258736874617,1308,1436,New Mexico St,Vermont,1697.5374247173152,1712.3801095075978,12,13
2022_1286_1308,0.6265147263694425,1308,1286,New Mexico St,Montana St,1697.5374247173152,1648.907194296671,12,14
2022_1168_1308,0.77819396034357,1308,1168,New Mexico St,CS Fullerton,1697.5374247173152,1551.74735381392,12,15
2022_1209_1308,0.7126277923158559,1308,1209,New Mexico St,Georgia St,1697.5374247173152,1619.491127745312,12,16
2022_1242_1308,0.1823337818734606,1308,1242,New Mexico St,Kansas,1697.5374247173152,1825.6355450626606,12,1
2022_1120_1308,0.2622355181017896,1308,1120,New Mexico St,Auburn,1697.5374247173152,1754.766605041748,12,2
2022_1308_1458,0.2824717553526253,1308,1458,New Mexico St,Wisconsin,1697.5374247173152,1739.2398150796869,12,3
2022_1308_1344,0.2809672207837361,1308,1344,New Mexico St,Providence,1697.5374247173152,1740.3699865463689,12,4
2022_1234_1308,0.2559964949849928,1308,1234,New Mexico St,Iowa,1697.5374247173152,1759.7067615492522,12,5
2022_1261_1308,0.39856782378985056,1308,1261,New Mexico St,LSU,1697.5374247173152,1670.076972932596,12,6
2022_1308_1425,0.3055283403905408,1308,1425,New Mexico St,USC,1697.5374247173152,1747.348483989828,12,7
2022_1308_1361,0.32396690574350406,1308,1361,New Mexico St,San Diego St,1697.5374247173152,1749.3509828117778,12,8
2022_1166_1308,0.3983358007158809,1308,1166,New Mexico St,Creighton,1697.5374247173152,1715.2241151553408,12,9
2022_1274_1308,0.5137369055476194,1308,1274,New Mexico St,Miami FL,1697.5374247173152,1659.1831151322328,12,10
2022_1235_1308,0.6814918060199957,1308,1235,New Mexico St,Iowa St,1697.5374247173152,1566.918414604053,12,11
2022_1308_1350,0.5325060985549749,1308,1350,New Mexico St,Richmond,1697.5374247173152,1677.745402069529,12,12
2022_1308_1355,0.4529045044705415,1308,1355,New Mexico St,S Dakota St,1697.5374247173152,1741.2571993589054,12,13
2022_1159_1308,0.6036344807330688,1308,1159,New Mexico St,Colgate,1697.5374247173152,1663.6000644018511,12,14
2022_1240_1308,0.7568584549339444,1308,1240,New Mexico St,Jacksonville St,1697.5374247173152,1569.9330015732564,12,15
2022_1308_1394,0.885320861240422,1308,1394,New Mexico St,TAM C. Christi,1697.5374247173152,1446.871728434155,12,16
2022_1308_1411,0.7790441878858171,1308,1411,New Mexico St,TX Southern,1697.5374247173152,1565.9975930452333,12,16
2022_1112_1308,0.1740313521907644,1308,1112,New Mexico St,Arizona,1697.5374247173152,1834.2550485377794,12,1
2022_1308_1437,0.18233043954735936,1308,1437,New Mexico St,Villanova,1697.5374247173152,1825.6389527604601,12,2
2022_1308_1397,0.21552731358635993,1308,1397,New Mexico St,Tennessee,1697.5374247173152,1793.9138536658204,12,3
2022_1228_1308,0.27686321781729,1308,1228,New Mexico St,Illinois,1697.5374247173152,1743.4717413030744,12,4
2022_1222_1308,0.18045931550847877,1308,1222,New Mexico St,Houston,1697.5374247173152,1827.554349059758,12,5
2022_1161_1308,0.299410129246818,1308,1161,New Mexico St,Colorado St,1697.5374247173152,1736.7565025348324,12,6
2022_1308_1326,0.4645867825328368,1308,1326,New Mexico St,Ohio St,1697.5374247173152,1644.1052080865643,12,7
2022_1308_1371,0.4322198097754734,1308,1371,New Mexico St,Seton Hall,1697.5374247173152,1679.0038735560877,12,8
2022_1308_1395,0.5338616061235791,1308,1395,New Mexico St,TCU,1697.5374247173152,1631.9175900729285,12,9
2022_1260_1308,0.40088309313730464,1308,1260,New Mexico St,Loyola-Chicago,1697.5374247173152,1728.610266867969,12,10
2022_1276_1308,0.5161491014285473,1308,1276,New Mexico St,Michigan,1697.5374247173152,1672.715156428664,12,11
2022_1308_1412,0.5092754461246152,1308,1412,New Mexico St,UAB,1697.5374247173152,1691.8971925596084,12,12
2022_1151_1308,0.5332231621009406,1308,1151,New Mexico St,Chattanooga,1697.5374247173152,1692.3075267872991,12,13
2022_1255_1308,0.6859222149406464,1308,1255,New Mexico St,Longwood,1697.5374247173152,1608.804247555333,12,14
2022_1174_1308,0.7536243154574797,1308,1174,New Mexico St,Delaware,1697.5374247173152,1572.5924542652383,12,15
2022_1136_1308,0.7375183194366917,1308,1136,New Mexico St,Bryant,1697.5374247173152,1600.501589692621,12,16
2022_1308_1460,0.7587483664669845,1308,1460,New Mexico St,Wright St,1697.5374247173152,1583.367797473222,12,16
2022_1286_1436,0.6262725231264873,1436,1286,Vermont,Montana St,1712.3801095075978,1648.907194296671,13,14
2022_1168_1436,0.7780152685528662,1436,1168,Vermont,CS Fullerton,1712.3801095075978,1551.74735381392,13,15
2022_1209_1436,0.7124157993650394,1436,1209,Vermont,Georgia St,1712.3801095075978,1619.491127745312,13,16
2022_1242_1436,0.19734556296735084,1436,1242,Vermont,Kansas,1712.3801095075978,1825.6355450626606,13,1
2022_1120_1436,0.28156046064952356,1436,1120,Vermont,Auburn,1712.3801095075978,1754.766605041748,13,2
2022_1436_1458,0.30267615801005315,1436,1458,Vermont,Wisconsin,1712.3801095075978,1739.2398150796869,13,3
2022_1344_1436,0.3011091687921796,1436,1344,Vermont,Providence,1712.3801095075978,1740.3699865463689,13,4
2022_1234_1436,0.2750330645719734,1436,1234,Vermont,Iowa,1712.3801095075978,1759.7067615492522,13,5
2022_1261_1436,0.40622893209374566,1436,1261,Vermont,LSU,1712.3801095075978,1670.076972932596,13,6
2022_1425_1436,0.30530878861840827,1436,1425,Vermont,USC,1712.3801095075978,1747.348483989828,13,7
2022_1361_1436,0.3237402807476984,1436,1361,Vermont,San Diego St,1712.3801095075978,1749.3509828117778,13,8
2022_1166_1436,0.3980877867496867,1436,1166,Vermont,Creighton,1712.3801095075978,1715.2241151553408,13,9
2022_1274_1436,0.5134783602945278,1436,1274,Vermont,Miami FL,1712.3801095075978,1659.1831151322328,13,10
2022_1235_1436,0.6812671173620369,1436,1235,Vermont,Iowa St,1712.3801095075978,1566.918414604053,13,11
2022_1350_1436,0.5322484465859965,1436,1350,Vermont,Richmond,1712.3801095075978,1677.745402069529,13,12
2022_1355_1436,0.45264807559336906,1436,1355,Vermont,S Dakota St,1712.3801095075978,1741.2571993589054,13,13
2022_1159_1436,0.6033868327420785,1436,1159,Vermont,Colgate,1712.3801095075978,1663.6000644018511,13,14
2022_1240_1436,0.7566679493876042,1436,1240,Vermont,Jacksonville St,1712.3801095075978,1569.9330015732564,13,15
2022_1394_1436,0.8852157433430731,1436,1394,Vermont,TAM C. Christi,1712.3801095075978,1446.871728434155,13,16
2022_1411_1436,0.7788659864160977,1436,1411,Vermont,TX Southern,1712.3801095075978,1565.9975930452333,13,16
2022_1112_1436,0.18851717927412762,1436,1112,Vermont,Arizona,1712.3801095075978,1834.2550485377794,13,1
2022_1436_1437,0.1973420118767847,1436,1437,Vermont,Villanova,1712.3801095075978,1825.6389527604601,13,2
2022_1397_1436,0.23249489954446204,1436,1397,Vermont,Tennessee,1712.3801095075978,1793.9138536658204,13,3
2022_1228_1436,0.2968324137014241,1436,1228,Vermont,Illinois,1712.3801095075978,1743.4717413030744,13,4
2022_1222_1436,0.19535364058848081,1436,1222,Vermont,Houston,1712.3801095075978,1827.554349059758,13,5
2022_1161_1436,0.3061354273087911,1436,1161,Vermont,Colorado St,1712.3801095075978,1736.7565025348324,13,6
2022_1326_1436,0.4643293530167113,1436,1326,Vermont,Ohio St,1712.3801095075978,1644.1052080865643,13,7
2022_1371_1436,0.43196584542456934,1436,1371,Vermont,Seton Hall,1712.3801095075978,1679.0038735560877,13,8
2022_1395_1436,0.5336040469022667,1436,1395,Vermont,TCU,1712.3801095075978,1631.9175900729285,13,9
2022_1260_1436,0.4006345492496026,1436,1260,Vermont,Loyola-Chicago,1712.3801095075978,1728.610266867969,13,10
2022_1276_1436,0.5158906301415344,1436,1276,Vermont,Michigan,1712.3801095075978,1672.715156428664,13,11
2022_1412_1436,0.5090167958076292,1436,1412,Vermont,UAB,1712.3801095075978,1691.8971925596084,13,12
2022_1151_1436,0.5329655587216275,1436,1151,Vermont,Chattanooga,1712.3801095075978,1692.3075267872991,13,13
2022_1255_1436,0.685699210258163,1436,1255,Vermont,Longwood,1712.3801095075978,1608.804247555333,13,14
2022_1174_1436,0.7534321014304994,1436,1174,Vermont,Delaware,1712.3801095075978,1572.5924542652383,13,15
2022_1136_1436,0.7373179198135608,1436,1136,Vermont,Bryant,1712.3801095075978,1600.501589692621,13,16
2022_1436_1460,0.7585588693239773,1436,1460,Vermont,Wright St,1712.3801095075978,1583.367797473222,13,16
2022_1168_1286,0.6765318321159528,1286,1168,Montana St,CS Fullerton,1648.907194296671,1551.74735381392,14,15
2022_1209_1286,0.5964962764075875,1286,1209,Montana St,Georgia St,1648.907194296671,1619.491127745312,14,16
2022_1242_1286,0.13936855001009704,1286,1242,Montana St,Kansas,1648.907194296671,1825.6355450626606,14,1
2022_1120_1286,0.2051664881273912,1286,1120,Montana St,Auburn,1648.907194296671,1754.766605041748,14,2
2022_1286_1458,0.22232593513185156,1286,1458,Montana St,Wisconsin,1648.907194296671,1739.2398150796869,14,3
2022_1286_1344,0.22104306696899795,1286,1344,Montana St,Providence,1648.907194296671,1740.3699865463689,14,4
2022_1234_1286,0.1999173089283055,1286,1234,Montana St,Iowa,1648.907194296671,1759.7067615492522,14,5
2022_1261_1286,0.31063474124002366,1286,1261,Montana St,LSU,1648.907194296671,1670.076972932596,14,6
2022_1286_1425,0.21323941452017925,1286,1425,Montana St,USC,1648.907194296671,1747.348483989828,14,7
2022_1286_1361,0.2221995121796481,1286,1361,Montana St,San Diego St,1648.907194296671,1749.3509828117778,14,8
2022_1166_1286,0.28298602525159144,1286,1166,Montana St,Creighton,1648.907194296671,1715.2241151553408,14,9
2022_1274_1286,0.38643269523242235,1286,1274,Montana St,Miami FL,1648.907194296671,1659.1831151322328,14,10
2022_1235_1286,0.560537146880875,1286,1235,Montana St,Iowa St,1648.907194296671,1566.918414604053,14,11
2022_1286_1350,0.40441906575448466,1286,1350,Montana St,Richmond,1648.907194296671,1677.745402069529,14,12
2022_1286_1355,0.3304311290969064,1286,1355,Montana St,S Dakota St,1648.907194296671,1741.2571993589054,14,13
2022_1159_1286,0.4758533812770843,1286,1159,Montana St,Colgate,1648.907194296671,1663.6000644018511,14,14
2022_1240_1286,0.649817882170848,1286,1240,Montana St,Jacksonville St,1648.907194296671,1569.9330015732564,14,15
2022_1286_1394,0.8214963286014308,1286,1394,Montana St,TAM C. Christi,1648.907194296671,1446.871728434155,14,16
2022_1286_1411,0.677610310050581,1286,1411,Montana St,TX Southern,1648.907194296671,1565.9975930452333,14,16
2022_1112_1286,0.1327049927901419,1286,1112,Montana St,Arizona,1648.907194296671,1834.2550485377794,14,1
2022_1286_1437,0.13936586103239415,1286,1437,Montana St,Villanova,1648.907194296671,1825.6389527604601,14,2
2022_1286_1397,0.16633145569620505,1286,1397,Montana St,Tennessee,1648.907194296671,1793.9138536658204,14,3
2022_1228_1286,0.2175495302570979,1286,1228,Montana St,Illinois,1648.907194296671,1743.4717413030744,14,4
2022_1222_1286,0.13786131174982785,1286,1222,Montana St,Houston,1648.907194296671,1827.554349059758,14,5
2022_1161_1286,0.225163407859531,1286,1161,Montana St,Colorado St,1648.907194296671,1736.7565025348324,14,6
2022_1286_1326,0.3483522264675667,1286,1326,Montana St,Ohio St,1648.907194296671,1644.1052080865643,14,7
2022_1286_1371,0.3121485331537365,1286,1371,Montana St,Seton Hall,1648.907194296671,1679.0038735560877,14,8
2022_1286_1395,0.40573149777959294,1286,1395,Montana St,TCU,1648.907194296671,1631.9175900729285,14,9
2022_1260_1286,0.28514526405058227,1286,1260,Montana St,Loyola-Chicago,1648.907194296671,1728.610266867969,14,10
2022_1276_1286,0.3887249915591948,1286,1276,Montana St,Michigan,1648.907194296671,1672.715156428664,14,11
2022_1286_1412,0.3822078124009875,1286,1412,Montana St,UAB,1648.907194296671,1691.8971925596084,14,12
2022_1151_1286,0.40511311418672735,1286,1151,Montana St,Chattanooga,1648.907194296671,1692.3075267872991,14,13
2022_1255_1286,0.5655775195104128,1286,1255,Montana St,Longwood,1648.907194296671,1608.804247555333,14,14
2022_1174_1286,0.6458262151523371,1286,1174,Montana St,Delaware,1648.907194296671,1572.5924542652383,14,15
2022_1136_1286,0.6261688720503951,1286,1136,Montana St,Bryant,1648.907194296671,1600.501589692621,14,16
2022_1286_1460,0.6521574246870802,1286,1460,Montana St,Wright St,1648.907194296671,1583.367797473222,14,16
2022_1168_1209,0.4141121623039811,1168,1209,CS Fullerton,Georgia St,1551.74735381392,1619.491127745312,15,16
2022_1168_1242,0.07872911530174585,1168,1242,CS Fullerton,Kansas,1551.74735381392,1825.6355450626606,15,1
2022_1120_1168,0.1198862842484986,1168,1120,CS Fullerton,Auburn,1551.74735381392,1754.766605041748,15,2
2022_1168_1458,0.13108952783740027,1168,1458,CS Fullerton,Wisconsin,1551.74735381392,1739.2398150796869,15,3
2022_1168_1344,0.13024494273931694,1168,1344,CS Fullerton,Providence,1551.74735381392,1740.3699865463689,15,4
2022_1168_1234,0.11649919571475169,1168,1234,CS Fullerton,Iowa,1551.74735381392,1759.7067615492522,15,5
2022_1168_1261,0.19211119673813684,1168,1261,CS Fullerton,LSU,1551.74735381392,1670.076972932596,15,6
2022_1168_1425,0.12513187094043335,1168,1425,CS Fullerton,USC,1551.74735381392,1747.348483989828,15,7
2022_1168_1361,0.12369676257553434,1168,1361,CS Fullerton,San Diego St,1551.74735381392,1749.3509828117778,15,8
2022_1166_1168,0.15874754769592792,1168,1166,CS Fullerton,Creighton,1551.74735381392,1715.2241151553408,15,9
2022_1168_1274,0.2314376755618785,1168,1274,CS Fullerton,Miami FL,1551.74735381392,1659.1831151322328,15,10
2022_1168_1235,0.3788254753828907,1168,1235,CS Fullerton,Iowa St,1551.74735381392,1566.918414604053,15,11
2022_1168_1350,0.2450915909408511,1168,1350,CS Fullerton,Richmond,1551.74735381392,1677.745402069529,15,12
2022_1168_1355,0.19090899297339625,1168,1355,CS Fullerton,S Dakota St,1551.74735381392,1741.2571993589054,15,13
2022_1159_1168,0.3026858709577505,1168,1159,CS Fullerton,Colgate,1551.74735381392,1663.6000644018511,15,14
2022_1168_1240,0.470125624955008,1168,1240,CS Fullerton,Jacksonville St,1551.74735381392,1569.9330015732564,15,15
2022_1168_1394,0.6875391320751518,1168,1394,CS Fullerton,TAM C. Christi,1551.74735381392,1446.871728434155,15,16
2022_1168_1411,0.5012331317636127,1168,1411,CS Fullerton,TX Southern,1551.74735381392,1565.9975930452333,15,16
2022_1112_1168,0.07471318424350601,1168,1112,CS Fullerton,Arizona,1551.74735381392,1834.2550485377794,15,1
2022_1168_1437,0.07872748927631379,1168,1437,CS Fullerton,Villanova,1551.74735381392,1825.6389527604601,15,2
2022_1168_1397,0.09525893699310523,1168,1397,CS Fullerton,Tennessee,1551.74735381392,1793.9138536658204,15,3
2022_1168_1228,0.1279507312550348,1168,1228,CS Fullerton,Illinois,1551.74735381392,1743.4717413030744,15,4
2022_1168_1222,0.07781838072183045,1168,1222,CS Fullerton,Houston,1551.74735381392,1827.554349059758,15,5
2022_1161_1168,0.13296166534663983,1168,1161,CS Fullerton,Colorado St,1551.74735381392,1736.7565025348324,15,6
2022_1168_1326,0.22003084194395456,1168,1326,CS Fullerton,Ohio St,1551.74735381392,1644.1052080865643,15,7
2022_1168_1371,0.18316069576997432,1168,1371,CS Fullerton,Seton Hall,1551.74735381392,1679.0038735560877,15,8
2022_1168_1395,0.2461006214127085,1168,1395,CS Fullerton,TCU,1551.74735381392,1631.9175900729285,15,9
2022_1168_1260,0.1601705840489223,1168,1260,CS Fullerton,Loyola-Chicago,1551.74735381392,1728.610266867969,15,10
2022_1168_1276,0.2331599371165287,1168,1276,CS Fullerton,Michigan,1551.74735381392,1672.715156428664,15,11
2022_1168_1412,0.2282768978567599,1168,1412,CS Fullerton,UAB,1551.74735381392,1691.8971925596084,15,12
2022_1151_1168,0.24562497431458558,1168,1151,CS Fullerton,Chattanooga,1551.74735381392,1692.3075267872991,15,13
2022_1168_1255,0.38365836237107825,1168,1255,CS Fullerton,Longwood,1551.74735381392,1608.804247555333,15,14
2022_1168_1174,0.46576961621080704,1168,1174,CS Fullerton,Delaware,1551.74735381392,1572.5924542652383,15,15
2022_1136_1168,0.4447112982532201,1168,1136,CS Fullerton,Bryant,1551.74735381392,1600.501589692621,15,16
2022_1168_1460,0.47269149846328884,1168,1460,CS Fullerton,Wright St,1551.74735381392,1583.367797473222,15,16
2022_1209_1242,0.11773383461392374,1209,1242,Georgia St,Kansas,1619.491127745312,1825.6355450626606,16,1
2022_1120_1209,0.1753993645776216,1209,1120,Georgia St,Auburn,1619.491127745312,1754.766605041748,16,2
2022_1209_1458,0.19066640416678782,1209,1458,Georgia St,Wisconsin,1619.491127745312,1739.2398150796869,16,3
2022_1209_1344,0.18952169800336494,1209,1344,Georgia St,Providence,1619.491127745312,1740.3699865463689,16,4
2022_1209_1234,0.1707481695075198,1209,1234,Georgia St,Iowa,1619.491127745312,1759.7067615492522,16,5
2022_1209_1261,0.2707785066508333,1209,1261,Georgia St,LSU,1619.491127745312,1670.076972932596,16,6
2022_1209_1425,0.1825700477802385,1209,1425,Georgia St,USC,1619.491127745312,1747.348483989828,16,7
2022_1209_1361,0.18061218896848738,1209,1361,Georgia St,San Diego St,1619.491127745312,1749.3509828117778,16,8
2022_1166_1209,0.2162438850728214,1209,1166,Georgia St,Creighton,1619.491127745312,1715.2241151553408,16,9
2022_1209_1274,0.2987579232427386,1209,1274,Georgia St,Miami FL,1619.491127745312,1659.1831151322328,16,10
2022_1209_1235,0.4631805306613845,1209,1235,Georgia St,Iowa St,1619.491127745312,1566.918414604053,16,11
2022_1209_1350,0.3147569280992356,1209,1350,Georgia St,Richmond,1619.491127745312,1677.745402069529,16,12
2022_1209_1355,0.2502793345820241,1209,1355,Georgia St,S Dakota St,1619.491127745312,1741.2571993589054,16,13
2022_1159_1209,0.3804711419372449,1209,1159,Georgia St,Colgate,1619.491127745312,1663.6000644018511,16,14
2022_1209_1240,0.5565943116852505,1209,1240,Georgia St,Jacksonville St,1619.491127745312,1569.9330015732564,16,15
2022_1209_1394,0.7568765854919028,1209,1394,Georgia St,TAM C. Christi,1619.491127745312,1446.871728434155,16,16
2022_1209_1411,0.5870840768057619,1209,1411,Georgia St,TX Southern,1619.491127745312,1565.9975930452333,16,16
2022_1112_1209,0.11197010794066048,1209,1112,Georgia St,Arizona,1619.491127745312,1834.2550485377794,16,1
2022_1209_1437,0.11773150595485207,1209,1437,Georgia St,Villanova,1619.491127745312,1825.6389527604601,16,2
2022_1209_1397,0.1411978801523491,1209,1397,Georgia St,Tennessee,1619.491127745312,1793.9138536658204,16,3
2022_1209_1228,0.1864071313459779,1209,1228,Georgia St,Illinois,1619.491127745312,1743.4717413030744,16,4
2022_1209_1222,0.11642891795118437,1209,1222,Georgia St,Houston,1619.491127745312,1827.554349059758,16,5
2022_1161_1209,0.19320019875758598,1209,1161,Georgia St,Colorado St,1619.491127745312,1736.7565025348324,16,6
2022_1209_1326,0.30580337215225467,1209,1326,Georgia St,Ohio St,1619.491127745312,1644.1052080865643,16,7
2022_1209_1371,0.25933941706661223,1209,1371,Georgia St,Seton Hall,1619.491127745312,1679.0038735560877,16,8
2022_1209_1395,0.32308443537821147,1209,1395,Georgia St,TCU,1619.491127745312,1631.9175900729285,16,9
2022_1209_1260,0.21249221734965554,1209,1260,Georgia St,Loyola-Chicago,1619.491127745312,1728.610266867969,16,10
2022_1209_1276,0.3007850941461218,1209,1276,Georgia St,Michigan,1619.491127745312,1672.715156428664,16,11
2022_1209_1412,0.2950306773600592,1209,1412,Georgia St,UAB,1619.491127745312,1691.8971925596084,16,12
2022_1151_1209,0.3153785832550143,1209,1151,Georgia St,Chattanooga,1619.491127745312,1692.3075267872991,16,13
2022_1209_1255,0.4682783052856845,1209,1255,Georgia St,Longwood,1619.491127745312,1608.804247555333,16,14
2022_1174_1209,0.5522721691054249,1209,1174,Georgia St,Delaware,1619.491127745312,1572.5924542652383,16,15
2022_1136_1209,0.531191605148002,1209,1136,Georgia St,Bryant,1619.491127745312,1600.501589692621,16,16
2022_1209_1460,0.5591341249856935,1209,1460,Georgia St,Wright St,1619.491127745312,1583.367797473222,16,16
2022_1120_1242,0.6375892042424408,1242,1120,Kansas,Auburn,1825.6355450626606,1754.766605041748,1,2
2022_1242_1458,0.682599933649553,1242,1458,Kansas,Wisconsin,1825.6355450626606,1739.2398150796869,1,3
2022_1242_1344,0.7020320131934711,1242,1344,Kansas,Providence,1825.6355450626606,1740.3699865463689,1,4
2022_1234_1242,0.6960296536332599,1242,1234,Kansas,Iowa,1825.6355450626606,1759.7067615492522,1,5
2022_1242_1261,0.820067089186533,1242,1261,Kansas,LSU,1825.6355450626606,1670.076972932596,1,6
2022_1242_1425,0.751593549308446,1242,1425,Kansas,USC,1825.6355450626606,1747.348483989828,1,7
2022_1242_1361,0.7612860940323958,1242,1361,Kansas,San Diego St,1825.6355450626606,1749.3509828117778,1,8
2022_1166_1242,0.7996739474206629,1242,1166,Kansas,Creighton,1825.6355450626606,1715.2241151553408,1,9
2022_1242_1274,0.8523233797037585,1242,1274,Kansas,Miami FL,1825.6355450626606,1659.1831151322328,1,10
2022_1235_1242,0.9137205613432604,1242,1235,Kansas,Iowa St,1825.6355450626606,1566.918414604053,1,11
2022_1242_1350,0.8362823886540269,1242,1350,Kansas,Richmond,1825.6355450626606,1677.745402069529,1,12
2022_1242_1355,0.7708277341797682,1242,1355,Kansas,S Dakota St,1825.6355450626606,1741.2571993589054,1,13
2022_1159_1242,0.848628294010026,1242,1159,Kansas,Colgate,1825.6355450626606,1663.6000644018511,1,14
2022_1240_1242,0.9121441848983942,1242,1240,Kansas,Jacksonville St,1825.6355450626606,1569.9330015732564,1,15
2022_1242_1394,0.9588968348369972,1242,1394,Kansas,TAM C. Christi,1825.6355450626606,1446.871728434155,1,16
2022_1242_1411,0.914196943409236,1242,1411,Kansas,TX Southern,1825.6355450626606,1565.9975930452333,1,16
2022_1112_1242,0.4858272688744557,1242,1112,Kansas,Arizona,1825.6355450626606,1834.2550485377794,1,1
2022_1242_1437,0.5246449624860493,1242,1437,Kansas,Villanova,1825.6355450626606,1825.6389527604601,1,2
2022_1242_1397,0.6001417004429969,1242,1397,Kansas,Tennessee,1825.6355450626606,1793.9138536658204,1,3
2022_1228_1242,0.6977459296414963,1242,1228,Kansas,Illinois,1825.6355450626606,1743.4717413030744,1,4
2022_1222_1242,0.5943808034863458,1242,1222,Kansas,Houston,1825.6355450626606,1827.554349059758,1,5
2022_1161_1242,0.7461399078413548,1242,1161,Kansas,Colorado St,1825.6355450626606,1736.7565025348324,1,6
2022_1242_1326,0.8564789138224773,1242,1326,Kansas,Ohio St,1825.6355450626606,1644.1052080865643,1,7
2022_1242_1371,0.8351456837810548,1242,1371,Kansas,Seton Hall,1825.6355450626606,1679.0038735560877,1,8
2022_1242_1395,0.8735055396888914,1242,1395,Kansas,TCU,1825.6355450626606,1631.9175900729285,1,9
2022_1242_1260,0.7851935347188271,1242,1260,Kansas,Loyola-Chicago,1825.6355450626606,1728.610266867969,1,10
2022_1242_1276,0.8407630239211746,1242,1276,Kansas,Michigan,1825.6355450626606,1672.715156428664,1,11
2022_1242_1412,0.823133221413503,1242,1412,Kansas,UAB,1825.6355450626606,1691.8971925596084,1,12
2022_1151_1242,0.8227398701746204,1242,1151,Kansas,Chattanooga,1825.6355450626606,1692.3075267872991,1,13
2022_1242_1255,0.8893751460917652,1242,1255,Kansas,Longwood,1825.6355450626606,1608.804247555333,1,14
2022_1174_1242,0.910731953842197,1242,1174,Kansas,Delaware,1825.6355450626606,1572.5924542652383,1,15
2022_1136_1242,0.8946360081909468,1242,1136,Kansas,Bryant,1825.6355450626606,1600.501589692621,1,16
2022_1242_1460,0.9047984542882153,1242,1460,Kansas,Wright St,1825.6355450626606,1583.367797473222,1,16
2022_1120_1458,0.5500394498361771,1120,1458,Auburn,Wisconsin,1754.766605041748,1739.2398150796869,2,3
2022_1120_1344,0.5725045700300494,1120,1344,Auburn,Providence,1754.766605041748,1740.3699865463689,2,4
2022_1120_1234,0.5655078456052425,1120,1234,Auburn,Iowa,1754.766605041748,1759.7067615492522,2,5
2022_1120_1261,0.7214943613124015,1120,1261,Auburn,LSU,1754.766605041748,1670.076972932596,2,6
2022_1120_1425,0.6323271917711032,1120,1425,Auburn,USC,1754.766605041748,1747.348483989828,2,7
2022_1120_1361,0.6519726816315433,1120,1361,Auburn,San Diego St,1754.766605041748,1749.3509828117778,2,8
2022_1120_1166,0.7146393442967186,1120,1166,Auburn,Creighton,1754.766605041748,1715.2241151553408,2,9
2022_1120_1274,0.7835893796338559,1120,1274,Auburn,Miami FL,1754.766605041748,1659.1831151322328,2,10
2022_1120_1235,0.8691768114116382,1120,1235,Auburn,Iowa St,1754.766605041748,1566.918414604053,2,11
2022_1120_1350,0.7621656805350058,1120,1350,Auburn,Richmond,1754.766605041748,1677.745402069529,2,12
2022_1120_1355,0.6784717274351525,1120,1355,Auburn,S Dakota St,1754.766605041748,1741.2571993589054,2,13
2022_1120_1159,0.7786211685492279,1120,1159,Auburn,Colgate,1754.766605041748,1663.6000644018511,2,14
2022_1120_1240,0.8669051403777783,1120,1240,Auburn,Jacksonville St,1754.766605041748,1569.9330015732564,2,15
2022_1120_1394,0.9360438570811777,1120,1394,Auburn,TAM C. Christi,1754.766605041748,1446.871728434155,2,16
2022_1120_1411,0.8698641084454264,1120,1411,Auburn,TX Southern,1754.766605041748,1565.9975930452333,2,16
2022_1112_1120,0.34941265483755035,1120,1112,Auburn,Arizona,1754.766605041748,1834.2550485377794,2,1
2022_1120_1437,0.38550277245194,1120,1437,Auburn,Villanova,1754.766605041748,1825.6389527604601,2,2
2022_1120_1397,0.46036824482323313,1120,1397,Auburn,Tennessee,1754.766605041748,1793.9138536658204,2,3
2022_1120_1228,0.5675031484218032,1120,1228,Auburn,Illinois,1754.766605041748,1743.4717413030744,2,4
2022_1120_1222,0.4544242528024016,1120,1222,Auburn,Houston,1754.766605041748,1827.554349059758,2,5
2022_1120_1161,0.6255596077657681,1120,1161,Auburn,Colorado St,1754.766605041748,1736.7565025348324,2,6
2022_1120_1326,0.7723154390448834,1120,1326,Auburn,Ohio St,1754.766605041748,1644.1052080865643,2,7
2022_1120_1371,0.7484800556912549,1120,1371,Auburn,Seton Hall,1754.766605041748,1679.0038735560877,2,8
2022_1120_1395,0.8124611909437282,1120,1395,Auburn,TCU,1754.766605041748,1631.9175900729285,2,9
2022_1120_1260,0.6963462929410795,1120,1260,Auburn,Loyola-Chicago,1754.766605041748,1728.610266867969,2,10
2022_1120_1276,0.7681122956497539,1120,1276,Auburn,Michigan,1754.766605041748,1672.715156428664,2,11
2022_1120_1412,0.744879724819366,1120,1412,Auburn,UAB,1754.766605041748,1691.8971925596084,2,12
2022_1120_1151,0.7443663867877337,1120,1151,Auburn,Chattanooga,1754.766605041748,1692.3075267872991,2,13
2022_1120_1255,0.8345385550180615,1120,1255,Auburn,Longwood,1754.766605041748,1608.804247555333,2,14
2022_1120_1174,0.8648734453561265,1120,1174,Auburn,Delaware,1754.766605041748,1572.5924542652383,2,15
2022_1120_1136,0.8419437710838312,1120,1136,Auburn,Bryant,1754.766605041748,1600.501589692621,2,16
2022_1120_1460,0.8563725149921109,1120,1460,Auburn,Wright St,1754.766605041748,1583.367797473222,2,16
2022_1344_1458,0.5227959430155693,1458,1344,Wisconsin,Providence,1739.2398150796869,1740.3699865463689,3,4
2022_1234_1458,0.5156739106150909,1458,1234,Wisconsin,Iowa,1739.2398150796869,1759.7067615492522,3,5
2022_1261_1458,0.6794087891452449,1458,1261,Wisconsin,LSU,1739.2398150796869,1670.076972932596,3,6
2022_1425_1458,0.5845265388489713,1458,1425,Wisconsin,USC,1739.2398150796869,1747.348483989828,3,7
2022_1361_1458,0.6051311660101101,1458,1361,Wisconsin,San Diego St,1739.2398150796869,1749.3509828117778,3,8
2022_1166_1458,0.6791979053900492,1458,1166,Wisconsin,Creighton,1739.2398150796869,1715.2241151553408,3,9
2022_1274_1458,0.7657666481188378,1458,1274,Wisconsin,Miami FL,1739.2398150796869,1659.1831151322328,3,10
2022_1235_1458,0.8571174498988879,1458,1235,Wisconsin,Iowa St,1739.2398150796869,1566.918414604053,3,11
2022_1350_1458,0.7431568987696181,1458,1350,Wisconsin,Richmond,1739.2398150796869,1677.745402069529,3,12
2022_1355_1458,0.6557946903223367,1458,1355,Wisconsin,S Dakota St,1739.2398150796869,1741.2571993589054,3,13
2022_1159_1458,0.7605143254927368,1458,1159,Wisconsin,Colgate,1739.2398150796869,1663.6000644018511,3,14
2022_1240_1458,0.8546713877350547,1458,1240,Wisconsin,Jacksonville St,1739.2398150796869,1569.9330015732564,3,15
2022_1394_1458,0.9296494434539899,1458,1394,Wisconsin,TAM C. Christi,1739.2398150796869,1446.871728434155,3,16
2022_1411_1458,0.8578577414540598,1458,1411,Wisconsin,TX Southern,1739.2398150796869,1565.9975930452333,3,16
2022_1112_1458,0.3052434085336735,1458,1112,Wisconsin,Arizona,1739.2398150796869,1834.2550485377794,3,1
2022_1437_1458,0.3391496134560557,1458,1437,Wisconsin,Villanova,1739.2398150796869,1825.6389527604601,3,2
2022_1397_1458,0.4110345229661369,1458,1397,Wisconsin,Tennessee,1739.2398150796869,1793.9138536658204,3,3
2022_1228_1458,0.5177028872814732,1458,1228,Wisconsin,Illinois,1739.2398150796869,1743.4717413030744,3,4
2022_1222_1458,0.405249152531747,1458,1222,Wisconsin,Houston,1739.2398150796869,1827.554349059758,3,5
2022_1161_1458,0.5774670390078955,1458,1161,Wisconsin,Colorado St,1739.2398150796869,1736.7565025348324,3,6
2022_1326_1458,0.7350898081644162,1458,1326,Wisconsin,Ohio St,1739.2398150796869,1644.1052080865643,3,7
2022_1371_1458,0.7088266452332145,1458,1371,Wisconsin,Seton Hall,1739.2398150796869,1679.0038735560877,3,8
2022_1395_1458,0.7855228473135044,1458,1395,Wisconsin,TCU,1739.2398150796869,1631.9175900729285,3,9
2022_1260_1458,0.6743247897525003,1458,1260,Wisconsin,Loyola-Chicago,1739.2398150796869,1728.610266867969,3,10
2022_1276_1458,0.7494225359592341,1458,1276,Wisconsin,Michigan,1739.2398150796869,1672.715156428664,3,11
2022_1412_1458,0.724987884192441,1458,1412,Wisconsin,UAB,1739.2398150796869,1691.8971925596084,3,12
2022_1151_1458,0.7244493273430868,1458,1151,Wisconsin,Chattanooga,1739.2398150796869,1692.3075267872991,3,13
2022_1255_1458,0.8199476514726143,1458,1255,Wisconsin,Longwood,1739.2398150796869,1608.804247555333,3,14
2022_1174_1458,0.8524847219885582,1458,1174,Wisconsin,Delaware,1739.2398150796869,1572.5924542652383,3,15
2022_1136_1458,0.82787119404476,1458,1136,Wisconsin,Bryant,1739.2398150796869,1600.501589692621,3,16
2022_1458_1460,0.8433455761434758,1458,1460,Wisconsin,Wright St,1739.2398150796869,1583.367797473222,3,16
2022_1234_1344,0.4928677741774941,1344,1234,Providence,Iowa,1740.3699865463689,1759.7067615492522,4,5
2022_1261_1344,0.6592175125052832,1344,1261,Providence,LSU,1740.3699865463689,1670.076972932596,4,6
2022_1344_1425,0.5622100768059974,1344,1425,Providence,USC,1740.3699865463689,1747.348483989828,4,7
2022_1344_1361,0.5831321490805771,1344,1361,Providence,San Diego St,1740.3699865463689,1749.3509828117778,4,8
2022_1166_1344,0.6590000132027121,1344,1166,Providence,Creighton,1740.3699865463689,1715.2241151553408,4,9
2022_1274_1344,0.7551381762531607,1344,1274,Providence,Miami FL,1740.3699865463689,1659.1831151322328,4,10
2022_1235_1344,0.8580256005343174,1344,1235,Providence,Iowa St,1740.3699865463689,1566.918414604053,4,11
2022_1344_1350,0.7445735206486492,1344,1350,Providence,Richmond,1740.3699865463689,1677.745402069529,4,12
2022_1344_1355,0.657471071077453,1344,1355,Providence,S Dakota St,1740.3699865463689,1741.2571993589054,4,13
2022_1159_1344,0.761865889201961,1344,1159,Providence,Colgate,1740.3699865463689,1663.6000644018511,4,14
2022_1240_1344,0.8555924659927121,1344,1240,Providence,Jacksonville St,1740.3699865463689,1569.9330015732564,4,15
2022_1344_1394,0.9301341641761587,1344,1394,Providence,TAM C. Christi,1740.3699865463689,1446.871728434155,4,16
2022_1344_1411,0.8587619621937418,1344,1411,Providence,TX Southern,1740.3699865463689,1565.9975930452333,4,16
2022_1112_1344,0.286243490554637,1344,1112,Providence,Arizona,1740.3699865463689,1834.2550485377794,4,1
2022_1344_1437,0.31900826624185014,1344,1437,Providence,Villanova,1740.3699865463689,1825.6389527604601,4,2
2022_1344_1397,0.38913791620912175,1344,1397,Providence,Tennessee,1740.3699865463689,1793.9138536658204,4,3
2022_1228_1344,0.49489870968125316,1344,1228,Providence,Illinois,1740.3699865463689,1743.4717413030744,4,4
2022_1222_1344,0.38346008405209303,1344,1222,Providence,Houston,1740.3699865463689,1827.554349059758,4,5
2022_1161_1344,0.5550600255223168,1344,1161,Providence,Colorado St,1740.3699865463689,1736.7565025348324,4,6
2022_1326_1344,0.7169443660379026,1344,1326,Providence,Ohio St,1740.3699865463689,1644.1052080865643,4,7
2022_1344_1371,0.6896417854711359,1344,1371,Providence,Seton Hall,1740.3699865463689,1679.0038735560877,4,8
2022_1344_1395,0.7697498553304614,1344,1395,Providence,TCU,1740.3699865463689,1631.9175900729285,4,9
2022_1260_1344,0.6613818584029851,1344,1260,Providence,Loyola-Chicago,1740.3699865463689,1728.610266867969,4,10
2022_1276_1344,0.7508161871474248,1344,1276,Providence,Michigan,1740.3699865463689,1672.715156428664,4,11
2022_1344_1412,0.7264678329176089,1344,1412,Providence,UAB,1740.3699865463689,1691.8971925596084,4,12
2022_1151_1344,0.7259310786465846,1344,1151,Providence,Chattanooga,1740.3699865463689,1692.3075267872991,4,13
2022_1255_1344,0.8210427242931028,1344,1255,Providence,Longwood,1740.3699865463689,1608.804247555333,4,14
2022_1174_1344,0.8534172822130052,1344,1174,Providence,Delaware,1740.3699865463689,1572.5924542652383,4,15
2022_1136_1344,0.8289281305223227,1344,1136,Providence,Bryant,1740.3699865463689,1600.501589692621,4,16
2022_1344_1460,0.8443253615146731,1344,1460,Providence,Wright St,1740.3699865463689,1583.367797473222,4,16
2022_1234_1261,0.6655975444334055,1234,1261,Iowa,LSU,1759.7067615492522,1670.076972932596,5,6
2022_1234_1425,0.5692194529633421,1234,1425,Iowa,USC,1759.7067615492522,1747.348483989828,5,7
2022_1234_1361,0.5900508041986109,1234,1361,Iowa,San Diego St,1759.7067615492522,1749.3509828117778,5,8
2022_1166_1234,0.6653820501690122,1234,1166,Iowa,Creighton,1759.7067615492522,1715.2241151553408,5,9
2022_1234_1274,0.76037517999832,1234,1274,Iowa,Miami FL,1759.7067615492522,1659.1831151322328,5,10
2022_1234_1235,0.8653449734774964,1234,1235,Iowa,Iowa St,1759.7067615492522,1566.918414604053,5,11
2022_1234_1350,0.7680067132579566,1234,1350,Iowa,Richmond,1759.7067615492522,1677.745402069529,5,12
2022_1234_1355,0.6855201099683038,1234,1355,Iowa,S Dakota St,1759.7067615492522,1741.2571993589054,5,13
2022_1159_1234,0.7841725082384464,1234,1159,Iowa,Colgate,1759.7067615492522,1663.6000644018511,5,14
2022_1234_1240,0.870610542140223,1234,1240,Iowa,Jacksonville St,1759.7067615492522,1569.9330015732564,5,15
2022_1234_1394,0.9379621621881223,1234,1394,Iowa,TAM C. Christi,1759.7067615492522,1446.871728434155,5,16
2022_1234_1411,0.8734991525053207,1234,1411,Iowa,TX Southern,1759.7067615492522,1565.9975930452333,5,16
2022_1112_1234,0.292107940959488,1234,1112,Iowa,Arizona,1759.7067615492522,1834.2550485377794,5,1
2022_1234_1437,0.32523810980126455,1234,1437,Iowa,Villanova,1759.7067615492522,1825.6389527604601,5,2
2022_1234_1397,0.39594102705217316,1234,1397,Iowa,Tennessee,1759.7067615492522,1793.9138536658204,5,3
2022_1228_1234,0.5020312311173917,1234,1228,Iowa,Illinois,1759.7067615492522,1743.4717413030744,5,4
2022_1222_1234,0.39022734257411873,1234,1222,Iowa,Houston,1759.7067615492522,1827.554349059758,5,5
2022_1161_1234,0.5620947128368128,1234,1161,Iowa,Colorado St,1759.7067615492522,1736.7565025348324,5,6
2022_1234_1326,0.7226982710974807,1234,1326,Iowa,Ohio St,1759.7067615492522,1644.1052080865643,5,7
2022_1234_1371,0.6957151391256382,1234,1371,Iowa,Seton Hall,1759.7067615492522,1679.0038735560877,5,8
2022_1234_1395,0.7747675613513441,1234,1395,Iowa,TCU,1759.7067615492522,1631.9175900729285,5,9
2022_1234_1260,0.667741793054085,1234,1260,Iowa,Loyola-Chicago,1759.7067615492522,1728.610266867969,5,10
2022_1234_1276,0.7621303822248345,1234,1276,Iowa,Michigan,1759.7067615492522,1672.715156428664,5,11
2022_1234_1412,0.7510065970859869,1234,1412,Iowa,UAB,1759.7067615492522,1691.8971925596084,5,12
2022_1151_1234,0.7505014578610103,1234,1151,Iowa,Chattanooga,1759.7067615492522,1692.3075267872991,5,13
2022_1234_1255,0.8389776794529528,1234,1255,Iowa,Longwood,1759.7067615492522,1608.804247555333,5,14
2022_1174_1234,0.8686268384190675,1234,1174,Iowa,Delaware,1759.7067615492522,1572.5924542652383,5,15
2022_1136_1234,0.846220831921662,1234,1136,Iowa,Bryant,1759.7067615492522,1600.501589692621,5,16
2022_1234_1460,0.8603239027009428,1234,1460,Iowa,Wright St,1759.7067615492522,1583.367797473222,5,16
2022_1261_1425,0.3989905986127945,1261,1425,LSU,USC,1670.076972932596,1747.348483989828,6,7
2022_1261_1361,0.4196611460910856,1261,1361,LSU,San Diego St,1670.076972932596,1749.3509828117778,6,8
2022_1166_1261,0.4997579946698677,1261,1166,LSU,Creighton,1670.076972932596,1715.2241151553408,6,9
2022_1261_1274,0.6145307495617792,1261,1274,LSU,Miami FL,1670.076972932596,1659.1831151322328,6,10
2022_1235_1261,0.7635193561830614,1261,1235,LSU,Iowa St,1670.076972932596,1566.918414604053,6,11
2022_1261_1350,0.6321948028183888,1261,1350,LSU,Richmond,1670.076972932596,1677.745402069529,6,12
2022_1261_1355,0.5472584999245571,1261,1355,LSU,S Dakota St,1670.076972932596,1741.2571993589054,6,13
2022_1159_1261,0.6682968093486756,1261,1159,LSU,Colgate,1670.076972932596,1663.6000644018511,6,14
2022_1240_1261,0.7886338273450741,1261,1240,LSU,Jacksonville St,1670.076972932596,1569.9330015732564,6,15
2022_1261_1394,0.8934339440221,1261,1394,LSU,TAM C. Christi,1670.076972932596,1446.871728434155,6,16
2022_1261_1411,0.7929172500428394,1261,1411,LSU,TX Southern,1670.076972932596,1565.9975930452333,6,16
2022_1112_1261,0.17171684445071453,1261,1112,LSU,Arizona,1670.076972932596,1834.2550485377794,6,1
2022_1261_1437,0.19495297917532256,1261,1437,LSU,Villanova,1670.076972932596,1825.6389527604601,6,2
2022_1261_1397,0.24773173890309982,1261,1397,LSU,Tennessee,1670.076972932596,1793.9138536658204,6,3
2022_1228_1261,0.3362133170184082,1261,1228,LSU,Illinois,1670.076972932596,1743.4717413030744,6,4
2022_1222_1261,0.24329538857522826,1261,1222,LSU,Houston,1670.076972932596,1827.554349059758,6,5
2022_1161_1261,0.39205738864126394,1261,1161,LSU,Colorado St,1670.076972932596,1736.7565025348324,6,6
2022_1261_1326,0.5669813575284248,1261,1326,LSU,Ohio St,1670.076972932596,1644.1052080865643,6,7
2022_1261_1371,0.5346035976835063,1261,1371,LSU,Seton Hall,1670.076972932596,1679.0038735560877,6,8
2022_1261_1395,0.6334602223074419,1261,1395,LSU,TCU,1670.076972932596,1631.9175900729285,6,9
2022_1260_1261,0.5024122780835548,1261,1260,LSU,Loyola-Chicago,1670.076972932596,1728.610266867969,6,10
2022_1261_1276,0.6168158819894448,1261,1276,LSU,Michigan,1670.076972932596,1672.715156428664,6,11
2022_1261_1412,0.610292556729984,1261,1412,LSU,UAB,1670.076972932596,1691.8971925596084,6,12
2022_1151_1261,0.6251886857320078,1261,1151,LSU,Chattanooga,1670.076972932596,1692.3075267872991,6,13
2022_1255_1261,0.7428784203833594,1261,1255,LSU,Longwood,1670.076972932596,1608.804247555333,6,14
2022_1174_1261,0.7857026750344226,1261,1174,LSU,Delaware,1670.076972932596,1572.5924542652383,6,15
2022_1136_1261,0.75317257913373,1261,1136,LSU,Bryant,1670.076972932596,1600.501589692621,6,16
2022_1261_1460,0.7735252827186191,1261,1460,LSU,Wright St,1670.076972932596,1583.367797473222,6,16
2022_1361_1425,0.5213640218802174,1425,1361,USC,San Diego St,1747.348483989828,1749.3509828117778,7,8
2022_1166_1425,0.6007772499814084,1425,1166,USC,Creighton,1747.348483989828,1715.2241151553408,7,9
2022_1274_1425,0.7060072223928866,1425,1274,USC,Miami FL,1747.348483989828,1659.1831151322328,7,10
2022_1235_1425,0.8294514878143929,1425,1235,USC,Iowa St,1747.348483989828,1566.918414604053,7,11
2022_1350_1425,0.7213799319805408,1425,1350,USC,Richmond,1747.348483989828,1677.745402069529,7,12
2022_1355_1425,0.6529806018034656,1425,1355,USC,S Dakota St,1747.348483989828,1741.2571993589054,7,13
2022_1159_1425,0.77009483584792,1425,1159,USC,Colgate,1747.348483989828,1663.6000644018511,7,14
2022_1240_1425,0.8611727791552365,1425,1240,USC,Jacksonville St,1747.348483989828,1569.9330015732564,7,15
2022_1394_1425,0.9330593438819286,1425,1394,USC,TAM C. Christi,1747.348483989828,1446.871728434155,7,16
2022_1411_1425,0.8642392312941938,1425,1411,USC,TX Southern,1747.348483989828,1565.9975930452333,7,16
2022_1112_1425,0.23797105696080886,1425,1112,USC,Arizona,1747.348483989828,1834.2550485377794,7,1
2022_1425_1437,0.2672794658439537,1425,1437,USC,Villanova,1747.348483989828,1825.6389527604601,7,2
2022_1397_1425,0.33157419451811,1425,1397,USC,Tennessee,1747.348483989828,1793.9138536658204,7,3
2022_1228_1425,0.43277397004474455,1425,1228,USC,Illinois,1747.348483989828,1743.4717413030744,7,4
2022_1222_1425,0.32628763600816213,1425,1222,USC,Houston,1747.348483989828,1827.554349059758,7,5
2022_1161_1425,0.49275062390039065,1425,1161,USC,Colorado St,1747.348483989828,1736.7565025348324,7,6
2022_1326_1425,0.6635642224390338,1425,1326,USC,Ohio St,1747.348483989828,1644.1052080865643,7,7
2022_1371_1425,0.6337431158707852,1425,1371,USC,Seton Hall,1747.348483989828,1679.0038735560877,7,8
2022_1395_1425,0.7224732121009453,1425,1395,USC,TCU,1747.348483989828,1631.9175900729285,7,9
2022_1260_1425,0.6033209775703687,1425,1260,USC,Loyola-Chicago,1747.348483989828,1728.610266867969,7,10
2022_1276_1425,0.7080077324944932,1425,1276,USC,Michigan,1747.348483989828,1672.715156428664,7,11
2022_1412_1425,0.702287551367941,1425,1412,USC,UAB,1747.348483989828,1691.8971925596084,7,12
2022_1151_1425,0.7219585571898649,1425,1151,USC,Chattanooga,1747.348483989828,1692.3075267872991,7,13
2022_1255_1425,0.827689256356125,1425,1255,USC,Longwood,1747.348483989828,1608.804247555333,7,14
2022_1174_1425,0.8590678051154469,1425,1174,USC,Delaware,1747.348483989828,1572.5924542652383,7,15
2022_1136_1425,0.8353405301665008,1425,1136,USC,Bryant,1747.348483989828,1600.501589692621,7,16
2022_1425_1460,0.8502648702893315,1425,1460,USC,Wright St,1747.348483989828,1583.367797473222,7,16
2022_1166_1361,0.5801030781730192,1361,1166,San Diego St,Creighton,1749.3509828117778,1715.2241151553408,8,9
2022_1274_1361,0.6879520151505969,1361,1274,San Diego St,Miami FL,1749.3509828117778,1659.1831151322328,8,10
2022_1235_1361,0.8170125207909209,1361,1235,San Diego St,Iowa St,1749.3509828117778,1566.918414604053,8,11
2022_1350_1361,0.7038728298825249,1361,1350,San Diego St,Richmond,1749.3509828117778,1677.745402069529,8,12
2022_1355_1361,0.633360011854416,1361,1355,San Diego St,S Dakota St,1749.3509828117778,1741.2571993589054,8,13
2022_1159_1361,0.7606475029052164,1361,1159,San Diego St,Colgate,1749.3509828117778,1663.6000644018511,8,14
2022_1240_1361,0.8627403134934308,1361,1240,San Diego St,Jacksonville St,1749.3509828117778,1569.9330015732564,8,15
2022_1361_1394,0.9338775113812604,1361,1394,San Diego St,TAM C. Christi,1749.3509828117778,1446.871728434155,8,16
2022_1361_1411,0.8657775380387347,1361,1411,San Diego St,TX Southern,1749.3509828117778,1565.9975930452333,8,16
2022_1112_1361,0.22856186583873153,1361,1112,San Diego St,Arizona,1749.3509828117778,1834.2550485377794,8,1
2022_1361_1437,0.2508699887451405,1361,1437,San Diego St,Villanova,1749.3509828117778,1825.6389527604601,8,2
2022_1361_1397,0.312903060824397,1361,1397,San Diego St,Tennessee,1749.3509828117778,1793.9138536658204,8,3
2022_1228_1361,0.4119159797183758,1361,1228,San Diego St,Illinois,1749.3509828117778,1743.4717413030744,8,4
2022_1222_1361,0.30777712029224846,1361,1222,San Diego St,Houston,1749.3509828117778,1827.554349059758,8,5
2022_1161_1361,0.4714043171405978,1361,1161,San Diego St,Colorado St,1749.3509828117778,1736.7565025348324,8,6
2022_1326_1361,0.6442159879684392,1361,1326,San Diego St,Ohio St,1749.3509828117778,1644.1052080865643,8,7
2022_1361_1371,0.6136783423419596,1361,1371,San Diego St,Seton Hall,1749.3509828117778,1679.0038735560877,8,8
2022_1361_1395,0.7050067143807464,1361,1395,San Diego St,TCU,1749.3509828117778,1631.9175900729285,8,9
2022_1260_1361,0.5826870331179942,1361,1260,San Diego St,Loyola-Chicago,1749.3509828117778,1728.610266867969,8,10
2022_1276_1361,0.6900214418837419,1361,1276,San Diego St,Michigan,1749.3509828117778,1672.715156428664,8,11
2022_1361_1412,0.6841061171999203,1361,1412,San Diego St,UAB,1749.3509828117778,1691.8971925596084,8,12
2022_1151_1361,0.7044729183042452,1361,1151,San Diego St,Chattanooga,1749.3509828117778,1692.3075267872991,8,13
2022_1255_1361,0.8200555982488752,1361,1255,San Diego St,Longwood,1749.3509828117778,1608.804247555333,8,14
2022_1174_1361,0.8606552614397461,1361,1174,San Diego St,Delaware,1749.3509828117778,1572.5924542652383,8,15
2022_1136_1361,0.837144584138819,1361,1136,San Diego St,Bryant,1749.3509828117778,1600.501589692621,8,16
2022_1361_1460,0.8519343924794432,1361,1460,San Diego St,Wright St,1749.3509828117778,1583.367797473222,8,16
2022_1166_1274,0.6147600316529173,1166,1274,Creighton,Miami FL,1715.2241151553408,1659.1831151322328,9,10
2022_1166_1235,0.763694095165417,1166,1235,Creighton,Iowa St,1715.2241151553408,1566.918414604053,9,11
2022_1166_1350,0.6324198627246229,1166,1350,Creighton,Richmond,1715.2241151553408,1677.745402069529,9,12
2022_1166_1355,0.5556341933224892,1166,1355,Creighton,S Dakota St,1715.2241151553408,1741.2571993589054,9,13
2022_1159_1166,0.6969965242926968,1166,1159,Creighton,Colgate,1715.2241151553408,1663.6000644018511,9,14
2022_1166_1240,0.8246155132121995,1166,1240,Creighton,Jacksonville St,1715.2241151553408,1569.9330015732564,9,15
2022_1166_1394,0.9185885246574388,1166,1394,Creighton,TAM C. Christi,1715.2241151553408,1446.871728434155,9,16
2022_1166_1411,0.837482553159591,1166,1411,Creighton,TX Southern,1715.2241151553408,1565.9975930452333,9,16
2022_1112_1166,0.1913961287805917,1166,1112,Creighton,Arizona,1715.2241151553408,1834.2550485377794,9,1
2022_1166_1437,0.2003224612421612,1166,1437,Creighton,Villanova,1715.2241151553408,1825.6389527604601,9,2
2022_1166_1397,0.24791218412258303,1166,1397,Creighton,Tennessee,1715.2241151553408,1793.9138536658204,9,3
2022_1166_1228,0.3364293883914532,1166,1228,Creighton,Illinois,1715.2241151553408,1743.4717413030744,9,4
2022_1166_1222,0.24347364825184428,1166,1222,Creighton,Houston,1715.2241151553408,1827.554349059758,9,5
2022_1161_1166,0.392288139078352,1166,1161,Creighton,Colorado St,1715.2241151553408,1736.7565025348324,9,6
2022_1166_1326,0.5672190044198407,1166,1326,Creighton,Ohio St,1715.2241151553408,1644.1052080865643,9,7
2022_1166_1371,0.5348444358288633,1166,1371,Creighton,Seton Hall,1715.2241151553408,1679.0038735560877,9,8
2022_1166_1395,0.6336849565651278,1166,1395,Creighton,TCU,1715.2241151553408,1631.9175900729285,9,9
2022_1166_1260,0.5026542772155872,1166,1260,Creighton,Loyola-Chicago,1715.2241151553408,1728.610266867969,9,10
2022_1166_1276,0.6170446518794028,1166,1276,Creighton,Michigan,1715.2241151553408,1672.715156428664,9,11
2022_1166_1412,0.6105227620370366,1166,1412,Creighton,UAB,1715.2241151553408,1691.8971925596084,9,12
2022_1151_1166,0.633089268841238,1166,1151,Creighton,Chattanooga,1715.2241151553408,1692.3075267872991,9,13
2022_1166_1255,0.7673713905132523,1166,1255,Creighton,Longwood,1715.2241151553408,1608.804247555333,9,14
2022_1166_1174,0.822070763638253,1166,1174,Creighton,Delaware,1715.2241151553408,1572.5924542652383,9,15
2022_1136_1166,0.8041788063777201,1166,1136,Creighton,Bryant,1715.2241151553408,1600.501589692621,9,16
2022_1166_1460,0.8213234356194168,1166,1460,Creighton,Wright St,1715.2241151553408,1583.367797473222,9,16
2022_1235_1274,0.6694446950113295,1274,1235,Miami FL,Iowa St,1659.1831151322328,1566.918414604053,10,11
2022_1274_1350,0.5188027772649786,1274,1350,Miami FL,Richmond,1659.1831151322328,1677.745402069529,10,12
2022_1274_1355,0.4393246138072289,1274,1355,Miami FL,S Dakota St,1659.1831151322328,1741.2571993589054,10,13
2022_1159_1274,0.590412425877925,1274,1159,Miami FL,Colgate,1659.1831151322328,1663.6000644018511,10,14
2022_1240_1274,0.7466020316059113,1274,1240,Miami FL,Jacksonville St,1659.1831151322328,1569.9330015732564,10,15
2022_1274_1394,0.8796214781931639,1274,1394,Miami FL,TAM C. Christi,1659.1831151322328,1446.871728434155,10,16
2022_1274_1411,0.7694385334200247,1274,1411,Miami FL,TX Southern,1659.1831151322328,1565.9975930452333,10,16
2022_1112_1274,0.14068076559600476,1274,1112,Miami FL,Arizona,1659.1831151322328,1834.2550485377794,10,1
2022_1274_1437,0.14767379852739745,1274,1437,Miami FL,Villanova,1659.1831151322328,1825.6389527604601,10,2
2022_1274_1397,0.17591829919324534,1274,1397,Miami FL,Tennessee,1659.1831151322328,1793.9138536658204,10,3
2022_1228_1274,0.24110835842858386,1274,1228,Miami FL,Illinois,1659.1831151322328,1743.4717413030744,10,4
2022_1222_1274,0.1678287387615615,1274,1222,Miami FL,Houston,1659.1831151322328,1827.554349059758,10,5
2022_1161_1274,0.2880097665764904,1274,1161,Miami FL,Colorado St,1659.1831151322328,1736.7565025348324,10,6
2022_1274_1326,0.4509453310965138,1274,1326,Miami FL,Ohio St,1659.1831151322328,1644.1052080865643,10,7
2022_1274_1371,0.41878537674522115,1274,1371,Miami FL,Seton Hall,1659.1831151322328,1679.0038735560877,10,8
2022_1274_1395,0.5201622146898034,1274,1395,Miami FL,TCU,1659.1831151322328,1631.9175900729285,10,9
2022_1260_1274,0.3877574870682246,1274,1260,Miami FL,Loyola-Chicago,1659.1831151322328,1728.610266867969,10,10
2022_1274_1276,0.5024143382553842,1274,1276,Miami FL,Michigan,1659.1831151322328,1672.715156428664,10,11
2022_1274_1412,0.49553626557355057,1274,1412,Miami FL,UAB,1659.1831151322328,1691.8971925596084,10,12
2022_1151_1274,0.5195218944306458,1274,1151,Miami FL,Chattanooga,1659.1831151322328,1692.3075267872991,10,13
2022_1255_1274,0.6739625075209422,1274,1255,Miami FL,Longwood,1659.1831151322328,1608.804247555333,10,14
2022_1174_1274,0.7432777414236488,1274,1174,Miami FL,Delaware,1659.1831151322328,1572.5924542652383,10,15
2022_1136_1274,0.7267406208967461,1274,1136,Miami FL,Bryant,1659.1831151322328,1600.501589692621,10,16
2022_1274_1460,0.7485451787120935,1274,1460,Miami FL,Wright St,1659.1831151322328,1583.367797473222,10,16
2022_1235_1350,0.34741350107668467,1235,1350,Iowa St,Richmond,1566.918414604053,1677.745402069529,11,12
2022_1235_1355,0.27896967789727234,1235,1355,Iowa St,S Dakota St,1566.918414604053,1741.2571993589054,11,13
2022_1159_1235,0.41580850791162793,1235,1159,Iowa St,Colgate,1566.918414604053,1663.6000644018511,11,14
2022_1235_1240,0.5926416049004439,1235,1240,Iowa St,Jacksonville St,1566.918414604053,1569.9330015732564,11,15
2022_1235_1394,0.7829899130179403,1235,1394,Iowa St,TAM C. Christi,1566.918414604053,1446.871728434155,11,16
2022_1235_1411,0.6223345374410639,1235,1411,Iowa St,TX Southern,1566.918414604053,1565.9975930452333,11,16
2022_1112_1235,0.08191261318237954,1235,1112,Iowa St,Arizona,1566.918414604053,1834.2550485377794,11,1
2022_1235_1437,0.08627767129520415,1235,1437,Iowa St,Villanova,1566.918414604053,1825.6389527604601,11,2
2022_1235_1397,0.10421518700599508,1235,1397,Iowa St,Tennessee,1566.918414604053,1793.9138536658204,11,3
2022_1228_1235,0.13950671809548962,1235,1228,Iowa St,Illinois,1566.918414604053,1743.4717413030744,11,4
2022_1222_1235,0.0905639222676303,1235,1222,Iowa St,Houston,1566.918414604053,1827.554349059758,11,5
2022_1161_1235,0.16648529245861018,1235,1161,Iowa St,Colorado St,1566.918414604053,1736.7565025348324,11,6
2022_1235_1326,0.28853158318655325,1235,1326,Iowa St,Ohio St,1566.918414604053,1644.1052080865643,11,7
2022_1235_1371,0.2624184864086896,1235,1371,Iowa St,Seton Hall,1566.918414604053,1679.0038735560877,11,8
2022_1235_1395,0.34864923254576985,1235,1395,Iowa St,TCU,1566.918414604053,1631.9175900729285,11,9
2022_1235_1260,0.2382273051737401,1235,1260,Iowa St,Loyola-Chicago,1566.918414604053,1728.610266867969,11,10
2022_1235_1276,0.3326958688991651,1235,1276,Iowa St,Michigan,1566.918414604053,1672.715156428664,11,11
2022_1235_1412,0.3266161303648131,1235,1412,Iowa St,UAB,1566.918414604053,1691.8971925596084,11,12
2022_1151_1235,0.34806689259005763,1235,1151,Iowa St,Chattanooga,1566.918414604053,1692.3075267872991,11,13
2022_1235_1255,0.5051217027270588,1235,1255,Iowa St,Longwood,1566.918414604053,1608.804247555333,11,14
2022_1174_1235,0.5884110033192385,1235,1174,Iowa St,Delaware,1566.918414604053,1572.5924542652383,11,15
2022_1136_1235,0.5677000716365221,1235,1136,Iowa St,Bryant,1566.918414604053,1600.501589692621,11,16
2022_1235_1460,0.5951251354028396,1235,1460,Iowa St,Wright St,1566.918414604053,1583.367797473222,11,16
2022_1350_1355,0.4208828845781228,1350,1355,Richmond,S Dakota St,1677.745402069529,1741.2571993589054,12,13
2022_1159_1350,0.5720999294906252,1350,1159,Richmond,Colgate,1677.745402069529,1663.6000644018511,12,14
2022_1240_1350,0.7321041390827018,1350,1240,Richmond,Jacksonville St,1677.745402069529,1569.9330015732564,12,15
2022_1350_1394,0.8714234925214095,1350,1394,Richmond,TAM C. Christi,1677.745402069529,1446.871728434155,12,16
2022_1350_1411,0.7558198875740246,1350,1411,Richmond,TX Southern,1677.745402069529,1565.9975930452333,12,16
2022_1112_1350,0.15610102513147756,1350,1112,Richmond,Arizona,1677.745402069529,1834.2550485377794,12,1
2022_1350_1437,0.1637145419438111,1350,1437,Richmond,Villanova,1677.745402069529,1825.6389527604601,12,2
2022_1350_1397,0.19432754656110843,1350,1397,Richmond,Tennessee,1677.745402069529,1793.9138536658204,12,3
2022_1228_1350,0.2515650192399554,1350,1228,Richmond,Illinois,1677.745402069529,1743.4717413030744,12,4
2022_1222_1350,0.16199661016295042,1350,1222,Richmond,Houston,1677.745402069529,1827.554349059758,12,5
2022_1161_1350,0.2728290082754871,1350,1161,Richmond,Colorado St,1677.745402069529,1736.7565025348324,12,6
2022_1326_1350,0.43239199061099315,1350,1326,Richmond,Ohio St,1677.745402069529,1644.1052080865643,12,7
2022_1350_1371,0.4005898209002018,1350,1371,Richmond,Seton Hall,1677.745402069529,1679.0038735560877,12,8
2022_1350_1395,0.5013615020371859,1350,1395,Richmond,TCU,1677.745402069529,1631.9175900729285,12,9
2022_1260_1350,0.37005171810953597,1350,1260,Richmond,Loyola-Chicago,1677.745402069529,1728.610266867969,12,10
2022_1276_1350,0.4836085845542839,1350,1276,Richmond,Michigan,1677.745402069529,1672.715156428664,12,11
2022_1350_1412,0.476741296776629,1350,1412,Richmond,UAB,1677.745402069529,1691.8971925596084,12,12
2022_1151_1350,0.5007201745715827,1350,1151,Richmond,Chattanooga,1677.745402069529,1692.3075267872991,12,13
2022_1255_1350,0.6572167404296182,1350,1255,Richmond,Longwood,1677.745402069529,1608.804247555333,12,14
2022_1174_1350,0.728658776958204,1350,1174,Richmond,Delaware,1677.745402069529,1572.5924542652383,12,15
2022_1136_1350,0.7115454150832963,1350,1136,Richmond,Bryant,1677.745402069529,1600.501589692621,12,16
2022_1350_1460,0.7341188694146313,1350,1460,Richmond,Wright St,1677.745402069529,1583.367797473222,12,16
2022_1159_1355,0.6478436441800566,1355,1159,S Dakota St,Colgate,1741.2571993589054,1663.6000644018511,13,14
2022_1240_1355,0.7899251937410112,1355,1240,S Dakota St,Jacksonville St,1741.2571993589054,1569.9330015732564,13,15
2022_1355_1394,0.9031525201526388,1355,1394,S Dakota St,TAM C. Christi,1741.2571993589054,1446.871728434155,13,16
2022_1355_1411,0.8098517389051669,1355,1411,S Dakota St,TX Southern,1741.2571993589054,1565.9975930452333,13,16
2022_1112_1355,0.21930911507566117,1355,1112,S Dakota St,Arizona,1741.2571993589054,1834.2550485377794,13,1
2022_1355_1437,0.22916830554406656,1355,1437,S Dakota St,Villanova,1741.2571993589054,1825.6389527604601,13,2
2022_1355_1397,0.26809686607339855,1355,1397,S Dakota St,Tennessee,1741.2571993589054,1793.9138536658204,13,3
2022_1228_1355,0.3379483466389871,1355,1228,S Dakota St,Illinois,1741.2571993589054,1743.4717413030744,13,4
2022_1222_1355,0.2269499300519498,1355,1222,S Dakota St,Houston,1741.2571993589054,1827.554349059758,13,5
2022_1161_1355,0.34790241314092635,1355,1161,S Dakota St,Colorado St,1741.2571993589054,1736.7565025348324,13,6
2022_1326_1355,0.5117607364294642,1355,1326,S Dakota St,Ohio St,1741.2571993589054,1644.1052080865643,13,7
2022_1355_1371,0.4790477754304576,1355,1371,S Dakota St,Seton Hall,1741.2571993589054,1679.0038735560877,13,8
2022_1355_1395,0.5804439563740668,1355,1395,S Dakota St,TCU,1741.2571993589054,1631.9175900729285,13,9
2022_1260_1355,0.44698877152351607,1355,1260,S Dakota St,Loyola-Chicago,1741.2571993589054,1728.610266867969,13,10
2022_1276_1355,0.5630527778139526,1355,1276,S Dakota St,Michigan,1741.2571993589054,1672.715156428664,13,11
2022_1355_1412,0.556272614998691,1355,1412,S Dakota St,UAB,1741.2571993589054,1691.8971925596084,13,12
2022_1151_1355,0.5798190982201387,1355,1151,S Dakota St,Chattanooga,1741.2571993589054,1692.3075267872991,13,13
2022_1255_1355,0.7251325780459001,1355,1255,S Dakota St,Longwood,1741.2571993589054,1608.804247555333,13,14
2022_1174_1355,0.7870071130275424,1355,1174,S Dakota St,Delaware,1741.2571993589054,1572.5924542652383,13,15
2022_1136_1355,0.7724244103458208,1355,1136,S Dakota St,Bryant,1741.2571993589054,1600.501589692621,13,16
2022_1355_1460,0.7916288427106811,1355,1460,S Dakota St,Wright St,1741.2571993589054,1583.367797473222,13,16
2022_1159_1240,0.6714830754374769,1159,1240,Colgate,Jacksonville St,1663.6000644018511,1569.9330015732564,14,15
2022_1159_1394,0.8352332193331286,1159,1394,Colgate,TAM C. Christi,1663.6000644018511,1446.871728434155,14,16
2022_1159_1411,0.6983542111259196,1159,1411,Colgate,TX Southern,1663.6000644018511,1565.9975930452333,14,16
2022_1112_1159,0.14423042617269505,1159,1112,Colgate,Arizona,1663.6000644018511,1834.2550485377794,14,1
2022_1159_1437,0.1513688261554302,1159,1437,Colgate,Villanova,1663.6000644018511,1825.6389527604601,14,2
2022_1159_1397,0.18017065639859783,1159,1397,Colgate,Tennessee,1663.6000644018511,1793.9138536658204,14,3
2022_1159_1228,0.23445175514040306,1159,1228,Colgate,Illinois,1663.6000644018511,1743.4717413030744,14,4
2022_1159_1222,0.14975724468845683,1159,1222,Colgate,Houston,1663.6000644018511,1827.554349059758,14,5
2022_1159_1161,0.24247386724180964,1159,1161,Colgate,Colorado St,1663.6000644018511,1736.7565025348324,14,6
2022_1159_1326,0.3706035594980266,1159,1326,Colgate,Ohio St,1663.6000644018511,1644.1052080865643,14,7
2022_1159_1371,0.333270017923168,1159,1371,Colgate,Seton Hall,1663.6000644018511,1679.0038735560877,14,8
2022_1159_1395,0.42923378571106013,1159,1395,Colgate,TCU,1663.6000644018511,1631.9175900729285,14,9
2022_1159_1260,0.30525042765967664,1159,1260,Colgate,Loyola-Chicago,1663.6000644018511,1728.610266867969,14,10
2022_1159_1276,0.4119250101656289,1159,1276,Colgate,Michigan,1663.6000644018511,1672.715156428664,14,11
2022_1159_1412,0.40527675221427656,1159,1412,Colgate,UAB,1663.6000644018511,1691.8971925596084,14,12
2022_1151_1159,0.42860541655853307,1159,1151,Colgate,Chattanooga,1663.6000644018511,1692.3075267872991,14,13
2022_1159_1255,0.5891594113094986,1159,1255,Colgate,Longwood,1663.6000644018511,1608.804247555333,14,14
2022_1159_1174,0.66761204502751,1159,1174,Colgate,Delaware,1663.6000644018511,1572.5924542652383,14,15
2022_1136_1159,0.6485057687946156,1159,1136,Colgate,Bryant,1663.6000644018511,1600.501589692621,14,16
2022_1159_1460,0.6737505447173919,1159,1460,Colgate,Wright St,1663.6000644018511,1583.367797473222,14,16
2022_1240_1394,0.7126479688581988,1240,1394,Jacksonville St,TAM C. Christi,1569.9330015732564,1446.871728434155,15,16
2022_1240_1411,0.5311029236011202,1240,1411,Jacksonville St,TX Southern,1569.9330015732564,1565.9975930452333,15,16
2022_1112_1240,0.0834164889219996,1240,1112,Jacksonville St,Arizona,1569.9330015732564,1834.2550485377794,15,1
2022_1240_1437,0.0878540185540756,1240,1437,Jacksonville St,Villanova,1569.9330015732564,1825.6389527604601,15,2
2022_1240_1397,0.10608121522860559,1240,1397,Jacksonville St,Tennessee,1569.9330015732564,1793.9138536658204,15,3
2022_1228_1240,0.14190455616035744,1240,1228,Jacksonville St,Illinois,1569.9330015732564,1743.4717413030744,15,4
2022_1222_1240,0.08684945620967015,1240,1222,Jacksonville St,Houston,1569.9330015732564,1827.554349059758,15,5
2022_1161_1240,0.14736961402118126,1240,1161,Jacksonville St,Colorado St,1569.9330015732564,1736.7565025348324,15,6
2022_1240_1326,0.24124852746870226,1240,1326,Jacksonville St,Ohio St,1569.9330015732564,1644.1052080865643,15,7
2022_1240_1371,0.20174259670419703,1240,1371,Jacksonville St,Seton Hall,1569.9330015732564,1679.0038735560877,15,8
2022_1240_1395,0.2689653256461009,1240,1395,Jacksonville St,TCU,1569.9330015732564,1631.9175900729285,15,9
2022_1240_1260,0.17692529405876217,1240,1260,Jacksonville St,Loyola-Chicago,1569.9330015732564,1728.610266867969,15,10
2022_1240_1276,0.25522937981837096,1240,1276,Jacksonville St,Michigan,1569.9330015732564,1672.715156428664,15,11
2022_1240_1412,0.25003484651432123,1240,1412,Jacksonville St,UAB,1569.9330015732564,1691.8971925596084,15,12
2022_1151_1240,0.2684612235701011,1240,1151,Jacksonville St,Chattanooga,1569.9330015732564,1692.3075267872991,15,13
2022_1240_1255,0.41231367522888773,1240,1255,Jacksonville St,Longwood,1569.9330015732564,1608.804247555333,15,14
2022_1174_1240,0.4956261000573665,1240,1174,Jacksonville St,Delaware,1569.9330015732564,1572.5924542652383,15,15
2022_1136_1240,0.4744166476286296,1240,1136,Jacksonville St,Bryant,1569.9330015732564,1600.501589692621,15,16
2022_1240_1460,0.5025742741310476,1240,1460,Jacksonville St,Wright St,1569.9330015732564,1583.367797473222,15,16
2022_1394_1411,0.3135214992725186,1394,1411,TAM C. Christi,TX Southern,1446.871728434155,1565.9975930452333,16,16
2022_1112_1394,0.03892542099373534,1394,1112,TAM C. Christi,Arizona,1446.871728434155,1834.2550485377794,16,1
2022_1394_1437,0.041102281571763,1394,1437,TAM C. Christi,Villanova,1446.871728434155,1825.6389527604601,16,2
2022_1394_1397,0.0501632596373275,1394,1397,TAM C. Christi,Tennessee,1446.871728434155,1793.9138536658204,16,3
2022_1228_1394,0.06855135173427167,1394,1228,TAM C. Christi,Illinois,1446.871728434155,1743.4717413030744,16,4
2022_1222_1394,0.04060850022757938,1394,1222,TAM C. Christi,Houston,1446.871728434155,1827.554349059758,16,5
2022_1161_1394,0.07142656389871767,1394,1161,TAM C. Christi,Colorado St,1446.871728434155,1736.7565025348324,16,6
2022_1326_1394,0.12396096409686147,1394,1326,TAM C. Christi,Ohio St,1446.871728434155,1644.1052080865643,16,7
2022_1371_1394,0.10110235180679973,1394,1371,TAM C. Christi,Seton Hall,1446.871728434155,1679.0038735560877,16,8
2022_1394_1395,0.13293382383624347,1394,1395,TAM C. Christi,TCU,1446.871728434155,1631.9175900729285,16,9
2022_1260_1394,0.07976098897232083,1394,1260,TAM C. Christi,Loyola-Chicago,1446.871728434155,1728.610266867969,16,10
2022_1276_1394,0.12140487786001436,1394,1276,TAM C. Christi,Michigan,1446.871728434155,1672.715156428664,16,11
2022_1394_1412,0.1185006350338898,1394,1412,TAM C. Christi,UAB,1446.871728434155,1691.8971925596084,16,12
2022_1151_1394,0.12889961985169843,1394,1151,TAM C. Christi,Chattanooga,1446.871728434155,1692.3075267872991,16,13
2022_1255_1394,0.22051143776634097,1394,1255,TAM C. Christi,Longwood,1446.871728434155,1608.804247555333,16,14
2022_1174_1394,0.28378254742167125,1394,1174,TAM C. Christi,Delaware,1446.871728434155,1572.5924542652383,16,15
2022_1136_1394,0.26684241895024957,1394,1136,TAM C. Christi,Bryant,1446.871728434155,1600.501589692621,16,16
2022_1394_1460,0.2894653065790267,1394,1460,TAM C. Christi,Wright St,1446.871728434155,1583.367797473222,16,16
2022_1112_1411,0.08145819255513706,1411,1112,TX Southern,Arizona,1565.9975930452333,1834.2550485377794,16,1
2022_1411_1437,0.0858012980711791,1411,1437,TX Southern,Villanova,1565.9975930452333,1825.6389527604601,16,2
2022_1397_1411,0.10365100858100927,1411,1397,TX Southern,Tennessee,1565.9975930452333,1793.9138536658204,16,3
2022_1228_1411,0.13878108512176698,1411,1228,TX Southern,Illinois,1565.9975930452333,1743.4717413030744,16,4
2022_1222_1411,0.08481802488207381,1411,1222,TX Southern,Houston,1565.9975930452333,1827.554349059758,16,5
2022_1161_1411,0.1441460582723261,1411,1161,TX Southern,Colorado St,1565.9975930452333,1736.7565025348324,16,6
2022_1326_1411,0.23654116238081624,1411,1326,TX Southern,Ohio St,1565.9975930452333,1644.1052080865643,16,7
2022_1371_1411,0.1976053327989079,1411,1371,TX Southern,Seton Hall,1565.9975930452333,1679.0038735560877,16,8
2022_1395_1411,0.25132521908695665,1411,1395,TX Southern,TCU,1565.9975930452333,1631.9175900729285,16,9
2022_1260_1411,0.15950819071273142,1411,1260,TX Southern,Loyola-Chicago,1565.9975930452333,1728.610266867969,16,10
2022_1276_1411,0.2322791783817692,1411,1276,TX Southern,Michigan,1565.9975930452333,1672.715156428664,16,11
2022_1411_1412,0.227409114628229,1411,1412,TX Southern,UAB,1565.9975930452333,1691.8971925596084,16,12
2022_1151_1411,0.24471215519573875,1411,1151,TX Southern,Chattanooga,1565.9975930452333,1692.3075267872991,16,13
2022_1255_1411,0.3824926631651007,1411,1255,TX Southern,Longwood,1565.9975930452333,1608.804247555333,16,14
2022_1174_1411,0.4645424711777046,1411,1174,TX Southern,Delaware,1565.9975930452333,1572.5924542652383,16,15
2022_1136_1411,0.4434935765268423,1411,1136,TX Southern,Bryant,1565.9975930452333,1600.501589692621,16,16
2022_1411_1460,0.4714622107376823,1411,1460,TX Southern,Wright St,1565.9975930452333,1583.367797473222,16,16
2022_1112_1437,0.5387635353046293,1112,1437,Arizona,Villanova,1834.2550485377794,1825.6389527604601,1,2
2022_1112_1397,0.6136691177127936,1112,1397,Arizona,Tennessee,1834.2550485377794,1793.9138536658204,1,3
2022_1112_1228,0.7095693051194801,1112,1228,Arizona,Illinois,1834.2550485377794,1743.4717413030744,1,4
2022_1112_1222,0.607975806280703,1112,1222,Arizona,Houston,1834.2550485377794,1827.554349059758,1,5
2022_1112_1161,0.7567302509916697,1112,1161,Arizona,Colorado St,1834.2550485377794,1736.7565025348324,1,6
2022_1112_1326,0.8633094803565918,1112,1326,Arizona,Ohio St,1834.2550485377794,1644.1052080865643,1,7
2022_1112_1371,0.8428052123185773,1112,1371,Arizona,Seton Hall,1834.2550485377794,1679.0038735560877,1,8
2022_1112_1395,0.8796396389799497,1112,1395,Arizona,TCU,1834.2550485377794,1631.9175900729285,1,9
2022_1112_1260,0.7946031558570454,1112,1260,Arizona,Loyola-Chicago,1834.2550485377794,1728.610266867969,1,10
2022_1112_1276,0.8482089942009726,1112,1276,Arizona,Michigan,1834.2550485377794,1672.715156428664,1,11
2022_1112_1412,0.8312380942856156,1112,1412,Arizona,UAB,1834.2550485377794,1691.8971925596084,1,12
2022_1112_1151,0.8308590643637805,1112,1151,Arizona,Chattanooga,1834.2550485377794,1692.3075267872991,1,13
2022_1112_1255,0.8948323336710652,1112,1255,Arizona,Longwood,1834.2550485377794,1608.804247555333,1,14
2022_1112_1174,0.9152360082810624,1112,1174,Arizona,Delaware,1834.2550485377794,1572.5924542652383,1,15
2022_1112_1136,0.8998628946180287,1112,1136,Arizona,Bryant,1834.2550485377794,1600.501589692621,1,16
2022_1112_1460,0.9095721602211784,1112,1460,Arizona,Wright St,1834.2550485377794,1583.367797473222,1,16
2022_1397_1437,0.5762494691943241,1437,1397,Villanova,Tennessee,1825.6389527604601,1793.9138536658204,2,3
2022_1228_1437,0.6765424439054819,1437,1228,Villanova,Illinois,1825.6389527604601,1743.4717413030744,2,4
2022_1222_1437,0.5703907598286714,1437,1222,Villanova,Houston,1825.6389527604601,1827.554349059758,2,5
2022_1161_1437,0.7270030460519591,1437,1161,Villanova,Colorado St,1825.6389527604601,1736.7565025348324,2,6
2022_1326_1437,0.8439198584454572,1437,1326,Villanova,Ohio St,1825.6389527604601,1644.1052080865643,2,7
2022_1371_1437,0.8258905741874036,1437,1371,Villanova,Seton Hall,1825.6389527604601,1679.0038735560877,2,8
2022_1395_1437,0.8735080167815469,1437,1395,Villanova,TCU,1825.6389527604601,1631.9175900729285,2,9
2022_1260_1437,0.7851973159219255,1437,1260,Villanova,Loyola-Chicago,1825.6389527604601,1728.610266867969,2,10
2022_1276_1437,0.8407660253145913,1437,1276,Villanova,Michigan,1825.6389527604601,1672.715156428664,2,11
2022_1412_1437,0.8231364852017024,1437,1412,Villanova,UAB,1825.6389527604601,1691.8971925596084,2,12
2022_1151_1437,0.8227431396583672,1437,1151,Villanova,Chattanooga,1825.6389527604601,1692.3075267872991,2,13
2022_1255_1437,0.8893773517723788,1437,1255,Villanova,Longwood,1825.6389527604601,1608.804247555333,2,14
2022_1174_1437,0.9107337764420166,1437,1174,Villanova,Delaware,1825.6389527604601,1572.5924542652383,2,15
2022_1136_1437,0.8946381214048819,1437,1136,Villanova,Bryant,1825.6389527604601,1600.501589692621,2,16
2022_1437_1460,0.9048003853698193,1437,1460,Villanova,Wright St,1825.6389527604601,1583.367797473222,2,16
2022_1228_1397,0.6060005836144576,1397,1228,Tennessee,Illinois,1793.9138536658204,1743.4717413030744,3,4
2022_1222_1397,0.4940127501745004,1397,1222,Tennessee,Houston,1793.9138536658204,1827.554349059758,3,5
2022_1161_1397,0.6619674668343549,1397,1161,Tennessee,Colorado St,1793.9138536658204,1736.7565025348324,3,6
2022_1326_1397,0.7990379200207514,1397,1326,Tennessee,Ohio St,1793.9138536658204,1644.1052080865643,3,7
2022_1371_1397,0.7771929576967357,1397,1371,Tennessee,Seton Hall,1793.9138536658204,1679.0038735560877,3,8
2022_1395_1397,0.8399473900792533,1397,1395,Tennessee,TCU,1793.9138536658204,1631.9175900729285,3,9
2022_1260_1397,0.7479109726713423,1397,1260,Tennessee,Loyola-Chicago,1793.9138536658204,1728.610266867969,3,10
2022_1276_1397,0.8108012962821427,1397,1276,Tennessee,Michigan,1793.9138536658204,1672.715156428664,3,11
2022_1397_1412,0.790680164926385,1397,1412,Tennessee,UAB,1793.9138536658204,1691.8971925596084,3,12
2022_1151_1397,0.790233031357915,1397,1151,Tennessee,Chattanooga,1793.9138536658204,1692.3075267872991,3,13
2022_1255_1397,0.8671145055254215,1397,1255,Tennessee,Longwood,1793.9138536658204,1608.804247555333,3,14
2022_1174_1397,0.8922481987733136,1397,1174,Tennessee,Delaware,1793.9138536658204,1572.5924542652383,3,15
2022_1136_1397,0.8732831607326752,1397,1136,Tennessee,Bryant,1793.9138536658204,1600.501589692621,3,16
2022_1397_1460,0.8852409254618482,1397,1460,Tennessee,Wright St,1793.9138536658204,1583.367797473222,3,16
2022_1222_1228,0.3882957398775877,1228,1222,Illinois,Houston,1743.4717413030744,1827.554349059758,4,5
2022_1161_1228,0.5600937999339863,1228,1161,Illinois,Colorado St,1743.4717413030744,1736.7565025348324,4,6
2022_1228_1326,0.7210670401486884,1228,1326,Illinois,Ohio St,1743.4717413030744,1644.1052080865643,4,7
2022_1228_1371,0.6939923890257497,1228,1371,Illinois,Seton Hall,1743.4717413030744,1679.0038735560877,4,8
2022_1228_1395,0.7733465670643983,1228,1395,Illinois,TCU,1743.4717413030744,1631.9175900729285,4,9
2022_1228_1260,0.6659367153269096,1228,1260,Illinois,Loyola-Chicago,1743.4717413030744,1728.610266867969,4,10
2022_1228_1276,0.7546143751617619,1228,1276,Illinois,Michigan,1743.4717413030744,1672.715156428664,4,11
2022_1228_1412,0.730503938568973,1228,1412,Illinois,UAB,1743.4717413030744,1691.8971925596084,4,12
2022_1151_1228,0.7299721604876727,1228,1151,Illinois,Chattanooga,1743.4717413030744,1692.3075267872991,4,13
2022_1228_1255,0.8240213737388359,1228,1255,Illinois,Longwood,1743.4717413030744,1608.804247555333,4,14
2022_1174_1228,0.855951614421952,1228,1174,Illinois,Delaware,1743.4717413030744,1572.5924542652383,4,15
2022_1136_1228,0.8318024188971551,1228,1136,Illinois,Bryant,1743.4717413030744,1600.501589692621,4,16
2022_1228_1460,0.8469887041553158,1228,1460,Illinois,Wright St,1743.4717413030744,1583.367797473222,4,16
2022_1161_1222,0.6673057445779713,1222,1161,Houston,Colorado St,1827.554349059758,1736.7565025348324,5,6
2022_1222_1326,0.8028562169135093,1222,1326,Houston,Ohio St,1827.554349059758,1644.1052080865643,5,7
2022_1222_1371,0.7813127147670839,1222,1371,Houston,Seton Hall,1827.554349059758,1679.0038735560877,5,8
2022_1222_1395,0.8431409918992817,1222,1395,Houston,TCU,1827.554349059758,1631.9175900729285,5,9
2022_1222_1260,0.7584766501782104,1222,1260,Houston,Loyola-Chicago,1827.554349059758,1728.610266867969,5,10
2022_1222_1276,0.8335157160513927,1222,1276,Houston,Michigan,1827.554349059758,1672.715156428664,5,11
2022_1222_1412,0.8249635160282333,1222,1412,Houston,UAB,1827.554349059758,1691.8971925596084,5,12
2022_1151_1222,0.8245733678373266,1222,1151,Houston,Chattanooga,1827.554349059758,1692.3075267872991,5,13
2022_1222_1255,0.8906110388223454,1222,1255,Houston,Longwood,1827.554349059758,1608.804247555333,5,14
2022_1174_1222,0.9117529243288949,1222,1174,Houston,Delaware,1827.554349059758,1572.5924542652383,5,15
2022_1136_1222,0.8958200116457271,1222,1136,Houston,Bryant,1827.554349059758,1600.501589692621,5,16
2022_1222_1460,0.905880273765324,1222,1460,Houston,Wright St,1827.554349059758,1583.367797473222,5,16
2022_1161_1326,0.6700072618717849,1161,1326,Colorado St,Ohio St,1736.7565025348324,1644.1052080865643,6,7
2022_1161_1371,0.6404478049630562,1161,1371,Colorado St,Seton Hall,1736.7565025348324,1679.0038735560877,6,8
2022_1161_1395,0.7282501084173629,1161,1395,Colorado St,TCU,1736.7565025348324,1631.9175900729285,6,9
2022_1161_1260,0.6102400688563903,1161,1260,Colorado St,Loyola-Chicago,1736.7565025348324,1728.610266867969,6,10
2022_1161_1276,0.7139665256022848,1161,1276,Colorado St,Michigan,1736.7565025348324,1672.715156428664,6,11
2022_1161_1412,0.7083149863047313,1161,1412,Colorado St,UAB,1736.7565025348324,1691.8971925596084,6,12
2022_1151_1161,0.7211761144301231,1161,1151,Colorado St,Chattanooga,1736.7565025348324,1692.3075267872991,6,13
2022_1161_1255,0.8175231063404137,1161,1255,Colorado St,Longwood,1736.7565025348324,1608.804247555333,6,14
2022_1161_1174,0.8504183852909167,1161,1174,Colorado St,Delaware,1736.7565025348324,1572.5924542652383,6,15
2022_1136_1161,0.8255306425509482,1161,1136,Colorado St,Bryant,1736.7565025348324,1600.501589692621,6,16
2022_1161_1460,0.8411750725762089,1161,1460,Colorado St,Wright St,1736.7565025348324,1583.367797473222,6,16
2022_1326_1371,0.46731925092390947,1326,1371,Ohio St,Seton Hall,1644.1052080865643,1679.0038735560877,7,8
2022_1326_1395,0.5689441266282864,1326,1395,Ohio St,TCU,1644.1052080865643,1631.9175900729285,7,9
2022_1260_1326,0.43538916188279586,1326,1260,Ohio St,Loyola-Chicago,1644.1052080865643,1728.610266867969,7,10
2022_1276_1326,0.5514446358668479,1326,1276,Ohio St,Michigan,1644.1052080865643,1672.715156428664,7,11
2022_1326_1412,0.5446300244898906,1326,1412,Ohio St,UAB,1644.1052080865643,1691.8971925596084,7,12
2022_1151_1326,0.5683148790724624,1326,1151,Ohio St,Chattanooga,1644.1052080865643,1692.3075267872991,7,13
2022_1255_1326,0.7089149208676542,1326,1255,Ohio St,Longwood,1644.1052080865643,1608.804247555333,7,14
2022_1174_1326,0.7555343798446204,1326,1174,Ohio St,Delaware,1644.1052080865643,1572.5924542652383,7,15
2022_1136_1326,0.7200564375651961,1326,1136,Ohio St,Bryant,1644.1052080865643,1600.501589692621,7,16
2022_1326_1460,0.7422051580448933,1326,1460,Ohio St,Wright St,1644.1052080865643,1583.367797473222,7,16
2022_1371_1395,0.6007171540133996,1371,1395,Seton Hall,TCU,1679.0038735560877,1631.9175900729285,8,9
2022_1260_1371,0.4677979283214885,1371,1260,Seton Hall,Loyola-Chicago,1679.0038735560877,1728.610266867969,8,10
2022_1276_1371,0.5835634211907751,1371,1276,Seton Hall,Michigan,1679.0038735560877,1672.715156428664,8,11
2022_1371_1412,0.5768623455350663,1371,1412,Seton Hall,UAB,1679.0038735560877,1691.8971925596084,8,12
2022_1151_1371,0.6001016874778057,1371,1151,Seton Hall,Chattanooga,1679.0038735560877,1692.3075267872991,8,13
2022_1255_1371,0.7415276318841105,1371,1255,Seton Hall,Longwood,1679.0038735560877,1608.804247555333,8,14
2022_1174_1371,0.7954250882314601,1371,1174,Seton Hall,Delaware,1679.0038735560877,1572.5924542652383,8,15
2022_1136_1371,0.7639274088195815,1371,1136,Seton Hall,Bryant,1679.0038735560877,1600.501589692621,8,16
2022_1371_1460,0.7836480398574126,1371,1460,Seton Hall,Wright St,1679.0038735560877,1583.367797473222,8,16
2022_1260_1395,0.36878307820944545,1395,1260,TCU,Loyola-Chicago,1631.9175900729285,1728.610266867969,9,10
2022_1276_1395,0.4822486671392116,1395,1276,TCU,Michigan,1631.9175900729285,1672.715156428664,9,11
2022_1395_1412,0.4753829129141616,1395,1412,TCU,UAB,1631.9175900729285,1691.8971925596084,9,12
2022_1151_1395,0.4993586700190515,1395,1151,TCU,Chattanooga,1631.9175900729285,1692.3075267872991,9,13
2022_1255_1395,0.6559887965693358,1395,1255,TCU,Longwood,1631.9175900729285,1608.804247555333,9,14
2022_1174_1395,0.7275806760305594,1395,1174,TCU,Delaware,1631.9175900729285,1572.5924542652383,9,15
2022_1136_1395,0.7036127996542085,1395,1136,TCU,Bryant,1631.9175900729285,1600.501589692621,9,16
2022_1395_1460,0.7265684810018923,1395,1460,TCU,Wright St,1631.9175900729285,1583.367797473222,9,16
2022_1260_1276,0.6145327016817363,1260,1276,Loyola-Chicago,Michigan,1728.610266867969,1672.715156428664,10,11
2022_1260_1412,0.6079952098777677,1260,1412,Loyola-Chicago,UAB,1728.610266867969,1691.8971925596084,10,12
2022_1151_1260,0.6306195601017235,1260,1151,Loyola-Chicago,Chattanooga,1728.610266867969,1692.3075267872991,10,13
2022_1255_1260,0.7654707079589368,1260,1255,Loyola-Chicago,Longwood,1728.610266867969,1608.804247555333,10,14
2022_1174_1260,0.8205124660950197,1260,1174,Loyola-Chicago,Delaware,1728.610266867969,1572.5924542652383,10,15
2022_1136_1260,0.8076631069791138,1260,1136,Loyola-Chicago,Bryant,1728.610266867969,1600.501589692621,10,16
2022_1260_1460,0.8245692254283226,1260,1460,Loyola-Chicago,Wright St,1728.610266867969,1583.367797473222,10,16
2022_1276_1412,0.4931222238043739,1276,1412,Michigan,UAB,1672.715156428664,1691.8971925596084,11,12
2022_1151_1276,0.5171107820680305,1276,1151,Michigan,Chattanooga,1672.715156428664,1692.3075267872991,11,13
2022_1255_1276,0.671836858168245,1276,1255,Michigan,Longwood,1672.715156428664,1608.804247555333,11,14
2022_1174_1276,0.7414306248730584,1276,1174,Michigan,Delaware,1672.715156428664,1572.5924542652383,11,15
2022_1136_1276,0.724818571063412,1276,1136,Michigan,Bryant,1672.715156428664,1600.501589692621,11,16
2022_1276_1460,0.7467230469570543,1276,1460,Michigan,Wright St,1672.715156428664,1583.367797473222,11,16
2022_1151_1412,0.5239772712864508,1412,1151,UAB,Chattanooga,1691.8971925596084,1692.3075267872991,12,13
2022_1255_1412,0.6778737501180364,1412,1255,UAB,Longwood,1691.8971925596084,1608.804247555333,12,14
2022_1174_1412,0.7466700131142501,1412,1174,UAB,Delaware,1691.8971925596084,1572.5924542652383,12,15
2022_1136_1412,0.7302721125697341,1412,1136,UAB,Bryant,1691.8971925596084,1600.501589692621,12,16
2022_1412_1460,0.7518910813053149,1412,1460,UAB,Wright St,1691.8971925596084,1583.367797473222,12,16
2022_1151_1255,0.6565674743269294,1151,1255,Chattanooga,Longwood,1692.3075267872991,1608.804247555333,13,14
2022_1151_1174,0.7280888438116706,1151,1174,Chattanooga,Delaware,1692.3075267872991,1572.5924542652383,13,15
2022_1136_1151,0.7109537954413283,1151,1136,Chattanooga,Bryant,1692.3075267872991,1600.501589692621,13,16
2022_1151_1460,0.7335562111836749,1151,1460,Chattanooga,Wright St,1692.3075267872991,1583.367797473222,13,16
2022_1174_1255,0.5834404328695,1255,1174,Longwood,Delaware,1608.804247555333,1572.5924542652383,14,15
2022_1136_1255,0.5626652830606008,1255,1136,Longwood,Bryant,1608.804247555333,1600.501589692621,14,16
2022_1255_1460,0.5901791748131124,1255,1460,Longwood,Wright St,1608.804247555333,1583.367797473222,14,16
2022_1136_1174,0.47878105005215027,1174,1136,Delaware,Bryant,1572.5924542652383,1600.501589692621,15,16
2022_1174_1460,0.5069478611526458,1174,1460,Delaware,Wright St,1572.5924542652383,1583.367797473222,15,16
2022_1136_1460,0.5281502107727901,1136,1460,Bryant,Wright St,1600.501589692621,1583.367797473222,16,16
