ID,Pred,Team1ID,Team2ID,Team1Name,Team2Name,Team1ELO,Team2ELO,Team1Seed,Team2Seed
2024_3323_3376,0.7730097009934302,3376,3323,South Carolina,Notre Dame,2056.742730683973,1885.4805541450594,1,2
2024_3333_3376,0.9062879716853873,3376,3333,South Carolina,Oregon St,2056.742730683973,1741.8279233342764,1,3
2024_3231_3376,0.8499117382012392,3376,3231,South Carolina,Indiana,2056.742730683973,1838.1832459027808,1,4
2024_3328_3376,0.9034686320028631,3376,3328,South Carolina,Oklahoma,2056.742730683973,1776.8071144497774,1,5
2024_3304_3376,0.9461765518651574,3376,3304,South Carolina,Nebraska,2056.742730683973,1695.9924981824245,1,6
2024_3279_3376,0.9145751724412933,3376,3279,South Carolina,Mississippi,2056.742730683973,1786.3703767977413,1,7
2024_3314_3376,0.9527660536002113,3376,3314,South Carolina,North Carolina,2056.742730683973,1700.0865157365076,1,8
2024_3277_3376,0.9545761364260499,3376,3277,South Carolina,Michigan St,2056.742730683973,1693.8584548587664,1,9
2024_3266_3376,0.9438074879648781,3376,3266,South Carolina,Marquette,2056.742730683973,1727.920990711213,1,10
2024_3376_3401,0.9731216583330126,3376,3401,South Carolina,Texas A&M,2056.742730683973,1611.1750967639034,1,11
2024_3195_3376,0.9084724227739934,3376,3195,South Carolina,FL Gulf Coast,2056.742730683973,1807.876806976903,1,12
2024_3193_3376,0.9379533477578231,3376,3193,South Carolina,Fairfield,2056.742730683973,1743.9307213061684,1,13
2024_3186_3376,0.9518971415868519,3376,3186,South Carolina,E Washington,2056.742730683973,1702.9960322081502,1,14
2024_3245_3376,0.9617322921542893,3376,3245,South Carolina,Kent,2056.742730683973,1666.6651185549856,1,15
2024_3342_3376,0.9911206438327036,3376,3342,South Carolina,Presbyterian,2056.742730683973,1440.0319648053332,1,16
2024_3357_3376,0.978884045313537,3376,3357,South Carolina,Sacred Heart,2056.742730683973,1573.6005456379667,1,16
2024_3376_3400,0.7663651087881304,3376,3400,South Carolina,Texas,2056.742730683973,1876.178422728389,1,1
2024_3376_3390,0.7846425419967085,3376,3390,South Carolina,Stanford,2056.742730683973,1875.2135534976353,1,2
2024_3301_3376,0.8419400518493763,3376,3301,South Carolina,NC State,2056.742730683973,1832.4819635554175,1,3
2024_3211_3376,0.8323401292308641,3376,3211,South Carolina,Gonzaga,2056.742730683973,1858.1876334071728,1,4
2024_3376_3428,0.9116172167916988,3376,3428,South Carolina,Utah,2056.742730683973,1762.0370348912932,1,5
2024_3376_3397,0.9223794931601859,3376,3397,South Carolina,Tennessee,2056.742730683973,1755.5161230419328,1,6
2024_3235_3376,0.9324285522586121,3376,3235,South Carolina,Iowa St,2056.742730683973,1747.7944117468137,1,7
2024_3104_3376,0.9437018124696587,3376,3104,South Carolina,Alabama,2056.742730683973,1728.2235991545258,1,8
2024_3199_3376,0.9426054979928737,3376,3199,South Carolina,Florida St,2056.742730683973,1731.3318438886506,1,9
2024_3268_3376,0.9399477988842736,3376,3268,South Carolina,Maryland,2056.742730683973,1738.6415489962658,1,10
2024_3376_3453,0.9332426160003909,3376,3453,South Carolina,WI Green Bay,2056.742730683973,1755.8193922713324,1,11
2024_3355_3376,0.9089267143278345,3376,3355,South Carolina,S Dakota St,2056.742730683973,1807.0444786381895,1,12
2024_3376_3414,0.964147281589818,3376,3414,South Carolina,UC Irvine,2056.742730683973,1656.3752788526392,1,13
2024_3151_3376,0.9561042011133983,3376,3151,South Carolina,Chattanooga,2056.742730683973,1688.4139365134167,1,14
2024_3313_3376,0.9592099803128347,3376,3313,South Carolina,Norfolk St,2056.742730683973,1676.7668098191193,1,15
2024_3180_3376,0.9715677410302272,3376,3180,South Carolina,Drexel,2056.742730683973,1619.9611285709493,1,16
2024_3234_3376,0.7200441320862242,3376,3234,South Carolina,Iowa,2056.742730683973,1913.1483914363243,1,1
2024_3376_3417,0.8297133356051906,3376,3417,South Carolina,UCLA,2056.742730683973,1831.0311295413612,1,2
2024_3261_3376,0.7790432638395209,3376,3261,South Carolina,LSU,2056.742730683973,1895.2037149888847,1,3
2024_3243_3376,0.9184741682878397,3376,3243,South Carolina,Kansas St,2056.742730683973,1733.6226327573718,1,4
2024_3160_3376,0.9222241834541992,3376,3160,South Carolina,Colorado,2056.742730683973,1740.8455561689786,1,5
2024_3257_3376,0.9111802386514428,3376,3257,South Carolina,Louisville,2056.742730683973,1777.859589035021,1,6
2024_3166_3376,0.8967560133566088,3376,3166,South Carolina,Creighton,2056.742730683973,1818.159394610845,1,7
2024_3376_3452,0.9509925672687506,3376,3452,South Carolina,West Virginia,2056.742730683973,1705.972421133595,1,8
2024_3343_3376,0.8814932502004432,3376,3343,South Carolina,Princeton,2056.742730683973,1851.7261643002205,1,9
2024_3376_3424,0.8927064434741178,3376,3424,South Carolina,UNLV,2056.742730683973,1834.6954708399526,1,10
2024_3292_3376,0.8980827540787434,3376,3292,South Carolina,MTSU,2056.742730683973,1825.9686936108571,1,11
2024_3179_3376,0.9159054520559369,3376,3179,South Carolina,Drake,2056.742730683973,1793.7637493219408,1,12
2024_3339_3376,0.9632636783115587,3376,3339,South Carolina,Portland,2056.742730683973,1660.2154003231187,1,13
2024_3349_3376,0.9745290072124854,3376,3349,South Carolina,Rice,2056.742730683973,1602.7806164848662,1,14
2024_3376_3465,0.9362673657280638,3376,3465,South Carolina,Cal Baptist,2056.742730683973,1748.2794249498818,1,15
2024_3221_3376,0.9811933604795073,3376,3221,South Carolina,Holy Cross,2056.742730683973,1555.6375404933337,1,16
2024_3376_3404,0.9898451144421252,3376,3404,South Carolina,TN Martin,2056.742730683973,1460.6304570200384,1,16
2024_3376_3425,0.8081784506704872,3376,3425,South Carolina,USC,2056.742730683973,1838.1292755662923,1,1
2024_3326_3376,0.8121488923118845,3376,3326,South Carolina,Ohio St,2056.742730683973,1849.2050670726867,1,2
2024_3163_3376,0.7480418462425193,3376,3163,South Carolina,Connecticut,2056.742730683973,1921.3336140603578,1,3
2024_3376_3439,0.8421611940629401,3376,3439,South Carolina,Virginia Tech,2056.742730683973,1847.229227065635,1,4
2024_3124_3376,0.9119925425577279,3376,3124,South Carolina,Baylor,2056.742730683973,1761.3275962097346,1,5
2024_3376_3393,0.9333052194597178,3376,3393,South Carolina,Syracuse,2056.742730683973,1730.6665843168998,1,6
2024_3181_3376,0.9303716261274001,3376,3181,South Carolina,Duke,2056.742730683973,1752.688159118207,1,7
2024_3242_3376,0.9511283805364072,3376,3242,South Carolina,Kansas,2056.742730683973,1705.528887123695,1,8
2024_3276_3376,0.9583193136709734,3376,3276,South Carolina,Michigan,2056.742730683973,1680.1913479376847,1,9
2024_3350_3376,0.9233533810153103,3376,3350,South Carolina,Richmond,2056.742730683973,1778.4365011097805,1,10
2024_3112_3376,0.9624854576059536,3376,3112,South Carolina,Arizona,2056.742730683973,1663.5246475881788,1,11
2024_3120_3376,0.960687593865856,3376,3120,South Carolina,Auburn,2056.742730683973,1670.9243359044353,1,11
2024_3162_3376,0.920579670669579,3376,3162,South Carolina,Columbia,2056.742730683973,1784.2973369270142,1,12
2024_3376_3435,0.965626803067505,3376,3435,South Carolina,Vanderbilt,2056.742730683973,1649.7364456557825,1,12
2024_3267_3376,0.9492576219537087,3376,3267,South Carolina,Marshall,2056.742730683973,1711.538083968918,1,13
2024_3238_3376,0.9543581822013327,3376,3238,South Carolina,Jackson St,2056.742730683973,1694.6207667651774,1,14
2024_3263_3376,0.9667339775667619,3376,3263,South Carolina,Maine,2056.742730683973,1644.585593286405,1,15
2024_3376_3394,0.9779343363260459,3376,3394,South Carolina,TAM C. Christi,2056.742730683973,1580.4352854776812,1,16
2024_3323_3333,0.7395721978322639,3323,3333,Notre Dame,Oregon St,1885.4805541450594,1741.8279233342764,2,3
2024_3231_3323,0.6244605558208266,3323,3231,Notre Dame,Indiana,1885.4805541450594,1838.1832459027808,2,4
2024_3323_3328,0.7332136654988515,3323,3328,Notre Dame,Oklahoma,1885.4805541450594,1776.8071144497774,2,5
2024_3304_3323,0.8377165980157584,3323,3304,Notre Dame,Nebraska,1885.4805541450594,1695.9924981824245,2,6
2024_3279_3323,0.7586767668452615,3323,3279,Notre Dame,Mississippi,1885.4805541450594,1786.3703767977413,2,7
2024_3314_3323,0.8595752129999849,3323,3314,Notre Dame,North Carolina,1885.4805541450594,1700.0865157365076,2,8
2024_3277_3323,0.8719741642869111,3323,3277,Notre Dame,Michigan St,1885.4805541450594,1693.8584548587664,2,9
2024_3266_3323,0.8448067257885112,3323,3266,Notre Dame,Marquette,1885.4805541450594,1727.920990711213,2,10
2024_3323_3401,0.9214697601968465,3323,3401,Notre Dame,Texas A&M,1885.4805541450594,1611.1750967639034,2,11
2024_3195_3323,0.7628596874101957,3323,3195,Notre Dame,FL Gulf Coast,1885.4805541450594,1807.876806976903,2,12
2024_3193_3323,0.8304910683857537,3323,3193,Notre Dame,Fairfield,1885.4805541450594,1743.9307213061684,2,13
2024_3186_3323,0.8651118960991021,3323,3186,Notre Dame,E Washington,1885.4805541450594,1702.9960322081502,2,14
2024_3245_3323,0.8906529062345424,3323,3245,Notre Dame,Kent,1885.4805541450594,1666.6651185549856,2,15
2024_3323_3342,0.9731011661695859,3323,3342,Notre Dame,Presbyterian,1885.4805541450594,1440.0319648053332,2,16
2024_3323_3357,0.937595556300729,3323,3357,Notre Dame,Sacred Heart,1885.4805541450594,1573.6005456379667,2,16
2024_3323_3400,0.4906297919931877,3323,3400,Notre Dame,Texas,1885.4805541450594,1876.178422728389,2,1
2024_3323_3390,0.5168797562801798,3323,3390,Notre Dame,Stanford,1885.4805541450594,1875.2135534976353,2,2
2024_3301_3323,0.6100090161827928,3323,3301,Notre Dame,NC State,1885.4805541450594,1832.4819635554175,2,3
2024_3211_3323,0.593129909620508,3323,3211,Notre Dame,Gonzaga,1885.4805541450594,1858.1876334071728,2,4
2024_3323_3428,0.7517856723009345,3323,3428,Notre Dame,Utah,1885.4805541450594,1762.0370348912932,2,5
2024_3323_3397,0.7772549828856015,3323,3397,Notre Dame,Tennessee,1885.4805541450594,1755.5161230419328,2,6
2024_3235_3323,0.8020605119879626,3323,3235,Notre Dame,Iowa St,1885.4805541450594,1747.7944117468137,2,7
2024_3104_3323,0.835711256197109,3323,3104,Notre Dame,Alabama,1885.4805541450594,1728.2235991545258,2,8
2024_3199_3323,0.841841922568639,3323,3199,Notre Dame,Florida St,1885.4805541450594,1731.3318438886506,2,9
2024_3268_3323,0.8353333911958649,3323,3268,Notre Dame,Maryland,1885.4805541450594,1738.6415489962658,2,10
2024_3323_3453,0.8191942809502678,3323,3453,Notre Dame,WI Green Bay,1885.4805541450594,1755.8193922713324,2,11
2024_3323_3355,0.7638488476330727,3323,3355,Notre Dame,S Dakota St,1885.4805541450594,1807.0444786381895,2,12
2024_3323_3414,0.8970734923186018,3323,3414,Notre Dame,UC Irvine,1885.4805541450594,1656.3752788526392,2,13
2024_3151_3323,0.8759197764492151,3323,3151,Notre Dame,Chattanooga,1885.4805541450594,1688.4139365134167,2,14
2024_3313_3323,0.8840106233265922,3323,3313,Notre Dame,Norfolk St,1885.4805541450594,1676.7668098191193,2,15
2024_3180_3323,0.9171838244463262,3323,3180,Notre Dame,Drexel,1885.4805541450594,1619.9611285709493,2,16
2024_3234_3323,0.43028124130002054,3323,3234,Notre Dame,Iowa,1885.4805541450594,1913.1483914363243,2,1
2024_3323_3417,0.5886077023638364,3323,3417,Notre Dame,UCLA,1885.4805541450594,1831.0311295413612,2,2
2024_3261_3323,0.5086779650494252,3323,3261,Notre Dame,LSU,1885.4805541450594,1895.2037149888847,2,3
2024_3243_3323,0.767885444822086,3323,3243,Notre Dame,Kansas St,1885.4805541450594,1733.6226327573718,2,4
2024_3160_3323,0.7768795370456344,3323,3160,Notre Dame,Colorado,1885.4805541450594,1740.8455561689786,2,5
2024_3257_3323,0.7507745024605267,3323,3257,Notre Dame,Louisville,1885.4805541450594,1777.859589035021,2,6
2024_3166_3323,0.7183525826901965,3323,3166,Notre Dame,Creighton,1885.4805541450594,1818.159394610845,2,7
2024_3323_3452,0.8548358172470645,3323,3452,Notre Dame,West Virginia,1885.4805541450594,1705.972421133595,2,8
2024_3323_3343,0.7068108912162927,3323,3343,Notre Dame,Princeton,1885.4805541450594,1851.7261643002205,2,9
2024_3323_3424,0.7294802331246134,3323,3424,Notre Dame,UNLV,1885.4805541450594,1834.6954708399526,2,10
2024_3292_3323,0.7406594642299107,3323,3292,Notre Dame,MTSU,1885.4805541450594,1825.9686936108571,2,11
2024_3179_3323,0.7792445342329181,3323,3179,Notre Dame,Drake,1885.4805541450594,1793.7637493219408,2,12
2024_3323_3339,0.8947173412323387,3323,3339,Notre Dame,Portland,1885.4805541450594,1660.2154003231187,2,13
2024_3323_3349,0.9253742009928974,3323,3349,Notre Dame,Rice,1885.4805541450594,1602.7806164848662,2,14
2024_3323_3465,0.8264254093905129,3323,3465,Notre Dame,Cal Baptist,1885.4805541450594,1748.2794249498818,2,15
2024_3221_3323,0.944162756667873,3323,3221,Notre Dame,Holy Cross,1885.4805541450594,1555.6375404933337,2,16
2024_3323_3404,0.9693172531529123,3323,3404,Notre Dame,TN Martin,1885.4805541450594,1460.6304570200384,2,16
2024_3323_3425,0.553008319287747,3323,3425,Notre Dame,USC,1885.4805541450594,1838.1292755662923,2,1
2024_3323_3326,0.5593808628213088,3323,3326,Notre Dame,Ohio St,1885.4805541450594,1849.2050670726867,2,2
2024_3163_3323,0.46575658663051356,3323,3163,Notre Dame,Connecticut,1885.4805541450594,1921.3336140603578,2,3
2024_3323_3439,0.6104044983303109,3323,3439,Notre Dame,Virginia Tech,1885.4805541450594,1847.229227065635,2,4
2024_3124_3323,0.7526555787504869,3323,3124,Notre Dame,Baylor,1885.4805541450594,1761.3275962097346,2,5
2024_3323_3393,0.8042735254494559,3323,3393,Notre Dame,Syracuse,1885.4805541450594,1730.6665843168998,2,6
2024_3181_3323,0.7968994983050788,3323,3181,Notre Dame,Duke,1885.4805541450594,1752.688159118207,2,7
2024_3242_3323,0.8551975326626641,3323,3242,Notre Dame,Kansas,1885.4805541450594,1705.528887123695,2,8
2024_3276_3323,0.8816804915781437,3323,3276,Notre Dame,Michigan,1885.4805541450594,1680.1913479376847,2,9
2024_3323_3350,0.7961015096776828,3323,3350,Notre Dame,Richmond,1885.4805541450594,1778.4365011097805,2,10
2024_3112_3323,0.8926488654664311,3323,3112,Notre Dame,Arizona,1885.4805541450594,1663.5246475881788,2,11
2024_3120_3323,0.8878939513841265,3323,3120,Notre Dame,Auburn,1885.4805541450594,1670.9243359044353,2,11
2024_3162_3323,0.789771242355042,3323,3162,Notre Dame,Columbia,1885.4805541450594,1784.2973369270142,2,12
2024_3323_3435,0.901036816947319,3323,3435,Notre Dame,Vanderbilt,1885.4805541450594,1649.7364456557825,2,12
2024_3267_3323,0.8584185594606806,3323,3267,Notre Dame,Marshall,1885.4805541450594,1711.538083968918,2,13
2024_3238_3323,0.871413256329471,3323,3238,Notre Dame,Jackson St,1885.4805541450594,1694.6207667651774,2,14
2024_3263_3323,0.9040176643048449,3323,3263,Notre Dame,Maine,1885.4805541450594,1644.585593286405,2,15
2024_3323_3394,0.9349123347255253,3323,3394,Notre Dame,TAM C. Christi,1885.4805541450594,1580.4352854776812,2,16
2024_3231_3333,0.3692998630125189,3333,3231,Oregon St,Indiana,1741.8279233342764,1838.1832459027808,3,4
2024_3328_3333,0.49181143846173914,3333,3328,Oregon St,Oklahoma,1741.8279233342764,1776.8071144497774,3,5
2024_3304_3333,0.6451046093302608,3333,3304,Oregon St,Nebraska,1741.8279233342764,1695.9924981824245,3,6
2024_3279_3333,0.525401196612314,3333,3279,Oregon St,Mississippi,1741.8279233342764,1786.3703767977413,3,7
2024_3314_3333,0.6830924398034242,3333,3314,Oregon St,North Carolina,1741.8279233342764,1700.0865157365076,3,8
2024_3277_3333,0.7125242723390731,3333,3277,Oregon St,Michigan St,1741.8279233342764,1693.8584548587664,3,9
2024_3266_3333,0.6790419734063732,3333,3266,Oregon St,Marquette,1741.8279233342764,1727.920990711213,3,10
2024_3333_3401,0.8201585685751043,3333,3401,Oregon St,Texas A&M,1741.8279233342764,1611.1750967639034,3,11
2024_3195_3333,0.5556085294953845,3333,3195,Oregon St,FL Gulf Coast,1741.8279233342764,1807.876806976903,3,12
2024_3193_3333,0.6556678379440137,3333,3193,Oregon St,Fairfield,1741.8279233342764,1743.9307213061684,3,13
2024_3186_3333,0.7136850368515317,3333,3186,Oregon St,E Washington,1741.8279233342764,1702.9960322081502,3,14
2024_3245_3333,0.7599423749268513,3333,3245,Oregon St,Kent,1741.8279233342764,1666.6651185549856,3,15
2024_3333_3342,0.933599384685361,3333,3342,Oregon St,Presbyterian,1741.8279233342764,1440.0319648053332,3,16
2024_3333_3357,0.85378711109878,3333,3357,Oregon St,Sacred Heart,1741.8279233342764,1573.6005456379667,3,16
2024_3333_3400,0.2532730456150229,3333,3400,Oregon St,Texas,1741.8279233342764,1876.178422728389,3,1
2024_3333_3390,0.27364613040507896,3333,3390,Oregon St,Stanford,1741.8279233342764,1875.2135534976353,3,2
2024_3301_3333,0.3551686371056691,3333,3301,Oregon St,NC State,1741.8279233342764,1832.4819635554175,3,3
2024_3211_3333,0.33920775153343435,3333,3211,Oregon St,Gonzaga,1741.8279233342764,1858.1876334071728,3,4
2024_3333_3428,0.5160975445492971,3333,3428,Oregon St,Utah,1741.8279233342764,1762.0370348912932,3,5
2024_3333_3397,0.5513172946390505,3333,3397,Oregon St,Tennessee,1741.8279233342764,1755.5161230419328,3,6
2024_3235_3333,0.5879449713574555,3333,3235,Oregon St,Iowa St,1741.8279233342764,1747.7944117468137,3,7
2024_3104_3333,0.6417370479027398,3333,3104,Oregon St,Alabama,1741.8279233342764,1728.2235991545258,3,8
2024_3199_3333,0.6595175655740478,3333,3199,Oregon St,Florida St,1741.8279233342764,1731.3318438886506,3,9
2024_3268_3333,0.6634806460543621,3333,3268,Oregon St,Maryland,1741.8279233342764,1738.6415489962658,3,10
2024_3333_3453,0.63780137834446,3333,3453,Oregon St,WI Green Bay,1741.8279233342764,1755.8193922713324,3,11
2024_3333_3355,0.5569601153518934,3333,3355,Oregon St,S Dakota St,1741.8279233342764,1807.0444786381895,3,12
2024_3333_3414,0.7720738540509271,3333,3414,Oregon St,UC Irvine,1741.8279233342764,1656.3752788526392,3,13
2024_3151_3333,0.7328796450383468,3333,3151,Oregon St,Chattanooga,1741.8279233342764,1688.4139365134167,3,14
2024_3313_3333,0.7476100969990412,3333,3313,Oregon St,Norfolk St,1741.8279233342764,1676.7668098191193,3,15
2024_3180_3333,0.8114746240615339,3333,3180,Oregon St,Drexel,1741.8279233342764,1619.9611285709493,3,16
2024_3234_3333,0.2100788780235853,3333,3234,Oregon St,Iowa,1741.8279233342764,1913.1483914363243,3,1
2024_3333_3417,0.3350273884097544,3333,3417,Oregon St,UCLA,1741.8279233342764,1831.0311295413612,3,2
2024_3261_3333,0.2671695499774545,3333,3261,Oregon St,LSU,1741.8279233342764,1895.2037149888847,3,3
2024_3243_3333,0.538091873515908,3333,3243,Oregon St,Kansas St,1741.8279233342764,1733.6226327573718,3,4
2024_3160_3333,0.5507811228079785,3333,3160,Oregon St,Colorado,1741.8279233342764,1740.8455561689786,3,5
2024_3257_3333,0.51474597458798,3333,3257,Oregon St,Louisville,1741.8279233342764,1777.859589035021,3,6
2024_3166_3333,0.4731653791014868,3333,3166,Oregon St,Creighton,1741.8279233342764,1818.159394610845,3,7
2024_3333_3452,0.674651158735701,3333,3452,Oregon St,West Virginia,1741.8279233342764,1705.972421133595,3,8
2024_3333_3343,0.4673199461238305,3333,3343,Oregon St,Princeton,1741.8279233342764,1851.7261643002205,3,9
2024_3333_3424,0.5117286186609464,3333,3424,Oregon St,UNLV,1741.8279233342764,1834.6954708399526,3,10
2024_3292_3333,0.5260600967388744,3333,3292,Oregon St,MTSU,1741.8279233342764,1825.9686936108571,3,11
2024_3179_3333,0.5783991742575385,3333,3179,Oregon St,Drake,1741.8279233342764,1793.7637493219408,3,12
2024_3333_3339,0.7675975685229878,3333,3339,Oregon St,Portland,1741.8279233342764,1660.2154003231187,3,13
2024_3333_3349,0.828160759891771,3333,3349,Oregon St,Rice,1741.8279233342764,1602.7806164848662,3,14
2024_3333_3465,0.6491803338360796,3333,3465,Oregon St,Cal Baptist,1741.8279233342764,1748.2794249498818,3,15
2024_3221_3333,0.8679316591002683,3333,3221,Oregon St,Holy Cross,1741.8279233342764,1555.6375404933337,3,16
2024_3333_3404,0.9246887339818438,3333,3404,Oregon St,TN Martin,1741.8279233342764,1460.6304570200384,3,16
2024_3333_3425,0.30345201897990004,3333,3425,Oregon St,USC,1741.8279233342764,1838.1292755662923,3,1
2024_3326_3333,0.30893637771043697,3333,3326,Oregon St,Ohio St,1741.8279233342764,1849.2050670726867,3,2
2024_3163_3333,0.23488418525850438,3333,3163,Oregon St,Connecticut,1741.8279233342764,1921.3336140603578,3,3
2024_3333_3439,0.3555495282281392,3333,3439,Oregon St,Virginia Tech,1741.8279233342764,1847.229227065635,3,4
2024_3124_3333,0.5172630618139682,3333,3124,Oregon St,Baylor,1741.8279233342764,1761.3275962097346,3,5
2024_3333_3393,0.591332122137155,3333,3393,Oregon St,Syracuse,1741.8279233342764,1730.6665843168998,3,6
2024_3181_3333,0.5801237446488271,3333,3181,Oregon St,Duke,1741.8279233342764,1752.688159118207,3,7
2024_3242_3333,0.6752913084110899,3333,3242,Oregon St,Kansas,1741.8279233342764,1705.528887123695,3,8
2024_3276_3333,0.7305842653054518,3333,3276,Oregon St,Michigan,1741.8279233342764,1680.1913479376847,3,9
2024_3333_3350,0.6027748297535375,3333,3350,Oregon St,Richmond,1741.8279233342764,1778.4365011097805,3,10
2024_3112_3333,0.7636912163068401,3333,3112,Oregon St,Arizona,1741.8279233342764,1663.5246475881788,3,11
2024_3120_3333,0.7547934109116475,3333,3120,Oregon St,Auburn,1741.8279233342764,1670.9243359044353,3,11
2024_3162_3333,0.5935071831750975,3333,3162,Oregon St,Columbia,1741.8279233342764,1784.2973369270142,3,12
2024_3333_3435,0.7796682611545748,3333,3435,Oregon St,Vanderbilt,1741.8279233342764,1649.7364456557825,3,12
2024_3267_3333,0.7020654268512808,3333,3267,Oregon St,Marshall,1741.8279233342764,1711.538083968918,3,13
2024_3238_3333,0.72481015963921,3333,3238,Oregon St,Jackson St,1741.8279233342764,1694.6207667651774,3,14
2024_3263_3333,0.7854342802898444,3333,3263,Oregon St,Maine,1741.8279233342764,1644.585593286405,3,15
2024_3333_3394,0.8480842239946202,3333,3394,Oregon St,TAM C. Christi,1741.8279233342764,1580.4352854776812,3,16
2024_3231_3328,0.6230383005015444,3231,3328,Indiana,Oklahoma,1838.1832459027808,1776.8071144497774,4,5
2024_3231_3304,0.7563572854370515,3231,3304,Indiana,Nebraska,1838.1832459027808,1695.9924981824245,4,6
2024_3231_3279,0.6540555134306317,3231,3279,Indiana,Mississippi,1838.1832459027808,1786.3703767977413,4,7
2024_3231_3314,0.7863800420817691,3231,3314,Indiana,North Carolina,1838.1832459027808,1700.0865157365076,4,8
2024_3231_3277,0.8089028872476625,3231,3277,Indiana,Michigan St,1838.1832459027808,1693.8584548587664,4,9
2024_3231_3266,0.7887635113339045,3231,3266,Indiana,Marquette,1838.1832459027808,1727.920990711213,4,10
2024_3231_3401,0.8957926187714432,3231,3401,Indiana,Texas A&M,1838.1832459027808,1611.1750967639034,4,11
2024_3195_3231,0.7020882687993739,3231,3195,Indiana,FL Gulf Coast,1838.1832459027808,1807.876806976903,4,12
2024_3193_3231,0.7821008466105538,3231,3193,Indiana,Fairfield,1838.1832459027808,1743.9307213061684,4,13
2024_3186_3231,0.8245166347378987,3231,3186,Indiana,E Washington,1838.1832459027808,1702.9960322081502,4,14
2024_3231_3245,0.856469039781833,3231,3245,Indiana,Kent,1838.1832459027808,1666.6651185549856,4,15
2024_3231_3342,0.9636398733487358,3231,3342,Indiana,Presbyterian,1838.1832459027808,1440.0319648053332,4,16
2024_3231_3357,0.9167145271526781,3231,3357,Indiana,Sacred Heart,1838.1832459027808,1573.6005456379667,4,16
2024_3231_3400,0.36679064253075416,3231,3400,Indiana,Texas,1838.1832459027808,1876.178422728389,4,1
2024_3231_3390,0.39150748847808675,3231,3390,Indiana,Stanford,1838.1832459027808,1875.2135534976353,4,2
2024_3231_3301,0.4847111329434381,3231,3301,Indiana,NC State,1838.1832459027808,1832.4819635554175,4,3
2024_3211_3231,0.4671461162941595,3231,3211,Indiana,Gonzaga,1838.1832459027808,1858.1876334071728,4,4
2024_3231_3428,0.6455725711484823,3231,3428,Indiana,Utah,1838.1832459027808,1762.0370348912932,4,5
2024_3231_3397,0.6772617281704916,3231,3397,Indiana,Tennessee,1838.1832459027808,1755.5161230419328,4,6
2024_3231_3235,0.7090342009104857,3231,3235,Indiana,Iowa St,1838.1832459027808,1747.7944117468137,4,7
2024_3104_3231,0.7536422423998758,3231,3104,Indiana,Alabama,1838.1832459027808,1728.2235991545258,4,8
2024_3199_3231,0.767877800177289,3231,3199,Indiana,Florida St,1838.1832459027808,1731.3318438886506,4,9
2024_3231_3268,0.7767731224612828,3231,3268,Indiana,Maryland,1838.1832459027808,1738.6415489962658,4,10
2024_3231_3453,0.7684781672367711,3231,3453,Indiana,WI Green Bay,1838.1832459027808,1755.8193922713324,4,11
2024_3231_3355,0.7032323062646416,3231,3355,Indiana,S Dakota St,1838.1832459027808,1807.0444786381895,4,12
2024_3231_3414,0.8645916579020314,3231,3414,Indiana,UC Irvine,1838.1832459027808,1656.3752788526392,4,13
2024_3151_3231,0.8379679864359822,3231,3151,Indiana,Chattanooga,1838.1832459027808,1688.4139365134167,4,14
2024_3231_3313,0.8481043942056057,3231,3313,Indiana,Norfolk St,1838.1832459027808,1676.7668098191193,4,15
2024_3180_3231,0.8902721795843817,3231,3180,Indiana,Drexel,1838.1832459027808,1619.9611285709493,4,16
2024_3231_3234,0.3123343612201719,3231,3234,Indiana,Iowa,1838.1832459027808,1913.1483914363243,4,1
2024_3231_3417,0.4624925953199791,3231,3417,Indiana,UCLA,1838.1832459027808,1831.0311295413612,4,2
2024_3231_3261,0.3837150282171424,3231,3261,Indiana,LSU,1838.1832459027808,1895.2037149888847,4,3
2024_3231_3243,0.6654962434496766,3231,3243,Indiana,Kansas St,1838.1832459027808,1733.6226327573718,4,4
2024_3160_3231,0.6767878260804708,3231,3160,Indiana,Colorado,1838.1832459027808,1740.8455561689786,4,5
2024_3231_3257,0.6443334158868776,3231,3257,Indiana,Louisville,1838.1832459027808,1777.859589035021,4,6
2024_3166_3231,0.6053433948519296,3231,3166,Indiana,Creighton,1838.1832459027808,1818.159394610845,4,7
2024_3231_3452,0.7798031111766378,3231,3452,Indiana,West Virginia,1838.1832459027808,1705.972421133595,4,8
2024_3231_3343,0.5997238805768789,3231,3343,Indiana,Princeton,1838.1832459027808,1851.7261643002205,4,9
2024_3231_3424,0.6490893470495851,3231,3424,Indiana,UNLV,1838.1832459027808,1834.6954708399526,4,10
2024_3231_3292,0.6766105948722163,3231,3292,Indiana,MTSU,1838.1832459027808,1825.9686936108571,4,11
2024_3179_3231,0.721137115491785,3231,3179,Indiana,Drake,1838.1832459027808,1793.7637493219408,4,12
2024_3231_3339,0.8616066567024123,3231,3339,Indiana,Portland,1838.1832459027808,1660.2154003231187,4,13
2024_3231_3349,0.9008363147228005,3231,3349,Indiana,Rice,1838.1832459027808,1602.7806164848662,4,14
2024_3231_3465,0.7771859410185987,3231,3465,Indiana,Cal Baptist,1838.1832459027808,1748.2794249498818,4,15
2024_3221_3231,0.9253041012100975,3231,3221,Indiana,Holy Cross,1838.1832459027808,1555.6375404933337,4,16
2024_3231_3404,0.9585816703227826,3231,3404,Indiana,TN Martin,1838.1832459027808,1460.6304570200384,4,16
2024_3231_3425,0.4266110451281556,3231,3425,Indiana,USC,1838.1832459027808,1838.1292755662923,4,1
2024_3231_3326,0.4329377938934316,3231,3326,Indiana,Ohio St,1838.1832459027808,1849.2050670726867,4,2
2024_3163_3231,0.34395623634346595,3231,3163,Indiana,Connecticut,1838.1832459027808,1921.3336140603578,4,3
2024_3231_3439,0.48512643137244427,3231,3439,Indiana,Virginia Tech,1838.1832459027808,1847.229227065635,4,4
2024_3124_3231,0.6466397547527644,3231,3124,Indiana,Baylor,1838.1832459027808,1761.3275962097346,4,5
2024_3231_3393,0.7119137012570101,3231,3393,Indiana,Syracuse,1838.1832459027808,1730.6665843168998,4,6
2024_3181_3231,0.7023477882299476,3231,3181,Indiana,Duke,1838.1832459027808,1752.688159118207,4,7
2024_3231_3242,0.7803037401408048,3231,3242,Indiana,Kansas,1838.1832459027808,1705.528887123695,4,8
2024_3231_3276,0.8224171501739578,3231,3276,Indiana,Michigan,1838.1832459027808,1680.1913479376847,4,9
2024_3231_3350,0.7281300932092227,3231,3350,Indiana,Richmond,1838.1832459027808,1778.4365011097805,4,10
2024_3112_3231,0.8589901832200344,3231,3112,Indiana,Arizona,1838.1832459027808,1663.5246475881788,4,11
2024_3120_3231,0.8529899490474815,3231,3120,Indiana,Auburn,1838.1832459027808,1670.9243359044353,4,11
2024_3162_3231,0.7334870011630665,3231,3162,Indiana,Columbia,1838.1832459027808,1784.2973369270142,4,12
2024_3231_3435,0.8696239609893737,3231,3435,Indiana,Vanderbilt,1838.1832459027808,1649.7364456557825,4,12
2024_3231_3267,0.816236792896455,3231,3267,Indiana,Marshall,1838.1832459027808,1711.538083968918,4,13
2024_3231_3238,0.8323469062146592,3231,3238,Indiana,Jackson St,1838.1832459027808,1694.6207667651774,4,14
2024_3231_3263,0.8734180639966999,3231,3263,Indiana,Maine,1838.1832459027808,1644.585593286405,4,15
2024_3231_3394,0.913216580550993,3231,3394,Indiana,TAM C. Christi,1838.1832459027808,1580.4352854776812,4,16
2024_3304_3328,0.652568046662859,3328,3304,Oklahoma,Nebraska,1776.8071144497774,1695.9924981824245,5,6
2024_3279_3328,0.5335618348031462,3328,3279,Oklahoma,Mississippi,1776.8071144497774,1786.3703767977413,5,7
2024_3314_3328,0.6901407170339199,3328,3314,Oklahoma,North Carolina,1776.8071144497774,1700.0865157365076,5,8
2024_3277_3328,0.7191870569203793,3328,3277,Oklahoma,Michigan St,1776.8071144497774,1693.8584548587664,5,9
2024_3266_3328,0.6931790183172886,3328,3266,Oklahoma,Marquette,1776.8071144497774,1727.920990711213,5,10
2024_3328_3401,0.8431368665617812,3328,3401,Oklahoma,Texas A&M,1776.8071144497774,1611.1750967639034,5,11
2024_3195_3328,0.6114662469123658,3328,3195,Oklahoma,FL Gulf Coast,1776.8071144497774,1807.876806976903,5,12
2024_3193_3328,0.7056124699862929,3328,3193,Oklahoma,Fairfield,1776.8071144497774,1743.9307213061684,5,13
2024_3186_3328,0.7583163261315662,3328,3186,Oklahoma,E Washington,1776.8071144497774,1702.9960322081502,5,14
2024_3245_3328,0.7993898409769664,3328,3245,Oklahoma,Kent,1776.8071144497774,1666.6651185549856,5,15
2024_3328_3342,0.9465189046510734,3328,3342,Oklahoma,Presbyterian,1776.8071144497774,1440.0319648053332,5,16
2024_3328_3357,0.8802436821365605,3328,3357,Oklahoma,Sacred Heart,1776.8071144497774,1573.6005456379667,5,16
2024_3328_3400,0.2595181881654506,3328,3400,Oklahoma,Texas,1776.8071144497774,1876.178422728389,5,1
2024_3328_3390,0.28020512164582306,3328,3390,Oklahoma,Stanford,1776.8071144497774,1875.2135534976353,5,2
2024_3301_3328,0.36270589709699746,3328,3301,Oklahoma,NC State,1776.8071144497774,1832.4819635554175,5,3
2024_3211_3328,0.34658835084886136,3328,3211,Oklahoma,Gonzaga,1776.8071144497774,1858.1876334071728,5,4
2024_3328_3428,0.5242733076720731,3328,3428,Oklahoma,Utah,1776.8071144497774,1762.0370348912932,5,5
2024_3328_3397,0.5594060030445875,3328,3397,Oklahoma,Tennessee,1776.8071144497774,1755.5161230419328,5,6
2024_3235_3328,0.5958574088008063,3328,3235,Oklahoma,Iowa St,1776.8071144497774,1747.7944117468137,5,7
2024_3104_3328,0.6492327976469704,3328,3104,Oklahoma,Alabama,1776.8071144497774,1728.2235991545258,5,8
2024_3199_3328,0.6668344375949843,3328,3199,Oklahoma,Florida St,1776.8071144497774,1731.3318438886506,5,9
2024_3268_3328,0.6779780645976062,3328,3268,Oklahoma,Maryland,1776.8071144497774,1738.6415489962658,5,10
2024_3328_3453,0.6748420593203673,3328,3453,Oklahoma,WI Green Bay,1776.8071144497774,1755.8193922713324,5,11
2024_3328_3355,0.6127663490986484,3328,3355,Oklahoma,S Dakota St,1776.8071144497774,1807.0444786381895,5,12
2024_3328_3414,0.8100261604078175,3328,3414,Oklahoma,UC Irvine,1776.8071144497774,1656.3752788526392,5,13
2024_3151_3328,0.7754602165664699,3328,3151,Oklahoma,Chattanooga,1776.8071144497774,1688.4139365134167,5,14
2024_3313_3328,0.788520121338871,3328,3313,Oklahoma,Norfolk St,1776.8071144497774,1676.7668098191193,5,15
2024_3180_3328,0.8441902417390794,3328,3180,Oklahoma,Drexel,1776.8071144497774,1619.9611285709493,5,16
2024_3234_3328,0.2155664162125719,3328,3234,Oklahoma,Iowa,1776.8071144497774,1913.1483914363243,5,1
2024_3328_3417,0.342364156228178,3328,3417,Oklahoma,UCLA,1776.8071144497774,1831.0311295413612,5,2
2024_3261_3328,0.2736317854359456,3328,3261,Oklahoma,LSU,1776.8071144497774,1895.2037149888847,5,3
2024_3243_3328,0.5462227642700659,3328,3243,Oklahoma,Kansas St,1776.8071144497774,1733.6226327573718,5,4
2024_3160_3328,0.5588717630959615,3328,3160,Oklahoma,Colorado,1776.8071144497774,1740.8455561689786,5,5
2024_3257_3328,0.5229234642470227,3328,3257,Oklahoma,Louisville,1776.8071144497774,1777.859589035021,5,6
2024_3166_3328,0.48133753730962775,3328,3166,Oklahoma,Creighton,1776.8071144497774,1818.159394610845,5,7
2024_3328_3452,0.6817997227712423,3328,3452,Oklahoma,West Virginia,1776.8071144497774,1705.972421133595,5,8
2024_3328_3343,0.4754822636189229,3328,3343,Oklahoma,Princeton,1776.8071144497774,1851.7261643002205,5,9
2024_3328_3424,0.5281138981920422,3328,3424,Oklahoma,UNLV,1776.8071144497774,1834.6954708399526,5,10
2024_3292_3328,0.5667659692765268,3328,3292,Oklahoma,MTSU,1776.8071144497774,1825.9686936108571,5,11
2024_3179_3328,0.6332829843663074,3328,3179,Oklahoma,Drake,1776.8071144497774,1793.7637493219408,5,12
2024_3328_3339,0.8061080461174341,3328,3339,Oklahoma,Portland,1776.8071144497774,1660.2154003231187,5,13
2024_3328_3349,0.8584857317196226,3328,3349,Oklahoma,Rice,1776.8071144497774,1602.7806164848662,5,14
2024_3328_3465,0.699634887623259,3328,3465,Oklahoma,Cal Baptist,1776.8071144497774,1748.2794249498818,5,15
2024_3221_3328,0.892152132139635,3328,3221,Oklahoma,Holy Cross,1776.8071144497774,1555.6375404933337,5,16
2024_3328_3404,0.9392291384375159,3328,3404,Oklahoma,TN Martin,1776.8071144497774,1460.6304570200384,5,16
2024_3328_3425,0.310420106692291,3328,3425,Oklahoma,USC,1776.8071144497774,1838.1292755662923,5,1
2024_3326_3328,0.31597327332486463,3328,3326,Oklahoma,Ohio St,1776.8071144497774,1849.2050670726867,5,2
2024_3163_3328,0.24082213206891448,3328,3163,Oklahoma,Connecticut,1776.8071144497774,1921.3336140603578,5,3
2024_3328_3439,0.36309031991864066,3328,3439,Oklahoma,Virginia Tech,1776.8071144497774,1847.229227065635,5,4
2024_3124_3328,0.5254372401553781,3328,3124,Oklahoma,Baylor,1776.8071144497774,1761.3275962097346,5,5
2024_3328_3393,0.5992238540465146,3328,3393,Oklahoma,Syracuse,1776.8071144497774,1730.6665843168998,5,6
2024_3181_3328,0.588081146655152,3328,3181,Oklahoma,Duke,1776.8071144497774,1752.688159118207,5,7
2024_3242_3328,0.6824324278410299,3328,3242,Oklahoma,Kansas,1776.8071144497774,1705.528887123695,5,8
2024_3276_3328,0.7369829858778012,3328,3276,Oklahoma,Michigan,1776.8071144497774,1680.1913479376847,5,9
2024_3328_3350,0.6183832690086327,3328,3350,Oklahoma,Richmond,1776.8071144497774,1778.4365011097805,5,10
2024_3112_3328,0.7920550722797363,3328,3112,Oklahoma,Arizona,1776.8071144497774,1663.5246475881788,5,11
2024_3120_3328,0.7839230843999466,3328,3120,Oklahoma,Auburn,1776.8071144497774,1670.9243359044353,5,11
2024_3162_3328,0.6476224428954472,3328,3162,Oklahoma,Columbia,1776.8071144497774,1784.2973369270142,5,12
2024_3328_3435,0.816656304875538,3328,3435,Oklahoma,Vanderbilt,1776.8071144497774,1649.7364456557825,5,12
2024_3267_3328,0.7478681076132504,3328,3267,Oklahoma,Marshall,1776.8071144497774,1711.538083968918,5,13
2024_3238_3328,0.7682703315262911,3328,3238,Oklahoma,Jackson St,1776.8071144497774,1694.6207667651774,5,14
2024_3263_3328,0.8216757488889702,3328,3263,Oklahoma,Maine,1776.8071144497774,1644.585593286405,5,15
2024_3328_3394,0.8754221386148551,3328,3394,Oklahoma,TAM C. Christi,1776.8071144497774,1580.4352854776812,5,16
2024_3279_3304,0.3785053524697202,3304,3279,Nebraska,Mississippi,1695.9924981824245,1786.3703767977413,6,7
2024_3304_3314,0.5425048282541634,3304,3314,Nebraska,North Carolina,1695.9924981824245,1700.0865157365076,6,8
2024_3277_3304,0.5769062843694457,3304,3277,Nebraska,Michigan St,1695.9924981824245,1693.8584548587664,6,9
2024_3266_3304,0.5460385367942638,3304,3266,Nebraska,Marquette,1695.9924981824245,1727.920990711213,6,10
2024_3304_3401,0.7410453828837235,3304,3401,Nebraska,Texas A&M,1695.9924981824245,1611.1750967639034,6,11
2024_3195_3304,0.4640688418781061,3304,3195,Nebraska,FL Gulf Coast,1695.9924981824245,1807.876806976903,6,12
2024_3193_3304,0.5847988342013429,3304,3193,Nebraska,Fairfield,1695.9924981824245,1743.9307213061684,6,13
2024_3186_3304,0.6483527797544599,3304,3186,Nebraska,E Washington,1695.9924981824245,1702.9960322081502,6,14
2024_3245_3304,0.7007393055090269,3304,3245,Nebraska,Kent,1695.9924981824245,1666.6651185549856,6,15
2024_3304_3342,0.9122801040135935,3304,3342,Nebraska,Presbyterian,1695.9924981824245,1440.0319648053332,6,16
2024_3304_3357,0.8120026006619698,3304,3357,Nebraska,Sacred Heart,1695.9924981824245,1573.6005456379667,6,16
2024_3304_3400,0.15725166777758182,3304,3400,Nebraska,Texas,1695.9924981824245,1876.178422728389,6,1
2024_3304_3390,0.17167663181496626,3304,3390,Nebraska,Stanford,1695.9924981824245,1875.2135534976353,6,2
2024_3301_3304,0.23254688380643712,3304,3301,Nebraska,NC State,1695.9924981824245,1832.4819635554175,6,3
2024_3211_3304,0.2202146130242036,3304,3211,Nebraska,Gonzaga,1695.9924981824245,1858.1876334071728,6,4
2024_3304_3428,0.36977621380006576,3304,3428,Nebraska,Utah,1695.9924981824245,1762.0370348912932,6,5
2024_3304_3397,0.40333342258418375,3304,3397,Nebraska,Tennessee,1695.9924981824245,1755.5161230419328,6,6
2024_3235_3304,0.4397657097374591,3304,3235,Nebraska,Iowa St,1695.9924981824245,1747.7944117468137,6,7
2024_3104_3304,0.4963305659942255,3304,3104,Nebraska,Alabama,1695.9924981824245,1728.2235991545258,6,8
2024_3199_3304,0.5158835670520424,3304,3199,Nebraska,Florida St,1695.9924981824245,1731.3318438886506,6,9
2024_3268_3304,0.5285062231481228,3304,3268,Nebraska,Maryland,1695.9924981824245,1738.6415489962658,6,10
2024_3304_3453,0.5249345614267135,3304,3453,Nebraska,WI Green Bay,1695.9924981824245,1755.8193922713324,6,11
2024_3304_3355,0.4654309704834418,3304,3355,Nebraska,S Dakota St,1695.9924981824245,1807.0444786381895,6,12
2024_3304_3414,0.7147395920328816,3304,3414,Nebraska,UC Irvine,1695.9924981824245,1656.3752788526392,6,13
2024_3151_3304,0.669901459100782,3304,3151,Nebraska,Chattanooga,1695.9924981824245,1688.4139365134167,6,14
2024_3304_3313,0.6866198269023158,3304,3313,Nebraska,Norfolk St,1695.9924981824245,1676.7668098191193,6,15
2024_3180_3304,0.7609832539934699,3304,3180,Nebraska,Drexel,1695.9924981824245,1619.9611285709493,6,16
2024_3234_3304,0.127634314624171,3304,3234,Nebraska,Iowa,1695.9924981824245,1913.1483914363243,6,1
2024_3304_3417,0.21701909119169394,3304,3417,Nebraska,UCLA,1695.9924981824245,1831.0311295413612,6,2
2024_3261_3304,0.16705836841814287,3304,3261,Nebraska,LSU,1695.9924981824245,1895.2037149888847,6,3
2024_3243_3304,0.39056780304422484,3304,3243,Nebraska,Kansas St,1695.9924981824245,1733.6226327573718,6,4
2024_3160_3304,0.4028119641581911,3304,3160,Nebraska,Colorado,1695.9924981824245,1740.8455561689786,6,5
2024_3257_3304,0.36851601545958595,3304,3257,Nebraska,Louisville,1695.9924981824245,1777.859589035021,6,6
2024_3166_3304,0.3306977052798542,3304,3166,Nebraska,Creighton,1695.9924981824245,1818.159394610845,6,7
2024_3304_3452,0.5328795768576454,3304,3452,Nebraska,West Virginia,1695.9924981824245,1705.972421133595,6,8
2024_3304_3343,0.3255248008312921,3304,3343,Nebraska,Princeton,1695.9924981824245,1851.7261643002205,6,9
2024_3304_3424,0.37337330077325664,3304,3424,Nebraska,UNLV,1695.9924981824245,1834.6954708399526,6,10
2024_3292_3304,0.41055338317446144,3304,3292,Nebraska,MTSU,1695.9924981824245,1825.9686936108571,6,11
2024_3179_3304,0.48722137828661805,3304,3179,Nebraska,Drake,1695.9924981824245,1793.7637493219408,6,12
2024_3304_3339,0.7095608865827077,3304,3339,Nebraska,Portland,1695.9924981824245,1660.2154003231187,6,13
2024_3304_3349,0.7809318707569405,3304,3349,Nebraska,Rice,1695.9924981824245,1602.7806164848662,6,14
2024_3304_3465,0.5778358129506497,3304,3465,Nebraska,Cal Baptist,1695.9924981824245,1748.2794249498818,6,15
2024_3221_3304,0.8293815737031787,3304,3221,Nebraska,Holy Cross,1695.9924981824245,1555.6375404933337,6,16
2024_3304_3404,0.9008124589737683,3304,3404,Nebraska,TN Martin,1695.9924981824245,1460.6304570200384,6,16
2024_3304_3425,0.19333210517236704,3304,3425,Nebraska,USC,1695.9924981824245,1838.1292755662923,6,1
2024_3304_3326,0.1973902375375647,3304,3326,Nebraska,Ohio St,1695.9924981824245,1849.2050670726867,6,2
2024_3163_3304,0.1444854776096151,3304,3163,Nebraska,Connecticut,1695.9924981824245,1921.3336140603578,6,3
2024_3304_3439,0.23284375704054489,3304,3439,Nebraska,Virginia Tech,1695.9924981824245,1847.229227065635,6,4
2024_3124_3304,0.3708645410950322,3304,3124,Nebraska,Baylor,1695.9924981824245,1761.3275962097346,6,5
2024_3304_3393,0.4432174201179757,3304,3393,Nebraska,Syracuse,1695.9924981824245,1730.6665843168998,6,6
2024_3181_3304,0.4318497894217906,3304,3181,Nebraska,Duke,1695.9924981824245,1752.688159118207,6,7
2024_3242_3304,0.5336058341902147,3304,3242,Nebraska,Kansas,1695.9924981824245,1705.528887123695,6,8
2024_3276_3304,0.598687538053417,3304,3276,Nebraska,Michigan,1695.9924981824245,1680.1913479376847,6,9
2024_3304_3350,0.46315318687926,3304,3350,Nebraska,Richmond,1695.9924981824245,1778.4365011097805,6,10
2024_3112_3304,0.6697403771181059,3304,3112,Nebraska,Arizona,1695.9924981824245,1663.5246475881788,6,11
2024_3120_3304,0.6588851199100146,3304,3120,Nebraska,Auburn,1695.9924981824245,1670.9243359044353,6,11
2024_3162_3304,0.5027880089880783,3304,3162,Nebraska,Columbia,1695.9924981824245,1784.2973369270142,6,12
2024_3304_3435,0.710209819475188,3304,3435,Nebraska,Vanderbilt,1695.9924981824245,1649.7364456557825,6,12
2024_3267_3304,0.6354361553795137,3304,3267,Nebraska,Marshall,1695.9924981824245,1711.538083968918,6,13
2024_3238_3304,0.660809975083794,3304,3238,Nebraska,Jackson St,1695.9924981824245,1694.6207667651774,6,14
2024_3263_3304,0.7302867581705961,3304,3263,Nebraska,Maine,1695.9924981824245,1644.585593286405,6,15
2024_3304_3394,0.8050420986242788,3304,3394,Nebraska,TAM C. Christi,1695.9924981824245,1580.4352854776812,6,16
2024_3279_3314,0.6606803914797139,3279,3314,Mississippi,North Carolina,1786.3703767977413,1700.0865157365076,7,8
2024_3277_3279,0.6912528918542956,3279,3277,Mississippi,Michigan St,1786.3703767977413,1693.8584548587664,7,9
2024_3266_3279,0.6638668690764274,3279,3266,Mississippi,Marquette,1786.3703767977413,1727.920990711213,7,10
2024_3279_3401,0.8245243128071121,3279,3401,Mississippi,Texas A&M,1786.3703767977413,1611.1750967639034,7,11
2024_3195_3279,0.5870841328167802,3279,3195,Mississippi,FL Gulf Coast,1786.3703767977413,1807.876806976903,7,12
2024_3193_3279,0.7050152830745665,3279,3193,Mississippi,Fairfield,1786.3703767977413,1743.9307213061684,7,13
2024_3186_3279,0.7696588345171229,3279,3186,Mississippi,E Washington,1786.3703767977413,1702.9960322081502,7,14
2024_3245_3279,0.8092895029481335,3279,3245,Mississippi,Kent,1786.3703767977413,1666.6651185549856,7,15
2024_3279_3342,0.949615694346825,3279,3342,Mississippi,Presbyterian,1786.3703767977413,1440.0319648053332,7,16
2024_3279_3357,0.8867188031354479,3279,3357,Mississippi,Sacred Heart,1786.3703767977413,1573.6005456379667,7,16
2024_3279_3400,0.23452689848461408,3279,3400,Mississippi,Texas,1786.3703767977413,1876.178422728389,7,1
2024_3279_3390,0.2539047881350552,3279,3390,Mississippi,Stanford,1786.3703767977413,1875.2135534976353,7,2
2024_3279_3301,0.33223617901621216,3279,3301,Mississippi,NC State,1786.3703767977413,1832.4819635554175,7,3
2024_3211_3279,0.3167995487049296,3279,3211,Mississippi,Gonzaga,1786.3703767977413,1858.1876334071728,7,4
2024_3279_3428,0.49068110606984616,3279,3428,Mississippi,Utah,1786.3703767977413,1762.0370348912932,7,5
2024_3279_3397,0.5260519349718147,3279,3397,Mississippi,Tennessee,1786.3703767977413,1755.5161230419328,7,6
2024_3235_3279,0.5631076816405889,3279,3235,Mississippi,Iowa St,1786.3703767977413,1747.7944117468137,7,7
2024_3104_3279,0.6180357026228226,3279,3104,Mississippi,Alabama,1786.3703767977413,1728.2235991545258,7,8
2024_3199_3279,0.636325904899444,3279,3199,Mississippi,Florida St,1786.3703767977413,1731.3318438886506,7,9
2024_3268_3279,0.647951240866857,3279,3268,Mississippi,Maryland,1786.3703767977413,1738.6415489962658,7,10
2024_3279_3453,0.644676073058431,3279,3453,Mississippi,WI Green Bay,1786.3703767977413,1755.8193922713324,7,11
2024_3279_3355,0.5884109042502405,3279,3355,Mississippi,S Dakota St,1786.3703767977413,1807.0444786381895,7,12
2024_3279_3414,0.8095836251726279,3279,3414,Mississippi,UC Irvine,1786.3703767977413,1656.3752788526392,7,13
2024_3151_3279,0.7862249594809909,3279,3151,Mississippi,Chattanooga,1786.3703767977413,1688.4139365134167,7,14
2024_3279_3313,0.7988211871995012,3279,3313,Mississippi,Norfolk St,1786.3703767977413,1676.7668098191193,7,15
2024_3180_3279,0.8522876189198346,3279,3180,Mississippi,Drexel,1786.3703767977413,1619.9611285709493,7,16
2024_3234_3279,0.19370046138010671,3279,3234,Mississippi,Iowa,1786.3703767977413,1913.1483914363243,7,1
2024_3279_3417,0.3127646323353781,3279,3417,Mississippi,UCLA,1786.3703767977413,1831.0311295413612,7,2
2024_3261_3279,0.2477360822008756,3279,3261,Mississippi,LSU,1786.3703767977413,1895.2037149888847,7,3
2024_3243_3279,0.5127399846787231,3279,3243,Mississippi,Kansas St,1786.3703767977413,1733.6226327573718,7,4
2024_3160_3279,0.5255115557498038,3279,3160,Mississippi,Colorado,1786.3703767977413,1740.8455561689786,7,5
2024_3257_3279,0.48932878971107524,3279,3257,Mississippi,Louisville,1786.3703767977413,1777.859589035021,7,6
2024_3166_3279,0.4479062175376315,3279,3166,Mississippi,Creighton,1786.3703767977413,1818.159394610845,7,7
2024_3279_3452,0.6519463091993332,3279,3452,Mississippi,West Virginia,1786.3703767977413,1705.972421133595,7,8
2024_3279_3343,0.44211096714459663,3279,3343,Mississippi,Princeton,1786.3703767977413,1851.7261643002205,7,9
2024_3279_3424,0.49453142380095977,3279,3424,Mississippi,UNLV,1786.3703767977413,1834.6954708399526,7,10
2024_3279_3292,0.5335044399188541,3279,3292,Mississippi,MTSU,1786.3703767977413,1825.9686936108571,7,11
2024_3179_3279,0.6093953861040714,3279,3179,Mississippi,Drake,1786.3703767977413,1793.7637493219408,7,12
2024_3279_3339,0.8056585735819293,3279,3339,Mississippi,Portland,1786.3703767977413,1660.2154003231187,7,13
2024_3279_3349,0.8659581412528601,3279,3349,Mississippi,Rice,1786.3703767977413,1602.7806164848662,7,14
2024_3279_3465,0.7126879508049627,3279,3465,Mississippi,Cal Baptist,1786.3703767977413,1748.2794249498818,7,15
2024_3221_3279,0.8980579419594705,3279,3221,Mississippi,Holy Cross,1786.3703767977413,1555.6375404933337,7,16
2024_3279_3404,0.9427224940639858,3279,3404,Mississippi,TN Martin,1786.3703767977413,1460.6304570200384,7,16
2024_3279_3425,0.28239641292519824,3279,3425,Mississippi,USC,1786.3703767977413,1838.1292755662923,7,1
2024_3279_3326,0.28765738375070027,3279,3326,Mississippi,Ohio St,1786.3703767977413,1849.2050670726867,7,2
2024_3163_3279,0.21710338487875608,3279,3163,Mississippi,Connecticut,1786.3703767977413,1921.3336140603578,7,3
2024_3279_3439,0.3326051621053241,3279,3439,Mississippi,Virginia Tech,1786.3703767977413,1847.229227065635,7,4
2024_3124_3279,0.4918475657528322,3279,3124,Mississippi,Baylor,1786.3703767977413,1761.3275962097346,7,5
2024_3279_3393,0.5665484808373017,3279,3393,Mississippi,Syracuse,1786.3703767977413,1730.6665843168998,7,6
2024_3181_3279,0.5551716984037075,3279,3181,Mississippi,Duke,1786.3703767977413,1752.688159118207,7,7
2024_3242_3279,0.6526081291088661,3279,3242,Mississippi,Kansas,1786.3703767977413,1705.528887123695,7,8
2024_3276_3279,0.7101055184866458,3279,3276,Mississippi,Michigan,1786.3703767977413,1680.1913479376847,7,9
2024_3279_3350,0.5861912404640858,3279,3350,Mississippi,Richmond,1786.3703767977413,1778.4365011097805,7,10
2024_3112_3279,0.7690417221007688,3279,3112,Mississippi,Arizona,1786.3703767977413,1663.5246475881788,7,11
2024_3120_3279,0.7602821425613567,3279,3120,Mississippi,Auburn,1786.3703767977413,1670.9243359044353,7,11
2024_3162_3279,0.624114492219417,3279,3162,Mississippi,Columbia,1786.3703767977413,1784.2973369270142,7,12
2024_3279_3435,0.800959232707817,3279,3435,Mississippi,Vanderbilt,1786.3703767977413,1649.7364456557825,7,12
2024_3267_3279,0.7473259442302304,3279,3267,Mississippi,Marshall,1786.3703767977413,1711.538083968918,7,13
2024_3238_3279,0.7792816577842244,3279,3238,Mississippi,Jackson St,1786.3703767977413,1694.6207667651774,7,14
2024_3263_3279,0.8307085537343831,3279,3263,Mississippi,Maine,1786.3703767977413,1644.585593286405,7,15
2024_3279_3394,0.8821230453812428,3279,3394,Mississippi,TAM C. Christi,1786.3703767977413,1580.4352854776812,7,16
2024_3277_3314,0.5348572337446842,3314,3277,North Carolina,Michigan St,1700.0865157365076,1693.8584548587664,8,9
2024_3266_3314,0.5035615866473048,3314,3266,North Carolina,Marquette,1700.0865157365076,1727.920990711213,8,10
2024_3314_3401,0.7070249268651523,3314,3401,North Carolina,Texas A&M,1700.0865157365076,1611.1750967639034,8,11
2024_3195_3314,0.4220402689055113,3314,3195,North Carolina,FL Gulf Coast,1700.0865157365076,1807.876806976903,8,12
2024_3193_3314,0.5510634006937454,3314,3193,North Carolina,Fairfield,1700.0865157365076,1743.9307213061684,8,13
2024_3186_3314,0.6394440866936427,3314,3186,North Carolina,E Washington,1700.0865157365076,1702.9960322081502,8,14
2024_3245_3314,0.7063567091227188,3314,3245,North Carolina,Kent,1700.0865157365076,1666.6651185549856,8,15
2024_3314_3342,0.9144116845709659,3314,3342,North Carolina,Presbyterian,1700.0865157365076,1440.0319648053332,8,16
2024_3314_3357,0.8160796528119468,3314,3357,North Carolina,Sacred Heart,1700.0865157365076,1573.6005456379667,8,16
2024_3314_3400,0.13987152375682196,3314,3400,North Carolina,Texas,1700.0865157365076,1876.178422728389,8,1
2024_3314_3390,0.14877750458762362,3314,3390,North Carolina,Stanford,1700.0865157365076,1875.2135534976353,8,2
2024_3301_3314,0.2035234931100314,3314,3301,North Carolina,NC State,1700.0865157365076,1832.4819635554175,8,3
2024_3211_3314,0.19234461876769804,3314,3211,North Carolina,Gonzaga,1700.0865157365076,1858.1876334071728,8,4
2024_3314_3428,0.3310128553364865,3314,3428,North Carolina,Utah,1700.0865157365076,1762.0370348912932,8,5
2024_3314_3397,0.36307891766016465,3314,3397,North Carolina,Tennessee,1700.0865157365076,1755.5161230419328,8,6
2024_3235_3314,0.39830236620357645,3314,3235,North Carolina,Iowa St,1700.0865157365076,1747.7944117468137,8,7
2024_3104_3314,0.45385452673099264,3314,3104,North Carolina,Alabama,1700.0865157365076,1728.2235991545258,8,8
2024_3199_3314,0.47330665306323344,3314,3199,North Carolina,Florida St,1700.0865157365076,1731.3318438886506,8,9
2024_3268_3314,0.4859332187125367,3314,3268,North Carolina,Maryland,1700.0865157365076,1738.6415489962658,8,10
2024_3314_3453,0.4823549294189939,3314,3453,North Carolina,WI Green Bay,1700.0865157365076,1755.8193922713324,8,11
2024_3314_3355,0.42337648945322276,3314,3355,North Carolina,S Dakota St,1700.0865157365076,1807.0444786381895,8,12
2024_3314_3414,0.6858911182971305,3314,3414,North Carolina,UC Irvine,1700.0865157365076,1656.3752788526392,8,13
2024_3151_3314,0.6612534568906987,3314,3151,North Carolina,Chattanooga,1700.0865157365076,1688.4139365134167,8,14
2024_3313_3314,0.6923859195851583,3314,3313,North Carolina,Norfolk St,1700.0865157365076,1676.7668098191193,8,15
2024_3180_3314,0.7658476913208341,3314,3180,North Carolina,Drexel,1700.0865157365076,1619.9611285709493,8,16
2024_3234_3314,0.11308834768946557,3314,3234,North Carolina,Iowa,1700.0865157365076,1913.1483914363243,8,1
2024_3314_3417,0.1894552597127653,3314,3417,North Carolina,UCLA,1700.0865157365076,1831.0311295413612,8,2
2024_3261_3314,0.1446676627680333,3314,3261,North Carolina,LSU,1700.0865157365076,1895.2037149888847,8,3
2024_3243_3314,0.35083821730731723,3314,3243,North Carolina,Kansas St,1700.0865157365076,1733.6226327573718,8,4
2024_3160_3314,0.36257787749305115,3314,3160,North Carolina,Colorado,1700.0865157365076,1740.8455561689786,8,5
2024_3257_3314,0.3298156276584501,3314,3257,North Carolina,Louisville,1700.0865157365076,1777.859589035021,8,6
2024_3166_3314,0.2941190890160095,3314,3166,North Carolina,Creighton,1700.0865157365076,1818.159394610845,8,7
2024_3314_3452,0.49032063939931464,3314,3452,North Carolina,West Virginia,1700.0865157365076,1705.972421133595,8,8
2024_3314_3343,0.28927106796416424,3314,3343,North Carolina,Princeton,1700.0865157365076,1851.7261643002205,8,9
2024_3314_3424,0.3344329626846135,3314,3424,North Carolina,UNLV,1700.0865157365076,1834.6954708399526,8,10
2024_3292_3314,0.3700251669941648,3314,3292,North Carolina,MTSU,1700.0865157365076,1825.9686936108571,8,11
2024_3179_3314,0.444836399160357,3314,3179,North Carolina,Drake,1700.0865157365076,1793.7637493219408,8,12
2024_3314_3339,0.6804228583045359,3314,3339,North Carolina,Portland,1700.0865157365076,1660.2154003231187,8,13
2024_3314_3349,0.7742122698323801,3314,3349,North Carolina,Rice,1700.0865157365076,1602.7806164848662,8,14
2024_3314_3465,0.5843919418361614,3314,3465,North Carolina,Cal Baptist,1700.0865157365076,1748.2794249498818,8,15
2024_3221_3314,0.8331591721135027,3314,3221,North Carolina,Holy Cross,1700.0865157365076,1555.6375404933337,8,16
2024_3314_3404,0.9031931313088658,3314,3404,North Carolina,TN Martin,1700.0865157365076,1460.6304570200384,8,16
2024_3314_3425,0.1727817723392542,3314,3425,North Carolina,USC,1700.0865157365076,1838.1292755662923,8,1
2024_3314_3326,0.1717725488214327,3314,3326,North Carolina,Ohio St,1700.0865157365076,1849.2050670726867,8,2
2024_3163_3314,0.12466737992853057,3314,3163,North Carolina,Connecticut,1700.0865157365076,1921.3336140603578,8,3
2024_3314_3439,0.20379315349580227,3314,3439,North Carolina,Virginia Tech,1700.0865157365076,1847.229227065635,8,4
2024_3124_3314,0.3320472041467177,3314,3124,North Carolina,Baylor,1700.0865157365076,1761.3275962097346,8,5
2024_3314_3393,0.40166196059379033,3314,3393,North Carolina,Syracuse,1700.0865157365076,1730.6665843168998,8,6
2024_3181_3314,0.3906124188790129,3314,3181,North Carolina,Duke,1700.0865157365076,1752.688159118207,8,7
2024_3242_3314,0.49104986809686496,3314,3242,North Carolina,Kansas,1700.0865157365076,1705.528887123695,8,8
2024_3276_3314,0.5571414744521312,3314,3276,North Carolina,Michigan,1700.0865157365076,1680.1913479376847,8,9
2024_3314_3350,0.42114237560735907,3314,3350,North Carolina,Richmond,1700.0865157365076,1778.4365011097805,8,10
2024_3112_3314,0.6310165748421239,3314,3112,North Carolina,Arizona,1700.0865157365076,1663.5246475881788,8,11
2024_3120_3314,0.619611419390713,3314,3120,North Carolina,Auburn,1700.0865157365076,1670.9243359044353,8,11
2024_3162_3314,0.46026434542279565,3314,3162,North Carolina,Columbia,1700.0865157365076,1784.2973369270142,8,12
2024_3314_3435,0.6739208762214082,3314,3435,North Carolina,Vanderbilt,1700.0865157365076,1649.7364456557825,8,12
2024_3267_3314,0.6030221270805668,3314,3267,North Carolina,Marshall,1700.0865157365076,1711.538083968918,8,13
2024_3238_3314,0.6520475051424173,3314,3238,North Carolina,Jackson St,1700.0865157365076,1694.6207667651774,8,14
2024_3263_3314,0.7355588329226984,3314,3263,North Carolina,Maine,1700.0865157365076,1644.585593286405,8,15
2024_3314_3394,0.8092346382930242,3314,3394,North Carolina,TAM C. Christi,1700.0865157365076,1580.4352854776812,8,16
2024_3266_3277,0.4686888041311889,3277,3266,Michigan St,Marquette,1693.8584548587664,1727.920990711213,9,10
2024_3277_3401,0.6772850737671549,3277,3401,Michigan St,Texas A&M,1693.8584548587664,1611.1750967639034,9,11
2024_3195_3277,0.3883961513927756,3277,3195,Michigan St,FL Gulf Coast,1693.8584548587664,1807.876806976903,9,12
2024_3193_3277,0.5163223776353345,3277,3193,Michigan St,Fairfield,1693.8584548587664,1743.9307213061684,9,13
2024_3186_3277,0.6066606061025176,3277,3186,Michigan St,E Washington,1693.8584548587664,1702.9960322081502,9,14
2024_3245_3277,0.6837357093359614,3277,3245,Michigan St,Kent,1693.8584548587664,1666.6651185549856,9,15
2024_3277_3342,0.9111500710877214,3277,3342,Michigan St,Presbyterian,1693.8584548587664,1440.0319648053332,9,16
2024_3277_3357,0.809850019601326,3277,3357,Michigan St,Sacred Heart,1693.8584548587664,1573.6005456379667,9,16
2024_3277_3400,0.13501448259110166,3277,3400,Michigan St,Texas,1693.8584548587664,1876.178422728389,9,1
2024_3277_3390,0.13575752085771894,3277,3390,Michigan St,Stanford,1693.8584548587664,1875.2135534976353,9,2
2024_3277_3301,0.18181903436042757,3277,3301,Michigan St,NC State,1693.8584548587664,1832.4819635554175,9,3
2024_3211_3277,0.1715755026706241,3277,3211,Michigan St,Gonzaga,1693.8584548587664,1858.1876334071728,9,4
2024_3277_3428,0.30084798123546347,3277,3428,Michigan St,Utah,1693.8584548587664,1762.0370348912932,9,5
2024_3277_3397,0.3314396296079107,3277,3397,Michigan St,Tennessee,1693.8584548587664,1755.5161230419328,9,6
2024_3235_3277,0.3653543529029935,3277,3235,Michigan St,Iowa St,1693.8584548587664,1747.7944117468137,9,7
2024_3104_3277,0.41951513375795,3277,3104,Michigan St,Alabama,1693.8584548587664,1728.2235991545258,9,8
2024_3199_3277,0.43867765036844464,3277,3199,Michigan St,Florida St,1693.8584548587664,1731.3318438886506,9,9
2024_3268_3277,0.45117175260700015,3277,3268,Michigan St,Maryland,1693.8584548587664,1738.6415489962658,9,10
2024_3277_3453,0.44762654659358725,3277,3453,Michigan St,WI Green Bay,1693.8584548587664,1755.8193922713324,9,11
2024_3277_3355,0.38969767440612746,3277,3355,Michigan St,S Dakota St,1693.8584548587664,1807.0444786381895,9,12
2024_3277_3414,0.6550526317950814,3277,3414,Michigan St,UC Irvine,1693.8584548587664,1656.3752788526392,9,13
2024_3151_3277,0.6293034029865539,3277,3151,Michigan St,Chattanooga,1693.8584548587664,1688.4139365134167,9,14
2024_3277_3313,0.6691927094828712,3277,3313,Michigan St,Norfolk St,1693.8584548587664,1676.7668098191193,9,15
2024_3180_3277,0.758420296798311,3277,3180,Michigan St,Drexel,1693.8584548587664,1619.9611285709493,9,16
2024_3234_3277,0.10904344546499167,3277,3234,Michigan St,Iowa,1693.8584548587664,1913.1483914363243,9,1
2024_3277_3417,0.17360144499033056,3277,3417,Michigan St,UCLA,1693.8584548587664,1831.0311295413612,9,2
2024_3261_3277,0.12822929175794584,3277,3261,Michigan St,LSU,1693.8584548587664,1895.2037149888847,9,3
2024_3243_3277,0.3197301402914871,3277,3243,Michigan St,Kansas St,1693.8584548587664,1733.6226327573718,9,4
2024_3160_3277,0.3309595633506848,3277,3160,Michigan St,Colorado,1693.8584548587664,1740.8455561689786,9,5
2024_3257_3277,0.29971097718510553,3277,3257,Michigan St,Louisville,1693.8584548587664,1777.859589035021,9,6
2024_3166_3277,0.26597958814828554,3277,3166,Michigan St,Creighton,1693.8584548587664,1818.159394610845,9,7
2024_3277_3452,0.4555234304740848,3277,3452,Michigan St,West Virginia,1693.8584548587664,1705.972421133595,9,8
2024_3277_3343,0.2614236164675879,3277,3343,Michigan St,Princeton,1693.8584548587664,1851.7261643002205,9,9
2024_3277_3424,0.30409809228892976,3277,3424,Michigan St,UNLV,1693.8584548587664,1834.6954708399526,9,10
2024_3277_3292,0.33810189165466986,3277,3292,Michigan St,MTSU,1693.8584548587664,1825.9686936108571,9,11
2024_3179_3277,0.41066626707798,3277,3179,Michigan St,Drake,1693.8584548587664,1793.7637493219408,9,12
2024_3277_3339,0.6493219935636079,3277,3339,Michigan St,Portland,1693.8584548587664,1660.2154003231187,9,13
2024_3277_3349,0.7488701183675062,3277,3349,Michigan St,Rice,1693.8584548587664,1602.7806164848662,9,14
2024_3277_3465,0.5582512478724658,3277,3465,Michigan St,Cal Baptist,1693.8584548587664,1748.2794249498818,9,15
2024_3221_3277,0.8273856818326333,3277,3221,Michigan St,Holy Cross,1693.8584548587664,1555.6375404933337,9,16
2024_3277_3404,0.8995509626979926,3277,3404,Michigan St,TN Martin,1693.8584548587664,1460.6304570200384,9,16
2024_3277_3425,0.16700381167536751,3277,3425,Michigan St,USC,1693.8584548587664,1838.1292755662923,9,1
2024_3277_3326,0.15711162330127054,3277,3326,Michigan St,Ohio St,1693.8584548587664,1849.2050670726867,9,2
2024_3163_3277,0.11020878853184679,3277,3163,Michigan St,Connecticut,1693.8584548587664,1921.3336140603578,9,3
2024_3277_3439,0.1820665108989458,3277,3439,Michigan St,Virginia Tech,1693.8584548587664,1847.229227065635,9,4
2024_3124_3277,0.301830598294589,3277,3124,Michigan St,Baylor,1693.8584548587664,1761.3275962097346,9,5
2024_3277_3393,0.36860628812027496,3277,3393,Michigan St,Syracuse,1693.8584548587664,1730.6665843168998,9,6
2024_3181_3277,0.3579221275674779,3277,3181,Michigan St,Duke,1693.8584548587664,1752.688159118207,9,7
2024_3242_3277,0.4562472337511668,3277,3242,Michigan St,Kansas,1693.8584548587664,1705.528887123695,9,8
2024_3276_3277,0.522463209023133,3277,3276,Michigan St,Michigan,1693.8584548587664,1680.1913479376847,9,9
2024_3277_3350,0.38752184308787047,3277,3350,Michigan St,Richmond,1693.8584548587664,1778.4365011097805,9,10
2024_3112_3277,0.5979486176161564,3277,3112,Michigan St,Arizona,1693.8584548587664,1663.5246475881788,9,11
2024_3120_3277,0.5861916286758246,3277,3120,Michigan St,Auburn,1693.8584548587664,1670.9243359044353,9,11
2024_3162_3277,0.4258181016494232,3277,3162,Michigan St,Columbia,1693.8584548587664,1784.2973369270142,9,12
2024_3277_3435,0.6425196882717407,3277,3435,Michigan St,Vanderbilt,1693.8584548587664,1649.7364456557825,9,12
2024_3267_3277,0.569158301537802,3277,3267,Michigan St,Marshall,1693.8584548587664,1711.538083968918,9,13
2024_3238_3277,0.6197284941266061,3277,3238,Michigan St,Jackson St,1693.8584548587664,1694.6207667651774,9,14
2024_3263_3277,0.7142774685928606,3277,3263,Michigan St,Maine,1693.8584548587664,1644.585593286405,9,15
2024_3277_3394,0.802829171753728,3277,3394,Michigan St,TAM C. Christi,1693.8584548587664,1580.4352854776812,9,16
2024_3266_3401,0.7040651996820442,3266,3401,Marquette,Texas A&M,1727.920990711213,1611.1750967639034,10,11
2024_3195_3266,0.41856912275757147,3266,3195,Marquette,FL Gulf Coast,1727.920990711213,1807.876806976903,10,12
2024_3193_3266,0.5475363952006992,3266,3193,Marquette,Fairfield,1727.920990711213,1743.9307213061684,10,13
2024_3186_3266,0.6361529773015548,3266,3186,Marquette,E Washington,1727.920990711213,1702.9960322081502,10,14
2024_3245_3266,0.7102095752539694,3266,3245,Marquette,Kent,1727.920990711213,1666.6651185549856,10,15
2024_3266_3342,0.9231589070942375,3266,3342,Marquette,Presbyterian,1727.920990711213,1440.0319648053332,10,16
2024_3266_3357,0.833041599714697,3266,3357,Marquette,Sacred Heart,1727.920990711213,1573.6005456379667,10,16
2024_3266_3400,0.16338705082554664,3266,3400,Marquette,Texas,1727.920990711213,1876.178422728389,10,1
2024_3266_3390,0.16425658331400575,3266,3390,Marquette,Stanford,1727.920990711213,1875.2135534976353,10,2
2024_3266_3301,0.20656299775679293,3266,3301,Marquette,NC State,1727.920990711213,1832.4819635554175,10,3
2024_3211_3266,0.19014113274969688,3266,3211,Marquette,Gonzaga,1727.920990711213,1858.1876334071728,10,4
2024_3266_3428,0.32786567337604006,3266,3428,Marquette,Utah,1727.920990711213,1762.0370348912932,10,5
2024_3266_3397,0.35979082655905753,3266,3397,Marquette,Tennessee,1727.920990711213,1755.5161230419328,10,6
2024_3235_3266,0.39489306056476486,3266,3235,Marquette,Iowa St,1727.920990711213,1747.7944117468137,10,7
2024_3104_3266,0.4503255962555606,3266,3104,Marquette,Alabama,1727.920990711213,1728.2235991545258,10,8
2024_3199_3266,0.4697565674692645,3266,3199,Marquette,Florida St,1727.920990711213,1731.3318438886506,10,9
2024_3266_3268,0.48237516408660747,3266,3268,Marquette,Maryland,1727.920990711213,1738.6415489962658,10,10
2024_3266_3453,0.4787986723146109,3266,3453,Marquette,WI Green Bay,1727.920990711213,1755.8193922713324,10,11
2024_3266_3355,0.4199023378214995,3266,3355,Marquette,S Dakota St,1727.920990711213,1807.0444786381895,10,12
2024_3266_3414,0.6828136714834746,3266,3414,Marquette,UC Irvine,1727.920990711213,1656.3752788526392,10,13
2024_3151_3266,0.6580549655907623,3266,3151,Marquette,Chattanooga,1727.920990711213,1688.4139365134167,10,14
2024_3266_3313,0.696343291985504,3266,3313,Marquette,Norfolk St,1727.920990711213,1676.7668098191193,10,15
2024_3180_3266,0.7862287431260775,3266,3180,Marquette,Drexel,1727.920990711213,1619.9611285709493,10,16
2024_3234_3266,0.1327962248826705,3266,3234,Marquette,Iowa,1727.920990711213,1913.1483914363243,10,1
2024_3266_3417,0.2081317166171836,3266,3417,Marquette,UCLA,1727.920990711213,1831.0311295413612,10,2
2024_3261_3266,0.146990405953491,3266,3261,Marquette,LSU,1727.920990711213,1895.2037149888847,10,3
2024_3243_3266,0.3476004812305981,3266,3243,Marquette,Kansas St,1727.920990711213,1733.6226327573718,10,4
2024_3160_3266,0.3592917642497019,3266,3160,Marquette,Colorado,1727.920990711213,1740.8455561689786,10,5
2024_3257_3266,0.3266742702054141,3266,3257,Marquette,Louisville,1727.920990711213,1777.859589035021,10,6
2024_3166_3266,0.2911700113369368,3266,3166,Marquette,Creighton,1727.920990711213,1818.159394610845,10,7
2024_3266_3452,0.48676087836764953,3266,3452,Marquette,West Virginia,1727.920990711213,1705.972421133595,10,8
2024_3266_3343,0.28635088105480067,3266,3343,Marquette,Princeton,1727.920990711213,1851.7261643002205,10,9
2024_3266_3424,0.3312693652707547,3266,3424,Marquette,UNLV,1727.920990711213,1834.6954708399526,10,10
2024_3266_3292,0.3667103882582363,3266,3292,Marquette,MTSU,1727.920990711213,1825.9686936108571,10,11
2024_3179_3266,0.44132092720967186,3266,3179,Marquette,Drake,1727.920990711213,1793.7637493219408,10,12
2024_3266_3339,0.6773170414532326,3266,3339,Marquette,Portland,1727.920990711213,1660.2154003231187,10,13
2024_3266_3349,0.7717121328911167,3266,3349,Marquette,Rice,1727.920990711213,1602.7806164848662,10,14
2024_3266_3465,0.5889137587500409,3266,3465,Marquette,Cal Baptist,1727.920990711213,1748.2794249498818,10,15
2024_3221_3266,0.8488377347674634,3266,3221,Marquette,Holy Cross,1727.920990711213,1555.6375404933337,10,16
2024_3266_3404,0.9129777885426729,3266,3404,Marquette,TN Martin,1727.920990711213,1460.6304570200384,10,16
2024_3266_3425,0.20054023221700318,3266,3425,Marquette,USC,1727.920990711213,1838.1292755662923,10,1
2024_3266_3326,0.18911255355363416,3266,3326,Marquette,Ohio St,1727.920990711213,1849.2050670726867,10,2
2024_3163_3266,0.12671657763844424,3266,3163,Marquette,Connecticut,1727.920990711213,1921.3336140603578,10,3
2024_3266_3439,0.20149123366238567,3266,3439,Marquette,Virginia Tech,1727.920990711213,1847.229227065635,10,4
2024_3124_3266,0.32889502272957083,3266,3124,Marquette,Baylor,1727.920990711213,1761.3275962097346,10,5
2024_3266_3393,0.39824293130479427,3266,3393,Marquette,Syracuse,1727.920990711213,1730.6665843168998,10,6
2024_3181_3266,0.38722657533616484,3266,3181,Marquette,Duke,1727.920990711213,1752.688159118207,10,7
2024_3242_3266,0.4874898765738785,3266,3242,Marquette,Kansas,1727.920990711213,1705.528887123695,10,8
2024_3266_3276,0.5536235404366715,3266,3276,Marquette,Michigan,1727.920990711213,1680.1913479376847,10,9
2024_3266_3350,0.4176732775208455,3266,3350,Marquette,Richmond,1727.920990711213,1778.4365011097805,10,10
2024_3112_3266,0.6276933287549988,3266,3112,Marquette,Arizona,1727.920990711213,1663.5246475881788,10,11
2024_3120_3266,0.6162479221946621,3266,3120,Marquette,Auburn,1727.920990711213,1670.9243359044353,10,11
2024_3162_3266,0.45672725495316696,3266,3162,Marquette,Columbia,1727.920990711213,1784.2973369270142,10,12
2024_3266_3435,0.6707824435674425,3266,3435,Marquette,Vanderbilt,1727.920990711213,1649.7364456557825,10,12
2024_3266_3267,0.5996067321312398,3266,3267,Marquette,Marshall,1727.920990711213,1711.538083968918,10,13
2024_3238_3266,0.6488082552496812,3266,3238,Marquette,Jackson St,1727.920990711213,1694.6207667651774,10,14
2024_3263_3266,0.739170026144403,3266,3263,Marquette,Maine,1727.920990711213,1644.585593286405,10,15
2024_3266_3394,0.8266938018628235,3266,3394,Marquette,TAM C. Christi,1727.920990711213,1580.4352854776812,10,16
2024_3195_3401,0.23229777737771015,3401,3195,Texas A&M,FL Gulf Coast,1611.1750967639034,1807.876806976903,11,12
2024_3193_3401,0.33715236600481346,3401,3193,Texas A&M,Fairfield,1611.1750967639034,1743.9307213061684,11,13
2024_3186_3401,0.42359658147371176,3401,3186,Texas A&M,E Washington,1611.1750967639034,1702.9960322081502,11,14
2024_3245_3401,0.5074170334567342,3401,3245,Texas A&M,Kent,1611.1750967639034,1666.6651185549856,11,15
2024_3342_3401,0.8347027104125992,3401,3342,Texas A&M,Presbyterian,1611.1750967639034,1440.0319648053332,11,16
2024_3357_3401,0.6771285969467132,3401,3357,Texas A&M,Sacred Heart,1611.1750967639034,1573.6005456379667,11,16
2024_3400_3401,0.08307444195901131,3401,3400,Texas A&M,Texas,1611.1750967639034,1876.178422728389,11,1
2024_3390_3401,0.08355924690453755,3401,3390,Texas A&M,Stanford,1611.1750967639034,1875.2135534976353,11,2
2024_3301_3401,0.10776099339019364,3401,3301,Texas A&M,NC State,1611.1750967639034,1832.4819635554175,11,3
2024_3211_3401,0.09254649820761346,3401,3211,Texas A&M,Gonzaga,1611.1750967639034,1858.1876334071728,11,4
2024_3401_3428,0.17014696949408484,3401,3428,Texas A&M,Utah,1611.1750967639034,1762.0370348912932,11,5
2024_3397_3401,0.19108060293078358,3401,3397,Texas A&M,Tennessee,1611.1750967639034,1755.5161230419328,11,6
2024_3235_3401,0.2152572706192782,3401,3235,Texas A&M,Iowa St,1611.1750967639034,1747.7944117468137,11,7
2024_3104_3401,0.2561479318494359,3401,3104,Texas A&M,Alabama,1611.1750967639034,1728.2235991545258,11,8
2024_3199_3401,0.2713362811746391,3401,3199,Texas A&M,Florida St,1611.1750967639034,1731.3318438886506,11,9
2024_3268_3401,0.28145406730049466,3401,3268,Texas A&M,Maryland,1611.1750967639034,1738.6415489962658,11,10
2024_3401_3453,0.27856557530515197,3401,3453,Texas A&M,WI Green Bay,1611.1750967639034,1755.8193922713324,11,11
2024_3355_3401,0.23327572630853563,3401,3355,Texas A&M,S Dakota St,1611.1750967639034,1807.0444786381895,11,12
2024_3401_3414,0.4750210172314914,3401,3414,Texas A&M,UC Irvine,1611.1750967639034,1656.3752788526392,11,13
2024_3151_3401,0.4471745379158709,3401,3151,Texas A&M,Chattanooga,1611.1750967639034,1688.4139365134167,11,14
2024_3313_3401,0.4908043261933976,3401,3313,Texas A&M,Norfolk St,1611.1750967639034,1676.7668098191193,11,15
2024_3180_3401,0.6072123469869389,3401,3180,Texas A&M,Drexel,1611.1750967639034,1619.9611285709493,11,16
2024_3234_3401,0.06632832870149777,3401,3234,Texas A&M,Iowa,1611.1750967639034,1913.1483914363243,11,1
2024_3401_3417,0.10868215076128317,3401,3417,Texas A&M,UCLA,1611.1750967639034,1831.0311295413612,11,2
2024_3261_3401,0.07402440370724676,3401,3261,Texas A&M,LSU,1611.1750967639034,1895.2037149888847,11,3
2024_3243_3401,0.18794158409158776,3401,3243,Texas A&M,Kansas St,1611.1750967639034,1733.6226327573718,11,4
2024_3160_3401,0.1907458333978397,3401,3160,Texas A&M,Colorado,1611.1750967639034,1740.8455561689786,11,5
2024_3257_3401,0.16938425505373642,3401,3257,Texas A&M,Louisville,1611.1750967639034,1777.859589035021,11,6
2024_3166_3401,0.14723674246760474,3401,3166,Texas A&M,Creighton,1611.1750967639034,1818.159394610845,11,7
2024_3401_3452,0.28501888840619594,3401,3452,Texas A&M,West Virginia,1611.1750967639034,1705.972421133595,11,8
2024_3343_3401,0.14431482801478243,3401,3343,Texas A&M,Princeton,1611.1750967639034,1851.7261643002205,11,9
2024_3401_3424,0.17233313410434378,3401,3424,Texas A&M,UNLV,1611.1750967639034,1834.6954708399526,11,10
2024_3292_3401,0.1957475741050939,3401,3292,Texas A&M,MTSU,1611.1750967639034,1825.9686936108571,11,11
2024_3179_3401,0.24926527564001189,3401,3179,Texas A&M,Drake,1611.1750967639034,1793.7637493219408,11,12
2024_3339_3401,0.4687252264374024,3401,3339,Texas A&M,Portland,1611.1750967639034,1660.2154003231187,11,13
2024_3349_3401,0.5869260946369208,3401,3349,Texas A&M,Rice,1611.1750967639034,1602.7806164848662,11,14
2024_3401_3465,0.37583721985202284,3401,3465,Texas A&M,Cal Baptist,1611.1750967639034,1748.2794249498818,11,15
2024_3221_3401,0.7024061947628969,3401,3221,Texas A&M,Holy Cross,1611.1750967639034,1555.6375404933337,11,16
2024_3401_3404,0.815148327129962,3401,3404,Texas A&M,TN Martin,1611.1750967639034,1460.6304570200384,11,16
2024_3401_3425,0.10424053017752533,3401,3425,Texas A&M,USC,1611.1750967639034,1838.1292755662923,11,1
2024_3326_3401,0.09763029290920053,3401,3326,Texas A&M,Ohio St,1611.1750967639034,1849.2050670726867,11,2
2024_3163_3401,0.06307038588994908,3401,3163,Texas A&M,Connecticut,1611.1750967639034,1921.3336140603578,11,3
2024_3401_3439,0.09878146383712037,3401,3439,Texas A&M,Virginia Tech,1611.1750967639034,1847.229227065635,11,4
2024_3124_3401,0.17080698819086781,3401,3124,Texas A&M,Baylor,1611.1750967639034,1761.3275962097346,11,5
2024_3393_3401,0.21763135751979032,3401,3393,Texas A&M,Syracuse,1611.1750967639034,1730.6665843168998,11,6
2024_3181_3401,0.20986869505633124,3401,3181,Texas A&M,Duke,1611.1750967639034,1752.688159118207,11,7
2024_3242_3401,0.2856138857017615,3401,3242,Texas A&M,Kansas,1611.1750967639034,1705.528887123695,11,8
2024_3276_3401,0.3426719678784751,3401,3276,Texas A&M,Michigan,1611.1750967639034,1680.1913479376847,11,9
2024_3350_3401,0.23164177127103397,3401,3350,Texas A&M,Richmond,1611.1750967639034,1778.4365011097805,11,10
2024_3112_3401,0.4147415506491913,3401,3112,Texas A&M,Arizona,1611.1750967639034,1663.5246475881788,11,11
2024_3120_3401,0.4029762749595828,3401,3120,Texas A&M,Auburn,1611.1750967639034,1670.9243359044353,11,11
2024_3162_3401,0.2611004289927499,3401,3162,Texas A&M,Columbia,1611.1750967639034,1784.2973369270142,11,12
2024_3401_3435,0.46132596715057783,3401,3435,Texas A&M,Vanderbilt,1611.1750967639034,1649.7364456557825,11,12
2024_3267_3401,0.3862968933184412,3401,3267,Texas A&M,Marshall,1611.1750967639034,1711.538083968918,11,13
2024_3238_3401,0.43710321268176944,3401,3238,Texas A&M,Jackson St,1611.1750967639034,1694.6207667651774,11,14
2024_3263_3401,0.5436206785093087,3401,3263,Texas A&M,Maine,1611.1750967639034,1644.585593286405,11,15
2024_3394_3401,0.6672209755267371,3401,3394,Texas A&M,TAM C. Christi,1611.1750967639034,1580.4352854776812,11,16
2024_3193_3195,0.6270008270139097,3195,3193,FL Gulf Coast,Fairfield,1807.876806976903,1743.9307213061684,12,13
2024_3186_3195,0.7083441607179918,3195,3186,FL Gulf Coast,E Washington,1807.876806976903,1702.9960322081502,12,14
2024_3195_3245,0.772951414431497,3195,3245,FL Gulf Coast,Kent,1807.876806976903,1666.6651185549856,12,15
2024_3195_3342,0.9434656678305708,3195,3342,FL Gulf Coast,Presbyterian,1807.876806976903,1440.0319648053332,12,16
2024_3195_3357,0.8739108255941723,3195,3357,FL Gulf Coast,Sacred Heart,1807.876806976903,1573.6005456379667,12,16
2024_3195_3400,0.24838857405887596,3195,3400,FL Gulf Coast,Texas,1807.876806976903,1876.178422728389,12,1
2024_3195_3390,0.24957552786652562,3195,3390,FL Gulf Coast,Stanford,1807.876806976903,1875.2135534976353,12,2
2024_3195_3301,0.3058158352321847,3195,3301,FL Gulf Coast,NC State,1807.876806976903,1832.4819635554175,12,3
2024_3195_3211,0.27113591413499827,3195,3211,FL Gulf Coast,Gonzaga,1807.876806976903,1858.1876334071728,12,4
2024_3195_3428,0.4118530803178702,3195,3428,FL Gulf Coast,Utah,1807.876806976903,1762.0370348912932,12,5
2024_3195_3397,0.4384088724867277,3195,3397,FL Gulf Coast,Tennessee,1807.876806976903,1755.5161230419328,12,6
2024_3195_3235,0.47548463463389223,3195,3235,FL Gulf Coast,Iowa St,1807.876806976903,1747.7944117468137,12,7
2024_3104_3195,0.5322787475419685,3195,3104,FL Gulf Coast,Alabama,1807.876806976903,1728.2235991545258,12,8
2024_3195_3199,0.5516967088336273,3195,3199,FL Gulf Coast,Florida St,1807.876806976903,1731.3318438886506,12,9
2024_3195_3268,0.5641744555450294,3195,3268,FL Gulf Coast,Maryland,1807.876806976903,1738.6415489962658,12,10
2024_3195_3453,0.5606483733255601,3195,3453,FL Gulf Coast,WI Green Bay,1807.876806976903,1755.8193922713324,12,11
2024_3195_3355,0.5013689300261108,3195,3355,FL Gulf Coast,S Dakota St,1807.876806976903,1807.0444786381895,12,12
2024_3195_3414,0.7493939588424903,3195,3414,FL Gulf Coast,UC Irvine,1807.876806976903,1656.3752788526392,12,13
2024_3151_3195,0.7277602404805142,3195,3151,FL Gulf Coast,Chattanooga,1807.876806976903,1688.4139365134167,12,14
2024_3195_3313,0.7610773274629308,3195,3313,FL Gulf Coast,Norfolk St,1807.876806976903,1676.7668098191193,12,15
2024_3180_3195,0.8363053879394772,3195,3180,FL Gulf Coast,Drexel,1807.876806976903,1619.9611285709493,12,16
2024_3195_3234,0.20579784389986724,3195,3234,FL Gulf Coast,Iowa,1807.876806976903,1913.1483914363243,12,1
2024_3195_3417,0.3078458651059673,3195,3417,FL Gulf Coast,UCLA,1807.876806976903,1831.0311295413612,12,2
2024_3195_3261,0.22576357044194817,3195,3261,FL Gulf Coast,LSU,1807.876806976903,1895.2037149888847,12,3
2024_3195_3243,0.4577566901124883,3195,3243,FL Gulf Coast,Kansas St,1807.876806976903,1733.6226327573718,12,4
2024_3160_3195,0.44598775647711614,3195,3160,FL Gulf Coast,Colorado,1807.876806976903,1740.8455561689786,12,5
2024_3195_3257,0.4026066846358193,3195,3257,FL Gulf Coast,Louisville,1807.876806976903,1777.859589035021,12,6
2024_3166_3195,0.36330261830367233,3195,3166,FL Gulf Coast,Creighton,1807.876806976903,1818.159394610845,12,7
2024_3195_3452,0.5684870920281524,3195,3452,FL Gulf Coast,West Virginia,1807.876806976903,1705.972421133595,12,8
2024_3195_3343,0.35789241458935067,3195,3343,FL Gulf Coast,Princeton,1807.876806976903,1851.7261643002205,12,9
2024_3195_3424,0.40762325988575693,3195,3424,FL Gulf Coast,UNLV,1807.876806976903,1834.6954708399526,12,10
2024_3195_3292,0.44578760396540146,3195,3292,FL Gulf Coast,MTSU,1807.876806976903,1825.9686936108571,12,11
2024_3179_3195,0.5231951366593467,3195,3179,FL Gulf Coast,Drake,1807.876806976903,1793.7637493219408,12,12
2024_3195_3339,0.7446195892341305,3195,3339,FL Gulf Coast,Portland,1807.876806976903,1660.2154003231187,12,13
2024_3195_3349,0.824429974570509,3195,3349,FL Gulf Coast,Rice,1807.876806976903,1602.7806164848662,12,14
2024_3195_3465,0.6655500899254889,3195,3465,FL Gulf Coast,Cal Baptist,1807.876806976903,1748.2794249498818,12,15
2024_3195_3221,0.8863677152010998,3195,3221,FL Gulf Coast,Holy Cross,1807.876806976903,1555.6375404933337,12,16
2024_3195_3404,0.9357879619713123,3195,3404,FL Gulf Coast,TN Martin,1807.876806976903,1460.6304570200384,12,16
2024_3195_3425,0.2979860011709846,3195,3425,FL Gulf Coast,USC,1807.876806976903,1838.1292755662923,12,1
2024_3195_3326,0.2829708890445451,3195,3326,FL Gulf Coast,Ohio St,1807.876806976903,1849.2050670726867,12,2
2024_3163_3195,0.19713580062314404,3195,3163,FL Gulf Coast,Connecticut,1807.876806976903,1921.3336140603578,12,3
2024_3195_3439,0.2856157250641059,3195,3439,FL Gulf Coast,Virginia Tech,1807.876806976903,1847.229227065635,12,4
2024_3124_3195,0.4129840958602308,3195,3124,FL Gulf Coast,Baylor,1807.876806976903,1761.3275962097346,12,5
2024_3195_3393,0.4789770084405486,3195,3393,FL Gulf Coast,Syracuse,1807.876806976903,1730.6665843168998,12,6
2024_3181_3195,0.4674622446562257,3195,3181,FL Gulf Coast,Duke,1807.876806976903,1752.688159118207,12,7
2024_3195_3242,0.5692027440156956,3195,3242,FL Gulf Coast,Kansas,1807.876806976903,1705.528887123695,12,8
2024_3195_3276,0.6327359914198354,3195,3276,FL Gulf Coast,Michigan,1807.876806976903,1680.1913479376847,12,9
2024_3195_3350,0.4990794700636195,3195,3350,FL Gulf Coast,Richmond,1807.876806976903,1778.4365011097805,12,10
2024_3112_3195,0.70077349059745,3195,3112,FL Gulf Coast,Arizona,1807.876806976903,1663.5246475881788,12,11
2024_3120_3195,0.6904668335204396,3195,3120,FL Gulf Coast,Auburn,1807.876806976903,1670.9243359044353,12,11
2024_3162_3195,0.5387036583386056,3195,3162,FL Gulf Coast,Columbia,1807.876806976903,1784.2973369270142,12,12
2024_3195_3435,0.7389225702862762,3195,3435,FL Gulf Coast,Vanderbilt,1807.876806976903,1649.7364456557825,12,12
2024_3195_3267,0.6753485562232326,3195,3267,FL Gulf Coast,Marshall,1807.876806976903,1711.538083968918,12,13
2024_3195_3238,0.7195952733779568,3195,3238,FL Gulf Coast,Jackson St,1807.876806976903,1694.6207667651774,12,14
2024_3195_3263,0.7974301158001769,3195,3263,FL Gulf Coast,Maine,1807.876806976903,1644.585593286405,12,15
2024_3195_3394,0.8688722952049198,3195,3394,FL Gulf Coast,TAM C. Christi,1807.876806976903,1580.4352854776812,12,16
2024_3186_3193,0.5909717391716455,3193,3186,Fairfield,E Washington,1743.9307213061684,1702.9960322081502,13,14
2024_3193_3245,0.6694460084806674,3193,3245,Fairfield,Kent,1743.9307213061684,1666.6651185549856,13,15
2024_3193_3342,0.9084903817214669,3193,3342,Fairfield,Presbyterian,1743.9307213061684,1440.0319648053332,13,16
2024_3193_3357,0.8048075668846092,3193,3357,Fairfield,Sacred Heart,1743.9307213061684,1573.6005456379667,13,16
2024_3193_3400,0.1782990158154092,3193,3400,Fairfield,Texas,1743.9307213061684,1876.178422728389,13,1
2024_3193_3390,0.1792309068970412,3193,3390,Fairfield,Stanford,1743.9307213061684,1875.2135534976353,13,2
2024_3193_3301,0.22435877038978108,3193,3301,Fairfield,NC State,1743.9307213061684,1832.4819635554175,13,3
2024_3193_3211,0.19630401879111017,3193,3211,Fairfield,Gonzaga,1743.9307213061684,1858.1876334071728,13,4
2024_3193_3428,0.31496691508094327,3193,3428,Fairfield,Utah,1743.9307213061684,1762.0370348912932,13,5
2024_3193_3397,0.32429572974593607,3193,3397,Fairfield,Tennessee,1743.9307213061684,1755.5161230419328,13,6
2024_3193_3235,0.35034756212626555,3193,3235,Fairfield,Iowa St,1743.9307213061684,1747.7944117468137,13,7
2024_3104_3193,0.40369880134876707,3193,3104,Fairfield,Alabama,1743.9307213061684,1728.2235991545258,13,8
2024_3193_3199,0.42266489975288185,3193,3199,Fairfield,Florida St,1743.9307213061684,1731.3318438886506,13,9
2024_3193_3268,0.4350564133317598,3193,3268,Fairfield,Maryland,1743.9307213061684,1738.6415489962658,13,10
2024_3193_3453,0.431538269541931,3193,3453,Fairfield,WI Green Bay,1743.9307213061684,1755.8193922713324,13,11
2024_3193_3355,0.37428067515589164,3193,3355,Fairfield,S Dakota St,1743.9307213061684,1807.0444786381895,13,12
2024_3193_3414,0.6401490262601687,3193,3414,Fairfield,UC Irvine,1743.9307213061684,1656.3752788526392,13,13
2024_3151_3193,0.6139429494936759,3193,3151,Fairfield,Chattanooga,1743.9307213061684,1688.4139365134167,13,14
2024_3193_3313,0.6545778777950623,3193,3313,Fairfield,Norfolk St,1743.9307213061684,1676.7668098191193,13,15
2024_3180_3193,0.7524309345043059,3193,3180,Fairfield,Drexel,1743.9307213061684,1619.9611285709493,13,16
2024_3193_3234,0.14540147028163597,3193,3234,Fairfield,Iowa,1743.9307213061684,1913.1483914363243,13,1
2024_3193_3417,0.22602413798345994,3193,3417,Fairfield,UCLA,1743.9307213061684,1831.0311295413612,13,2
2024_3193_3261,0.16069332527532676,3193,3261,Fairfield,LSU,1743.9307213061684,1895.2037149888847,13,3
2024_3193_3243,0.3566196072306817,3193,3243,Fairfield,Kansas St,1743.9307213061684,1733.6226327573718,13,4
2024_3160_3193,0.345792719298411,3193,3160,Fairfield,Colorado,1743.9307213061684,1740.8455561689786,13,5
2024_3193_3257,0.2929512955798031,3193,3257,Fairfield,Louisville,1743.9307213061684,1777.859589035021,13,6
2024_3166_3193,0.2534246544860541,3193,3166,Fairfield,Creighton,1743.9307213061684,1818.159394610845,13,7
2024_3193_3452,0.43937709287704557,3193,3452,Fairfield,West Virginia,1743.9307213061684,1705.972421133595,13,8
2024_3193_3343,0.2490107812597758,3193,3343,Fairfield,Princeton,1743.9307213061684,1851.7261643002205,13,9
2024_3193_3424,0.2904558554381019,3193,3424,Fairfield,UNLV,1743.9307213061684,1834.6954708399526,13,10
2024_3193_3292,0.32364364447792204,3193,3292,Fairfield,MTSU,1743.9307213061684,1825.9686936108571,13,11
2024_3179_3193,0.3949565611503728,3193,3179,Fairfield,Drake,1743.9307213061684,1793.7637493219408,13,12
2024_3193_3339,0.6343090159975957,3193,3339,Fairfield,Portland,1743.9307213061684,1660.2154003231187,13,13
2024_3193_3349,0.736388728569513,3193,3349,Fairfield,Rice,1743.9307213061684,1602.7806164848662,13,14
2024_3193_3465,0.5420889427130586,3193,3465,Fairfield,Cal Baptist,1743.9307213061684,1748.2794249498818,13,15
2024_3193_3221,0.8227064429831353,3193,3221,Fairfield,Holy Cross,1743.9307213061684,1555.6375404933337,13,16
2024_3193_3404,0.8965834676432276,3193,3404,Fairfield,TN Martin,1743.9307213061684,1460.6304570200384,13,16
2024_3193_3425,0.2179596686025274,3193,3425,Fairfield,USC,1743.9307213061684,1838.1292755662923,13,1
2024_3193_3326,0.20579487475139832,3193,3326,Fairfield,Ohio St,1743.9307213061684,1849.2050670726867,13,2
2024_3163_3193,0.13883712322601385,3193,3163,Fairfield,Connecticut,1743.9307213061684,1921.3336140603578,13,3
2024_3193_3439,0.2079275492120551,3193,3439,Fairfield,Virginia Tech,1743.9307213061684,1847.229227065635,13,4
2024_3124_3193,0.315974805743092,3193,3124,Fairfield,Baylor,1743.9307213061684,1761.3275962097346,13,5
2024_3193_3393,0.3610939697202974,3193,3393,Fairfield,Syracuse,1743.9307213061684,1730.6665843168998,13,6
2024_3181_3193,0.3430555967813028,3193,3181,Fairfield,Duke,1743.9307213061684,1752.688159118207,13,7
2024_3193_3242,0.44009597774770864,3193,3242,Fairfield,Kansas,1743.9307213061684,1705.528887123695,13,8
2024_3193_3276,0.5061498508323498,3193,3276,Fairfield,Michigan,1743.9307213061684,1680.1913479376847,13,9
2024_3193_3350,0.37213843524129026,3193,3350,Fairfield,Richmond,1743.9307213061684,1778.4365011097805,13,10
2024_3112_3193,0.5821516008899295,3193,3112,Fairfield,Arizona,1743.9307213061684,1663.5246475881788,13,11
2024_3120_3193,0.5702646590326085,3193,3120,Fairfield,Auburn,1743.9307213061684,1670.9243359044353,13,11
2024_3162_3193,0.4099319505829095,3193,3162,Fairfield,Columbia,1743.9307213061684,1784.2973369270142,13,12
2024_3193_3435,0.6273826110150699,3193,3435,Fairfield,Vanderbilt,1743.9307213061684,1649.7364456557825,13,12
2024_3193_3267,0.5530755766725335,3193,3267,Fairfield,Marshall,1743.9307213061684,1711.538083968918,13,13
2024_3193_3238,0.604220812119932,3193,3238,Fairfield,Jackson St,1743.9307213061684,1694.6207667651774,13,14
2024_3193_3263,0.7007637906519024,3193,3263,Fairfield,Maine,1743.9307213061684,1644.585593286405,13,15
2024_3193_3394,0.7976470581786153,3193,3394,Fairfield,TAM C. Christi,1743.9307213061684,1580.4352854776812,13,16
2024_3186_3245,0.5836308819451722,3186,3245,E Washington,Kent,1702.9960322081502,1666.6651185549856,14,15
2024_3186_3342,0.8729565100642749,3186,3342,E Washington,Presbyterian,1702.9960322081502,1440.0319648053332,14,16
2024_3186_3357,0.7405123778506606,3186,3357,E Washington,Sacred Heart,1702.9960322081502,1573.6005456379667,14,16
2024_3186_3400,0.14219026253172834,3186,3400,E Washington,Texas,1702.9960322081502,1876.178422728389,14,1
2024_3186_3390,0.142966264796261,3186,3390,E Washington,Stanford,1702.9960322081502,1875.2135534976353,14,2
2024_3186_3301,0.18097653022228247,3186,3301,E Washington,NC State,1702.9960322081502,1832.4819635554175,14,3
2024_3186_3211,0.15724671866196732,3186,3211,E Washington,Gonzaga,1702.9960322081502,1858.1876334071728,14,4
2024_3186_3428,0.2599359921808569,3186,3428,E Washington,Utah,1702.9960322081502,1762.0370348912932,14,5
2024_3186_3397,0.26827319274361455,3186,3397,E Washington,Tennessee,1702.9960322081502,1755.5161230419328,14,6
2024_3186_3235,0.2783619029554797,3186,3235,E Washington,Iowa St,1702.9960322081502,1747.7944117468137,14,7
2024_3104_3186,0.31906743677559324,3186,3104,E Washington,Alabama,1702.9960322081502,1728.2235991545258,14,8
2024_3186_3199,0.3362998838991085,3186,3199,E Washington,Florida St,1702.9960322081502,1731.3318438886506,14,9
2024_3186_3268,0.3476842195866054,3186,3268,E Washington,Maryland,1702.9960322081502,1738.6415489962658,14,10
2024_3186_3453,0.34444184653951204,3186,3453,E Washington,WI Green Bay,1702.9960322081502,1755.8193922713324,14,11
2024_3186_3355,0.29278837517719675,3186,3355,E Washington,S Dakota St,1702.9960322081502,1807.0444786381895,14,12
2024_3186_3414,0.5518200256203608,3186,3414,E Washington,UC Irvine,1702.9960322081502,1656.3752788526392,14,13
2024_3151_3186,0.5239648493692157,3186,3151,E Washington,Chattanooga,1702.9960322081502,1688.4139365134167,14,14
2024_3186_3313,0.5673971525319221,3186,3313,E Washington,Norfolk St,1702.9960322081502,1676.7668098191193,14,15
2024_3180_3186,0.67779036477808,3186,3180,E Washington,Drexel,1702.9960322081502,1619.9611285709493,14,16
2024_3186_3234,0.11502245984407591,3186,3234,E Washington,Iowa,1702.9960322081502,1913.1483914363243,14,1
2024_3186_3417,0.1823956044632535,3186,3417,E Washington,UCLA,1702.9960322081502,1831.0311295413612,14,2
2024_3186_3261,0.1275963830808953,3186,3261,E Washington,LSU,1702.9960322081502,1895.2037149888847,14,3
2024_3186_3243,0.2974713677577388,3186,3243,E Washington,Kansas St,1702.9960322081502,1733.6226327573718,14,4
2024_3160_3186,0.2876373873341066,3186,3160,E Washington,Colorado,1702.9960322081502,1740.8455561689786,14,5
2024_3186_3257,0.24041695812387248,3186,3257,E Washington,Louisville,1702.9960322081502,1777.859589035021,14,6
2024_3166_3186,0.19536488919610778,3186,3166,E Washington,Creighton,1702.9960322081502,1818.159394610845,14,7
2024_3186_3452,0.35167733467190193,3186,3452,E Washington,West Virginia,1702.9960322081502,1705.972421133595,14,8
2024_3186_3343,0.18665717583233005,3186,3343,E Washington,Princeton,1702.9960322081502,1851.7261643002205,14,9
2024_3186_3424,0.22077511978332773,3186,3424,E Washington,UNLV,1702.9960322081502,1834.6954708399526,14,10
2024_3186_3292,0.2487928190441593,3186,3292,E Washington,MTSU,1702.9960322081502,1825.9686936108571,14,11
2024_3179_3186,0.3112014460634954,3186,3179,E Washington,Drake,1702.9960322081502,1793.7637493219408,14,12
2024_3186_3339,0.5455641470104322,3186,3339,E Washington,Portland,1702.9960322081502,1660.2154003231187,14,13
2024_3186_3349,0.6591028189920468,3186,3349,E Washington,Rice,1702.9960322081502,1602.7806164848662,14,14
2024_3186_3465,0.45035688864764933,3186,3465,E Washington,Cal Baptist,1702.9960322081502,1748.2794249498818,14,15
2024_3186_3221,0.7625676755376316,3186,3221,E Washington,Holy Cross,1702.9960322081502,1555.6375404933337,14,16
2024_3186_3404,0.8571530372638074,3186,3404,E Washington,TN Martin,1702.9960322081502,1460.6304570200384,14,16
2024_3186_3425,0.17553474456239512,3186,3425,E Washington,USC,1702.9960322081502,1838.1292755662923,14,1
2024_3186_3326,0.16523747780552625,3186,3326,E Washington,Ohio St,1702.9960322081502,1849.2050670726867,14,2
2024_3163_3186,0.10965363696969774,3186,3163,E Washington,Connecticut,1702.9960322081502,1921.3336140603578,14,3
2024_3186_3439,0.16703824977351797,3186,3439,E Washington,Virginia Tech,1702.9960322081502,1847.229227065635,14,4
2024_3124_3186,0.2608348361234424,3186,3124,E Washington,Baylor,1702.9960322081502,1761.3275962097346,14,5
2024_3186_3393,0.3015514465819248,3186,3393,E Washington,Syracuse,1702.9960322081502,1730.6665843168998,14,6
2024_3181_3186,0.2719410425911554,3186,3181,E Washington,Duke,1702.9960322081502,1752.688159118207,14,7
2024_3186_3242,0.3523429109703799,3186,3242,E Washington,Kansas,1702.9960322081502,1705.528887123695,14,8
2024_3186_3276,0.41498786721655456,3186,3276,E Washington,Michigan,1702.9960322081502,1680.1913479376847,14,9
2024_3186_3350,0.290895723304243,3186,3350,E Washington,Richmond,1702.9960322081502,1778.4365011097805,14,10
2024_3112_3186,0.49090806846213586,3186,3112,E Washington,Arizona,1702.9960322081502,1663.5246475881788,14,11
2024_3120_3186,0.4787495807925703,3186,3120,E Washington,Auburn,1702.9960322081502,1670.9243359044353,14,11
2024_3162_3186,0.3247054191469612,3186,3162,E Washington,Columbia,1702.9960322081502,1784.2973369270142,14,12
2024_3186_3435,0.5381806547968236,3186,3435,E Washington,Vanderbilt,1702.9960322081502,1649.7364456557825,14,12
2024_3186_3267,0.4613575154871284,3186,3267,E Washington,Marshall,1702.9960322081502,1711.538083968918,14,13
2024_3186_3238,0.5137713456426234,3186,3238,E Washington,Jackson St,1702.9960322081502,1694.6207667651774,14,14
2024_3186_3263,0.6184450964732715,3186,3263,E Washington,Maine,1702.9960322081502,1644.585593286405,14,15
2024_3186_3394,0.7317793086115074,3186,3394,E Washington,TAM C. Christi,1702.9960322081502,1580.4352854776812,14,16
2024_3245_3342,0.8305682209784823,3245,3342,Kent,Presbyterian,1666.6651185549856,1440.0319648053332,15,16
2024_3245_3357,0.6706081219525944,3245,3357,Kent,Sacred Heart,1666.6651185549856,1573.6005456379667,15,16
2024_3245_3400,0.11545111067206361,3245,3400,Kent,Texas,1666.6651185549856,1876.178422728389,15,1
2024_3245_3390,0.11610093505795548,3245,3390,Kent,Stanford,1666.6651185549856,1875.2135534976353,15,2
2024_3245_3301,0.14820370088692264,3245,3301,Kent,NC State,1666.6651185549856,1832.4819635554175,15,3
2024_3211_3245,0.12809899107700262,3245,3211,Kent,Gonzaga,1666.6651185549856,1858.1876334071728,15,4
2024_3245_3428,0.21664674840961495,3245,3428,Kent,Utah,1666.6651185549856,1762.0370348912932,15,5
2024_3245_3397,0.22401577178729395,3245,3397,Kent,Tennessee,1666.6651185549856,1755.5161230419328,15,6
2024_3235_3245,0.23297003473523054,3245,3235,Kent,Iowa St,1666.6651185549856,1747.7944117468137,15,7
2024_3104_3245,0.2567626579203102,3245,3104,Kent,Alabama,1666.6651185549856,1728.2235991545258,15,8
2024_3199_3245,0.26551003370180404,3245,3199,Kent,Florida St,1666.6651185549856,1731.3318438886506,15,9
2024_3245_3268,0.27549270546066873,3245,3268,Kent,Maryland,1666.6651185549856,1738.6415489962658,15,10
2024_3245_3453,0.27264217954151415,3245,3453,Kent,WI Green Bay,1666.6651185549856,1755.8193922713324,15,11
2024_3245_3355,0.228010999325336,3245,3355,Kent,S Dakota St,1666.6651185549856,1807.0444786381895,15,12
2024_3245_3414,0.46762797402940687,3245,3414,Kent,UC Irvine,1666.6651185549856,1656.3752788526392,15,13
2024_3151_3245,0.4398517707416189,3245,3151,Kent,Chattanooga,1666.6651185549856,1688.4139365134167,15,14
2024_3245_3313,0.48339182375408124,3245,3313,Kent,Norfolk St,1666.6651185549856,1676.7668098191193,15,15
2024_3180_3245,0.6001137543848748,3245,3180,Kent,Drexel,1666.6651185549856,1619.9611285709493,15,16
2024_3234_3245,0.09283933141013163,3245,3234,Kent,Iowa,1666.6651185549856,1913.1483914363243,15,1
2024_3245_3417,0.14941267665584168,3245,3417,Kent,UCLA,1666.6651185549856,1831.0311295413612,15,2
2024_3245_3261,0.1032712406214402,3245,3261,Kent,LSU,1666.6651185549856,1895.2037149888847,15,3
2024_3243_3245,0.25004308336818604,3245,3243,Kent,Kansas St,1666.6651185549856,1733.6226327573718,15,4
2024_3160_3245,0.24123861541397212,3245,3160,Kent,Colorado,1666.6651185549856,1740.8455561689786,15,5
2024_3245_3257,0.19950208257836202,3245,3257,Kent,Louisville,1666.6651185549856,1777.859589035021,15,6
2024_3166_3245,0.16049708035048746,3245,3166,Kent,Creighton,1666.6651185549856,1818.159394610845,15,7
2024_3245_3452,0.28567629183263854,3245,3452,Kent,West Virginia,1666.6651185549856,1705.972421133595,15,8
2024_3245_3343,0.1406894248931047,3245,3343,Kent,Princeton,1666.6651185549856,1851.7261643002205,15,9
2024_3245_3424,0.1681421782850161,3245,3424,Kent,UNLV,1666.6651185549856,1834.6954708399526,15,10
2024_3245_3292,0.19111868920992073,3245,3292,Kent,MTSU,1666.6651185549856,1825.9686936108571,15,11
2024_3179_3245,0.24375440991399785,3245,3179,Kent,Drake,1666.6651185549856,1793.7637493219408,15,12
2024_3245_3339,0.46134406044184384,3245,3339,Kent,Portland,1666.6651185549856,1660.2154003231187,15,13
2024_3245_3349,0.5797146400561365,3245,3349,Kent,Rice,1666.6651185549856,1602.7806164848662,15,14
2024_3245_3465,0.3689031051398371,3245,3465,Kent,Cal Baptist,1666.6651185549856,1748.2794249498818,15,15
2024_3221_3245,0.6961671477894215,3245,3221,Kent,Holy Cross,1666.6651185549856,1555.6375404933337,15,16
2024_3245_3404,0.810635694783031,3245,3404,Kent,TN Martin,1666.6651185549856,1460.6304570200384,15,16
2024_3245_3425,0.14357461330864674,3245,3425,Kent,USC,1666.6651185549856,1838.1292755662923,15,1
2024_3245_3326,0.13484555837994097,3245,3326,Kent,Ohio St,1666.6651185549856,1849.2050670726867,15,2
2024_3163_3245,0.08840250370639581,3245,3163,Kent,Connecticut,1666.6651185549856,1921.3336140603578,15,3
2024_3245_3439,0.13636922467701437,3245,3439,Kent,Virginia Tech,1666.6651185549856,1847.229227065635,15,4
2024_3124_3245,0.21743988187153954,3245,3124,Kent,Baylor,1666.6651185549856,1761.3275962097346,15,5
2024_3245_3393,0.2537075674917617,3245,3393,Kent,Syracuse,1666.6651185549856,1730.6665843168998,15,6
2024_3181_3245,0.22726646569041822,3245,3181,Kent,Duke,1666.6651185549856,1752.688159118207,15,7
2024_3242_3245,0.2862721120173706,3245,3242,Kent,Kansas,1666.6651185549856,1705.528887123695,15,8
2024_3245_3276,0.3360203306998948,3245,3276,Kent,Michigan,1666.6651185549856,1680.1913479376847,15,9
2024_3245_3350,0.22640303147264,3245,3350,Kent,Richmond,1666.6651185549856,1778.4365011097805,15,10
2024_3112_3245,0.4075583445776178,3245,3112,Kent,Arizona,1666.6651185549856,1663.5246475881788,15,11
2024_3120_3245,0.39585901267400375,3245,3120,Kent,Auburn,1666.6651185549856,1670.9243359044353,15,11
2024_3162_3245,0.2554169280618798,3245,3162,Kent,Columbia,1666.6651185549856,1784.2973369270142,15,12
2024_3245_3435,0.45396175734652483,3245,3435,Kent,Vanderbilt,1666.6651185549856,1649.7364456557825,15,12
2024_3245_3267,0.37928706791582734,3245,3267,Kent,Marshall,1666.6651185549856,1711.538083968918,15,13
2024_3238_3245,0.4298171425637934,3245,3238,Kent,Jackson St,1666.6651185549856,1694.6207667651774,15,14
2024_3245_3263,0.5362505584999809,3245,3263,Kent,Maine,1666.6651185549856,1644.585593286405,15,15
2024_3245_3394,0.66060070372675,3245,3394,Kent,TAM C. Christi,1666.6651185549856,1580.4352854776812,15,16
2024_3342_3357,0.2934424904788663,3342,3357,Presbyterian,Sacred Heart,1440.0319648053332,1573.6005456379667,16,16
2024_3342_3400,0.028547912898624624,3342,3400,Presbyterian,Texas,1440.0319648053332,1876.178422728389,16,1
2024_3342_3390,0.02872448090799947,3342,3390,Presbyterian,Stanford,1440.0319648053332,1875.2135534976353,16,2
2024_3301_3342,0.03769742213002867,3342,3301,Presbyterian,NC State,1440.0319648053332,1832.4819635554175,16,3
2024_3211_3342,0.03202002063763501,3342,3211,Presbyterian,Gonzaga,1440.0319648053332,1858.1876334071728,16,4
2024_3342_3428,0.05861877783951001,3342,3428,Presbyterian,Utah,1440.0319648053332,1762.0370348912932,16,5
2024_3342_3397,0.06103141873354166,3342,3397,Presbyterian,Tennessee,1440.0319648053332,1755.5161230419328,16,6
2024_3235_3342,0.06400831959146498,3342,3235,Presbyterian,Iowa St,1440.0319648053332,1747.7944117468137,16,7
2024_3104_3342,0.07216888218451503,3342,3104,Presbyterian,Alabama,1440.0319648053332,1728.2235991545258,16,8
2024_3199_3342,0.07081155719197178,3342,3199,Presbyterian,Florida St,1440.0319648053332,1731.3318438886506,16,9
2024_3268_3342,0.07198498297702366,3342,3268,Presbyterian,Maryland,1440.0319648053332,1738.6415489962658,16,10
2024_3342_3453,0.07103370237225055,3342,3453,Presbyterian,WI Green Bay,1440.0319648053332,1755.8193922713324,16,11
2024_3342_3355,0.05682710817766134,3342,3355,Presbyterian,S Dakota St,1440.0319648053332,1807.0444786381895,16,12
2024_3342_3414,0.15195758744951351,3342,3414,Presbyterian,UC Irvine,1440.0319648053332,1656.3752788526392,16,13
2024_3151_3342,0.1380687970394574,3342,3151,Presbyterian,Chattanooga,1440.0319648053332,1688.4139365134167,16,14
2024_3313_3342,0.16028395103171847,3342,3313,Presbyterian,Norfolk St,1440.0319648053332,1676.7668098191193,16,15
2024_3180_3342,0.2343838818818705,3342,3180,Presbyterian,Drexel,1440.0319648053332,1619.9611285709493,16,16
2024_3234_3342,0.022523243620110642,3342,3234,Presbyterian,Iowa,1440.0319648053332,1913.1483914363243,16,1
2024_3342_3417,0.03804520321589386,3342,3417,Presbyterian,UCLA,1440.0319648053332,1831.0311295413612,16,2
2024_3261_3342,0.025274202450236562,3342,3261,Presbyterian,LSU,1440.0319648053332,1895.2037149888847,16,3
2024_3243_3342,0.06982633894741067,3342,3243,Presbyterian,Kansas St,1440.0319648053332,1733.6226327573718,16,4
2024_3160_3342,0.06680237961739444,3342,3160,Presbyterian,Colorado,1440.0319648053332,1740.8455561689786,16,5
2024_3257_3342,0.053131676381740565,3342,3257,Presbyterian,Louisville,1440.0319648053332,1777.859589035021,16,6
2024_3166_3342,0.041268494730425806,3342,3166,Presbyterian,Creighton,1440.0319648053332,1818.159394610845,16,7
2024_3342_3452,0.08260602468703705,3342,3452,Presbyterian,West Virginia,1440.0319648053332,1705.972421133595,16,8
2024_3342_3343,0.03336410587245995,3342,3343,Presbyterian,Princeton,1440.0319648053332,1851.7261643002205,16,9
2024_3342_3424,0.0396003582633108,3342,3424,Presbyterian,UNLV,1440.0319648053332,1834.6954708399526,16,10
2024_3292_3342,0.045982669639458705,3342,3292,Presbyterian,MTSU,1440.0319648053332,1825.9686936108571,16,11
2024_3179_3342,0.06169543308771555,3342,3179,Presbyterian,Drake,1440.0319648053332,1793.7637493219408,16,12
2024_3339_3342,0.14873052239944443,3342,3339,Presbyterian,Portland,1440.0319648053332,1660.2154003231187,16,13
2024_3342_3349,0.21958993435085725,3342,3349,Presbyterian,Rice,1440.0319648053332,1602.7806164848662,16,14
2024_3342_3465,0.10653961637236226,3342,3465,Presbyterian,Cal Baptist,1440.0319648053332,1748.2794249498818,16,15
2024_3221_3342,0.3185273786772545,3342,3221,Presbyterian,Holy Cross,1440.0319648053332,1555.6375404933337,16,16
2024_3342_3404,0.4661733350213683,3342,3404,Presbyterian,TN Martin,1440.0319648053332,1460.6304570200384,16,16
2024_3342_3425,0.03637256934508003,3342,3425,Presbyterian,USC,1440.0319648053332,1838.1292755662923,16,1
2024_3326_3342,0.03390317434188102,3342,3326,Presbyterian,Ohio St,1440.0319648053332,1849.2050670726867,16,2
2024_3163_3342,0.02136769581241916,3342,3163,Presbyterian,Connecticut,1440.0319648053332,1921.3336140603578,16,3
2024_3342_3439,0.034331519167106125,3342,3439,Presbyterian,Virginia Tech,1440.0319648053332,1847.229227065635,16,4
2024_3124_3342,0.05887686095785776,3342,3124,Presbyterian,Baylor,1440.0319648053332,1761.3275962097346,16,5
2024_3342_3393,0.07110006832049048,3342,3393,Presbyterian,Syracuse,1440.0319648053332,1730.6665843168998,16,6
2024_3181_3342,0.06210633538130332,3342,3181,Presbyterian,Duke,1440.0319648053332,1752.688159118207,16,7
2024_3242_3342,0.08282742138022585,3342,3242,Presbyterian,Kansas,1440.0319648053332,1705.528887123695,16,8
2024_3276_3342,0.09640305605675625,3342,3276,Presbyterian,Michigan,1440.0319648053332,1680.1913479376847,16,9
2024_3342_3350,0.05633825469832469,3342,3350,Presbyterian,Richmond,1440.0319648053332,1778.4365011097805,16,10
2024_3112_3342,0.12306415793122048,3342,3112,Presbyterian,Arizona,1440.0319648053332,1663.5246475881788,16,11
2024_3120_3342,0.11790618172718373,3342,3120,Presbyterian,Auburn,1440.0319648053332,1670.9243359044353,16,11
2024_3162_3342,0.06540057816681961,3342,3162,Presbyterian,Columbia,1440.0319648053332,1784.2973369270142,16,12
2024_3342_3435,0.1450039626971088,3342,3435,Presbyterian,Vanderbilt,1440.0319648053332,1649.7364456557825,16,12
2024_3267_3342,0.11083550742022127,3342,3267,Presbyterian,Marshall,1440.0319648053332,1711.538083968918,16,13
2024_3238_3342,0.13328079036418858,3342,3238,Presbyterian,Jackson St,1440.0319648053332,1694.6207667651774,16,14
2024_3263_3342,0.19086450551237785,3342,3263,Presbyterian,Maine,1440.0319648053332,1644.585593286405,16,15
2024_3342_3394,0.2842071554249322,3342,3394,Presbyterian,TAM C. Christi,1440.0319648053332,1580.4352854776812,16,16
2024_3357_3400,0.06608243502938406,3357,3400,Sacred Heart,Texas,1573.6005456379667,1876.178422728389,16,1
2024_3357_3390,0.06647526723149931,3357,3390,Sacred Heart,Stanford,1573.6005456379667,1875.2135534976353,16,2
2024_3301_3357,0.08619427024096943,3357,3301,Sacred Heart,NC State,1573.6005456379667,1832.4819635554175,16,3
2024_3211_3357,0.07377295932179802,3357,3211,Sacred Heart,Gonzaga,1573.6005456379667,1858.1876334071728,16,4
2024_3357_3428,0.13038373010842333,3357,3428,Sacred Heart,Utah,1573.6005456379667,1762.0370348912932,16,5
2024_3357_3397,0.13532548188122268,3357,3397,Sacred Heart,Tennessee,1573.6005456379667,1755.5161230419328,16,6
2024_3235_3357,0.1413805526057225,3357,3235,Sacred Heart,Iowa St,1573.6005456379667,1747.7944117468137,16,7
2024_3104_3357,0.15774302887008915,3357,3104,Sacred Heart,Alabama,1573.6005456379667,1728.2235991545258,16,8
2024_3199_3357,0.15504520421901838,3357,3199,Sacred Heart,Florida St,1573.6005456379667,1731.3318438886506,16,9
2024_3268_3357,0.15737805832639185,3357,3268,Sacred Heart,Maryland,1573.6005456379667,1738.6415489962658,16,10
2024_3357_3453,0.155487382362476,3357,3453,Sacred Heart,WI Green Bay,1573.6005456379667,1755.8193922713324,16,11
2024_3355_3357,0.12669378570697898,3357,3355,Sacred Heart,S Dakota St,1573.6005456379667,1807.0444786381895,16,12
2024_3357_3414,0.30140711101485634,3357,3414,Sacred Heart,UC Irvine,1573.6005456379667,1656.3752788526392,16,13
2024_3151_3357,0.2783420654638639,3357,3151,Sacred Heart,Chattanooga,1573.6005456379667,1688.4139365134167,16,14
2024_3313_3357,0.31488182362883294,3357,3313,Sacred Heart,Norfolk St,1573.6005456379667,1676.7668098191193,16,15
2024_3180_3357,0.4243362162588002,3357,3180,Sacred Heart,Drexel,1573.6005456379667,1619.9611285709493,16,16
2024_3234_3357,0.052565202694816064,3357,3234,Sacred Heart,Iowa,1573.6005456379667,1913.1483914363243,16,1
2024_3357_3417,0.086949037508307,3357,3417,Sacred Heart,UCLA,1573.6005456379667,1831.0311295413612,16,2
2024_3261_3357,0.05876485274391622,3357,3261,Sacred Heart,LSU,1573.6005456379667,1895.2037149888847,16,3
2024_3243_3357,0.15308110046886644,3357,3243,Sacred Heart,Kansas St,1573.6005456379667,1733.6226327573718,16,4
2024_3160_3357,0.1470215179775781,3357,3160,Sacred Heart,Colorado,1573.6005456379667,1740.8455561689786,16,5
2024_3257_3357,0.11902834202488262,3357,3257,Sacred Heart,Louisville,1573.6005456379667,1777.859589035021,16,6
2024_3166_3357,0.09391110555807833,3357,3166,Sacred Heart,Creighton,1573.6005456379667,1818.159394610845,16,7
2024_3357_3452,0.17817936182625324,3357,3452,Sacred Heart,West Virginia,1573.6005456379667,1705.972421133595,16,8
2024_3343_3357,0.07673075288897874,3357,3343,Sacred Heart,Princeton,1573.6005456379667,1851.7261643002205,16,9
2024_3357_3424,0.09031552772894615,3357,3424,Sacred Heart,UNLV,1573.6005456379667,1834.6954708399526,16,10
2024_3292_3357,0.10398650570683628,3357,3292,Sacred Heart,MTSU,1573.6005456379667,1825.9686936108571,16,11
2024_3179_3357,0.13668014554865204,3357,3179,Sacred Heart,Drake,1573.6005456379667,1793.7637493219408,16,12
2024_3339_3357,0.29611445328009245,3357,3339,Sacred Heart,Portland,1573.6005456379667,1660.2154003231187,16,13
2024_3349_3357,0.40387746568142235,3357,3349,Sacred Heart,Rice,1573.6005456379667,1602.7806164848662,16,14
2024_3357_3465,0.22307042657766565,3357,3465,Sacred Heart,Cal Baptist,1573.6005456379667,1748.2794249498818,16,15
2024_3221_3357,0.5295094852599217,3357,3221,Sacred Heart,Holy Cross,1573.6005456379667,1555.6375404933337,16,16
2024_3357_3404,0.6776972346646798,3357,3404,Sacred Heart,TN Martin,1573.6005456379667,1460.6304570200384,16,16
2024_3357_3425,0.08331258539929288,3357,3425,Sacred Heart,USC,1573.6005456379667,1838.1292755662923,16,1
2024_3326_3357,0.07791402508685867,3357,3326,Sacred Heart,Ohio St,1573.6005456379667,1849.2050670726867,16,2
2024_3163_3357,0.04994711880151039,3357,3163,Sacred Heart,Connecticut,1573.6005456379667,1921.3336140603578,16,3
2024_3357_3439,0.07885303390820958,3357,3439,Sacred Heart,Virginia Tech,1573.6005456379667,1847.229227065635,16,4
2024_3124_3357,0.13091383599161202,3357,3124,Sacred Heart,Baylor,1573.6005456379667,1761.3275962097346,16,5
2024_3357_3393,0.1556194344596972,3357,3393,Sacred Heart,Syracuse,1573.6005456379667,1730.6665843168998,16,6
2024_3181_3357,0.13751726568445227,3357,3181,Sacred Heart,Duke,1573.6005456379667,1752.688159118207,16,7
2024_3242_3357,0.17860703963955135,3357,3242,Sacred Heart,Kansas,1573.6005456379667,1705.528887123695,16,8
2024_3276_3357,0.20438294362282017,3357,3276,Sacred Heart,Michigan,1573.6005456379667,1680.1913479376847,16,9
2024_3350_3357,0.12568399691588478,3357,3350,Sacred Heart,Richmond,1573.6005456379667,1778.4365011097805,16,10
2024_3112_3357,0.2525600204718059,3357,3112,Sacred Heart,Arizona,1573.6005456379667,1663.5246475881788,16,11
2024_3120_3357,0.2434814566063269,3357,3120,Sacred Heart,Auburn,1573.6005456379667,1670.9243359044353,16,11
2024_3162_3357,0.14419648166842047,3357,3162,Sacred Heart,Columbia,1573.6005456379667,1784.2973369270142,16,12
2024_3357_3435,0.2899528937947037,3357,3435,Sacred Heart,Vanderbilt,1573.6005456379667,1649.7364456557825,16,12
2024_3267_3357,0.2308510157907524,3357,3267,Sacred Heart,Marshall,1573.6005456379667,1711.538083968918,16,13
2024_3238_3357,0.2702146062900522,3357,3238,Sacred Heart,Jackson St,1573.6005456379667,1694.6207667651774,16,14
2024_3263_3357,0.36223431197046163,3357,3263,Sacred Heart,Maine,1573.6005456379667,1644.585593286405,16,15
2024_3357_3394,0.48876077208529745,3357,3394,Sacred Heart,TAM C. Christi,1573.6005456379667,1580.4352854776812,16,16
2024_3390_3400,0.52623336729308,3400,3390,Texas,Stanford,1876.178422728389,1875.2135534976353,1,2
2024_3301_3400,0.6188890174905706,3400,3301,Texas,NC State,1876.178422728389,1832.4819635554175,1,3
2024_3211_3400,0.6021435766377289,3400,3211,Texas,Gonzaga,1876.178422728389,1858.1876334071728,1,4
2024_3400_3428,0.7587143576030263,3400,3428,Texas,Utah,1876.178422728389,1762.0370348912932,1,5
2024_3397_3400,0.7836772881587647,3400,3397,Texas,Tennessee,1876.178422728389,1755.5161230419328,1,6
2024_3235_3400,0.807944334581597,3400,3235,Texas,Iowa St,1876.178422728389,1747.7944117468137,1,7
2024_3104_3400,0.8363406402405136,3400,3104,Texas,Alabama,1876.178422728389,1728.2235991545258,1,8
2024_3199_3400,0.833522458990113,3400,3199,Texas,Florida St,1876.178422728389,1731.3318438886506,1,9
2024_3268_3400,0.8267420256520213,3400,3268,Texas,Maryland,1876.178422728389,1738.6415489962658,1,10
2024_3400_3453,0.8099524435155601,3400,3453,Texas,WI Green Bay,1876.178422728389,1755.8193922713324,1,11
2024_3355_3400,0.7526322908827338,3400,3355,Texas,S Dakota St,1876.178422728389,1807.0444786381895,1,12
2024_3400_3414,0.8912841389747732,3400,3414,Texas,UC Irvine,1876.178422728389,1656.3752788526392,1,13
2024_3151_3400,0.8691141823128855,3400,3151,Texas,Chattanooga,1876.178422728389,1688.4139365134167,1,14
2024_3313_3400,0.8775867801733706,3400,3313,Texas,Norfolk St,1876.178422728389,1676.7668098191193,1,15
2024_3180_3400,0.9124151868574706,3400,3180,Texas,Drexel,1876.178422728389,1619.9611285709493,1,16
2024_3234_3400,0.4394933383154904,3400,3234,Texas,Iowa,1876.178422728389,1913.1483914363243,1,1
2024_3400_3417,0.597653593956393,3400,3417,Texas,UCLA,1876.178422728389,1831.0311295413612,1,2
2024_3261_3400,0.5180423046640282,3400,3261,Texas,LSU,1876.178422728389,1895.2037149888847,1,3
2024_3243_3400,0.774499521345563,3400,3243,Texas,Kansas St,1876.178422728389,1733.6226327573718,1,4
2024_3160_3400,0.7833096494669839,3400,3160,Texas,Colorado,1876.178422728389,1740.8455561689786,1,5
2024_3257_3400,0.7577223173257188,3400,3257,Texas,Louisville,1876.178422728389,1777.859589035021,1,6
2024_3166_3400,0.7258742277782163,3400,3166,Texas,Creighton,1876.178422728389,1818.159394610845,1,7
2024_3400_3452,0.8554046122592768,3400,3452,Texas,West Virginia,1876.178422728389,1705.972421133595,1,8
2024_3343_3400,0.693970580456092,3400,3343,Texas,Princeton,1876.178422728389,1851.7261643002205,1,9
2024_3400_3424,0.7172355526976136,3400,3424,Texas,UNLV,1876.178422728389,1834.6954708399526,1,10
2024_3292_3400,0.7287326278861147,3400,3292,Texas,MTSU,1876.178422728389,1825.9686936108571,1,11
2024_3179_3400,0.7685376464044205,3400,3179,Texas,Drake,1876.178422728389,1793.7637493219408,1,12
2024_3339_3400,0.8888118865730634,3400,3339,Texas,Portland,1876.178422728389,1660.2154003231187,1,13
2024_3349_3400,0.9210365709287902,3400,3349,Texas,Rice,1876.178422728389,1602.7806164848662,1,14
2024_3400_3465,0.8174708327643635,3400,3465,Texas,Cal Baptist,1876.178422728389,1748.2794249498818,1,15
2024_3221_3400,0.9408474034775405,3400,3221,Texas,Holy Cross,1876.178422728389,1555.6375404933337,1,16
2024_3400_3404,0.967443955909381,3400,3404,Texas,TN Martin,1876.178422728389,1460.6304570200384,1,16
2024_3400_3425,0.5622548396337181,3400,3425,Texas,USC,1876.178422728389,1838.1292755662923,1,1
2024_3326_3400,0.5685983952114597,3400,3326,Texas,Ohio St,1876.178422728389,1849.2050670726867,1,2
2024_3163_3400,0.475094829557759,3400,3163,Texas,Connecticut,1876.178422728389,1921.3336140603578,1,3
2024_3400_3439,0.6192811148268438,3400,3439,Texas,Virginia Tech,1876.178422728389,1847.229227065635,1,4
2024_3124_3400,0.7595677473381341,3400,3124,Texas,Baylor,1876.178422728389,1761.3275962097346,1,5
2024_3393_3400,0.8101071398693841,3400,3393,Texas,Syracuse,1876.178422728389,1730.6665843168998,1,6
2024_3181_3400,0.8028990336809915,3400,3181,Texas,Duke,1876.178422728389,1752.688159118207,1,7
2024_3242_3400,0.8557651495090887,3400,3242,Texas,Kansas,1876.178422728389,1705.528887123695,1,8
2024_3276_3400,0.8751458251467373,3400,3276,Texas,Michigan,1876.178422728389,1680.1913479376847,1,9
2024_3350_3400,0.7859876626441002,3400,3350,Texas,Richmond,1876.178422728389,1778.4365011097805,1,10
2024_3112_3400,0.8866420868985148,3400,3112,Texas,Arizona,1876.178422728389,1663.5246475881788,1,11
2024_3120_3400,0.8816563869512799,3400,3120,Texas,Auburn,1876.178422728389,1670.9243359044353,1,11
2024_3162_3400,0.7794303955720718,3400,3162,Texas,Columbia,1876.178422728389,1784.2973369270142,1,12
2024_3400_3435,0.8954444079515802,3400,3435,Texas,Vanderbilt,1876.178422728389,1649.7364456557825,1,12
2024_3267_3400,0.8508165414689643,3400,3267,Texas,Marshall,1876.178422728389,1711.538083968918,1,13
2024_3238_3400,0.8643987522649276,3400,3238,Texas,Jackson St,1876.178422728389,1694.6207667651774,1,14
2024_3263_3400,0.8985747416577503,3400,3263,Texas,Maine,1876.178422728389,1644.585593286405,1,15
2024_3394_3400,0.9310878231308002,3400,3394,Texas,TAM C. Christi,1876.178422728389,1580.4352854776812,1,16
2024_3301_3390,0.5938261727089298,3390,3301,Stanford,NC State,1875.2135534976353,1832.4819635554175,2,3
2024_3211_3390,0.576732651375747,3390,3211,Stanford,Gonzaga,1875.2135534976353,1858.1876334071728,2,4
2024_3390_3428,0.7389684570085236,3390,3428,Stanford,Utah,1875.2135534976353,1762.0370348912932,2,5
2024_3390_3397,0.7653424332826199,3390,3397,Stanford,Tennessee,1875.2135534976353,1755.5161230419328,2,6
2024_3235_3390,0.7911180594170727,3390,3235,Stanford,Iowa St,1875.2135534976353,1747.7944117468137,2,7
2024_3104_3390,0.8262260316913334,3390,3104,Stanford,Alabama,1875.2135534976353,1728.2235991545258,2,8
2024_3199_3390,0.8326397693733519,3390,3199,Stanford,Florida St,1875.2135534976353,1731.3318438886506,2,9
2024_3268_3390,0.8258308972703589,3390,3268,Stanford,Maryland,1875.2135534976353,1738.6415489962658,2,10
2024_3390_3453,0.8089734230747483,3390,3453,Stanford,WI Green Bay,1875.2135534976353,1755.8193922713324,2,11
2024_3355_3390,0.7514486021784184,3390,3355,Stanford,S Dakota St,1875.2135534976353,1807.0444786381895,2,12
2024_3390_3414,0.890667538649729,3390,3414,Stanford,UC Irvine,1875.2135534976353,1656.3752788526392,2,13
2024_3151_3390,0.8683904085698486,3390,3151,Stanford,Chattanooga,1875.2135534976353,1688.4139365134167,2,14
2024_3313_3390,0.8769032224375294,3390,3313,Stanford,Norfolk St,1875.2135534976353,1676.7668098191193,2,15
2024_3180_3390,0.9119065891750697,3390,3180,Stanford,Drexel,1875.2135534976353,1619.9611285709493,2,16
2024_3234_3390,0.4138072239480902,3390,3234,Stanford,Iowa,1875.2135534976353,1913.1483914363243,2,1
2024_3390_3417,0.5721596560680108,3390,3417,Stanford,UCLA,1875.2135534976353,1831.0311295413612,2,2
2024_3261_3390,0.49179340029482566,3390,3261,Stanford,LSU,1875.2135534976353,1895.2037149888847,2,3
2024_3243_3390,0.755629349658305,3390,3243,Stanford,Kansas St,1875.2135534976353,1733.6226327573718,2,4
2024_3160_3390,0.7649529804017173,3390,3160,Stanford,Colorado,1875.2135534976353,1740.8455561689786,2,5
2024_3257_3390,0.7379232749516388,3390,3257,Stanford,Louisville,1875.2135534976353,1777.859589035021,2,6
2024_3166_3390,0.7044875772560683,3390,3166,Stanford,Creighton,1875.2135534976353,1818.159394610845,2,7
2024_3390_3452,0.84625161550004,3390,3452,Stanford,West Virginia,1875.2135534976353,1705.972421133595,2,8
2024_3343_3390,0.6926208285750927,3390,3343,Stanford,Princeton,1875.2135534976353,1851.7261643002205,2,9
2024_3390_3424,0.7159464113579321,3390,3424,Stanford,UNLV,1875.2135534976353,1834.6954708399526,2,10
2024_3292_3390,0.727475986271919,3390,3292,Stanford,MTSU,1875.2135534976353,1825.9686936108571,2,11
2024_3179_3390,0.7674065462031198,3390,3179,Stanford,Drake,1875.2135534976353,1793.7637493219408,2,12
2024_3339_3390,0.8881830235709108,3390,3339,Stanford,Portland,1875.2135534976353,1660.2154003231187,2,13
2024_3349_3390,0.920573678829375,3390,3349,Stanford,Rice,1875.2135534976353,1602.7806164848662,2,14
2024_3390_3465,0.8165217692984257,3390,3465,Stanford,Cal Baptist,1875.2135534976353,1748.2794249498818,2,15
2024_3221_3390,0.9404931414034762,3390,3221,Stanford,Holy Cross,1875.2135534976353,1555.6375404933337,2,16
2024_3390_3404,0.9672434336297072,3390,3404,Stanford,TN Martin,1875.2135534976353,1460.6304570200384,2,16
2024_3390_3425,0.536258334124992,3390,3425,Stanford,USC,1875.2135534976353,1838.1292755662923,2,1
2024_3326_3390,0.5426721937878828,3390,3326,Stanford,Ohio St,1875.2135534976353,1849.2050670726867,2,2
2024_3163_3390,0.4489947586450388,3390,3163,Stanford,Connecticut,1875.2135534976353,1921.3336140603578,2,3
2024_3390_3439,0.5942271492978304,3390,3439,Stanford,Virginia Tech,1875.2135534976353,1847.229227065635,2,4
2024_3124_3390,0.7398677402519966,3390,3124,Stanford,Baylor,1875.2135534976353,1761.3275962097346,2,5
2024_3390_3393,0.7934219026228573,3390,3393,Stanford,Syracuse,1875.2135534976353,1730.6665843168998,2,6
2024_3181_3390,0.785747949631019,3390,3181,Stanford,Duke,1875.2135534976353,1752.688159118207,2,7
2024_3242_3390,0.8466308831257514,3390,3242,Stanford,Kansas,1875.2135534976353,1705.528887123695,2,8
2024_3276_3390,0.8744505870568497,3390,3276,Stanford,Michigan,1875.2135534976353,1680.1913479376847,2,9
2024_3350_3390,0.7849179717509521,3390,3350,Stanford,Richmond,1875.2135534976353,1778.4365011097805,2,10
2024_3112_3390,0.8860025258331578,3390,3112,Stanford,Arizona,1875.2135534976353,1663.5246475881788,2,11
2024_3120_3390,0.8809924723240116,3390,3120,Stanford,Auburn,1875.2135534976353,1670.9243359044353,2,11
2024_3162_3390,0.7783371728438884,3390,3162,Stanford,Columbia,1875.2135534976353,1784.2973369270142,2,12
2024_3390_3435,0.8948486195378086,3390,3435,Stanford,Vanderbilt,1875.2135534976353,1649.7364456557825,2,12
2024_3267_3390,0.850009047226004,3390,3267,Stanford,Marshall,1875.2135534976353,1711.538083968918,2,13
2024_3238_3390,0.863652993813464,3390,3238,Stanford,Jackson St,1875.2135534976353,1694.6207667651774,2,14
2024_3263_3390,0.8979947588237682,3390,3263,Stanford,Maine,1875.2135534976353,1644.585593286405,2,15
2024_3390_3394,0.9306794179018434,3390,3394,Stanford,TAM C. Christi,1875.2135534976353,1580.4352854776812,2,16
2024_3211_3301,0.4823996207630775,3301,3211,NC State,Gonzaga,1832.4819635554175,1858.1876334071728,3,4
2024_3301_3428,0.6594419964643851,3301,3428,NC State,Utah,1832.4819635554175,1762.0370348912932,3,5
2024_3301_3397,0.6904856311735454,3301,3397,NC State,Tennessee,1832.4819635554175,1755.5161230419328,3,6
2024_3235_3301,0.7214916112536116,3301,3235,NC State,Iowa St,1832.4819635554175,1747.7944117468137,3,7
2024_3104_3301,0.7648232740845138,3301,3104,NC State,Alabama,1832.4819635554175,1728.2235991545258,3,8
2024_3199_3301,0.7786025467386718,3301,3199,NC State,Florida St,1832.4819635554175,1731.3318438886506,3,9
2024_3268_3301,0.7816384537091668,3301,3268,NC State,Maryland,1832.4819635554175,1738.6415489962658,3,10
2024_3301_3453,0.7617377347727602,3301,3453,NC State,WI Green Bay,1832.4819635554175,1755.8193922713324,3,11
2024_3301_3355,0.6953453844110042,3301,3355,NC State,S Dakota St,1832.4819635554175,1807.0444786381895,3,12
2024_3301_3414,0.8601401721052241,3301,3414,NC State,UC Irvine,1832.4819635554175,1656.3752788526392,3,13
2024_3151_3301,0.8328105086582375,3301,3151,NC State,Chattanooga,1832.4819635554175,1688.4139365134167,3,14
2024_3301_3313,0.8432091892381619,3301,3313,NC State,Norfolk St,1832.4819635554175,1676.7668098191193,3,15
2024_3180_3301,0.8865541541056698,3301,3180,NC State,Drexel,1832.4819635554175,1619.9611285709493,3,16
2024_3234_3301,0.3256219295233823,3301,3234,NC State,Iowa,1832.4819635554175,1913.1483914363243,3,1
2024_3301_3417,0.4777303807047198,3301,3417,NC State,UCLA,1832.4819635554175,1831.0311295413612,3,2
2024_3261_3301,0.3982805210751416,3301,3261,NC State,LSU,1832.4819635554175,1895.2037149888847,3,3
2024_3243_3301,0.6789737174656205,3301,3243,NC State,Kansas St,1832.4819635554175,1733.6226327573718,3,4
2024_3160_3301,0.6900222594447805,3301,3160,NC State,Colorado,1832.4819635554175,1740.8455561689786,3,5
2024_3257_3301,0.6582256602253879,3301,3257,NC State,Louisville,1832.4819635554175,1777.859589035021,3,6
2024_3166_3301,0.6198600843342266,3301,3166,NC State,Creighton,1832.4819635554175,1818.159394610845,3,7
2024_3301_3452,0.790127464938348,3301,3452,NC State,West Virginia,1832.4819635554175,1705.972421133595,3,8
2024_3301_3343,0.6143155757345966,3301,3343,NC State,Princeton,1832.4819635554175,1851.7261643002205,3,9
2024_3301_3424,0.6555033846819405,3301,3424,NC State,UNLV,1832.4819635554175,1834.6954708399526,3,10
2024_3292_3301,0.6683498354816114,3301,3292,NC State,MTSU,1832.4819635554175,1825.9686936108571,3,11
2024_3179_3301,0.7135321958541432,3301,3179,NC State,Drake,1832.4819635554175,1793.7637493219408,3,12
2024_3301_3339,0.8570732624692127,3301,3339,NC State,Portland,1832.4819635554175,1660.2154003231187,3,13
2024_3301_3349,0.8974350063806281,3301,3349,NC State,Rice,1832.4819635554175,1602.7806164848662,3,14
2024_3301_3465,0.7706233536822217,3301,3465,NC State,Cal Baptist,1832.4819635554175,1748.2794249498818,3,15
2024_3221_3301,0.9226699937140861,3301,3221,NC State,Holy Cross,1832.4819635554175,1555.6375404933337,3,16
2024_3301_3404,0.9570666268560193,3301,3404,NC State,TN Martin,1832.4819635554175,1460.6304570200384,3,16
2024_3301_3425,0.44163797548743294,3301,3425,NC State,USC,1832.4819635554175,1838.1292755662923,3,1
2024_3301_3326,0.44801345265031417,3301,3326,NC State,Ohio St,1832.4819635554175,1849.2050670726867,3,2
2024_3163_3301,0.3578889476562598,3301,3163,NC State,Connecticut,1832.4819635554175,1921.3336140603578,3,3
2024_3301_3439,0.5004156765283986,3301,3439,NC State,Virginia Tech,1832.4819635554175,1847.229227065635,3,4
2024_3124_3301,0.6604893814650376,3301,3124,NC State,Baylor,1832.4819635554175,1761.3275962097346,3,5
2024_3301_3393,0.7242957665889835,3301,3393,NC State,Syracuse,1832.4819635554175,1730.6665843168998,3,6
2024_3181_3301,0.7149763925680221,3301,3181,NC State,Duke,1832.4819635554175,1752.688159118207,3,7
2024_3242_3301,0.7906109237991296,3301,3242,NC State,Kansas,1832.4819635554175,1705.528887123695,3,8
2024_3276_3301,0.8311760300844995,3301,3276,NC State,Michigan,1832.4819635554175,1680.1913479376847,3,9
2024_3301_3350,0.7336921448939526,3301,3350,NC State,Richmond,1832.4819635554175,1778.4365011097805,3,10
2024_3112_3301,0.8543855653930847,3301,3112,NC State,Arizona,1832.4819635554175,1663.5246475881788,3,11
2024_3120_3301,0.8482240160493201,3301,3120,NC State,Auburn,1832.4819635554175,1670.9243359044353,3,11
2024_3162_3301,0.726090952481456,3301,3162,NC State,Columbia,1832.4819635554175,1784.2973369270142,3,12
2024_3301_3435,0.865312138056265,3301,3435,NC State,Vanderbilt,1832.4819635554175,1649.7364456557825,3,12
2024_3267_3301,0.8105439985378556,3301,3267,NC State,Marshall,1832.4819635554175,1711.538083968918,3,13
2024_3238_3301,0.8270474375046291,3301,3238,NC State,Jackson St,1832.4819635554175,1694.6207667651774,3,14
2024_3263_3301,0.8692128489369675,3301,3263,NC State,Maine,1832.4819635554175,1644.585593286405,3,15
2024_3301_3394,0.9101975828944485,3301,3394,NC State,TAM C. Christi,1832.4819635554175,1580.4352854776812,3,16
2024_3211_3428,0.6750771420620234,3211,3428,Gonzaga,Utah,1858.1876334071728,1762.0370348912932,4,5
2024_3211_3397,0.7053324048376794,3211,3397,Gonzaga,Tennessee,1858.1876334071728,1755.5161230419328,4,6
2024_3211_3235,0.735420989678548,3211,3235,Gonzaga,Iowa St,1858.1876334071728,1747.7944117468137,4,7
2024_3104_3211,0.7772545308773318,3211,3104,Gonzaga,Alabama,1858.1876334071728,1728.2235991545258,4,8
2024_3199_3211,0.790504949715108,3211,3199,Gonzaga,Florida St,1858.1876334071728,1731.3318438886506,4,9
2024_3211_3268,0.7987604066398203,3211,3268,Gonzaga,Maryland,1858.1876334071728,1738.6415489962658,4,10
2024_3211_3453,0.7910627173722948,3211,3453,Gonzaga,WI Green Bay,1858.1876334071728,1755.8193922713324,4,11
2024_3211_3355,0.7299448499993391,3211,3355,Gonzaga,S Dakota St,1858.1876334071728,1807.0444786381895,4,12
2024_3211_3414,0.8792734117065554,3211,3414,Gonzaga,UC Irvine,1858.1876334071728,1656.3752788526392,4,13
2024_3151_3211,0.8550524826542435,3211,3151,Gonzaga,Chattanooga,1858.1876334071728,1688.4139365134167,4,14
2024_3211_3313,0.8642932026185687,3211,3313,Gonzaga,Norfolk St,1858.1876334071728,1676.7668098191193,4,15
2024_3180_3211,0.9024835562059679,3211,3180,Gonzaga,Drexel,1858.1876334071728,1619.9611285709493,4,16
2024_3211_3234,0.3412737085087754,3211,3234,Gonzaga,Iowa,1858.1876334071728,1913.1483914363243,4,1
2024_3211_3417,0.49532342794191336,3211,3417,Gonzaga,UCLA,1858.1876334071728,1831.0311295413612,4,2
2024_3211_3261,0.4152741611588432,3211,3261,Gonzaga,LSU,1858.1876334071728,1895.2037149888847,4,3
2024_3211_3243,0.6941280787935789,3211,3243,Gonzaga,Kansas St,1858.1876334071728,1733.6226327573718,4,4
2024_3160_3211,0.7048817601371394,3211,3160,Gonzaga,Colorado,1858.1876334071728,1740.8455561689786,4,5
2024_3211_3257,0.673889032751734,3211,3257,Gonzaga,Louisville,1858.1876334071728,1777.859589035021,4,6
2024_3166_3211,0.6363102326063239,3211,3166,Gonzaga,Creighton,1858.1876334071728,1818.159394610845,4,7
2024_3211_3452,0.8015681891708364,3211,3452,Gonzaga,West Virginia,1858.1876334071728,1705.972421133595,4,8
2024_3211_3343,0.6308627726930425,3211,3343,Gonzaga,Princeton,1858.1876334071728,1851.7261643002205,4,9
2024_3211_3424,0.6784469804043403,3211,3424,Gonzaga,UNLV,1858.1876334071728,1834.6954708399526,4,10
2024_3211_3292,0.7047132126973101,3211,3292,Gonzaga,MTSU,1858.1876334071728,1825.9686936108571,4,11
2024_3179_3211,0.746818250475214,3211,3179,Gonzaga,Drake,1858.1876334071728,1793.7637493219408,4,12
2024_3211_3339,0.8765658552504171,3211,3339,Gonzaga,Portland,1858.1876334071728,1660.2154003231187,4,13
2024_3211_3349,0.9119882561543673,3211,3349,Gonzaga,Rice,1858.1876334071728,1602.7806164848662,4,14
2024_3211_3465,0.7991430778277533,3211,3465,Gonzaga,Cal Baptist,1858.1876334071728,1748.2794249498818,4,15
2024_3211_3221,0.933906283279573,3211,3221,Gonzaga,Holy Cross,1858.1876334071728,1555.6375404933337,4,16
2024_3211_3404,0.9635026784539197,3211,3404,Gonzaga,TN Martin,1858.1876334071728,1460.6304570200384,4,16
2024_3211_3425,0.45907018331443655,3211,3425,Gonzaga,USC,1858.1876334071728,1838.1292755662923,4,1
2024_3211_3326,0.4654875185591113,3211,3326,Gonzaga,Ohio St,1858.1876334071728,1849.2050670726867,4,2
2024_3163_3211,0.3742310292613487,3211,3163,Gonzaga,Connecticut,1858.1876334071728,1921.3336140603578,4,3
2024_3211_3439,0.5180155285542425,3211,3439,Gonzaga,Virginia Tech,1858.1876334071728,1847.229227065635,4,4
2024_3124_3211,0.6761000596780768,3211,3124,Gonzaga,Baylor,1858.1876334071728,1761.3275962097346,4,5
2024_3211_3393,0.7381358000332243,3211,3393,Gonzaga,Syracuse,1858.1876334071728,1730.6665843168998,4,6
2024_3181_3211,0.7291092798026897,3211,3181,Gonzaga,Duke,1858.1876334071728,1752.688159118207,4,7
2024_3211_3242,0.8020318965865753,3211,3242,Gonzaga,Kansas,1858.1876334071728,1705.528887123695,4,8
2024_3211_3276,0.8408298606123384,3211,3276,Gonzaga,Michigan,1858.1876334071728,1680.1913479376847,4,9
2024_3211_3350,0.7533874618060814,3211,3350,Gonzaga,Richmond,1858.1876334071728,1778.4365011097805,4,10
2024_3112_3211,0.8741909049165631,3211,3112,Gonzaga,Arizona,1858.1876334071728,1663.5246475881788,4,11
2024_3120_3211,0.8687386504077071,3211,3120,Gonzaga,Auburn,1858.1876334071728,1670.9243359044353,4,11
2024_3162_3211,0.7584118232235085,3211,3162,Gonzaga,Columbia,1858.1876334071728,1784.2973369270142,4,12
2024_3211_3435,0.8838333945260632,3211,3435,Gonzaga,Vanderbilt,1858.1876334071728,1649.7364456557825,4,12
2024_3211_3267,0.8351618761489145,3211,3267,Gonzaga,Marshall,1858.1876334071728,1711.538083968918,4,13
2024_3211_3238,0.8499179329924184,3211,3238,Gonzaga,Jackson St,1858.1876334071728,1694.6207667651774,4,14
2024_3211_3263,0.8872675905610165,3211,3263,Gonzaga,Maine,1858.1876334071728,1644.585593286405,4,15
2024_3211_3394,0.9230950981687557,3211,3394,Gonzaga,TAM C. Christi,1858.1876334071728,1580.4352854776812,4,16
2024_3397_3428,0.535336513582719,3428,3397,Utah,Tennessee,1762.0370348912932,1755.5161230419328,5,6
2024_3235_3428,0.5722566009371515,3428,3235,Utah,Iowa St,1762.0370348912932,1747.7944117468137,5,7
2024_3104_3428,0.6267967102034397,3428,3104,Utah,Alabama,1762.0370348912932,1728.2235991545258,5,8
2024_3199_3428,0.6449084283070871,3428,3199,Utah,Florida St,1762.0370348912932,1731.3318438886506,5,9
2024_3268_3428,0.6564075522014161,3428,3268,Utah,Maryland,1762.0370348912932,1738.6415489962658,5,10
2024_3428_3453,0.6531689446505099,3428,3453,Utah,WI Green Bay,1762.0370348912932,1755.8193922713324,5,11
2024_3355_3428,0.5894726641288948,3428,3355,Utah,S Dakota St,1762.0370348912932,1807.0444786381895,5,12
2024_3414_3428,0.7946213810041919,3428,3414,Utah,UC Irvine,1762.0370348912932,1656.3752788526392,5,13
2024_3151_3428,0.7580895983994258,3428,3151,Utah,Chattanooga,1762.0370348912932,1688.4139365134167,5,14
2024_3313_3428,0.7718625959080098,3428,3313,Utah,Norfolk St,1762.0370348912932,1676.7668098191193,5,15
2024_3180_3428,0.8309777273281198,3428,3180,Utah,Drexel,1762.0370348912932,1619.9611285709493,5,16
2024_3234_3428,0.19958942002330235,3428,3234,Utah,Iowa,1762.0370348912932,1913.1483914363243,5,1
2024_3417_3428,0.32083306538135775,3428,3417,Utah,UCLA,1762.0370348912932,1831.0311295413612,5,2
2024_3261_3428,0.25474880984040216,3428,3261,Utah,LSU,1762.0370348912932,1895.2037149888847,5,3
2024_3243_3428,0.522048408034574,3428,3243,Utah,Kansas St,1762.0370348912932,1733.6226327573718,5,4
2024_3160_3428,0.5347973588556768,3428,3160,Utah,Colorado,1762.0370348912932,1740.8455561689786,5,5
2024_3257_3428,0.49864714550884776,3428,3257,Utah,Louisville,1762.0370348912932,1777.859589035021,5,6
2024_3166_3428,0.4571418884839865,3428,3166,Utah,Creighton,1762.0370348912932,1818.159394610845,5,7
2024_3428_3452,0.6603569595664964,3428,3452,Utah,West Virginia,1762.0370348912932,1705.972421133595,5,8
2024_3343_3428,0.4513248274984504,3428,3343,Utah,Princeton,1762.0370348912932,1851.7261643002205,5,9
2024_3424_3428,0.5038511027565601,3428,3424,Utah,UNLV,1762.0370348912932,1834.6954708399526,5,10
2024_3292_3428,0.5427699186136787,3428,3292,Utah,MTSU,1762.0370348912932,1825.9686936108571,5,11
2024_3179_3428,0.6104388521353713,3428,3179,Utah,Drake,1762.0370348912932,1793.7637493219408,5,12
2024_3339_3428,0.7904677355730739,3428,3339,Utah,Portland,1762.0370348912932,1660.2154003231187,5,13
2024_3349_3428,0.8462646994132108,3428,3349,Utah,Rice,1762.0370348912932,1602.7806164848662,5,14
2024_3428_3465,0.6788278349618136,3428,3465,Utah,Cal Baptist,1762.0370348912932,1748.2794249498818,5,15
2024_3221_3428,0.8824403626747291,3428,3221,Utah,Holy Cross,1762.0370348912932,1555.6375404933337,5,16
2024_3404_3428,0.9334404066608649,3428,3404,Utah,TN Martin,1762.0370348912932,1460.6304570200384,5,16
2024_3425_3428,0.29001203166045963,3428,3425,Utah,USC,1762.0370348912932,1838.1292755662923,5,1
2024_3326_3428,0.29535648470570136,3428,3326,Utah,Ohio St,1762.0370348912932,1849.2050670726867,5,2
2024_3163_3428,0.22350661900140503,3428,3163,Utah,Connecticut,1762.0370348912932,1921.3336140603578,5,3
2024_3428_3439,0.34093151018302487,3428,3439,Utah,Virginia Tech,1762.0370348912932,1847.229227065635,5,4
2024_3124_3428,0.5011668142622985,3428,3124,Utah,Baylor,1762.0370348912932,1761.3275962097346,5,5
2024_3393_3428,0.575679641356481,3428,3393,Utah,Syracuse,1762.0370348912932,1730.6665843168998,5,6
2024_3181_3428,0.5643582359646696,3428,3181,Utah,Duke,1762.0370348912932,1752.688159118207,5,7
2024_3242_3428,0.6610111023870502,3428,3242,Utah,Kansas,1762.0370348912932,1705.528887123695,5,8
2024_3276_3428,0.7177192776714219,3428,3276,Utah,Michigan,1762.0370348912932,1680.1913479376847,5,9
2024_3350_3428,0.5952042594731769,3428,3350,Utah,Richmond,1762.0370348912932,1778.4365011097805,5,10
2024_3112_3428,0.7755967430843066,3428,3112,Utah,Arizona,1762.0370348912932,1663.5246475881788,5,11
2024_3120_3428,0.7670104565279566,3428,3120,Utah,Auburn,1762.0370348912932,1670.9243359044353,5,11
2024_3162_3428,0.6251428248396343,3428,3162,Utah,Columbia,1762.0370348912932,1784.2973369270142,5,12
2024_3428_3435,0.8016575128375252,3428,3435,Utah,Vanderbilt,1762.0370348912932,1649.7364456557825,5,12
2024_3267_3428,0.7291085997528597,3428,3267,Utah,Marshall,1762.0370348912932,1711.538083968918,5,13
2024_3238_3428,0.7505224402742947,3428,3238,Utah,Jackson St,1762.0370348912932,1694.6207667651774,5,14
2024_3263_3428,0.80699053466235,3428,3263,Utah,Maine,1762.0370348912932,1644.585593286405,5,15
2024_3394_3428,0.8644327502859345,3428,3394,Utah,TAM C. Christi,1762.0370348912932,1580.4352854776812,5,16
2024_3235_3397,0.5373010498941764,3397,3235,Tennessee,Iowa St,1755.5161230419328,1747.7944117468137,6,7
2024_3104_3397,0.5931292795629155,3397,3104,Tennessee,Alabama,1755.5161230419328,1728.2235991545258,6,8
2024_3199_3397,0.6118631214181612,3397,3199,Tennessee,Florida St,1755.5161230419328,1731.3318438886506,6,9
2024_3268_3397,0.6238081382231581,3397,3268,Tennessee,Maryland,1755.5161230419328,1738.6415489962658,6,10
2024_3397_3453,0.6204399346940409,3397,3453,Tennessee,WI Green Bay,1755.5161230419328,1755.8193922713324,6,11
2024_3355_3397,0.5629388310551267,3397,3355,Tennessee,S Dakota St,1755.5161230419328,1807.0444786381895,6,12
2024_3397_3414,0.7875316766482167,3397,3414,Tennessee,UC Irvine,1755.5161230419328,1656.3752788526392,6,13
2024_3151_3397,0.7501353519950229,3397,3151,Tennessee,Chattanooga,1755.5161230419328,1688.4139365134167,6,14
2024_3313_3397,0.7642203682891107,3397,3313,Tennessee,Norfolk St,1755.5161230419328,1676.7668098191193,6,15
2024_3180_3397,0.8248664437268289,3397,3180,Tennessee,Drexel,1755.5161230419328,1619.9611285709493,6,16
2024_3234_3397,0.1779286517696341,3397,3234,Tennessee,Iowa,1755.5161230419328,1913.1483914363243,6,1
2024_3397_3417,0.29079458260790725,3397,3417,Tennessee,UCLA,1755.5161230419328,1831.0311295413612,6,2
2024_3261_3397,0.22881306932467044,3397,3261,Tennessee,LSU,1755.5161230419328,1895.2037149888847,6,3
2024_3243_3397,0.48667035320104235,3397,3243,Tennessee,Kansas St,1755.5161230419328,1733.6226327573718,6,4
2024_3160_3397,0.4994581803496002,3397,3160,Tennessee,Colorado,1755.5161230419328,1740.8455561689786,6,5
2024_3257_3397,0.4633176463494322,3397,3257,Tennessee,Louisville,1755.5161230419328,1777.859589035021,6,6
2024_3166_3397,0.4222762120040864,3397,3166,Tennessee,Creighton,1755.5161230419328,1818.159394610845,6,7
2024_3397_3452,0.6279198548381428,3397,3452,Tennessee,West Virginia,1755.5161230419328,1705.972421133595,6,8
2024_3343_3397,0.4165623684567082,3397,3343,Tennessee,Princeton,1755.5161230419328,1851.7261643002205,6,9
2024_3397_3424,0.4684974411282964,3397,3424,Tennessee,UNLV,1755.5161230419328,1834.6954708399526,6,10
2024_3292_3397,0.5074786159510022,3397,3292,Tennessee,MTSU,1755.5161230419328,1825.9686936108571,6,11
2024_3179_3397,0.5843045095532104,3397,3179,Tennessee,Drake,1755.5161230419328,1793.7637493219408,6,12
2024_3339_3397,0.7832737535975407,3397,3339,Tennessee,Portland,1755.5161230419328,1660.2154003231187,6,13
2024_3349_3397,0.840600116838143,3397,3349,Tennessee,Rice,1755.5161230419328,1602.7806164848662,6,14
2024_3397_3465,0.6694039273450547,3397,3465,Tennessee,Cal Baptist,1755.5161230419328,1748.2794249498818,6,15
2024_3221_3397,0.8779164284869069,3397,3221,Tennessee,Holy Cross,1755.5161230419328,1555.6375404933337,6,16
2024_3397_3404,0.9307249873746186,3397,3404,Tennessee,TN Martin,1755.5161230419328,1460.6304570200384,6,16
2024_3397_3425,0.26174709557271414,3397,3425,Tennessee,USC,1755.5161230419328,1838.1292755662923,6,1
2024_3326_3397,0.2667663825854698,3397,3326,Tennessee,Ohio St,1755.5161230419328,1849.2050670726867,6,2
2024_3163_3397,0.1998984487058691,3397,3163,Tennessee,Connecticut,1755.5161230419328,1921.3336140603578,6,3
2024_3397_3439,0.3098698270177891,3397,3439,Tennessee,Virginia Tech,1755.5161230419328,1847.229227065635,6,4
2024_3124_3397,0.465824664326283,3397,3124,Tennessee,Baylor,1755.5161230419328,1761.3275962097346,6,5
2024_3393_3397,0.5407793451918081,3397,3393,Tennessee,Syracuse,1755.5161230419328,1730.6665843168998,6,6
2024_3181_3397,0.5292881503216179,3397,3181,Tennessee,Duke,1755.5161230419328,1752.688159118207,6,7
2024_3242_3397,0.6286013345010114,3397,3242,Tennessee,Kansas,1755.5161230419328,1705.528887123695,6,8
2024_3276_3397,0.6881735726106297,3397,3276,Tennessee,Michigan,1755.5161230419328,1680.1913479376847,6,9
2024_3350_3397,0.5606843599344861,3397,3350,Tennessee,Richmond,1755.5161230419328,1778.4365011097805,6,10
2024_3112_3397,0.7499988112497533,3397,3112,Tennessee,Arizona,1755.5161230419328,1663.5246475881788,6,11
2024_3120_3397,0.7407604529847702,3397,3120,Tennessee,Auburn,1755.5161230419328,1670.9243359044353,6,11
2024_3162_3397,0.5993474869173434,3397,3162,Tennessee,Columbia,1755.5161230419328,1784.2973369270142,6,12
2024_3397_3435,0.7838081694199487,3397,3435,Tennessee,Vanderbilt,1755.5161230419328,1649.7364456557825,6,12
2024_3267_3397,0.7205526971720648,3397,3267,Tennessee,Marshall,1755.5161230419328,1711.538083968918,6,13
2024_3238_3397,0.7424039250144574,3397,3238,Tennessee,Jackson St,1755.5161230419328,1694.6207667651774,6,14
2024_3263_3397,0.8002204651728497,3397,3263,Tennessee,Maine,1755.5161230419328,1644.585593286405,6,15
2024_3394_3397,0.8593263158288535,3397,3394,Tennessee,TAM C. Christi,1755.5161230419328,1580.4352854776812,6,16
2024_3104_3235,0.5566149096689296,3235,3104,Iowa St,Alabama,1747.7944117468137,1728.2235991545258,7,8
2024_3199_3235,0.5758276692562493,3235,3199,Iowa St,Florida St,1747.7944117468137,1731.3318438886506,7,9
2024_3235_3268,0.5881351826023419,3235,3268,Iowa St,Maryland,1747.7944117468137,1738.6415489962658,7,10
2024_3235_3453,0.5846602415358333,3235,3453,Iowa St,WI Green Bay,1747.7944117468137,1755.8193922713324,7,11
2024_3235_3355,0.5258808211694449,3235,3355,Iowa St,S Dakota St,1747.7944117468137,1807.0444786381895,7,12
2024_3235_3414,0.7673705276729507,3235,3414,Iowa St,UC Irvine,1747.7944117468137,1656.3752788526392,7,13
2024_3151_3235,0.7404934009057499,3235,3151,Iowa St,Chattanooga,1747.7944117468137,1688.4139365134167,7,14
2024_3235_3313,0.7549443806995769,3235,3313,Iowa St,Norfolk St,1747.7944117468137,1676.7668098191193,7,15
2024_3180_3235,0.8174063158373643,3235,3180,Iowa St,Drexel,1747.7944117468137,1619.9611285709493,7,16
2024_3234_3235,0.15710520474263387,3235,3234,Iowa St,Iowa,1747.7944117468137,1913.1483914363243,7,1
2024_3235_3417,0.260955156587597,3235,3417,Iowa St,UCLA,1747.7944117468137,1831.0311295413612,7,2
2024_3235_3261,0.20350871757486233,3235,3261,Iowa St,LSU,1747.7944117468137,1895.2037149888847,7,3
2024_3235_3243,0.44946979975400597,3235,3243,Iowa St,Kansas St,1747.7944117468137,1733.6226327573718,7,4
2024_3160_3235,0.46216018949257776,3235,3160,Iowa St,Colorado,1747.7944117468137,1740.8455561689786,7,5
2024_3235_3257,0.4264193154043594,3235,3257,Iowa St,Louisville,1747.7944117468137,1777.859589035021,7,6
2024_3166_3235,0.3862937807932726,3235,3166,Iowa St,Creighton,1747.7944117468137,1818.159394610845,7,7
2024_3235_3452,0.5923820248576939,3235,3452,Iowa St,West Virginia,1747.7944117468137,1705.972421133595,7,8
2024_3235_3343,0.3807459415567931,3235,3343,Iowa St,Princeton,1747.7944117468137,1851.7261643002205,7,9
2024_3235_3424,0.43151827684177657,3235,3424,Iowa St,UNLV,1747.7944117468137,1834.6954708399526,7,10
2024_3235_3292,0.4701442517916684,3235,3292,Iowa St,MTSU,1747.7944117468137,1825.9686936108571,7,11
2024_3179_3235,0.5476022284244091,3235,3179,Iowa St,Drake,1747.7944117468137,1793.7637493219408,7,12
2024_3235_3339,0.7628302471760102,3235,3339,Iowa St,Portland,1747.7944117468137,1660.2154003231187,7,13
2024_3235_3349,0.8336750539436506,3235,3349,Iowa St,Rice,1747.7944117468137,1602.7806164848662,7,14
2024_3235_3465,0.6580667085632224,3235,3465,Iowa St,Cal Baptist,1747.7944117468137,1748.2794249498818,7,15
2024_3221_3235,0.8723664017687687,3235,3221,Iowa St,Holy Cross,1747.7944117468137,1555.6375404933337,7,16
2024_3235_3404,0.9273770918687524,3235,3404,Iowa St,TN Martin,1747.7944117468137,1460.6304570200384,7,16
2024_3235_3425,0.23390526999045266,3235,3425,Iowa St,USC,1747.7944117468137,1838.1292755662923,7,1
2024_3235_3326,0.23856318615381503,3235,3326,Iowa St,Ohio St,1747.7944117468137,1849.2050670726867,7,2
2024_3163_3235,0.17705760065703566,3235,3163,Iowa St,Connecticut,1747.7944117468137,1921.3336140603578,7,3
2024_3235_3439,0.2788426184392136,3235,3439,Iowa St,Virginia Tech,1747.7944117468137,1847.229227065635,7,4
2024_3124_3235,0.4288862309084084,3235,3124,Iowa St,Baylor,1747.7944117468137,1761.3275962097346,7,5
2024_3235_3393,0.5034995883665238,3235,3393,Iowa St,Syracuse,1747.7944117468137,1730.6665843168998,7,6
2024_3181_3235,0.4919519310500082,3235,3181,Iowa St,Duke,1747.7944117468137,1752.688159118207,7,7
2024_3235_3242,0.5930864136024917,3235,3242,Iowa St,Kansas,1747.7944117468137,1705.528887123695,7,8
2024_3235_3276,0.6552308280396505,3235,3276,Iowa St,Michigan,1747.7944117468137,1680.1913479376847,7,9
2024_3235_3350,0.5235969654926638,3235,3350,Iowa St,Richmond,1747.7944117468137,1778.4365011097805,7,10
2024_3112_3235,0.7209389780107442,3235,3112,Iowa St,Arizona,1747.7944117468137,1663.5246475881788,7,11
2024_3120_3235,0.7110404992361302,3235,3120,Iowa St,Auburn,1747.7944117468137,1670.9243359044353,7,11
2024_3162_3235,0.5629799933866151,3235,3162,Iowa St,Columbia,1747.7944117468137,1784.2973369270142,7,12
2024_3235_3435,0.7574071194322406,3235,3435,Iowa St,Vanderbilt,1747.7944117468137,1649.7364456557825,7,12
2024_3235_3267,0.696485368317309,3235,3267,Iowa St,Marshall,1747.7944117468137,1711.538083968918,7,13
2024_3235_3238,0.7325699911606722,3235,3238,Iowa St,Jackson St,1747.7944117468137,1694.6207667651774,7,14
2024_3235_3263,0.7919752588213144,3235,3263,Iowa St,Maine,1747.7944117468137,1644.585593286405,7,15
2024_3235_3394,0.8530726053069517,3235,3394,Iowa St,TAM C. Christi,1747.7944117468137,1580.4352854776812,7,16
2024_3104_3199,0.5195484436352357,3104,3199,Alabama,Florida St,1728.2235991545258,1731.3318438886506,8,9
2024_3104_3268,0.53216220027001,3104,3268,Alabama,Maryland,1728.2235991545258,1738.6415489962658,8,10
2024_3104_3453,0.5285935306889057,3104,3453,Alabama,WI Green Bay,1728.2235991545258,1755.8193922713324,8,11
2024_3104_3355,0.46908471822704423,3104,3355,Alabama,S Dakota St,1728.2235991545258,1807.0444786381895,8,12
2024_3104_3414,0.7243390402390744,3104,3414,Alabama,UC Irvine,1728.2235991545258,1656.3752788526392,8,13
2024_3104_3151,0.7014042400340849,3104,3151,Alabama,Chattanooga,1728.2235991545258,1688.4139365134167,8,14
2024_3104_3313,0.730351394339998,3104,3313,Alabama,Norfolk St,1728.2235991545258,1676.7668098191193,8,15
2024_3104_3180,0.797399568467606,3104,3180,Alabama,Drexel,1728.2235991545258,1619.9611285709493,8,16
2024_3104_3234,0.1330256563750111,3104,3234,Alabama,Iowa,1728.2235991545258,1913.1483914363243,8,1
2024_3104_3417,0.21952356095667386,3104,3417,Alabama,UCLA,1728.2235991545258,1831.0311295413612,8,2
2024_3104_3261,0.1691108033765124,3104,3261,Alabama,LSU,1728.2235991545258,1895.2037149888847,8,3
2024_3104_3243,0.3940670858130354,3104,3243,Alabama,Kansas St,1728.2235991545258,1733.6226327573718,8,4
2024_3104_3160,0.4063478032739915,3104,3160,Alabama,Colorado,1728.2235991545258,1740.8455561689786,8,5
2024_3104_3257,0.37193830483696133,3104,3257,Alabama,Louisville,1728.2235991545258,1777.859589035021,8,6
2024_3104_3166,0.3339545205215483,3104,3166,Alabama,Creighton,1728.2235991545258,1818.159394610845,8,7
2024_3104_3452,0.5365313809012048,3104,3452,Alabama,West Virginia,1728.2235991545258,1705.972421133595,8,8
2024_3104_3343,0.32875569513989467,3104,3343,Alabama,Princeton,1728.2235991545258,1851.7261643002205,8,9
2024_3104_3424,0.376813781703398,3104,3424,Alabama,UNLV,1728.2235991545258,1834.6954708399526,8,10
2024_3104_3292,0.4141100545185597,3104,3292,Alabama,MTSU,1728.2235991545258,1825.9686936108571,8,11
2024_3104_3179,0.49088910344137066,3104,3179,Alabama,Drake,1728.2235991545258,1793.7637493219408,8,12
2024_3104_3339,0.7192661562181065,3104,3339,Alabama,Portland,1728.2235991545258,1660.2154003231187,8,13
2024_3104_3349,0.8049241244529086,3104,3349,Alabama,Rice,1728.2235991545258,1602.7806164848662,8,14
2024_3104_3465,0.6285351935538774,3104,3465,Alabama,Cal Baptist,1728.2235991545258,1748.2794249498818,8,15
2024_3104_3221,0.8573305494028586,3104,3221,Alabama,Holy Cross,1728.2235991545258,1555.6375404933337,8,16
2024_3104_3404,0.9182142037657401,3104,3404,Alabama,TN Martin,1728.2235991545258,1460.6304570200384,8,16
2024_3104_3425,0.20085959599530162,3104,3425,Alabama,USC,1728.2235991545258,1838.1292755662923,8,1
2024_3104_3326,0.1997259665256459,3104,3326,Alabama,Ohio St,1728.2235991545258,1849.2050670726867,8,2
2024_3104_3163,0.14630930109190377,3104,3163,Alabama,Connecticut,1728.2235991545258,1921.3336140603578,8,3
2024_3104_3439,0.23547592633696576,3104,3439,Alabama,Virginia Tech,1728.2235991545258,1847.229227065635,8,4
2024_3104_3124,0.37429571316201216,3104,3124,Alabama,Baylor,1728.2235991545258,1761.3275962097346,8,5
2024_3104_3393,0.44684255059409606,3104,3393,Alabama,Syracuse,1728.2235991545258,1730.6665843168998,8,6
2024_3104_3181,0.4354546593170463,3104,3181,Alabama,Duke,1728.2235991545258,1752.688159118207,8,7
2024_3104_3242,0.5372568909527499,3104,3242,Alabama,Kansas,1728.2235991545258,1705.528887123695,8,8
2024_3104_3276,0.6022089214519596,3104,3276,Alabama,Michigan,1728.2235991545258,1680.1913479376847,8,9
2024_3104_3350,0.46680466792674263,3104,3350,Alabama,Richmond,1728.2235991545258,1778.4365011097805,8,10
2024_3104_3112,0.6729788508455082,3104,3112,Alabama,Arizona,1728.2235991545258,1663.5246475881788,8,11
2024_3104_3120,0.6621763466988824,3104,3120,Alabama,Auburn,1728.2235991545258,1670.9243359044353,8,11
2024_3104_3162,0.5064571787553794,3104,3162,Alabama,Columbia,1728.2235991545258,1784.2973369270142,8,12
2024_3104_3435,0.713221379333169,3104,3435,Alabama,Vanderbilt,1728.2235991545258,1649.7364456557825,8,12
2024_3104_3267,0.6463839601462374,3104,3267,Alabama,Marshall,1728.2235991545258,1711.538083968918,8,13
2024_3104_3238,0.6927824959564819,3104,3238,Alabama,Jackson St,1728.2235991545258,1694.6207667651774,8,14
2024_3104_3263,0.7699662039080976,3104,3263,Alabama,Maine,1728.2235991545258,1644.585593286405,8,15
2024_3104_3394,0.8361906469809798,3104,3394,Alabama,TAM C. Christi,1728.2235991545258,1580.4352854776812,8,16
2024_3199_3268,0.5126455587460703,3199,3268,Florida St,Maryland,1731.3318438886506,1738.6415489962658,9,10
2024_3199_3453,0.509065355703138,3199,3453,Florida St,WI Green Bay,1731.3318438886506,1755.8193922713324,9,11
2024_3199_3355,0.44965797053651424,3199,3355,Florida St,S Dakota St,1731.3318438886506,1807.0444786381895,9,12
2024_3199_3414,0.7084471592309585,3199,3414,Florida St,UC Irvine,1731.3318438886506,1656.3752788526392,9,13
2024_3151_3199,0.6847655879281117,3199,3151,Florida St,Chattanooga,1731.3318438886506,1688.4139365134167,9,14
2024_3199_3313,0.721329619203565,3199,3313,Florida St,Norfolk St,1731.3318438886506,1676.7668098191193,9,15
2024_3180_3199,0.8006830233590865,3199,3180,Florida St,Drexel,1731.3318438886506,1619.9611285709493,9,16
2024_3199_3234,0.13540173352577853,3199,3234,Florida St,Iowa,1731.3318438886506,1913.1483914363243,9,1
2024_3199_3417,0.2118542383268863,3199,3417,Florida St,UCLA,1731.3318438886506,1831.0311295413612,9,2
2024_3199_3261,0.1584007202475474,3199,3261,Florida St,LSU,1731.3318438886506,1895.2037149888847,9,3
2024_3199_3243,0.3755495022896069,3199,3243,Florida St,Kansas St,1731.3318438886506,1733.6226327573718,9,4
2024_3160_3199,0.3876223036171302,3199,3160,Florida St,Colorado,1731.3318438886506,1740.8455561689786,9,5
2024_3199_3257,0.3538533195932149,3199,3257,Florida St,Louisville,1731.3318438886506,1777.859589035021,9,6
2024_3166_3199,0.31678489107083385,3199,3166,Florida St,Creighton,1731.3318438886506,1818.159394610845,9,7
2024_3199_3452,0.5170315884507692,3199,3452,Florida St,West Virginia,1731.3318438886506,1705.972421133595,9,8
2024_3199_3343,0.3117282550842524,3199,3343,Florida St,Princeton,1731.3318438886506,1851.7261643002205,9,9
2024_3199_3424,0.35862709775857493,3199,3424,Florida St,UNLV,1731.3318438886506,1834.6954708399526,9,10
2024_3199_3292,0.39526501721048635,3199,3292,Florida St,MTSU,1731.3318438886506,1825.9686936108571,9,11
2024_3179_3199,0.47136106262591276,3199,3179,Florida St,Drake,1731.3318438886506,1793.7637493219408,9,12
2024_3199_3339,0.7032016554373388,3199,3339,Florida St,Portland,1731.3318438886506,1660.2154003231187,9,13
2024_3199_3349,0.7923461389938916,3199,3349,Florida St,Rice,1731.3318438886506,1602.7806164848662,9,14
2024_3199_3465,0.6178891485953572,3199,3465,Florida St,Cal Baptist,1731.3318438886506,1748.2794249498818,9,15
2024_3199_3221,0.8598134841623962,3199,3221,Florida St,Holy Cross,1731.3318438886506,1555.6375404933337,9,16
2024_3199_3404,0.9197367535273596,3199,3404,Florida St,TN Martin,1731.3318438886506,1460.6304570200384,9,16
2024_3199_3425,0.20416198350534143,3199,3425,Florida St,USC,1731.3318438886506,1838.1292755662923,9,1
2024_3199_3326,0.1925776359155063,3199,3326,Florida St,Ohio St,1731.3318438886506,1849.2050670726867,9,2
2024_3163_3199,0.13680551336752106,3199,3163,Florida St,Connecticut,1731.3318438886506,1921.3336140603578,9,3
2024_3199_3439,0.2216842044065734,3199,3439,Florida St,Virginia Tech,1731.3318438886506,1847.229227065635,9,4
2024_3124_3199,0.35616110413071916,3199,3124,Florida St,Baylor,1731.3318438886506,1761.3275962097346,9,5
2024_3199_3393,0.4275950639846658,3199,3393,Florida St,Syracuse,1731.3318438886506,1730.6665843168998,9,6
2024_3181_3199,0.4163285093613005,3199,3181,Florida St,Duke,1731.3318438886506,1752.688159118207,9,7
2024_3199_3242,0.5177601873062846,3199,3242,Florida St,Kansas,1731.3318438886506,1705.528887123695,9,8
2024_3199_3276,0.5833264311000499,3199,3276,Florida St,Michigan,1731.3318438886506,1680.1913479376847,9,9
2024_3199_3350,0.44739277519790527,3199,3350,Florida St,Richmond,1731.3318438886506,1778.4365011097805,9,10
2024_3112_3199,0.6555341416765798,3199,3112,Florida St,Arizona,1731.3318438886506,1663.5246475881788,9,11
2024_3120_3199,0.6444598241966794,3199,3120,Florida St,Auburn,1731.3318438886506,1670.9243359044353,9,11
2024_3162_3199,0.4869021218550372,3199,3162,Florida St,Columbia,1731.3318438886506,1784.2973369270142,9,12
2024_3199_3435,0.6969567131331788,3199,3435,Florida St,Vanderbilt,1731.3318438886506,1649.7364456557825,9,12
2024_3199_3267,0.6283041258714754,3199,3267,Florida St,Marshall,1731.3318438886506,1711.538083968918,9,13
2024_3199_3238,0.6758854178859243,3199,3238,Florida St,Jackson St,1731.3318438886506,1694.6207667651774,9,14
2024_3199_3263,0.7618376344143188,3199,3263,Florida St,Maine,1731.3318438886506,1644.585593286405,9,15
2024_3199_3394,0.838972386303236,3199,3394,Florida St,TAM C. Christi,1731.3318438886506,1580.4352854776812,9,16
2024_3268_3453,0.49641815451631915,3268,3453,Maryland,WI Green Bay,1738.6415489962658,1755.8193922713324,10,11
2024_3268_3355,0.437172396776088,3268,3355,Maryland,S Dakota St,1738.6415489962658,1807.0444786381895,10,12
2024_3268_3414,0.6978880775976845,3268,3414,Maryland,UC Irvine,1738.6415489962658,1656.3752788526392,10,13
2024_3151_3268,0.6737438139147732,3268,3151,Maryland,Chattanooga,1738.6415489962658,1688.4139365134167,10,14
2024_3268_3313,0.7110468026052824,3268,3313,Maryland,Norfolk St,1738.6415489962658,1676.7668098191193,10,15
2024_3180_3268,0.7978434150765129,3268,3180,Maryland,Drexel,1738.6415489962658,1619.9611285709493,10,16
2024_3234_3268,0.1411307891950092,3268,3234,Maryland,Iowa,1738.6415489962658,1913.1483914363243,10,1
2024_3268_3417,0.21999502386369682,3268,3417,Maryland,UCLA,1738.6415489962658,1831.0311295413612,10,2
2024_3261_3268,0.1560555144815243,3268,3261,Maryland,LSU,1738.6415489962658,1895.2037149888847,10,3
2024_3243_3268,0.36376156237206286,3268,3243,Maryland,Kansas St,1738.6415489962658,1733.6226327573718,10,4
2024_3160_3268,0.3756833995931493,3268,3160,Maryland,Colorado,1738.6415489962658,1740.8455561689786,10,5
2024_3257_3268,0.3423730066883246,3268,3257,Maryland,Louisville,1738.6415489962658,1777.859589035021,10,6
2024_3166_3268,0.3059377902099688,3268,3166,Maryland,Creighton,1738.6415489962658,1818.159394610845,10,7
2024_3268_3452,0.504389811508917,3268,3452,Maryland,West Virginia,1738.6415489962658,1705.972421133595,10,8
2024_3268_3343,0.3009780235472643,3268,3343,Maryland,Princeton,1738.6415489962658,1851.7261643002205,10,9
2024_3268_3424,0.3470750984629209,3268,3424,Maryland,UNLV,1738.6415489962658,1834.6954708399526,10,10
2024_3268_3292,0.38323803178911486,3268,3292,Maryland,MTSU,1738.6415489962658,1825.9686936108571,10,11
2024_3179_3268,0.45877522297652057,3268,3179,Maryland,Drake,1738.6415489962658,1793.7637493219408,10,12
2024_3268_3339,0.6925350477486047,3268,3339,Maryland,Portland,1738.6415489962658,1660.2154003231187,10,13
2024_3268_3349,0.7838987388384703,3268,3349,Maryland,Rice,1738.6415489962658,1602.7806164848662,10,14
2024_3268_3465,0.6058749322998399,3268,3465,Maryland,Cal Baptist,1738.6415489962658,1748.2794249498818,10,15
2024_3221_3268,0.8576665378388558,3268,3221,Maryland,Holy Cross,1738.6415489962658,1555.6375404933337,10,16
2024_3268_3404,0.918420453932549,3268,3404,Maryland,TN Martin,1738.6415489962658,1460.6304570200384,10,16
2024_3268_3425,0.21208672451496624,3268,3425,Maryland,USC,1738.6415489962658,1838.1292755662923,10,1
2024_3268_3326,0.20016581542618841,3268,3326,Maryland,Ohio St,1738.6415489962658,1849.2050670726867,10,2
2024_3163_3268,0.1347288517096267,3268,3163,Maryland,Connecticut,1738.6415489962658,1921.3336140603578,10,3
2024_3268_3439,0.2130778878059447,3268,3439,Maryland,Virginia Tech,1738.6415489962658,1847.229227065635,10,4
2024_3124_3268,0.34464585442781404,3268,3124,Maryland,Baylor,1738.6415489962658,1761.3275962097346,10,5
2024_3268_3393,0.4152598578308113,3268,3393,Maryland,Syracuse,1738.6415489962658,1730.6665843168998,10,6
2024_3181_3268,0.4040888744089622,3268,3181,Maryland,Duke,1738.6415489962658,1752.688159118207,10,7
2024_3242_3268,0.5051192274179999,3268,3242,Maryland,Kansas,1738.6415489962658,1705.528887123695,10,8
2024_3268_3276,0.5709800416682617,3268,3276,Maryland,Michigan,1738.6415489962658,1680.1913479376847,10,9
2024_3268_3350,0.4349203927015828,3268,3350,Maryland,Richmond,1738.6415489962658,1778.4365011097805,10,10
2024_3112_3268,0.6440216392606368,3268,3112,Maryland,Arizona,1738.6415489962658,1663.5246475881788,10,11
2024_3120_3268,0.6327845354321481,3268,3120,Maryland,Auburn,1738.6415489962658,1670.9243359044353,10,11
2024_3162_3268,0.47427360735733737,3268,3162,Maryland,Columbia,1738.6415489962658,1784.2973369270142,10,12
2024_3268_3435,0.686165833503823,3268,3435,Maryland,Vanderbilt,1738.6415489962658,1649.7364456557825,10,12
2024_3267_3268,0.6164140839885298,3268,3267,Maryland,Marshall,1738.6415489962658,1711.538083968918,10,13
2024_3238_3268,0.6647051880870697,3268,3238,Maryland,Jackson St,1738.6415489962658,1694.6207667651774,10,14
2024_3263_3268,0.7525367565034079,3268,3263,Maryland,Maine,1738.6415489962658,1644.585593286405,10,15
2024_3268_3394,0.836566929690495,3268,3394,Maryland,TAM C. Christi,1738.6415489962658,1580.4352854776812,10,16
2024_3355_3453,0.4407008638418617,3453,3355,WI Green Bay,S Dakota St,1755.8193922713324,1807.0444786381895,11,12
2024_3414_3453,0.7009003268448138,3453,3414,WI Green Bay,UC Irvine,1755.8193922713324,1656.3752788526392,11,13
2024_3151_3453,0.6768853397868394,3453,3151,WI Green Bay,Chattanooga,1755.8193922713324,1688.4139365134167,11,14
2024_3313_3453,0.7139816215572814,3453,3313,WI Green Bay,Norfolk St,1755.8193922713324,1676.7668098191193,11,15
2024_3180_3453,0.8001444492402241,3453,3180,WI Green Bay,Drexel,1755.8193922713324,1619.9611285709493,11,16
2024_3234_3453,0.15539224853033068,3453,3234,WI Green Bay,Iowa,1755.8193922713324,1913.1483914363243,11,1
2024_3417_3453,0.2399989025388963,3453,3417,WI Green Bay,UCLA,1755.8193922713324,1831.0311295413612,11,2
2024_3261_3453,0.1715239437628937,3453,3261,WI Green Bay,LSU,1755.8193922713324,1895.2037149888847,11,3
2024_3243_3453,0.3747592183931038,3453,3243,WI Green Bay,Kansas St,1755.8193922713324,1733.6226327573718,11,4
2024_3160_3453,0.3790498169060891,3453,3160,WI Green Bay,Colorado,1755.8193922713324,1740.8455561689786,11,5
2024_3257_3453,0.3456061719086739,3453,3257,WI Green Bay,Louisville,1755.8193922713324,1777.859589035021,11,6
2024_3166_3453,0.30898854679997056,3453,3166,WI Green Bay,Creighton,1755.8193922713324,1818.159394610845,11,7
2024_3452_3453,0.5079711556507001,3453,3452,WI Green Bay,West Virginia,1755.8193922713324,1705.972421133595,11,8
2024_3343_3453,0.3040009849208833,3453,3343,WI Green Bay,Princeton,1755.8193922713324,1851.7261643002205,11,9
2024_3424_3453,0.3503290127973253,3453,3424,WI Green Bay,UNLV,1755.8193922713324,1834.6954708399526,11,10
2024_3292_3453,0.38663022172871514,3453,3292,WI Green Bay,MTSU,1755.8193922713324,1825.9686936108571,11,11
2024_3179_3453,0.4623348217816127,3453,3179,WI Green Bay,Drake,1755.8193922713324,1793.7637493219408,11,12
2024_3339_3453,0.6955773884756421,3453,3339,WI Green Bay,Portland,1755.8193922713324,1660.2154003231187,11,13
2024_3349_3453,0.7863159866987771,3453,3349,WI Green Bay,Rice,1755.8193922713324,1602.7806164848662,11,14
2024_3453_3465,0.6092909931184085,3453,3465,WI Green Bay,Cal Baptist,1755.8193922713324,1748.2794249498818,11,15
2024_3221_3453,0.8594066309642734,3453,3221,WI Green Bay,Holy Cross,1755.8193922713324,1555.6375404933337,11,16
2024_3404_3453,0.9194875263746417,3453,3404,WI Green Bay,TN Martin,1755.8193922713324,1460.6304570200384,11,16
2024_3425_3453,0.23158501102200804,3453,3425,WI Green Bay,USC,1755.8193922713324,1838.1292755662923,11,1
2024_3326_3453,0.2188725904147645,3453,3326,WI Green Bay,Ohio St,1755.8193922713324,1849.2050670726867,11,2
2024_3163_3453,0.14845520715727625,3453,3163,WI Green Bay,Connecticut,1755.8193922713324,1921.3336140603578,11,3
2024_3439_3453,0.22110306089789925,3453,3439,WI Green Bay,Virginia Tech,1755.8193922713324,1847.229227065635,11,4
2024_3124_3453,0.347889128769123,3453,3124,WI Green Bay,Baylor,1755.8193922713324,1761.3275962097346,11,5
2024_3393_3453,0.4187430488940817,3453,3393,WI Green Bay,Syracuse,1755.8193922713324,1730.6665843168998,11,6
2024_3181_3453,0.4075436705348891,3453,3181,WI Green Bay,Duke,1755.8193922713324,1752.688159118207,11,7
2024_3242_3453,0.5087004347671927,3453,3242,WI Green Bay,Kansas,1755.8193922713324,1705.528887123695,11,8
2024_3276_3453,0.5744861378657322,3453,3276,WI Green Bay,Michigan,1755.8193922713324,1680.1913479376847,11,9
2024_3350_3453,0.43844484290168,3453,3350,WI Green Bay,Richmond,1755.8193922713324,1778.4365011097805,11,10
2024_3112_3453,0.647299539063743,3453,3112,WI Green Bay,Arizona,1755.8193922713324,1663.5246475881788,11,11
2024_3120_3453,0.6361074426644553,3453,3120,WI Green Bay,Auburn,1755.8193922713324,1670.9243359044353,11,11
2024_3162_3453,0.47784728753167616,3453,3162,WI Green Bay,Columbia,1755.8193922713324,1784.2973369270142,11,12
2024_3435_3453,0.6892429172209676,3453,3435,WI Green Bay,Vanderbilt,1755.8193922713324,1649.7364456557825,11,12
2024_3267_3453,0.6197961204395074,3453,3267,WI Green Bay,Marshall,1755.8193922713324,1711.538083968918,11,13
2024_3238_3453,0.6678908457374318,3453,3238,WI Green Bay,Jackson St,1755.8193922713324,1694.6207667651774,11,14
2024_3263_3453,0.7551952569167951,3453,3263,WI Green Bay,Maine,1755.8193922713324,1644.585593286405,11,15
2024_3394_3453,0.8385164074375047,3453,3394,WI Green Bay,TAM C. Christi,1755.8193922713324,1580.4352854776812,11,16
2024_3355_3414,0.7483641978246838,3355,3414,S Dakota St,UC Irvine,1807.0444786381895,1656.3752788526392,12,13
2024_3151_3355,0.726674007243513,3355,3151,S Dakota St,Chattanooga,1807.0444786381895,1688.4139365134167,12,14
2024_3313_3355,0.7600802045525639,3355,3313,S Dakota St,Norfolk St,1807.0444786381895,1676.7668098191193,12,15
2024_3180_3355,0.8355543860714557,3355,3180,S Dakota St,Drexel,1807.0444786381895,1619.9611285709493,12,16
2024_3234_3355,0.2049043037923218,3355,3234,S Dakota St,Iowa,1807.0444786381895,1913.1483914363243,12,1
2024_3355_3417,0.3066803425938096,3355,3417,S Dakota St,UCLA,1807.0444786381895,1831.0311295413612,12,2
2024_3261_3355,0.22480788044156502,3355,3261,S Dakota St,LSU,1807.0444786381895,1895.2037149888847,12,3
2024_3243_3355,0.4563978458114659,3355,3243,S Dakota St,Kansas St,1807.0444786381895,1733.6226327573718,12,4
2024_3160_3355,0.44463520091852216,3355,3160,S Dakota St,Colorado,1807.0444786381895,1740.8455561689786,12,5
2024_3257_3355,0.4012903962967516,3355,3257,S Dakota St,Louisville,1807.0444786381895,1777.859589035021,12,6
2024_3166_3355,0.3620369559064148,3355,3166,S Dakota St,Creighton,1807.0444786381895,1818.159394610845,12,7
2024_3355_3452,0.5671433418393756,3355,3452,S Dakota St,West Virginia,1807.0444786381895,1705.972421133595,12,8
2024_3343_3355,0.3566350427663859,3355,3343,S Dakota St,Princeton,1807.0444786381895,1851.7261643002205,12,9
2024_3355_3424,0.40630172518051216,3355,3424,S Dakota St,UNLV,1807.0444786381895,1834.6954708399526,12,10
2024_3292_3355,0.4444351684654869,3355,3292,S Dakota St,MTSU,1807.0444786381895,1825.9686936108571,12,11
2024_3179_3355,0.5218289791335375,3355,3179,S Dakota St,Drake,1807.0444786381895,1793.7637493219408,12,12
2024_3339_3355,0.7435769227997393,3355,3339,S Dakota St,Portland,1807.0444786381895,1660.2154003231187,12,13
2024_3349_3355,0.8236359798930369,3355,3349,S Dakota St,Rice,1807.0444786381895,1602.7806164848662,12,14
2024_3355_3465,0.664330126137422,3355,3465,S Dakota St,Cal Baptist,1807.0444786381895,1748.2794249498818,12,15
2024_3221_3355,0.8858150314536746,3355,3221,S Dakota St,Holy Cross,1807.0444786381895,1555.6375404933337,12,16
2024_3355_3404,0.935458145209056,3355,3404,S Dakota St,TN Martin,1807.0444786381895,1460.6304570200384,12,16
2024_3355_3425,0.29684179908161595,3355,3425,S Dakota St,USC,1807.0444786381895,1838.1292755662923,12,1
2024_3326_3355,0.2818611931404222,3355,3326,S Dakota St,Ohio St,1807.0444786381895,1849.2050670726867,12,2
2024_3163_3355,0.19627057534896164,3355,3163,S Dakota St,Connecticut,1807.0444786381895,1921.3336140603578,12,3
2024_3355_3439,0.28449977254028785,3355,3439,S Dakota St,Virginia Tech,1807.0444786381895,1847.229227065635,12,4
2024_3124_3355,0.4116572589183283,3355,3124,S Dakota St,Baylor,1807.0444786381895,1761.3275962097346,12,5
2024_3355_3393,0.47761065578657885,3355,3393,S Dakota St,Syracuse,1807.0444786381895,1730.6665843168998,12,6
2024_3181_3355,0.4660993546281322,3355,3181,S Dakota St,Duke,1807.0444786381895,1752.688159118207,12,7
2024_3242_3355,0.5678595283302277,3355,3242,S Dakota St,Kansas,1807.0444786381895,1705.528887123695,12,8
2024_3276_3355,0.6314626117244755,3355,3276,S Dakota St,Michigan,1807.0444786381895,1680.1913479376847,12,9
2024_3350_3355,0.4977105515776207,3355,3350,S Dakota St,Richmond,1807.0444786381895,1778.4365011097805,12,10
2024_3112_3355,0.6996240231178662,3355,3112,S Dakota St,Arizona,1807.0444786381895,1663.5246475881788,12,11
2024_3120_3355,0.6892953277444956,3355,3120,S Dakota St,Auburn,1807.0444786381895,1670.9243359044353,12,11
2024_3162_3355,0.5373426423536288,3355,3162,S Dakota St,Columbia,1807.0444786381895,1784.2973369270142,12,12
2024_3355_3435,0.7378648324269849,3355,3435,S Dakota St,Vanderbilt,1807.0444786381895,1649.7364456557825,12,12
2024_3267_3355,0.6741468349550555,3355,3267,S Dakota St,Marshall,1807.0444786381895,1711.538083968918,12,13
2024_3238_3355,0.7184890638340788,3355,3238,S Dakota St,Jackson St,1807.0444786381895,1694.6207667651774,12,14
2024_3263_3355,0.7965441506449515,3355,3263,S Dakota St,Maine,1807.0444786381895,1644.585593286405,12,15
2024_3355_3394,0.8682471660660322,3355,3394,S Dakota St,TAM C. Christi,1807.0444786381895,1580.4352854776812,12,16
2024_3151_3414,0.47200576416183276,3414,3151,UC Irvine,Chattanooga,1656.3752788526392,1688.4139365134167,13,14
2024_3313_3414,0.5157978239126314,3414,3313,UC Irvine,Norfolk St,1656.3752788526392,1676.7668098191193,13,15
2024_3180_3414,0.6307902753594352,3414,3180,UC Irvine,Drexel,1656.3752788526392,1619.9611285709493,13,16
2024_3234_3414,0.08729303888619186,3414,3234,UC Irvine,Iowa,1656.3752788526392,1913.1483914363243,13,1
2024_3414_3417,0.14101200628329433,3414,3417,UC Irvine,UCLA,1656.3752788526392,1831.0311295413612,13,2
2024_3261_3414,0.09716849165098902,3414,3261,UC Irvine,LSU,1656.3752788526392,1895.2037149888847,13,3
2024_3243_3414,0.2375647315030515,3414,3243,UC Irvine,Kansas St,1656.3752788526392,1733.6226327573718,13,4
2024_3160_3414,0.22906544380427996,3414,3160,UC Irvine,Colorado,1656.3752788526392,1740.8455561689786,13,5
2024_3257_3414,0.18891062946519546,3414,3257,UC Irvine,Louisville,1656.3752788526392,1777.859589035021,13,6
2024_3166_3414,0.16024032844274422,3414,3166,UC Irvine,Creighton,1656.3752788526392,1818.159394610845,13,7
2024_3414_3452,0.30582702837966336,3414,3452,UC Irvine,West Virginia,1656.3752788526392,1705.972421133595,13,8
2024_3343_3414,0.15710790042605582,3414,3343,UC Irvine,Princeton,1656.3752788526392,1851.7261643002205,13,9
2024_3414_3424,0.1870669582108223,3414,3424,UC Irvine,UNLV,1656.3752788526392,1834.6954708399526,13,10
2024_3292_3414,0.21197055851074004,3414,3292,UC Irvine,MTSU,1656.3752788526392,1825.9686936108571,13,11
2024_3179_3414,0.26844320651512266,3414,3179,UC Irvine,Drake,1656.3752788526392,1793.7637493219408,13,12
2024_3339_3414,0.49368447414682426,3414,3339,UC Irvine,Portland,1656.3752788526392,1660.2154003231187,13,13
2024_3349_3414,0.6109415168626099,3414,3349,UC Irvine,Rice,1656.3752788526392,1602.7806164848662,13,14
2024_3414_3465,0.3995702877002654,3414,3465,UC Irvine,Cal Baptist,1656.3752788526392,1748.2794249498818,13,15
2024_3221_3414,0.722877785587916,3414,3221,UC Irvine,Holy Cross,1656.3752788526392,1555.6375404933337,13,16
2024_3404_3414,0.8297442125062335,3414,3404,UC Irvine,TN Martin,1656.3752788526392,1460.6304570200384,13,16
2024_3414_3425,0.13544991548909585,3414,3425,UC Irvine,USC,1656.3752788526392,1838.1292755662923,13,1
2024_3326_3414,0.1271414940796078,3414,3326,UC Irvine,Ohio St,1656.3752788526392,1849.2050670726867,13,2
2024_3163_3414,0.08309699089466918,3414,3163,UC Irvine,Connecticut,1656.3752788526392,1921.3336140603578,13,3
2024_3414_3439,0.12859104819408954,3414,3439,UC Irvine,Virginia Tech,1656.3752788526392,1847.229227065635,13,4
2024_3124_3414,0.20614135596007557,3414,3124,UC Irvine,Baylor,1656.3752788526392,1761.3275962097346,13,5
2024_3393_3414,0.241105133218748,3414,3393,UC Irvine,Syracuse,1656.3752788526392,1730.6665843168998,13,6
2024_3181_3414,0.22693177416947607,3414,3181,UC Irvine,Duke,1656.3752788526392,1752.688159118207,13,7
2024_3242_3414,0.30644684606117,3414,3242,UC Irvine,Kansas,1656.3752788526392,1705.528887123695,13,8
2024_3276_3414,0.3655372531696339,3414,3276,UC Irvine,Michigan,1656.3752788526392,1680.1913479376847,13,9
2024_3350_3414,0.24991516373120787,3414,3350,UC Irvine,Richmond,1656.3752788526392,1778.4365011097805,13,10
2024_3112_3414,0.4392026201551483,3414,3112,UC Irvine,Arizona,1656.3752788526392,1663.5246475881788,13,11
2024_3120_3414,0.42725000356144377,3414,3120,UC Irvine,Auburn,1656.3752788526392,1670.9243359044353,13,11
2024_3162_3414,0.28084828821786306,3414,3162,UC Irvine,Columbia,1656.3752788526392,1784.2973369270142,13,12
2024_3414_3435,0.48625182488069535,3414,3435,UC Irvine,Vanderbilt,1656.3752788526392,1649.7364456557825,13,12
2024_3267_3414,0.4102563204203097,3414,3267,UC Irvine,Marshall,1656.3752788526392,1711.538083968918,13,13
2024_3238_3414,0.46184239815814526,3414,3238,UC Irvine,Jackson St,1656.3752788526392,1694.6207667651774,13,14
2024_3263_3414,0.5683019739064309,3414,3263,UC Irvine,Maine,1656.3752788526392,1644.585593286405,13,15
2024_3394_3414,0.6890414463491494,3414,3394,UC Irvine,TAM C. Christi,1656.3752788526392,1580.4352854776812,13,16
2024_3151_3313,0.5437147287439101,3151,3313,Chattanooga,Norfolk St,1688.4139365134167,1676.7668098191193,14,15
2024_3151_3180,0.6564925995731113,3151,3180,Chattanooga,Drexel,1688.4139365134167,1619.9611285709493,14,16
2024_3151_3234,0.10561199309736886,3151,3234,Chattanooga,Iowa,1688.4139365134167,1913.1483914363243,14,1
2024_3151_3417,0.16852270272758701,3151,3417,Chattanooga,UCLA,1688.4139365134167,1831.0311295413612,14,2
2024_3151_3261,0.11729353688526045,3151,3261,Chattanooga,LSU,1688.4139365134167,1895.2037149888847,14,3
2024_3151_3243,0.2778199818403574,3151,3243,Chattanooga,Kansas St,1688.4139365134167,1733.6226327573718,14,4
2024_3151_3160,0.2683874632799119,3151,3160,Chattanooga,Colorado,1688.4139365134167,1740.8455561689786,14,5
2024_3151_3257,0.22333645878627942,3151,3257,Chattanooga,Louisville,1688.4139365134167,1777.859589035021,14,6
2024_3151_3166,0.1807235935627199,3151,3166,Chattanooga,Creighton,1688.4139365134167,1818.159394610845,14,7
2024_3151_3452,0.3301277495699875,3151,3452,Chattanooga,West Virginia,1688.4139365134167,1705.972421133595,14,8
2024_3151_3343,0.17252853903289533,3151,3343,Chattanooga,Princeton,1688.4139365134167,1851.7261643002205,14,9
2024_3151_3424,0.2047139927672811,3151,3424,Chattanooga,UNLV,1688.4139365134167,1834.6954708399526,14,10
2024_3151_3292,0.2312984557537979,3151,3292,Chattanooga,MTSU,1688.4139365134167,1825.9686936108571,14,11
2024_3151_3179,0.2910187632798662,3151,3179,Chattanooga,Drake,1688.4139365134167,1793.7637493219408,14,12
2024_3151_3339,0.5216940518727071,3151,3339,Chattanooga,Portland,1688.4139365134167,1660.2154003231187,14,13
2024_3151_3349,0.6372309474682945,3151,3349,Chattanooga,Rice,1688.4139365134167,1602.7806164848662,14,14
2024_3151_3465,0.4267406627898969,3151,3465,Chattanooga,Cal Baptist,1688.4139365134167,1748.2794249498818,14,15
2024_3151_3221,0.7447634184068916,3151,3221,Chattanooga,Holy Cross,1688.4139365134167,1555.6375404933337,14,16
2024_3151_3404,0.84499976366419,3151,3404,Chattanooga,TN Martin,1688.4139365134167,1460.6304570200384,14,16
2024_3151_3425,0.162080228671574,3151,3425,Chattanooga,USC,1688.4139365134167,1838.1292755662923,14,1
2024_3151_3326,0.1524263144671114,3151,3326,Chattanooga,Ohio St,1688.4139365134167,1849.2050670726867,14,2
2024_3151_3163,0.10063246852783357,3151,3163,Chattanooga,Connecticut,1688.4139365134167,1921.3336140603578,14,3
2024_3151_3439,0.1541132453104656,3151,3439,Chattanooga,Virginia Tech,1688.4139365134167,1847.229227065635,14,4
2024_3124_3151,0.24276736101496915,3151,3124,Chattanooga,Baylor,1688.4139365134167,1761.3275962097346,14,5
2024_3151_3393,0.28173861813135054,3151,3393,Chattanooga,Syracuse,1688.4139365134167,1730.6665843168998,14,6
2024_3151_3181,0.2533679627484984,3151,3181,Chattanooga,Duke,1688.4139365134167,1752.688159118207,14,7
2024_3151_3242,0.33077334969235206,3151,3242,Chattanooga,Kansas,1688.4139365134167,1705.528887123695,14,8
2024_3151_3276,0.3919039157356613,3151,3276,Chattanooga,Michigan,1688.4139365134167,1680.1913479376847,14,9
2024_3151_3350,0.27151084983338286,3151,3350,Chattanooga,Richmond,1688.4139365134167,1778.4365011097805,14,10
2024_3112_3151,0.4669720045458873,3151,3112,Chattanooga,Arizona,1688.4139365134167,1663.5246475881788,14,11
2024_3120_3151,0.4548766500508232,3151,3120,Chattanooga,Auburn,1688.4139365134167,1670.9243359044353,14,11
2024_3151_3162,0.3040335185923249,3151,3162,Chattanooga,Columbia,1688.4139365134167,1784.2973369270142,14,12
2024_3151_3435,0.5142680260399941,3151,3435,Chattanooga,Vanderbilt,1688.4139365134167,1649.7364456557825,14,12
2024_3151_3267,0.4376237231471792,3151,3267,Chattanooga,Marshall,1688.4139365134167,1711.538083968918,14,13
2024_3151_3238,0.4897930219100044,3151,3238,Chattanooga,Jackson St,1688.4139365134167,1694.6207667651774,14,14
2024_3151_3263,0.5955653027747789,3151,3263,Chattanooga,Maine,1688.4139365134167,1644.585593286405,14,15
2024_3151_3394,0.712536646241843,3151,3394,Chattanooga,TAM C. Christi,1688.4139365134167,1580.4352854776812,14,16
2024_3180_3313,0.6159507621123478,3313,3180,Norfolk St,Drexel,1676.7668098191193,1619.9611285709493,15,16
2024_3234_3313,0.09858985100881108,3313,3234,Norfolk St,Iowa,1676.7668098191193,1913.1483914363243,15,1
2024_3313_3417,0.15805683791910524,3313,3417,Norfolk St,UCLA,1676.7668098191193,1831.0311295413612,15,2
2024_3261_3313,0.10958985908408307,3313,3261,Norfolk St,LSU,1676.7668098191193,1895.2037149888847,15,3
2024_3243_3313,0.2627110012572144,3313,3243,Norfolk St,Kansas St,1676.7668098191193,1733.6226327573718,15,4
2024_3160_3313,0.25361131629605665,3313,3160,Norfolk St,Colorado,1676.7668098191193,1740.8455561689786,15,5
2024_3257_3313,0.2103275599127001,3313,3257,Norfolk St,Louisville,1676.7668098191193,1777.859589035021,15,6
2024_3166_3313,0.16965461463148102,3313,3166,Norfolk St,Creighton,1676.7668098191193,1818.159394610845,15,7
2024_3313_3452,0.29942871330421633,3313,3452,Norfolk St,West Virginia,1676.7668098191193,1705.972421133595,15,8
2024_3313_3343,0.14891726559580282,3313,3343,Norfolk St,Princeton,1676.7668098191193,1851.7261643002205,15,9
2024_3313_3424,0.1776436171274827,3313,3424,Norfolk St,UNLV,1676.7668098191193,1834.6954708399526,15,10
2024_3292_3313,0.20160382945066674,3313,3292,Norfolk St,MTSU,1676.7668098191193,1825.9686936108571,15,11
2024_3179_3313,0.2562125713849932,3313,3179,Norfolk St,Drake,1676.7668098191193,1793.7637493219408,15,12
2024_3313_3339,0.47789547184769265,3313,3339,Norfolk St,Portland,1676.7668098191193,1660.2154003231187,15,13
2024_3313_3349,0.5958154105449847,3313,3349,Norfolk St,Rice,1676.7668098191193,1602.7806164848662,15,14
2024_3313_3465,0.3845054251189449,3313,3465,Norfolk St,Cal Baptist,1676.7668098191193,1748.2794249498818,15,15
2024_3221_3313,0.7100381251971574,3313,3221,Norfolk St,Holy Cross,1676.7668098191193,1555.6375404933337,15,16
2024_3313_3404,0.820627287854957,3313,3404,Norfolk St,TN Martin,1676.7668098191193,1460.6304570200384,15,16
2024_3313_3425,0.1519413515673933,3313,3425,Norfolk St,USC,1676.7668098191193,1838.1292755662923,15,1
2024_3313_3326,0.14278842578293624,3313,3326,Norfolk St,Ohio St,1676.7668098191193,1849.2050670726867,15,2
2024_3163_3313,0.09390665226774993,3313,3163,Norfolk St,Connecticut,1676.7668098191193,1921.3336140603578,15,3
2024_3313_3439,0.14438686289754618,3313,3439,Norfolk St,Virginia Tech,1676.7668098191193,1847.229227065635,15,4
2024_3124_3313,0.22896030893292296,3313,3124,Norfolk St,Baylor,1676.7668098191193,1761.3275962097346,15,5
2024_3313_3393,0.2664951674371613,3313,3393,Norfolk St,Syracuse,1676.7668098191193,1730.6665843168998,15,6
2024_3181_3313,0.23914842180931964,3313,3181,Norfolk St,Duke,1676.7668098191193,1752.688159118207,15,7
2024_3242_3313,0.30004116844857426,3313,3242,Norfolk St,Kansas,1676.7668098191193,1705.528887123695,15,8
2024_3276_3313,0.3510054176272519,3313,3276,Norfolk St,Michigan,1676.7668098191193,1680.1913479376847,15,9
2024_3313_3350,0.23825376396425713,3313,3350,Norfolk St,Richmond,1676.7668098191193,1778.4365011097805,15,10
2024_3112_3313,0.42369793847771514,3313,3112,Norfolk St,Arizona,1676.7668098191193,1663.5246475881788,15,11
2024_3120_3313,0.41185738592441795,3313,3120,Norfolk St,Auburn,1676.7668098191193,1670.9243359044353,15,11
2024_3162_3313,0.26825971514693303,3313,3162,Norfolk St,Columbia,1676.7668098191193,1784.2973369270142,15,12
2024_3313_3435,0.47047964721730845,3313,3435,Norfolk St,Vanderbilt,1676.7668098191193,1649.7364456557825,15,12
2024_3267_3313,0.39505364929732706,3313,3267,Norfolk St,Marshall,1676.7668098191193,1711.538083968918,15,13
2024_3238_3313,0.44617436015154466,3313,3238,Norfolk St,Jackson St,1676.7668098191193,1694.6207667651774,15,14
2024_3263_3313,0.5527317449628673,3313,3263,Norfolk St,Maine,1676.7668098191193,1644.585593286405,15,15
2024_3313_3394,0.6753381726071604,3313,3394,Norfolk St,TAM C. Christi,1676.7668098191193,1580.4352854776812,15,16
2024_3180_3234,0.06999891008603902,3180,3234,Drexel,Iowa,1619.9611285709493,1913.1483914363243,16,1
2024_3180_3417,0.11440936704786406,3180,3417,Drexel,UCLA,1619.9611285709493,1831.0311295413612,16,2
2024_3180_3261,0.0780852637376853,3180,3261,Drexel,LSU,1619.9611285709493,1895.2037149888847,16,3
2024_3180_3243,0.19692274658259465,3180,3243,Drexel,Kansas St,1619.9611285709493,1733.6226327573718,16,4
2024_3160_3180,0.18951607064698012,3180,3160,Drexel,Colorado,1619.9611285709493,1740.8455561689786,16,5
2024_3180_3257,0.1549011875357251,3180,3257,Drexel,Louisville,1619.9611285709493,1777.859589035021,16,6
2024_3166_3180,0.12327334103778367,3180,3166,Drexel,Creighton,1619.9611285709493,1818.159394610845,16,7
2024_3180_3452,0.22728003900378355,3180,3452,Drexel,West Virginia,1619.9611285709493,1705.972421133595,16,8
2024_3180_3343,0.10132205331113532,3180,3343,Drexel,Princeton,1619.9611285709493,1851.7261643002205,16,9
2024_3180_3424,0.11870084350228674,3180,3424,Drexel,UNLV,1619.9611285709493,1834.6954708399526,16,10
2024_3180_3292,0.13602599693061243,3180,3292,Drexel,MTSU,1619.9611285709493,1825.9686936108571,16,11
2024_3179_3180,0.1768052323979005,3180,3179,Drexel,Drake,1619.9611285709493,1793.7637493219408,16,12
2024_3180_3339,0.3633457096818756,3180,3339,Drexel,Portland,1619.9611285709493,1660.2154003231187,16,13
2024_3180_3349,0.47892822993899925,3180,3349,Drexel,Rice,1619.9611285709493,1602.7806164848662,16,14
2024_3180_3465,0.28032209151547316,3180,3465,Drexel,Cal Baptist,1619.9611285709493,1748.2794249498818,16,15
2024_3180_3221,0.60424226080867,3180,3221,Drexel,Holy Cross,1619.9611285709493,1555.6375404933337,16,16
2024_3180_3404,0.7404304339180354,3180,3404,Drexel,TN Martin,1619.9611285709493,1460.6304570200384,16,16
2024_3180_3425,0.10976251027224426,3180,3425,Drexel,USC,1619.9611285709493,1838.1292755662923,16,1
2024_3180_3326,0.10284230869979362,3180,3326,Drexel,Ohio St,1619.9611285709493,1849.2050670726867,16,2
2024_3163_3180,0.06657352954217932,3180,3163,Drexel,Connecticut,1619.9611285709493,1921.3336140603578,16,3
2024_3180_3439,0.10404784901725107,3180,3439,Drexel,Virginia Tech,1619.9611285709493,1847.229227065635,16,4
2024_3124_3180,0.1696788206064694,3180,3124,Drexel,Baylor,1619.9611285709493,1761.3275962097346,16,5
2024_3180_3393,0.20001635934923376,3180,3393,Drexel,Syracuse,1619.9611285709493,1730.6665843168998,16,6
2024_3180_3181,0.17783748202104638,3180,3181,Drexel,Duke,1619.9611285709493,1752.688159118207,16,7
2024_3180_3242,0.227792904436462,3180,3242,Drexel,Kansas,1619.9611285709493,1705.528887123695,16,8
2024_3180_3276,0.2584337940645231,3180,3276,Drexel,Michigan,1619.9611285709493,1680.1913479376847,16,9
2024_3180_3350,0.16319115814090937,3180,3350,Drexel,Richmond,1619.9611285709493,1778.4365011097805,16,10
2024_3112_3180,0.31431829029425196,3180,3112,Drexel,Arizona,1619.9611285709493,1663.5246475881788,16,11
2024_3120_3180,0.30392243413652287,3180,3120,Drexel,Auburn,1619.9611285709493,1670.9243359044353,16,11
2024_3162_3180,0.1860526005112028,3180,3162,Drexel,Columbia,1619.9611285709493,1784.2973369270142,16,12
2024_3180_3435,0.3564937199385458,3180,3435,Drexel,Vanderbilt,1619.9611285709493,1649.7364456557825,16,12
2024_3180_3267,0.2893558716211243,3180,3267,Drexel,Marshall,1619.9611285709493,1711.538083968918,16,13
2024_3180_3238,0.33435874837733215,3180,3238,Drexel,Jackson St,1619.9611285709493,1694.6207667651774,16,14
2024_3180_3263,0.4351960636431362,3180,3263,Drexel,Maine,1619.9611285709493,1644.585593286405,16,15
2024_3180_3394,0.5646444510402782,3180,3394,Drexel,TAM C. Christi,1619.9611285709493,1580.4352854776812,16,16
2024_3234_3417,0.6545084828930895,3234,3417,Iowa,UCLA,1913.1483914363243,1831.0311295413612,1,2
2024_3234_3261,0.5782074564020433,3234,3261,Iowa,LSU,1913.1483914363243,1895.2037149888847,1,3
2024_3234_3243,0.8141361700249471,3234,3243,Iowa,Kansas St,1913.1483914363243,1733.6226327573718,1,4
2024_3160_3234,0.8217541188562869,3234,3160,Iowa,Colorado,1913.1483914363243,1740.8455561689786,1,5
2024_3234_3257,0.79954467945775,3234,3257,Iowa,Louisville,1913.1483914363243,1777.859589035021,1,6
2024_3166_3234,0.7715366380539107,3234,3166,Iowa,Creighton,1913.1483914363243,1818.159394610845,1,7
2024_3234_3452,0.8829692591466953,3234,3452,Iowa,West Virginia,1913.1483914363243,1705.972421133595,1,8
2024_3234_3343,0.7430662423783232,3234,3343,Iowa,Princeton,1913.1483914363243,1851.7261643002205,1,9
2024_3234_3424,0.7638688373095407,3234,3424,Iowa,UNLV,1913.1483914363243,1834.6954708399526,1,10
2024_3234_3292,0.774067101744936,3234,3292,Iowa,MTSU,1913.1483914363243,1825.9686936108571,1,11
2024_3179_3234,0.8089637451881664,3234,3179,Iowa,Drake,1913.1483914363243,1793.7637493219408,1,12
2024_3234_3339,0.9106730491995181,3234,3339,Iowa,Portland,1913.1483914363243,1660.2154003231187,1,13
2024_3234_3349,0.9370109159233397,3234,3349,Iowa,Rice,1913.1483914363243,1602.7806164848662,1,14
2024_3234_3465,0.8510073527101163,3234,3465,Iowa,Cal Baptist,1913.1483914363243,1748.2794249498818,1,15
2024_3221_3234,0.9530184388816025,3234,3221,Iowa,Holy Cross,1913.1483914363243,1555.6375404933337,1,16
2024_3234_3404,0.9742921052223633,3234,3404,Iowa,TN Martin,1913.1483914363243,1460.6304570200384,1,16
2024_3234_3425,0.620939269426178,3234,3425,Iowa,USC,1913.1483914363243,1838.1292755662923,1,1
2024_3234_3326,0.6269965784775637,3234,3326,Iowa,Ohio St,1913.1483914363243,1849.2050670726867,1,2
2024_3163_3234,0.5358173882466729,3234,3163,Iowa,Connecticut,1913.1483914363243,1921.3336140603578,1,3
2024_3234_3439,0.6747430820859883,3234,3439,Iowa,Virginia Tech,1913.1483914363243,1847.229227065635,1,4
2024_3124_3234,0.8011551465964659,3234,3124,Iowa,Baylor,1913.1483914363243,1761.3275962097346,1,5
2024_3234_3393,0.84473964623395,3234,3393,Iowa,Syracuse,1913.1483914363243,1730.6665843168998,1,6
2024_3181_3234,0.8385842097145148,3234,3181,Iowa,Duke,1913.1483914363243,1752.688159118207,1,7
2024_3234_3242,0.8832704451312426,3234,3242,Iowa,Kansas,1913.1483914363243,1705.528887123695,1,8
2024_3234_3276,0.8993897777003146,3234,3276,Iowa,Michigan,1913.1483914363243,1680.1913479376847,1,9
2024_3234_3350,0.8240637238394563,3234,3350,Iowa,Richmond,1913.1483914363243,1778.4365011097805,1,10
2024_3112_3234,0.9088861299747393,3234,3112,Iowa,Arizona,1913.1483914363243,1663.5246475881788,1,11
2024_3120_3234,0.9047736916721673,3234,3120,Iowa,Auburn,1913.1483914363243,1670.9243359044353,1,11
2024_3162_3234,0.8184035518829351,3234,3162,Iowa,Columbia,1913.1483914363243,1784.2973369270142,1,12
2024_3234_3435,0.9161245830732677,3234,3435,Iowa,Vanderbilt,1913.1483914363243,1649.7364456557825,1,12
2024_3234_3267,0.8791322405269182,3234,3267,Iowa,Marshall,1913.1483914363243,1711.538083968918,1,13
2024_3234_3238,0.8904683656575542,3234,3238,Iowa,Jackson St,1913.1483914363243,1694.6207667651774,1,14
2024_3234_3263,0.918691984537102,3234,3263,Iowa,Maine,1913.1483914363243,1644.585593286405,1,15
2024_3234_3394,0.9451498869715902,3234,3394,Iowa,TAM C. Christi,1913.1483914363243,1580.4352854776812,1,16
2024_3261_3417,0.41982366125964166,3417,3261,UCLA,LSU,1831.0311295413612,1895.2037149888847,2,3
2024_3243_3417,0.698085320689178,3417,3243,UCLA,Kansas St,1831.0311295413612,1733.6226327573718,2,4
2024_3160_3417,0.7087582500734337,3417,3160,UCLA,Colorado,1831.0311295413612,1740.8455561689786,2,5
2024_3257_3417,0.6779866465767377,3417,3257,UCLA,Louisville,1831.0311295413612,1777.859589035021,2,6
2024_3166_3417,0.6406282225956638,3417,3166,UCLA,Creighton,1831.0311295413612,1818.159394610845,2,7
2024_3417_3452,0.804526857781123,3417,3452,UCLA,West Virginia,1831.0311295413612,1705.972421133595,2,8
2024_3343_3417,0.6275528306751439,3417,3343,UCLA,Princeton,1831.0311295413612,1851.7261643002205,2,9
2024_3417_3424,0.6533448101599025,3417,3424,UCLA,UNLV,1831.0311295413612,1834.6954708399526,2,10
2024_3292_3417,0.6662307691804366,3417,3292,UCLA,MTSU,1831.0311295413612,1825.9686936108571,2,11
2024_3179_3417,0.7115772375101789,3417,3179,UCLA,Drake,1831.0311295413612,1793.7637493219408,2,12
2024_3339_3417,0.8559000513382676,3417,3339,UCLA,Portland,1831.0311295413612,1660.2154003231187,2,13
2024_3349_3417,0.8965531155579272,3417,3349,UCLA,Rice,1831.0311295413612,1602.7806164848662,2,14
2024_3417_3465,0.7689318354530067,3417,3465,UCLA,Cal Baptist,1831.0311295413612,1748.2794249498818,2,15
2024_3221_3417,0.9219862204469206,3417,3221,UCLA,Holy Cross,1831.0311295413612,1555.6375404933337,2,16
2024_3404_3417,0.9566727159174746,3417,3404,UCLA,TN Martin,1831.0311295413612,1460.6304570200384,2,16
2024_3417_3425,0.4637189769905399,3417,3425,UCLA,USC,1831.0311295413612,1838.1292755662923,2,1
2024_3326_3417,0.4701448160977688,3417,3326,UCLA,Ohio St,1831.0311295413612,1849.2050670726867,2,2
2024_3163_3417,0.3786220389568986,3417,3163,UCLA,Connecticut,1831.0311295413612,1921.3336140603578,2,3
2024_3417_3439,0.5226844558674545,3417,3439,UCLA,Virginia Tech,1831.0311295413612,1847.229227065635,2,4
2024_3124_3417,0.6801830765240858,3417,3124,UCLA,Baylor,1831.0311295413612,1761.3275962097346,2,5
2024_3393_3417,0.7417355280845137,3417,3393,UCLA,Syracuse,1831.0311295413612,1730.6665843168998,2,6
2024_3181_3417,0.7327881719855851,3417,3181,UCLA,Duke,1831.0311295413612,1752.688159118207,2,7
2024_3242_3417,0.8049853333174509,3417,3242,UCLA,Kansas,1831.0311295413612,1705.528887123695,2,8
2024_3276_3417,0.8389219176608901,3417,3276,UCLA,Michigan,1831.0311295413612,1680.1913479376847,2,9
2024_3350_3417,0.7318230570761358,3417,3350,UCLA,Richmond,1831.0311295413612,1778.4365011097805,2,10
2024_3112_3417,0.8531940712853718,3417,3112,UCLA,Arizona,1831.0311295413612,1663.5246475881788,2,11
2024_3120_3417,0.8469911339041967,3417,3120,UCLA,Auburn,1831.0311295413612,1670.9243359044353,2,11
2024_3162_3417,0.7241885706663563,3417,3162,UCLA,Columbia,1831.0311295413612,1784.2973369270142,2,12
2024_3417_3435,0.8641958397341873,3417,3435,UCLA,Vanderbilt,1831.0311295413612,1649.7364456557825,2,12
2024_3267_3417,0.809073934617338,3417,3267,UCLA,Marshall,1831.0311295413612,1711.538083968918,2,13
2024_3238_3417,0.8256778893797598,3417,3238,UCLA,Jackson St,1831.0311295413612,1694.6207667651774,2,14
2024_3263_3417,0.8681239527911726,3417,3263,UCLA,Maine,1831.0311295413612,1644.585593286405,2,15
2024_3394_3417,0.9094143526091684,3417,3394,UCLA,TAM C. Christi,1831.0311295413612,1580.4352854776812,2,16
2024_3243_3261,0.7616404222833625,3261,3243,LSU,Kansas St,1895.2037149888847,1733.6226327573718,3,4
2024_3160_3261,0.7708042728869811,3261,3160,LSU,Colorado,1895.2037149888847,1740.8455561689786,3,5
2024_3257_3261,0.7442224571378159,3261,3257,LSU,Louisville,1895.2037149888847,1777.859589035021,3,6
2024_3166_3261,0.7112759678506064,3261,3166,LSU,Creighton,1895.2037149888847,1818.159394610845,3,7
2024_3261_3452,0.8504746524456633,3261,3452,LSU,West Virginia,1895.2037149888847,1705.972421133595,3,8
2024_3261_3343,0.7064333279633495,3261,3343,LSU,Princeton,1895.2037149888847,1851.7261643002205,3,9
2024_3261_3424,0.7419165852179991,3261,3424,LSU,UNLV,1895.2037149888847,1834.6954708399526,3,10
2024_3261_3292,0.7527560719180203,3261,3292,LSU,MTSU,1895.2037149888847,1825.9686936108571,3,11
2024_3179_3261,0.7900515508727399,3261,3179,LSU,Drake,1895.2037149888847,1793.7637493219408,3,12
2024_3261_3339,0.9005925611063481,3261,3339,LSU,Portland,1895.2037149888847,1660.2154003231187,3,13
2024_3261_3349,0.929673109362554,3261,3349,LSU,Rice,1895.2037149888847,1602.7806164848662,3,14
2024_3261_3465,0.8354105531838006,3261,3465,LSU,Cal Baptist,1895.2037149888847,1748.2794249498818,3,15
2024_3221_3261,0.9474408021734521,3261,3221,LSU,Holy Cross,1895.2037149888847,1555.6375404933337,3,16
2024_3261_3404,0.9711636522604029,3261,3404,LSU,TN Martin,1895.2037149888847,1460.6304570200384,3,16
2024_3261_3425,0.5444120732244226,3261,3425,LSU,USC,1895.2037149888847,1838.1292755662923,3,1
2024_3261_3326,0.550807623472139,3261,3326,LSU,Ohio St,1895.2037149888847,1849.2050670726867,3,2
2024_3163_3261,0.4571295796167785,3261,3163,LSU,Connecticut,1895.2037149888847,1921.3336140603578,3,3
2024_3261_3439,0.6021178842963861,3261,3439,LSU,Virginia Tech,1895.2037149888847,1847.229227065635,3,4
2024_3124_3261,0.7461362644615935,3261,3124,LSU,Baylor,1895.2037149888847,1761.3275962097346,3,5
2024_3261_3393,0.7987509379546966,3261,3393,LSU,Syracuse,1895.2037149888847,1730.6665843168998,3,6
2024_3181_3261,0.7912228567611771,3261,3181,LSU,Duke,1895.2037149888847,1752.688159118207,3,7
2024_3242_3261,0.8508453387578975,3261,3242,LSU,Kansas,1895.2037149888847,1705.528887123695,3,8
2024_3261_3276,0.8814903642121278,3261,3276,LSU,Michigan,1895.2037149888847,1680.1913479376847,3,9
2024_3261_3350,0.806288440779928,3261,3350,LSU,Richmond,1895.2037149888847,1778.4365011097805,3,10
2024_3112_3261,0.8986264366214467,3261,3112,LSU,Arizona,1895.2037149888847,1663.5246475881788,3,11
2024_3120_3261,0.8941048785278513,3261,3120,LSU,Auburn,1895.2037149888847,1670.9243359044353,3,11
2024_3162_3261,0.800195062664453,3261,3162,LSU,Columbia,1895.2037149888847,1784.2973369270142,3,12
2024_3261_3435,0.9065961984032613,3261,3435,LSU,Vanderbilt,1895.2037149888847,1649.7364456557825,3,12
2024_3261_3267,0.866016068085863,3261,3267,LSU,Marshall,1895.2037149888847,1711.538083968918,3,13
2024_3238_3261,0.8784122159868821,3261,3238,LSU,Jackson St,1895.2037149888847,1694.6207667651774,3,14
2024_3261_3263,0.9094264255185175,3261,3263,LSU,Maine,1895.2037149888847,1644.585593286405,3,15
2024_3261_3394,0.9386981864216307,3261,3394,LSU,TAM C. Christi,1895.2037149888847,1580.4352854776812,3,16
2024_3160_3243,0.5127881965875143,3243,3160,Kansas St,Colorado,1733.6226327573718,1740.8455561689786,4,5
2024_3243_3257,0.4766015292195589,3243,3257,Kansas St,Louisville,1733.6226327573718,1777.859589035021,4,6
2024_3166_3243,0.4353378910982855,3243,3166,Kansas St,Creighton,1733.6226327573718,1818.159394610845,4,7
2024_3243_3452,0.6402926348883111,3243,3452,Kansas St,West Virginia,1733.6226327573718,1705.972421133595,4,8
2024_3243_3343,0.4295787267407342,3243,3343,Kansas St,Princeton,1733.6226327573718,1851.7261643002205,4,9
2024_3243_3424,0.4817965120394605,3243,3424,Kansas St,UNLV,1733.6226327573718,1834.6954708399526,4,10
2024_3243_3292,0.5125858023850752,3243,3292,Kansas St,MTSU,1733.6226327573718,1825.9686936108571,4,11
2024_3179_3243,0.5651829711874801,3243,3179,Kansas St,Drake,1733.6226327573718,1793.7637493219408,4,12
2024_3243_3339,0.7578290634494962,3243,3339,Kansas St,Portland,1733.6226327573718,1660.2154003231187,4,13
2024_3243_3349,0.8203420785324207,3243,3349,Kansas St,Rice,1733.6226327573718,1602.7806164848662,4,14
2024_3243_3465,0.636789626674041,3243,3465,Kansas St,Cal Baptist,1733.6226327573718,1748.2794249498818,4,15
2024_3221_3243,0.8616201855152293,3243,3221,Kansas St,Holy Cross,1733.6226327573718,1555.6375404933337,4,16
2024_3243_3404,0.9208422725832413,3243,3404,Kansas St,TN Martin,1733.6226327573718,1460.6304570200384,4,16
2024_3243_3425,0.27218270909853687,3243,3425,Kansas St,USC,1733.6226327573718,1838.1292755662923,4,1
2024_3243_3326,0.2773269368754012,3243,3326,Kansas St,Ohio St,1733.6226327573718,1849.2050670726867,4,2
2024_3163_3243,0.20856484427966798,3243,3163,Kansas St,Connecticut,1733.6226327573718,1921.3336140603578,4,3
2024_3243_3439,0.32138880782021684,3243,3439,Kansas St,Virginia Tech,1733.6226327573718,1847.229227065635,4,4
2024_3124_3243,0.4791162571738929,3243,3124,Kansas St,Baylor,1733.6226327573718,1761.3275962097346,4,5
2024_3243_3393,0.5539915982168289,3243,3393,Kansas St,Syracuse,1733.6226327573718,1730.6665843168998,4,6
2024_3181_3243,0.5425513488152611,3243,3181,Kansas St,Duke,1733.6226327573718,1752.688159118207,4,7
2024_3242_3243,0.640964410683411,3243,3242,Kansas St,Kansas,1733.6226327573718,1705.528887123695,4,8
2024_3243_3276,0.6995015902213411,3243,3276,Kansas St,Michigan,1733.6226327573718,1680.1913479376847,4,9
2024_3243_3350,0.5737752990558853,3243,3350,Kansas St,Richmond,1733.6226327573718,1778.4365011097805,4,10
2024_3112_3243,0.7538111781882253,3243,3112,Kansas St,Arizona,1733.6226327573718,1663.5246475881788,4,11
2024_3120_3243,0.7446657374481649,3243,3120,Kansas St,Auburn,1733.6226327573718,1670.9243359044353,4,11
2024_3162_3243,0.5804210241749171,3243,3162,Kansas St,Columbia,1733.6226327573718,1784.2973369270142,4,12
2024_3243_3435,0.7702552641808443,3243,3435,Kansas St,Vanderbilt,1733.6226327573718,1649.7364456557825,4,12
2024_3243_3267,0.6906525093231844,3243,3267,Kansas St,Marshall,1733.6226327573718,1711.538083968918,4,13
2024_3238_3243,0.7139134805492973,3243,3238,Kansas St,Jackson St,1733.6226327573718,1694.6207667651774,4,14
2024_3243_3263,0.7761969083994299,3243,3263,Kansas St,Maine,1733.6226327573718,1644.585593286405,4,15
2024_3243_3394,0.8409980138301028,3243,3394,Kansas St,TAM C. Christi,1733.6226327573718,1580.4352854776812,4,16
2024_3160_3257,0.4638565925671303,3160,3257,Colorado,Louisville,1740.8455561689786,1777.859589035021,5,6
2024_3160_3166,0.4228050282307696,3160,3166,Colorado,Creighton,1740.8455561689786,1818.159394610845,5,7
2024_3160_3452,0.6284260699063831,3160,3452,Colorado,West Virginia,1740.8455561689786,1705.972421133595,5,8
2024_3160_3343,0.41708919513124176,3160,3343,Colorado,Princeton,1740.8455561689786,1851.7261643002205,5,9
2024_3160_3424,0.46903714679541314,3160,3424,Colorado,UNLV,1740.8455561689786,1834.6954708399526,5,10
2024_3160_3292,0.5080203056063292,3160,3292,Colorado,MTSU,1740.8455561689786,1825.9686936108571,5,11
2024_3160_3179,0.5768224011986292,3160,3179,Colorado,Drake,1740.8455561689786,1793.7637493219408,5,12
2024_3160_3339,0.7664426643265808,3160,3339,Colorado,Portland,1740.8455561689786,1660.2154003231187,5,13
2024_3160_3349,0.8272390823449297,3160,3349,Colorado,Rice,1740.8455561689786,1602.7806164848662,5,14
2024_3160_3465,0.6477070440733229,3160,3465,Colorado,Cal Baptist,1740.8455561689786,1748.2794249498818,5,15
2024_3160_3221,0.8671890878234566,3160,3221,Colorado,Holy Cross,1740.8455561689786,1555.6375404933337,5,16
2024_3160_3404,0.9242374300459691,3160,3404,Colorado,TN Martin,1740.8455561689786,1460.6304570200384,5,16
2024_3160_3425,0.2621661072139798,3160,3425,Colorado,USC,1740.8455561689786,1838.1292755662923,5,1
2024_3160_3326,0.2671905211817714,3160,3326,Colorado,Ohio St,1740.8455561689786,1849.2050670726867,5,2
2024_3160_3163,0.20024530680358638,3160,3163,Colorado,Connecticut,1740.8455561689786,1921.3336140603578,5,3
2024_3160_3439,0.3103334917279459,3160,3439,Colorado,Virginia Tech,1740.8455561689786,1847.229227065635,5,4
2024_3124_3160,0.46636399264259215,3160,3124,Colorado,Baylor,1740.8455561689786,1761.3275962097346,5,5
2024_3160_3393,0.5413175131920368,3160,3393,Colorado,Syracuse,1740.8455561689786,1730.6665843168998,5,6
2024_3160_3181,0.5298280766175103,3160,3181,Colorado,Duke,1740.8455561689786,1752.688159118207,5,7
2024_3160_3242,0.6291071700567857,3160,3242,Colorado,Kansas,1740.8455561689786,1705.528887123695,5,8
2024_3160_3276,0.6886384608642367,3160,3276,Colorado,Michigan,1740.8455561689786,1680.1913479376847,5,9
2024_3160_3350,0.561218128181887,3160,3350,Colorado,Richmond,1740.8455561689786,1778.4365011097805,5,10
2024_3112_3160,0.750404957218906,3160,3112,Colorado,Arizona,1740.8455561689786,1663.5246475881788,5,11
2024_3120_3160,0.7411764279862673,3160,3120,Colorado,Auburn,1740.8455561689786,1670.9243359044353,5,11
2024_3160_3162,0.591947051131531,3160,3162,Colorado,Columbia,1740.8455561689786,1784.2973369270142,5,12
2024_3160_3435,0.7785560363966844,3160,3435,Colorado,Vanderbilt,1740.8455561689786,1649.7364456557825,5,12
2024_3160_3267,0.7007118404612033,3160,3267,Colorado,Marshall,1740.8455561689786,1711.538083968918,5,13
2024_3160_3238,0.7235192136133227,3160,3238,Colorado,Jackson St,1740.8455561689786,1694.6207667651774,5,14
2024_3160_3263,0.7843431112269629,3160,3263,Colorado,Maine,1740.8455561689786,1644.585593286405,5,15
2024_3160_3394,0.8472496979039277,3160,3394,Colorado,TAM C. Christi,1740.8455561689786,1580.4352854776812,5,16
2024_3166_3257,0.45848511471198045,3257,3166,Louisville,Creighton,1777.859589035021,1818.159394610845,6,7
2024_3257_3452,0.6615696106495362,3257,3452,Louisville,West Virginia,1777.859589035021,1705.972421133595,6,8
2024_3257_3343,0.4526652139263441,3257,3343,Louisville,Princeton,1777.859589035021,1851.7261643002205,6,9
2024_3257_3424,0.5052038487998851,3257,3424,Louisville,UNLV,1777.859589035021,1834.6954708399526,6,10
2024_3257_3292,0.5441125634326244,3257,3292,Louisville,MTSU,1777.859589035021,1825.9686936108571,6,11
2024_3179_3257,0.6195085482774607,3257,3179,Louisville,Drake,1777.859589035021,1793.7637493219408,6,12
2024_3257_3339,0.807187964811857,3257,3339,Louisville,Portland,1777.859589035021,1660.2154003231187,6,13
2024_3257_3349,0.8593248326188321,3257,3349,Louisville,Rice,1777.859589035021,1602.7806164848662,6,14
2024_3257_3465,0.7010879309785922,3257,3465,Louisville,Cal Baptist,1777.859589035021,1748.2794249498818,6,15
2024_3221_3257,0.8928165332992736,3257,3221,Louisville,Holy Cross,1777.859589035021,1555.6375404933337,6,16
2024_3257_3404,0.9396231470314159,3257,3404,Louisville,TN Martin,1777.859589035021,1460.6304570200384,6,16
2024_3257_3425,0.2911275375498728,3257,3425,Louisville,USC,1777.859589035021,1838.1292755662923,6,1
2024_3257_3326,0.2964839631779075,3257,3326,Louisville,Ohio St,1777.859589035021,1849.2050670726867,6,2
2024_3163_3257,0.22444718551629636,3257,3163,Louisville,Connecticut,1777.859589035021,1921.3336140603578,6,3
2024_3257_3439,0.34214848828965333,3257,3439,Louisville,Virginia Tech,1777.859589035021,1847.229227065635,6,4
2024_3124_3257,0.5025196528440611,3257,3124,Louisville,Baylor,1777.859589035021,1761.3275962097346,6,5
2024_3257_3393,0.5770009613227878,3257,3393,Louisville,Syracuse,1777.859589035021,1730.6665843168998,6,6
2024_3181_3257,0.5656882132668318,3257,3181,Louisville,Duke,1777.859589035021,1752.688159118207,6,7
2024_3242_3257,0.6622226125799665,3257,3242,Louisville,Kansas,1777.859589035021,1705.528887123695,6,8
2024_3257_3276,0.7188143316791368,3257,3276,Louisville,Michigan,1777.859589035021,1680.1913479376847,6,9
2024_3257_3350,0.5965073943159893,3257,3350,Louisville,Richmond,1777.859589035021,1778.4365011097805,6,10
2024_3112_3257,0.7765371785539688,3257,3112,Louisville,Arizona,1777.859589035021,1663.5246475881788,6,11
2024_3120_3257,0.7679761109479639,3257,3120,Louisville,Auburn,1777.859589035021,1670.9243359044353,6,11
2024_3162_3257,0.6340753968805333,3257,3162,Louisville,Columbia,1777.859589035021,1784.2973369270142,6,12
2024_3257_3435,0.8076778906522322,3257,3435,Louisville,Vanderbilt,1777.859589035021,1649.7364456557825,6,12
2024_3257_3267,0.7491714712751691,3257,3267,Louisville,Marshall,1777.859589035021,1711.538083968918,6,13
2024_3238_3257,0.7695007342195107,3257,3238,Louisville,Jackson St,1777.859589035021,1694.6207667651774,6,14
2024_3257_3263,0.822688032446732,3257,3263,Louisville,Maine,1777.859589035021,1644.585593286405,6,15
2024_3257_3394,0.87617530073908,3257,3394,Louisville,TAM C. Christi,1777.859589035021,1580.4352854776812,6,16
2024_3166_3452,0.6977780754804437,3166,3452,Creighton,West Virginia,1818.159394610845,1705.972421133595,7,8
2024_3166_3343,0.4941339900718315,3166,3343,Creighton,Princeton,1818.159394610845,1851.7261643002205,7,9
2024_3166_3424,0.5466783970097598,3166,3424,Creighton,UNLV,1818.159394610845,1834.6954708399526,7,10
2024_3166_3292,0.5850047623115989,3166,3292,Creighton,MTSU,1818.159394610845,1825.9686936108571,7,11
2024_3166_3179,0.657890021663246,3166,3179,Creighton,Drake,1818.159394610845,1793.7637493219408,7,12
2024_3166_3339,0.836330888504665,3166,3339,Creighton,Portland,1818.159394610845,1660.2154003231187,7,13
2024_3166_3349,0.8884314701040156,3166,3349,Creighton,Rice,1818.159394610845,1602.7806164848662,7,14
2024_3166_3465,0.7535449071149385,3166,3465,Creighton,Cal Baptist,1818.159394610845,1748.2794249498818,7,15
2024_3166_3221,0.9156735276505418,3166,3221,Creighton,Holy Cross,1818.159394610845,1555.6375404933337,7,16
2024_3166_3404,0.9530237662295532,3166,3404,Creighton,TN Martin,1818.159394610845,1460.6304570200384,7,16
2024_3166_3425,0.32662900384549515,3166,3425,Creighton,USC,1818.159394610845,1838.1292755662923,7,1
2024_3166_3326,0.33233239088689537,3166,3326,Creighton,Ohio St,1818.159394610845,1849.2050670726867,7,2
2024_3163_3166,0.2547393933033619,3166,3163,Creighton,Connecticut,1818.159394610845,1921.3336140603578,7,3
2024_3166_3439,0.38053178312294483,3166,3439,Creighton,Virginia Tech,1818.159394610845,1847.229227065635,7,4
2024_3124_3166,0.5440161212413669,3166,3124,Creighton,Baylor,1818.159394610845,1761.3275962097346,7,5
2024_3166_3393,0.6170195475771888,3166,3393,Creighton,Syracuse,1818.159394610845,1730.6665843168998,7,6
2024_3166_3181,0.6060463288102843,3166,3181,Creighton,Duke,1818.159394610845,1752.688159118207,7,7
2024_3166_3242,0.6983930639731962,3166,3242,Creighton,Kansas,1818.159394610845,1705.528887123695,7,8
2024_3166_3276,0.7512015068846303,3166,3276,Creighton,Michigan,1818.159394610845,1680.1913479376847,7,9
2024_3166_3350,0.6358452275708414,3166,3350,Creighton,Richmond,1818.159394610845,1778.4365011097805,7,10
2024_3112_3166,0.8040878518965112,3166,3112,Creighton,Arizona,1818.159394610845,1663.5246475881788,7,11
2024_3120_3166,0.7963054085131681,3166,3120,Creighton,Auburn,1818.159394610845,1670.9243359044353,7,11
2024_3162_3166,0.6717659982909909,3166,3162,Creighton,Columbia,1818.159394610845,1784.2973369270142,7,12
2024_3166_3435,0.8322187722598163,3166,3435,Creighton,Vanderbilt,1818.159394610845,1649.7364456557825,7,12
2024_3166_3267,0.7847449471557515,3166,3267,Creighton,Marshall,1818.159394610845,1711.538083968918,7,13
2024_3166_3238,0.8131514797457347,3166,3238,Creighton,Jackson St,1818.159394610845,1694.6207667651774,7,14
2024_3166_3263,0.8581235289006256,3166,3263,Creighton,Maine,1818.159394610845,1644.585593286405,7,15
2024_3166_3394,0.90219229111681,3166,3394,Creighton,TAM C. Christi,1818.159394610845,1580.4352854776812,7,16
2024_3343_3452,0.2972965947336549,3452,3343,West Virginia,Princeton,1705.972421133595,1851.7261643002205,8,9
2024_3424_3452,0.3431065843662219,3452,3424,West Virginia,UNLV,1705.972421133595,1834.6954708399526,8,10
2024_3292_3452,0.37909610375069686,3452,3292,West Virginia,MTSU,1705.972421133595,1825.9686936108571,8,11
2024_3179_3452,0.4544184068890133,3452,3179,West Virginia,Drake,1705.972421133595,1793.7637493219408,8,12
2024_3339_3452,0.6887834697825336,3452,3339,West Virginia,Portland,1705.972421133595,1660.2154003231187,8,13
2024_3349_3452,0.7809092734866059,3452,3349,West Virginia,Rice,1705.972421133595,1602.7806164848662,8,14
2024_3452_3465,0.593764931136443,3452,3465,West Virginia,Cal Baptist,1705.972421133595,1748.2794249498818,8,15
2024_3221_3452,0.8384725512250082,3452,3221,West Virginia,Holy Cross,1705.972421133595,1555.6375404933337,8,16
2024_3404_3452,0.9065263685998028,3452,3404,West Virginia,TN Martin,1705.972421133595,1460.6304570200384,8,16
2024_3425_3452,0.1783865957132839,3452,3425,West Virginia,USC,1705.972421133595,1838.1292755662923,8,1
2024_3326_3452,0.17735165311285997,3452,3326,West Virginia,Ohio St,1705.972421133595,1849.2050670726867,8,2
2024_3163_3452,0.12895474084086717,3452,3163,West Virginia,Connecticut,1705.972421133595,1921.3336140603578,8,3
2024_3439_3452,0.21014838812618877,3452,3439,West Virginia,Virginia Tech,1705.972421133595,1847.229227065635,8,4
2024_3124_3452,0.34069062323299215,3452,3124,West Virginia,Baylor,1705.972421133595,1761.3275962097346,8,5
2024_3393_3452,0.41100247224075154,3452,3393,West Virginia,Syracuse,1705.972421133595,1730.6665843168998,8,6
2024_3181_3452,0.3998676984178997,3452,3181,West Virginia,Duke,1705.972421133595,1752.688159118207,8,7
2024_3242_3452,0.5007294814820082,3452,3242,West Virginia,Kansas,1705.972421133595,1705.528887123695,8,8
2024_3276_3452,0.5666733288638325,3452,3276,West Virginia,Michigan,1705.972421133595,1680.1913479376847,8,9
2024_3350_3452,0.4306098766753567,3452,3350,West Virginia,Richmond,1705.972421133595,1778.4365011097805,8,10
2024_3112_3452,0.6399858395369167,3452,3112,West Virginia,Arizona,1705.972421133595,1663.5246475881788,8,11
2024_3120_3452,0.6286947882187957,3452,3120,West Virginia,Auburn,1705.972421133595,1670.9243359044353,8,11
2024_3162_3452,0.46989739428086413,3452,3162,West Virginia,Columbia,1705.972421133595,1784.2973369270142,8,12
2024_3435_3452,0.682372184204295,3452,3435,West Virginia,Vanderbilt,1705.972421133595,1649.7364456557825,8,12
2024_3267_3452,0.6122537352276304,3452,3267,West Virginia,Marshall,1705.972421133595,1711.538083968918,8,13
2024_3238_3452,0.6607803693107498,3452,3238,West Virginia,Jackson St,1705.972421133595,1694.6207667651774,8,14
2024_3263_3452,0.7430217776682075,3452,3263,West Virginia,Maine,1705.972421133595,1644.585593286405,8,15
2024_3394_3452,0.8151408881679058,3452,3394,West Virginia,TAM C. Christi,1705.972421133595,1580.4352854776812,8,16
2024_3343_3424,0.5524869199166087,3343,3424,Princeton,UNLV,1851.7261643002205,1834.6954708399526,9,10
2024_3292_3343,0.5906898862629123,3343,3292,Princeton,MTSU,1851.7261643002205,1825.9686936108571,9,11
2024_3179_3343,0.6631515977102739,3343,3179,Princeton,Drake,1851.7261643002205,1793.7637493219408,9,12
2024_3339_3343,0.8395175342484738,3343,3339,Princeton,Portland,1851.7261643002205,1660.2154003231187,9,13
2024_3343_3349,0.8938967579792844,3343,3349,Princeton,Rice,1851.7261643002205,1602.7806164848662,9,14
2024_3343_3465,0.7811960849543044,3343,3465,Princeton,Cal Baptist,1851.7261643002205,1748.2794249498818,9,15
2024_3221_3343,0.9312335165399429,3343,3221,Princeton,Holy Cross,1851.7261643002205,1555.6375404933337,9,16
2024_3343_3404,0.9619780345053136,3343,3404,Princeton,TN Martin,1851.7261643002205,1460.6304570200384,9,16
2024_3343_3425,0.36159916247772345,3343,3425,Princeton,USC,1851.7261643002205,1838.1292755662923,9,1
2024_3326_3343,0.3449537205664897,3343,3326,Princeton,Ohio St,1851.7261643002205,1849.2050670726867,9,2
2024_3163_3343,0.2592197599950324,3343,3163,Princeton,Connecticut,1851.7261643002205,1921.3336140603578,9,3
2024_3343_3439,0.3860784473589845,3343,3439,Princeton,Virginia Tech,1851.7261643002205,1847.229227065635,9,4
2024_3124_3343,0.5498306662559116,3343,3124,Princeton,Baylor,1851.7261643002205,1761.3275962097346,9,5
2024_3343_3393,0.6225490682405115,3343,3393,Princeton,Syracuse,1851.7261643002205,1730.6665843168998,9,6
2024_3181_3343,0.6116345612204251,3343,3181,Princeton,Duke,1851.7261643002205,1752.688159118207,9,7
2024_3242_3343,0.7033126327094325,3343,3242,Princeton,Kansas,1851.7261643002205,1705.528887123695,9,8
2024_3276_3343,0.7555611875161207,3343,3276,Princeton,Michigan,1851.7261643002205,1680.1913479376847,9,9
2024_3343_3350,0.641260971286978,3343,3350,Princeton,Richmond,1851.7261643002205,1778.4365011097805,9,10
2024_3112_3343,0.8077579688826519,3343,3112,Princeton,Arizona,1851.7261643002205,1663.5246475881788,9,11
2024_3120_3343,0.8000850704256118,3343,3120,Princeton,Auburn,1851.7261643002205,1670.9243359044353,9,11
2024_3162_3343,0.6769189674224002,3343,3162,Princeton,Columbia,1851.7261643002205,1784.2973369270142,9,12
2024_3343_3435,0.8354697304021773,3343,3435,Princeton,Vanderbilt,1851.7261643002205,1649.7364456557825,9,12
2024_3267_3343,0.7886821943381357,3343,3267,Princeton,Marshall,1851.7261643002205,1711.538083968918,9,13
2024_3238_3343,0.8215637829728994,3343,3238,Princeton,Jackson St,1851.7261643002205,1694.6207667651774,9,14
2024_3263_3343,0.87597264448227,3343,3263,Princeton,Maine,1851.7261643002205,1644.585593286405,9,15
2024_3343_3394,0.9200225776467166,3343,3394,Princeton,TAM C. Christi,1851.7261643002205,1580.4352854776812,9,16
2024_3292_3424,0.5389444742450594,3424,3292,UNLV,MTSU,1834.6954708399526,1825.9686936108571,10,11
2024_3179_3424,0.6145897549759516,3424,3179,UNLV,Drake,1834.6954708399526,1793.7637493219408,10,12
2024_3339_3424,0.8090607483534527,3424,3339,UNLV,Portland,1834.6954708399526,1660.2154003231187,10,13
2024_3349_3424,0.872189017645266,3424,3349,UNLV,Rice,1834.6954708399526,1602.7806164848662,10,14
2024_3424_3465,0.7430584785367024,3424,3465,UNLV,Cal Baptist,1834.6954708399526,1748.2794249498818,10,15
2024_3221_3424,0.9189349697317541,3424,3221,UNLV,Holy Cross,1834.6954708399526,1555.6375404933337,10,16
2024_3404_3424,0.9549117680099883,3424,3404,UNLV,TN Martin,1834.6954708399526,1460.6304570200384,10,16
2024_3424_3425,0.33615600547689595,3424,3425,UNLV,USC,1834.6954708399526,1838.1292755662923,10,1
2024_3326_3424,0.3200945337887297,3424,3326,UNLV,Ohio St,1834.6954708399526,1849.2050670726867,10,2
2024_3163_3424,0.22655659257966101,3424,3163,UNLV,Connecticut,1834.6954708399526,1921.3336140603578,10,3
2024_3424_3439,0.33747864267427485,3424,3439,UNLV,Virginia Tech,1834.6954708399526,1847.229227065635,10,4
2024_3124_3424,0.4973156632572375,3424,3124,UNLV,Baylor,1834.6954708399526,1761.3275962097346,10,5
2024_3393_3424,0.5719123740673098,3424,3393,UNLV,Syracuse,1834.6954708399526,1730.6665843168998,10,6
2024_3181_3424,0.5605671795535105,3424,3181,UNLV,Duke,1834.6954708399526,1752.688159118207,10,7
2024_3242_3424,0.6575507698431283,3424,3242,UNLV,Kansas,1834.6954708399526,1705.528887123695,10,8
2024_3276_3424,0.7145878676971371,3424,3276,UNLV,Michigan,1834.6954708399526,1680.1913479376847,10,9
2024_3350_3424,0.5914873288809003,3424,3350,UNLV,Richmond,1834.6954708399526,1778.4365011097805,10,10
2024_3112_3424,0.7729042294465858,3424,3112,UNLV,Arizona,1834.6954708399526,1663.5246475881788,10,11
2024_3120_3424,0.7642462352196919,3424,3120,UNLV,Auburn,1834.6954708399526,1670.9243359044353,10,11
2024_3162_3424,0.629232213525739,3424,3162,UNLV,Columbia,1834.6954708399526,1784.2973369270142,10,12
2024_3424_3435,0.8044237042534761,3424,3435,UNLV,Vanderbilt,1834.6954708399526,1649.7364456557825,10,12
2024_3267_3424,0.7514342402980672,3424,3267,UNLV,Marshall,1834.6954708399526,1711.538083968918,10,13
2024_3238_3424,0.7885578570504341,3424,3238,UNLV,Jackson St,1834.6954708399526,1694.6207667651774,10,14
2024_3263_3424,0.8512081976602447,3424,3263,UNLV,Maine,1834.6954708399526,1644.585593286405,10,15
2024_3394_3424,0.9059215681294195,3424,3394,UNLV,TAM C. Christi,1834.6954708399526,1580.4352854776812,10,16
2024_3179_3292,0.5770201325383087,3292,3179,MTSU,Drake,1825.9686936108571,1793.7637493219408,11,12
2024_3292_3339,0.7837787549950972,3292,3339,MTSU,Portland,1825.9686936108571,1660.2154003231187,11,13
2024_3292_3349,0.8537548319945101,3292,3349,MTSU,Rice,1825.9686936108571,1602.7806164848662,11,14
2024_3292_3465,0.7121465380724846,3292,3465,MTSU,Cal Baptist,1825.9686936108571,1748.2794249498818,11,15
2024_3221_3292,0.9065203416792635,3292,3221,MTSU,Holy Cross,1825.9686936108571,1555.6375404933337,11,16
2024_3292_3404,0.94769315831006,3292,3404,MTSU,TN Martin,1825.9686936108571,1460.6304570200384,11,16
2024_3292_3425,0.3234671003979902,3292,3425,MTSU,USC,1825.9686936108571,1838.1292755662923,11,1
2024_3292_3326,0.3077308586907,3292,3326,MTSU,Ohio St,1825.9686936108571,1849.2050670726867,11,2
2024_3163_3292,0.21665455939648404,3292,3163,MTSU,Connecticut,1825.9686936108571,1921.3336140603578,11,3
2024_3292_3439,0.3105069009802401,3292,3439,MTSU,Virginia Tech,1825.9686936108571,1847.229227065635,11,4
2024_3124_3292,0.4583885892535347,3292,3124,MTSU,Baylor,1825.9686936108571,1761.3275962097346,11,5
2024_3292_3393,0.53334140215876,3292,3393,MTSU,Syracuse,1825.9686936108571,1730.6665843168998,11,6
2024_3181_3292,0.5218286593171868,3292,3181,MTSU,Duke,1825.9686936108571,1752.688159118207,11,7
2024_3242_3292,0.6215904819937339,3292,3242,MTSU,Kansas,1825.9686936108571,1705.528887123695,11,8
2024_3276_3292,0.6817178667982347,3292,3276,MTSU,Michigan,1825.9686936108571,1680.1913479376847,11,9
2024_3292_3350,0.5533025061597454,3292,3350,MTSU,Richmond,1825.9686936108571,1778.4365011097805,11,10
2024_3112_3292,0.74434756823091,3292,3112,MTSU,Arizona,1825.9686936108571,1663.5246475881788,11,11
2024_3120_3292,0.7349741726859931,3292,3120,MTSU,Auburn,1825.9686936108571,1670.9243359044353,11,11
2024_3162_3292,0.5921427123627667,3292,3162,MTSU,Columbia,1825.9686936108571,1784.2973369270142,11,12
2024_3292_3435,0.7786956711362424,3292,3435,MTSU,Vanderbilt,1825.9686936108571,1649.7364456557825,11,12
2024_3267_3292,0.7211518177108183,3292,3267,MTSU,Marshall,1825.9686936108571,1711.538083968918,11,13
2024_3238_3292,0.7613618422843081,3292,3238,MTSU,Jackson St,1825.9686936108571,1694.6207667651774,11,14
2024_3263_3292,0.8303365952649547,3292,3263,MTSU,Maine,1825.9686936108571,1644.585593286405,11,15
2024_3292_3394,0.8917487829467048,3292,3394,MTSU,TAM C. Christi,1825.9686936108571,1580.4352854776812,11,16
2024_3179_3339,0.7265665942237026,3179,3339,Drake,Portland,1793.7637493219408,1660.2154003231187,12,13
2024_3179_3349,0.810583651296212,3179,3349,Drake,Rice,1793.7637493219408,1602.7806164848662,12,14
2024_3179_3465,0.6445756097415127,3179,3465,Drake,Cal Baptist,1793.7637493219408,1748.2794249498818,12,15
2024_3179_3221,0.8766754157870108,3179,3221,Drake,Holy Cross,1793.7637493219408,1555.6375404933337,12,16
2024_3179_3404,0.9299779721598861,3179,3404,Drake,TN Martin,1793.7637493219408,1460.6304570200384,12,16
2024_3179_3425,0.278934292271558,3179,3425,Drake,USC,1793.7637493219408,1838.1292755662923,12,1
2024_3179_3326,0.26451744778930847,3179,3326,Drake,Ohio St,1793.7637493219408,1849.2050670726867,12,2
2024_3163_3179,0.1828524794708947,3179,3163,Drake,Connecticut,1793.7637493219408,1921.3336140603578,12,3
2024_3179_3439,0.26705404424838625,3179,3439,Drake,Virginia Tech,1793.7637493219408,1847.229227065635,12,4
2024_3124_3179,0.390671609189316,3179,3124,Drake,Baylor,1793.7637493219408,1761.3275962097346,12,5
2024_3179_3393,0.45586795242779526,3179,3393,Drake,Syracuse,1793.7637493219408,1730.6665843168998,12,6
2024_3179_3181,0.44443485199563915,3179,3181,Drake,Duke,1793.7637493219408,1752.688159118207,12,7
2024_3179_3242,0.5463049158672831,3179,3242,Drake,Kansas,1793.7637493219408,1705.528887123695,12,8
2024_3179_3276,0.6109067060969247,3179,3276,Drake,Michigan,1793.7637493219408,1680.1913479376847,12,9
2024_3179_3350,0.47588639288164347,3179,3350,Drake,Richmond,1793.7637493219408,1778.4365011097805,12,10
2024_3112_3179,0.6809490500810572,3179,3112,Drake,Arizona,1793.7637493219408,1663.5246475881788,12,11
2024_3120_3179,0.6702808345396526,3179,3120,Drake,Auburn,1793.7637493219408,1670.9243359044353,12,11
2024_3162_3179,0.5155644126536085,3179,3162,Drake,Columbia,1793.7637493219408,1784.2973369270142,12,12
2024_3179_3435,0.7206179526790925,3179,3435,Drake,Vanderbilt,1793.7637493219408,1649.7364456557825,12,12
2024_3179_3267,0.6546697313540486,3179,3267,Drake,Marshall,1793.7637493219408,1711.538083968918,12,13
2024_3179_3238,0.7004848490152285,3179,3238,Drake,Jackson St,1793.7637493219408,1694.6207667651774,12,14
2024_3179_3263,0.7820174563638742,3179,3263,Drake,Maine,1793.7637493219408,1644.585593286405,12,15
2024_3179_3394,0.8579269111412978,3179,3394,Drake,TAM C. Christi,1793.7637493219408,1580.4352854776812,12,16
2024_3339_3349,0.6169293346831441,3339,3349,Portland,Rice,1660.2154003231187,1602.7806164848662,13,14
2024_3339_3465,0.40564643234593056,3339,3465,Portland,Cal Baptist,1660.2154003231187,1748.2794249498818,13,15
2024_3221_3339,0.7279100951774734,3339,3221,Portland,Holy Cross,1660.2154003231187,1555.6375404933337,13,16
2024_3339_3404,0.8332834762055414,3339,3404,Portland,TN Martin,1660.2154003231187,1460.6304570200384,13,16
2024_3339_3425,0.13843568640985177,3339,3425,Portland,USC,1660.2154003231187,1838.1292755662923,13,1
2024_3326_3339,0.1299716525730788,3339,3326,Portland,Ohio St,1660.2154003231187,1849.2050670726867,13,2
2024_3163_3339,0.08504224519217173,3339,3163,Portland,Connecticut,1660.2154003231187,1921.3336140603578,13,3
2024_3339_3439,0.13144861437590222,3339,3439,Portland,Virginia Tech,1660.2154003231187,1847.229227065635,13,4
2024_3124_3339,0.2103063445967305,3339,3124,Portland,Baylor,1660.2154003231187,1761.3275962097346,13,5
2024_3339_3393,0.2457578572629958,3339,3393,Portland,Syracuse,1660.2154003231187,1730.6665843168998,13,6
2024_3181_3339,0.23139438387481734,3339,3181,Portland,Duke,1660.2154003231187,1752.688159118207,13,7
2024_3242_3339,0.3118423639025787,3339,3242,Portland,Kansas,1660.2154003231187,1705.528887123695,13,8
2024_3276_3339,0.3714160033838087,3339,3276,Portland,Michigan,1660.2154003231187,1680.1913479376847,13,9
2024_3339_3350,0.2546808443607327,3339,3350,Portland,Richmond,1660.2154003231187,1778.4365011097805,13,10
2024_3112_3339,0.44543434026504797,3339,3112,Portland,Arizona,1660.2154003231187,1663.5246475881788,13,11
2024_3120_3339,0.43344321015265497,3339,3120,Portland,Auburn,1660.2154003231187,1670.9243359044353,13,11
2024_3162_3339,0.28597894359174447,3339,3162,Portland,Columbia,1660.2154003231187,1784.2973369270142,13,12
2024_3339_3435,0.4925647684197881,3339,3435,Portland,Vanderbilt,1660.2154003231187,1649.7364456557825,13,12
2024_3267_3339,0.4163822753497354,3339,3267,Portland,Marshall,1660.2154003231187,1711.538083968918,13,13
2024_3238_3339,0.46812720050405954,3339,3238,Portland,Jackson St,1660.2154003231187,1694.6207667651774,13,14
2024_3263_3339,0.5744889726479236,3339,3263,Portland,Maine,1660.2154003231187,1644.585593286405,13,15
2024_3339_3394,0.6944284626367795,3339,3394,Portland,TAM C. Christi,1660.2154003231187,1580.4352854776812,13,16
2024_3349_3465,0.29764709323235683,3349,3465,Rice,Cal Baptist,1602.7806164848662,1748.2794249498818,14,15
2024_3221_3349,0.6242225770469512,3349,3221,Rice,Holy Cross,1602.7806164848662,1555.6375404933337,14,16
2024_3349_3404,0.7563080748912856,3349,3404,Rice,TN Martin,1602.7806164848662,1460.6304570200384,14,16
2024_3349_3425,0.09919540746434105,3349,3425,Rice,USC,1602.7806164848662,1838.1292755662923,14,1
2024_3326_3349,0.09287192815578527,3349,3326,Rice,Ohio St,1602.7806164848662,1849.2050670726867,14,2
2024_3163_3349,0.05988463973497585,3349,3163,Rice,Connecticut,1602.7806164848662,1921.3336140603578,14,3
2024_3349_3439,0.09397283554423648,3349,3439,Rice,Virginia Tech,1602.7806164848662,1847.229227065635,14,4
2024_3124_3349,0.15434349717676815,3349,3124,Rice,Baylor,1602.7806164848662,1761.3275962097346,14,5
2024_3349_3393,0.18254195829849806,3349,3393,Rice,Syracuse,1602.7806164848662,1730.6665843168998,14,6
2024_3181_3349,0.16190857384914328,3349,3181,Rice,Duke,1602.7806164848662,1752.688159118207,14,7
2024_3242_3349,0.21959036394130077,3349,3242,Rice,Kansas,1602.7806164848662,1705.528887123695,14,8
2024_3276_3349,0.26841444725362795,3349,3276,Rice,Michigan,1602.7806164848662,1680.1913479376847,14,9
2024_3349_3350,0.1750376922213658,3349,3350,Rice,Richmond,1602.7806164848662,1778.4365011097805,14,10
2024_3112_3349,0.3327728604411865,3349,3112,Rice,Arizona,1602.7806164848662,1663.5246475881788,14,11
2024_3120_3349,0.3220533139223694,3349,3120,Rice,Auburn,1602.7806164848662,1670.9243359044353,14,11
2024_3162_3349,0.19916372850271874,3349,3162,Rice,Columbia,1602.7806164848662,1784.2973369270142,14,12
2024_3349_3435,0.3760664234973879,3349,3435,Rice,Vanderbilt,1602.7806164848662,1649.7364456557825,14,12
2024_3267_3349,0.3070010262421636,3349,3267,Rice,Marshall,1602.7806164848662,1711.538083968918,14,13
2024_3238_3349,0.3533835449011311,3349,3238,Rice,Jackson St,1602.7806164848662,1694.6207667651774,14,14
2024_3263_3349,0.45602765081492036,3349,3263,Rice,Maine,1602.7806164848662,1644.585593286405,14,15
2024_3349_3394,0.585251710784002,3349,3394,Rice,TAM C. Christi,1602.7806164848662,1580.4352854776812,14,16
2024_3221_3465,0.796739189692913,3465,3221,Cal Baptist,Holy Cross,1748.2794249498818,1555.6375404933337,15,16
2024_3404_3465,0.8798564439603901,3465,3404,Cal Baptist,TN Martin,1748.2794249498818,1460.6304570200384,15,16
2024_3425_3465,0.22287555019097374,3465,3425,Cal Baptist,USC,1748.2794249498818,1838.1292755662923,15,1
2024_3326_3465,0.2105102445218559,3465,3326,Cal Baptist,Ohio St,1748.2794249498818,1849.2050670726867,15,2
2024_3163_3465,0.1422931665489347,3465,3163,Cal Baptist,Connecticut,1748.2794249498818,1921.3336140603578,15,3
2024_3439_3465,0.21267869916392268,3465,3439,Cal Baptist,Virginia Tech,1748.2794249498818,1847.229227065635,15,4
2024_3124_3465,0.3221905732454252,3465,3124,Cal Baptist,Baylor,1748.2794249498818,1761.3275962097346,15,5
2024_3393_3465,0.3677201655694431,3465,3393,Cal Baptist,Syracuse,1748.2794249498818,1730.6665843168998,15,6
2024_3181_3465,0.3347262225782912,3465,3181,Cal Baptist,Duke,1748.2794249498818,1752.688159118207,15,7
2024_3242_3465,0.40693908896185427,3465,3242,Cal Baptist,Kansas,1748.2794249498818,1705.528887123695,15,8
2024_3276_3465,0.46402365955192265,3465,3276,Cal Baptist,Michigan,1748.2794249498818,1680.1913479376847,15,9
2024_3350_3465,0.3336307946888803,3465,3350,Cal Baptist,Richmond,1748.2794249498818,1778.4365011097805,15,10
2024_3112_3465,0.5406245236170043,3465,3112,Cal Baptist,Arizona,1748.2794249498818,1663.5246475881788,15,11
2024_3120_3465,0.5285130098528957,3465,3120,Cal Baptist,Auburn,1748.2794249498818,1670.9243359044353,15,11
2024_3162_3465,0.3698170341338904,3465,3162,Cal Baptist,Columbia,1748.2794249498818,1784.2973369270142,15,12
2024_3435_3465,0.587162929418104,3465,3435,Cal Baptist,Vanderbilt,1748.2794249498818,1649.7364456557825,15,12
2024_3267_3465,0.5110856910344014,3465,3267,Cal Baptist,Marshall,1748.2794249498818,1711.538083968918,15,13
2024_3238_3465,0.56324151612642,3465,3238,Cal Baptist,Jackson St,1748.2794249498818,1694.6207667651774,15,14
2024_3263_3465,0.6642256320526194,3465,3263,Cal Baptist,Maine,1748.2794249498818,1644.585593286405,15,15
2024_3394_3465,0.7690398644773312,3465,3394,Cal Baptist,TAM C. Christi,1748.2794249498818,1580.4352854776812,15,16
2024_3221_3404,0.651362581938563,3221,3404,Holy Cross,TN Martin,1555.6375404933337,1460.6304570200384,16,16
2024_3221_3425,0.07472044303037184,3221,3425,Holy Cross,USC,1555.6375404933337,1838.1292755662923,16,1
2024_3221_3326,0.06983622785943742,3221,3326,Holy Cross,Ohio St,1555.6375404933337,1849.2050670726867,16,2
2024_3163_3221,0.044628478526351927,3221,3163,Holy Cross,Connecticut,1555.6375404933337,1921.3336140603578,16,3
2024_3221_3439,0.07068534706416614,3221,3439,Holy Cross,Virginia Tech,1555.6375404933337,1847.229227065635,16,4
2024_3124_3221,0.11804468140470863,3221,3124,Holy Cross,Baylor,1555.6375404933337,1761.3275962097346,16,5
2024_3221_3393,0.14071487960382573,3221,3393,Holy Cross,Syracuse,1555.6375404933337,1730.6665843168998,16,6
2024_3181_3221,0.12409166351719955,3221,3181,Holy Cross,Duke,1555.6375404933337,1752.688159118207,16,7
2024_3221_3242,0.16192303265353317,3221,3242,Holy Cross,Kansas,1555.6375404933337,1705.528887123695,16,8
2024_3221_3276,0.1858359091561932,3221,3276,Holy Cross,Michigan,1555.6375404933337,1680.1913479376847,16,9
2024_3221_3350,0.11326194859952843,3221,3350,Holy Cross,Richmond,1555.6375404933337,1778.4365011097805,16,10
2024_3112_3221,0.2309099311184202,3221,3112,Holy Cross,Arizona,1555.6375404933337,1663.5246475881788,16,11
2024_3120_3221,0.22237806393333934,3221,3120,Holy Cross,Auburn,1555.6375404933337,1670.9243359044353,16,11
2024_3162_3221,0.13021724877205612,3221,3162,Holy Cross,Columbia,1555.6375404933337,1784.2973369270142,16,12
2024_3221_3435,0.2662391643443773,3221,3435,Holy Cross,Vanderbilt,1555.6375404933337,1649.7364456557825,16,12
2024_3221_3267,0.21053768795575853,3221,3267,Holy Cross,Marshall,1555.6375404933337,1711.538083968918,16,13
2024_3221_3238,0.24755235807685852,3221,3238,Holy Cross,Jackson St,1555.6375404933337,1694.6207667651774,16,14
2024_3221_3263,0.33540145875418265,3221,3263,Holy Cross,Maine,1555.6375404933337,1644.585593286405,16,15
2024_3221_3394,0.4593052746992703,3221,3394,Holy Cross,TAM C. Christi,1555.6375404933337,1580.4352854776812,16,16
2024_3404_3425,0.04143242890042471,3404,3425,TN Martin,USC,1460.6304570200384,1838.1292755662923,16,1
2024_3326_3404,0.03863328384166006,3404,3326,TN Martin,Ohio St,1460.6304570200384,1849.2050670726867,16,2
2024_3163_3404,0.024393036813950796,3404,3163,TN Martin,Connecticut,1460.6304570200384,1921.3336140603578,16,3
2024_3404_3439,0.03911897069644827,3404,3439,TN Martin,Virginia Tech,1460.6304570200384,1847.229227065635,16,4
2024_3124_3404,0.06685015508395661,3404,3124,TN Martin,Baylor,1460.6304570200384,1761.3275962097346,16,5
2024_3393_3404,0.08058692723641227,3404,3393,TN Martin,Syracuse,1460.6304570200384,1730.6665843168998,16,6
2024_3181_3404,0.0704842208748315,3404,3181,TN Martin,Duke,1460.6304570200384,1752.688159118207,16,7
2024_3242_3404,0.09372117932573035,3404,3242,TN Martin,Kansas,1460.6304570200384,1705.528887123695,16,8
2024_3276_3404,0.10887038527414526,3404,3276,TN Martin,Michigan,1460.6304570200384,1680.1913479376847,16,9
2024_3350_3404,0.06399113814065567,3404,3350,TN Martin,Richmond,1460.6304570200384,1778.4365011097805,16,10
2024_3112_3404,0.13845113297744757,3404,3112,TN Martin,Arizona,1460.6304570200384,1663.5246475881788,16,11
2024_3120_3404,0.1327458674278363,3404,3120,TN Martin,Auburn,1460.6304570200384,1670.9243359044353,16,11
2024_3162_3404,0.0741876926955311,3404,3162,TN Martin,Columbia,1460.6304570200384,1784.2973369270142,16,12
2024_3404_3435,0.1626254029671111,3404,3435,TN Martin,Vanderbilt,1460.6304570200384,1649.7364456557825,16,12
2024_3267_3404,0.12491129619458335,3404,3267,TN Martin,Marshall,1460.6304570200384,1711.538083968918,16,13
2024_3238_3404,0.1497270696789187,3404,3238,TN Martin,Jackson St,1460.6304570200384,1694.6207667651774,16,14
2024_3263_3404,0.21267282312672728,3404,3263,TN Martin,Maine,1460.6304570200384,1644.585593286405,16,15
2024_3394_3404,0.31256093541487484,3404,3394,TN Martin,TAM C. Christi,1460.6304570200384,1580.4352854776812,16,16
2024_3326_3425,0.5064538015348073,3425,3326,USC,Ohio St,1838.1292755662923,1849.2050670726867,1,2
2024_3163_3425,0.4133772131496796,3425,3163,USC,Connecticut,1838.1292755662923,1921.3336140603578,1,3
2024_3425_3439,0.5587719978712375,3425,3439,USC,Virginia Tech,1838.1292755662923,1847.229227065635,1,4
2024_3124_3425,0.7109480392157557,3425,3124,USC,Baylor,1838.1292755662923,1761.3275962097346,1,5
2024_3393_3425,0.7685938363948734,3425,3393,USC,Syracuse,1838.1292755662923,1730.6665843168998,1,6
2024_3181_3425,0.7602762380522807,3425,3181,USC,Duke,1838.1292755662923,1752.688159118207,1,7
2024_3242_3425,0.822040668606154,3425,3242,USC,Kansas,1838.1292755662923,1705.528887123695,1,8
2024_3276_3425,0.8451327989996261,3425,3276,USC,Michigan,1838.1292755662923,1680.1913479376847,1,9
2024_3350_3425,0.740888015787108,3425,3350,USC,Richmond,1838.1292755662923,1778.4365011097805,1,10
2024_3112_3425,0.8589471706220841,3425,3112,USC,Arizona,1838.1292755662923,1663.5246475881788,1,11
2024_3120_3425,0.8529454195143016,3425,3120,USC,Auburn,1838.1292755662923,1670.9243359044353,1,11
2024_3162_3425,0.7334175867607297,3425,3162,USC,Columbia,1838.1292755662923,1784.2973369270142,1,12
2024_3425_3435,0.8695836995733175,3425,3435,USC,Vanderbilt,1838.1292755662923,1649.7364456557825,1,12
2024_3267_3425,0.8161835298183118,3425,3267,USC,Marshall,1838.1292755662923,1711.538083968918,1,13
2024_3238_3425,0.8322973532139564,3425,3238,USC,Jackson St,1838.1292755662923,1694.6207667651774,1,14
2024_3263_3425,0.8733788036388102,3425,3263,USC,Maine,1838.1292755662923,1644.585593286405,1,15
2024_3394_3425,0.9131884371204335,3425,3394,USC,TAM C. Christi,1838.1292755662923,1580.4352854776812,1,16
2024_3163_3326,0.4071310837016492,3326,3163,Ohio St,Connecticut,1849.2050670726867,1921.3336140603578,2,3
2024_3326_3439,0.5523976947078046,3326,3439,Ohio St,Virginia Tech,1849.2050670726867,1847.229227065635,2,4
2024_3124_3326,0.7056139427678803,3326,3124,Ohio St,Baylor,1849.2050670726867,1761.3275962097346,2,5
2024_3326_3393,0.7639703538868153,3326,3393,Ohio St,Syracuse,1849.2050670726867,1730.6665843168998,2,6
2024_3181_3326,0.755539427585438,3326,3181,Ohio St,Duke,1849.2050670726867,1752.688159118207,2,7
2024_3242_3326,0.823073666150544,3326,3242,Ohio St,Kansas,1849.2050670726867,1705.528887123695,2,8
2024_3276_3326,0.8544317239645718,3326,3276,Ohio St,Michigan,1849.2050670726867,1680.1913479376847,2,9
2024_3326_3350,0.754628970339757,3326,3350,Ohio St,Richmond,1849.2050670726867,1778.4365011097805,2,10
2024_3112_3326,0.8675466181848053,3326,3112,Ohio St,Arizona,1849.2050670726867,1663.5246475881788,2,11
2024_3120_3326,0.8618519209000215,3326,3120,Ohio St,Auburn,1849.2050670726867,1670.9243359044353,2,11
2024_3162_3326,0.7474196467511942,3326,3162,Ohio St,Columbia,1849.2050670726867,1784.2973369270142,2,12
2024_3326_3435,0.8776270652512651,3326,3435,Ohio St,Vanderbilt,1849.2050670726867,1649.7364456557825,2,12
2024_3267_3326,0.8268645995501894,3326,3267,Ohio St,Marshall,1849.2050670726867,1711.538083968918,2,13
2024_3238_3326,0.8422230954515741,3326,3238,Ohio St,Jackson St,1849.2050670726867,1694.6207667651774,2,14
2024_3263_3326,0.8812200793808588,3326,3263,Ohio St,Maine,1849.2050670726867,1644.585593286405,2,15
2024_3326_3394,0.9187936419237109,3326,3394,Ohio St,TAM C. Christi,1849.2050670726867,1580.4352854776812,2,16
2024_3163_3439,0.6424930593416747,3163,3439,Connecticut,Virginia Tech,1921.3336140603578,1847.229227065635,3,4
2024_3124_3163,0.7773023460998462,3163,3124,Connecticut,Baylor,1921.3336140603578,1761.3275962097346,3,5
2024_3163_3393,0.8249728951384645,3163,3393,Connecticut,Syracuse,1921.3336140603578,1730.6665843168998,3,6
2024_3163_3181,0.8182024427892944,3163,3181,Connecticut,Duke,1921.3336140603578,1752.688159118207,3,7
2024_3163_3242,0.8713726619285753,3163,3242,Connecticut,Kansas,1921.3336140603578,1705.528887123695,3,8
2024_3163_3276,0.8983042730372633,3163,3276,Connecticut,Michigan,1921.3336140603578,1680.1913479376847,3,9
2024_3163_3350,0.8317351816996359,3163,3350,Connecticut,Richmond,1921.3336140603578,1778.4365011097805,3,10
2024_3112_3163,0.9132483828891701,3163,3112,Connecticut,Arizona,1921.3336140603578,1663.5246475881788,3,11
2024_3120_3163,0.9093131901534695,3163,3120,Connecticut,Auburn,1921.3336140603578,1670.9243359044353,3,11
2024_3162_3163,0.8262697821661551,3163,3162,Connecticut,Columbia,1921.3336140603578,1784.2973369270142,3,12
2024_3163_3435,0.9201707196451516,3163,3435,Connecticut,Vanderbilt,1921.3336140603578,1649.7364456557825,3,12
2024_3163_3267,0.8847383654103825,3163,3267,Connecticut,Marshall,1921.3336140603578,1711.538083968918,3,13
2024_3163_3238,0.8956111283562519,3163,3238,Connecticut,Jackson St,1921.3336140603578,1694.6207667651774,3,14
2024_3163_3263,0.9226247304521844,3163,3263,Connecticut,Maine,1921.3336140603578,1644.585593286405,3,15
2024_3163_3394,0.9478755129943235,3163,3394,Connecticut,TAM C. Christi,1921.3336140603578,1580.4352854776812,3,16
2024_3124_3439,0.6601164314741074,3439,3124,Virginia Tech,Baylor,1847.229227065635,1761.3275962097346,4,5
2024_3393_3439,0.723963614590174,3439,3393,Virginia Tech,Syracuse,1847.229227065635,1730.6665843168998,4,6
2024_3181_3439,0.7146374365949043,3439,3181,Virginia Tech,Duke,1847.229227065635,1752.688159118207,4,7
2024_3242_3439,0.7903355375649769,3439,3242,Virginia Tech,Kansas,1847.229227065635,1705.528887123695,4,8
2024_3276_3439,0.8309425865651603,3439,3276,Virginia Tech,Michigan,1847.229227065635,1680.1913479376847,4,9
2024_3350_3439,0.7397496751015747,3439,3350,Virginia Tech,Richmond,1847.229227065635,1778.4365011097805,4,10
2024_3112_3439,0.8660457967807844,3439,3112,Virginia Tech,Arizona,1847.229227065635,1663.5246475881788,4,11
2024_3120_3439,0.860296964034633,3439,3120,Virginia Tech,Auburn,1847.229227065635,1670.9243359044353,4,11
2024_3162_3439,0.7449578263933535,3439,3162,Virginia Tech,Columbia,1847.229227065635,1784.2973369270142,4,12
2024_3435_3439,0.8762241685027159,3439,3435,Virginia Tech,Vanderbilt,1847.229227065635,1649.7364456557825,4,12
2024_3267_3439,0.8249958000095857,3439,3267,Virginia Tech,Marshall,1847.229227065635,1711.538083968918,4,13
2024_3238_3439,0.8404880929637625,3439,3238,Virginia Tech,Jackson St,1847.229227065635,1694.6207667651774,4,14
2024_3263_3439,0.8798527343268554,3439,3263,Virginia Tech,Maine,1847.229227065635,1644.585593286405,4,15
2024_3394_3439,0.9178184907630338,3439,3394,Virginia Tech,TAM C. Christi,1847.229227065635,1580.4352854776812,4,16
2024_3124_3393,0.57453915554186,3124,3393,Baylor,Syracuse,1761.3275962097346,1730.6665843168998,5,6
2024_3124_3181,0.5632104086192815,3124,3181,Baylor,Duke,1761.3275962097346,1752.688159118207,5,7
2024_3124_3242,0.659964498278329,3124,3242,Baylor,Kansas,1761.3275962097346,1705.528887123695,5,8
2024_3124_3276,0.7167727374237001,3124,3276,Baylor,Michigan,1761.3275962097346,1680.1913479376847,5,9
2024_3124_3350,0.5940792486430457,3124,3350,Baylor,Richmond,1761.3275962097346,1778.4365011097805,5,10
2024_3112_3124,0.7747833774160497,3124,3112,Baylor,Arizona,1761.3275962097346,1663.5246475881788,5,11
2024_3120_3124,0.7661753517019042,3124,3120,Baylor,Auburn,1761.3275962097346,1670.9243359044353,5,11
2024_3124_3162,0.624048464026593,3124,3162,Baylor,Columbia,1761.3275962097346,1784.2973369270142,5,12
2024_3124_3435,0.800914359860471,3124,3435,Baylor,Vanderbilt,1761.3275962097346,1649.7364456557825,5,12
2024_3124_3267,0.7281857865435416,3124,3267,Baylor,Marshall,1761.3275962097346,1711.538083968918,5,13
2024_3124_3238,0.7496475270383984,3124,3238,Baylor,Jackson St,1761.3275962097346,1694.6207667651774,5,14
2024_3124_3263,0.8062625345039731,3124,3263,Baylor,Maine,1761.3275962097346,1644.585593286405,5,15
2024_3124_3394,0.8638848682774103,3124,3394,Baylor,TAM C. Christi,1761.3275962097346,1580.4352854776812,5,16
2024_3181_3393,0.48845364349270487,3393,3181,Syracuse,Duke,1730.6665843168998,1752.688159118207,6,7
2024_3242_3393,0.5897037142457289,3393,3242,Syracuse,Kansas,1730.6665843168998,1705.528887123695,6,8
2024_3276_3393,0.6520616660238762,3393,3276,Syracuse,Michigan,1730.6665843168998,1680.1913479376847,6,9
2024_3350_3393,0.520104017858454,3393,3350,Syracuse,Richmond,1730.6665843168998,1778.4365011097805,6,10
2024_3112_3393,0.7181139685802657,3393,3112,Syracuse,Arizona,1730.6665843168998,1663.5246475881788,6,11
2024_3120_3393,0.7081558489384054,3393,3120,Syracuse,Auburn,1730.6665843168998,1670.9243359044353,6,11
2024_3162_3393,0.5595328901810268,3393,3162,Syracuse,Columbia,1730.6665843168998,1784.2973369270142,6,12
2024_3393_3435,0.7548257384932774,3393,3435,Syracuse,Vanderbilt,1730.6665843168998,1649.7364456557825,6,12
2024_3267_3393,0.686482232735473,3393,3267,Syracuse,Marshall,1730.6665843168998,1711.538083968918,6,13
2024_3238_3393,0.7099250790259289,3393,3238,Syracuse,Jackson St,1730.6665843168998,1694.6207667651774,6,14
2024_3263_3393,0.772800480295867,3393,3263,Syracuse,Maine,1730.6665843168998,1644.585593286405,6,15
2024_3393_3394,0.8383802374627565,3393,3394,Syracuse,TAM C. Christi,1730.6665843168998,1580.4352854776812,6,16
2024_3181_3242,0.6008323220134935,3181,3242,Duke,Kansas,1752.688159118207,1705.528887123695,7,8
2024_3181_3276,0.6624670113768016,3181,3276,Duke,Michigan,1752.688159118207,1680.1913479376847,7,9
2024_3181_3350,0.5316210138550209,3181,3350,Duke,Richmond,1752.688159118207,1778.4365011097805,7,10
2024_3112_3181,0.7273698722608101,3181,3112,Duke,Arizona,1752.688159118207,1663.5246475881788,7,11
2024_3120_3181,0.7176101522401753,3181,3120,Duke,Auburn,1752.688159118207,1670.9243359044353,7,11
2024_3162_3181,0.5708843464990258,3181,3162,Duke,Columbia,1752.688159118207,1784.2973369270142,7,12
2024_3181_3435,0.7632735664499345,3181,3435,Duke,Vanderbilt,1752.688159118207,1649.7364456557825,7,12
2024_3181_3267,0.7032478314890074,3181,3267,Duke,Marshall,1752.688159118207,1711.538083968918,7,13
2024_3181_3238,0.7388299504699546,3181,3238,Duke,Jackson St,1752.688159118207,1694.6207667651774,7,14
2024_3181_3263,0.797229563649219,3181,3263,Duke,Maine,1752.688159118207,1644.585593286405,7,15
2024_3181_3394,0.8570622297253531,3181,3394,Duke,TAM C. Christi,1752.688159118207,1580.4352854776812,7,16
2024_3242_3276,0.5659566791109492,3242,3276,Kansas,Michigan,1705.528887123695,1680.1913479376847,8,9
2024_3242_3350,0.42989458980310324,3242,3350,Kansas,Richmond,1705.528887123695,1778.4365011097805,8,10
2024_3112_3242,0.6393132631081542,3242,3112,Kansas,Arizona,1705.528887123695,1663.5246475881788,8,11
2024_3120_3242,0.628013378558725,3242,3120,Kansas,Auburn,1705.528887123695,1670.9243359044353,8,11
2024_3162_3242,0.46917062076439564,3242,3162,Kansas,Columbia,1705.528887123695,1784.2973369270142,8,12
2024_3242_3435,0.6817394150839293,3242,3435,Kansas,Vanderbilt,1705.528887123695,1649.7364456557825,8,12
2024_3242_3267,0.6115607952704227,3242,3267,Kansas,Marshall,1705.528887123695,1711.538083968918,8,13
2024_3238_3242,0.6601260101791462,3242,3238,Kansas,Jackson St,1705.528887123695,1694.6207667651774,8,14
2024_3242_3263,0.7424642323125707,3242,3263,Kansas,Maine,1705.528887123695,1644.585593286405,8,15
2024_3242_3394,0.8147007922441801,3242,3394,Kansas,TAM C. Christi,1705.528887123695,1580.4352854776812,8,16
2024_3276_3350,0.3664087713320742,3276,3350,Michigan,Richmond,1680.1913479376847,1778.4365011097805,9,10
2024_3112_3276,0.576155651518375,3276,3112,Michigan,Arizona,1680.1913479376847,1663.5246475881788,9,11
2024_3120_3276,0.5642258205199465,3276,3120,Michigan,Auburn,1680.1913479376847,1670.9243359044353,9,11
2024_3162_3276,0.4039948107942407,3276,3162,Michigan,Columbia,1680.1913479376847,1784.2973369270142,9,12
2024_3276_3435,0.6216138415607746,3276,3435,Michigan,Vanderbilt,1680.1913479376847,1649.7364456557825,9,12
2024_3267_3276,0.5469870734562554,3276,3267,Michigan,Marshall,1680.1913479376847,1711.538083968918,9,13
2024_3238_3276,0.5983230389246994,3276,3238,Michigan,Jackson St,1680.1913479376847,1694.6207667651774,9,14
2024_3263_3276,0.6955798440222531,3276,3263,Michigan,Maine,1680.1913479376847,1644.585593286405,9,15
2024_3276_3394,0.7882081230316436,3276,3394,Michigan,TAM C. Christi,1680.1913479376847,1580.4352854776812,9,16
2024_3112_3350,0.7015450239340227,3350,3112,Richmond,Arizona,1778.4365011097805,1663.5246475881788,10,11
2024_3120_3350,0.6912532334162156,3350,3120,Richmond,Auburn,1778.4365011097805,1670.9243359044353,10,11
2024_3162_3350,0.5396185421769306,3350,3162,Richmond,Columbia,1778.4365011097805,1784.2973369270142,10,12
2024_3350_3435,0.7396322857528566,3350,3435,Richmond,Vanderbilt,1778.4365011097805,1649.7364456557825,10,12
2024_3267_3350,0.6761553506856679,3350,3267,Richmond,Marshall,1778.4365011097805,1711.538083968918,10,13
2024_3238_3350,0.720337643563556,3350,3238,Richmond,Jackson St,1778.4365011097805,1694.6207667651774,10,14
2024_3263_3350,0.7980242575262766,3350,3263,Richmond,Maine,1778.4365011097805,1644.585593286405,10,15
2024_3350_3394,0.8692912419732579,3350,3394,Richmond,TAM C. Christi,1778.4365011097805,1580.4352854776812,10,16
2024_3112_3120,0.48783210862592397,3112,3120,Arizona,Auburn,1663.5246475881788,1670.9243359044353,11,11
2024_3112_3162,0.3327309998843655,3112,3162,Arizona,Columbia,1663.5246475881788,1784.2973369270142,11,12
2024_3112_3435,0.5472070373052601,3112,3435,Arizona,Vanderbilt,1663.5246475881788,1649.7364456557825,11,12
2024_3112_3267,0.47040786002787915,3112,3267,Arizona,Marshall,1663.5246475881788,1711.538083968918,11,13
2024_3112_3238,0.5228518322395989,3112,3238,Arizona,Jackson St,1663.5246475881788,1694.6207667651774,11,14
2024_3112_3263,0.6269900085384137,3112,3263,Arizona,Maine,1663.5246475881788,1644.585593286405,11,15
2024_3112_3394,0.7388578390099405,3112,3394,Arizona,TAM C. Christi,1663.5246475881788,1580.4352854776812,11,16
2024_3120_3162,0.3436258108141799,3120,3162,Auburn,Columbia,1670.9243359044353,1784.2973369270142,11,12
2024_3120_3435,0.5592388191746729,3120,3435,Auburn,Vanderbilt,1670.9243359044353,1649.7364456557825,11,12
2024_3120_3267,0.48255061913234826,3120,3267,Auburn,Marshall,1670.9243359044353,1711.538083968918,11,13
2024_3120_3238,0.5349808167442182,3120,3238,Auburn,Jackson St,1670.9243359044353,1694.6207667651774,11,14
2024_3120_3263,0.638303075912648,3120,3263,Auburn,Maine,1670.9243359044353,1644.585593286405,11,15
2024_3120_3394,0.7481409467268609,3120,3394,Auburn,TAM C. Christi,1670.9243359044353,1580.4352854776812,11,16
2024_3162_3435,0.7079092052725621,3162,3435,Columbia,Vanderbilt,1784.2973369270142,1649.7364456557825,12,12
2024_3162_3267,0.6404578397843368,3162,3267,Columbia,Marshall,1784.2973369270142,1711.538083968918,12,13
2024_3162_3238,0.6872577341589239,3162,3238,Columbia,Jackson St,1784.2973369270142,1694.6207667651774,12,14
2024_3162_3263,0.7712149667372066,3162,3263,Columbia,Maine,1784.2973369270142,1644.585593286405,12,15
2024_3162_3394,0.8501654769267608,3162,3394,Columbia,TAM C. Christi,1784.2973369270142,1580.4352854776812,12,16
2024_3267_3435,0.4236275787545672,3435,3267,Vanderbilt,Marshall,1649.7364456557825,1711.538083968918,12,13
2024_3238_3435,0.47553924508448486,3435,3238,Vanderbilt,Jackson St,1649.7364456557825,1694.6207667651774,12,14
2024_3263_3435,0.5817431129025004,3435,3263,Vanderbilt,Maine,1649.7364456557825,1644.585593286405,12,15
2024_3394_3435,0.7007031318529079,3435,3394,Vanderbilt,TAM C. Christi,1649.7364456557825,1580.4352854776812,12,16
2024_3238_3267,0.5523024971748767,3267,3238,Marshall,Jackson St,1711.538083968918,1694.6207667651774,13,14
2024_3263_3267,0.6542633202175578,3267,3263,Marshall,Maine,1711.538083968918,1644.585593286405,13,15
2024_3267_3394,0.761068715716784,3267,3394,Marshall,TAM C. Christi,1711.538083968918,1580.4352854776812,13,16
2024_3238_3263,0.6053611897595356,3238,3263,Jackson St,Maine,1694.6207667651774,1644.585593286405,14,15
2024_3238_3394,0.7208274104728627,3238,3394,Jackson St,TAM C. Christi,1694.6207667651774,1580.4352854776812,14,16
2024_3263_3394,0.627314988022438,3263,3394,Maine,TAM C. Christi,1644.585593286405,1580.4352854776812,15,16
